Encounter_ID,Patient_Name,Patient_Short_ID,Patient_Wallet,Patient_Age,Patient_Gender,Blood_Group,Attending_Physician,Physician_Wallet,NMC_Registration_No,Medical_Specialty,Hospital_Affiliation,Hospital_Wallet,Chief_Complaint_Diagnosis,ICD10_Diagnosis_Code,Clinical_Category,Severity_Tier,Blood_Pressure_mmHg,Heart_Rate_BPM,SpO2_Percentage,Blood_Glucose_mg_dL,Prescribed_Medication_Regimen,Prescription_Sensitivity,AI_Clinical_Safety_Check,FHIR_Resource_Bundle,Consent_Access_Scope,DPDP_Consent_Status,Break_Glass_Emergency_Invoked,Break_Glass_Clinical_Justification,Ephemeral_Key_TTL,Blockchain_Audit_Note,Encryption_Cipher,Vault_Transit_Key_Handle,IPFS_Encounter_CID,HCS_Topic_ID,HCS_Sequence_Number,HCS_Consensus_Timestamp,HCS_Running_Hash,Hedera_Gas_Fee_HBAR
ENC-00001,Nandini Banerjee,849201,0x9f730b48027282ead6ae72681214456e9b41ebd0,19,male,O+,Dr. Vikram Seth,0x15d34AAf54267DB7D7c367839AAf71A00a2C6A65,NMC-99014,Oncology,Max Super Speciality Cancer Institute,0x28B7eA94B34C8F52D19E50Eb14769Da20F5D54b4,Dengue fever [classical dengue],A90,Infectious Disease,High,100/68 mmHg,96,98%,102,"Oral Rehydration Salts 1L/day, Paracetamol 650mg SOS",Low,Passed - Safe pediatric/geriatric dosage tier verified,FHIR_R4_Bundle_A90_Condition_MedicationRequest,All Clinical Records & Diagnostic Evidence,Pending Patient Authorization,NO,N/A,N/A,Access request pending approval from patient wallet,AES-256-GCM,vault-transit-key-0x9f730b48,Qm77501aa063efb6b88a691475f04906769ab76c9395bf,0.0.4891024,4001,2026-09-13 11:46:42 UTC,0xd4a2767c08916b89e458559080ec1a826cc64323b0bb58c95413e1432197547a,0.0001
ENC-00002,Meera Bhatia,849202,0x88520753abb4a3974a16cc000b297f97167b1067,20,female,AB+,Dr. Vikram Seth,0x15d34AAf54267DB7D7c367839AAf71A00a2C6A65,NMC-99014,Oncology,Apex Diagnostic & Pathology Hub,0x04Fee3FD1B338d12FFD6dBD8d66dE1e8e0BB99cB,Gastro-esophageal reflux disease,K21.9,Gastroenterology,Low,120/80 mmHg,70,99%,98,"Pantoprazole 40mg QD pre-breakfast, Domperidone 30mg QD",Low,Advisory: Monitor Serum Potassium & Renal Function with ACEi/ARB,FHIR_R4_Bundle_K21.9_Condition_MedicationRequest,All Clinical Records & Diagnostic Evidence,Active On-Chain Consent (Granted by Patient),NO,N/A,N/A,Direct patient consent validated via ConsentManager.sol,AES-256-GCM,vault-transit-key-0x88520753,Qm362832688794045aec682a8124ddf5395d5a48949b40,0.0.4891024,4002,2026-09-13 11:46:44 UTC,0x975d56ce0a8cfe80019562a3e91718f0f7082b4874b579a967929a8a172f33de,0.0001
ENC-00003,Sanjay Kulkarni,849203,0xe07f872af3475d28233e5b0e1cca9832e2ccfb7f,21,male,A-,Dr. Ananya Roy,0x9965507D1a55bcC2695C58ba16FB37d819B0A4dc,NMC-51203,Hematology,Max Super Speciality Cancer Institute,0x28B7eA94B34C8F52D19E50Eb14769Da20F5D54b4,"Epilepsy, unspecified, without status epilepticus",G40.909,Neurology,High,118/74 mmHg,76,99%,95,"Levetiracetam 500mg BID, Clobazam 10mg QHS",Low,Advisory: Confirm Patient Creatinine Clearance prior to Metformin XR,FHIR_R4_Bundle_G40.909_Condition_MedicationRequest,All Clinical Records & Diagnostic Evidence,Pending Patient Authorization,NO,N/A,N/A,Access request pending approval from patient wallet,AES-256-GCM,vault-transit-key-0xe07f872a,Qm07d2c379178da03753167a2e41dfd104055843305d2b,0.0.4891024,4003,2026-09-13 11:46:46 UTC,0x384347a2da2cc1aca1d2b6d633feee4dda7d9a9802e96baf68ace4f0fdd56f82,0.0001
ENC-00004,Amit Joshi,849204,0x867b16892d11d82d49dfb1adc0706f4e5167e6c2,22,female,AB-,Dr. Rohan Patel,0x976EA74026E726554dB657fA54763abd0C3a0aa9,NMC-11029,Neurology,Max Super Speciality Cancer Institute,0x28B7eA94B34C8F52D19E50Eb14769Da20F5D54b4,"Epilepsy, unspecified, without status epilepticus",G40.909,Neurology,High,118/74 mmHg,76,99%,95,"Levetiracetam 500mg BID, Clobazam 10mg QHS",High,Advisory: Confirm Patient Creatinine Clearance prior to Metformin XR,FHIR_R4_Bundle_G40.909_Condition_MedicationRequest,All Clinical Records & Diagnostic Evidence,Active On-Chain Consent (Granted by Patient),NO,N/A,N/A,Direct patient consent validated via ConsentManager.sol,AES-256-GCM,vault-transit-key-0x867b1689,Qm127b2352ed90275d7e48b31e6b387ac52c28f33c25cf,0.0.4891024,4004,2026-09-13 11:46:49 UTC,0xa09ead9d22e3386a76f92ec861a7a337103287268fc871aa48dc39af4a8c02e4,0.0001
ENC-00005,Sanjay Saxena,849205,0xebf66c09cea6d6e59096c8128d2b57df71fb508d,23,male,B-,Dr. Sarah Jenkins,0x04Fee3FD1B338d12FFD6dBD8d66dE1e8e0BB99cB,NMC-48192,Cardiology,Apollo Multispecialty Hospital,0x155Af6ECaFb48861dA7d16Fb8Af2f6ce9d6DD779,Essential (primary) hypertension,I10,Cardiology,Moderate,148/92 mmHg,78,98%,110,"Amlodipine 5mg QD, Telmisartan 40mg QD",Low,Advisory: Monitor Serum Potassium & Renal Function with ACEi/ARB,FHIR_R4_Bundle_I10_Condition_MedicationRequest,All Clinical Records & Diagnostic Evidence,Pending Patient Authorization,NO,N/A,N/A,Access request pending approval from patient wallet,AES-256-GCM,vault-transit-key-0xebf66c09,Qmdb0f4695689ebf963c9ba61712121e704d5697e8e699,0.0.4891024,4005,2026-09-13 11:46:50 UTC,0xdd2374728ad20ce421fe4ec93c7b3b7a97a2bfa980811ca5020532f171333e9e,0.0001
ENC-00006,Gautam Chatterjee,849206,0x0724e218f66b13f5d9bac33de55ad9475a496c5d,24,female,AB-,Dr. Vikram Seth,0x15d34AAf54267DB7D7c367839AAf71A00a2C6A65,NMC-99014,Oncology,Max Super Speciality Cancer Institute,0x28B7eA94B34C8F52D19E50Eb14769Da20F5D54b4,Malignant neoplasm of female breast,C50.919,Oncology,Critical,122/76 mmHg,84,98%,105,"Tamoxifen 20mg QD, Trastuzumab 6mg/kg IV Q3W, Paclitaxel",Medium,Advisory: Monitor Serum Potassium & Renal Function with ACEi/ARB,FHIR_R4_Bundle_C50.919_Condition_MedicationRequest,All Clinical Records & Diagnostic Evidence,Active On-Chain Consent (Granted by Patient),NO,N/A,N/A,Direct patient consent validated via ConsentManager.sol,AES-256-GCM,vault-transit-key-0x0724e218,Qmde0a9ca5f494ed1972695986b9aac23cd7beb78ecb1f,0.0.4891024,4006,2026-09-13 11:46:53 UTC,0x8fe206aaa7d7b02319b7be880bb303565b46e2845d68d909b20e129a1c5f181c,0.0001
ENC-00007,Tanvi Malhotra,849207,0x2bb7455ef2c3c122a78e534666c42ea7824ca2c8,25,male,A+,Dr. Sarah Jenkins,0x04Fee3FD1B338d12FFD6dBD8d66dE1e8e0BB99cB,NMC-48192,Cardiology,Apex Diagnostic & Pathology Hub,0x04Fee3FD1B338d12FFD6dBD8d66dE1e8e0BB99cB,"Epilepsy, unspecified, without status epilepticus",G40.909,Neurology,High,118/74 mmHg,76,99%,95,"Levetiracetam 500mg BID, Clobazam 10mg QHS",Medium,Passed - Zero Drug-Drug Interaction Warning (Confidence 99.4%),FHIR_R4_Bundle_G40.909_Condition_MedicationRequest,All Clinical Records & Diagnostic Evidence,Active On-Chain Consent (Granted by Patient),NO,N/A,N/A,Direct patient consent validated via ConsentManager.sol,AES-256-GCM,vault-transit-key-0x2bb7455e,Qm7a8ed234ae47704ffd49ab9c4c776068f274f204420a,0.0.4891024,4007,2026-09-13 11:46:55 UTC,0xa5e0a9317bd7e8529fff7bd6ec7a942cd1012e1baa6b475ff6802c03c697c7d9,0.0001
ENC-00008,Madhav Kulkarni,849208,0x8a91a1a7256820c2716e61ee24a94268be63de1b,26,female,O+,Dr. Rajesh Sharma,0x3c44CdDdB6a900fa2b585dd299e03d12FA4293BC,NMC-78491,Gastroenterology,Fortis Memorial Neuro & Trauma Center,0x84f93618C1D541bB1Dcf1373A8eE500A7D439634,"Acute myocardial infarction, unspecified",I21.9,Cardiology,Emergency,95/60 mmHg,112,93%,165,"Ticagrelor 90mg BID, Aspirin 325mg, Atorvastatin 80mg, IV Heparin",High,Passed - Safe pediatric/geriatric dosage tier verified,FHIR_R4_Bundle_I21.9_Condition_MedicationRequest,All Clinical Records & Diagnostic Evidence,Break-Glass Emergency Invoked (Active Override),YES,"Acute Life-Threatening Presentation: Acute myocardial infarction, unspecified",60 Minutes (Auto-Expiring Ephemeral Key),Emergency access granted; immediate HCS compliance event broadcasted,AES-256-GCM,vault-transit-key-0x8a91a1a7,Qm220a3da18cd3f67a1c0e0b74df645cdbf7ee15ac769e,0.0.4891024,4008,2026-09-13 11:46:57 UTC,0x81357d6962ed231b547a29ab53ce6a059a58fcdb1dec24709214d0c3f0214d17,0.0001
ENC-00009,Kiran Pandey,849209,0xf5e1b0901f172b0228131030f14bb6695072a284,27,male,AB+,Dr. Rajesh Sharma,0x3c44CdDdB6a900fa2b585dd299e03d12FA4293BC,NMC-78491,Gastroenterology,Fortis Memorial Neuro & Trauma Center,0x84f93618C1D541bB1Dcf1373A8eE500A7D439634,Dengue fever [classical dengue],A90,Infectious Disease,High,100/68 mmHg,96,98%,102,"Oral Rehydration Salts 1L/day, Paracetamol 650mg SOS",Low,Advisory: Confirm Patient Creatinine Clearance prior to Metformin XR,FHIR_R4_Bundle_A90_Condition_MedicationRequest,All Clinical Records & Diagnostic Evidence,Active On-Chain Consent (Granted by Patient),NO,N/A,N/A,Direct patient consent validated via ConsentManager.sol,AES-256-GCM,vault-transit-key-0xf5e1b090,Qm32b8bb46d123537e44bc446397981fcf62990ea6b33b,0.0.4891024,4009,2026-09-13 11:46:59 UTC,0xc86ba2e6c5516adf288e95e832ce4b03c6a8de7db3c0bc2db69b5dbc56a23f47,0.0001
ENC-00010,Meera Kapoor,849210,0xfcac9bef9100ca87e06c8dca68f0e3121cb1117b,28,female,AB+,Dr. Sarah Jenkins,0x04Fee3FD1B338d12FFD6dBD8d66dE1e8e0BB99cB,NMC-48192,Cardiology,Apex Diagnostic & Pathology Hub,0x04Fee3FD1B338d12FFD6dBD8d66dE1e8e0BB99cB,Essential (primary) hypertension,I10,Cardiology,Moderate,148/92 mmHg,78,98%,110,"Amlodipine 5mg QD, Telmisartan 40mg QD",Low,Passed - Zero Drug-Drug Interaction Warning (Confidence 99.4%),FHIR_R4_Bundle_I10_Condition_MedicationRequest,All Clinical Records & Diagnostic Evidence,Active On-Chain Consent (Granted by Patient),NO,N/A,N/A,Direct patient consent validated via ConsentManager.sol,AES-256-GCM,vault-transit-key-0xfcac9bef,Qm9597d9f1af1b8b647991a6fec3e68d7dd03f51f3d775,0.0.4891024,4010,2026-09-13 11:47:01 UTC,0xfcfe7315edfd310e0121baa63a37097e8e47e7d4e8f0e38c737d6b4939b10783,0.0001
ENC-00011,Kavya Swaminathan,849211,0xd6187ba1307155ba278aed137ca118ddfaf2fc38,29,male,O+,Dr. Vikram Seth,0x15d34AAf54267DB7D7c367839AAf71A00a2C6A65,NMC-99014,Oncology,Care & Cure Pediatric & Maternity Hospital,0x937F51E09477BfD31E56c5e533038a8eEAc096b7,"Acute myocardial infarction, unspecified",I21.9,Cardiology,Emergency,95/60 mmHg,112,93%,165,"Ticagrelor 90mg BID, Aspirin 325mg, Atorvastatin 80mg, IV Heparin",Low,Passed - Safe pediatric/geriatric dosage tier verified,FHIR_R4_Bundle_I21.9_Condition_MedicationRequest,All Clinical Records & Diagnostic Evidence,Break-Glass Emergency Invoked (Active Override),YES,"Acute Life-Threatening Presentation: Acute myocardial infarction, unspecified",60 Minutes (Auto-Expiring Ephemeral Key),Emergency access granted; immediate HCS compliance event broadcasted,AES-256-GCM,vault-transit-key-0xd6187ba1,Qm9e0661dc866b79ba9b9b3e3dab6e70bf4aafbbc5f7c0,0.0.4891024,4011,2026-09-13 11:47:03 UTC,0x27ae48cf992524ae38eb02a4607c2212f87d2dc3beedbf945b0d24767e010a2e,0.0001
ENC-00012,Kiran Ghosh,849212,0xb6de4557ceab8b9dfba6049f1521519ac3c2759a,30,female,AB-,Dr. Rohan Patel,0x976EA74026E726554dB657fA54763abd0C3a0aa9,NMC-11029,Neurology,Fortis Memorial Neuro & Trauma Center,0x84f93618C1D541bB1Dcf1373A8eE500A7D439634,Unspecified intracranial injury / Concussion,S06.9X0A,Trauma & Emergency,Emergency,150/95 mmHg,64,97%,130,"Mannitol 20% 100mL IV, Phenytoin 100mg IV, Analgesics",Medium,Advisory: Monitor Serum Potassium & Renal Function with ACEi/ARB,FHIR_R4_Bundle_S06.9X0A_Condition_MedicationRequest,All Clinical Records & Diagnostic Evidence,Break-Glass Emergency Invoked (Active Override),YES,Acute Life-Threatening Presentation: Unspecified intracranial injury / Concussion,60 Minutes (Auto-Expiring Ephemeral Key),Emergency access granted; immediate HCS compliance event broadcasted,AES-256-GCM,vault-transit-key-0xb6de4557,Qmb398be1cf8a9dd7fa678084dc8ddd16adfae5f5ce49d,0.0.4891024,4012,2026-09-13 11:47:05 UTC,0x638adeb4f5f88b598979841d8c655c585a5559ca29014b36cae2e7ed8c731688,0.0001
ENC-00013,Varun Kulkarni,849213,0x81426ce535c7bc358d84254c268d6c0756ec62bc,31,male,B-,Dr. Sunita Narang,0xBcd4042DE499D14e55001CcbB24a551F3b954096,NMC-90812,Endocrinology & Internal Medicine,Apollo Multispecialty Hospital,0x155Af6ECaFb48861dA7d16Fb8Af2f6ce9d6DD779,"Acute myocardial infarction, unspecified",I21.9,Cardiology,Emergency,95/60 mmHg,112,93%,165,"Ticagrelor 90mg BID, Aspirin 325mg, Atorvastatin 80mg, IV Heparin",Low,Advisory: Confirm Patient Creatinine Clearance prior to Metformin XR,FHIR_R4_Bundle_I21.9_Condition_MedicationRequest,All Clinical Records & Diagnostic Evidence,Break-Glass Emergency Invoked (Active Override),YES,"Acute Life-Threatening Presentation: Acute myocardial infarction, unspecified",60 Minutes (Auto-Expiring Ephemeral Key),Emergency access granted; immediate HCS compliance event broadcasted,AES-256-GCM,vault-transit-key-0x81426ce5,Qmc60e6d068cc6d1e957878c03cea80578c91531d02765,0.0.4891024,4013,2026-09-13 11:47:07 UTC,0xcf9da62f0e10acb5679ca4c9fd772f024e1961a7e54aabc84b93038b47a5f2f9,0.0001
ENC-00014,Anand Rao,849214,0x30aac1c67c04c524d1c3a83a0db23af085be8ea2,32,female,O+,Dr. Rohan Patel,0x976EA74026E726554dB657fA54763abd0C3a0aa9,NMC-11029,Neurology,Apex Diagnostic & Pathology Hub,0x04Fee3FD1B338d12FFD6dBD8d66dE1e8e0BB99cB,Unspecified intracranial injury / Concussion,S06.9X0A,Trauma & Emergency,Emergency,150/95 mmHg,64,97%,130,"Mannitol 20% 100mL IV, Phenytoin 100mg IV, Analgesics",Medium,Advisory: Confirm Patient Creatinine Clearance prior to Metformin XR,FHIR_R4_Bundle_S06.9X0A_Condition_MedicationRequest,All Clinical Records & Diagnostic Evidence,Break-Glass Emergency Invoked (Active Override),YES,Acute Life-Threatening Presentation: Unspecified intracranial injury / Concussion,60 Minutes (Auto-Expiring Ephemeral Key),Emergency access granted; immediate HCS compliance event broadcasted,AES-256-GCM,vault-transit-key-0x30aac1c6,Qm2b287e759350e8264e173642e244ae0ed1c3644db5f8,0.0.4891024,4014,2026-09-13 11:47:09 UTC,0xf6b4770eaabcea74481c670896b3c098ab097c61d52cc35ab4ade97686cb07f6,0.0001
ENC-00015,Sanjay Patel,849215,0x54610f2d5c5d5b64e429b691ecbdc3437c6ff3d6,33,male,B+,Dr. Vikram Seth,0x15d34AAf54267DB7D7c367839AAf71A00a2C6A65,NMC-99014,Oncology,Apollo Multispecialty Hospital,0x155Af6ECaFb48861dA7d16Fb8Af2f6ce9d6DD779,Malignant neoplasm of female breast,C50.919,Oncology,Critical,122/76 mmHg,84,98%,105,"Tamoxifen 20mg QD, Trastuzumab 6mg/kg IV Q3W, Paclitaxel",High,Advisory: Confirm Patient Creatinine Clearance prior to Metformin XR,FHIR_R4_Bundle_C50.919_Condition_MedicationRequest,All Clinical Records & Diagnostic Evidence,Pending Patient Authorization,NO,N/A,N/A,Access request pending approval from patient wallet,AES-256-GCM,vault-transit-key-0x54610f2d,Qm194b5b4aae6e83ed7dcde7f94c249369830ab72830a1,0.0.4891024,4015,2026-09-13 11:47:12 UTC,0x45d80d9cdd3e9413320e929e08a500e3fd784cf692fd09d72323c613f0a569f9,0.0001
ENC-00016,Arjun Pandey,849216,0xa250883f0dc8e83e1a5b09325f5dfa959679c64d,34,female,A+,Dr. Rohan Patel,0x976EA74026E726554dB657fA54763abd0C3a0aa9,NMC-11029,Neurology,Care & Cure Pediatric & Maternity Hospital,0x937F51E09477BfD31E56c5e533038a8eEAc096b7,"Epilepsy, unspecified, without status epilepticus",G40.909,Neurology,High,118/74 mmHg,76,99%,95,"Levetiracetam 500mg BID, Clobazam 10mg QHS",Medium,Passed - Zero Drug-Drug Interaction Warning (Confidence 99.4%),FHIR_R4_Bundle_G40.909_Condition_MedicationRequest,All Clinical Records & Diagnostic Evidence,Active On-Chain Consent (Granted by Patient),NO,N/A,N/A,Direct patient consent validated via ConsentManager.sol,AES-256-GCM,vault-transit-key-0xa250883f,Qma9fead0f93bd7af7ab4362084f35af1c14a2be72ed4d,0.0.4891024,4016,2026-09-13 11:47:14 UTC,0xc2d34294ce641227fc7763dcfad6e0ab99c1e015dc0a6ab84050c90c9259f5eb,0.0001
ENC-00017,Rahul Iyer,849217,0x6397c70d4fc106cd3255d7bd9b89ec5ac2433c88,35,male,A-,Dr. Sunita Narang,0xBcd4042DE499D14e55001CcbB24a551F3b954096,NMC-90812,Endocrinology & Internal Medicine,Apollo Multispecialty Hospital,0x155Af6ECaFb48861dA7d16Fb8Af2f6ce9d6DD779,Type 2 diabetes mellitus without complications,E11.9,Endocrinology,Moderate,130/82 mmHg,72,99%,142,"Metformin 500mg BID, Dapagliflozin 10mg QD",High,Advisory: Confirm Patient Creatinine Clearance prior to Metformin XR,FHIR_R4_Bundle_E11.9_Condition_MedicationRequest,All Clinical Records & Diagnostic Evidence,Active On-Chain Consent (Granted by Patient),NO,N/A,N/A,Direct patient consent validated via ConsentManager.sol,AES-256-GCM,vault-transit-key-0x6397c70d,Qm62d077503c3549ff4fc7c44a26ced682365749ccbd3b,0.0.4891024,4017,2026-09-13 11:47:16 UTC,0xbbc9f7116835b337cec50afe6c4834be9d3cf058ae2ccfac757e67713fd26c3b,0.0001
ENC-00018,Arjun Rao,849218,0x4e58e82a424083aacd60d751ce276269299621b8,36,female,AB-,Dr. Sarah Jenkins,0x04Fee3FD1B338d12FFD6dBD8d66dE1e8e0BB99cB,NMC-48192,Cardiology,Apex Diagnostic & Pathology Hub,0x04Fee3FD1B338d12FFD6dBD8d66dE1e8e0BB99cB,Essential (primary) hypertension,I10,Cardiology,Moderate,148/92 mmHg,78,98%,110,"Amlodipine 5mg QD, Telmisartan 40mg QD",High,Passed - Zero Drug-Drug Interaction Warning (Confidence 99.4%),FHIR_R4_Bundle_I10_Condition_MedicationRequest,All Clinical Records & Diagnostic Evidence,Active On-Chain Consent (Granted by Patient),NO,N/A,N/A,Direct patient consent validated via ConsentManager.sol,AES-256-GCM,vault-transit-key-0x4e58e82a,Qm0249877970bd8de4c4ee04a361ed4fe92d7d6f2724d4,0.0.4891024,4018,2026-09-13 11:47:18 UTC,0xabe935d8ae1f8a52777c942e3c7f54152769686bab3d027f8e09889292d9a051,0.0001
ENC-00019,Nandini Malhotra,849219,0x026912f1ea1bc964624dbec7f6babe21daf7385b,37,male,A+,Dr. Rohan Patel,0x976EA74026E726554dB657fA54763abd0C3a0aa9,NMC-11029,Neurology,Care & Cure Pediatric & Maternity Hospital,0x937F51E09477BfD31E56c5e533038a8eEAc096b7,Type 2 diabetes mellitus without complications,E11.9,Endocrinology,Moderate,130/82 mmHg,72,99%,142,"Metformin 500mg BID, Dapagliflozin 10mg QD",Low,Passed - Zero Drug-Drug Interaction Warning (Confidence 99.4%),FHIR_R4_Bundle_E11.9_Condition_MedicationRequest,All Clinical Records & Diagnostic Evidence,Active On-Chain Consent (Granted by Patient),NO,N/A,N/A,Direct patient consent validated via ConsentManager.sol,AES-256-GCM,vault-transit-key-0x026912f1,Qmccf014fcbf9d6117f18be2d8b8fc8f81a4fee991a6f6,0.0.4891024,4019,2026-09-13 11:47:20 UTC,0xf92d3fae7a5efd6dc42a7c898b6951e1b53e9f9c87f5b1583babdf5a1b001e95,0.0001
ENC-00020,Anand Mishra,849220,0xdeba52ed857d567b40c1b2e0950c48d7e8c1c234,38,female,AB+,Dr. Preeti Deshmukh,0x23618e81E3f5cdF7f54C3d65f7FBc0aBf5B21E8f,NMC-82194,Obstetrics & Pediatrics,Fortis Memorial Neuro & Trauma Center,0x84f93618C1D541bB1Dcf1373A8eE500A7D439634,Gastro-esophageal reflux disease,K21.9,Gastroenterology,Low,120/80 mmHg,70,99%,98,"Pantoprazole 40mg QD pre-breakfast, Domperidone 30mg QD",Low,Advisory: Monitor Serum Potassium & Renal Function with ACEi/ARB,FHIR_R4_Bundle_K21.9_Condition_MedicationRequest,All Clinical Records & Diagnostic Evidence,Active On-Chain Consent (Granted by Patient),NO,N/A,N/A,Direct patient consent validated via ConsentManager.sol,AES-256-GCM,vault-transit-key-0xdeba52ed,Qmf40ce3263e760a11d46f71135cebfb3b2b148fd321e3,0.0.4891024,4020,2026-09-13 11:47:22 UTC,0x03b86c7d371d2b8b1cb536e403e98643f53e8f0a47a12ea494551f09343075cf,0.0001
ENC-00021,Aditi Gowda,849221,0x5fee3375bf9712685034db31bebb770459e35351,39,male,AB+,Dr. Rohan Patel,0x976EA74026E726554dB657fA54763abd0C3a0aa9,NMC-11029,Neurology,Apex Diagnostic & Pathology Hub,0x04Fee3FD1B338d12FFD6dBD8d66dE1e8e0BB99cB,Gastro-esophageal reflux disease,K21.9,Gastroenterology,Low,120/80 mmHg,70,99%,98,"Pantoprazole 40mg QD pre-breakfast, Domperidone 30mg QD",Medium,Passed - Zero Drug-Drug Interaction Warning (Confidence 99.4%),FHIR_R4_Bundle_K21.9_Condition_MedicationRequest,All Clinical Records & Diagnostic Evidence,Active On-Chain Consent (Granted by Patient),NO,N/A,N/A,Direct patient consent validated via ConsentManager.sol,AES-256-GCM,vault-transit-key-0x5fee3375,Qm1c3797c1507e6d9005b8523b427ec7220d4123f897e8,0.0.4891024,4021,2026-09-13 11:47:24 UTC,0xd055cdc8df69c05ad1d62d556c21932fb499b6085a3755cbe5dbac95bcd0dfdc,0.0001
ENC-00022,Arjun Joshi,849222,0x43e454ce22e4575b8bf84bac091e2a90a2e1f476,40,female,B-,Dr. Preeti Deshmukh,0x23618e81E3f5cdF7f54C3d65f7FBc0aBf5B21E8f,NMC-82194,Obstetrics & Pediatrics,Max Super Speciality Cancer Institute,0x28B7eA94B34C8F52D19E50Eb14769Da20F5D54b4,Gastro-esophageal reflux disease,K21.9,Gastroenterology,Low,120/80 mmHg,70,99%,98,"Pantoprazole 40mg QD pre-breakfast, Domperidone 30mg QD",Medium,Advisory: Monitor Serum Potassium & Renal Function with ACEi/ARB,FHIR_R4_Bundle_K21.9_Condition_MedicationRequest,All Clinical Records & Diagnostic Evidence,Active On-Chain Consent (Granted by Patient),NO,N/A,N/A,Direct patient consent validated via ConsentManager.sol,AES-256-GCM,vault-transit-key-0x43e454ce,Qmd8ca0546870ade14e9334b3eeec73504f529b8c678e1,0.0.4891024,4022,2026-09-13 11:47:26 UTC,0xd15d7daee136f35ba63fd43f35c8b29453c7a178f32f90f5293ccf90fda87375,0.0001
ENC-00023,Ishaan Swaminathan,849223,0xf261965b9592a3ca2214dd1391e31dd78038dd7b,41,male,A-,Dr. Vikram Seth,0x15d34AAf54267DB7D7c367839AAf71A00a2C6A65,NMC-99014,Oncology,Max Super Speciality Cancer Institute,0x28B7eA94B34C8F52D19E50Eb14769Da20F5D54b4,Unspecified intracranial injury / Concussion,S06.9X0A,Trauma & Emergency,Emergency,150/95 mmHg,64,97%,130,"Mannitol 20% 100mL IV, Phenytoin 100mg IV, Analgesics",Low,Passed - Zero Drug-Drug Interaction Warning (Confidence 99.4%),FHIR_R4_Bundle_S06.9X0A_Condition_MedicationRequest,All Clinical Records & Diagnostic Evidence,Break-Glass Emergency Invoked (Active Override),YES,Acute Life-Threatening Presentation: Unspecified intracranial injury / Concussion,60 Minutes (Auto-Expiring Ephemeral Key),Emergency access granted; immediate HCS compliance event broadcasted,AES-256-GCM,vault-transit-key-0xf261965b,Qm4a5ad99f53295d4ca8656c41cb2e2fc3ca4583561f22,0.0.4891024,4023,2026-09-13 11:47:28 UTC,0xdc38695dde35992aae24c879267cc243598ff3e32187998b67974a523001a969,0.0001
ENC-00024,Divya Saxena,849224,0x6f710e3512d918c90d7a34677902459b3b43f2e2,42,female,O+,Dr. Rajesh Sharma,0x3c44CdDdB6a900fa2b585dd299e03d12FA4293BC,NMC-78491,Gastroenterology,Care & Cure Pediatric & Maternity Hospital,0x937F51E09477BfD31E56c5e533038a8eEAc096b7,Essential (primary) hypertension,I10,Cardiology,Moderate,148/92 mmHg,78,98%,110,"Amlodipine 5mg QD, Telmisartan 40mg QD",Low,Passed - Zero Drug-Drug Interaction Warning (Confidence 99.4%),FHIR_R4_Bundle_I10_Condition_MedicationRequest,All Clinical Records & Diagnostic Evidence,Pending Patient Authorization,NO,N/A,N/A,Access request pending approval from patient wallet,AES-256-GCM,vault-transit-key-0x6f710e35,Qm0eb34e5d8bf828ebaaac56259c486c55ce511cf3dad9,0.0.4891024,4024,2026-09-13 11:47:31 UTC,0xfd63aa6a63bea5167de0c35d034a05caa2c14c07f16733226df2fd25a8d0ae02,0.0001
ENC-00025,Arjun Patel,849225,0x77b102d5276641232c265ed16a48d02cf2a77968,43,male,O+,Dr. Rajesh Sharma,0x3c44CdDdB6a900fa2b585dd299e03d12FA4293BC,NMC-78491,Gastroenterology,Care & Cure Pediatric & Maternity Hospital,0x937F51E09477BfD31E56c5e533038a8eEAc096b7,Type 2 diabetes mellitus without complications,E11.9,Endocrinology,Moderate,130/82 mmHg,72,99%,142,"Metformin 500mg BID, Dapagliflozin 10mg QD",High,Advisory: Confirm Patient Creatinine Clearance prior to Metformin XR,FHIR_R4_Bundle_E11.9_Condition_MedicationRequest,All Clinical Records & Diagnostic Evidence,Active On-Chain Consent (Granted by Patient),NO,N/A,N/A,Direct patient consent validated via ConsentManager.sol,AES-256-GCM,vault-transit-key-0x77b102d5,Qm64540c4606874fa6af1edc260213b32f7b1b6693053c,0.0.4891024,4025,2026-09-13 11:47:32 UTC,0x75fa452cc1fd237cb1cc3fae186615e0fabc6127a21f6cf0275e2d3855bb4db4,0.0001
ENC-00026,Priyanka Choudhury,849226,0x9e361feb1c86040b4d7035feea37a663b23e0c7e,44,female,B+,Dr. Rohan Patel,0x976EA74026E726554dB657fA54763abd0C3a0aa9,NMC-11029,Neurology,Care & Cure Pediatric & Maternity Hospital,0x937F51E09477BfD31E56c5e533038a8eEAc096b7,Dengue fever [classical dengue],A90,Infectious Disease,High,100/68 mmHg,96,98%,102,"Oral Rehydration Salts 1L/day, Paracetamol 650mg SOS",Medium,Passed - Zero Drug-Drug Interaction Warning (Confidence 99.4%),FHIR_R4_Bundle_A90_Condition_MedicationRequest,All Clinical Records & Diagnostic Evidence,Active On-Chain Consent (Granted by Patient),NO,N/A,N/A,Direct patient consent validated via ConsentManager.sol,AES-256-GCM,vault-transit-key-0x9e361feb,Qm864a5e399d81059c1df893cfbc9a4500424c5cf338ac,0.0.4891024,4026,2026-09-13 11:47:34 UTC,0x4901a7cf88f94a3d21ef99f56fc3d342ba6b83f89211e59d16767955fdb4622d,0.0001
ENC-00027,Geeta Iyer,849227,0xc6e8b62b2c9e45caf8192869f11272b06d7022ea,45,male,AB-,Dr. Preeti Deshmukh,0x23618e81E3f5cdF7f54C3d65f7FBc0aBf5B21E8f,NMC-82194,Obstetrics & Pediatrics,Fortis Memorial Neuro & Trauma Center,0x84f93618C1D541bB1Dcf1373A8eE500A7D439634,Malignant neoplasm of female breast,C50.919,Oncology,Critical,122/76 mmHg,84,98%,105,"Tamoxifen 20mg QD, Trastuzumab 6mg/kg IV Q3W, Paclitaxel",High,Advisory: Confirm Patient Creatinine Clearance prior to Metformin XR,FHIR_R4_Bundle_C50.919_Condition_MedicationRequest,All Clinical Records & Diagnostic Evidence,Active On-Chain Consent (Granted by Patient),NO,N/A,N/A,Direct patient consent validated via ConsentManager.sol,AES-256-GCM,vault-transit-key-0xc6e8b62b,Qma35224c0eefd06e058ff05ab22f382bfba28f4f41720,0.0.4891024,4027,2026-09-13 11:47:37 UTC,0xd1bfbd59331cbc7733323f7634af857bcf08c996c6119cfe545bfb381c0e3353,0.0001
ENC-00028,Riya Mukherjee,849228,0x03820a31b2d2417a73e16a4506389d1766eec6a7,46,female,AB+,Dr. Rohan Patel,0x976EA74026E726554dB657fA54763abd0C3a0aa9,NMC-11029,Neurology,Fortis Memorial Neuro & Trauma Center,0x84f93618C1D541bB1Dcf1373A8eE500A7D439634,Unspecified intracranial injury / Concussion,S06.9X0A,Trauma & Emergency,Emergency,150/95 mmHg,64,97%,130,"Mannitol 20% 100mL IV, Phenytoin 100mg IV, Analgesics",Medium,Passed - Zero Drug-Drug Interaction Warning (Confidence 99.4%),FHIR_R4_Bundle_S06.9X0A_Condition_MedicationRequest,All Clinical Records & Diagnostic Evidence,Break-Glass Emergency Invoked (Active Override),YES,Acute Life-Threatening Presentation: Unspecified intracranial injury / Concussion,60 Minutes (Auto-Expiring Ephemeral Key),Emergency access granted; immediate HCS compliance event broadcasted,AES-256-GCM,vault-transit-key-0x03820a31,Qm1ecd080c688a0bccc8a951bf35456e892f37b31c3a62,0.0.4891024,4028,2026-09-13 11:47:38 UTC,0x171308e2bed0be90efcb9c576e9dd9c60814e3553eea0937e7b3fcad9162c7aa,0.0001
ENC-00029,Tanvi Pillai,849229,0x78977f9e2de1c68f9dade5f02efa6b8b458a23ed,47,male,AB-,Dr. Vikram Seth,0x15d34AAf54267DB7D7c367839AAf71A00a2C6A65,NMC-99014,Oncology,Apollo Multispecialty Hospital,0x155Af6ECaFb48861dA7d16Fb8Af2f6ce9d6DD779,Malignant neoplasm of female breast,C50.919,Oncology,Critical,122/76 mmHg,84,98%,105,"Tamoxifen 20mg QD, Trastuzumab 6mg/kg IV Q3W, Paclitaxel",High,Advisory: Monitor Serum Potassium & Renal Function with ACEi/ARB,FHIR_R4_Bundle_C50.919_Condition_MedicationRequest,All Clinical Records & Diagnostic Evidence,Pending Patient Authorization,NO,N/A,N/A,Access request pending approval from patient wallet,AES-256-GCM,vault-transit-key-0x78977f9e,Qm92e8d9948461aff7f371801a4c35c5ca923fa3c516eb,0.0.4891024,4029,2026-09-13 11:47:41 UTC,0x74cdf2f53890d3d96570e211b88905033acf8b633ac98079fb7b009b5282aa80,0.0001
ENC-00030,Harish Iyer,849230,0x1171503581289573289a725f08b711b75e8adbfd,48,female,A+,Dr. Vikram Seth,0x15d34AAf54267DB7D7c367839AAf71A00a2C6A65,NMC-99014,Oncology,Max Super Speciality Cancer Institute,0x28B7eA94B34C8F52D19E50Eb14769Da20F5D54b4,Essential (primary) hypertension,I10,Cardiology,Moderate,148/92 mmHg,78,98%,110,"Amlodipine 5mg QD, Telmisartan 40mg QD",Medium,Passed - Safe pediatric/geriatric dosage tier verified,FHIR_R4_Bundle_I10_Condition_MedicationRequest,All Clinical Records & Diagnostic Evidence,Pending Patient Authorization,NO,N/A,N/A,Access request pending approval from patient wallet,AES-256-GCM,vault-transit-key-0x11715035,Qm892327cd63c1fc973a20e03580f5d01282ce4b94a011,0.0.4891024,4030,2026-09-13 11:47:43 UTC,0x87544bde8f7425764cb40960bc8354c421dcecb8d8b59e6b3ad3836770d04acb,0.0001
ENC-00031,Ishaan Sharma,849231,0x2914ff2cb0224a08afcc9d367eb8c98ee0bda754,49,male,AB-,Dr. Sunita Narang,0xBcd4042DE499D14e55001CcbB24a551F3b954096,NMC-90812,Endocrinology & Internal Medicine,Apollo Multispecialty Hospital,0x155Af6ECaFb48861dA7d16Fb8Af2f6ce9d6DD779,"Epilepsy, unspecified, without status epilepticus",G40.909,Neurology,High,118/74 mmHg,76,99%,95,"Levetiracetam 500mg BID, Clobazam 10mg QHS",Low,Passed - Safe pediatric/geriatric dosage tier verified,FHIR_R4_Bundle_G40.909_Condition_MedicationRequest,All Clinical Records & Diagnostic Evidence,Active On-Chain Consent (Granted by Patient),NO,N/A,N/A,Direct patient consent validated via ConsentManager.sol,AES-256-GCM,vault-transit-key-0x2914ff2c,Qm8402d411b95ee113c948fa07ce4d23635bdf190bdf32,0.0.4891024,4031,2026-09-13 11:47:45 UTC,0xcc7c95139f6174b5e475225fed55dc87d6c8e83afa00571789aff85a7aa21996,0.0001
ENC-00032,Arjun Deshmukh,849232,0xd2fd8d2ec6270c8cd6a451ab7f6c1ca544149dcd,50,female,B-,Dr. Ananya Roy,0x9965507D1a55bcC2695C58ba16FB37d819B0A4dc,NMC-51203,Hematology,Apollo Multispecialty Hospital,0x155Af6ECaFb48861dA7d16Fb8Af2f6ce9d6DD779,Gastro-esophageal reflux disease,K21.9,Gastroenterology,Low,120/80 mmHg,70,99%,98,"Pantoprazole 40mg QD pre-breakfast, Domperidone 30mg QD",Low,Passed - Zero Drug-Drug Interaction Warning (Confidence 99.4%),FHIR_R4_Bundle_K21.9_Condition_MedicationRequest,All Clinical Records & Diagnostic Evidence,Active On-Chain Consent (Granted by Patient),NO,N/A,N/A,Direct patient consent validated via ConsentManager.sol,AES-256-GCM,vault-transit-key-0xd2fd8d2e,Qm6750da53b7ddf794659e93c0ef8025d5bee0379d5557,0.0.4891024,4032,2026-09-13 11:47:47 UTC,0x49418f0e39b0716f447ffdaa7f0a8cea9bd5f0589f0ea35d48fb09636620f667,0.0001
ENC-00033,Siddharth Nair,849233,0x848e8adad0b1b9be2a15389d393120563237b59b,51,male,B-,Dr. Rohan Patel,0x976EA74026E726554dB657fA54763abd0C3a0aa9,NMC-11029,Neurology,Apollo Multispecialty Hospital,0x155Af6ECaFb48861dA7d16Fb8Af2f6ce9d6DD779,"Epilepsy, unspecified, without status epilepticus",G40.909,Neurology,High,118/74 mmHg,76,99%,95,"Levetiracetam 500mg BID, Clobazam 10mg QHS",High,Advisory: Confirm Patient Creatinine Clearance prior to Metformin XR,FHIR_R4_Bundle_G40.909_Condition_MedicationRequest,All Clinical Records & Diagnostic Evidence,Active On-Chain Consent (Granted by Patient),NO,N/A,N/A,Direct patient consent validated via ConsentManager.sol,AES-256-GCM,vault-transit-key-0x848e8ada,Qm046181ecda669e09784130f0f0e68c35a49d29059f46,0.0.4891024,4033,2026-09-13 11:47:49 UTC,0x98dbad6d744162dec181f0b6cbcc9c58f9a247892242ccdbcdf60d7886b6038a,0.0001
ENC-00034,Sameer Malhotra,849234,0xbdef0daf65c9890c61980feb062b290172f65067,52,female,O-,Dr. Sunita Narang,0xBcd4042DE499D14e55001CcbB24a551F3b954096,NMC-90812,Endocrinology & Internal Medicine,Apex Diagnostic & Pathology Hub,0x04Fee3FD1B338d12FFD6dBD8d66dE1e8e0BB99cB,Malignant neoplasm of female breast,C50.919,Oncology,Critical,122/76 mmHg,84,98%,105,"Tamoxifen 20mg QD, Trastuzumab 6mg/kg IV Q3W, Paclitaxel",High,Advisory: Confirm Patient Creatinine Clearance prior to Metformin XR,FHIR_R4_Bundle_C50.919_Condition_MedicationRequest,All Clinical Records & Diagnostic Evidence,Pending Patient Authorization,NO,N/A,N/A,Access request pending approval from patient wallet,AES-256-GCM,vault-transit-key-0xbdef0daf,Qmffd3cd37573d18db1f92d22ebd74d4d7059ec66a5afe,0.0.4891024,4034,2026-09-13 11:47:52 UTC,0x32df472ae0335c1306d11b593203e6b29c6e61d44eaaacf2bd67af3f851e25ee,0.0001
ENC-00035,Varun Mukherjee,849235,0x5f51e6fde3d58057dba4fe1cbd121291a635f890,53,male,B-,Dr. Sunita Narang,0xBcd4042DE499D14e55001CcbB24a551F3b954096,NMC-90812,Endocrinology & Internal Medicine,Apollo Multispecialty Hospital,0x155Af6ECaFb48861dA7d16Fb8Af2f6ce9d6DD779,"Acute myocardial infarction, unspecified",I21.9,Cardiology,Emergency,95/60 mmHg,112,93%,165,"Ticagrelor 90mg BID, Aspirin 325mg, Atorvastatin 80mg, IV Heparin",Medium,Advisory: Confirm Patient Creatinine Clearance prior to Metformin XR,FHIR_R4_Bundle_I21.9_Condition_MedicationRequest,All Clinical Records & Diagnostic Evidence,Break-Glass Emergency Invoked (Active Override),YES,"Acute Life-Threatening Presentation: Acute myocardial infarction, unspecified",60 Minutes (Auto-Expiring Ephemeral Key),Emergency access granted; immediate HCS compliance event broadcasted,AES-256-GCM,vault-transit-key-0x5f51e6fd,Qm7a6db06fe051ac4ca06a725f72457ae17a973087f075,0.0.4891024,4035,2026-09-13 11:47:54 UTC,0x6a14cac220877b9633a767c1b908b3d86bcb128d902d32157ff12842a21cc193,0.0001
ENC-00036,Varun Saxena,849236,0x2fd9590c8ef8c427adca6e940b8825d180b11312,54,female,O-,Dr. Rajesh Sharma,0x3c44CdDdB6a900fa2b585dd299e03d12FA4293BC,NMC-78491,Gastroenterology,Care & Cure Pediatric & Maternity Hospital,0x937F51E09477BfD31E56c5e533038a8eEAc096b7,Dengue fever [classical dengue],A90,Infectious Disease,High,100/68 mmHg,96,98%,102,"Oral Rehydration Salts 1L/day, Paracetamol 650mg SOS",Low,Advisory: Monitor Serum Potassium & Renal Function with ACEi/ARB,FHIR_R4_Bundle_A90_Condition_MedicationRequest,All Clinical Records & Diagnostic Evidence,Active On-Chain Consent (Granted by Patient),NO,N/A,N/A,Direct patient consent validated via ConsentManager.sol,AES-256-GCM,vault-transit-key-0x2fd9590c,Qmcb425abf528a338a04566aa2de6ce0821c13df417833,0.0.4891024,4036,2026-09-13 11:47:55 UTC,0x0b4d4e562f87dbd00eb39534a8e90e94a0c3ea569e1bf0eae8950c972e56b30b,0.0001
ENC-00037,Rakesh Hegde,849237,0xbef578133dae537bff134dd7c5070b35a3bdde48,55,male,O-,Dr. Sarah Jenkins,0x04Fee3FD1B338d12FFD6dBD8d66dE1e8e0BB99cB,NMC-48192,Cardiology,Max Super Speciality Cancer Institute,0x28B7eA94B34C8F52D19E50Eb14769Da20F5D54b4,"Epilepsy, unspecified, without status epilepticus",G40.909,Neurology,High,118/74 mmHg,76,99%,95,"Levetiracetam 500mg BID, Clobazam 10mg QHS",High,Passed - Safe pediatric/geriatric dosage tier verified,FHIR_R4_Bundle_G40.909_Condition_MedicationRequest,All Clinical Records & Diagnostic Evidence,Active On-Chain Consent (Granted by Patient),NO,N/A,N/A,Direct patient consent validated via ConsentManager.sol,AES-256-GCM,vault-transit-key-0xbef57813,Qm950b4bb00e40e13b5b8fced85c614be8a6ead78f5355,0.0.4891024,4037,2026-09-13 11:47:57 UTC,0xf651af0f95fff3e396a33981958badf6cf10c13ebb049026638a00f97f13f303,0.0001
ENC-00038,Rakesh Bhatia,849238,0x691bdb19cf2a573bebb3586f901c0a911ac30f84,56,female,O-,Dr. Preeti Deshmukh,0x23618e81E3f5cdF7f54C3d65f7FBc0aBf5B21E8f,NMC-82194,Obstetrics & Pediatrics,Fortis Memorial Neuro & Trauma Center,0x84f93618C1D541bB1Dcf1373A8eE500A7D439634,Essential (primary) hypertension,I10,Cardiology,Moderate,148/92 mmHg,78,98%,110,"Amlodipine 5mg QD, Telmisartan 40mg QD",Low,Advisory: Confirm Patient Creatinine Clearance prior to Metformin XR,FHIR_R4_Bundle_I10_Condition_MedicationRequest,All Clinical Records & Diagnostic Evidence,Active On-Chain Consent (Granted by Patient),NO,N/A,N/A,Direct patient consent validated via ConsentManager.sol,AES-256-GCM,vault-transit-key-0x691bdb19,Qmc027de8a4cd9ec324ddd81fd73eb81f032962ec38e9b,0.0.4891024,4038,2026-09-13 11:48:00 UTC,0x3fbf7d936555b5d4c987af6e2a69fb4320ae136485f55fca6fd1c703607b0611,0.0001
ENC-00039,Vikas Banerjee,849239,0xfb2e7fa2ff5e5ef723544be403d7a04b218feb5d,57,male,O+,Dr. Ananya Roy,0x9965507D1a55bcC2695C58ba16FB37d819B0A4dc,NMC-51203,Hematology,Apollo Multispecialty Hospital,0x155Af6ECaFb48861dA7d16Fb8Af2f6ce9d6DD779,Dengue fever [classical dengue],A90,Infectious Disease,High,100/68 mmHg,96,98%,102,"Oral Rehydration Salts 1L/day, Paracetamol 650mg SOS",High,Advisory: Confirm Patient Creatinine Clearance prior to Metformin XR,FHIR_R4_Bundle_A90_Condition_MedicationRequest,All Clinical Records & Diagnostic Evidence,Active On-Chain Consent (Granted by Patient),NO,N/A,N/A,Direct patient consent validated via ConsentManager.sol,AES-256-GCM,vault-transit-key-0xfb2e7fa2,Qm95c32a9ee6e74548ae08331bb01c56811b5f777818f0,0.0.4891024,4039,2026-09-13 11:48:02 UTC,0x53024acb3753d8322a3c8d8d84611508c30ec3553bd05c74d59f0f7627d0ab42,0.0001
ENC-00040,Harish Iyer,849240,0x980166f832311efa9b654537de79e72dc029c5b2,58,female,B-,Dr. Sarah Jenkins,0x04Fee3FD1B338d12FFD6dBD8d66dE1e8e0BB99cB,NMC-48192,Cardiology,Apex Diagnostic & Pathology Hub,0x04Fee3FD1B338d12FFD6dBD8d66dE1e8e0BB99cB,"Acute myocardial infarction, unspecified",I21.9,Cardiology,Emergency,95/60 mmHg,112,93%,165,"Ticagrelor 90mg BID, Aspirin 325mg, Atorvastatin 80mg, IV Heparin",Medium,Advisory: Confirm Patient Creatinine Clearance prior to Metformin XR,FHIR_R4_Bundle_I21.9_Condition_MedicationRequest,All Clinical Records & Diagnostic Evidence,Break-Glass Emergency Invoked (Active Override),YES,"Acute Life-Threatening Presentation: Acute myocardial infarction, unspecified",60 Minutes (Auto-Expiring Ephemeral Key),Emergency access granted; immediate HCS compliance event broadcasted,AES-256-GCM,vault-transit-key-0x980166f8,Qm4babe261d4dd36c533edb5a456032661aba4155ca4f6,0.0.4891024,4040,2026-09-13 11:48:04 UTC,0x25fc2a632e395423a8567bdbe67ebbb1193fb11cdce6817f5204efa08cbe330a,0.0001
ENC-00041,Neha Deshmukh,849241,0x8553e641d69f2cfd33b19e2440384f393a3f13da,59,male,O-,Dr. Vikram Seth,0x15d34AAf54267DB7D7c367839AAf71A00a2C6A65,NMC-99014,Oncology,Care & Cure Pediatric & Maternity Hospital,0x937F51E09477BfD31E56c5e533038a8eEAc096b7,Type 2 diabetes mellitus without complications,E11.9,Endocrinology,Moderate,130/82 mmHg,72,99%,142,"Metformin 500mg BID, Dapagliflozin 10mg QD",High,Advisory: Monitor Serum Potassium & Renal Function with ACEi/ARB,FHIR_R4_Bundle_E11.9_Condition_MedicationRequest,All Clinical Records & Diagnostic Evidence,Active On-Chain Consent (Granted by Patient),NO,N/A,N/A,Direct patient consent validated via ConsentManager.sol,AES-256-GCM,vault-transit-key-0x8553e641,Qmcb07a6419711aaefd58ef489f3431db2657b35c92493,0.0.4891024,4041,2026-09-13 11:48:06 UTC,0xf16d8d3f37dbd2fffb490feed305585f84967e7dd7d555f6cbb0158612fe0623,0.0001
ENC-00042,Arjun Rao,849242,0x1be38e2abca376541d1807f4a15d6e9c91b88e58,60,female,A+,Dr. Preeti Deshmukh,0x23618e81E3f5cdF7f54C3d65f7FBc0aBf5B21E8f,NMC-82194,Obstetrics & Pediatrics,Apollo Multispecialty Hospital,0x155Af6ECaFb48861dA7d16Fb8Af2f6ce9d6DD779,Type 2 diabetes mellitus without complications,E11.9,Endocrinology,Moderate,130/82 mmHg,72,99%,142,"Metformin 500mg BID, Dapagliflozin 10mg QD",Medium,Passed - Safe pediatric/geriatric dosage tier verified,FHIR_R4_Bundle_E11.9_Condition_MedicationRequest,All Clinical Records & Diagnostic Evidence,Active On-Chain Consent (Granted by Patient),NO,N/A,N/A,Direct patient consent validated via ConsentManager.sol,AES-256-GCM,vault-transit-key-0x1be38e2a,Qm0e56f900c46c41227bde94fe81890d0446a4ffef7a4c,0.0.4891024,4042,2026-09-13 11:48:08 UTC,0x3138c6263e5f3b5ed200a6830bbf9b25c32bcf35e5346167daabc888ca437435,0.0001
ENC-00043,Ananya Pandey,849243,0x399e7227382639f93d5642451ce9ec5dd74e19bd,61,male,AB+,Dr. Sarah Jenkins,0x04Fee3FD1B338d12FFD6dBD8d66dE1e8e0BB99cB,NMC-48192,Cardiology,Fortis Memorial Neuro & Trauma Center,0x84f93618C1D541bB1Dcf1373A8eE500A7D439634,"Epilepsy, unspecified, without status epilepticus",G40.909,Neurology,High,118/74 mmHg,76,99%,95,"Levetiracetam 500mg BID, Clobazam 10mg QHS",High,Advisory: Confirm Patient Creatinine Clearance prior to Metformin XR,FHIR_R4_Bundle_G40.909_Condition_MedicationRequest,All Clinical Records & Diagnostic Evidence,Active On-Chain Consent (Granted by Patient),NO,N/A,N/A,Direct patient consent validated via ConsentManager.sol,AES-256-GCM,vault-transit-key-0x399e7227,Qm0f3ca480820f600e1b1331548027269ec39ae2d603a4,0.0.4891024,4043,2026-09-13 11:48:10 UTC,0x87ae26a0819e4605003546e76b6e4145c4d482b7adc7b0a1f283938500d69ef5,0.0001
ENC-00044,Ananya Agarwal,849244,0xd655dea78ca039f8ff61b6d3bcd89f1ba3865f65,62,female,AB+,Dr. Vikram Seth,0x15d34AAf54267DB7D7c367839AAf71A00a2C6A65,NMC-99014,Oncology,Apollo Multispecialty Hospital,0x155Af6ECaFb48861dA7d16Fb8Af2f6ce9d6DD779,"Acute myocardial infarction, unspecified",I21.9,Cardiology,Emergency,95/60 mmHg,112,93%,165,"Ticagrelor 90mg BID, Aspirin 325mg, Atorvastatin 80mg, IV Heparin",Low,Passed - Zero Drug-Drug Interaction Warning (Confidence 99.4%),FHIR_R4_Bundle_I21.9_Condition_MedicationRequest,All Clinical Records & Diagnostic Evidence,Break-Glass Emergency Invoked (Active Override),YES,"Acute Life-Threatening Presentation: Acute myocardial infarction, unspecified",60 Minutes (Auto-Expiring Ephemeral Key),Emergency access granted; immediate HCS compliance event broadcasted,AES-256-GCM,vault-transit-key-0xd655dea7,Qmcf43b73b905fe62bdb7f08c0aa0dd2d18f42ffc54f23,0.0.4891024,4044,2026-09-13 11:48:13 UTC,0x653c809ae706ff00bf68086905ea87fe9b47eaa5e9c0738828163d783d07d32a,0.0001
ENC-00045,Priyanka Iyer,849245,0xfb181c955e9e4c253af2aef3f35ca3246c2b33cf,63,male,A-,Dr. Rohan Patel,0x976EA74026E726554dB657fA54763abd0C3a0aa9,NMC-11029,Neurology,Fortis Memorial Neuro & Trauma Center,0x84f93618C1D541bB1Dcf1373A8eE500A7D439634,Gastro-esophageal reflux disease,K21.9,Gastroenterology,Low,120/80 mmHg,70,99%,98,"Pantoprazole 40mg QD pre-breakfast, Domperidone 30mg QD",Low,Passed - Safe pediatric/geriatric dosage tier verified,FHIR_R4_Bundle_K21.9_Condition_MedicationRequest,All Clinical Records & Diagnostic Evidence,Active On-Chain Consent (Granted by Patient),NO,N/A,N/A,Direct patient consent validated via ConsentManager.sol,AES-256-GCM,vault-transit-key-0xfb181c95,Qm8660fc79d8c236b1a2c3970f29fda495750f8687218b,0.0.4891024,4045,2026-09-13 11:48:14 UTC,0x716c27456cc956465ba292ab91f5cc54e12e0824b8e6e0d457bb7746dc01f739,0.0001
ENC-00046,Aditi Mehta,849246,0x7c609aff0d4136f65e827f0ac5c34ff8ed0d2149,64,female,A-,Dr. Vikram Seth,0x15d34AAf54267DB7D7c367839AAf71A00a2C6A65,NMC-99014,Oncology,Care & Cure Pediatric & Maternity Hospital,0x937F51E09477BfD31E56c5e533038a8eEAc096b7,Unspecified intracranial injury / Concussion,S06.9X0A,Trauma & Emergency,Emergency,150/95 mmHg,64,97%,130,"Mannitol 20% 100mL IV, Phenytoin 100mg IV, Analgesics",Low,Advisory: Confirm Patient Creatinine Clearance prior to Metformin XR,FHIR_R4_Bundle_S06.9X0A_Condition_MedicationRequest,All Clinical Records & Diagnostic Evidence,Break-Glass Emergency Invoked (Active Override),YES,Acute Life-Threatening Presentation: Unspecified intracranial injury / Concussion,60 Minutes (Auto-Expiring Ephemeral Key),Emergency access granted; immediate HCS compliance event broadcasted,AES-256-GCM,vault-transit-key-0x7c609aff,Qm85e36d52d7dd157911164ae4daedab3cf32dc0f526e7,0.0.4891024,4046,2026-09-13 11:48:17 UTC,0x165db3bc6eebb1b8b50793be6cb3e8d3f90e6217136c6c1024b95ff09c0d7afd,0.0001
ENC-00047,Meera Bhatia,849247,0x3e99e1bd7a0fbf38f535d06db2482176b830f1fa,65,male,O+,Dr. Vikram Seth,0x15d34AAf54267DB7D7c367839AAf71A00a2C6A65,NMC-99014,Oncology,Max Super Speciality Cancer Institute,0x28B7eA94B34C8F52D19E50Eb14769Da20F5D54b4,Essential (primary) hypertension,I10,Cardiology,Moderate,148/92 mmHg,78,98%,110,"Amlodipine 5mg QD, Telmisartan 40mg QD",High,Advisory: Monitor Serum Potassium & Renal Function with ACEi/ARB,FHIR_R4_Bundle_I10_Condition_MedicationRequest,All Clinical Records & Diagnostic Evidence,Active On-Chain Consent (Granted by Patient),NO,N/A,N/A,Direct patient consent validated via ConsentManager.sol,AES-256-GCM,vault-transit-key-0x3e99e1bd,Qm42091bf4591c54c9cea06de993d4a20dbe82b3af658b,0.0.4891024,4047,2026-09-13 11:48:19 UTC,0xb8ed7c92410a8c3aa2ea68266acadc26944d608cb7b5f42db182f711060aecc6,0.0001
ENC-00048,Bhavna Hegde,849248,0x1d5262e50c6a9b9e618742db3d929f517ece50fd,66,female,A-,Dr. Rajesh Sharma,0x3c44CdDdB6a900fa2b585dd299e03d12FA4293BC,NMC-78491,Gastroenterology,Care & Cure Pediatric & Maternity Hospital,0x937F51E09477BfD31E56c5e533038a8eEAc096b7,Essential (primary) hypertension,I10,Cardiology,Moderate,148/92 mmHg,78,98%,110,"Amlodipine 5mg QD, Telmisartan 40mg QD",High,Advisory: Monitor Serum Potassium & Renal Function with ACEi/ARB,FHIR_R4_Bundle_I10_Condition_MedicationRequest,All Clinical Records & Diagnostic Evidence,Active On-Chain Consent (Granted by Patient),NO,N/A,N/A,Direct patient consent validated via ConsentManager.sol,AES-256-GCM,vault-transit-key-0x1d5262e5,Qm995da1fe1f61e2535c6cbe38cddb33eaad8b8659fe71,0.0.4891024,4048,2026-09-13 11:48:21 UTC,0xb9aba760c21e0db85ab1f5553e9e7bc10b8a5c9fdea9dc6f93fdb4aaa27025e1,0.0001
ENC-00049,Divya Patel,849249,0x7e074f35bb80e4003ff3721a8cce3197a7938b52,67,male,AB+,Dr. Rohan Patel,0x976EA74026E726554dB657fA54763abd0C3a0aa9,NMC-11029,Neurology,Apex Diagnostic & Pathology Hub,0x04Fee3FD1B338d12FFD6dBD8d66dE1e8e0BB99cB,Gastro-esophageal reflux disease,K21.9,Gastroenterology,Low,120/80 mmHg,70,99%,98,"Pantoprazole 40mg QD pre-breakfast, Domperidone 30mg QD",Low,Passed - Zero Drug-Drug Interaction Warning (Confidence 99.4%),FHIR_R4_Bundle_K21.9_Condition_MedicationRequest,All Clinical Records & Diagnostic Evidence,Active On-Chain Consent (Granted by Patient),NO,N/A,N/A,Direct patient consent validated via ConsentManager.sol,AES-256-GCM,vault-transit-key-0x7e074f35,Qmea9115357f15e307090d970c02c8e6a8489e2caad0b7,0.0.4891024,4049,2026-09-13 11:48:23 UTC,0xff7f6bdf3488b4e504032f8847d220d1f1434a5259477dd2640a08a3e24fdc5a,0.0001
ENC-00050,Madhav Chatterjee,849250,0x1cb1bcd337dd1a8ba3d347d5f485f5145580c9c9,68,female,AB-,Dr. Vikram Seth,0x15d34AAf54267DB7D7c367839AAf71A00a2C6A65,NMC-99014,Oncology,Fortis Memorial Neuro & Trauma Center,0x84f93618C1D541bB1Dcf1373A8eE500A7D439634,Malignant neoplasm of female breast,C50.919,Oncology,Critical,122/76 mmHg,84,98%,105,"Tamoxifen 20mg QD, Trastuzumab 6mg/kg IV Q3W, Paclitaxel",Medium,Advisory: Confirm Patient Creatinine Clearance prior to Metformin XR,FHIR_R4_Bundle_C50.919_Condition_MedicationRequest,All Clinical Records & Diagnostic Evidence,Pending Patient Authorization,NO,N/A,N/A,Access request pending approval from patient wallet,AES-256-GCM,vault-transit-key-0x1cb1bcd3,Qma29c0bb79604f093263878d57990b654beca5c7c8187,0.0.4891024,4050,2026-09-13 11:48:25 UTC,0xc93cf7eab17720d1d7a2789cc2f04189765213d648c45c7dd7841be8bf1b6674,0.0001
ENC-00051,Priyanka Hegde,849251,0x6088f2a6a8a3360529e0d6bb87e431954bccab04,69,male,A-,Dr. Rajesh Sharma,0x3c44CdDdB6a900fa2b585dd299e03d12FA4293BC,NMC-78491,Gastroenterology,Care & Cure Pediatric & Maternity Hospital,0x937F51E09477BfD31E56c5e533038a8eEAc096b7,Unspecified intracranial injury / Concussion,S06.9X0A,Trauma & Emergency,Emergency,150/95 mmHg,64,97%,130,"Mannitol 20% 100mL IV, Phenytoin 100mg IV, Analgesics",High,Advisory: Monitor Serum Potassium & Renal Function with ACEi/ARB,FHIR_R4_Bundle_S06.9X0A_Condition_MedicationRequest,All Clinical Records & Diagnostic Evidence,Active On-Chain Consent (Granted by Patient),NO,N/A,N/A,Direct patient consent validated via ConsentManager.sol,AES-256-GCM,vault-transit-key-0x6088f2a6,Qmc36af213ed57ebbef4dd81c82a6fd5edef043a36a1e0,0.0.4891024,4051,2026-09-13 11:48:27 UTC,0x509872643ebdbb966737d1a27240459cdafd1fc56328cfe222aa9b21e30e05ce,0.0001
ENC-00052,Tanvi Bhatia,849252,0x713931de04ae84ddc6be413ec1856847726c972b,70,female,A+,Dr. Vikram Seth,0x15d34AAf54267DB7D7c367839AAf71A00a2C6A65,NMC-99014,Oncology,Apex Diagnostic & Pathology Hub,0x04Fee3FD1B338d12FFD6dBD8d66dE1e8e0BB99cB,"Acute myocardial infarction, unspecified",I21.9,Cardiology,Emergency,95/60 mmHg,112,93%,165,"Ticagrelor 90mg BID, Aspirin 325mg, Atorvastatin 80mg, IV Heparin",Medium,Advisory: Monitor Serum Potassium & Renal Function with ACEi/ARB,FHIR_R4_Bundle_I21.9_Condition_MedicationRequest,All Clinical Records & Diagnostic Evidence,Active On-Chain Consent (Granted by Patient),NO,N/A,N/A,Direct patient consent validated via ConsentManager.sol,AES-256-GCM,vault-transit-key-0x713931de,Qmf1bcac57e6b67a45f178de0a91bde4057ecbb7a54c76,0.0.4891024,4052,2026-09-13 11:48:29 UTC,0x06b76a698c0ab6881598ba930e56f367ca22c264223f700a427a072090c9b705,0.0001
ENC-00053,Pranav Saxena,849253,0x9908ca03a04b4724a9b8c0e55cef0bda8ab5e59e,71,male,B+,Dr. Rohan Patel,0x976EA74026E726554dB657fA54763abd0C3a0aa9,NMC-11029,Neurology,Max Super Speciality Cancer Institute,0x28B7eA94B34C8F52D19E50Eb14769Da20F5D54b4,Gastro-esophageal reflux disease,K21.9,Gastroenterology,Low,120/80 mmHg,70,99%,98,"Pantoprazole 40mg QD pre-breakfast, Domperidone 30mg QD",Medium,Advisory: Monitor Serum Potassium & Renal Function with ACEi/ARB,FHIR_R4_Bundle_K21.9_Condition_MedicationRequest,All Clinical Records & Diagnostic Evidence,Active On-Chain Consent (Granted by Patient),NO,N/A,N/A,Direct patient consent validated via ConsentManager.sol,AES-256-GCM,vault-transit-key-0x9908ca03,Qmff922249a37268376c8ba55e4298665b4c5157d7b333,0.0.4891024,4053,2026-09-13 11:48:32 UTC,0x5276cc6400c8e24e134a2687a82cd6efb587bedb2ac206a6e96839f7b72bd49a,0.0001
ENC-00054,Riya Mehta,849254,0x30e89354e23a365d0cdc61e9d8bd6e2fdb73510e,72,female,A-,Dr. Sarah Jenkins,0x04Fee3FD1B338d12FFD6dBD8d66dE1e8e0BB99cB,NMC-48192,Cardiology,Apollo Multispecialty Hospital,0x155Af6ECaFb48861dA7d16Fb8Af2f6ce9d6DD779,Gastro-esophageal reflux disease,K21.9,Gastroenterology,Low,120/80 mmHg,70,99%,98,"Pantoprazole 40mg QD pre-breakfast, Domperidone 30mg QD",Medium,Advisory: Monitor Serum Potassium & Renal Function with ACEi/ARB,FHIR_R4_Bundle_K21.9_Condition_MedicationRequest,All Clinical Records & Diagnostic Evidence,Active On-Chain Consent (Granted by Patient),NO,N/A,N/A,Direct patient consent validated via ConsentManager.sol,AES-256-GCM,vault-transit-key-0x30e89354,Qm170698937cbf1f451baeabd0da751d7d2eb00adb7287,0.0.4891024,4054,2026-09-13 11:48:34 UTC,0xce19c5677daba4fd5220b80802107b03a37d8946a4aba8f7bc326704963509e0,0.0001
ENC-00055,Nikhil Swaminathan,849255,0x82b63691e197f8c26c5e3d4da91ced4f8fa2d82e,73,male,B+,Dr. Ananya Roy,0x9965507D1a55bcC2695C58ba16FB37d819B0A4dc,NMC-51203,Hematology,Apollo Multispecialty Hospital,0x155Af6ECaFb48861dA7d16Fb8Af2f6ce9d6DD779,Type 2 diabetes mellitus without complications,E11.9,Endocrinology,Moderate,130/82 mmHg,72,99%,142,"Metformin 500mg BID, Dapagliflozin 10mg QD",High,Advisory: Confirm Patient Creatinine Clearance prior to Metformin XR,FHIR_R4_Bundle_E11.9_Condition_MedicationRequest,All Clinical Records & Diagnostic Evidence,Active On-Chain Consent (Granted by Patient),NO,N/A,N/A,Direct patient consent validated via ConsentManager.sol,AES-256-GCM,vault-transit-key-0x82b63691,Qmf08e0e1aed764e73587dc3de5c1116b4d38d9018ca68,0.0.4891024,4055,2026-09-13 11:48:36 UTC,0x303f79b64fef7d8b617cf55540066437594e7995bd17a5b4d5ea1c7d221a6a22,0.0001
ENC-00056,Amit Menon,849256,0x359b400c0d3c154b4f5e6df8258f6644fdb7b78a,74,female,A+,Dr. Rajesh Sharma,0x3c44CdDdB6a900fa2b585dd299e03d12FA4293BC,NMC-78491,Gastroenterology,Apollo Multispecialty Hospital,0x155Af6ECaFb48861dA7d16Fb8Af2f6ce9d6DD779,Gastro-esophageal reflux disease,K21.9,Gastroenterology,Low,120/80 mmHg,70,99%,98,"Pantoprazole 40mg QD pre-breakfast, Domperidone 30mg QD",Low,Advisory: Monitor Serum Potassium & Renal Function with ACEi/ARB,FHIR_R4_Bundle_K21.9_Condition_MedicationRequest,All Clinical Records & Diagnostic Evidence,Active On-Chain Consent (Granted by Patient),NO,N/A,N/A,Direct patient consent validated via ConsentManager.sol,AES-256-GCM,vault-transit-key-0x359b400c,Qmfc205a930c6da8881a4e291803a12852af2e6fe013dd,0.0.4891024,4056,2026-09-13 11:48:37 UTC,0x5f25507c31756337313b61983584c5f434059f66bf24168aff0d14eca5f4cdb1,0.0001
ENC-00057,Bhavna Mukherjee,849257,0x6b2fc798415c6c99ea06489b9ca0ebde255034a5,75,male,B-,Dr. Ananya Roy,0x9965507D1a55bcC2695C58ba16FB37d819B0A4dc,NMC-51203,Hematology,Fortis Memorial Neuro & Trauma Center,0x84f93618C1D541bB1Dcf1373A8eE500A7D439634,Type 2 diabetes mellitus without complications,E11.9,Endocrinology,Moderate,130/82 mmHg,72,99%,142,"Metformin 500mg BID, Dapagliflozin 10mg QD",Medium,Advisory: Monitor Serum Potassium & Renal Function with ACEi/ARB,FHIR_R4_Bundle_E11.9_Condition_MedicationRequest,All Clinical Records & Diagnostic Evidence,Active On-Chain Consent (Granted by Patient),NO,N/A,N/A,Direct patient consent validated via ConsentManager.sol,AES-256-GCM,vault-transit-key-0x6b2fc798,Qmf52e92d1bc46f5e5102314595e0b4026a34454a0da7f,0.0.4891024,4057,2026-09-13 11:48:40 UTC,0x7d58c5b5d78fdae903ffa3186aaf51503b61a67d76a19e2e0f8ed74d9d0fbf36,0.0001
ENC-00058,Ishaan Mehta,849258,0xf23e47ed06733d68cc6b81844128de7c165d9819,76,female,A-,Dr. Rohan Patel,0x976EA74026E726554dB657fA54763abd0C3a0aa9,NMC-11029,Neurology,Apex Diagnostic & Pathology Hub,0x04Fee3FD1B338d12FFD6dBD8d66dE1e8e0BB99cB,"Acute myocardial infarction, unspecified",I21.9,Cardiology,Emergency,95/60 mmHg,112,93%,165,"Ticagrelor 90mg BID, Aspirin 325mg, Atorvastatin 80mg, IV Heparin",Medium,Advisory: Confirm Patient Creatinine Clearance prior to Metformin XR,FHIR_R4_Bundle_I21.9_Condition_MedicationRequest,All Clinical Records & Diagnostic Evidence,Active On-Chain Consent (Granted by Patient),NO,N/A,N/A,Direct patient consent validated via ConsentManager.sol,AES-256-GCM,vault-transit-key-0xf23e47ed,Qm78820ad3e9867f55448e137cbb1a0103824662189a29,0.0.4891024,4058,2026-09-13 11:48:42 UTC,0xa77f4858cd8ac94ffb057fb138b8bcfd9778edb7a72dd475d26f23c05e3fa50e,0.0001
ENC-00059,Vikas Menon,849259,0x46e57508a6e8ca7145a121628eecdba0c98bd11b,77,male,B-,Dr. Vikram Seth,0x15d34AAf54267DB7D7c367839AAf71A00a2C6A65,NMC-99014,Oncology,Care & Cure Pediatric & Maternity Hospital,0x937F51E09477BfD31E56c5e533038a8eEAc096b7,Type 2 diabetes mellitus without complications,E11.9,Endocrinology,Moderate,130/82 mmHg,72,99%,142,"Metformin 500mg BID, Dapagliflozin 10mg QD",Low,Passed - Zero Drug-Drug Interaction Warning (Confidence 99.4%),FHIR_R4_Bundle_E11.9_Condition_MedicationRequest,All Clinical Records & Diagnostic Evidence,Active On-Chain Consent (Granted by Patient),NO,N/A,N/A,Direct patient consent validated via ConsentManager.sol,AES-256-GCM,vault-transit-key-0x46e57508,Qm60edfe527b09638fd1cc944dcbfa1390eee50ba06b78,0.0.4891024,4059,2026-09-13 11:48:44 UTC,0x33e3e4133acb4961f8f80adf2761024b191b3cec7b2735832684ca2bac793c07,0.0001
ENC-00060,Lata Saxena,849260,0xbaa183ae6f471283769a232cb6f81926dfb619bc,78,female,A-,Dr. Preeti Deshmukh,0x23618e81E3f5cdF7f54C3d65f7FBc0aBf5B21E8f,NMC-82194,Obstetrics & Pediatrics,Care & Cure Pediatric & Maternity Hospital,0x937F51E09477BfD31E56c5e533038a8eEAc096b7,Gastro-esophageal reflux disease,K21.9,Gastroenterology,Low,120/80 mmHg,70,99%,98,"Pantoprazole 40mg QD pre-breakfast, Domperidone 30mg QD",High,Advisory: Monitor Serum Potassium & Renal Function with ACEi/ARB,FHIR_R4_Bundle_K21.9_Condition_MedicationRequest,All Clinical Records & Diagnostic Evidence,Active On-Chain Consent (Granted by Patient),NO,N/A,N/A,Direct patient consent validated via ConsentManager.sol,AES-256-GCM,vault-transit-key-0xbaa183ae,Qm42d80310ed90ebb53275ff628b447a9285b45d9e5a9b,0.0.4891024,4060,2026-09-13 11:48:46 UTC,0xc3c5afeaec986d7d66bb0fac01194275111a5b6209dea4ce907c4f6512ce37de,0.0001
ENC-00061,Lata Deshmukh,849261,0xec0d31579a9f18b7ff3fcea66df6b780cdbd2057,79,male,A+,Dr. Rajesh Sharma,0x3c44CdDdB6a900fa2b585dd299e03d12FA4293BC,NMC-78491,Gastroenterology,Fortis Memorial Neuro & Trauma Center,0x84f93618C1D541bB1Dcf1373A8eE500A7D439634,Dengue fever [classical dengue],A90,Infectious Disease,High,100/68 mmHg,96,98%,102,"Oral Rehydration Salts 1L/day, Paracetamol 650mg SOS",Medium,Passed - Safe pediatric/geriatric dosage tier verified,FHIR_R4_Bundle_A90_Condition_MedicationRequest,All Clinical Records & Diagnostic Evidence,Active On-Chain Consent (Granted by Patient),NO,N/A,N/A,Direct patient consent validated via ConsentManager.sol,AES-256-GCM,vault-transit-key-0xec0d3157,Qm9de30c328ea56059c949d153c399da095692ddea7f61,0.0.4891024,4061,2026-09-13 11:48:48 UTC,0x8fd19bfc113dc3c806805e8ba5efca9f7c560048a018ee57d09010e183346fdd,0.0001
ENC-00062,Siddharth Mehta,849262,0xd8f8bfbb08cd0b62176ea1df03502fd5381ad2e0,80,female,B+,Dr. Rajesh Sharma,0x3c44CdDdB6a900fa2b585dd299e03d12FA4293BC,NMC-78491,Gastroenterology,Apollo Multispecialty Hospital,0x155Af6ECaFb48861dA7d16Fb8Af2f6ce9d6DD779,Malignant neoplasm of female breast,C50.919,Oncology,Critical,122/76 mmHg,84,98%,105,"Tamoxifen 20mg QD, Trastuzumab 6mg/kg IV Q3W, Paclitaxel",High,Advisory: Confirm Patient Creatinine Clearance prior to Metformin XR,FHIR_R4_Bundle_C50.919_Condition_MedicationRequest,All Clinical Records & Diagnostic Evidence,Active On-Chain Consent (Granted by Patient),NO,N/A,N/A,Direct patient consent validated via ConsentManager.sol,AES-256-GCM,vault-transit-key-0xd8f8bfbb,Qm8851f9b8c288d4fcf2abd005bc08a20d2fc4ab888354,0.0.4891024,4062,2026-09-13 11:48:50 UTC,0xc5f4ac2b93da24a1c7598156cec4e6d3dc584b23260086dda40218d807d68bbc,0.0001
ENC-00063,Sakshi Reddy,849263,0x738e8e7a626de66dcfcb00129548ef3ad486cc43,81,male,A-,Dr. Vikram Seth,0x15d34AAf54267DB7D7c367839AAf71A00a2C6A65,NMC-99014,Oncology,Max Super Speciality Cancer Institute,0x28B7eA94B34C8F52D19E50Eb14769Da20F5D54b4,"Acute myocardial infarction, unspecified",I21.9,Cardiology,Emergency,95/60 mmHg,112,93%,165,"Ticagrelor 90mg BID, Aspirin 325mg, Atorvastatin 80mg, IV Heparin",Low,Passed - Safe pediatric/geriatric dosage tier verified,FHIR_R4_Bundle_I21.9_Condition_MedicationRequest,All Clinical Records & Diagnostic Evidence,Break-Glass Emergency Invoked (Active Override),YES,"Acute Life-Threatening Presentation: Acute myocardial infarction, unspecified",60 Minutes (Auto-Expiring Ephemeral Key),Emergency access granted; immediate HCS compliance event broadcasted,AES-256-GCM,vault-transit-key-0x738e8e7a,Qm4219e3abc30be6d1283c14eb3e03c0a94d1a14a7628f,0.0.4891024,4063,2026-09-13 11:48:52 UTC,0x68bebc56ac07be9683ffa5139eed889f39514636a02800727645368ca9e0efcf,0.0001
ENC-00064,Meera Choudhury,849264,0xb0dbc7faa5c2fd68d9f6a733d78f0607c8025cb2,82,female,O-,Dr. Rohan Patel,0x976EA74026E726554dB657fA54763abd0C3a0aa9,NMC-11029,Neurology,Apollo Multispecialty Hospital,0x155Af6ECaFb48861dA7d16Fb8Af2f6ce9d6DD779,Malignant neoplasm of female breast,C50.919,Oncology,Critical,122/76 mmHg,84,98%,105,"Tamoxifen 20mg QD, Trastuzumab 6mg/kg IV Q3W, Paclitaxel",Low,Advisory: Monitor Serum Potassium & Renal Function with ACEi/ARB,FHIR_R4_Bundle_C50.919_Condition_MedicationRequest,All Clinical Records & Diagnostic Evidence,Active On-Chain Consent (Granted by Patient),NO,N/A,N/A,Direct patient consent validated via ConsentManager.sol,AES-256-GCM,vault-transit-key-0xb0dbc7fa,Qm4af996e56971c89702f023836a5028341cde280b018b,0.0.4891024,4064,2026-09-13 11:48:54 UTC,0x7509e177ede06356d61ee7822c371a2a9857d7121815a6afb7584e78ad039022,0.0001
ENC-00065,Harish Ghosh,849265,0xe6c83311ded54f33bc1a7e4a4122bbbb370360ad,83,male,B+,Dr. Sarah Jenkins,0x04Fee3FD1B338d12FFD6dBD8d66dE1e8e0BB99cB,NMC-48192,Cardiology,Apex Diagnostic & Pathology Hub,0x04Fee3FD1B338d12FFD6dBD8d66dE1e8e0BB99cB,Essential (primary) hypertension,I10,Cardiology,Moderate,148/92 mmHg,78,98%,110,"Amlodipine 5mg QD, Telmisartan 40mg QD",Medium,Advisory: Monitor Serum Potassium & Renal Function with ACEi/ARB,FHIR_R4_Bundle_I10_Condition_MedicationRequest,All Clinical Records & Diagnostic Evidence,Pending Patient Authorization,NO,N/A,N/A,Access request pending approval from patient wallet,AES-256-GCM,vault-transit-key-0xe6c83311,Qmeb69d8ba80f264d875d94f0df99164df138d6ffb9d36,0.0.4891024,4065,2026-09-13 11:48:56 UTC,0x2f23feb4e943a95102088b1c6d33e6c02fb7791c10e64c98f40869715b681c8c,0.0001
ENC-00066,Aditi Bhatia,849266,0x3e74973fde985bf4f16965f755d14d902097b29b,84,female,AB+,Dr. Vikram Seth,0x15d34AAf54267DB7D7c367839AAf71A00a2C6A65,NMC-99014,Oncology,Apex Diagnostic & Pathology Hub,0x04Fee3FD1B338d12FFD6dBD8d66dE1e8e0BB99cB,Gastro-esophageal reflux disease,K21.9,Gastroenterology,Low,120/80 mmHg,70,99%,98,"Pantoprazole 40mg QD pre-breakfast, Domperidone 30mg QD",Medium,Advisory: Monitor Serum Potassium & Renal Function with ACEi/ARB,FHIR_R4_Bundle_K21.9_Condition_MedicationRequest,All Clinical Records & Diagnostic Evidence,Active On-Chain Consent (Granted by Patient),NO,N/A,N/A,Direct patient consent validated via ConsentManager.sol,AES-256-GCM,vault-transit-key-0x3e74973f,Qmf7918cdc228de2d9bae39c4ceb1c2f3b6d76303bb735,0.0.4891024,4066,2026-09-13 11:48:59 UTC,0x4b987604ec8a4d185b147f7d24d9101ab69aa38222ca75bf927f2b53bbb60053,0.0001
ENC-00067,Ishaan Pillai,849267,0xf8bd68712d17b621b0ad6a0fe8d31a0c817bf141,85,male,A+,Dr. Ananya Roy,0x9965507D1a55bcC2695C58ba16FB37d819B0A4dc,NMC-51203,Hematology,Care & Cure Pediatric & Maternity Hospital,0x937F51E09477BfD31E56c5e533038a8eEAc096b7,Dengue fever [classical dengue],A90,Infectious Disease,High,100/68 mmHg,96,98%,102,"Oral Rehydration Salts 1L/day, Paracetamol 650mg SOS",High,Advisory: Monitor Serum Potassium & Renal Function with ACEi/ARB,FHIR_R4_Bundle_A90_Condition_MedicationRequest,All Clinical Records & Diagnostic Evidence,Active On-Chain Consent (Granted by Patient),NO,N/A,N/A,Direct patient consent validated via ConsentManager.sol,AES-256-GCM,vault-transit-key-0xf8bd6871,Qmedc6c2111c76dcb06cdaf05d66d9dab07ada0929c264,0.0.4891024,4067,2026-09-13 11:49:01 UTC,0xe9d91de522532e74d01048845f01d9d96c598d2c0698a627c4a20694d8639241,0.0001
ENC-00068,Ishaan Bhatia,849268,0x691db7c0c8ea7876d30a58a525ed8dc7498d6e9d,86,female,A+,Dr. Preeti Deshmukh,0x23618e81E3f5cdF7f54C3d65f7FBc0aBf5B21E8f,NMC-82194,Obstetrics & Pediatrics,Max Super Speciality Cancer Institute,0x28B7eA94B34C8F52D19E50Eb14769Da20F5D54b4,"Acute myocardial infarction, unspecified",I21.9,Cardiology,Emergency,95/60 mmHg,112,93%,165,"Ticagrelor 90mg BID, Aspirin 325mg, Atorvastatin 80mg, IV Heparin",Medium,Advisory: Confirm Patient Creatinine Clearance prior to Metformin XR,FHIR_R4_Bundle_I21.9_Condition_MedicationRequest,All Clinical Records & Diagnostic Evidence,Break-Glass Emergency Invoked (Active Override),YES,"Acute Life-Threatening Presentation: Acute myocardial infarction, unspecified",60 Minutes (Auto-Expiring Ephemeral Key),Emergency access granted; immediate HCS compliance event broadcasted,AES-256-GCM,vault-transit-key-0x691db7c0,Qm36aed0807e9b00f5ce146d137fd14dc74c9bd2c64a67,0.0.4891024,4068,2026-09-13 11:49:03 UTC,0x9427481d2f30d6d3da671ec296a015be3bb2a9c7501bb6e5b81741cb2b916ef4,0.0001
ENC-00069,Bhavna Shetty,849269,0x104591be8e1901aa86db3b20812a08b42f852821,87,male,A+,Dr. Preeti Deshmukh,0x23618e81E3f5cdF7f54C3d65f7FBc0aBf5B21E8f,NMC-82194,Obstetrics & Pediatrics,Fortis Memorial Neuro & Trauma Center,0x84f93618C1D541bB1Dcf1373A8eE500A7D439634,Essential (primary) hypertension,I10,Cardiology,Moderate,148/92 mmHg,78,98%,110,"Amlodipine 5mg QD, Telmisartan 40mg QD",High,Advisory: Confirm Patient Creatinine Clearance prior to Metformin XR,FHIR_R4_Bundle_I10_Condition_MedicationRequest,All Clinical Records & Diagnostic Evidence,Active On-Chain Consent (Granted by Patient),NO,N/A,N/A,Direct patient consent validated via ConsentManager.sol,AES-256-GCM,vault-transit-key-0x104591be,Qmf273085418bf632d61405ce3cb6af037a31bce0dfdb6,0.0.4891024,4069,2026-09-13 11:49:05 UTC,0x7847b7ee77e159312b6f62befd3d16a8a94ba4ef883bf081146f93931e58138d,0.0001
ENC-00070,Ananya Kulkarni,849270,0xc0222f03c84469a53ae28d71b52b3a7ac0dec6c2,88,female,O+,Dr. Rajesh Sharma,0x3c44CdDdB6a900fa2b585dd299e03d12FA4293BC,NMC-78491,Gastroenterology,Max Super Speciality Cancer Institute,0x28B7eA94B34C8F52D19E50Eb14769Da20F5D54b4,Gastro-esophageal reflux disease,K21.9,Gastroenterology,Low,120/80 mmHg,70,99%,98,"Pantoprazole 40mg QD pre-breakfast, Domperidone 30mg QD",Low,Advisory: Monitor Serum Potassium & Renal Function with ACEi/ARB,FHIR_R4_Bundle_K21.9_Condition_MedicationRequest,All Clinical Records & Diagnostic Evidence,Pending Patient Authorization,NO,N/A,N/A,Access request pending approval from patient wallet,AES-256-GCM,vault-transit-key-0xc0222f03,Qm6a80ea64875aada50494e01d5566ebbb1c3ee18bdea7,0.0.4891024,4070,2026-09-13 11:49:07 UTC,0x65e3a5a2ab1d3d503df77658459d76e4310a1acc2fcc7a6c477e041d737abba4,0.0001
ENC-00071,Rahul Chatterjee,849271,0x7faae0df5128c459c220955714263f2ffc78582a,89,male,B+,Dr. Ananya Roy,0x9965507D1a55bcC2695C58ba16FB37d819B0A4dc,NMC-51203,Hematology,Max Super Speciality Cancer Institute,0x28B7eA94B34C8F52D19E50Eb14769Da20F5D54b4,Dengue fever [classical dengue],A90,Infectious Disease,High,100/68 mmHg,96,98%,102,"Oral Rehydration Salts 1L/day, Paracetamol 650mg SOS",Low,Advisory: Monitor Serum Potassium & Renal Function with ACEi/ARB,FHIR_R4_Bundle_A90_Condition_MedicationRequest,All Clinical Records & Diagnostic Evidence,Active On-Chain Consent (Granted by Patient),NO,N/A,N/A,Direct patient consent validated via ConsentManager.sol,AES-256-GCM,vault-transit-key-0x7faae0df,Qme3ef4fd56ffd7983b7b0819015fd179a2bb7e7aecdfb,0.0.4891024,4071,2026-09-13 11:49:09 UTC,0x81d5ec67582e49f45ab55d06462fe8521f557de8cd6738cd1c96e277d1ff8674,0.0001
ENC-00072,Chetan Mukherjee,849272,0x3591060ef4b6b55e14abc8e09d2d897037fff612,18,female,AB+,Dr. Sarah Jenkins,0x04Fee3FD1B338d12FFD6dBD8d66dE1e8e0BB99cB,NMC-48192,Cardiology,Care & Cure Pediatric & Maternity Hospital,0x937F51E09477BfD31E56c5e533038a8eEAc096b7,"Acute myocardial infarction, unspecified",I21.9,Cardiology,Emergency,95/60 mmHg,112,93%,165,"Ticagrelor 90mg BID, Aspirin 325mg, Atorvastatin 80mg, IV Heparin",Low,Advisory: Monitor Serum Potassium & Renal Function with ACEi/ARB,FHIR_R4_Bundle_I21.9_Condition_MedicationRequest,All Clinical Records & Diagnostic Evidence,Break-Glass Emergency Invoked (Active Override),YES,"Acute Life-Threatening Presentation: Acute myocardial infarction, unspecified",60 Minutes (Auto-Expiring Ephemeral Key),Emergency access granted; immediate HCS compliance event broadcasted,AES-256-GCM,vault-transit-key-0x3591060e,Qm1cd41a9398eda57eeceb12e17ca5c23a2d56166b5a2f,0.0.4891024,4072,2026-09-13 11:49:12 UTC,0xc91ee2d2c889dd45abc1fc361868159ac3a62e55af8722278a9a0dc7cefcf87e,0.0001
ENC-00073,Ananya Kapoor,849273,0x4fedb42cc397739b2be45cca297592fb4369b065,19,male,O-,Dr. Rohan Patel,0x976EA74026E726554dB657fA54763abd0C3a0aa9,NMC-11029,Neurology,Care & Cure Pediatric & Maternity Hospital,0x937F51E09477BfD31E56c5e533038a8eEAc096b7,Malignant neoplasm of female breast,C50.919,Oncology,Critical,122/76 mmHg,84,98%,105,"Tamoxifen 20mg QD, Trastuzumab 6mg/kg IV Q3W, Paclitaxel",High,Passed - Safe pediatric/geriatric dosage tier verified,FHIR_R4_Bundle_C50.919_Condition_MedicationRequest,All Clinical Records & Diagnostic Evidence,Active On-Chain Consent (Granted by Patient),NO,N/A,N/A,Direct patient consent validated via ConsentManager.sol,AES-256-GCM,vault-transit-key-0x4fedb42c,Qmcd36205571ac03170716358eb8bebd35b73c8746979f,0.0.4891024,4073,2026-09-13 11:49:13 UTC,0x3d39e9075bc436bd16bf719f6643cc0fa9994580984f0fb66d30dd9098ad099b,0.0001
ENC-00074,Neha Swaminathan,849274,0x468f2dc6dc649ae05e1184188695f22920d92eff,20,female,O-,Dr. Sunita Narang,0xBcd4042DE499D14e55001CcbB24a551F3b954096,NMC-90812,Endocrinology & Internal Medicine,Max Super Speciality Cancer Institute,0x28B7eA94B34C8F52D19E50Eb14769Da20F5D54b4,"Epilepsy, unspecified, without status epilepticus",G40.909,Neurology,High,118/74 mmHg,76,99%,95,"Levetiracetam 500mg BID, Clobazam 10mg QHS",Medium,Passed - Safe pediatric/geriatric dosage tier verified,FHIR_R4_Bundle_G40.909_Condition_MedicationRequest,All Clinical Records & Diagnostic Evidence,Active On-Chain Consent (Granted by Patient),NO,N/A,N/A,Direct patient consent validated via ConsentManager.sol,AES-256-GCM,vault-transit-key-0x468f2dc6,Qm0fd18066f2f6c9497cab461e7d38aca5cdc4bec6b9ab,0.0.4891024,4074,2026-09-13 11:49:16 UTC,0x51f484101059f05bb387aa7f6e335e2d6c770fc01ffeb6184b8fab807477cc59,0.0001
ENC-00075,Madhav Bhatia,849275,0x8895192c6601c0cae911d5bc18b13190342210c1,21,male,AB-,Dr. Vikram Seth,0x15d34AAf54267DB7D7c367839AAf71A00a2C6A65,NMC-99014,Oncology,Apollo Multispecialty Hospital,0x155Af6ECaFb48861dA7d16Fb8Af2f6ce9d6DD779,Malignant neoplasm of female breast,C50.919,Oncology,Critical,122/76 mmHg,84,98%,105,"Tamoxifen 20mg QD, Trastuzumab 6mg/kg IV Q3W, Paclitaxel",Medium,Advisory: Confirm Patient Creatinine Clearance prior to Metformin XR,FHIR_R4_Bundle_C50.919_Condition_MedicationRequest,All Clinical Records & Diagnostic Evidence,Active On-Chain Consent (Granted by Patient),NO,N/A,N/A,Direct patient consent validated via ConsentManager.sol,AES-256-GCM,vault-transit-key-0x8895192c,Qm0001d2319885800f42478753da1ea0b47a0ea7a70c8a,0.0.4891024,4075,2026-09-13 11:49:18 UTC,0x4b6f02588597d94e6b0c4917b1a97dad69002126826000062c6599c32ab1e454,0.0001
ENC-00076,Sakshi Rao,849276,0x9b96c2a09a6899d7dd8b8e59ab8c2c2df8d94471,22,female,B-,Dr. Sarah Jenkins,0x04Fee3FD1B338d12FFD6dBD8d66dE1e8e0BB99cB,NMC-48192,Cardiology,Max Super Speciality Cancer Institute,0x28B7eA94B34C8F52D19E50Eb14769Da20F5D54b4,Dengue fever [classical dengue],A90,Infectious Disease,High,100/68 mmHg,96,98%,102,"Oral Rehydration Salts 1L/day, Paracetamol 650mg SOS",High,Passed - Zero Drug-Drug Interaction Warning (Confidence 99.4%),FHIR_R4_Bundle_A90_Condition_MedicationRequest,All Clinical Records & Diagnostic Evidence,Pending Patient Authorization,NO,N/A,N/A,Access request pending approval from patient wallet,AES-256-GCM,vault-transit-key-0x9b96c2a0,Qm945cd42914ccec670656cebef27faa805441e26b0823,0.0.4891024,4076,2026-09-13 11:49:20 UTC,0xc84db9dd04f42f0489ec9707b581b1f914900edab9dd486e08b25bab48828bba,0.0001
ENC-00077,Sneha Pillai,849277,0xc17f7b0ff1a3a095a4c174e056ee0b822c9a3499,23,male,B+,Dr. Sunita Narang,0xBcd4042DE499D14e55001CcbB24a551F3b954096,NMC-90812,Endocrinology & Internal Medicine,Care & Cure Pediatric & Maternity Hospital,0x937F51E09477BfD31E56c5e533038a8eEAc096b7,Dengue fever [classical dengue],A90,Infectious Disease,High,100/68 mmHg,96,98%,102,"Oral Rehydration Salts 1L/day, Paracetamol 650mg SOS",Medium,Advisory: Monitor Serum Potassium & Renal Function with ACEi/ARB,FHIR_R4_Bundle_A90_Condition_MedicationRequest,All Clinical Records & Diagnostic Evidence,Active On-Chain Consent (Granted by Patient),NO,N/A,N/A,Direct patient consent validated via ConsentManager.sol,AES-256-GCM,vault-transit-key-0xc17f7b0f,Qm3efffd9b9220488dbf5fe8a2d0ef4a18d1ca186cae43,0.0.4891024,4077,2026-09-13 11:49:21 UTC,0x7df3a9605f043682826ea436d4df7ae5dc17f2ab1d4b66bafa418a351af8dd03,0.0001
ENC-00078,Rakesh Mishra,849278,0xf3bdaf1e6ae150959d7d82ad069de67ec69d82bc,24,female,AB+,Dr. Sunita Narang,0xBcd4042DE499D14e55001CcbB24a551F3b954096,NMC-90812,Endocrinology & Internal Medicine,Care & Cure Pediatric & Maternity Hospital,0x937F51E09477BfD31E56c5e533038a8eEAc096b7,Essential (primary) hypertension,I10,Cardiology,Moderate,148/92 mmHg,78,98%,110,"Amlodipine 5mg QD, Telmisartan 40mg QD",High,Advisory: Confirm Patient Creatinine Clearance prior to Metformin XR,FHIR_R4_Bundle_I10_Condition_MedicationRequest,All Clinical Records & Diagnostic Evidence,Active On-Chain Consent (Granted by Patient),NO,N/A,N/A,Direct patient consent validated via ConsentManager.sol,AES-256-GCM,vault-transit-key-0xf3bdaf1e,Qm459564a8e5d021ab227aeb99318bc06f888752000247,0.0.4891024,4078,2026-09-13 11:49:24 UTC,0xaf9e52b625db8d9bbd0ebc1ae48e1995b1cf6843e101bd5f8c5e13c0686666d9,0.0001
ENC-00079,Sakshi Kapoor,849279,0x91ebede8066317320d7d766f720afd185b42be3a,25,male,B-,Dr. Sunita Narang,0xBcd4042DE499D14e55001CcbB24a551F3b954096,NMC-90812,Endocrinology & Internal Medicine,Care & Cure Pediatric & Maternity Hospital,0x937F51E09477BfD31E56c5e533038a8eEAc096b7,Gastro-esophageal reflux disease,K21.9,Gastroenterology,Low,120/80 mmHg,70,99%,98,"Pantoprazole 40mg QD pre-breakfast, Domperidone 30mg QD",Medium,Passed - Zero Drug-Drug Interaction Warning (Confidence 99.4%),FHIR_R4_Bundle_K21.9_Condition_MedicationRequest,All Clinical Records & Diagnostic Evidence,Active On-Chain Consent (Granted by Patient),NO,N/A,N/A,Direct patient consent validated via ConsentManager.sol,AES-256-GCM,vault-transit-key-0x91ebede8,Qm7c746ddc0f1b51aff2ec14ae9fd5b9bd8e3d36c058eb,0.0.4891024,4079,2026-09-13 11:49:26 UTC,0x0d80fd7ae3ab49da638178c1cfdae841c6e14abbc50d3ab807d26bcc129a6133,0.0001
ENC-00080,Pranav Mehta,849280,0x0eafabc22364d482fe8bc72789075bb9322754e0,26,female,O+,Dr. Vikram Seth,0x15d34AAf54267DB7D7c367839AAf71A00a2C6A65,NMC-99014,Oncology,Care & Cure Pediatric & Maternity Hospital,0x937F51E09477BfD31E56c5e533038a8eEAc096b7,Gastro-esophageal reflux disease,K21.9,Gastroenterology,Low,120/80 mmHg,70,99%,98,"Pantoprazole 40mg QD pre-breakfast, Domperidone 30mg QD",Low,Advisory: Monitor Serum Potassium & Renal Function with ACEi/ARB,FHIR_R4_Bundle_K21.9_Condition_MedicationRequest,All Clinical Records & Diagnostic Evidence,Active On-Chain Consent (Granted by Patient),NO,N/A,N/A,Direct patient consent validated via ConsentManager.sol,AES-256-GCM,vault-transit-key-0x0eafabc2,Qm2168794ed3efa9b25cbb3fb23e08777413f554ef2ed0,0.0.4891024,4080,2026-09-13 11:49:28 UTC,0xa03850e5cf5c002c208d1134c5287ceab90dd2b8e821aaf786be713007db1f4e,0.0001
ENC-00081,Ishaan Agarwal,849281,0x7eacf8edef3880c0ad7346f7494bc0a4779d3062,27,male,A-,Dr. Rajesh Sharma,0x3c44CdDdB6a900fa2b585dd299e03d12FA4293BC,NMC-78491,Gastroenterology,Apex Diagnostic & Pathology Hub,0x04Fee3FD1B338d12FFD6dBD8d66dE1e8e0BB99cB,Essential (primary) hypertension,I10,Cardiology,Moderate,148/92 mmHg,78,98%,110,"Amlodipine 5mg QD, Telmisartan 40mg QD",Low,Passed - Zero Drug-Drug Interaction Warning (Confidence 99.4%),FHIR_R4_Bundle_I10_Condition_MedicationRequest,All Clinical Records & Diagnostic Evidence,Pending Patient Authorization,NO,N/A,N/A,Access request pending approval from patient wallet,AES-256-GCM,vault-transit-key-0x7eacf8ed,Qm2baaeaa5320ceed97384515d97c57af378b91dd732f9,0.0.4891024,4081,2026-09-13 11:49:30 UTC,0x122e954950ee20fc01dbc2c22e7626948b8a16db0a9fc1498364e95038d15e9f,0.0001
ENC-00082,Sameer Malhotra,849282,0xf7d5b02648514695a146368f45e43aaa56571146,28,female,A-,Dr. Sunita Narang,0xBcd4042DE499D14e55001CcbB24a551F3b954096,NMC-90812,Endocrinology & Internal Medicine,Apex Diagnostic & Pathology Hub,0x04Fee3FD1B338d12FFD6dBD8d66dE1e8e0BB99cB,"Acute myocardial infarction, unspecified",I21.9,Cardiology,Emergency,95/60 mmHg,112,93%,165,"Ticagrelor 90mg BID, Aspirin 325mg, Atorvastatin 80mg, IV Heparin",High,Advisory: Monitor Serum Potassium & Renal Function with ACEi/ARB,FHIR_R4_Bundle_I21.9_Condition_MedicationRequest,All Clinical Records & Diagnostic Evidence,Break-Glass Emergency Invoked (Active Override),YES,"Acute Life-Threatening Presentation: Acute myocardial infarction, unspecified",60 Minutes (Auto-Expiring Ephemeral Key),Emergency access granted; immediate HCS compliance event broadcasted,AES-256-GCM,vault-transit-key-0xf7d5b026,Qmad716cb42404fbfa85755657898ea40cdd012e84ca15,0.0.4891024,4082,2026-09-13 11:49:32 UTC,0x87b1b843e6b9909f65b71556db59da816f9e1e8acc606c7099f1b7f8070ccb7a,0.0001
ENC-00083,Nikhil Nair,849283,0x518ec1a5ff4bb8338752a34193fdf83dcae615c2,29,male,B-,Dr. Sunita Narang,0xBcd4042DE499D14e55001CcbB24a551F3b954096,NMC-90812,Endocrinology & Internal Medicine,Max Super Speciality Cancer Institute,0x28B7eA94B34C8F52D19E50Eb14769Da20F5D54b4,"Epilepsy, unspecified, without status epilepticus",G40.909,Neurology,High,118/74 mmHg,76,99%,95,"Levetiracetam 500mg BID, Clobazam 10mg QHS",Medium,Advisory: Confirm Patient Creatinine Clearance prior to Metformin XR,FHIR_R4_Bundle_G40.909_Condition_MedicationRequest,All Clinical Records & Diagnostic Evidence,Pending Patient Authorization,NO,N/A,N/A,Access request pending approval from patient wallet,AES-256-GCM,vault-transit-key-0x518ec1a5,Qmbc9b2f0ec8064885c12b53fe558dc7fe1015e5ed8cc1,0.0.4891024,4083,2026-09-13 11:49:34 UTC,0x48f96ec9d70edae0110cec6a25c23752a439a6921bee4ca1bf6fdecb7330a4f8,0.0001
ENC-00084,Pooja Pandey,849284,0x6f0bc8ee6c6c54746bdb23a6d0d27e67c69d7eed,30,female,AB+,Dr. Sarah Jenkins,0x04Fee3FD1B338d12FFD6dBD8d66dE1e8e0BB99cB,NMC-48192,Cardiology,Apollo Multispecialty Hospital,0x155Af6ECaFb48861dA7d16Fb8Af2f6ce9d6DD779,Essential (primary) hypertension,I10,Cardiology,Moderate,148/92 mmHg,78,98%,110,"Amlodipine 5mg QD, Telmisartan 40mg QD",Medium,Passed - Zero Drug-Drug Interaction Warning (Confidence 99.4%),FHIR_R4_Bundle_I10_Condition_MedicationRequest,All Clinical Records & Diagnostic Evidence,Pending Patient Authorization,NO,N/A,N/A,Access request pending approval from patient wallet,AES-256-GCM,vault-transit-key-0x6f0bc8ee,Qma157165e54101b7792e30cbfe46986853421f7040df9,0.0.4891024,4084,2026-09-13 11:49:37 UTC,0x614dc6aa0d4ee6c8805e0e909a615fb9b65eea78445af25377af8291acafff27,0.0001
ENC-00085,Anand Verma,849285,0xd375fea82388721af6a42e0363135a039b24cb42,31,male,B+,Dr. Vikram Seth,0x15d34AAf54267DB7D7c367839AAf71A00a2C6A65,NMC-99014,Oncology,Fortis Memorial Neuro & Trauma Center,0x84f93618C1D541bB1Dcf1373A8eE500A7D439634,Essential (primary) hypertension,I10,Cardiology,Moderate,148/92 mmHg,78,98%,110,"Amlodipine 5mg QD, Telmisartan 40mg QD",Medium,Advisory: Monitor Serum Potassium & Renal Function with ACEi/ARB,FHIR_R4_Bundle_I10_Condition_MedicationRequest,All Clinical Records & Diagnostic Evidence,Active On-Chain Consent (Granted by Patient),NO,N/A,N/A,Direct patient consent validated via ConsentManager.sol,AES-256-GCM,vault-transit-key-0xd375fea8,Qmabc7b016f4a6319cc9abac5cc87d98f424f1f79d5aee,0.0.4891024,4085,2026-09-13 11:49:38 UTC,0x5279f18d22f553c30b19b438b0985b3cd117f331b4c2853dda0cd71e504c9b41,0.0001
ENC-00086,Ishaan Ghosh,849286,0x220bcc880c0f2987052edaca8215a97ae2a145d3,32,female,B-,Dr. Preeti Deshmukh,0x23618e81E3f5cdF7f54C3d65f7FBc0aBf5B21E8f,NMC-82194,Obstetrics & Pediatrics,Care & Cure Pediatric & Maternity Hospital,0x937F51E09477BfD31E56c5e533038a8eEAc096b7,Type 2 diabetes mellitus without complications,E11.9,Endocrinology,Moderate,130/82 mmHg,72,99%,142,"Metformin 500mg BID, Dapagliflozin 10mg QD",Low,Advisory: Confirm Patient Creatinine Clearance prior to Metformin XR,FHIR_R4_Bundle_E11.9_Condition_MedicationRequest,All Clinical Records & Diagnostic Evidence,Pending Patient Authorization,NO,N/A,N/A,Access request pending approval from patient wallet,AES-256-GCM,vault-transit-key-0x220bcc88,Qm70fe3c77fe35f618ee7549d68eac7b44f9b4850f36f4,0.0.4891024,4086,2026-09-13 11:49:40 UTC,0xd0cf6bcf8e8d9e3b27f95dbdf250f2bd1483b8134abde3b198a835ec84288389,0.0001
ENC-00087,Deepak Mishra,849287,0xe656a0986439e23b5f2023327af7d82296fc2352,33,male,B-,Dr. Sarah Jenkins,0x04Fee3FD1B338d12FFD6dBD8d66dE1e8e0BB99cB,NMC-48192,Cardiology,Apollo Multispecialty Hospital,0x155Af6ECaFb48861dA7d16Fb8Af2f6ce9d6DD779,Type 2 diabetes mellitus without complications,E11.9,Endocrinology,Moderate,130/82 mmHg,72,99%,142,"Metformin 500mg BID, Dapagliflozin 10mg QD",High,Passed - Safe pediatric/geriatric dosage tier verified,FHIR_R4_Bundle_E11.9_Condition_MedicationRequest,All Clinical Records & Diagnostic Evidence,Active On-Chain Consent (Granted by Patient),NO,N/A,N/A,Direct patient consent validated via ConsentManager.sol,AES-256-GCM,vault-transit-key-0xe656a098,Qmcaeade6c8b91369756499ee7265fd0020b14206fb635,0.0.4891024,4087,2026-09-13 11:49:42 UTC,0xaf1fe226df5beacb5fcb5c75384e9dc753fec4046e034eb69bad1a5ae757459e,0.0001
ENC-00088,Rohan Hegde,849288,0x834f2e174a77acd36c9f2032088b896c07d00ba8,34,female,A-,Dr. Ananya Roy,0x9965507D1a55bcC2695C58ba16FB37d819B0A4dc,NMC-51203,Hematology,Apex Diagnostic & Pathology Hub,0x04Fee3FD1B338d12FFD6dBD8d66dE1e8e0BB99cB,Essential (primary) hypertension,I10,Cardiology,Moderate,148/92 mmHg,78,98%,110,"Amlodipine 5mg QD, Telmisartan 40mg QD",Low,Passed - Safe pediatric/geriatric dosage tier verified,FHIR_R4_Bundle_I10_Condition_MedicationRequest,All Clinical Records & Diagnostic Evidence,Active On-Chain Consent (Granted by Patient),NO,N/A,N/A,Direct patient consent validated via ConsentManager.sol,AES-256-GCM,vault-transit-key-0x834f2e17,Qmc414064787b3d69f0279fe4a132a1202a6b77b009a7d,0.0.4891024,4088,2026-09-13 11:49:45 UTC,0xf835be70e53366b715ced6ca71e0a97727ff650da71df434e8144a7a90c0366e,0.0001
ENC-00089,Rahul Kulkarni,849289,0xa3f8ab0ae5fa0886f3dec8264650d8cd29f4d9f3,35,male,AB-,Dr. Ananya Roy,0x9965507D1a55bcC2695C58ba16FB37d819B0A4dc,NMC-51203,Hematology,Fortis Memorial Neuro & Trauma Center,0x84f93618C1D541bB1Dcf1373A8eE500A7D439634,Gastro-esophageal reflux disease,K21.9,Gastroenterology,Low,120/80 mmHg,70,99%,98,"Pantoprazole 40mg QD pre-breakfast, Domperidone 30mg QD",Medium,Passed - Safe pediatric/geriatric dosage tier verified,FHIR_R4_Bundle_K21.9_Condition_MedicationRequest,All Clinical Records & Diagnostic Evidence,Active On-Chain Consent (Granted by Patient),NO,N/A,N/A,Direct patient consent validated via ConsentManager.sol,AES-256-GCM,vault-transit-key-0xa3f8ab0a,Qm9dd0cb9a3efa786a0ee887a5dc432c10c3d6cb00845c,0.0.4891024,4089,2026-09-13 11:49:47 UTC,0x87bec0d638c4f4e32940e6a3aa99373813903794c79fce7d6d2164a594db3ec4,0.0001
ENC-00090,Amit Choudhury,849290,0x6af1c3de87a6ef1e4ce13ac0a5ca500267d4e71c,36,female,AB+,Dr. Ananya Roy,0x9965507D1a55bcC2695C58ba16FB37d819B0A4dc,NMC-51203,Hematology,Apollo Multispecialty Hospital,0x155Af6ECaFb48861dA7d16Fb8Af2f6ce9d6DD779,Dengue fever [classical dengue],A90,Infectious Disease,High,100/68 mmHg,96,98%,102,"Oral Rehydration Salts 1L/day, Paracetamol 650mg SOS",High,Advisory: Confirm Patient Creatinine Clearance prior to Metformin XR,FHIR_R4_Bundle_A90_Condition_MedicationRequest,All Clinical Records & Diagnostic Evidence,Active On-Chain Consent (Granted by Patient),NO,N/A,N/A,Direct patient consent validated via ConsentManager.sol,AES-256-GCM,vault-transit-key-0x6af1c3de,Qme4f0d041b2f97678df5397f3d9d7be89e83b75e39a57,0.0.4891024,4090,2026-09-13 11:49:49 UTC,0x34f81f6df8b0a44ab801fcc998ecbbf89faa79a1bc7db59c67a57d838e92b312,0.0001
ENC-00091,Gautam Banerjee,849291,0xb7fe278cad36d7914154bb9195aa77dc5802038c,37,male,AB+,Dr. Rohan Patel,0x976EA74026E726554dB657fA54763abd0C3a0aa9,NMC-11029,Neurology,Apollo Multispecialty Hospital,0x155Af6ECaFb48861dA7d16Fb8Af2f6ce9d6DD779,Gastro-esophageal reflux disease,K21.9,Gastroenterology,Low,120/80 mmHg,70,99%,98,"Pantoprazole 40mg QD pre-breakfast, Domperidone 30mg QD",Medium,Passed - Safe pediatric/geriatric dosage tier verified,FHIR_R4_Bundle_K21.9_Condition_MedicationRequest,All Clinical Records & Diagnostic Evidence,Pending Patient Authorization,NO,N/A,N/A,Access request pending approval from patient wallet,AES-256-GCM,vault-transit-key-0xb7fe278c,Qm0b37ae9228a85f13f19583543b16c1b89844b03bcd15,0.0.4891024,4091,2026-09-13 11:49:51 UTC,0x85b321e1097b573c03649fe301ef865ad8b643739ea6956701cc8f90e2acb64d,0.0001
ENC-00092,Kiran Reddy,849292,0x5953ef90cd9805b4c078e4583a9c34f677c86e3b,38,female,O-,Dr. Vikram Seth,0x15d34AAf54267DB7D7c367839AAf71A00a2C6A65,NMC-99014,Oncology,Max Super Speciality Cancer Institute,0x28B7eA94B34C8F52D19E50Eb14769Da20F5D54b4,"Acute myocardial infarction, unspecified",I21.9,Cardiology,Emergency,95/60 mmHg,112,93%,165,"Ticagrelor 90mg BID, Aspirin 325mg, Atorvastatin 80mg, IV Heparin",Medium,Advisory: Monitor Serum Potassium & Renal Function with ACEi/ARB,FHIR_R4_Bundle_I21.9_Condition_MedicationRequest,All Clinical Records & Diagnostic Evidence,Break-Glass Emergency Invoked (Active Override),YES,"Acute Life-Threatening Presentation: Acute myocardial infarction, unspecified",60 Minutes (Auto-Expiring Ephemeral Key),Emergency access granted; immediate HCS compliance event broadcasted,AES-256-GCM,vault-transit-key-0x5953ef90,Qmc64f582c6c287594b5b7175ac723dfd850319ed97503,0.0.4891024,4092,2026-09-13 11:49:53 UTC,0xdd61ecb5f55b0514904943f2d008c2c36cd717028b69fb45f6d9b47556173fb3,0.0001
ENC-00093,Lata Rao,849293,0xc169577b7f6cd2810a89a000c41bb8de66d151d8,39,male,A+,Dr. Rajesh Sharma,0x3c44CdDdB6a900fa2b585dd299e03d12FA4293BC,NMC-78491,Gastroenterology,Care & Cure Pediatric & Maternity Hospital,0x937F51E09477BfD31E56c5e533038a8eEAc096b7,Dengue fever [classical dengue],A90,Infectious Disease,High,100/68 mmHg,96,98%,102,"Oral Rehydration Salts 1L/day, Paracetamol 650mg SOS",Medium,Advisory: Monitor Serum Potassium & Renal Function with ACEi/ARB,FHIR_R4_Bundle_A90_Condition_MedicationRequest,All Clinical Records & Diagnostic Evidence,Active On-Chain Consent (Granted by Patient),NO,N/A,N/A,Direct patient consent validated via ConsentManager.sol,AES-256-GCM,vault-transit-key-0xc169577b,Qmb0e9c62bda7efa568a324f62f6d1f6a37e42d1539879,0.0.4891024,4093,2026-09-13 11:49:55 UTC,0x63a5fa39bb61b8b5119c16ef9f6ed9f48dd84dc514c43d1c45e45d22e15f619d,0.0001
ENC-00094,Rahul Kapoor,849294,0x16ace109b64ec0db7babc0da02b4c41346afeae1,40,female,O-,Dr. Preeti Deshmukh,0x23618e81E3f5cdF7f54C3d65f7FBc0aBf5B21E8f,NMC-82194,Obstetrics & Pediatrics,Fortis Memorial Neuro & Trauma Center,0x84f93618C1D541bB1Dcf1373A8eE500A7D439634,Type 2 diabetes mellitus without complications,E11.9,Endocrinology,Moderate,130/82 mmHg,72,99%,142,"Metformin 500mg BID, Dapagliflozin 10mg QD",Medium,Passed - Safe pediatric/geriatric dosage tier verified,FHIR_R4_Bundle_E11.9_Condition_MedicationRequest,All Clinical Records & Diagnostic Evidence,Active On-Chain Consent (Granted by Patient),NO,N/A,N/A,Direct patient consent validated via ConsentManager.sol,AES-256-GCM,vault-transit-key-0x16ace109,Qm071dc8b0fcbdbd7fe3b15cbdc5ff54db6c077b80621a,0.0.4891024,4094,2026-09-13 11:49:57 UTC,0xdbd198a62cb054f062b49f7eb460be4caae61f2749a8723dad3373d567510d1b,0.0001
ENC-00095,Pooja Gowda,849295,0xb83d294e87e11dcadc19fde59c704cc17532cb92,41,male,AB-,Dr. Rohan Patel,0x976EA74026E726554dB657fA54763abd0C3a0aa9,NMC-11029,Neurology,Care & Cure Pediatric & Maternity Hospital,0x937F51E09477BfD31E56c5e533038a8eEAc096b7,Unspecified intracranial injury / Concussion,S06.9X0A,Trauma & Emergency,Emergency,150/95 mmHg,64,97%,130,"Mannitol 20% 100mL IV, Phenytoin 100mg IV, Analgesics",Medium,Passed - Safe pediatric/geriatric dosage tier verified,FHIR_R4_Bundle_S06.9X0A_Condition_MedicationRequest,All Clinical Records & Diagnostic Evidence,Active On-Chain Consent (Granted by Patient),NO,N/A,N/A,Direct patient consent validated via ConsentManager.sol,AES-256-GCM,vault-transit-key-0xb83d294e,Qm944ebbe7f505a22b75f09c0abfdb5e1791343911565c,0.0.4891024,4095,2026-09-13 11:50:00 UTC,0xfeafe4c24eb8225102e2ceb69cf971ea9bcb4a4a4f776cad9cd35aaa287ec96f,0.0001
ENC-00096,Bhavna Pandey,849296,0xe3bb030f46ced5c36cee2502458cf202b80b8fed,42,female,A+,Dr. Sarah Jenkins,0x04Fee3FD1B338d12FFD6dBD8d66dE1e8e0BB99cB,NMC-48192,Cardiology,Care & Cure Pediatric & Maternity Hospital,0x937F51E09477BfD31E56c5e533038a8eEAc096b7,"Acute myocardial infarction, unspecified",I21.9,Cardiology,Emergency,95/60 mmHg,112,93%,165,"Ticagrelor 90mg BID, Aspirin 325mg, Atorvastatin 80mg, IV Heparin",High,Passed - Zero Drug-Drug Interaction Warning (Confidence 99.4%),FHIR_R4_Bundle_I21.9_Condition_MedicationRequest,All Clinical Records & Diagnostic Evidence,Break-Glass Emergency Invoked (Active Override),YES,"Acute Life-Threatening Presentation: Acute myocardial infarction, unspecified",60 Minutes (Auto-Expiring Ephemeral Key),Emergency access granted; immediate HCS compliance event broadcasted,AES-256-GCM,vault-transit-key-0xe3bb030f,Qmb2ed82c01a1fcc3579b927e91336685f11349ced8f7e,0.0.4891024,4096,2026-09-13 11:50:01 UTC,0x3d996194324c34b9eb8967aeacaa10fc8f8a607236f84b1f037cf687e0856318,0.0001
ENC-00097,Ishaan Nair,849297,0x666b2d800267571065eaf50cb2e93f93589ea192,43,male,AB+,Dr. Ananya Roy,0x9965507D1a55bcC2695C58ba16FB37d819B0A4dc,NMC-51203,Hematology,Apollo Multispecialty Hospital,0x155Af6ECaFb48861dA7d16Fb8Af2f6ce9d6DD779,Essential (primary) hypertension,I10,Cardiology,Moderate,148/92 mmHg,78,98%,110,"Amlodipine 5mg QD, Telmisartan 40mg QD",High,Passed - Safe pediatric/geriatric dosage tier verified,FHIR_R4_Bundle_I10_Condition_MedicationRequest,All Clinical Records & Diagnostic Evidence,Pending Patient Authorization,NO,N/A,N/A,Access request pending approval from patient wallet,AES-256-GCM,vault-transit-key-0x666b2d80,Qmfda101be9951884deb268b3d4d5ac5f11c4caffcdeef,0.0.4891024,4097,2026-09-13 11:50:03 UTC,0x36e80c8142ad218b08c2db1f745dce1744eb2cef5470cacf5b50d9ddef1641d6,0.0001
ENC-00098,Chetan Chatterjee,849298,0xdcef11e313952791b22d8aa097f242a3b9744cf9,44,female,B+,Dr. Preeti Deshmukh,0x23618e81E3f5cdF7f54C3d65f7FBc0aBf5B21E8f,NMC-82194,Obstetrics & Pediatrics,Apex Diagnostic & Pathology Hub,0x04Fee3FD1B338d12FFD6dBD8d66dE1e8e0BB99cB,Gastro-esophageal reflux disease,K21.9,Gastroenterology,Low,120/80 mmHg,70,99%,98,"Pantoprazole 40mg QD pre-breakfast, Domperidone 30mg QD",Medium,Advisory: Confirm Patient Creatinine Clearance prior to Metformin XR,FHIR_R4_Bundle_K21.9_Condition_MedicationRequest,All Clinical Records & Diagnostic Evidence,Active On-Chain Consent (Granted by Patient),NO,N/A,N/A,Direct patient consent validated via ConsentManager.sol,AES-256-GCM,vault-transit-key-0xdcef11e3,Qmcf47a58c83bea602aba2e9ab537699dfef1302b12337,0.0.4891024,4098,2026-09-13 11:50:06 UTC,0x935d1c7d90a0bceb75b1fa2f7fe36e53f55facb9c0d89265a89b3ed75a5ca736,0.0001
ENC-00099,Riya Menon,849299,0x374851a7eb570937bb30bb572964d07711f76e2e,45,male,O-,Dr. Rohan Patel,0x976EA74026E726554dB657fA54763abd0C3a0aa9,NMC-11029,Neurology,Fortis Memorial Neuro & Trauma Center,0x84f93618C1D541bB1Dcf1373A8eE500A7D439634,Unspecified intracranial injury / Concussion,S06.9X0A,Trauma & Emergency,Emergency,150/95 mmHg,64,97%,130,"Mannitol 20% 100mL IV, Phenytoin 100mg IV, Analgesics",Medium,Advisory: Monitor Serum Potassium & Renal Function with ACEi/ARB,FHIR_R4_Bundle_S06.9X0A_Condition_MedicationRequest,All Clinical Records & Diagnostic Evidence,Break-Glass Emergency Invoked (Active Override),YES,Acute Life-Threatening Presentation: Unspecified intracranial injury / Concussion,60 Minutes (Auto-Expiring Ephemeral Key),Emergency access granted; immediate HCS compliance event broadcasted,AES-256-GCM,vault-transit-key-0x374851a7,Qm0b3dd42a4129c46eaab34fba3f6c150390225af681e9,0.0.4891024,4099,2026-09-13 11:50:08 UTC,0x9a619eac2d407d0b90960344e4e6b77f6c06f3a8d42f3c42fb5b9f570d9cdd41,0.0001
ENC-00100,Chetan Shetty,849300,0xee20e9528a4da63e3fc699ffdef20d8d9a4a3643,46,female,AB+,Dr. Sunita Narang,0xBcd4042DE499D14e55001CcbB24a551F3b954096,NMC-90812,Endocrinology & Internal Medicine,Apex Diagnostic & Pathology Hub,0x04Fee3FD1B338d12FFD6dBD8d66dE1e8e0BB99cB,Unspecified intracranial injury / Concussion,S06.9X0A,Trauma & Emergency,Emergency,150/95 mmHg,64,97%,130,"Mannitol 20% 100mL IV, Phenytoin 100mg IV, Analgesics",Medium,Advisory: Confirm Patient Creatinine Clearance prior to Metformin XR,FHIR_R4_Bundle_S06.9X0A_Condition_MedicationRequest,All Clinical Records & Diagnostic Evidence,Break-Glass Emergency Invoked (Active Override),YES,Acute Life-Threatening Presentation: Unspecified intracranial injury / Concussion,60 Minutes (Auto-Expiring Ephemeral Key),Emergency access granted; immediate HCS compliance event broadcasted,AES-256-GCM,vault-transit-key-0xee20e952,Qmc03ec40dba6135a7e2a9f862a1c79b0ae903fbad8719,0.0.4891024,4100,2026-09-13 11:50:10 UTC,0x6231159364bee90107ddf7c1cb737dde8a2bec8520cc09059c6e4a0deb27ac17,0.0001
ENC-00101,Pooja Malhotra,849301,0xfc55c3d89b46ed609437d6f1dd6a27c56bc48d25,47,male,A-,Dr. Preeti Deshmukh,0x23618e81E3f5cdF7f54C3d65f7FBc0aBf5B21E8f,NMC-82194,Obstetrics & Pediatrics,Max Super Speciality Cancer Institute,0x28B7eA94B34C8F52D19E50Eb14769Da20F5D54b4,Type 2 diabetes mellitus without complications,E11.9,Endocrinology,Moderate,130/82 mmHg,72,99%,142,"Metformin 500mg BID, Dapagliflozin 10mg QD",Medium,Passed - Safe pediatric/geriatric dosage tier verified,FHIR_R4_Bundle_E11.9_Condition_MedicationRequest,All Clinical Records & Diagnostic Evidence,Active On-Chain Consent (Granted by Patient),NO,N/A,N/A,Direct patient consent validated via ConsentManager.sol,AES-256-GCM,vault-transit-key-0xfc55c3d8,Qm44b4d87a46afe56864778a2e1dae2994c262bc4259f2,0.0.4891024,4101,2026-09-13 11:50:12 UTC,0x241ee536f1b372116026c7c073179a2701ff7aa8cd3b1b4cbb2a59f090c3a653,0.0001
ENC-00102,Tanvi Nair,849302,0x8b12df8e194eb5c64b17c78d283ac98543e08f3e,48,female,B+,Dr. Ananya Roy,0x9965507D1a55bcC2695C58ba16FB37d819B0A4dc,NMC-51203,Hematology,Apollo Multispecialty Hospital,0x155Af6ECaFb48861dA7d16Fb8Af2f6ce9d6DD779,Essential (primary) hypertension,I10,Cardiology,Moderate,148/92 mmHg,78,98%,110,"Amlodipine 5mg QD, Telmisartan 40mg QD",High,Advisory: Monitor Serum Potassium & Renal Function with ACEi/ARB,FHIR_R4_Bundle_I10_Condition_MedicationRequest,All Clinical Records & Diagnostic Evidence,Active On-Chain Consent (Granted by Patient),NO,N/A,N/A,Direct patient consent validated via ConsentManager.sol,AES-256-GCM,vault-transit-key-0x8b12df8e,Qmc3cfbe192083bbf24be13b5d1883e80263ca98fbd0b6,0.0.4891024,4102,2026-09-13 11:50:14 UTC,0x3f3931a7cdcc4216604ce356bbab9b0c283f3719c0dd0a383bc5243a51a21c75,0.0001
ENC-00103,Gautam Pandey,849303,0x9ef6de6ed31218d42a8d42c0bee985720dbae7e1,49,male,AB-,Dr. Vikram Seth,0x15d34AAf54267DB7D7c367839AAf71A00a2C6A65,NMC-99014,Oncology,Apollo Multispecialty Hospital,0x155Af6ECaFb48861dA7d16Fb8Af2f6ce9d6DD779,Essential (primary) hypertension,I10,Cardiology,Moderate,148/92 mmHg,78,98%,110,"Amlodipine 5mg QD, Telmisartan 40mg QD",Medium,Advisory: Monitor Serum Potassium & Renal Function with ACEi/ARB,FHIR_R4_Bundle_I10_Condition_MedicationRequest,All Clinical Records & Diagnostic Evidence,Active On-Chain Consent (Granted by Patient),NO,N/A,N/A,Direct patient consent validated via ConsentManager.sol,AES-256-GCM,vault-transit-key-0x9ef6de6e,Qm219d9ea7c3b4ce4fa34a4bf97d6110b08c3ccd25b85a,0.0.4891024,4103,2026-09-13 11:50:16 UTC,0x8baec2ed471349af860198141c4e51615f82907d17877033075eee35b8f4c2d0,0.0001
ENC-00104,Harish Swaminathan,849304,0x47000a0e8adc1941aae3eabe7f32cddeb31bfe27,50,female,AB+,Dr. Vikram Seth,0x15d34AAf54267DB7D7c367839AAf71A00a2C6A65,NMC-99014,Oncology,Apollo Multispecialty Hospital,0x155Af6ECaFb48861dA7d16Fb8Af2f6ce9d6DD779,Malignant neoplasm of female breast,C50.919,Oncology,Critical,122/76 mmHg,84,98%,105,"Tamoxifen 20mg QD, Trastuzumab 6mg/kg IV Q3W, Paclitaxel",High,Passed - Safe pediatric/geriatric dosage tier verified,FHIR_R4_Bundle_C50.919_Condition_MedicationRequest,All Clinical Records & Diagnostic Evidence,Active On-Chain Consent (Granted by Patient),NO,N/A,N/A,Direct patient consent validated via ConsentManager.sol,AES-256-GCM,vault-transit-key-0x47000a0e,Qm0e7b10ebf8a02ecd7d4a428295fed6da7e31015a9928,0.0.4891024,4104,2026-09-13 11:50:19 UTC,0xc072e331cfb77993f74acb8868d51615513e97ff10fc780b33d3ec49cac7b8dc,0.0001
ENC-00105,Rohan Bhatia,849305,0x5bbc145f8630123e4f884379c01be4e252b6dd8e,51,male,B-,Dr. Vikram Seth,0x15d34AAf54267DB7D7c367839AAf71A00a2C6A65,NMC-99014,Oncology,Apex Diagnostic & Pathology Hub,0x04Fee3FD1B338d12FFD6dBD8d66dE1e8e0BB99cB,Malignant neoplasm of female breast,C50.919,Oncology,Critical,122/76 mmHg,84,98%,105,"Tamoxifen 20mg QD, Trastuzumab 6mg/kg IV Q3W, Paclitaxel",High,Advisory: Monitor Serum Potassium & Renal Function with ACEi/ARB,FHIR_R4_Bundle_C50.919_Condition_MedicationRequest,All Clinical Records & Diagnostic Evidence,Active On-Chain Consent (Granted by Patient),NO,N/A,N/A,Direct patient consent validated via ConsentManager.sol,AES-256-GCM,vault-transit-key-0x5bbc145f,Qme26ba59b250db60eef6b92093ce644f182ed55ae6682,0.0.4891024,4105,2026-09-13 11:50:20 UTC,0xf155914a25e22a03a93a150ba338f1cf234ad8e350c3c6f549617c617fc5e506,0.0001
ENC-00106,Pooja Deshmukh,849306,0xb61929aaca7b8fc320392b13992dd8e7b6bf08cf,52,female,B+,Dr. Vikram Seth,0x15d34AAf54267DB7D7c367839AAf71A00a2C6A65,NMC-99014,Oncology,Apex Diagnostic & Pathology Hub,0x04Fee3FD1B338d12FFD6dBD8d66dE1e8e0BB99cB,"Acute myocardial infarction, unspecified",I21.9,Cardiology,Emergency,95/60 mmHg,112,93%,165,"Ticagrelor 90mg BID, Aspirin 325mg, Atorvastatin 80mg, IV Heparin",High,Passed - Safe pediatric/geriatric dosage tier verified,FHIR_R4_Bundle_I21.9_Condition_MedicationRequest,All Clinical Records & Diagnostic Evidence,Break-Glass Emergency Invoked (Active Override),YES,"Acute Life-Threatening Presentation: Acute myocardial infarction, unspecified",60 Minutes (Auto-Expiring Ephemeral Key),Emergency access granted; immediate HCS compliance event broadcasted,AES-256-GCM,vault-transit-key-0xb61929aa,Qma93217aaeb9f7f4854ab4c717cab281ec22c67f5188e,0.0.4891024,4106,2026-09-13 11:50:23 UTC,0x39ccb5604a2b5578288e07babb8fb7877a9d3662ec1490b3c11c13b61f736e09,0.0001
ENC-00107,Lata Agarwal,849307,0xef5c58ea9dba3aa00ea8f6b8106842309c041e85,53,male,O-,Dr. Sunita Narang,0xBcd4042DE499D14e55001CcbB24a551F3b954096,NMC-90812,Endocrinology & Internal Medicine,Apex Diagnostic & Pathology Hub,0x04Fee3FD1B338d12FFD6dBD8d66dE1e8e0BB99cB,Dengue fever [classical dengue],A90,Infectious Disease,High,100/68 mmHg,96,98%,102,"Oral Rehydration Salts 1L/day, Paracetamol 650mg SOS",Low,Passed - Zero Drug-Drug Interaction Warning (Confidence 99.4%),FHIR_R4_Bundle_A90_Condition_MedicationRequest,All Clinical Records & Diagnostic Evidence,Active On-Chain Consent (Granted by Patient),NO,N/A,N/A,Direct patient consent validated via ConsentManager.sol,AES-256-GCM,vault-transit-key-0xef5c58ea,Qm1097ccf5c53bddc2df430534fa14790662c155469885,0.0.4891024,4107,2026-09-13 11:50:25 UTC,0xe95684bd4af0a003e65e86a6f6f80c596adbe56b063cfb6ce43bb192b61c296f,0.0001
ENC-00108,Divya Malhotra,849308,0xfb552380be40f651495cd54f20e55b4a6aec0d09,54,female,B+,Dr. Rajesh Sharma,0x3c44CdDdB6a900fa2b585dd299e03d12FA4293BC,NMC-78491,Gastroenterology,Max Super Speciality Cancer Institute,0x28B7eA94B34C8F52D19E50Eb14769Da20F5D54b4,Dengue fever [classical dengue],A90,Infectious Disease,High,100/68 mmHg,96,98%,102,"Oral Rehydration Salts 1L/day, Paracetamol 650mg SOS",Low,Advisory: Confirm Patient Creatinine Clearance prior to Metformin XR,FHIR_R4_Bundle_A90_Condition_MedicationRequest,All Clinical Records & Diagnostic Evidence,Pending Patient Authorization,NO,N/A,N/A,Access request pending approval from patient wallet,AES-256-GCM,vault-transit-key-0xfb552380,Qmaa92ffa94a0279613d5158c13943fc3b0e3d7154ccaa,0.0.4891024,4108,2026-09-13 11:50:26 UTC,0x7c1c172b7375552caa748afa24980bb87dea22a375966842326198a0090e936c,0.0001
ENC-00109,Kavya Mishra,849309,0x9d841002c4bc0c57a5b260f4ef44d9cf5ed134d2,55,male,AB-,Dr. Ananya Roy,0x9965507D1a55bcC2695C58ba16FB37d819B0A4dc,NMC-51203,Hematology,Care & Cure Pediatric & Maternity Hospital,0x937F51E09477BfD31E56c5e533038a8eEAc096b7,Unspecified intracranial injury / Concussion,S06.9X0A,Trauma & Emergency,Emergency,150/95 mmHg,64,97%,130,"Mannitol 20% 100mL IV, Phenytoin 100mg IV, Analgesics",High,Passed - Zero Drug-Drug Interaction Warning (Confidence 99.4%),FHIR_R4_Bundle_S06.9X0A_Condition_MedicationRequest,All Clinical Records & Diagnostic Evidence,Break-Glass Emergency Invoked (Active Override),YES,Acute Life-Threatening Presentation: Unspecified intracranial injury / Concussion,60 Minutes (Auto-Expiring Ephemeral Key),Emergency access granted; immediate HCS compliance event broadcasted,AES-256-GCM,vault-transit-key-0x9d841002,Qm337297ca4f9982d2e599b5bf40ef3285b734620001e9,0.0.4891024,4109,2026-09-13 11:50:29 UTC,0xdb2dbb408abc2e44a9d90eaba357d24a464790a232a1dbbb7d743743802a03a1,0.0001
ENC-00110,Sneha Joshi,849310,0x8375d0e0c3085103331cc20bb664362c9a686317,56,female,B-,Dr. Preeti Deshmukh,0x23618e81E3f5cdF7f54C3d65f7FBc0aBf5B21E8f,NMC-82194,Obstetrics & Pediatrics,Care & Cure Pediatric & Maternity Hospital,0x937F51E09477BfD31E56c5e533038a8eEAc096b7,Unspecified intracranial injury / Concussion,S06.9X0A,Trauma & Emergency,Emergency,150/95 mmHg,64,97%,130,"Mannitol 20% 100mL IV, Phenytoin 100mg IV, Analgesics",Low,Advisory: Confirm Patient Creatinine Clearance prior to Metformin XR,FHIR_R4_Bundle_S06.9X0A_Condition_MedicationRequest,All Clinical Records & Diagnostic Evidence,Break-Glass Emergency Invoked (Active Override),YES,Acute Life-Threatening Presentation: Unspecified intracranial injury / Concussion,60 Minutes (Auto-Expiring Ephemeral Key),Emergency access granted; immediate HCS compliance event broadcasted,AES-256-GCM,vault-transit-key-0x8375d0e0,Qme862eb55fd281e5fdaea508154d35d78a41933900f17,0.0.4891024,4110,2026-09-13 11:50:31 UTC,0x742a6159e33a64ea36712ead72793cbccf17d70adaf51ea2079e5618cdcc91b9,0.0001
ENC-00111,Madhav Ghosh,849311,0x422f2aab3697b5389e8e5c593d92826258fd8521,57,male,AB+,Dr. Rajesh Sharma,0x3c44CdDdB6a900fa2b585dd299e03d12FA4293BC,NMC-78491,Gastroenterology,Fortis Memorial Neuro & Trauma Center,0x84f93618C1D541bB1Dcf1373A8eE500A7D439634,Type 2 diabetes mellitus without complications,E11.9,Endocrinology,Moderate,130/82 mmHg,72,99%,142,"Metformin 500mg BID, Dapagliflozin 10mg QD",High,Passed - Safe pediatric/geriatric dosage tier verified,FHIR_R4_Bundle_E11.9_Condition_MedicationRequest,All Clinical Records & Diagnostic Evidence,Pending Patient Authorization,NO,N/A,N/A,Access request pending approval from patient wallet,AES-256-GCM,vault-transit-key-0x422f2aab,Qmdc8821c4ce5cfbe061adf288a3d4156c8e499932f9b4,0.0.4891024,4111,2026-09-13 11:50:33 UTC,0x2b29125fc504744d7514f62b0fe2dff28f5c8ffe042da36e917a244594dd46a9,0.0001
ENC-00112,Rahul Shetty,849312,0x667886db28d2f208d417e4c80c11b09f1b6574d2,58,female,A+,Dr. Rohan Patel,0x976EA74026E726554dB657fA54763abd0C3a0aa9,NMC-11029,Neurology,Care & Cure Pediatric & Maternity Hospital,0x937F51E09477BfD31E56c5e533038a8eEAc096b7,Unspecified intracranial injury / Concussion,S06.9X0A,Trauma & Emergency,Emergency,150/95 mmHg,64,97%,130,"Mannitol 20% 100mL IV, Phenytoin 100mg IV, Analgesics",High,Advisory: Confirm Patient Creatinine Clearance prior to Metformin XR,FHIR_R4_Bundle_S06.9X0A_Condition_MedicationRequest,All Clinical Records & Diagnostic Evidence,Break-Glass Emergency Invoked (Active Override),YES,Acute Life-Threatening Presentation: Unspecified intracranial injury / Concussion,60 Minutes (Auto-Expiring Ephemeral Key),Emergency access granted; immediate HCS compliance event broadcasted,AES-256-GCM,vault-transit-key-0x667886db,Qmdfd905785c52a8fe520fda2bda31a9caac5b9dbe482b,0.0.4891024,4112,2026-09-13 11:50:35 UTC,0x04e3d62399dd0688a2ef7d9d509597ab23ee31f7110d0eb3f3ba6ccda96e7bf3,0.0001
ENC-00113,Sanjay Menon,849313,0xfd12c353e875b31ce487757331dc064dc5ce488a,59,male,B-,Dr. Rajesh Sharma,0x3c44CdDdB6a900fa2b585dd299e03d12FA4293BC,NMC-78491,Gastroenterology,Apex Diagnostic & Pathology Hub,0x04Fee3FD1B338d12FFD6dBD8d66dE1e8e0BB99cB,Malignant neoplasm of female breast,C50.919,Oncology,Critical,122/76 mmHg,84,98%,105,"Tamoxifen 20mg QD, Trastuzumab 6mg/kg IV Q3W, Paclitaxel",Low,Advisory: Monitor Serum Potassium & Renal Function with ACEi/ARB,FHIR_R4_Bundle_C50.919_Condition_MedicationRequest,All Clinical Records & Diagnostic Evidence,Active On-Chain Consent (Granted by Patient),NO,N/A,N/A,Direct patient consent validated via ConsentManager.sol,AES-256-GCM,vault-transit-key-0xfd12c353,Qm10ec8587ff11d18124a790502e456448ea4f5b291198,0.0.4891024,4113,2026-09-13 11:50:38 UTC,0xfdb54199b729f4f2c1021c0f4b7514060ff91331ae7dd236916288aa1b26183b,0.0001
ENC-00114,Nikhil Banerjee,849314,0x84295c33fb0cb2505bd8d680f5b6160f2f735ce4,60,female,A-,Dr. Rohan Patel,0x976EA74026E726554dB657fA54763abd0C3a0aa9,NMC-11029,Neurology,Max Super Speciality Cancer Institute,0x28B7eA94B34C8F52D19E50Eb14769Da20F5D54b4,Essential (primary) hypertension,I10,Cardiology,Moderate,148/92 mmHg,78,98%,110,"Amlodipine 5mg QD, Telmisartan 40mg QD",Medium,Advisory: Confirm Patient Creatinine Clearance prior to Metformin XR,FHIR_R4_Bundle_I10_Condition_MedicationRequest,All Clinical Records & Diagnostic Evidence,Active On-Chain Consent (Granted by Patient),NO,N/A,N/A,Direct patient consent validated via ConsentManager.sol,AES-256-GCM,vault-transit-key-0x84295c33,Qm9b955fa4eb93d46a1ebff502f38e3b014d8d8fa74145,0.0.4891024,4114,2026-09-13 11:50:39 UTC,0x3ca7e3da2f95ea584ebdce76596aa7065da830c8ab6a2e311b9fdc97d5c6cce0,0.0001
ENC-00115,Rahul Mishra,849315,0xb1a9b46819624490297ab2e01d87d75a301aecba,61,male,O+,Dr. Rohan Patel,0x976EA74026E726554dB657fA54763abd0C3a0aa9,NMC-11029,Neurology,Fortis Memorial Neuro & Trauma Center,0x84f93618C1D541bB1Dcf1373A8eE500A7D439634,Essential (primary) hypertension,I10,Cardiology,Moderate,148/92 mmHg,78,98%,110,"Amlodipine 5mg QD, Telmisartan 40mg QD",Low,Passed - Safe pediatric/geriatric dosage tier verified,FHIR_R4_Bundle_I10_Condition_MedicationRequest,All Clinical Records & Diagnostic Evidence,Active On-Chain Consent (Granted by Patient),NO,N/A,N/A,Direct patient consent validated via ConsentManager.sol,AES-256-GCM,vault-transit-key-0xb1a9b468,Qmc4901570e7e6784b8d32680381e8aa8eca0fd39f419b,0.0.4891024,4115,2026-09-13 11:50:42 UTC,0xa7fd9cce4a6e5cc89f0513909dbaa0f95e23b17da29a9732a42198ecc63baf31,0.0001
ENC-00116,Rahul Deshmukh,849316,0x5cecdaaf6b750ab98818608c0179a40cb105e9f0,62,female,O+,Dr. Rohan Patel,0x976EA74026E726554dB657fA54763abd0C3a0aa9,NMC-11029,Neurology,Apollo Multispecialty Hospital,0x155Af6ECaFb48861dA7d16Fb8Af2f6ce9d6DD779,Dengue fever [classical dengue],A90,Infectious Disease,High,100/68 mmHg,96,98%,102,"Oral Rehydration Salts 1L/day, Paracetamol 650mg SOS",Low,Passed - Safe pediatric/geriatric dosage tier verified,FHIR_R4_Bundle_A90_Condition_MedicationRequest,All Clinical Records & Diagnostic Evidence,Pending Patient Authorization,NO,N/A,N/A,Access request pending approval from patient wallet,AES-256-GCM,vault-transit-key-0x5cecdaaf,Qm315d69e50ea8978ded3fad85677fcc7743ecd40a68fe,0.0.4891024,4116,2026-09-13 11:50:44 UTC,0x929eb662976c1d0f3dc85a77259466f229e5ee512c64e81951079c706cf0a11a,0.0001
ENC-00117,Amit Menon,849317,0xc7adc3f8803c7a3ad82f2967e01a4c1e641dba8b,63,male,A+,Dr. Sarah Jenkins,0x04Fee3FD1B338d12FFD6dBD8d66dE1e8e0BB99cB,NMC-48192,Cardiology,Fortis Memorial Neuro & Trauma Center,0x84f93618C1D541bB1Dcf1373A8eE500A7D439634,Essential (primary) hypertension,I10,Cardiology,Moderate,148/92 mmHg,78,98%,110,"Amlodipine 5mg QD, Telmisartan 40mg QD",High,Advisory: Monitor Serum Potassium & Renal Function with ACEi/ARB,FHIR_R4_Bundle_I10_Condition_MedicationRequest,All Clinical Records & Diagnostic Evidence,Active On-Chain Consent (Granted by Patient),NO,N/A,N/A,Direct patient consent validated via ConsentManager.sol,AES-256-GCM,vault-transit-key-0xc7adc3f8,Qm6c26ffff814c74f04aa1f22029e13901e8d81ec4f6db,0.0.4891024,4117,2026-09-13 11:50:46 UTC,0xdf4ae0ecf973f45dea4ace57c5a1b23b5177dfc7e61b7c1ad5671c300fa05ffd,0.0001
ENC-00118,Neha Mukherjee,849318,0xa076d08f8518ef3ae20c2c607e811026e4acd8f6,64,female,B+,Dr. Sarah Jenkins,0x04Fee3FD1B338d12FFD6dBD8d66dE1e8e0BB99cB,NMC-48192,Cardiology,Care & Cure Pediatric & Maternity Hospital,0x937F51E09477BfD31E56c5e533038a8eEAc096b7,"Acute myocardial infarction, unspecified",I21.9,Cardiology,Emergency,95/60 mmHg,112,93%,165,"Ticagrelor 90mg BID, Aspirin 325mg, Atorvastatin 80mg, IV Heparin",Low,Passed - Zero Drug-Drug Interaction Warning (Confidence 99.4%),FHIR_R4_Bundle_I21.9_Condition_MedicationRequest,All Clinical Records & Diagnostic Evidence,Break-Glass Emergency Invoked (Active Override),YES,"Acute Life-Threatening Presentation: Acute myocardial infarction, unspecified",60 Minutes (Auto-Expiring Ephemeral Key),Emergency access granted; immediate HCS compliance event broadcasted,AES-256-GCM,vault-transit-key-0xa076d08f,Qmd636dcdfc82f3a1cc7ff67d7ac7fa4d2908f3dc47d19,0.0.4891024,4118,2026-09-13 11:50:48 UTC,0x704f429db4555eaba376a2392e711ad35bab9a6dc28728e4df8a564ccfc6628a,0.0001
ENC-00119,Geeta Deshmukh,849319,0x9c493b4dc3909cd23e8e4b3911d5e0e89d313327,65,male,AB+,Dr. Preeti Deshmukh,0x23618e81E3f5cdF7f54C3d65f7FBc0aBf5B21E8f,NMC-82194,Obstetrics & Pediatrics,Apex Diagnostic & Pathology Hub,0x04Fee3FD1B338d12FFD6dBD8d66dE1e8e0BB99cB,Essential (primary) hypertension,I10,Cardiology,Moderate,148/92 mmHg,78,98%,110,"Amlodipine 5mg QD, Telmisartan 40mg QD",Low,Advisory: Confirm Patient Creatinine Clearance prior to Metformin XR,FHIR_R4_Bundle_I10_Condition_MedicationRequest,All Clinical Records & Diagnostic Evidence,Active On-Chain Consent (Granted by Patient),NO,N/A,N/A,Direct patient consent validated via ConsentManager.sol,AES-256-GCM,vault-transit-key-0x9c493b4d,Qm975d04e803f87425528ac33a4b709275b210883f7ae4,0.0.4891024,4119,2026-09-13 11:50:50 UTC,0x44f78623ecd56e774ecb1ccc449773eceb5d114dbb3f70657c2346b2ec3fca90,0.0001
ENC-00120,Lata Menon,849320,0x61f99e4897cc103fc22d05704597d64d21f8cb61,66,female,A-,Dr. Rohan Patel,0x976EA74026E726554dB657fA54763abd0C3a0aa9,NMC-11029,Neurology,Apollo Multispecialty Hospital,0x155Af6ECaFb48861dA7d16Fb8Af2f6ce9d6DD779,Gastro-esophageal reflux disease,K21.9,Gastroenterology,Low,120/80 mmHg,70,99%,98,"Pantoprazole 40mg QD pre-breakfast, Domperidone 30mg QD",Low,Passed - Zero Drug-Drug Interaction Warning (Confidence 99.4%),FHIR_R4_Bundle_K21.9_Condition_MedicationRequest,All Clinical Records & Diagnostic Evidence,Active On-Chain Consent (Granted by Patient),NO,N/A,N/A,Direct patient consent validated via ConsentManager.sol,AES-256-GCM,vault-transit-key-0x61f99e48,Qm5200a5b582210b8866c6e75c0005f405af2e2c9c35be,0.0.4891024,4120,2026-09-13 11:50:52 UTC,0xb68c8fb2de5553a5f9643a87cfcdd56fd1522db703637b5bb144913f0a82a89a,0.0001
ENC-00121,Bhavna Gupta,849321,0xb830cafaf0ae2d2e4a0dbcc31f43d9a3b59e0c9a,67,male,O-,Dr. Sarah Jenkins,0x04Fee3FD1B338d12FFD6dBD8d66dE1e8e0BB99cB,NMC-48192,Cardiology,Max Super Speciality Cancer Institute,0x28B7eA94B34C8F52D19E50Eb14769Da20F5D54b4,Dengue fever [classical dengue],A90,Infectious Disease,High,100/68 mmHg,96,98%,102,"Oral Rehydration Salts 1L/day, Paracetamol 650mg SOS",High,Advisory: Monitor Serum Potassium & Renal Function with ACEi/ARB,FHIR_R4_Bundle_A90_Condition_MedicationRequest,All Clinical Records & Diagnostic Evidence,Active On-Chain Consent (Granted by Patient),NO,N/A,N/A,Direct patient consent validated via ConsentManager.sol,AES-256-GCM,vault-transit-key-0xb830cafa,Qm289e99adaf9ee1205787175996994446cfaf964716c6,0.0.4891024,4121,2026-09-13 11:50:54 UTC,0x87e88874d84be6d314c4c676ed9525efb8d7908af4bb87d0b944468d84eca9be,0.0001
ENC-00122,Tanvi Nair,849322,0xdd91ed9c11150e0dfc6b86fbfd28ede125eabd01,68,female,O+,Dr. Vikram Seth,0x15d34AAf54267DB7D7c367839AAf71A00a2C6A65,NMC-99014,Oncology,Fortis Memorial Neuro & Trauma Center,0x84f93618C1D541bB1Dcf1373A8eE500A7D439634,Unspecified intracranial injury / Concussion,S06.9X0A,Trauma & Emergency,Emergency,150/95 mmHg,64,97%,130,"Mannitol 20% 100mL IV, Phenytoin 100mg IV, Analgesics",High,Passed - Safe pediatric/geriatric dosage tier verified,FHIR_R4_Bundle_S06.9X0A_Condition_MedicationRequest,All Clinical Records & Diagnostic Evidence,Break-Glass Emergency Invoked (Active Override),YES,Acute Life-Threatening Presentation: Unspecified intracranial injury / Concussion,60 Minutes (Auto-Expiring Ephemeral Key),Emergency access granted; immediate HCS compliance event broadcasted,AES-256-GCM,vault-transit-key-0xdd91ed9c,Qmd0036cd7e8fc0f6d7decb23488db168a61bd47029954,0.0.4891024,4122,2026-09-13 11:50:56 UTC,0x5357c4736e1c31b74434a8278714fbd877236ff673f1015eff51f0c0c602bcdd,0.0001
ENC-00123,Divya Saxena,849323,0x9967238d496f5c46f41ea1cb48b2c14ced030287,69,male,AB-,Dr. Sarah Jenkins,0x04Fee3FD1B338d12FFD6dBD8d66dE1e8e0BB99cB,NMC-48192,Cardiology,Apollo Multispecialty Hospital,0x155Af6ECaFb48861dA7d16Fb8Af2f6ce9d6DD779,"Acute myocardial infarction, unspecified",I21.9,Cardiology,Emergency,95/60 mmHg,112,93%,165,"Ticagrelor 90mg BID, Aspirin 325mg, Atorvastatin 80mg, IV Heparin",Medium,Passed - Zero Drug-Drug Interaction Warning (Confidence 99.4%),FHIR_R4_Bundle_I21.9_Condition_MedicationRequest,All Clinical Records & Diagnostic Evidence,Break-Glass Emergency Invoked (Active Override),YES,"Acute Life-Threatening Presentation: Acute myocardial infarction, unspecified",60 Minutes (Auto-Expiring Ephemeral Key),Emergency access granted; immediate HCS compliance event broadcasted,AES-256-GCM,vault-transit-key-0x9967238d,Qma3f2ede0a3ec5d17fedefa297864c3f46aefa745e07e,0.0.4891024,4123,2026-09-13 11:50:58 UTC,0x4a3dcdd22cc46e9027e3fbfc8a4715ba4795b009e2f8ccf7b0847a48b731d94b,0.0001
ENC-00124,Lata Kulkarni,849324,0xea4561a50639b7a9e2244829baaf52a51898e95b,70,female,O+,Dr. Sunita Narang,0xBcd4042DE499D14e55001CcbB24a551F3b954096,NMC-90812,Endocrinology & Internal Medicine,Max Super Speciality Cancer Institute,0x28B7eA94B34C8F52D19E50Eb14769Da20F5D54b4,Essential (primary) hypertension,I10,Cardiology,Moderate,148/92 mmHg,78,98%,110,"Amlodipine 5mg QD, Telmisartan 40mg QD",Low,Advisory: Confirm Patient Creatinine Clearance prior to Metformin XR,FHIR_R4_Bundle_I10_Condition_MedicationRequest,All Clinical Records & Diagnostic Evidence,Active On-Chain Consent (Granted by Patient),NO,N/A,N/A,Direct patient consent validated via ConsentManager.sol,AES-256-GCM,vault-transit-key-0xea4561a5,Qm8479c2b8ec488341a895006f122fffae15eb84785d37,0.0.4891024,4124,2026-09-13 11:51:00 UTC,0xf9dafec5b8efba0b5fa0d3ca47d954b6493ae56e5c6a7ccee6d8d939335a113c,0.0001
ENC-00125,Priyanka Choudhury,849325,0x1edcaebbe5f412b4e0a1f79a2aa7a07e99a5d125,71,male,AB+,Dr. Preeti Deshmukh,0x23618e81E3f5cdF7f54C3d65f7FBc0aBf5B21E8f,NMC-82194,Obstetrics & Pediatrics,Max Super Speciality Cancer Institute,0x28B7eA94B34C8F52D19E50Eb14769Da20F5D54b4,"Epilepsy, unspecified, without status epilepticus",G40.909,Neurology,High,118/74 mmHg,76,99%,95,"Levetiracetam 500mg BID, Clobazam 10mg QHS",Medium,Advisory: Confirm Patient Creatinine Clearance prior to Metformin XR,FHIR_R4_Bundle_G40.909_Condition_MedicationRequest,All Clinical Records & Diagnostic Evidence,Active On-Chain Consent (Granted by Patient),NO,N/A,N/A,Direct patient consent validated via ConsentManager.sol,AES-256-GCM,vault-transit-key-0x1edcaebb,Qmdb191fe51afb7f173156beec2ed150a9e5a9334c8a4b,0.0.4891024,4125,2026-09-13 11:51:02 UTC,0x8875fd4f53a1c048cfa24f2980d56c41f229a5edf8e010534a6274fa138c7876,0.0001
ENC-00126,Kavya Saxena,849326,0x7557b4e9bab7533607e0c1a7f75e69c12f8248f9,72,female,A-,Dr. Ananya Roy,0x9965507D1a55bcC2695C58ba16FB37d819B0A4dc,NMC-51203,Hematology,Max Super Speciality Cancer Institute,0x28B7eA94B34C8F52D19E50Eb14769Da20F5D54b4,Malignant neoplasm of female breast,C50.919,Oncology,Critical,122/76 mmHg,84,98%,105,"Tamoxifen 20mg QD, Trastuzumab 6mg/kg IV Q3W, Paclitaxel",Medium,Advisory: Monitor Serum Potassium & Renal Function with ACEi/ARB,FHIR_R4_Bundle_C50.919_Condition_MedicationRequest,All Clinical Records & Diagnostic Evidence,Active On-Chain Consent (Granted by Patient),NO,N/A,N/A,Direct patient consent validated via ConsentManager.sol,AES-256-GCM,vault-transit-key-0x7557b4e9,Qmac21d4c2ca2189cd0161d54b6a2194c71de536387e0f,0.0.4891024,4126,2026-09-13 11:51:04 UTC,0xd02323484b2721cf52d384e7f144d1e533dd353a703be1733cc3401a90c147e5,0.0001
ENC-00127,Rahul Pillai,849327,0x54ff721acd3ca824e149c1a77d6fa9d057fb775e,73,male,AB-,Dr. Vikram Seth,0x15d34AAf54267DB7D7c367839AAf71A00a2C6A65,NMC-99014,Oncology,Apollo Multispecialty Hospital,0x155Af6ECaFb48861dA7d16Fb8Af2f6ce9d6DD779,Dengue fever [classical dengue],A90,Infectious Disease,High,100/68 mmHg,96,98%,102,"Oral Rehydration Salts 1L/day, Paracetamol 650mg SOS",High,Advisory: Confirm Patient Creatinine Clearance prior to Metformin XR,FHIR_R4_Bundle_A90_Condition_MedicationRequest,All Clinical Records & Diagnostic Evidence,Active On-Chain Consent (Granted by Patient),NO,N/A,N/A,Direct patient consent validated via ConsentManager.sol,AES-256-GCM,vault-transit-key-0x54ff721a,Qm9b67ded9f3d61d90568e474b37422c604feaeaf573b8,0.0.4891024,4127,2026-09-13 11:51:07 UTC,0x7661528433a3a606ed7b6c12edaaa840b3db74f5e7693e910f745384f104d8f7,0.0001
ENC-00128,Chetan Banerjee,849328,0x7b42451ca0e970675d3a435fddbf14da740b9c39,74,female,B+,Dr. Sarah Jenkins,0x04Fee3FD1B338d12FFD6dBD8d66dE1e8e0BB99cB,NMC-48192,Cardiology,Apex Diagnostic & Pathology Hub,0x04Fee3FD1B338d12FFD6dBD8d66dE1e8e0BB99cB,Gastro-esophageal reflux disease,K21.9,Gastroenterology,Low,120/80 mmHg,70,99%,98,"Pantoprazole 40mg QD pre-breakfast, Domperidone 30mg QD",Medium,Advisory: Monitor Serum Potassium & Renal Function with ACEi/ARB,FHIR_R4_Bundle_K21.9_Condition_MedicationRequest,All Clinical Records & Diagnostic Evidence,Active On-Chain Consent (Granted by Patient),NO,N/A,N/A,Direct patient consent validated via ConsentManager.sol,AES-256-GCM,vault-transit-key-0x7b42451c,Qm42b525f83287eb2474c39830a48d5f8f7d3b68ce086a,0.0.4891024,4128,2026-09-13 11:51:09 UTC,0x3d78aebaecfa82bab2a28a5ca534a2f0961a976242dc8af4ce7c5f3239e6afd4,0.0001
ENC-00129,Sanjay Kulkarni,849329,0x6b77956fb899aaee89ef43636d5231ddf003c073,75,male,O-,Dr. Rajesh Sharma,0x3c44CdDdB6a900fa2b585dd299e03d12FA4293BC,NMC-78491,Gastroenterology,Fortis Memorial Neuro & Trauma Center,0x84f93618C1D541bB1Dcf1373A8eE500A7D439634,"Epilepsy, unspecified, without status epilepticus",G40.909,Neurology,High,118/74 mmHg,76,99%,95,"Levetiracetam 500mg BID, Clobazam 10mg QHS",Low,Advisory: Monitor Serum Potassium & Renal Function with ACEi/ARB,FHIR_R4_Bundle_G40.909_Condition_MedicationRequest,All Clinical Records & Diagnostic Evidence,Active On-Chain Consent (Granted by Patient),NO,N/A,N/A,Direct patient consent validated via ConsentManager.sol,AES-256-GCM,vault-transit-key-0x6b77956f,Qm02d7734d418ce36255382fa5a9439d75d0e55383090b,0.0.4891024,4129,2026-09-13 11:51:11 UTC,0x755216fc78533c12fe307503179e01cbb326497361fe555068743f6b0a8c6e16,0.0001
ENC-00130,Yashwanth Deshmukh,849330,0xfa6867ddefdc820971ddcda60bb5d4ea6b84d790,76,female,O+,Dr. Sarah Jenkins,0x04Fee3FD1B338d12FFD6dBD8d66dE1e8e0BB99cB,NMC-48192,Cardiology,Apex Diagnostic & Pathology Hub,0x04Fee3FD1B338d12FFD6dBD8d66dE1e8e0BB99cB,Type 2 diabetes mellitus without complications,E11.9,Endocrinology,Moderate,130/82 mmHg,72,99%,142,"Metformin 500mg BID, Dapagliflozin 10mg QD",Medium,Passed - Safe pediatric/geriatric dosage tier verified,FHIR_R4_Bundle_E11.9_Condition_MedicationRequest,All Clinical Records & Diagnostic Evidence,Active On-Chain Consent (Granted by Patient),NO,N/A,N/A,Direct patient consent validated via ConsentManager.sol,AES-256-GCM,vault-transit-key-0xfa6867dd,Qm3d04ebaa54be795c2441cb3ebfb450fa250e24fe1970,0.0.4891024,4130,2026-09-13 11:51:13 UTC,0x5ba250708c132407a86f28aafff5dd46fac9d1dce7a1b197b4d49f1fdca206b3,0.0001
ENC-00131,Shreya Saxena,849331,0x710831400d32a445d32af463bb5923f4d75972fd,77,male,B-,Dr. Preeti Deshmukh,0x23618e81E3f5cdF7f54C3d65f7FBc0aBf5B21E8f,NMC-82194,Obstetrics & Pediatrics,Apex Diagnostic & Pathology Hub,0x04Fee3FD1B338d12FFD6dBD8d66dE1e8e0BB99cB,Essential (primary) hypertension,I10,Cardiology,Moderate,148/92 mmHg,78,98%,110,"Amlodipine 5mg QD, Telmisartan 40mg QD",Medium,Passed - Zero Drug-Drug Interaction Warning (Confidence 99.4%),FHIR_R4_Bundle_I10_Condition_MedicationRequest,All Clinical Records & Diagnostic Evidence,Active On-Chain Consent (Granted by Patient),NO,N/A,N/A,Direct patient consent validated via ConsentManager.sol,AES-256-GCM,vault-transit-key-0x71083140,Qmbe3b1799e13214e864fca4d5412977f24493afd6dd39,0.0.4891024,4131,2026-09-13 11:51:15 UTC,0xb51629955c4399f6afcb0ddb214522c3fa3a0efd1598b8708077cab40b8136f3,0.0001
ENC-00132,Aarav Nair,849332,0x583e02465daac1d0983c3becb76bb5970c85ed81,78,female,B-,Dr. Ananya Roy,0x9965507D1a55bcC2695C58ba16FB37d819B0A4dc,NMC-51203,Hematology,Fortis Memorial Neuro & Trauma Center,0x84f93618C1D541bB1Dcf1373A8eE500A7D439634,Unspecified intracranial injury / Concussion,S06.9X0A,Trauma & Emergency,Emergency,150/95 mmHg,64,97%,130,"Mannitol 20% 100mL IV, Phenytoin 100mg IV, Analgesics",Medium,Passed - Zero Drug-Drug Interaction Warning (Confidence 99.4%),FHIR_R4_Bundle_S06.9X0A_Condition_MedicationRequest,All Clinical Records & Diagnostic Evidence,Break-Glass Emergency Invoked (Active Override),YES,Acute Life-Threatening Presentation: Unspecified intracranial injury / Concussion,60 Minutes (Auto-Expiring Ephemeral Key),Emergency access granted; immediate HCS compliance event broadcasted,AES-256-GCM,vault-transit-key-0x583e0246,Qm0473571f4675f0cb20c7538336555b8dfcdb3ab91360,0.0.4891024,4132,2026-09-13 11:51:17 UTC,0x540951446181b040df59a5a2e22dfd67674f71dc02ad72cd64c4f6d73342cfec,0.0001
ENC-00133,Rohan Nair,849333,0xc21b96f62b56296dc773208e4acf43e9e68a866d,79,male,AB-,Dr. Rohan Patel,0x976EA74026E726554dB657fA54763abd0C3a0aa9,NMC-11029,Neurology,Max Super Speciality Cancer Institute,0x28B7eA94B34C8F52D19E50Eb14769Da20F5D54b4,Essential (primary) hypertension,I10,Cardiology,Moderate,148/92 mmHg,78,98%,110,"Amlodipine 5mg QD, Telmisartan 40mg QD",High,Passed - Safe pediatric/geriatric dosage tier verified,FHIR_R4_Bundle_I10_Condition_MedicationRequest,All Clinical Records & Diagnostic Evidence,Active On-Chain Consent (Granted by Patient),NO,N/A,N/A,Direct patient consent validated via ConsentManager.sol,AES-256-GCM,vault-transit-key-0xc21b96f6,Qm04c5394ffe2bb389c382513880ccb01f5208840db0cc,0.0.4891024,4133,2026-09-13 11:51:20 UTC,0x6050c67f38c865c6c7c781dfccb0daa6b6363c6fcf742f3e2509e363859bad20,0.0001
ENC-00134,Varun Menon,849334,0xbbab5117211b8a9dfbc3d5fd3497d86acc785d77,80,female,B-,Dr. Ananya Roy,0x9965507D1a55bcC2695C58ba16FB37d819B0A4dc,NMC-51203,Hematology,Max Super Speciality Cancer Institute,0x28B7eA94B34C8F52D19E50Eb14769Da20F5D54b4,"Epilepsy, unspecified, without status epilepticus",G40.909,Neurology,High,118/74 mmHg,76,99%,95,"Levetiracetam 500mg BID, Clobazam 10mg QHS",High,Advisory: Confirm Patient Creatinine Clearance prior to Metformin XR,FHIR_R4_Bundle_G40.909_Condition_MedicationRequest,All Clinical Records & Diagnostic Evidence,Active On-Chain Consent (Granted by Patient),NO,N/A,N/A,Direct patient consent validated via ConsentManager.sol,AES-256-GCM,vault-transit-key-0xbbab5117,Qm585676d30d52cdac96977dc916c98efc7cca7da9e53d,0.0.4891024,4134,2026-09-13 11:51:21 UTC,0x78e128d2add56e8b2556c98ba1d9421133a1dcb397428416a5ce51c2e439b73c,0.0001
ENC-00135,Sneha Choudhury,849335,0xeb49948664a43edcc6937a1addcc06685ff0d76f,81,male,O+,Dr. Rajesh Sharma,0x3c44CdDdB6a900fa2b585dd299e03d12FA4293BC,NMC-78491,Gastroenterology,Apex Diagnostic & Pathology Hub,0x04Fee3FD1B338d12FFD6dBD8d66dE1e8e0BB99cB,"Acute myocardial infarction, unspecified",I21.9,Cardiology,Emergency,95/60 mmHg,112,93%,165,"Ticagrelor 90mg BID, Aspirin 325mg, Atorvastatin 80mg, IV Heparin",Medium,Advisory: Confirm Patient Creatinine Clearance prior to Metformin XR,FHIR_R4_Bundle_I21.9_Condition_MedicationRequest,All Clinical Records & Diagnostic Evidence,Break-Glass Emergency Invoked (Active Override),YES,"Acute Life-Threatening Presentation: Acute myocardial infarction, unspecified",60 Minutes (Auto-Expiring Ephemeral Key),Emergency access granted; immediate HCS compliance event broadcasted,AES-256-GCM,vault-transit-key-0xeb499486,Qmd7ebb85d9df4094a2ec4a31e121223422ad16066de47,0.0.4891024,4135,2026-09-13 11:51:24 UTC,0x268f0fbb604afcdd56537a317a47bb72da4bb82e92e3f71fea8f4331a27a734f,0.0001
ENC-00136,Lata Sharma,849336,0xe67fd4a82d0799fb3cfe757400464c27703a4c13,82,female,B+,Dr. Rohan Patel,0x976EA74026E726554dB657fA54763abd0C3a0aa9,NMC-11029,Neurology,Max Super Speciality Cancer Institute,0x28B7eA94B34C8F52D19E50Eb14769Da20F5D54b4,"Epilepsy, unspecified, without status epilepticus",G40.909,Neurology,High,118/74 mmHg,76,99%,95,"Levetiracetam 500mg BID, Clobazam 10mg QHS",Low,Advisory: Monitor Serum Potassium & Renal Function with ACEi/ARB,FHIR_R4_Bundle_G40.909_Condition_MedicationRequest,All Clinical Records & Diagnostic Evidence,Pending Patient Authorization,NO,N/A,N/A,Access request pending approval from patient wallet,AES-256-GCM,vault-transit-key-0xe67fd4a8,Qm605fc4c6d68ae77ea675f29807cec7a38a5075690eea,0.0.4891024,4136,2026-09-13 11:51:26 UTC,0xab168fc63668714652bf4ca5a0a5c8b532027d46488b4d8cf72a8d8c893ac9e9,0.0001
ENC-00137,Kavya Shetty,849337,0x70908ed6a6ae4f921f26ce477dd2c5ff901fc573,83,male,A-,Dr. Sunita Narang,0xBcd4042DE499D14e55001CcbB24a551F3b954096,NMC-90812,Endocrinology & Internal Medicine,Apollo Multispecialty Hospital,0x155Af6ECaFb48861dA7d16Fb8Af2f6ce9d6DD779,"Acute myocardial infarction, unspecified",I21.9,Cardiology,Emergency,95/60 mmHg,112,93%,165,"Ticagrelor 90mg BID, Aspirin 325mg, Atorvastatin 80mg, IV Heparin",Medium,Advisory: Monitor Serum Potassium & Renal Function with ACEi/ARB,FHIR_R4_Bundle_I21.9_Condition_MedicationRequest,All Clinical Records & Diagnostic Evidence,Break-Glass Emergency Invoked (Active Override),YES,"Acute Life-Threatening Presentation: Acute myocardial infarction, unspecified",60 Minutes (Auto-Expiring Ephemeral Key),Emergency access granted; immediate HCS compliance event broadcasted,AES-256-GCM,vault-transit-key-0x70908ed6,Qm2a89ee57b383b91adeb4a2921c9d228fc655a272a985,0.0.4891024,4137,2026-09-13 11:51:28 UTC,0xe2532e8963f03b9fb7fa4f09e4438c107d93bee2eb5b158cd7b908b87ae869ad,0.0001
ENC-00138,Sneha Nair,849338,0x04ce87253f6fb7ef142238e5b6d5e656072ddecb,84,female,AB-,Dr. Sarah Jenkins,0x04Fee3FD1B338d12FFD6dBD8d66dE1e8e0BB99cB,NMC-48192,Cardiology,Max Super Speciality Cancer Institute,0x28B7eA94B34C8F52D19E50Eb14769Da20F5D54b4,Malignant neoplasm of female breast,C50.919,Oncology,Critical,122/76 mmHg,84,98%,105,"Tamoxifen 20mg QD, Trastuzumab 6mg/kg IV Q3W, Paclitaxel",Low,Advisory: Confirm Patient Creatinine Clearance prior to Metformin XR,FHIR_R4_Bundle_C50.919_Condition_MedicationRequest,All Clinical Records & Diagnostic Evidence,Pending Patient Authorization,NO,N/A,N/A,Access request pending approval from patient wallet,AES-256-GCM,vault-transit-key-0x04ce8725,Qm179a7358eb99436d2ae32e359f7a3cdb3f47d40d6a66,0.0.4891024,4138,2026-09-13 11:51:30 UTC,0x8852ea475360266fe11f752e36351e832183171c925deec3d0e7796baad57076,0.0001
ENC-00139,Neha Rao,849339,0x8921414827120e59ec76c9340c68c006dbc9cb4b,85,male,AB+,Dr. Ananya Roy,0x9965507D1a55bcC2695C58ba16FB37d819B0A4dc,NMC-51203,Hematology,Apollo Multispecialty Hospital,0x155Af6ECaFb48861dA7d16Fb8Af2f6ce9d6DD779,Malignant neoplasm of female breast,C50.919,Oncology,Critical,122/76 mmHg,84,98%,105,"Tamoxifen 20mg QD, Trastuzumab 6mg/kg IV Q3W, Paclitaxel",Medium,Advisory: Confirm Patient Creatinine Clearance prior to Metformin XR,FHIR_R4_Bundle_C50.919_Condition_MedicationRequest,All Clinical Records & Diagnostic Evidence,Active On-Chain Consent (Granted by Patient),NO,N/A,N/A,Direct patient consent validated via ConsentManager.sol,AES-256-GCM,vault-transit-key-0x89214148,Qm0bbe0b4ae8a86eaadc43b25fc0ba1659b65a913dc9cc,0.0.4891024,4139,2026-09-13 11:51:32 UTC,0xefd6ef8687383f827fe4abbabb5d53cb602dbe146d2128796e344ad0f2759dc6,0.0001
ENC-00140,Meera Bhatia,849340,0xc49029a1acb9bf80c203a6005b591ab4ae641b6a,86,female,A+,Dr. Ananya Roy,0x9965507D1a55bcC2695C58ba16FB37d819B0A4dc,NMC-51203,Hematology,Apex Diagnostic & Pathology Hub,0x04Fee3FD1B338d12FFD6dBD8d66dE1e8e0BB99cB,Gastro-esophageal reflux disease,K21.9,Gastroenterology,Low,120/80 mmHg,70,99%,98,"Pantoprazole 40mg QD pre-breakfast, Domperidone 30mg QD",Medium,Passed - Safe pediatric/geriatric dosage tier verified,FHIR_R4_Bundle_K21.9_Condition_MedicationRequest,All Clinical Records & Diagnostic Evidence,Active On-Chain Consent (Granted by Patient),NO,N/A,N/A,Direct patient consent validated via ConsentManager.sol,AES-256-GCM,vault-transit-key-0xc49029a1,Qm8e25f9c0de8571fe12501827b93648e7043dc10e8b67,0.0.4891024,4140,2026-09-13 11:51:34 UTC,0x18ae09d9df251f2848ab58468dc9a52c783bd2ea417657467443b0f92c9a3a06,0.0001
ENC-00141,Yashwanth Pillai,849341,0x583d20b94bc2b8857c8593e47f9edd8989ddf4b6,87,male,AB+,Dr. Sunita Narang,0xBcd4042DE499D14e55001CcbB24a551F3b954096,NMC-90812,Endocrinology & Internal Medicine,Apollo Multispecialty Hospital,0x155Af6ECaFb48861dA7d16Fb8Af2f6ce9d6DD779,Gastro-esophageal reflux disease,K21.9,Gastroenterology,Low,120/80 mmHg,70,99%,98,"Pantoprazole 40mg QD pre-breakfast, Domperidone 30mg QD",Medium,Advisory: Monitor Serum Potassium & Renal Function with ACEi/ARB,FHIR_R4_Bundle_K21.9_Condition_MedicationRequest,All Clinical Records & Diagnostic Evidence,Active On-Chain Consent (Granted by Patient),NO,N/A,N/A,Direct patient consent validated via ConsentManager.sol,AES-256-GCM,vault-transit-key-0x583d20b9,Qmef2c53ea159495361ad615820e74c8f82863c7757671,0.0.4891024,4141,2026-09-13 11:51:36 UTC,0x9d3a6078ddbfb4098b5abb17d32dfd3e0768f70f6b43c7253ca0e8cdfed1e8a9,0.0001
ENC-00142,Riya Ghosh,849342,0x98ce808e7a2dcff0af1a4f74b6c69de6714d66bc,88,female,B-,Dr. Rohan Patel,0x976EA74026E726554dB657fA54763abd0C3a0aa9,NMC-11029,Neurology,Care & Cure Pediatric & Maternity Hospital,0x937F51E09477BfD31E56c5e533038a8eEAc096b7,"Acute myocardial infarction, unspecified",I21.9,Cardiology,Emergency,95/60 mmHg,112,93%,165,"Ticagrelor 90mg BID, Aspirin 325mg, Atorvastatin 80mg, IV Heparin",High,Passed - Zero Drug-Drug Interaction Warning (Confidence 99.4%),FHIR_R4_Bundle_I21.9_Condition_MedicationRequest,All Clinical Records & Diagnostic Evidence,Break-Glass Emergency Invoked (Active Override),YES,"Acute Life-Threatening Presentation: Acute myocardial infarction, unspecified",60 Minutes (Auto-Expiring Ephemeral Key),Emergency access granted; immediate HCS compliance event broadcasted,AES-256-GCM,vault-transit-key-0x98ce808e,Qm6eb92d3c06fada1ee119992370f06f1c81f8a2b17bbc,0.0.4891024,4142,2026-09-13 11:51:38 UTC,0xec07ac9b8ac6c6ca97b5caef6a2f0ebfc5ebfb8842ff154d440cf17e45511a6b,0.0001
ENC-00143,Neha Gowda,849343,0x02e01bfef43a096a03f2103f585d9c0e4e2c8a62,89,male,AB+,Dr. Vikram Seth,0x15d34AAf54267DB7D7c367839AAf71A00a2C6A65,NMC-99014,Oncology,Fortis Memorial Neuro & Trauma Center,0x84f93618C1D541bB1Dcf1373A8eE500A7D439634,Unspecified intracranial injury / Concussion,S06.9X0A,Trauma & Emergency,Emergency,150/95 mmHg,64,97%,130,"Mannitol 20% 100mL IV, Phenytoin 100mg IV, Analgesics",High,Passed - Zero Drug-Drug Interaction Warning (Confidence 99.4%),FHIR_R4_Bundle_S06.9X0A_Condition_MedicationRequest,All Clinical Records & Diagnostic Evidence,Break-Glass Emergency Invoked (Active Override),YES,Acute Life-Threatening Presentation: Unspecified intracranial injury / Concussion,60 Minutes (Auto-Expiring Ephemeral Key),Emergency access granted; immediate HCS compliance event broadcasted,AES-256-GCM,vault-transit-key-0x02e01bfe,Qmbed4242c4661826ea070a4207734825d74a38652496c,0.0.4891024,4143,2026-09-13 11:51:41 UTC,0x18b1af6c53961f773d6a60ad9acad594295f6d599e6cfcf1d27a4bd06ab62b42,0.0001
ENC-00144,Sneha Malhotra,849344,0x71a7440784df2b55c8572883813fa3c641d7f23b,18,female,A+,Dr. Preeti Deshmukh,0x23618e81E3f5cdF7f54C3d65f7FBc0aBf5B21E8f,NMC-82194,Obstetrics & Pediatrics,Max Super Speciality Cancer Institute,0x28B7eA94B34C8F52D19E50Eb14769Da20F5D54b4,Type 2 diabetes mellitus without complications,E11.9,Endocrinology,Moderate,130/82 mmHg,72,99%,142,"Metformin 500mg BID, Dapagliflozin 10mg QD",Medium,Passed - Zero Drug-Drug Interaction Warning (Confidence 99.4%),FHIR_R4_Bundle_E11.9_Condition_MedicationRequest,All Clinical Records & Diagnostic Evidence,Active On-Chain Consent (Granted by Patient),NO,N/A,N/A,Direct patient consent validated via ConsentManager.sol,AES-256-GCM,vault-transit-key-0x71a74407,Qmc87749c8a52dfb8ad8beb49458d18f91e7d4947cb63a,0.0.4891024,4144,2026-09-13 11:51:42 UTC,0x31add029932fb0ada9002d3071419fcf463577329b9653d1469bea944f4e5684,0.0001
ENC-00145,Varun Patel,849345,0x0b6736871b1976af61a858867ac9e0b868189944,19,male,A-,Dr. Ananya Roy,0x9965507D1a55bcC2695C58ba16FB37d819B0A4dc,NMC-51203,Hematology,Max Super Speciality Cancer Institute,0x28B7eA94B34C8F52D19E50Eb14769Da20F5D54b4,Gastro-esophageal reflux disease,K21.9,Gastroenterology,Low,120/80 mmHg,70,99%,98,"Pantoprazole 40mg QD pre-breakfast, Domperidone 30mg QD",High,Advisory: Confirm Patient Creatinine Clearance prior to Metformin XR,FHIR_R4_Bundle_K21.9_Condition_MedicationRequest,All Clinical Records & Diagnostic Evidence,Active On-Chain Consent (Granted by Patient),NO,N/A,N/A,Direct patient consent validated via ConsentManager.sol,AES-256-GCM,vault-transit-key-0x0b673687,Qm9c6c1e3f1c6d3fe3c50bef4631408286f7798c604b73,0.0.4891024,4145,2026-09-13 11:51:44 UTC,0xe3dea7d113294632084aa4ca13e80c3b94d7a332bd60ba2c7c46ea430b08e6cf,0.0001
ENC-00146,Amit Verma,849346,0x8b3d797f5e8362d891e2e827d56979ff4d3c4a4b,20,female,O-,Dr. Ananya Roy,0x9965507D1a55bcC2695C58ba16FB37d819B0A4dc,NMC-51203,Hematology,Max Super Speciality Cancer Institute,0x28B7eA94B34C8F52D19E50Eb14769Da20F5D54b4,Type 2 diabetes mellitus without complications,E11.9,Endocrinology,Moderate,130/82 mmHg,72,99%,142,"Metformin 500mg BID, Dapagliflozin 10mg QD",Low,Passed - Zero Drug-Drug Interaction Warning (Confidence 99.4%),FHIR_R4_Bundle_E11.9_Condition_MedicationRequest,All Clinical Records & Diagnostic Evidence,Active On-Chain Consent (Granted by Patient),NO,N/A,N/A,Direct patient consent validated via ConsentManager.sol,AES-256-GCM,vault-transit-key-0x8b3d797f,Qm1e4004eaf8496b9b5acdf04c629812ac77df57456e63,0.0.4891024,4146,2026-09-13 11:51:47 UTC,0x802c6d4b60c54382c2010e1c41a52c610e1fad5e4cf295538f94ae8fb500de1c,0.0001
ENC-00147,Sanjay Shetty,849347,0xe6b6769cd71382263a29b378c5df971d352b1efe,21,male,A+,Dr. Preeti Deshmukh,0x23618e81E3f5cdF7f54C3d65f7FBc0aBf5B21E8f,NMC-82194,Obstetrics & Pediatrics,Care & Cure Pediatric & Maternity Hospital,0x937F51E09477BfD31E56c5e533038a8eEAc096b7,Essential (primary) hypertension,I10,Cardiology,Moderate,148/92 mmHg,78,98%,110,"Amlodipine 5mg QD, Telmisartan 40mg QD",High,Advisory: Monitor Serum Potassium & Renal Function with ACEi/ARB,FHIR_R4_Bundle_I10_Condition_MedicationRequest,All Clinical Records & Diagnostic Evidence,Active On-Chain Consent (Granted by Patient),NO,N/A,N/A,Direct patient consent validated via ConsentManager.sol,AES-256-GCM,vault-transit-key-0xe6b6769c,Qmcdae3ec87bc23892fcc3713cf4597ee4a14adedaf17d,0.0.4891024,4147,2026-09-13 11:51:49 UTC,0xe4f89c37d95c1b6133811a30206766498508662573e0b36f015be84062b26efc,0.0001
ENC-00148,Siddharth Shetty,849348,0x51806af47c4f6685d813280eee8b3282c5711d0e,22,female,AB-,Dr. Sarah Jenkins,0x04Fee3FD1B338d12FFD6dBD8d66dE1e8e0BB99cB,NMC-48192,Cardiology,Care & Cure Pediatric & Maternity Hospital,0x937F51E09477BfD31E56c5e533038a8eEAc096b7,Gastro-esophageal reflux disease,K21.9,Gastroenterology,Low,120/80 mmHg,70,99%,98,"Pantoprazole 40mg QD pre-breakfast, Domperidone 30mg QD",Medium,Passed - Zero Drug-Drug Interaction Warning (Confidence 99.4%),FHIR_R4_Bundle_K21.9_Condition_MedicationRequest,All Clinical Records & Diagnostic Evidence,Active On-Chain Consent (Granted by Patient),NO,N/A,N/A,Direct patient consent validated via ConsentManager.sol,AES-256-GCM,vault-transit-key-0x51806af4,Qma4aa54323991829aca83e34bf8c1546f1fedba924808,0.0.4891024,4148,2026-09-13 11:51:51 UTC,0x1a8158fd959887e2acbde8b3c8103efd3c8cfc71bd6477bd63a04d53ac7aad22,0.0001
ENC-00149,Rahul Menon,849349,0x77050e44a498aba296df83b1c6615cc16e399812,23,male,A+,Dr. Rohan Patel,0x976EA74026E726554dB657fA54763abd0C3a0aa9,NMC-11029,Neurology,Care & Cure Pediatric & Maternity Hospital,0x937F51E09477BfD31E56c5e533038a8eEAc096b7,Unspecified intracranial injury / Concussion,S06.9X0A,Trauma & Emergency,Emergency,150/95 mmHg,64,97%,130,"Mannitol 20% 100mL IV, Phenytoin 100mg IV, Analgesics",Low,Advisory: Confirm Patient Creatinine Clearance prior to Metformin XR,FHIR_R4_Bundle_S06.9X0A_Condition_MedicationRequest,All Clinical Records & Diagnostic Evidence,Active On-Chain Consent (Granted by Patient),NO,N/A,N/A,Direct patient consent validated via ConsentManager.sol,AES-256-GCM,vault-transit-key-0x77050e44,Qm72f78cc243d04e06651adbb15d29d019a525bd1a149e,0.0.4891024,4149,2026-09-13 11:51:53 UTC,0xcc6a1f81005df19db8c4103b496006d5080d7824b93c83b1ef5575a2a3b122d9,0.0001
ENC-00150,Varun Pandey,849350,0x3d7136bb20226b4a2b7ef0faf4094cd666344a25,24,female,B-,Dr. Sunita Narang,0xBcd4042DE499D14e55001CcbB24a551F3b954096,NMC-90812,Endocrinology & Internal Medicine,Apollo Multispecialty Hospital,0x155Af6ECaFb48861dA7d16Fb8Af2f6ce9d6DD779,Type 2 diabetes mellitus without complications,E11.9,Endocrinology,Moderate,130/82 mmHg,72,99%,142,"Metformin 500mg BID, Dapagliflozin 10mg QD",High,Advisory: Confirm Patient Creatinine Clearance prior to Metformin XR,FHIR_R4_Bundle_E11.9_Condition_MedicationRequest,All Clinical Records & Diagnostic Evidence,Active On-Chain Consent (Granted by Patient),NO,N/A,N/A,Direct patient consent validated via ConsentManager.sol,AES-256-GCM,vault-transit-key-0x3d7136bb,Qm4962b89eb0c8ce0912b181812c67cad3ec58454a8df2,0.0.4891024,4150,2026-09-13 11:51:55 UTC,0xe380ee862cdd9c79a90478c4bd6040d51fcc0d29c823a07ab649e5a0caa22778,0.0001
ENC-00151,Nandini Menon,849351,0xb33ed295e4709a008861390911ed18d831fa6022,25,male,AB-,Dr. Ananya Roy,0x9965507D1a55bcC2695C58ba16FB37d819B0A4dc,NMC-51203,Hematology,Apollo Multispecialty Hospital,0x155Af6ECaFb48861dA7d16Fb8Af2f6ce9d6DD779,Dengue fever [classical dengue],A90,Infectious Disease,High,100/68 mmHg,96,98%,102,"Oral Rehydration Salts 1L/day, Paracetamol 650mg SOS",Medium,Passed - Zero Drug-Drug Interaction Warning (Confidence 99.4%),FHIR_R4_Bundle_A90_Condition_MedicationRequest,All Clinical Records & Diagnostic Evidence,Active On-Chain Consent (Granted by Patient),NO,N/A,N/A,Direct patient consent validated via ConsentManager.sol,AES-256-GCM,vault-transit-key-0xb33ed295,Qm117b61f70fb2a56763e8ed08536c5694b03e7753a771,0.0.4891024,4151,2026-09-13 11:51:57 UTC,0x311b3e084775bec6f1d7f7061e18224e4211930d8f7a0b8b71f24d426fee6458,0.0001
ENC-00152,Shreya Verma,849352,0xd80c156665b91cfc3ba9090da80d5bd3b99e7f23,26,female,A-,Dr. Vikram Seth,0x15d34AAf54267DB7D7c367839AAf71A00a2C6A65,NMC-99014,Oncology,Care & Cure Pediatric & Maternity Hospital,0x937F51E09477BfD31E56c5e533038a8eEAc096b7,Unspecified intracranial injury / Concussion,S06.9X0A,Trauma & Emergency,Emergency,150/95 mmHg,64,97%,130,"Mannitol 20% 100mL IV, Phenytoin 100mg IV, Analgesics",Medium,Passed - Zero Drug-Drug Interaction Warning (Confidence 99.4%),FHIR_R4_Bundle_S06.9X0A_Condition_MedicationRequest,All Clinical Records & Diagnostic Evidence,Break-Glass Emergency Invoked (Active Override),YES,Acute Life-Threatening Presentation: Unspecified intracranial injury / Concussion,60 Minutes (Auto-Expiring Ephemeral Key),Emergency access granted; immediate HCS compliance event broadcasted,AES-256-GCM,vault-transit-key-0xd80c1566,Qm867ae5169900e9df2fa470ff9c375b5f68d7f36a5433,0.0.4891024,4152,2026-09-13 11:51:59 UTC,0xdfb369506f5a4e940634dd3c07c9173d78364b6ebffe1c49faa514f1fa44ebc6,0.0001
ENC-00153,Neha Choudhury,849353,0x617a21d5760aa7a8b370a72a48bbb40489ce435a,27,male,A-,Dr. Ananya Roy,0x9965507D1a55bcC2695C58ba16FB37d819B0A4dc,NMC-51203,Hematology,Apollo Multispecialty Hospital,0x155Af6ECaFb48861dA7d16Fb8Af2f6ce9d6DD779,Dengue fever [classical dengue],A90,Infectious Disease,High,100/68 mmHg,96,98%,102,"Oral Rehydration Salts 1L/day, Paracetamol 650mg SOS",Low,Passed - Zero Drug-Drug Interaction Warning (Confidence 99.4%),FHIR_R4_Bundle_A90_Condition_MedicationRequest,All Clinical Records & Diagnostic Evidence,Active On-Chain Consent (Granted by Patient),NO,N/A,N/A,Direct patient consent validated via ConsentManager.sol,AES-256-GCM,vault-transit-key-0x617a21d5,Qm7e13626cde30fa54c66ca7d69e8b0772a92afdb82d24,0.0.4891024,4153,2026-09-13 11:52:02 UTC,0x32f5feaa98465c7027f99588fe708bdab79c7f12931ef2ff3f8b8c05dbe7548f,0.0001
ENC-00154,Sanjay Menon,849354,0x8aa65f5b5e331cfd598665c1ab7d9a23f49d1156,28,female,O+,Dr. Rohan Patel,0x976EA74026E726554dB657fA54763abd0C3a0aa9,NMC-11029,Neurology,Care & Cure Pediatric & Maternity Hospital,0x937F51E09477BfD31E56c5e533038a8eEAc096b7,Malignant neoplasm of female breast,C50.919,Oncology,Critical,122/76 mmHg,84,98%,105,"Tamoxifen 20mg QD, Trastuzumab 6mg/kg IV Q3W, Paclitaxel",High,Passed - Zero Drug-Drug Interaction Warning (Confidence 99.4%),FHIR_R4_Bundle_C50.919_Condition_MedicationRequest,All Clinical Records & Diagnostic Evidence,Active On-Chain Consent (Granted by Patient),NO,N/A,N/A,Direct patient consent validated via ConsentManager.sol,AES-256-GCM,vault-transit-key-0x8aa65f5b,Qm5df04e42fdafc4e8336a5ce1ba83a038762eb3549738,0.0.4891024,4154,2026-09-13 11:52:03 UTC,0xc1158a55692d5dcd652b5fd7e05e4a082986e7b1fc4ab0480fc39f43b23e8fec,0.0001
ENC-00155,Manish Kulkarni,849355,0x62ddcd2034ac3b689f26976e084e876f9b6c6ed3,29,male,AB-,Dr. Ananya Roy,0x9965507D1a55bcC2695C58ba16FB37d819B0A4dc,NMC-51203,Hematology,Fortis Memorial Neuro & Trauma Center,0x84f93618C1D541bB1Dcf1373A8eE500A7D439634,Unspecified intracranial injury / Concussion,S06.9X0A,Trauma & Emergency,Emergency,150/95 mmHg,64,97%,130,"Mannitol 20% 100mL IV, Phenytoin 100mg IV, Analgesics",High,Advisory: Monitor Serum Potassium & Renal Function with ACEi/ARB,FHIR_R4_Bundle_S06.9X0A_Condition_MedicationRequest,All Clinical Records & Diagnostic Evidence,Active On-Chain Consent (Granted by Patient),NO,N/A,N/A,Direct patient consent validated via ConsentManager.sol,AES-256-GCM,vault-transit-key-0x62ddcd20,Qme62dfe3a40de1c19fd8ed7cfdc54258ebd7ef8384577,0.0.4891024,4155,2026-09-13 11:52:06 UTC,0x8c045e1077c2df189a72d48b7cb63e690a27fa13d8435eb6fe711d5c5a480215,0.0001
ENC-00156,Kiran Banerjee,849356,0x81b66a98f63f959c9ea6793c88f618f3755b0a89,30,female,O+,Dr. Sarah Jenkins,0x04Fee3FD1B338d12FFD6dBD8d66dE1e8e0BB99cB,NMC-48192,Cardiology,Fortis Memorial Neuro & Trauma Center,0x84f93618C1D541bB1Dcf1373A8eE500A7D439634,Unspecified intracranial injury / Concussion,S06.9X0A,Trauma & Emergency,Emergency,150/95 mmHg,64,97%,130,"Mannitol 20% 100mL IV, Phenytoin 100mg IV, Analgesics",High,Passed - Zero Drug-Drug Interaction Warning (Confidence 99.4%),FHIR_R4_Bundle_S06.9X0A_Condition_MedicationRequest,All Clinical Records & Diagnostic Evidence,Break-Glass Emergency Invoked (Active Override),YES,Acute Life-Threatening Presentation: Unspecified intracranial injury / Concussion,60 Minutes (Auto-Expiring Ephemeral Key),Emergency access granted; immediate HCS compliance event broadcasted,AES-256-GCM,vault-transit-key-0x81b66a98,Qmecb8cfc417d3947970f7111066092f78c9a7b63ab093,0.0.4891024,4156,2026-09-13 11:52:08 UTC,0x14500c61b58ae5012fb084fefe17044e562a7f4ce780a3dab953e69e60dc9606,0.0001
ENC-00157,Divya Mehta,849357,0x3121604b19474b9b63f308f079de0650ac1e8991,31,male,O-,Dr. Ananya Roy,0x9965507D1a55bcC2695C58ba16FB37d819B0A4dc,NMC-51203,Hematology,Care & Cure Pediatric & Maternity Hospital,0x937F51E09477BfD31E56c5e533038a8eEAc096b7,Essential (primary) hypertension,I10,Cardiology,Moderate,148/92 mmHg,78,98%,110,"Amlodipine 5mg QD, Telmisartan 40mg QD",High,Advisory: Confirm Patient Creatinine Clearance prior to Metformin XR,FHIR_R4_Bundle_I10_Condition_MedicationRequest,All Clinical Records & Diagnostic Evidence,Active On-Chain Consent (Granted by Patient),NO,N/A,N/A,Direct patient consent validated via ConsentManager.sol,AES-256-GCM,vault-transit-key-0x3121604b,Qm5f639ed464c76825d6759a3510fb85554502f74f89e0,0.0.4891024,4157,2026-09-13 11:52:10 UTC,0x27fccf65880e2ea66ab8b8aa2c9f6cd82b743b005c52394ad558b54b2879a0d7,0.0001
ENC-00158,Divya Ghosh,849358,0x7a0bf2c0a12b5f73608edc7f7a80aa7ec0366578,32,female,B-,Dr. Sarah Jenkins,0x04Fee3FD1B338d12FFD6dBD8d66dE1e8e0BB99cB,NMC-48192,Cardiology,Max Super Speciality Cancer Institute,0x28B7eA94B34C8F52D19E50Eb14769Da20F5D54b4,"Epilepsy, unspecified, without status epilepticus",G40.909,Neurology,High,118/74 mmHg,76,99%,95,"Levetiracetam 500mg BID, Clobazam 10mg QHS",Low,Advisory: Monitor Serum Potassium & Renal Function with ACEi/ARB,FHIR_R4_Bundle_G40.909_Condition_MedicationRequest,All Clinical Records & Diagnostic Evidence,Pending Patient Authorization,NO,N/A,N/A,Access request pending approval from patient wallet,AES-256-GCM,vault-transit-key-0x7a0bf2c0,Qm2c360401c8c083693429c329f4bd10125da0bcaec333,0.0.4891024,4158,2026-09-13 11:52:12 UTC,0x4f26ecb7f7904d7aaea6fbce66699f515ca0eaacc8dae377e61a7af7a516db7a,0.0001
ENC-00159,Shreya Saxena,849359,0x7103d7fef9387f29ada0801f7ae0877e006a91cc,33,male,AB-,Dr. Rajesh Sharma,0x3c44CdDdB6a900fa2b585dd299e03d12FA4293BC,NMC-78491,Gastroenterology,Care & Cure Pediatric & Maternity Hospital,0x937F51E09477BfD31E56c5e533038a8eEAc096b7,"Epilepsy, unspecified, without status epilepticus",G40.909,Neurology,High,118/74 mmHg,76,99%,95,"Levetiracetam 500mg BID, Clobazam 10mg QHS",High,Advisory: Monitor Serum Potassium & Renal Function with ACEi/ARB,FHIR_R4_Bundle_G40.909_Condition_MedicationRequest,All Clinical Records & Diagnostic Evidence,Active On-Chain Consent (Granted by Patient),NO,N/A,N/A,Direct patient consent validated via ConsentManager.sol,AES-256-GCM,vault-transit-key-0x7103d7fe,Qm6aa86f1997217a2fcb2f95017d790d15332bd31435aa,0.0.4891024,4159,2026-09-13 11:52:14 UTC,0xad986e5cb91839f655ced56570ddced9b2fc43cccd7e009cd0c3aa61eec2d9bd,0.0001
ENC-00160,Ananya Agarwal,849360,0xcade0d15844a2108c57332c093861b2ff82073a0,34,female,B-,Dr. Rajesh Sharma,0x3c44CdDdB6a900fa2b585dd299e03d12FA4293BC,NMC-78491,Gastroenterology,Fortis Memorial Neuro & Trauma Center,0x84f93618C1D541bB1Dcf1373A8eE500A7D439634,"Epilepsy, unspecified, without status epilepticus",G40.909,Neurology,High,118/74 mmHg,76,99%,95,"Levetiracetam 500mg BID, Clobazam 10mg QHS",Medium,Advisory: Monitor Serum Potassium & Renal Function with ACEi/ARB,FHIR_R4_Bundle_G40.909_Condition_MedicationRequest,All Clinical Records & Diagnostic Evidence,Active On-Chain Consent (Granted by Patient),NO,N/A,N/A,Direct patient consent validated via ConsentManager.sol,AES-256-GCM,vault-transit-key-0xcade0d15,Qm4791033a234dc20426d43a369c0ee43fca49e556cf31,0.0.4891024,4160,2026-09-13 11:52:16 UTC,0x3d61eebd98470add5f832d9270a49c732865c34fd46a2c5397621d1904df8435,0.0001
ENC-00161,Kavya Deshmukh,849361,0xb4d0244dc4ab0e40342b09f9c3783001df972600,35,male,O-,Dr. Ananya Roy,0x9965507D1a55bcC2695C58ba16FB37d819B0A4dc,NMC-51203,Hematology,Apex Diagnostic & Pathology Hub,0x04Fee3FD1B338d12FFD6dBD8d66dE1e8e0BB99cB,Unspecified intracranial injury / Concussion,S06.9X0A,Trauma & Emergency,Emergency,150/95 mmHg,64,97%,130,"Mannitol 20% 100mL IV, Phenytoin 100mg IV, Analgesics",High,Advisory: Monitor Serum Potassium & Renal Function with ACEi/ARB,FHIR_R4_Bundle_S06.9X0A_Condition_MedicationRequest,All Clinical Records & Diagnostic Evidence,Break-Glass Emergency Invoked (Active Override),YES,Acute Life-Threatening Presentation: Unspecified intracranial injury / Concussion,60 Minutes (Auto-Expiring Ephemeral Key),Emergency access granted; immediate HCS compliance event broadcasted,AES-256-GCM,vault-transit-key-0xb4d0244d,Qm37b58d76d84eddda7c8d90e33f7e1536061540445f8b,0.0.4891024,4161,2026-09-13 11:52:18 UTC,0xc7ee9f8b72014b0193d7fc6542dc8a25d08337b800624ad0c6635696e39dea6a,0.0001
ENC-00162,Sakshi Rao,849362,0x3384f3bb970ea50a33b864c7253c5b36ccc4570a,36,female,A+,Dr. Rohan Patel,0x976EA74026E726554dB657fA54763abd0C3a0aa9,NMC-11029,Neurology,Fortis Memorial Neuro & Trauma Center,0x84f93618C1D541bB1Dcf1373A8eE500A7D439634,Dengue fever [classical dengue],A90,Infectious Disease,High,100/68 mmHg,96,98%,102,"Oral Rehydration Salts 1L/day, Paracetamol 650mg SOS",Medium,Advisory: Confirm Patient Creatinine Clearance prior to Metformin XR,FHIR_R4_Bundle_A90_Condition_MedicationRequest,All Clinical Records & Diagnostic Evidence,Active On-Chain Consent (Granted by Patient),NO,N/A,N/A,Direct patient consent validated via ConsentManager.sol,AES-256-GCM,vault-transit-key-0x3384f3bb,Qm09a4260666131ceee82cda317ddbff74dbd682fd260a,0.0.4891024,4162,2026-09-13 11:52:20 UTC,0x290b3e7fb4fb8907817736447bd3c62201ea411f698aefb3425aa5179cb5cf75,0.0001
ENC-00163,Amit Malhotra,849363,0xd86af4ef8406dc7c3b3a3b3158ffd5f35914483f,37,male,O+,Dr. Vikram Seth,0x15d34AAf54267DB7D7c367839AAf71A00a2C6A65,NMC-99014,Oncology,Fortis Memorial Neuro & Trauma Center,0x84f93618C1D541bB1Dcf1373A8eE500A7D439634,Unspecified intracranial injury / Concussion,S06.9X0A,Trauma & Emergency,Emergency,150/95 mmHg,64,97%,130,"Mannitol 20% 100mL IV, Phenytoin 100mg IV, Analgesics",Medium,Passed - Safe pediatric/geriatric dosage tier verified,FHIR_R4_Bundle_S06.9X0A_Condition_MedicationRequest,All Clinical Records & Diagnostic Evidence,Break-Glass Emergency Invoked (Active Override),YES,Acute Life-Threatening Presentation: Unspecified intracranial injury / Concussion,60 Minutes (Auto-Expiring Ephemeral Key),Emergency access granted; immediate HCS compliance event broadcasted,AES-256-GCM,vault-transit-key-0xd86af4ef,Qmb2d9590a8603d310ff80b1fa0da33d69f9a52e162c02,0.0.4891024,4163,2026-09-13 11:52:22 UTC,0x966b698708c3d3f27d8ad79858b2135e718932e57f5052719c651e53eb1e979c,0.0001
ENC-00164,Anand Iyer,849364,0xc9818fd944382856d790af419094fb7281fc6de6,38,female,B+,Dr. Preeti Deshmukh,0x23618e81E3f5cdF7f54C3d65f7FBc0aBf5B21E8f,NMC-82194,Obstetrics & Pediatrics,Care & Cure Pediatric & Maternity Hospital,0x937F51E09477BfD31E56c5e533038a8eEAc096b7,"Epilepsy, unspecified, without status epilepticus",G40.909,Neurology,High,118/74 mmHg,76,99%,95,"Levetiracetam 500mg BID, Clobazam 10mg QHS",Medium,Passed - Zero Drug-Drug Interaction Warning (Confidence 99.4%),FHIR_R4_Bundle_G40.909_Condition_MedicationRequest,All Clinical Records & Diagnostic Evidence,Active On-Chain Consent (Granted by Patient),NO,N/A,N/A,Direct patient consent validated via ConsentManager.sol,AES-256-GCM,vault-transit-key-0xc9818fd9,Qm2df542732383ba29f58f70034fa99d382c84c51f28a6,0.0.4891024,4164,2026-09-13 11:52:25 UTC,0xfce2a9938175447e48114891f44bc8bc7a2b77a11d63af7e98a93144d07e23a1,0.0001
ENC-00165,Harish Bhatia,849365,0x1f2aeb3d83d22914915c3eb81c6540cbbb2187be,39,male,A+,Dr. Rajesh Sharma,0x3c44CdDdB6a900fa2b585dd299e03d12FA4293BC,NMC-78491,Gastroenterology,Apex Diagnostic & Pathology Hub,0x04Fee3FD1B338d12FFD6dBD8d66dE1e8e0BB99cB,Unspecified intracranial injury / Concussion,S06.9X0A,Trauma & Emergency,Emergency,150/95 mmHg,64,97%,130,"Mannitol 20% 100mL IV, Phenytoin 100mg IV, Analgesics",High,Advisory: Confirm Patient Creatinine Clearance prior to Metformin XR,FHIR_R4_Bundle_S06.9X0A_Condition_MedicationRequest,All Clinical Records & Diagnostic Evidence,Break-Glass Emergency Invoked (Active Override),YES,Acute Life-Threatening Presentation: Unspecified intracranial injury / Concussion,60 Minutes (Auto-Expiring Ephemeral Key),Emergency access granted; immediate HCS compliance event broadcasted,AES-256-GCM,vault-transit-key-0x1f2aeb3d,Qmea899d5ed83fbba3180d80815fbd225ee7976cef7df3,0.0.4891024,4165,2026-09-13 11:52:27 UTC,0x6cb94c9673bd5399df4ef5cc6848d56e8fad6b11eb80b5e076ffd7ed31110b17,0.0001
ENC-00166,Yashwanth Sharma,849366,0x71e3b4f6c1a9678c9894297f6f2682f0aebacdfc,40,female,B+,Dr. Rohan Patel,0x976EA74026E726554dB657fA54763abd0C3a0aa9,NMC-11029,Neurology,Apex Diagnostic & Pathology Hub,0x04Fee3FD1B338d12FFD6dBD8d66dE1e8e0BB99cB,Type 2 diabetes mellitus without complications,E11.9,Endocrinology,Moderate,130/82 mmHg,72,99%,142,"Metformin 500mg BID, Dapagliflozin 10mg QD",Low,Passed - Safe pediatric/geriatric dosage tier verified,FHIR_R4_Bundle_E11.9_Condition_MedicationRequest,All Clinical Records & Diagnostic Evidence,Active On-Chain Consent (Granted by Patient),NO,N/A,N/A,Direct patient consent validated via ConsentManager.sol,AES-256-GCM,vault-transit-key-0x71e3b4f6,Qm31a67582cfce1c474b505aa69a7559b9cb06e4adac93,0.0.4891024,4166,2026-09-13 11:52:29 UTC,0x108b3d31a9c5175c10f26e0867db2d707b53f7f7a4ae214c3ae00ca59ca78e4e,0.0001
ENC-00167,Riya Pandey,849367,0x7328121d23f97b06b4e423cb23d95f01f3ed45bb,41,male,AB-,Dr. Rajesh Sharma,0x3c44CdDdB6a900fa2b585dd299e03d12FA4293BC,NMC-78491,Gastroenterology,Care & Cure Pediatric & Maternity Hospital,0x937F51E09477BfD31E56c5e533038a8eEAc096b7,Type 2 diabetes mellitus without complications,E11.9,Endocrinology,Moderate,130/82 mmHg,72,99%,142,"Metformin 500mg BID, Dapagliflozin 10mg QD",Medium,Passed - Zero Drug-Drug Interaction Warning (Confidence 99.4%),FHIR_R4_Bundle_E11.9_Condition_MedicationRequest,All Clinical Records & Diagnostic Evidence,Active On-Chain Consent (Granted by Patient),NO,N/A,N/A,Direct patient consent validated via ConsentManager.sol,AES-256-GCM,vault-transit-key-0x7328121d,Qm74783e9aadc8736d25338a24fbda8ace71c512a3ae03,0.0.4891024,4167,2026-09-13 11:52:30 UTC,0x18fe12ddfd8ab18ae76c4401289698c8ab9c1db5a88cb90861b583933aeaed67,0.0001
ENC-00168,Pooja Iyer,849368,0x0f7bfc4083958a8816951394b8fbf37c65645547,42,female,A+,Dr. Rohan Patel,0x976EA74026E726554dB657fA54763abd0C3a0aa9,NMC-11029,Neurology,Fortis Memorial Neuro & Trauma Center,0x84f93618C1D541bB1Dcf1373A8eE500A7D439634,Type 2 diabetes mellitus without complications,E11.9,Endocrinology,Moderate,130/82 mmHg,72,99%,142,"Metformin 500mg BID, Dapagliflozin 10mg QD",Medium,Passed - Safe pediatric/geriatric dosage tier verified,FHIR_R4_Bundle_E11.9_Condition_MedicationRequest,All Clinical Records & Diagnostic Evidence,Pending Patient Authorization,NO,N/A,N/A,Access request pending approval from patient wallet,AES-256-GCM,vault-transit-key-0x0f7bfc40,Qmd3685e50efe934a85149d25f5d1ac36f6f255df833cf,0.0.4891024,4168,2026-09-13 11:52:33 UTC,0xbd9a297ff1f2ea3e5c373d95845e5b67c66cb09a25aa09e2c1b394dcc301a739,0.0001
ENC-00169,Sanjay Gowda,849369,0xea4597dfdc6ac428b279dcb31b7a2a0bc85a2cd7,43,male,AB+,Dr. Ananya Roy,0x9965507D1a55bcC2695C58ba16FB37d819B0A4dc,NMC-51203,Hematology,Apex Diagnostic & Pathology Hub,0x04Fee3FD1B338d12FFD6dBD8d66dE1e8e0BB99cB,"Epilepsy, unspecified, without status epilepticus",G40.909,Neurology,High,118/74 mmHg,76,99%,95,"Levetiracetam 500mg BID, Clobazam 10mg QHS",Low,Advisory: Confirm Patient Creatinine Clearance prior to Metformin XR,FHIR_R4_Bundle_G40.909_Condition_MedicationRequest,All Clinical Records & Diagnostic Evidence,Active On-Chain Consent (Granted by Patient),NO,N/A,N/A,Direct patient consent validated via ConsentManager.sol,AES-256-GCM,vault-transit-key-0xea4597df,Qm74807d1de8a27368b037e0551c82ecd4ad4e6e26635a,0.0.4891024,4169,2026-09-13 11:52:35 UTC,0xd9c6743f34386904ec1f30ed1f87952db76d977156d44f805d918a8c7fd863b6,0.0001
ENC-00170,Sakshi Mishra,849370,0xb7d54a2661261413e9315c2bc851a57797895ad5,44,female,B-,Dr. Rajesh Sharma,0x3c44CdDdB6a900fa2b585dd299e03d12FA4293BC,NMC-78491,Gastroenterology,Care & Cure Pediatric & Maternity Hospital,0x937F51E09477BfD31E56c5e533038a8eEAc096b7,Dengue fever [classical dengue],A90,Infectious Disease,High,100/68 mmHg,96,98%,102,"Oral Rehydration Salts 1L/day, Paracetamol 650mg SOS",Low,Advisory: Confirm Patient Creatinine Clearance prior to Metformin XR,FHIR_R4_Bundle_A90_Condition_MedicationRequest,All Clinical Records & Diagnostic Evidence,Pending Patient Authorization,NO,N/A,N/A,Access request pending approval from patient wallet,AES-256-GCM,vault-transit-key-0xb7d54a26,Qmc887e01e4b4574ac31d105ca63c21bc81c09fb36192e,0.0.4891024,4170,2026-09-13 11:52:37 UTC,0x04350f02a2a797a45803340341ab5301251bef094d030c1d91b8e0a5166fb5ce,0.0001
ENC-00171,Neha Joshi,849371,0xe9696f77ee83d47b8b0b779e91db27e2a565ad35,45,male,O-,Dr. Sarah Jenkins,0x04Fee3FD1B338d12FFD6dBD8d66dE1e8e0BB99cB,NMC-48192,Cardiology,Apex Diagnostic & Pathology Hub,0x04Fee3FD1B338d12FFD6dBD8d66dE1e8e0BB99cB,Unspecified intracranial injury / Concussion,S06.9X0A,Trauma & Emergency,Emergency,150/95 mmHg,64,97%,130,"Mannitol 20% 100mL IV, Phenytoin 100mg IV, Analgesics",High,Passed - Zero Drug-Drug Interaction Warning (Confidence 99.4%),FHIR_R4_Bundle_S06.9X0A_Condition_MedicationRequest,All Clinical Records & Diagnostic Evidence,Active On-Chain Consent (Granted by Patient),NO,N/A,N/A,Direct patient consent validated via ConsentManager.sol,AES-256-GCM,vault-transit-key-0xe9696f77,Qm78c72e5e95c57a595be53128b30a54ca66fa24e63d35,0.0.4891024,4171,2026-09-13 11:52:39 UTC,0xff4985966aea433f20095e6a5768df63d52e91aa8c50391363284e19cf86dd55,0.0001
ENC-00172,Tanvi Kapoor,849372,0x42e7250e745d329fe3ca76949e6e0e8b6a0e9465,46,female,B-,Dr. Rajesh Sharma,0x3c44CdDdB6a900fa2b585dd299e03d12FA4293BC,NMC-78491,Gastroenterology,Apollo Multispecialty Hospital,0x155Af6ECaFb48861dA7d16Fb8Af2f6ce9d6DD779,Malignant neoplasm of female breast,C50.919,Oncology,Critical,122/76 mmHg,84,98%,105,"Tamoxifen 20mg QD, Trastuzumab 6mg/kg IV Q3W, Paclitaxel",High,Passed - Zero Drug-Drug Interaction Warning (Confidence 99.4%),FHIR_R4_Bundle_C50.919_Condition_MedicationRequest,All Clinical Records & Diagnostic Evidence,Active On-Chain Consent (Granted by Patient),NO,N/A,N/A,Direct patient consent validated via ConsentManager.sol,AES-256-GCM,vault-transit-key-0x42e7250e,Qm3c7c5a1cd241ef071ebf480aa848fb995f7648864479,0.0.4891024,4172,2026-09-13 11:52:41 UTC,0x6da64e2e3f0b585ddc143afe64ed9da1a5d04c6a408ace249c448d59361a3cca,0.0001
ENC-00173,Tanvi Sharma,849373,0xe98efe2bcdf0a7bbfc3535857336971847f3a40c,47,male,A-,Dr. Rohan Patel,0x976EA74026E726554dB657fA54763abd0C3a0aa9,NMC-11029,Neurology,Max Super Speciality Cancer Institute,0x28B7eA94B34C8F52D19E50Eb14769Da20F5D54b4,Type 2 diabetes mellitus without complications,E11.9,Endocrinology,Moderate,130/82 mmHg,72,99%,142,"Metformin 500mg BID, Dapagliflozin 10mg QD",Low,Passed - Safe pediatric/geriatric dosage tier verified,FHIR_R4_Bundle_E11.9_Condition_MedicationRequest,All Clinical Records & Diagnostic Evidence,Active On-Chain Consent (Granted by Patient),NO,N/A,N/A,Direct patient consent validated via ConsentManager.sol,AES-256-GCM,vault-transit-key-0xe98efe2b,Qmbbbdf86c4200acb306f711fb6e4b5c1b4b3e6ed5d695,0.0.4891024,4173,2026-09-13 11:52:44 UTC,0x045392fd51194ba7bbf93c2853b51dcc166082a7f9e7f9c1552e038a0d4ac708,0.0001
ENC-00174,Shreya Sharma,849374,0x76a1a941a8d144791dd7ed62b581689ba3a9d784,48,female,B-,Dr. Rohan Patel,0x976EA74026E726554dB657fA54763abd0C3a0aa9,NMC-11029,Neurology,Apex Diagnostic & Pathology Hub,0x04Fee3FD1B338d12FFD6dBD8d66dE1e8e0BB99cB,Malignant neoplasm of female breast,C50.919,Oncology,Critical,122/76 mmHg,84,98%,105,"Tamoxifen 20mg QD, Trastuzumab 6mg/kg IV Q3W, Paclitaxel",Medium,Advisory: Monitor Serum Potassium & Renal Function with ACEi/ARB,FHIR_R4_Bundle_C50.919_Condition_MedicationRequest,All Clinical Records & Diagnostic Evidence,Pending Patient Authorization,NO,N/A,N/A,Access request pending approval from patient wallet,AES-256-GCM,vault-transit-key-0x76a1a941,Qm7cc64d2558957a5eb4a44e993eb131238ff066a1e5ac,0.0.4891024,4174,2026-09-13 11:52:45 UTC,0xee051d5e1a573c87250547ed02d1fef72f816f0c2a4e4c64ab360c072bff3710,0.0001
ENC-00175,Priyanka Nair,849375,0x925a9773c9a73489bb65c4b9cdb1cdda4b7b5c61,49,male,AB-,Dr. Preeti Deshmukh,0x23618e81E3f5cdF7f54C3d65f7FBc0aBf5B21E8f,NMC-82194,Obstetrics & Pediatrics,Max Super Speciality Cancer Institute,0x28B7eA94B34C8F52D19E50Eb14769Da20F5D54b4,Unspecified intracranial injury / Concussion,S06.9X0A,Trauma & Emergency,Emergency,150/95 mmHg,64,97%,130,"Mannitol 20% 100mL IV, Phenytoin 100mg IV, Analgesics",Low,Passed - Zero Drug-Drug Interaction Warning (Confidence 99.4%),FHIR_R4_Bundle_S06.9X0A_Condition_MedicationRequest,All Clinical Records & Diagnostic Evidence,Break-Glass Emergency Invoked (Active Override),YES,Acute Life-Threatening Presentation: Unspecified intracranial injury / Concussion,60 Minutes (Auto-Expiring Ephemeral Key),Emergency access granted; immediate HCS compliance event broadcasted,AES-256-GCM,vault-transit-key-0x925a9773,Qm396b8be067354c7404121ea56c1cd65bae9a18649ce6,0.0.4891024,4175,2026-09-13 11:52:47 UTC,0x2d4f7495aa9e5656a692412a55ec5a4c40c4fa7505611a353b19e6f94806480d,0.0001
ENC-00176,Kiran Banerjee,849376,0x114bfb25230734d66cc1f511a7fadca23e7a3936,50,female,AB-,Dr. Rajesh Sharma,0x3c44CdDdB6a900fa2b585dd299e03d12FA4293BC,NMC-78491,Gastroenterology,Apex Diagnostic & Pathology Hub,0x04Fee3FD1B338d12FFD6dBD8d66dE1e8e0BB99cB,Dengue fever [classical dengue],A90,Infectious Disease,High,100/68 mmHg,96,98%,102,"Oral Rehydration Salts 1L/day, Paracetamol 650mg SOS",High,Advisory: Monitor Serum Potassium & Renal Function with ACEi/ARB,FHIR_R4_Bundle_A90_Condition_MedicationRequest,All Clinical Records & Diagnostic Evidence,Pending Patient Authorization,NO,N/A,N/A,Access request pending approval from patient wallet,AES-256-GCM,vault-transit-key-0x114bfb25,Qm41dcb0b4cb725be0953b2dfae66481f439956b70a3ab,0.0.4891024,4176,2026-09-13 11:52:50 UTC,0xf4bff153503686bd31f204c2ff8e8b762ae6fb603096291bba878ac149c2d250,0.0001
ENC-00177,Ishaan Hegde,849377,0xb825c4ab20a187f3907210adf2911800801a5e72,51,male,A-,Dr. Sunita Narang,0xBcd4042DE499D14e55001CcbB24a551F3b954096,NMC-90812,Endocrinology & Internal Medicine,Max Super Speciality Cancer Institute,0x28B7eA94B34C8F52D19E50Eb14769Da20F5D54b4,Malignant neoplasm of female breast,C50.919,Oncology,Critical,122/76 mmHg,84,98%,105,"Tamoxifen 20mg QD, Trastuzumab 6mg/kg IV Q3W, Paclitaxel",High,Passed - Zero Drug-Drug Interaction Warning (Confidence 99.4%),FHIR_R4_Bundle_C50.919_Condition_MedicationRequest,All Clinical Records & Diagnostic Evidence,Active On-Chain Consent (Granted by Patient),NO,N/A,N/A,Direct patient consent validated via ConsentManager.sol,AES-256-GCM,vault-transit-key-0xb825c4ab,Qm2cc5a63ffe53e08f82b2ebf8219168be344fe3c63976,0.0.4891024,4177,2026-09-13 11:52:51 UTC,0x81ffe3454816cd37a2fefc88870d340cb65003200e7e71f0a94023ce5fe5bce5,0.0001
ENC-00178,Ananya Shetty,849378,0x4ea1b3ff0f1083c914e8aaf444de91aba4291de1,52,female,B-,Dr. Sunita Narang,0xBcd4042DE499D14e55001CcbB24a551F3b954096,NMC-90812,Endocrinology & Internal Medicine,Apex Diagnostic & Pathology Hub,0x04Fee3FD1B338d12FFD6dBD8d66dE1e8e0BB99cB,Dengue fever [classical dengue],A90,Infectious Disease,High,100/68 mmHg,96,98%,102,"Oral Rehydration Salts 1L/day, Paracetamol 650mg SOS",Medium,Passed - Zero Drug-Drug Interaction Warning (Confidence 99.4%),FHIR_R4_Bundle_A90_Condition_MedicationRequest,All Clinical Records & Diagnostic Evidence,Pending Patient Authorization,NO,N/A,N/A,Access request pending approval from patient wallet,AES-256-GCM,vault-transit-key-0x4ea1b3ff,Qm62d3a7b8d79f3dc6a3b7854f1c38cdfd9470d631f92c,0.0.4891024,4178,2026-09-13 11:52:54 UTC,0x731e6c26d4459a416fbea7396e5f080cefe5592bde9b824610596bd42a9dadad,0.0001
ENC-00179,Geeta Reddy,849379,0x572b671ddbc18d3d296ce55108518f64ed6786c0,53,male,O+,Dr. Ananya Roy,0x9965507D1a55bcC2695C58ba16FB37d819B0A4dc,NMC-51203,Hematology,Care & Cure Pediatric & Maternity Hospital,0x937F51E09477BfD31E56c5e533038a8eEAc096b7,Essential (primary) hypertension,I10,Cardiology,Moderate,148/92 mmHg,78,98%,110,"Amlodipine 5mg QD, Telmisartan 40mg QD",Low,Passed - Safe pediatric/geriatric dosage tier verified,FHIR_R4_Bundle_I10_Condition_MedicationRequest,All Clinical Records & Diagnostic Evidence,Active On-Chain Consent (Granted by Patient),NO,N/A,N/A,Direct patient consent validated via ConsentManager.sol,AES-256-GCM,vault-transit-key-0x572b671d,Qmdc74c5d834b7dd6cb86bcdaca152fa094fa0b458ca18,0.0.4891024,4179,2026-09-13 11:52:56 UTC,0x9d27ba268b3449aa79468cb856de5fe4699f0d894f7dcfd6eda47ace1695c62e,0.0001
ENC-00180,Shreya Joshi,849380,0x24743874857e7173d9d5e53e278ec13dfcb371f4,54,female,AB-,Dr. Ananya Roy,0x9965507D1a55bcC2695C58ba16FB37d819B0A4dc,NMC-51203,Hematology,Apollo Multispecialty Hospital,0x155Af6ECaFb48861dA7d16Fb8Af2f6ce9d6DD779,"Acute myocardial infarction, unspecified",I21.9,Cardiology,Emergency,95/60 mmHg,112,93%,165,"Ticagrelor 90mg BID, Aspirin 325mg, Atorvastatin 80mg, IV Heparin",High,Advisory: Confirm Patient Creatinine Clearance prior to Metformin XR,FHIR_R4_Bundle_I21.9_Condition_MedicationRequest,All Clinical Records & Diagnostic Evidence,Break-Glass Emergency Invoked (Active Override),YES,"Acute Life-Threatening Presentation: Acute myocardial infarction, unspecified",60 Minutes (Auto-Expiring Ephemeral Key),Emergency access granted; immediate HCS compliance event broadcasted,AES-256-GCM,vault-transit-key-0x24743874,Qm58e7096ef4795dad4c0e71e0f8339f3dfbc86fc1523f,0.0.4891024,4180,2026-09-13 11:52:58 UTC,0x859d7520671ce959f19e7a9db71fbc4660e37fdd198054e16b076e2a2e75508e,0.0001
ENC-00181,Ishaan Menon,849381,0x0134c440937181c1f514b265b1e0fe2b1128cd1b,55,male,B+,Dr. Vikram Seth,0x15d34AAf54267DB7D7c367839AAf71A00a2C6A65,NMC-99014,Oncology,Care & Cure Pediatric & Maternity Hospital,0x937F51E09477BfD31E56c5e533038a8eEAc096b7,Unspecified intracranial injury / Concussion,S06.9X0A,Trauma & Emergency,Emergency,150/95 mmHg,64,97%,130,"Mannitol 20% 100mL IV, Phenytoin 100mg IV, Analgesics",Low,Advisory: Monitor Serum Potassium & Renal Function with ACEi/ARB,FHIR_R4_Bundle_S06.9X0A_Condition_MedicationRequest,All Clinical Records & Diagnostic Evidence,Break-Glass Emergency Invoked (Active Override),YES,Acute Life-Threatening Presentation: Unspecified intracranial injury / Concussion,60 Minutes (Auto-Expiring Ephemeral Key),Emergency access granted; immediate HCS compliance event broadcasted,AES-256-GCM,vault-transit-key-0x0134c440,Qmd5770800886460b1773e68e586fff0f027675508bd39,0.0.4891024,4181,2026-09-13 11:53:00 UTC,0x269448f1b6cd1c585a801c24cadcf87ce986a48ab36bd9a2280a0f28314dc664,0.0001
ENC-00182,Rahul Reddy,849382,0xa9950c0bd77794ca1c20acf82cf056be68b55dff,56,female,A-,Dr. Preeti Deshmukh,0x23618e81E3f5cdF7f54C3d65f7FBc0aBf5B21E8f,NMC-82194,Obstetrics & Pediatrics,Apollo Multispecialty Hospital,0x155Af6ECaFb48861dA7d16Fb8Af2f6ce9d6DD779,Dengue fever [classical dengue],A90,Infectious Disease,High,100/68 mmHg,96,98%,102,"Oral Rehydration Salts 1L/day, Paracetamol 650mg SOS",Low,Passed - Safe pediatric/geriatric dosage tier verified,FHIR_R4_Bundle_A90_Condition_MedicationRequest,All Clinical Records & Diagnostic Evidence,Pending Patient Authorization,NO,N/A,N/A,Access request pending approval from patient wallet,AES-256-GCM,vault-transit-key-0xa9950c0b,Qmc9634ae39665eb38880ecaf3f70b9b2f5116dd214cd0,0.0.4891024,4182,2026-09-13 11:53:03 UTC,0x77af1131f4efacaa84b037d570835056f586911d93d74f094d2330833fd73659,0.0001
ENC-00183,Rahul Mehta,849383,0x742bbafed0196da142df5de484465c3bffd8d747,57,male,O-,Dr. Preeti Deshmukh,0x23618e81E3f5cdF7f54C3d65f7FBc0aBf5B21E8f,NMC-82194,Obstetrics & Pediatrics,Care & Cure Pediatric & Maternity Hospital,0x937F51E09477BfD31E56c5e533038a8eEAc096b7,Unspecified intracranial injury / Concussion,S06.9X0A,Trauma & Emergency,Emergency,150/95 mmHg,64,97%,130,"Mannitol 20% 100mL IV, Phenytoin 100mg IV, Analgesics",Low,Advisory: Confirm Patient Creatinine Clearance prior to Metformin XR,FHIR_R4_Bundle_S06.9X0A_Condition_MedicationRequest,All Clinical Records & Diagnostic Evidence,Active On-Chain Consent (Granted by Patient),NO,N/A,N/A,Direct patient consent validated via ConsentManager.sol,AES-256-GCM,vault-transit-key-0x742bbafe,Qm432b0e12b94379aa9483b286c78004b3d080ad844293,0.0.4891024,4183,2026-09-13 11:53:05 UTC,0x17f5364c1501f1866ba540ead0e2851994fa1a0f6dd2f86273c62b2d41a3dceb,0.0001
ENC-00184,Kavya Gupta,849384,0xcc0523148630fe84b98a0bd5db3f6cdff30c438a,58,female,O-,Dr. Sarah Jenkins,0x04Fee3FD1B338d12FFD6dBD8d66dE1e8e0BB99cB,NMC-48192,Cardiology,Max Super Speciality Cancer Institute,0x28B7eA94B34C8F52D19E50Eb14769Da20F5D54b4,Unspecified intracranial injury / Concussion,S06.9X0A,Trauma & Emergency,Emergency,150/95 mmHg,64,97%,130,"Mannitol 20% 100mL IV, Phenytoin 100mg IV, Analgesics",High,Advisory: Confirm Patient Creatinine Clearance prior to Metformin XR,FHIR_R4_Bundle_S06.9X0A_Condition_MedicationRequest,All Clinical Records & Diagnostic Evidence,Break-Glass Emergency Invoked (Active Override),YES,Acute Life-Threatening Presentation: Unspecified intracranial injury / Concussion,60 Minutes (Auto-Expiring Ephemeral Key),Emergency access granted; immediate HCS compliance event broadcasted,AES-256-GCM,vault-transit-key-0xcc052314,Qm06fcde4ada1543d6b8b93969aa6e057254091023a8b1,0.0.4891024,4184,2026-09-13 11:53:06 UTC,0xb1ceef199820ef6aa1f13769531b2b2de0fabbfb9f45730d6d03645c4260f7af,0.0001
ENC-00185,Meera Saxena,849385,0x79f55d6db0ff5e462ada1f117afde179976cc15d,59,male,O-,Dr. Ananya Roy,0x9965507D1a55bcC2695C58ba16FB37d819B0A4dc,NMC-51203,Hematology,Care & Cure Pediatric & Maternity Hospital,0x937F51E09477BfD31E56c5e533038a8eEAc096b7,"Epilepsy, unspecified, without status epilepticus",G40.909,Neurology,High,118/74 mmHg,76,99%,95,"Levetiracetam 500mg BID, Clobazam 10mg QHS",High,Advisory: Monitor Serum Potassium & Renal Function with ACEi/ARB,FHIR_R4_Bundle_G40.909_Condition_MedicationRequest,All Clinical Records & Diagnostic Evidence,Active On-Chain Consent (Granted by Patient),NO,N/A,N/A,Direct patient consent validated via ConsentManager.sol,AES-256-GCM,vault-transit-key-0x79f55d6d,Qm39bdeca674b5f439a5853fd3df83bf7069e21a3a81bf,0.0.4891024,4185,2026-09-13 11:53:08 UTC,0xd121b927f5aa059848f11d8b72ee38aded708ea832d0d6f905e848b0e2913386,0.0001
ENC-00186,Riya Mukherjee,849386,0x119e4f1dd7c63d1a992d612af9969fddbcd739b8,60,female,B-,Dr. Vikram Seth,0x15d34AAf54267DB7D7c367839AAf71A00a2C6A65,NMC-99014,Oncology,Max Super Speciality Cancer Institute,0x28B7eA94B34C8F52D19E50Eb14769Da20F5D54b4,Essential (primary) hypertension,I10,Cardiology,Moderate,148/92 mmHg,78,98%,110,"Amlodipine 5mg QD, Telmisartan 40mg QD",High,Advisory: Confirm Patient Creatinine Clearance prior to Metformin XR,FHIR_R4_Bundle_I10_Condition_MedicationRequest,All Clinical Records & Diagnostic Evidence,Pending Patient Authorization,NO,N/A,N/A,Access request pending approval from patient wallet,AES-256-GCM,vault-transit-key-0x119e4f1d,Qmafd5145ece1c022d7fb90a44dea19e4dd8f0f9a68f5e,0.0.4891024,4186,2026-09-13 11:53:10 UTC,0x2f794b3d45be0170b930e5b0364eaba8ef96363e70faad3a719f87ad9be9ec51,0.0001
ENC-00187,Aarav Deshmukh,849387,0x6bdbceac3dce15166ad7dcf253f484cd9750b04b,61,male,A-,Dr. Preeti Deshmukh,0x23618e81E3f5cdF7f54C3d65f7FBc0aBf5B21E8f,NMC-82194,Obstetrics & Pediatrics,Apex Diagnostic & Pathology Hub,0x04Fee3FD1B338d12FFD6dBD8d66dE1e8e0BB99cB,Gastro-esophageal reflux disease,K21.9,Gastroenterology,Low,120/80 mmHg,70,99%,98,"Pantoprazole 40mg QD pre-breakfast, Domperidone 30mg QD",High,Advisory: Monitor Serum Potassium & Renal Function with ACEi/ARB,FHIR_R4_Bundle_K21.9_Condition_MedicationRequest,All Clinical Records & Diagnostic Evidence,Active On-Chain Consent (Granted by Patient),NO,N/A,N/A,Direct patient consent validated via ConsentManager.sol,AES-256-GCM,vault-transit-key-0x6bdbceac,Qmbb067ecc6fd2cb4b62d57611c08e88be06c22b032509,0.0.4891024,4187,2026-09-13 11:53:13 UTC,0x77abdb3e6ec1fe10e3f3af6ab084913984cfbd317986056680315e1ce7bdc01d,0.0001
ENC-00188,Manish Saxena,849388,0x3578be8c7de1778a28d56ad367c8ea781b9bffea,62,female,A-,Dr. Rohan Patel,0x976EA74026E726554dB657fA54763abd0C3a0aa9,NMC-11029,Neurology,Fortis Memorial Neuro & Trauma Center,0x84f93618C1D541bB1Dcf1373A8eE500A7D439634,Gastro-esophageal reflux disease,K21.9,Gastroenterology,Low,120/80 mmHg,70,99%,98,"Pantoprazole 40mg QD pre-breakfast, Domperidone 30mg QD",Low,Passed - Safe pediatric/geriatric dosage tier verified,FHIR_R4_Bundle_K21.9_Condition_MedicationRequest,All Clinical Records & Diagnostic Evidence,Pending Patient Authorization,NO,N/A,N/A,Access request pending approval from patient wallet,AES-256-GCM,vault-transit-key-0x3578be8c,Qm61ffc973489c6466d8318284f81501ab7d44ac95f0de,0.0.4891024,4188,2026-09-13 11:53:15 UTC,0xfb1b914f4181a2344ce1382583e8a6ebc3d0583835d034807d0b5f7303369732,0.0001
ENC-00189,Chetan Chatterjee,849389,0x16c56484d4edb70a2b12c05f3f87554ab1133e4d,63,male,B+,Dr. Ananya Roy,0x9965507D1a55bcC2695C58ba16FB37d819B0A4dc,NMC-51203,Hematology,Care & Cure Pediatric & Maternity Hospital,0x937F51E09477BfD31E56c5e533038a8eEAc096b7,Essential (primary) hypertension,I10,Cardiology,Moderate,148/92 mmHg,78,98%,110,"Amlodipine 5mg QD, Telmisartan 40mg QD",Low,Passed - Zero Drug-Drug Interaction Warning (Confidence 99.4%),FHIR_R4_Bundle_I10_Condition_MedicationRequest,All Clinical Records & Diagnostic Evidence,Active On-Chain Consent (Granted by Patient),NO,N/A,N/A,Direct patient consent validated via ConsentManager.sol,AES-256-GCM,vault-transit-key-0x16c56484,Qmc3d299bd2d32bf3c126b3075fee9fc0dc5360ea2f8c8,0.0.4891024,4189,2026-09-13 11:53:17 UTC,0x1ef8b03bc404c8c448c71d7aa3d4d558cbb6447a350ec6ebe272c8c4c363caae,0.0001
ENC-00190,Rohan Iyer,849390,0xaae44827bb96cc83a32a916e2b5937734028c996,64,female,AB+,Dr. Rajesh Sharma,0x3c44CdDdB6a900fa2b585dd299e03d12FA4293BC,NMC-78491,Gastroenterology,Fortis Memorial Neuro & Trauma Center,0x84f93618C1D541bB1Dcf1373A8eE500A7D439634,"Acute myocardial infarction, unspecified",I21.9,Cardiology,Emergency,95/60 mmHg,112,93%,165,"Ticagrelor 90mg BID, Aspirin 325mg, Atorvastatin 80mg, IV Heparin",Medium,Advisory: Confirm Patient Creatinine Clearance prior to Metformin XR,FHIR_R4_Bundle_I21.9_Condition_MedicationRequest,All Clinical Records & Diagnostic Evidence,Break-Glass Emergency Invoked (Active Override),YES,"Acute Life-Threatening Presentation: Acute myocardial infarction, unspecified",60 Minutes (Auto-Expiring Ephemeral Key),Emergency access granted; immediate HCS compliance event broadcasted,AES-256-GCM,vault-transit-key-0xaae44827,Qm57fcbdd4eedbf11ee5cf98b89688c94559cd2e26d8cf,0.0.4891024,4190,2026-09-13 11:53:19 UTC,0x15555b803fb532d5332e09f9dc8a7a8e3e6e91c8db9ff7e92c403f0dfa8081c9,0.0001
ENC-00191,Kiran Malhotra,849391,0x08c769ce3949084d429c2d6bfabd9ce10b56bb13,65,male,O+,Dr. Sunita Narang,0xBcd4042DE499D14e55001CcbB24a551F3b954096,NMC-90812,Endocrinology & Internal Medicine,Apex Diagnostic & Pathology Hub,0x04Fee3FD1B338d12FFD6dBD8d66dE1e8e0BB99cB,Malignant neoplasm of female breast,C50.919,Oncology,Critical,122/76 mmHg,84,98%,105,"Tamoxifen 20mg QD, Trastuzumab 6mg/kg IV Q3W, Paclitaxel",Low,Advisory: Confirm Patient Creatinine Clearance prior to Metformin XR,FHIR_R4_Bundle_C50.919_Condition_MedicationRequest,All Clinical Records & Diagnostic Evidence,Active On-Chain Consent (Granted by Patient),NO,N/A,N/A,Direct patient consent validated via ConsentManager.sol,AES-256-GCM,vault-transit-key-0x08c769ce,Qm240386265101db886cd5cc8424de7eab09a1d122a053,0.0.4891024,4191,2026-09-13 11:53:21 UTC,0x89df8f93f1836a9b47aba7386da4b2be70c4a71db7b180ca674f424e12d43cc4,0.0001
ENC-00192,Sneha Kulkarni,849392,0x6a8800ab6235c7ce38d3bba0bbfea967ec744bf3,66,female,A+,Dr. Vikram Seth,0x15d34AAf54267DB7D7c367839AAf71A00a2C6A65,NMC-99014,Oncology,Apex Diagnostic & Pathology Hub,0x04Fee3FD1B338d12FFD6dBD8d66dE1e8e0BB99cB,"Acute myocardial infarction, unspecified",I21.9,Cardiology,Emergency,95/60 mmHg,112,93%,165,"Ticagrelor 90mg BID, Aspirin 325mg, Atorvastatin 80mg, IV Heparin",Medium,Passed - Zero Drug-Drug Interaction Warning (Confidence 99.4%),FHIR_R4_Bundle_I21.9_Condition_MedicationRequest,All Clinical Records & Diagnostic Evidence,Break-Glass Emergency Invoked (Active Override),YES,"Acute Life-Threatening Presentation: Acute myocardial infarction, unspecified",60 Minutes (Auto-Expiring Ephemeral Key),Emergency access granted; immediate HCS compliance event broadcasted,AES-256-GCM,vault-transit-key-0x6a8800ab,Qm306a6c2941448d1083a1c9e045ec0e24293dca017cc4,0.0.4891024,4192,2026-09-13 11:53:23 UTC,0x4e3f7d63ff12fb09b9a4f6cdaca7015116018ca0d36def19b4cf0babdcdc503d,0.0001
ENC-00193,Kiran Mishra,849393,0x19d941be6e888d82cc3d261644e7643c7f1dc792,67,male,AB+,Dr. Rajesh Sharma,0x3c44CdDdB6a900fa2b585dd299e03d12FA4293BC,NMC-78491,Gastroenterology,Fortis Memorial Neuro & Trauma Center,0x84f93618C1D541bB1Dcf1373A8eE500A7D439634,Type 2 diabetes mellitus without complications,E11.9,Endocrinology,Moderate,130/82 mmHg,72,99%,142,"Metformin 500mg BID, Dapagliflozin 10mg QD",High,Advisory: Monitor Serum Potassium & Renal Function with ACEi/ARB,FHIR_R4_Bundle_E11.9_Condition_MedicationRequest,All Clinical Records & Diagnostic Evidence,Active On-Chain Consent (Granted by Patient),NO,N/A,N/A,Direct patient consent validated via ConsentManager.sol,AES-256-GCM,vault-transit-key-0x19d941be,Qm8f6c0b42cb52c118e677645198c61e349c6509599c10,0.0.4891024,4193,2026-09-13 11:53:25 UTC,0x664736ecc098158129b5c853866e7011b29ae0829f48809a46316ce0646b1b78,0.0001
ENC-00194,Yashwanth Nair,849394,0x7bad0c9361ebc6af23889aef56b4ca90cd2e4a0e,68,female,O+,Dr. Rohan Patel,0x976EA74026E726554dB657fA54763abd0C3a0aa9,NMC-11029,Neurology,Fortis Memorial Neuro & Trauma Center,0x84f93618C1D541bB1Dcf1373A8eE500A7D439634,"Epilepsy, unspecified, without status epilepticus",G40.909,Neurology,High,118/74 mmHg,76,99%,95,"Levetiracetam 500mg BID, Clobazam 10mg QHS",Low,Advisory: Monitor Serum Potassium & Renal Function with ACEi/ARB,FHIR_R4_Bundle_G40.909_Condition_MedicationRequest,All Clinical Records & Diagnostic Evidence,Active On-Chain Consent (Granted by Patient),NO,N/A,N/A,Direct patient consent validated via ConsentManager.sol,AES-256-GCM,vault-transit-key-0x7bad0c93,Qm12a07ff3cb220e3fc5f7d47993dd14fa40986c0477e1,0.0.4891024,4194,2026-09-13 11:53:28 UTC,0xce7699b5b43740b04ce2b2d422e3ecf4a81822b755399f8763fe4c4022440b2d,0.0001
ENC-00195,Kavya Mishra,849395,0x390fb848c846abe832995921c66976b136ebfefc,69,male,O-,Dr. Sarah Jenkins,0x04Fee3FD1B338d12FFD6dBD8d66dE1e8e0BB99cB,NMC-48192,Cardiology,Max Super Speciality Cancer Institute,0x28B7eA94B34C8F52D19E50Eb14769Da20F5D54b4,Malignant neoplasm of female breast,C50.919,Oncology,Critical,122/76 mmHg,84,98%,105,"Tamoxifen 20mg QD, Trastuzumab 6mg/kg IV Q3W, Paclitaxel",Low,Passed - Safe pediatric/geriatric dosage tier verified,FHIR_R4_Bundle_C50.919_Condition_MedicationRequest,All Clinical Records & Diagnostic Evidence,Active On-Chain Consent (Granted by Patient),NO,N/A,N/A,Direct patient consent validated via ConsentManager.sol,AES-256-GCM,vault-transit-key-0x390fb848,Qm840cd481dad69a210e5e0c0087167241bc01c8188e73,0.0.4891024,4195,2026-09-13 11:53:30 UTC,0x5b1820e156dc22c7dc8024e8a109a4f45420f7349ac307b7cba4d8a969c76a04,0.0001
ENC-00196,Geeta Swaminathan,849396,0x40acfa7f60039503c5995d5f7e4fb1617ec7faec,70,female,O+,Dr. Vikram Seth,0x15d34AAf54267DB7D7c367839AAf71A00a2C6A65,NMC-99014,Oncology,Apollo Multispecialty Hospital,0x155Af6ECaFb48861dA7d16Fb8Af2f6ce9d6DD779,Malignant neoplasm of female breast,C50.919,Oncology,Critical,122/76 mmHg,84,98%,105,"Tamoxifen 20mg QD, Trastuzumab 6mg/kg IV Q3W, Paclitaxel",Medium,Passed - Safe pediatric/geriatric dosage tier verified,FHIR_R4_Bundle_C50.919_Condition_MedicationRequest,All Clinical Records & Diagnostic Evidence,Active On-Chain Consent (Granted by Patient),NO,N/A,N/A,Direct patient consent validated via ConsentManager.sol,AES-256-GCM,vault-transit-key-0x40acfa7f,Qm4fdd85a656cfd117ecd160319c2878856ded42d6bc37,0.0.4891024,4196,2026-09-13 11:53:31 UTC,0xb655ba2a66d327cbd6bcb2c9ad4c24cde3e442b3ffef3cdf7df830113e0c2c40,0.0001
ENC-00197,Nikhil Reddy,849397,0x841d3491b22aa94db82feb81c46ef408bfdc6663,71,male,AB+,Dr. Rohan Patel,0x976EA74026E726554dB657fA54763abd0C3a0aa9,NMC-11029,Neurology,Care & Cure Pediatric & Maternity Hospital,0x937F51E09477BfD31E56c5e533038a8eEAc096b7,"Epilepsy, unspecified, without status epilepticus",G40.909,Neurology,High,118/74 mmHg,76,99%,95,"Levetiracetam 500mg BID, Clobazam 10mg QHS",High,Passed - Safe pediatric/geriatric dosage tier verified,FHIR_R4_Bundle_G40.909_Condition_MedicationRequest,All Clinical Records & Diagnostic Evidence,Active On-Chain Consent (Granted by Patient),NO,N/A,N/A,Direct patient consent validated via ConsentManager.sol,AES-256-GCM,vault-transit-key-0x841d3491,Qmcea44756de7287961e4fefc319d8595a9a42d9b599a7,0.0.4891024,4197,2026-09-13 11:53:33 UTC,0x3fe6aa21dec785aae78b4e717f92b038be48115ef6e19808a1eb490c1d979809,0.0001
ENC-00198,Vikas Gowda,849398,0x6e1c1a6cda487b3cd685e55a0547527184d29c2f,72,female,AB+,Dr. Rohan Patel,0x976EA74026E726554dB657fA54763abd0C3a0aa9,NMC-11029,Neurology,Apex Diagnostic & Pathology Hub,0x04Fee3FD1B338d12FFD6dBD8d66dE1e8e0BB99cB,Dengue fever [classical dengue],A90,Infectious Disease,High,100/68 mmHg,96,98%,102,"Oral Rehydration Salts 1L/day, Paracetamol 650mg SOS",Medium,Advisory: Confirm Patient Creatinine Clearance prior to Metformin XR,FHIR_R4_Bundle_A90_Condition_MedicationRequest,All Clinical Records & Diagnostic Evidence,Pending Patient Authorization,NO,N/A,N/A,Access request pending approval from patient wallet,AES-256-GCM,vault-transit-key-0x6e1c1a6c,Qmd7eab818cfd415efd7d7919b321b829ec8b5aef7eddb,0.0.4891024,4198,2026-09-13 11:53:36 UTC,0xbc43386de3461f602074df245a77cf006f4d85d43b420e93cecdf4b1756c4843,0.0001
ENC-00199,Madhav Deshmukh,849399,0x22ad86be003c93898c6567db8edfe7cf4d583dfe,73,male,AB-,Dr. Preeti Deshmukh,0x23618e81E3f5cdF7f54C3d65f7FBc0aBf5B21E8f,NMC-82194,Obstetrics & Pediatrics,Max Super Speciality Cancer Institute,0x28B7eA94B34C8F52D19E50Eb14769Da20F5D54b4,Unspecified intracranial injury / Concussion,S06.9X0A,Trauma & Emergency,Emergency,150/95 mmHg,64,97%,130,"Mannitol 20% 100mL IV, Phenytoin 100mg IV, Analgesics",Medium,Advisory: Confirm Patient Creatinine Clearance prior to Metformin XR,FHIR_R4_Bundle_S06.9X0A_Condition_MedicationRequest,All Clinical Records & Diagnostic Evidence,Break-Glass Emergency Invoked (Active Override),YES,Acute Life-Threatening Presentation: Unspecified intracranial injury / Concussion,60 Minutes (Auto-Expiring Ephemeral Key),Emergency access granted; immediate HCS compliance event broadcasted,AES-256-GCM,vault-transit-key-0x22ad86be,Qmf3765ba63ad00949b3c2636d65ccf247d51677ccd468,0.0.4891024,4199,2026-09-13 11:53:38 UTC,0x42e032161c97f7dc02ffdf96714cd038b3638ec30c8dc90d9ec0ce9330b4d383,0.0001
ENC-00200,Rahul Mukherjee,849400,0xfd32104ce3ef2facd892da26b528ac217bf0c7dc,74,female,AB+,Dr. Vikram Seth,0x15d34AAf54267DB7D7c367839AAf71A00a2C6A65,NMC-99014,Oncology,Fortis Memorial Neuro & Trauma Center,0x84f93618C1D541bB1Dcf1373A8eE500A7D439634,"Epilepsy, unspecified, without status epilepticus",G40.909,Neurology,High,118/74 mmHg,76,99%,95,"Levetiracetam 500mg BID, Clobazam 10mg QHS",Low,Passed - Zero Drug-Drug Interaction Warning (Confidence 99.4%),FHIR_R4_Bundle_G40.909_Condition_MedicationRequest,All Clinical Records & Diagnostic Evidence,Active On-Chain Consent (Granted by Patient),NO,N/A,N/A,Direct patient consent validated via ConsentManager.sol,AES-256-GCM,vault-transit-key-0xfd32104c,Qm0af048cda35e9edd4834426ae443ad9a99374644fe93,0.0.4891024,4200,2026-09-13 11:53:40 UTC,0x0483a115e602e9eb8bbea6ff26757c360daed625cd7981975322568fac4d39a1,0.0001
ENC-00201,Anand Sharma,849401,0x39603f400849084b4b6bde4e22189bf484fd4462,75,male,A-,Dr. Rohan Patel,0x976EA74026E726554dB657fA54763abd0C3a0aa9,NMC-11029,Neurology,Care & Cure Pediatric & Maternity Hospital,0x937F51E09477BfD31E56c5e533038a8eEAc096b7,Dengue fever [classical dengue],A90,Infectious Disease,High,100/68 mmHg,96,98%,102,"Oral Rehydration Salts 1L/day, Paracetamol 650mg SOS",Medium,Passed - Zero Drug-Drug Interaction Warning (Confidence 99.4%),FHIR_R4_Bundle_A90_Condition_MedicationRequest,All Clinical Records & Diagnostic Evidence,Active On-Chain Consent (Granted by Patient),NO,N/A,N/A,Direct patient consent validated via ConsentManager.sol,AES-256-GCM,vault-transit-key-0x39603f40,Qm500fad3aa5db530be983eed455c939731e0e867302ea,0.0.4891024,4201,2026-09-13 11:53:42 UTC,0xea8bb4b80e9893cb11a2203247ec720b71ca03ef3c0a3d5974cba2cacc774fcc,0.0001
ENC-00202,Rohan Reddy,849402,0x322fb1b5964b1525ffbf3d72a4a83a05899fdc4b,76,female,AB-,Dr. Vikram Seth,0x15d34AAf54267DB7D7c367839AAf71A00a2C6A65,NMC-99014,Oncology,Apex Diagnostic & Pathology Hub,0x04Fee3FD1B338d12FFD6dBD8d66dE1e8e0BB99cB,Type 2 diabetes mellitus without complications,E11.9,Endocrinology,Moderate,130/82 mmHg,72,99%,142,"Metformin 500mg BID, Dapagliflozin 10mg QD",Low,Passed - Zero Drug-Drug Interaction Warning (Confidence 99.4%),FHIR_R4_Bundle_E11.9_Condition_MedicationRequest,All Clinical Records & Diagnostic Evidence,Active On-Chain Consent (Granted by Patient),NO,N/A,N/A,Direct patient consent validated via ConsentManager.sol,AES-256-GCM,vault-transit-key-0x322fb1b5,Qmb14b3906a4ecd7f9d5055c1ca87932ae440c3b455218,0.0.4891024,4202,2026-09-13 11:53:45 UTC,0xcc71d3894b06ba68d1c825d8ebd336473a1c90236f04981820837ff7a31a80c3,0.0001
ENC-00203,Pooja Choudhury,849403,0x4427f0c86894bca3d945e7b53c234a6d0de804da,77,male,O-,Dr. Vikram Seth,0x15d34AAf54267DB7D7c367839AAf71A00a2C6A65,NMC-99014,Oncology,Apex Diagnostic & Pathology Hub,0x04Fee3FD1B338d12FFD6dBD8d66dE1e8e0BB99cB,Dengue fever [classical dengue],A90,Infectious Disease,High,100/68 mmHg,96,98%,102,"Oral Rehydration Salts 1L/day, Paracetamol 650mg SOS",Low,Advisory: Confirm Patient Creatinine Clearance prior to Metformin XR,FHIR_R4_Bundle_A90_Condition_MedicationRequest,All Clinical Records & Diagnostic Evidence,Active On-Chain Consent (Granted by Patient),NO,N/A,N/A,Direct patient consent validated via ConsentManager.sol,AES-256-GCM,vault-transit-key-0x4427f0c8,Qm92c5f23eb62e87d4b9c057cb758d61d7a99f7107db17,0.0.4891024,4203,2026-09-13 11:53:47 UTC,0xa37be71987280b841c73707ea4acc2fbeb270e665e9ae72ca46d3eebaac1c3da,0.0001
ENC-00204,Kiran Shetty,849404,0xbe0945e03bc46b1a62683b7c90e117e9569c135c,78,female,B+,Dr. Vikram Seth,0x15d34AAf54267DB7D7c367839AAf71A00a2C6A65,NMC-99014,Oncology,Max Super Speciality Cancer Institute,0x28B7eA94B34C8F52D19E50Eb14769Da20F5D54b4,Malignant neoplasm of female breast,C50.919,Oncology,Critical,122/76 mmHg,84,98%,105,"Tamoxifen 20mg QD, Trastuzumab 6mg/kg IV Q3W, Paclitaxel",High,Advisory: Monitor Serum Potassium & Renal Function with ACEi/ARB,FHIR_R4_Bundle_C50.919_Condition_MedicationRequest,All Clinical Records & Diagnostic Evidence,Pending Patient Authorization,NO,N/A,N/A,Access request pending approval from patient wallet,AES-256-GCM,vault-transit-key-0xbe0945e0,Qm599bfcbdf214eec3ff731d236a8c3a7e2948f716db11,0.0.4891024,4204,2026-09-13 11:53:48 UTC,0x97f3844be80cc8c3669b58b20cbfd8f883a455f57127102002140f3dcff6b465,0.0001
ENC-00205,Meera Mehta,849405,0x43a5aba7c734f99a45b717bef063f67d5ba07b78,79,male,AB-,Dr. Preeti Deshmukh,0x23618e81E3f5cdF7f54C3d65f7FBc0aBf5B21E8f,NMC-82194,Obstetrics & Pediatrics,Apex Diagnostic & Pathology Hub,0x04Fee3FD1B338d12FFD6dBD8d66dE1e8e0BB99cB,Gastro-esophageal reflux disease,K21.9,Gastroenterology,Low,120/80 mmHg,70,99%,98,"Pantoprazole 40mg QD pre-breakfast, Domperidone 30mg QD",Medium,Advisory: Confirm Patient Creatinine Clearance prior to Metformin XR,FHIR_R4_Bundle_K21.9_Condition_MedicationRequest,All Clinical Records & Diagnostic Evidence,Pending Patient Authorization,NO,N/A,N/A,Access request pending approval from patient wallet,AES-256-GCM,vault-transit-key-0x43a5aba7,Qmf2949a6746a0e5a0de5f156b5a6ffc3366cca5c9212b,0.0.4891024,4205,2026-09-13 11:53:50 UTC,0xa89f9d3c8e791235a168e99e906f52ab762da8cfac9413cc1655621d8f190968,0.0001
ENC-00206,Amit Malhotra,849406,0x114ebbe0c35e9e527de604374a082e193cb634dd,80,female,O-,Dr. Vikram Seth,0x15d34AAf54267DB7D7c367839AAf71A00a2C6A65,NMC-99014,Oncology,Max Super Speciality Cancer Institute,0x28B7eA94B34C8F52D19E50Eb14769Da20F5D54b4,"Epilepsy, unspecified, without status epilepticus",G40.909,Neurology,High,118/74 mmHg,76,99%,95,"Levetiracetam 500mg BID, Clobazam 10mg QHS",Medium,Advisory: Confirm Patient Creatinine Clearance prior to Metformin XR,FHIR_R4_Bundle_G40.909_Condition_MedicationRequest,All Clinical Records & Diagnostic Evidence,Active On-Chain Consent (Granted by Patient),NO,N/A,N/A,Direct patient consent validated via ConsentManager.sol,AES-256-GCM,vault-transit-key-0x114ebbe0,Qm763bf84e9e72f177095ed0765f2a53a41f7c1618a72a,0.0.4891024,4206,2026-09-13 11:53:53 UTC,0xd965de62079e7b0aa6fc2807de212b84de7d07827b2a4e643d82ef2530511574,0.0001
ENC-00207,Vikas Choudhury,849407,0xd3ad7b1eea83080c880cb94b50a294bbd6b82ff8,81,male,B-,Dr. Rohan Patel,0x976EA74026E726554dB657fA54763abd0C3a0aa9,NMC-11029,Neurology,Care & Cure Pediatric & Maternity Hospital,0x937F51E09477BfD31E56c5e533038a8eEAc096b7,Gastro-esophageal reflux disease,K21.9,Gastroenterology,Low,120/80 mmHg,70,99%,98,"Pantoprazole 40mg QD pre-breakfast, Domperidone 30mg QD",Medium,Passed - Safe pediatric/geriatric dosage tier verified,FHIR_R4_Bundle_K21.9_Condition_MedicationRequest,All Clinical Records & Diagnostic Evidence,Active On-Chain Consent (Granted by Patient),NO,N/A,N/A,Direct patient consent validated via ConsentManager.sol,AES-256-GCM,vault-transit-key-0xd3ad7b1e,Qm6afc83a5a650c8400fdee9850903a00f8026bb5616e1,0.0.4891024,4207,2026-09-13 11:53:54 UTC,0x7f4f099fc64688b3db6300b8e271ac6252e10786beb74af5ae8463bb62862653,0.0001
ENC-00208,Sanjay Kulkarni,849408,0xe8aed9a01238f383ea191372bc1ce50b20aee097,82,female,B+,Dr. Ananya Roy,0x9965507D1a55bcC2695C58ba16FB37d819B0A4dc,NMC-51203,Hematology,Fortis Memorial Neuro & Trauma Center,0x84f93618C1D541bB1Dcf1373A8eE500A7D439634,Essential (primary) hypertension,I10,Cardiology,Moderate,148/92 mmHg,78,98%,110,"Amlodipine 5mg QD, Telmisartan 40mg QD",High,Advisory: Monitor Serum Potassium & Renal Function with ACEi/ARB,FHIR_R4_Bundle_I10_Condition_MedicationRequest,All Clinical Records & Diagnostic Evidence,Pending Patient Authorization,NO,N/A,N/A,Access request pending approval from patient wallet,AES-256-GCM,vault-transit-key-0xe8aed9a0,Qm0cecc09e70c19b370764ac864a4e57a3dac73be54f02,0.0.4891024,4208,2026-09-13 11:53:57 UTC,0x353808795c13adcaed85a60ed03a0151b667ec8601133e88b0cafadfc35286cf,0.0001
ENC-00209,Rahul Choudhury,849409,0x052a5e0641766573200022ba418a921459240e09,83,male,A-,Dr. Sarah Jenkins,0x04Fee3FD1B338d12FFD6dBD8d66dE1e8e0BB99cB,NMC-48192,Cardiology,Fortis Memorial Neuro & Trauma Center,0x84f93618C1D541bB1Dcf1373A8eE500A7D439634,Gastro-esophageal reflux disease,K21.9,Gastroenterology,Low,120/80 mmHg,70,99%,98,"Pantoprazole 40mg QD pre-breakfast, Domperidone 30mg QD",High,Advisory: Confirm Patient Creatinine Clearance prior to Metformin XR,FHIR_R4_Bundle_K21.9_Condition_MedicationRequest,All Clinical Records & Diagnostic Evidence,Pending Patient Authorization,NO,N/A,N/A,Access request pending approval from patient wallet,AES-256-GCM,vault-transit-key-0x052a5e06,Qm02a0308fc8cd57d4f73b1157604317ce478713be56ef,0.0.4891024,4209,2026-09-13 11:53:59 UTC,0x9310cbfdb2110cc1c3ee3028744aa9320fd745fecd66b4b1e76fa5bc938a7efd,0.0001
ENC-00210,Nikhil Hegde,849410,0xebbf1ff11690572e3cd320d78bbce58d7d610795,84,female,AB+,Dr. Rohan Patel,0x976EA74026E726554dB657fA54763abd0C3a0aa9,NMC-11029,Neurology,Apex Diagnostic & Pathology Hub,0x04Fee3FD1B338d12FFD6dBD8d66dE1e8e0BB99cB,Dengue fever [classical dengue],A90,Infectious Disease,High,100/68 mmHg,96,98%,102,"Oral Rehydration Salts 1L/day, Paracetamol 650mg SOS",Low,Passed - Zero Drug-Drug Interaction Warning (Confidence 99.4%),FHIR_R4_Bundle_A90_Condition_MedicationRequest,All Clinical Records & Diagnostic Evidence,Pending Patient Authorization,NO,N/A,N/A,Access request pending approval from patient wallet,AES-256-GCM,vault-transit-key-0xebbf1ff1,Qme0c607e8130f2d76f8ac5745205d021f4a0ed8a303b3,0.0.4891024,4210,2026-09-13 11:54:01 UTC,0xf5d4dadf331f93c29b2b683f5cbb8943cea2fafbff777b2ec3a3484ac9fba90b,0.0001
ENC-00211,Meera Mehta,849411,0xaa058dc67987274f09e898b0f83d167363c0dcd8,85,male,AB-,Dr. Preeti Deshmukh,0x23618e81E3f5cdF7f54C3d65f7FBc0aBf5B21E8f,NMC-82194,Obstetrics & Pediatrics,Apex Diagnostic & Pathology Hub,0x04Fee3FD1B338d12FFD6dBD8d66dE1e8e0BB99cB,Dengue fever [classical dengue],A90,Infectious Disease,High,100/68 mmHg,96,98%,102,"Oral Rehydration Salts 1L/day, Paracetamol 650mg SOS",High,Passed - Zero Drug-Drug Interaction Warning (Confidence 99.4%),FHIR_R4_Bundle_A90_Condition_MedicationRequest,All Clinical Records & Diagnostic Evidence,Pending Patient Authorization,NO,N/A,N/A,Access request pending approval from patient wallet,AES-256-GCM,vault-transit-key-0xaa058dc6,Qm9295471325d1eb9edc26a59139da3bcf172446766fa2,0.0.4891024,4211,2026-09-13 11:54:03 UTC,0x5a2be387cc86e1bfb13a0d3b504dc5f40ca74d6c1474b6b7cea6686bb5274d3a,0.0001
ENC-00212,Siddharth Pillai,849412,0x026db7e44a27aefffa768703f06fe745025b307e,86,female,AB-,Dr. Rajesh Sharma,0x3c44CdDdB6a900fa2b585dd299e03d12FA4293BC,NMC-78491,Gastroenterology,Fortis Memorial Neuro & Trauma Center,0x84f93618C1D541bB1Dcf1373A8eE500A7D439634,Gastro-esophageal reflux disease,K21.9,Gastroenterology,Low,120/80 mmHg,70,99%,98,"Pantoprazole 40mg QD pre-breakfast, Domperidone 30mg QD",Medium,Passed - Zero Drug-Drug Interaction Warning (Confidence 99.4%),FHIR_R4_Bundle_K21.9_Condition_MedicationRequest,All Clinical Records & Diagnostic Evidence,Active On-Chain Consent (Granted by Patient),NO,N/A,N/A,Direct patient consent validated via ConsentManager.sol,AES-256-GCM,vault-transit-key-0x026db7e4,Qm5abc08c53ac4b6bc4eec916a7b2e0ae3708ba425589f,0.0.4891024,4212,2026-09-13 11:54:05 UTC,0xf894af29ff6fb5d30ca592de1555cb1958f6a8700b470ff52e2256a47d406870,0.0001
ENC-00213,Rakesh Pandey,849413,0x2045c50ce84159a2224d6f664970355bed47a586,87,male,A-,Dr. Ananya Roy,0x9965507D1a55bcC2695C58ba16FB37d819B0A4dc,NMC-51203,Hematology,Fortis Memorial Neuro & Trauma Center,0x84f93618C1D541bB1Dcf1373A8eE500A7D439634,"Acute myocardial infarction, unspecified",I21.9,Cardiology,Emergency,95/60 mmHg,112,93%,165,"Ticagrelor 90mg BID, Aspirin 325mg, Atorvastatin 80mg, IV Heparin",High,Passed - Zero Drug-Drug Interaction Warning (Confidence 99.4%),FHIR_R4_Bundle_I21.9_Condition_MedicationRequest,All Clinical Records & Diagnostic Evidence,Break-Glass Emergency Invoked (Active Override),YES,"Acute Life-Threatening Presentation: Acute myocardial infarction, unspecified",60 Minutes (Auto-Expiring Ephemeral Key),Emergency access granted; immediate HCS compliance event broadcasted,AES-256-GCM,vault-transit-key-0x2045c50c,Qmbbd10ddf05aa8ff22e773c838c37b1faf8a54c195b0b,0.0.4891024,4213,2026-09-13 11:54:07 UTC,0x8d6a2156c5996f77b642e806ca8e840030474421cc27f7b2ae0e3c3b56d7d438,0.0001
ENC-00214,Tanvi Ghosh,849414,0x53ec7eb74b2bfcc130dff074fe528691a1146a1a,88,female,B+,Dr. Sunita Narang,0xBcd4042DE499D14e55001CcbB24a551F3b954096,NMC-90812,Endocrinology & Internal Medicine,Max Super Speciality Cancer Institute,0x28B7eA94B34C8F52D19E50Eb14769Da20F5D54b4,"Epilepsy, unspecified, without status epilepticus",G40.909,Neurology,High,118/74 mmHg,76,99%,95,"Levetiracetam 500mg BID, Clobazam 10mg QHS",Low,Passed - Zero Drug-Drug Interaction Warning (Confidence 99.4%),FHIR_R4_Bundle_G40.909_Condition_MedicationRequest,All Clinical Records & Diagnostic Evidence,Active On-Chain Consent (Granted by Patient),NO,N/A,N/A,Direct patient consent validated via ConsentManager.sol,AES-256-GCM,vault-transit-key-0x53ec7eb7,Qm1a7556f5b37c2d05ee404262b75d0d7f8d164aa1cc8a,0.0.4891024,4214,2026-09-13 11:54:09 UTC,0xf7222aa0b7eb8dc652185210efaa9547923fee7adbaaba9bc4bb255605a8861d,0.0001
ENC-00215,Sakshi Saxena,849415,0x36cfe7098fefa3a59c05ef1f281d4898e260e636,89,male,O-,Dr. Rohan Patel,0x976EA74026E726554dB657fA54763abd0C3a0aa9,NMC-11029,Neurology,Apex Diagnostic & Pathology Hub,0x04Fee3FD1B338d12FFD6dBD8d66dE1e8e0BB99cB,"Epilepsy, unspecified, without status epilepticus",G40.909,Neurology,High,118/74 mmHg,76,99%,95,"Levetiracetam 500mg BID, Clobazam 10mg QHS",Low,Advisory: Monitor Serum Potassium & Renal Function with ACEi/ARB,FHIR_R4_Bundle_G40.909_Condition_MedicationRequest,All Clinical Records & Diagnostic Evidence,Active On-Chain Consent (Granted by Patient),NO,N/A,N/A,Direct patient consent validated via ConsentManager.sol,AES-256-GCM,vault-transit-key-0x36cfe709,Qm641261ae8d30c0cc4effcd476f39d81ea2b37717d685,0.0.4891024,4215,2026-09-13 11:54:12 UTC,0xe4b884804c44a6554f4e8cafadf53fa2df340fc5f711b358c23f8773e1bba4ca,0.0001
ENC-00216,Sakshi Mukherjee,849416,0x01a6303e6a3527a4e291d2a0cb256ee8478c089f,18,female,A-,Dr. Sunita Narang,0xBcd4042DE499D14e55001CcbB24a551F3b954096,NMC-90812,Endocrinology & Internal Medicine,Care & Cure Pediatric & Maternity Hospital,0x937F51E09477BfD31E56c5e533038a8eEAc096b7,Malignant neoplasm of female breast,C50.919,Oncology,Critical,122/76 mmHg,84,98%,105,"Tamoxifen 20mg QD, Trastuzumab 6mg/kg IV Q3W, Paclitaxel",Medium,Passed - Safe pediatric/geriatric dosage tier verified,FHIR_R4_Bundle_C50.919_Condition_MedicationRequest,All Clinical Records & Diagnostic Evidence,Active On-Chain Consent (Granted by Patient),NO,N/A,N/A,Direct patient consent validated via ConsentManager.sol,AES-256-GCM,vault-transit-key-0x01a6303e,Qmf6e3c7c5eb240f4af3a35e7fa725898be62649215e62,0.0.4891024,4216,2026-09-13 11:54:13 UTC,0x302b12d7443c921774ad27d227dc0b27db4af0978ab52fd33ceb3adfa1e32c57,0.0001
ENC-00217,Shreya Mehta,849417,0x0bdee5b685f01118a591cfe877db4c57fac48311,19,male,AB+,Dr. Preeti Deshmukh,0x23618e81E3f5cdF7f54C3d65f7FBc0aBf5B21E8f,NMC-82194,Obstetrics & Pediatrics,Fortis Memorial Neuro & Trauma Center,0x84f93618C1D541bB1Dcf1373A8eE500A7D439634,"Epilepsy, unspecified, without status epilepticus",G40.909,Neurology,High,118/74 mmHg,76,99%,95,"Levetiracetam 500mg BID, Clobazam 10mg QHS",Low,Passed - Zero Drug-Drug Interaction Warning (Confidence 99.4%),FHIR_R4_Bundle_G40.909_Condition_MedicationRequest,All Clinical Records & Diagnostic Evidence,Active On-Chain Consent (Granted by Patient),NO,N/A,N/A,Direct patient consent validated via ConsentManager.sol,AES-256-GCM,vault-transit-key-0x0bdee5b6,Qmedd3049696f671ba117145007f28e3ecbe855863351a,0.0.4891024,4217,2026-09-13 11:54:15 UTC,0x2a765ad97287eff949882e1d1853186e6dc6ea60d322facb33ec12b460e45a1a,0.0001
ENC-00218,Tanvi Kapoor,849418,0x6458a894e0c9c607b86b6c8379701c91b2215d6f,20,female,B-,Dr. Sunita Narang,0xBcd4042DE499D14e55001CcbB24a551F3b954096,NMC-90812,Endocrinology & Internal Medicine,Care & Cure Pediatric & Maternity Hospital,0x937F51E09477BfD31E56c5e533038a8eEAc096b7,Essential (primary) hypertension,I10,Cardiology,Moderate,148/92 mmHg,78,98%,110,"Amlodipine 5mg QD, Telmisartan 40mg QD",Medium,Passed - Zero Drug-Drug Interaction Warning (Confidence 99.4%),FHIR_R4_Bundle_I10_Condition_MedicationRequest,All Clinical Records & Diagnostic Evidence,Pending Patient Authorization,NO,N/A,N/A,Access request pending approval from patient wallet,AES-256-GCM,vault-transit-key-0x6458a894,Qm7aac00d84bc6b3323bc4a06fef428b78f75f91e2b8a7,0.0.4891024,4218,2026-09-13 11:54:18 UTC,0xa6f3c3eb5f3465a81845b0c50cb781a793bc9f9d1b3441f1e8bec4ca2ee76764,0.0001
ENC-00219,Aditi Saxena,849419,0xfb2073f3d043575d83797ba46397b819def12df9,21,male,B-,Dr. Sarah Jenkins,0x04Fee3FD1B338d12FFD6dBD8d66dE1e8e0BB99cB,NMC-48192,Cardiology,Apex Diagnostic & Pathology Hub,0x04Fee3FD1B338d12FFD6dBD8d66dE1e8e0BB99cB,Unspecified intracranial injury / Concussion,S06.9X0A,Trauma & Emergency,Emergency,150/95 mmHg,64,97%,130,"Mannitol 20% 100mL IV, Phenytoin 100mg IV, Analgesics",Low,Advisory: Confirm Patient Creatinine Clearance prior to Metformin XR,FHIR_R4_Bundle_S06.9X0A_Condition_MedicationRequest,All Clinical Records & Diagnostic Evidence,Active On-Chain Consent (Granted by Patient),NO,N/A,N/A,Direct patient consent validated via ConsentManager.sol,AES-256-GCM,vault-transit-key-0xfb2073f3,Qme861f5e1ded10e04ffa546aa057f6e74c69a2f7f6778,0.0.4891024,4219,2026-09-13 11:54:20 UTC,0xab5e4f42d2da108cac332c4edadc1ba7862de94cb7d4e74d9a28ac6c5b99cbb6,0.0001
ENC-00220,Deepak Saxena,849420,0x145ec94752bed072e4232bcd4b7ebb682566cc79,22,female,A+,Dr. Rohan Patel,0x976EA74026E726554dB657fA54763abd0C3a0aa9,NMC-11029,Neurology,Apollo Multispecialty Hospital,0x155Af6ECaFb48861dA7d16Fb8Af2f6ce9d6DD779,Type 2 diabetes mellitus without complications,E11.9,Endocrinology,Moderate,130/82 mmHg,72,99%,142,"Metformin 500mg BID, Dapagliflozin 10mg QD",Medium,Passed - Zero Drug-Drug Interaction Warning (Confidence 99.4%),FHIR_R4_Bundle_E11.9_Condition_MedicationRequest,All Clinical Records & Diagnostic Evidence,Pending Patient Authorization,NO,N/A,N/A,Access request pending approval from patient wallet,AES-256-GCM,vault-transit-key-0x145ec947,Qm2cb8381c898d9ec1a754d38c70136eb4507e62519c63,0.0.4891024,4220,2026-09-13 11:54:22 UTC,0x340561075b281720d8ecf6a44748482bfaa427f018173efad079811f58f7d89f,0.0001
ENC-00221,Nandini Kulkarni,849421,0x861411561efa41ba05fcbff0640d96e26c20a4ab,23,male,AB+,Dr. Sunita Narang,0xBcd4042DE499D14e55001CcbB24a551F3b954096,NMC-90812,Endocrinology & Internal Medicine,Apollo Multispecialty Hospital,0x155Af6ECaFb48861dA7d16Fb8Af2f6ce9d6DD779,Gastro-esophageal reflux disease,K21.9,Gastroenterology,Low,120/80 mmHg,70,99%,98,"Pantoprazole 40mg QD pre-breakfast, Domperidone 30mg QD",High,Passed - Safe pediatric/geriatric dosage tier verified,FHIR_R4_Bundle_K21.9_Condition_MedicationRequest,All Clinical Records & Diagnostic Evidence,Pending Patient Authorization,NO,N/A,N/A,Access request pending approval from patient wallet,AES-256-GCM,vault-transit-key-0x86141156,Qm9ea9fec2846b5c1ca8dedb3e1ec808e10aaf0c82a42f,0.0.4891024,4221,2026-09-13 11:54:24 UTC,0x9c96b835f27f3e5948c2955ca81708e93edc31fd498c5ab3884b87b931bc424f,0.0001
ENC-00222,Manish Kulkarni,849422,0x25b3dfbc3645a6048d7cc81d9178ed9f4dd3f5a8,24,female,A-,Dr. Sarah Jenkins,0x04Fee3FD1B338d12FFD6dBD8d66dE1e8e0BB99cB,NMC-48192,Cardiology,Max Super Speciality Cancer Institute,0x28B7eA94B34C8F52D19E50Eb14769Da20F5D54b4,Unspecified intracranial injury / Concussion,S06.9X0A,Trauma & Emergency,Emergency,150/95 mmHg,64,97%,130,"Mannitol 20% 100mL IV, Phenytoin 100mg IV, Analgesics",Medium,Passed - Safe pediatric/geriatric dosage tier verified,FHIR_R4_Bundle_S06.9X0A_Condition_MedicationRequest,All Clinical Records & Diagnostic Evidence,Break-Glass Emergency Invoked (Active Override),YES,Acute Life-Threatening Presentation: Unspecified intracranial injury / Concussion,60 Minutes (Auto-Expiring Ephemeral Key),Emergency access granted; immediate HCS compliance event broadcasted,AES-256-GCM,vault-transit-key-0x25b3dfbc,Qmd94d2ecaa538a6f9439852436ec69a4b455d685efba2,0.0.4891024,4222,2026-09-13 11:54:26 UTC,0x8bff4d710ca9687d3a0b99d4e5f578e76a0633fdf526fe19116d6262b31419f2,0.0001
ENC-00223,Kiran Choudhury,849423,0x09e657f34077d9dc4ad7dade21b040adcb9f72fa,25,male,O+,Dr. Rohan Patel,0x976EA74026E726554dB657fA54763abd0C3a0aa9,NMC-11029,Neurology,Care & Cure Pediatric & Maternity Hospital,0x937F51E09477BfD31E56c5e533038a8eEAc096b7,Essential (primary) hypertension,I10,Cardiology,Moderate,148/92 mmHg,78,98%,110,"Amlodipine 5mg QD, Telmisartan 40mg QD",Low,Advisory: Confirm Patient Creatinine Clearance prior to Metformin XR,FHIR_R4_Bundle_I10_Condition_MedicationRequest,All Clinical Records & Diagnostic Evidence,Active On-Chain Consent (Granted by Patient),NO,N/A,N/A,Direct patient consent validated via ConsentManager.sol,AES-256-GCM,vault-transit-key-0x09e657f3,Qmf8ce741f6776091e6d2850e2beb29d4d9be45520cf7b,0.0.4891024,4223,2026-09-13 11:54:28 UTC,0xae33ef6ff05ee989cd7a1dd261b45b9b9bfa701ebb1755f22bd9d876cb2e3c7d,0.0001
ENC-00224,Rahul Mukherjee,849424,0x21e4a92266acc667785c0cefd6177ab3a6d8601e,26,female,AB+,Dr. Rohan Patel,0x976EA74026E726554dB657fA54763abd0C3a0aa9,NMC-11029,Neurology,Fortis Memorial Neuro & Trauma Center,0x84f93618C1D541bB1Dcf1373A8eE500A7D439634,Dengue fever [classical dengue],A90,Infectious Disease,High,100/68 mmHg,96,98%,102,"Oral Rehydration Salts 1L/day, Paracetamol 650mg SOS",High,Advisory: Monitor Serum Potassium & Renal Function with ACEi/ARB,FHIR_R4_Bundle_A90_Condition_MedicationRequest,All Clinical Records & Diagnostic Evidence,Active On-Chain Consent (Granted by Patient),NO,N/A,N/A,Direct patient consent validated via ConsentManager.sol,AES-256-GCM,vault-transit-key-0x21e4a922,Qm75f6b0a1be650930ef6f729926dacc791f51affd38ea,0.0.4891024,4224,2026-09-13 11:54:31 UTC,0x7c4435b50c888e80a79441b77ca7772ce55f16530a739d3b30ac5e5f58a7d245,0.0001
ENC-00225,Sanjay Swaminathan,849425,0x02f9b2769765e4925ea736d7548c4f10207d9eda,27,male,B+,Dr. Rajesh Sharma,0x3c44CdDdB6a900fa2b585dd299e03d12FA4293BC,NMC-78491,Gastroenterology,Max Super Speciality Cancer Institute,0x28B7eA94B34C8F52D19E50Eb14769Da20F5D54b4,Malignant neoplasm of female breast,C50.919,Oncology,Critical,122/76 mmHg,84,98%,105,"Tamoxifen 20mg QD, Trastuzumab 6mg/kg IV Q3W, Paclitaxel",High,Passed - Zero Drug-Drug Interaction Warning (Confidence 99.4%),FHIR_R4_Bundle_C50.919_Condition_MedicationRequest,All Clinical Records & Diagnostic Evidence,Active On-Chain Consent (Granted by Patient),NO,N/A,N/A,Direct patient consent validated via ConsentManager.sol,AES-256-GCM,vault-transit-key-0x02f9b276,Qm59848a2c2835c0f41be7561a659348e15118c64bce8e,0.0.4891024,4225,2026-09-13 11:54:32 UTC,0x9ab37202943fcd643e99c55dbcfa56cd80fb25c48c4fde2185b946c0b9773619,0.0001
ENC-00226,Madhav Mukherjee,849426,0x5d2efc595e38d95eecc22d15b0854bec35aa4961,28,female,O+,Dr. Sunita Narang,0xBcd4042DE499D14e55001CcbB24a551F3b954096,NMC-90812,Endocrinology & Internal Medicine,Max Super Speciality Cancer Institute,0x28B7eA94B34C8F52D19E50Eb14769Da20F5D54b4,Unspecified intracranial injury / Concussion,S06.9X0A,Trauma & Emergency,Emergency,150/95 mmHg,64,97%,130,"Mannitol 20% 100mL IV, Phenytoin 100mg IV, Analgesics",High,Advisory: Confirm Patient Creatinine Clearance prior to Metformin XR,FHIR_R4_Bundle_S06.9X0A_Condition_MedicationRequest,All Clinical Records & Diagnostic Evidence,Active On-Chain Consent (Granted by Patient),NO,N/A,N/A,Direct patient consent validated via ConsentManager.sol,AES-256-GCM,vault-transit-key-0x5d2efc59,Qmd942dc2b35483561424b7808d566dcabcdb6e8bc391c,0.0.4891024,4226,2026-09-13 11:54:34 UTC,0x16dc986275938c59eaeada35858bee48f89416f027886d07f28ba035e66d2c30,0.0001
ENC-00227,Pooja Iyer,849427,0x46700cdf8719c4c635086190285d84d7c484d048,29,male,O-,Dr. Rajesh Sharma,0x3c44CdDdB6a900fa2b585dd299e03d12FA4293BC,NMC-78491,Gastroenterology,Care & Cure Pediatric & Maternity Hospital,0x937F51E09477BfD31E56c5e533038a8eEAc096b7,"Epilepsy, unspecified, without status epilepticus",G40.909,Neurology,High,118/74 mmHg,76,99%,95,"Levetiracetam 500mg BID, Clobazam 10mg QHS",Medium,Advisory: Monitor Serum Potassium & Renal Function with ACEi/ARB,FHIR_R4_Bundle_G40.909_Condition_MedicationRequest,All Clinical Records & Diagnostic Evidence,Active On-Chain Consent (Granted by Patient),NO,N/A,N/A,Direct patient consent validated via ConsentManager.sol,AES-256-GCM,vault-transit-key-0x46700cdf,Qmdd2c7cc846daba288e37ef4e6d56cfaf8f294c9d3b4e,0.0.4891024,4227,2026-09-13 11:54:37 UTC,0x5866d819c7859bdcdf58f555883347ee913297e4d6368765cd1291da2d866cae,0.0001
ENC-00228,Aditi Gupta,849428,0xa3df80df8cadda3daf5f5617af6d9a3c4051f746,30,female,AB-,Dr. Sarah Jenkins,0x04Fee3FD1B338d12FFD6dBD8d66dE1e8e0BB99cB,NMC-48192,Cardiology,Care & Cure Pediatric & Maternity Hospital,0x937F51E09477BfD31E56c5e533038a8eEAc096b7,Essential (primary) hypertension,I10,Cardiology,Moderate,148/92 mmHg,78,98%,110,"Amlodipine 5mg QD, Telmisartan 40mg QD",Low,Advisory: Monitor Serum Potassium & Renal Function with ACEi/ARB,FHIR_R4_Bundle_I10_Condition_MedicationRequest,All Clinical Records & Diagnostic Evidence,Active On-Chain Consent (Granted by Patient),NO,N/A,N/A,Direct patient consent validated via ConsentManager.sol,AES-256-GCM,vault-transit-key-0xa3df80df,Qm5bcdd51f06e9076b7540e183ce50cd7179235a4af5bf,0.0.4891024,4228,2026-09-13 11:54:39 UTC,0xf9a9fe57bf8bf8cd634ed1396037543854678b439fc8b4f10467fae0408ccf77,0.0001
ENC-00229,Vikas Banerjee,849429,0xb2c63de78d3076753cdd0410bfeeeabaa015fb93,31,male,B-,Dr. Rajesh Sharma,0x3c44CdDdB6a900fa2b585dd299e03d12FA4293BC,NMC-78491,Gastroenterology,Max Super Speciality Cancer Institute,0x28B7eA94B34C8F52D19E50Eb14769Da20F5D54b4,Gastro-esophageal reflux disease,K21.9,Gastroenterology,Low,120/80 mmHg,70,99%,98,"Pantoprazole 40mg QD pre-breakfast, Domperidone 30mg QD",Low,Passed - Zero Drug-Drug Interaction Warning (Confidence 99.4%),FHIR_R4_Bundle_K21.9_Condition_MedicationRequest,All Clinical Records & Diagnostic Evidence,Active On-Chain Consent (Granted by Patient),NO,N/A,N/A,Direct patient consent validated via ConsentManager.sol,AES-256-GCM,vault-transit-key-0xb2c63de7,Qm9ffe1c89913c3e4858520ffe12cf79266b197f024f75,0.0.4891024,4229,2026-09-13 11:54:41 UTC,0x9b23d39afe252c4345cab27084caeb9d77ad8c0bde5183d645ec591bd1f4c8fb,0.0001
ENC-00230,Bhavna Malhotra,849430,0x0468ce1e82f1117efe54d9ffc0be2ec6a2404a54,32,female,A+,Dr. Rajesh Sharma,0x3c44CdDdB6a900fa2b585dd299e03d12FA4293BC,NMC-78491,Gastroenterology,Max Super Speciality Cancer Institute,0x28B7eA94B34C8F52D19E50Eb14769Da20F5D54b4,"Acute myocardial infarction, unspecified",I21.9,Cardiology,Emergency,95/60 mmHg,112,93%,165,"Ticagrelor 90mg BID, Aspirin 325mg, Atorvastatin 80mg, IV Heparin",Medium,Advisory: Confirm Patient Creatinine Clearance prior to Metformin XR,FHIR_R4_Bundle_I21.9_Condition_MedicationRequest,All Clinical Records & Diagnostic Evidence,Active On-Chain Consent (Granted by Patient),NO,N/A,N/A,Direct patient consent validated via ConsentManager.sol,AES-256-GCM,vault-transit-key-0x0468ce1e,Qm8f2aa19599a29a2d001213b9028b65ee33f106412915,0.0.4891024,4230,2026-09-13 11:54:43 UTC,0xf804d228b335fb52d884983536ff23d01cc72955bbf03a329f788780e23f96ce,0.0001
ENC-00231,Tanvi Iyer,849431,0xa8dc4cc4b01fb404f9af78f98b18019b4ab59ca3,33,male,AB+,Dr. Sarah Jenkins,0x04Fee3FD1B338d12FFD6dBD8d66dE1e8e0BB99cB,NMC-48192,Cardiology,Apex Diagnostic & Pathology Hub,0x04Fee3FD1B338d12FFD6dBD8d66dE1e8e0BB99cB,Unspecified intracranial injury / Concussion,S06.9X0A,Trauma & Emergency,Emergency,150/95 mmHg,64,97%,130,"Mannitol 20% 100mL IV, Phenytoin 100mg IV, Analgesics",Low,Passed - Zero Drug-Drug Interaction Warning (Confidence 99.4%),FHIR_R4_Bundle_S06.9X0A_Condition_MedicationRequest,All Clinical Records & Diagnostic Evidence,Break-Glass Emergency Invoked (Active Override),YES,Acute Life-Threatening Presentation: Unspecified intracranial injury / Concussion,60 Minutes (Auto-Expiring Ephemeral Key),Emergency access granted; immediate HCS compliance event broadcasted,AES-256-GCM,vault-transit-key-0xa8dc4cc4,Qm01a2bf833e85abaf681f6e5159032bb888579624a5ec,0.0.4891024,4231,2026-09-13 11:54:45 UTC,0x736b319689b244085a04a1ae0c7b7ab22d77efec782b458e4900cfe1ff04fd94,0.0001
ENC-00232,Aarav Joshi,849432,0x87686b9d0a57e68a23f55fea66f8b4479b5610e7,34,female,B-,Dr. Ananya Roy,0x9965507D1a55bcC2695C58ba16FB37d819B0A4dc,NMC-51203,Hematology,Apollo Multispecialty Hospital,0x155Af6ECaFb48861dA7d16Fb8Af2f6ce9d6DD779,Unspecified intracranial injury / Concussion,S06.9X0A,Trauma & Emergency,Emergency,150/95 mmHg,64,97%,130,"Mannitol 20% 100mL IV, Phenytoin 100mg IV, Analgesics",Medium,Advisory: Confirm Patient Creatinine Clearance prior to Metformin XR,FHIR_R4_Bundle_S06.9X0A_Condition_MedicationRequest,All Clinical Records & Diagnostic Evidence,Break-Glass Emergency Invoked (Active Override),YES,Acute Life-Threatening Presentation: Unspecified intracranial injury / Concussion,60 Minutes (Auto-Expiring Ephemeral Key),Emergency access granted; immediate HCS compliance event broadcasted,AES-256-GCM,vault-transit-key-0x87686b9d,Qmdf8a01ff66f7edf15272e83576a5f8412fe42cb25029,0.0.4891024,4232,2026-09-13 11:54:47 UTC,0xef095bd88b509f4c592d79fd8b985a496d17dd62b9c97657f080179a705f567b,0.0001
ENC-00233,Rohan Rao,849433,0x6f2aecd127881cb30752d0b4af2046d5a201c626,35,male,A+,Dr. Preeti Deshmukh,0x23618e81E3f5cdF7f54C3d65f7FBc0aBf5B21E8f,NMC-82194,Obstetrics & Pediatrics,Care & Cure Pediatric & Maternity Hospital,0x937F51E09477BfD31E56c5e533038a8eEAc096b7,Dengue fever [classical dengue],A90,Infectious Disease,High,100/68 mmHg,96,98%,102,"Oral Rehydration Salts 1L/day, Paracetamol 650mg SOS",High,Advisory: Confirm Patient Creatinine Clearance prior to Metformin XR,FHIR_R4_Bundle_A90_Condition_MedicationRequest,All Clinical Records & Diagnostic Evidence,Active On-Chain Consent (Granted by Patient),NO,N/A,N/A,Direct patient consent validated via ConsentManager.sol,AES-256-GCM,vault-transit-key-0x6f2aecd1,Qmccb04f061ffeb92cfbb8a5dde32c046ecdc6fa73c2b3,0.0.4891024,4233,2026-09-13 11:54:50 UTC,0x307e182428efa841ca1c8ee8fdd6a18bfcac1e88697a44c03658a8451046ab83,0.0001
ENC-00234,Sakshi Verma,849434,0xa7ba297f0abdf166b13247103632b27eda83ee2b,36,female,B+,Dr. Sunita Narang,0xBcd4042DE499D14e55001CcbB24a551F3b954096,NMC-90812,Endocrinology & Internal Medicine,Max Super Speciality Cancer Institute,0x28B7eA94B34C8F52D19E50Eb14769Da20F5D54b4,Type 2 diabetes mellitus without complications,E11.9,Endocrinology,Moderate,130/82 mmHg,72,99%,142,"Metformin 500mg BID, Dapagliflozin 10mg QD",Low,Advisory: Monitor Serum Potassium & Renal Function with ACEi/ARB,FHIR_R4_Bundle_E11.9_Condition_MedicationRequest,All Clinical Records & Diagnostic Evidence,Active On-Chain Consent (Granted by Patient),NO,N/A,N/A,Direct patient consent validated via ConsentManager.sol,AES-256-GCM,vault-transit-key-0xa7ba297f,Qm69cf5ac47b52db5450752ce4c1a68dadf402daa5dafa,0.0.4891024,4234,2026-09-13 11:54:52 UTC,0xb9c67242c0885a0729d92f9c4af98eb331ab3a5fbb00cd94f726b9d1fea4dd79,0.0001
ENC-00235,Kavya Pillai,849435,0x0ab8aca7411938192fff8e74018d352f7b5c1cd5,37,male,AB-,Dr. Sunita Narang,0xBcd4042DE499D14e55001CcbB24a551F3b954096,NMC-90812,Endocrinology & Internal Medicine,Apollo Multispecialty Hospital,0x155Af6ECaFb48861dA7d16Fb8Af2f6ce9d6DD779,Essential (primary) hypertension,I10,Cardiology,Moderate,148/92 mmHg,78,98%,110,"Amlodipine 5mg QD, Telmisartan 40mg QD",High,Advisory: Monitor Serum Potassium & Renal Function with ACEi/ARB,FHIR_R4_Bundle_I10_Condition_MedicationRequest,All Clinical Records & Diagnostic Evidence,Active On-Chain Consent (Granted by Patient),NO,N/A,N/A,Direct patient consent validated via ConsentManager.sol,AES-256-GCM,vault-transit-key-0x0ab8aca7,Qmd24ec32557267c3015c15f861e45f19a2cbd29841861,0.0.4891024,4235,2026-09-13 11:54:54 UTC,0xe0bfe5345753f3bc649a97c2a7817378d65fca1c2ed456445ea33f6070a74ce1,0.0001
ENC-00236,Riya Bhatia,849436,0x7bcfff48baef17e16836e6ebacca78c56d45c517,38,female,B-,Dr. Sunita Narang,0xBcd4042DE499D14e55001CcbB24a551F3b954096,NMC-90812,Endocrinology & Internal Medicine,Max Super Speciality Cancer Institute,0x28B7eA94B34C8F52D19E50Eb14769Da20F5D54b4,Gastro-esophageal reflux disease,K21.9,Gastroenterology,Low,120/80 mmHg,70,99%,98,"Pantoprazole 40mg QD pre-breakfast, Domperidone 30mg QD",High,Advisory: Monitor Serum Potassium & Renal Function with ACEi/ARB,FHIR_R4_Bundle_K21.9_Condition_MedicationRequest,All Clinical Records & Diagnostic Evidence,Active On-Chain Consent (Granted by Patient),NO,N/A,N/A,Direct patient consent validated via ConsentManager.sol,AES-256-GCM,vault-transit-key-0x7bcfff48,Qm39c3874b2d76c9d4ff06da1d28bf9fd961c20f05c63b,0.0.4891024,4236,2026-09-13 11:54:56 UTC,0x7d3496d4a14de3cf265dcecfe54f427ec4cbab15c9273bcccde517f623b73a06,0.0001
ENC-00237,Neha Bhatia,849437,0x97c0b392778e804851c5eb9a43e96f097b1bf4d7,39,male,A+,Dr. Sunita Narang,0xBcd4042DE499D14e55001CcbB24a551F3b954096,NMC-90812,Endocrinology & Internal Medicine,Max Super Speciality Cancer Institute,0x28B7eA94B34C8F52D19E50Eb14769Da20F5D54b4,Essential (primary) hypertension,I10,Cardiology,Moderate,148/92 mmHg,78,98%,110,"Amlodipine 5mg QD, Telmisartan 40mg QD",High,Advisory: Confirm Patient Creatinine Clearance prior to Metformin XR,FHIR_R4_Bundle_I10_Condition_MedicationRequest,All Clinical Records & Diagnostic Evidence,Active On-Chain Consent (Granted by Patient),NO,N/A,N/A,Direct patient consent validated via ConsentManager.sol,AES-256-GCM,vault-transit-key-0x97c0b392,Qm4b614b0b92c35b1982ae5e28c85d8fb87bb3513f8db0,0.0.4891024,4237,2026-09-13 11:54:58 UTC,0xd534591291e7cfb38057ed7d328d3ee4110ce2cab6402a869e446cf9ec31030b,0.0001
ENC-00238,Shreya Malhotra,849438,0x07837c8e84bb5a2be949b9d3485b65baeff2e612,40,female,O-,Dr. Rohan Patel,0x976EA74026E726554dB657fA54763abd0C3a0aa9,NMC-11029,Neurology,Fortis Memorial Neuro & Trauma Center,0x84f93618C1D541bB1Dcf1373A8eE500A7D439634,Essential (primary) hypertension,I10,Cardiology,Moderate,148/92 mmHg,78,98%,110,"Amlodipine 5mg QD, Telmisartan 40mg QD",Medium,Advisory: Confirm Patient Creatinine Clearance prior to Metformin XR,FHIR_R4_Bundle_I10_Condition_MedicationRequest,All Clinical Records & Diagnostic Evidence,Pending Patient Authorization,NO,N/A,N/A,Access request pending approval from patient wallet,AES-256-GCM,vault-transit-key-0x07837c8e,Qm5fac1ed631a4d251b5611d353019fb5be59f0562d697,0.0.4891024,4238,2026-09-13 11:54:59 UTC,0x6bca02951ac7789db7eee4b2e701418e1ff2cde7bb68df1ad35919dd7b11ff24,0.0001
ENC-00239,Ananya Menon,849439,0x51a9ab9666c691a3d1b7325f5a1df4212e2d7592,41,male,B+,Dr. Ananya Roy,0x9965507D1a55bcC2695C58ba16FB37d819B0A4dc,NMC-51203,Hematology,Apollo Multispecialty Hospital,0x155Af6ECaFb48861dA7d16Fb8Af2f6ce9d6DD779,Gastro-esophageal reflux disease,K21.9,Gastroenterology,Low,120/80 mmHg,70,99%,98,"Pantoprazole 40mg QD pre-breakfast, Domperidone 30mg QD",Low,Advisory: Monitor Serum Potassium & Renal Function with ACEi/ARB,FHIR_R4_Bundle_K21.9_Condition_MedicationRequest,All Clinical Records & Diagnostic Evidence,Pending Patient Authorization,NO,N/A,N/A,Access request pending approval from patient wallet,AES-256-GCM,vault-transit-key-0x51a9ab96,Qmb6d19e4c2a9e272ac8fae3199926a0739bd6fa27b024,0.0.4891024,4239,2026-09-13 11:55:02 UTC,0xdc89f9d94326b3c6a3c8f1e26a7b3385774915f24c38822c9e18693bbbcf960f,0.0001
ENC-00240,Aarav Bhatia,849440,0xb12aeb10008c6f5781956030b1e97e79c3e41b36,42,female,AB+,Dr. Sarah Jenkins,0x04Fee3FD1B338d12FFD6dBD8d66dE1e8e0BB99cB,NMC-48192,Cardiology,Care & Cure Pediatric & Maternity Hospital,0x937F51E09477BfD31E56c5e533038a8eEAc096b7,"Acute myocardial infarction, unspecified",I21.9,Cardiology,Emergency,95/60 mmHg,112,93%,165,"Ticagrelor 90mg BID, Aspirin 325mg, Atorvastatin 80mg, IV Heparin",Medium,Passed - Safe pediatric/geriatric dosage tier verified,FHIR_R4_Bundle_I21.9_Condition_MedicationRequest,All Clinical Records & Diagnostic Evidence,Break-Glass Emergency Invoked (Active Override),YES,"Acute Life-Threatening Presentation: Acute myocardial infarction, unspecified",60 Minutes (Auto-Expiring Ephemeral Key),Emergency access granted; immediate HCS compliance event broadcasted,AES-256-GCM,vault-transit-key-0xb12aeb10,Qm82d00eb5e50e8b9e6bd0fa9ed38553ee6d92028448eb,0.0.4891024,4240,2026-09-13 11:55:04 UTC,0x5cce8af9c5a077391243383bdfb27e9994fb3c0c4d30affff1d124190933419c,0.0001
ENC-00241,Geeta Banerjee,849441,0x0e1ac1bc5202cd36bb3406d92fc0137d9eb93b54,43,male,B+,Dr. Sunita Narang,0xBcd4042DE499D14e55001CcbB24a551F3b954096,NMC-90812,Endocrinology & Internal Medicine,Apex Diagnostic & Pathology Hub,0x04Fee3FD1B338d12FFD6dBD8d66dE1e8e0BB99cB,Essential (primary) hypertension,I10,Cardiology,Moderate,148/92 mmHg,78,98%,110,"Amlodipine 5mg QD, Telmisartan 40mg QD",Low,Passed - Safe pediatric/geriatric dosage tier verified,FHIR_R4_Bundle_I10_Condition_MedicationRequest,All Clinical Records & Diagnostic Evidence,Active On-Chain Consent (Granted by Patient),NO,N/A,N/A,Direct patient consent validated via ConsentManager.sol,AES-256-GCM,vault-transit-key-0x0e1ac1bc,Qm33f03433ee476698f9e08ee220fc88e74d0992320326,0.0.4891024,4241,2026-09-13 11:55:06 UTC,0xb4bd9a65d0d0bd7b0e742997fc6416192a5425eb21cfef7f60f1382cc7f2b93a,0.0001
ENC-00242,Sakshi Shetty,849442,0xaa859c5a74ff113b221bdf481f88c735c77fd8c2,44,female,A-,Dr. Rohan Patel,0x976EA74026E726554dB657fA54763abd0C3a0aa9,NMC-11029,Neurology,Apollo Multispecialty Hospital,0x155Af6ECaFb48861dA7d16Fb8Af2f6ce9d6DD779,Dengue fever [classical dengue],A90,Infectious Disease,High,100/68 mmHg,96,98%,102,"Oral Rehydration Salts 1L/day, Paracetamol 650mg SOS",Low,Advisory: Monitor Serum Potassium & Renal Function with ACEi/ARB,FHIR_R4_Bundle_A90_Condition_MedicationRequest,All Clinical Records & Diagnostic Evidence,Active On-Chain Consent (Granted by Patient),NO,N/A,N/A,Direct patient consent validated via ConsentManager.sol,AES-256-GCM,vault-transit-key-0xaa859c5a,Qmfac7ffe468c4bc09e00f6c45e0da25269acf6c701a2d,0.0.4891024,4242,2026-09-13 11:55:08 UTC,0xa8110a75d15eac1b556ab4f92623d0f35fc270b91d7fa5693fe9c3114c622f7f,0.0001
ENC-00243,Bhavna Gupta,849443,0xf4f14d0de475c7fc0530bfece046c22a18dfc41c,45,male,B+,Dr. Rajesh Sharma,0x3c44CdDdB6a900fa2b585dd299e03d12FA4293BC,NMC-78491,Gastroenterology,Apollo Multispecialty Hospital,0x155Af6ECaFb48861dA7d16Fb8Af2f6ce9d6DD779,"Acute myocardial infarction, unspecified",I21.9,Cardiology,Emergency,95/60 mmHg,112,93%,165,"Ticagrelor 90mg BID, Aspirin 325mg, Atorvastatin 80mg, IV Heparin",Low,Passed - Zero Drug-Drug Interaction Warning (Confidence 99.4%),FHIR_R4_Bundle_I21.9_Condition_MedicationRequest,All Clinical Records & Diagnostic Evidence,Active On-Chain Consent (Granted by Patient),NO,N/A,N/A,Direct patient consent validated via ConsentManager.sol,AES-256-GCM,vault-transit-key-0xf4f14d0d,Qm77d57ee289d6dd94e0dfca9c9fc979e05b8b1e355d37,0.0.4891024,4243,2026-09-13 11:55:10 UTC,0xe7653664010758f57755b8db0d8fc682401340f9dc9b555cb9a8c41d90935503,0.0001
ENC-00244,Rahul Nair,849444,0x9e982fadbaa3f7153e99d548bf69ad63ece31649,46,female,O-,Dr. Vikram Seth,0x15d34AAf54267DB7D7c367839AAf71A00a2C6A65,NMC-99014,Oncology,Care & Cure Pediatric & Maternity Hospital,0x937F51E09477BfD31E56c5e533038a8eEAc096b7,"Epilepsy, unspecified, without status epilepticus",G40.909,Neurology,High,118/74 mmHg,76,99%,95,"Levetiracetam 500mg BID, Clobazam 10mg QHS",Medium,Advisory: Monitor Serum Potassium & Renal Function with ACEi/ARB,FHIR_R4_Bundle_G40.909_Condition_MedicationRequest,All Clinical Records & Diagnostic Evidence,Pending Patient Authorization,NO,N/A,N/A,Access request pending approval from patient wallet,AES-256-GCM,vault-transit-key-0x9e982fad,Qmed0ca7e56592e2e8544227899591ae1b1167968977e3,0.0.4891024,4244,2026-09-13 11:55:12 UTC,0x6f1a163d5f0a408fccc7119bcadb74e787144f05e41dbc1761a1b89c85e1d9ce,0.0001
ENC-00245,Shreya Shetty,849445,0x681a0fefab8484606d7c51b863d92f2325b0b985,47,male,B+,Dr. Rohan Patel,0x976EA74026E726554dB657fA54763abd0C3a0aa9,NMC-11029,Neurology,Apollo Multispecialty Hospital,0x155Af6ECaFb48861dA7d16Fb8Af2f6ce9d6DD779,Gastro-esophageal reflux disease,K21.9,Gastroenterology,Low,120/80 mmHg,70,99%,98,"Pantoprazole 40mg QD pre-breakfast, Domperidone 30mg QD",Low,Advisory: Monitor Serum Potassium & Renal Function with ACEi/ARB,FHIR_R4_Bundle_K21.9_Condition_MedicationRequest,All Clinical Records & Diagnostic Evidence,Active On-Chain Consent (Granted by Patient),NO,N/A,N/A,Direct patient consent validated via ConsentManager.sol,AES-256-GCM,vault-transit-key-0x681a0fef,Qm5e03c56963d01e627493c06ad45f8db5dd4716f4281e,0.0.4891024,4245,2026-09-13 11:55:14 UTC,0x138554be7ab25a608591041ce3ad9d63d1f84cffe0ed5bf91fb34c6c0b13717a,0.0001
ENC-00246,Manish Kulkarni,849446,0x7c01e70ccb484d2c6f3e0477e1378089196d7a8d,48,female,O+,Dr. Sunita Narang,0xBcd4042DE499D14e55001CcbB24a551F3b954096,NMC-90812,Endocrinology & Internal Medicine,Max Super Speciality Cancer Institute,0x28B7eA94B34C8F52D19E50Eb14769Da20F5D54b4,Type 2 diabetes mellitus without complications,E11.9,Endocrinology,Moderate,130/82 mmHg,72,99%,142,"Metformin 500mg BID, Dapagliflozin 10mg QD",Medium,Passed - Zero Drug-Drug Interaction Warning (Confidence 99.4%),FHIR_R4_Bundle_E11.9_Condition_MedicationRequest,All Clinical Records & Diagnostic Evidence,Active On-Chain Consent (Granted by Patient),NO,N/A,N/A,Direct patient consent validated via ConsentManager.sol,AES-256-GCM,vault-transit-key-0x7c01e70c,Qm6daa3432d844429950fab8da1b0f055aaa4166b6a267,0.0.4891024,4246,2026-09-13 11:55:17 UTC,0xcbdfff7f555d57b1e3a7f4dbabb2798b6543277ab661a8b7b08e52b5140cba60,0.0001
ENC-00247,Amit Mukherjee,849447,0xecbf165716e020a48da048d8db9a4b32afd329d4,49,male,A-,Dr. Rajesh Sharma,0x3c44CdDdB6a900fa2b585dd299e03d12FA4293BC,NMC-78491,Gastroenterology,Apex Diagnostic & Pathology Hub,0x04Fee3FD1B338d12FFD6dBD8d66dE1e8e0BB99cB,Gastro-esophageal reflux disease,K21.9,Gastroenterology,Low,120/80 mmHg,70,99%,98,"Pantoprazole 40mg QD pre-breakfast, Domperidone 30mg QD",High,Advisory: Monitor Serum Potassium & Renal Function with ACEi/ARB,FHIR_R4_Bundle_K21.9_Condition_MedicationRequest,All Clinical Records & Diagnostic Evidence,Active On-Chain Consent (Granted by Patient),NO,N/A,N/A,Direct patient consent validated via ConsentManager.sol,AES-256-GCM,vault-transit-key-0xecbf1657,Qmb8b0126e6f65ee11d0ed69467ab2f7fd23c186652204,0.0.4891024,4247,2026-09-13 11:55:19 UTC,0x1a445e5bfdad9140bdbd0429a8136fcc1f6fc1e9de31ec758c282383b50c6508,0.0001
ENC-00248,Rahul Pandey,849448,0x79ff672e82d077c312a033c95c3a2343b65d183d,50,female,AB-,Dr. Sarah Jenkins,0x04Fee3FD1B338d12FFD6dBD8d66dE1e8e0BB99cB,NMC-48192,Cardiology,Fortis Memorial Neuro & Trauma Center,0x84f93618C1D541bB1Dcf1373A8eE500A7D439634,Unspecified intracranial injury / Concussion,S06.9X0A,Trauma & Emergency,Emergency,150/95 mmHg,64,97%,130,"Mannitol 20% 100mL IV, Phenytoin 100mg IV, Analgesics",Medium,Advisory: Monitor Serum Potassium & Renal Function with ACEi/ARB,FHIR_R4_Bundle_S06.9X0A_Condition_MedicationRequest,All Clinical Records & Diagnostic Evidence,Break-Glass Emergency Invoked (Active Override),YES,Acute Life-Threatening Presentation: Unspecified intracranial injury / Concussion,60 Minutes (Auto-Expiring Ephemeral Key),Emergency access granted; immediate HCS compliance event broadcasted,AES-256-GCM,vault-transit-key-0x79ff672e,Qmb523acf93bd7a8218773af1dcd1a91c592d2133dc939,0.0.4891024,4248,2026-09-13 11:55:21 UTC,0xaec3883cf09485a9f0ca371cd6b390c62603d96e63b4ab1a71dd805bc46adf6e,0.0001
ENC-00249,Anand Gowda,849449,0xa13cd93f241c692b1f265856e2c7a8a5c78a13f5,51,male,AB-,Dr. Preeti Deshmukh,0x23618e81E3f5cdF7f54C3d65f7FBc0aBf5B21E8f,NMC-82194,Obstetrics & Pediatrics,Apollo Multispecialty Hospital,0x155Af6ECaFb48861dA7d16Fb8Af2f6ce9d6DD779,Unspecified intracranial injury / Concussion,S06.9X0A,Trauma & Emergency,Emergency,150/95 mmHg,64,97%,130,"Mannitol 20% 100mL IV, Phenytoin 100mg IV, Analgesics",High,Advisory: Confirm Patient Creatinine Clearance prior to Metformin XR,FHIR_R4_Bundle_S06.9X0A_Condition_MedicationRequest,All Clinical Records & Diagnostic Evidence,Active On-Chain Consent (Granted by Patient),NO,N/A,N/A,Direct patient consent validated via ConsentManager.sol,AES-256-GCM,vault-transit-key-0xa13cd93f,Qmf4d2c72ce4233cd84f9c772ab603233718dde854059b,0.0.4891024,4249,2026-09-13 11:55:23 UTC,0xf96b34ee719147892030216547f6f8d22142343bb569e12a7a97050016c815f8,0.0001
ENC-00250,Aditi Pandey,849450,0x77860bec67efee5088e0417de7677a2ea7da52b9,52,female,B+,Dr. Sarah Jenkins,0x04Fee3FD1B338d12FFD6dBD8d66dE1e8e0BB99cB,NMC-48192,Cardiology,Max Super Speciality Cancer Institute,0x28B7eA94B34C8F52D19E50Eb14769Da20F5D54b4,Dengue fever [classical dengue],A90,Infectious Disease,High,100/68 mmHg,96,98%,102,"Oral Rehydration Salts 1L/day, Paracetamol 650mg SOS",High,Passed - Zero Drug-Drug Interaction Warning (Confidence 99.4%),FHIR_R4_Bundle_A90_Condition_MedicationRequest,All Clinical Records & Diagnostic Evidence,Pending Patient Authorization,NO,N/A,N/A,Access request pending approval from patient wallet,AES-256-GCM,vault-transit-key-0x77860bec,Qm4ff9caf8eab03cf3e449254343c48b8dc78f44d3df97,0.0.4891024,4250,2026-09-13 11:55:25 UTC,0xfa497c00c1884d52a64f63807dc68d71d30b7c7c496b836dd521f11ad6d24e51,0.0001
ENC-00251,Riya Gupta,849451,0x9971258334d92585455ceda7ed85f11ca12d8f94,53,male,A-,Dr. Vikram Seth,0x15d34AAf54267DB7D7c367839AAf71A00a2C6A65,NMC-99014,Oncology,Care & Cure Pediatric & Maternity Hospital,0x937F51E09477BfD31E56c5e533038a8eEAc096b7,Gastro-esophageal reflux disease,K21.9,Gastroenterology,Low,120/80 mmHg,70,99%,98,"Pantoprazole 40mg QD pre-breakfast, Domperidone 30mg QD",Low,Passed - Zero Drug-Drug Interaction Warning (Confidence 99.4%),FHIR_R4_Bundle_K21.9_Condition_MedicationRequest,All Clinical Records & Diagnostic Evidence,Active On-Chain Consent (Granted by Patient),NO,N/A,N/A,Direct patient consent validated via ConsentManager.sol,AES-256-GCM,vault-transit-key-0x99712583,Qm90c32e1823b9b4a5ff8f49491cb6219177252f6e8cdf,0.0.4891024,4251,2026-09-13 11:55:27 UTC,0x6c50047d7ed2a7a1da5e213d225d0227c2755fca2e9159400e6d11c1e8f7098e,0.0001
ENC-00252,Sneha Ghosh,849452,0x97a7f21e75c03a30518e66628b5eaf9a1f8ec033,54,female,AB+,Dr. Rajesh Sharma,0x3c44CdDdB6a900fa2b585dd299e03d12FA4293BC,NMC-78491,Gastroenterology,Max Super Speciality Cancer Institute,0x28B7eA94B34C8F52D19E50Eb14769Da20F5D54b4,Essential (primary) hypertension,I10,Cardiology,Moderate,148/92 mmHg,78,98%,110,"Amlodipine 5mg QD, Telmisartan 40mg QD",High,Advisory: Confirm Patient Creatinine Clearance prior to Metformin XR,FHIR_R4_Bundle_I10_Condition_MedicationRequest,All Clinical Records & Diagnostic Evidence,Active On-Chain Consent (Granted by Patient),NO,N/A,N/A,Direct patient consent validated via ConsentManager.sol,AES-256-GCM,vault-transit-key-0x97a7f21e,Qm6b768deb64fb8a9e66ff336ac25180d6843ca64b21e3,0.0.4891024,4252,2026-09-13 11:55:29 UTC,0x67fa4267be44092f43fc702889d45442c9680094959890dcf9d68f2714f9b86d,0.0001
ENC-00253,Manish Saxena,849453,0xcd5cde1f105fbbff2bbc8f0659f6700aa7d71651,55,male,O+,Dr. Sunita Narang,0xBcd4042DE499D14e55001CcbB24a551F3b954096,NMC-90812,Endocrinology & Internal Medicine,Apex Diagnostic & Pathology Hub,0x04Fee3FD1B338d12FFD6dBD8d66dE1e8e0BB99cB,Unspecified intracranial injury / Concussion,S06.9X0A,Trauma & Emergency,Emergency,150/95 mmHg,64,97%,130,"Mannitol 20% 100mL IV, Phenytoin 100mg IV, Analgesics",Low,Advisory: Monitor Serum Potassium & Renal Function with ACEi/ARB,FHIR_R4_Bundle_S06.9X0A_Condition_MedicationRequest,All Clinical Records & Diagnostic Evidence,Break-Glass Emergency Invoked (Active Override),YES,Acute Life-Threatening Presentation: Unspecified intracranial injury / Concussion,60 Minutes (Auto-Expiring Ephemeral Key),Emergency access granted; immediate HCS compliance event broadcasted,AES-256-GCM,vault-transit-key-0xcd5cde1f,Qmb95e0a72a19cb96eee13d4b5de3227e64633da15a569,0.0.4891024,4253,2026-09-13 11:55:31 UTC,0x9fecc096a60da92443c86c3bd955a9a7e3f0264796688e299b082a40055f7635,0.0001
ENC-00254,Gautam Shetty,849454,0xc6f248fa51e1e8b41aa52d65a020e744ee7ced59,56,female,B+,Dr. Preeti Deshmukh,0x23618e81E3f5cdF7f54C3d65f7FBc0aBf5B21E8f,NMC-82194,Obstetrics & Pediatrics,Apex Diagnostic & Pathology Hub,0x04Fee3FD1B338d12FFD6dBD8d66dE1e8e0BB99cB,Malignant neoplasm of female breast,C50.919,Oncology,Critical,122/76 mmHg,84,98%,105,"Tamoxifen 20mg QD, Trastuzumab 6mg/kg IV Q3W, Paclitaxel",High,Advisory: Monitor Serum Potassium & Renal Function with ACEi/ARB,FHIR_R4_Bundle_C50.919_Condition_MedicationRequest,All Clinical Records & Diagnostic Evidence,Pending Patient Authorization,NO,N/A,N/A,Access request pending approval from patient wallet,AES-256-GCM,vault-transit-key-0xc6f248fa,Qmd5d2c3ac0bc890c01e83f9a7ae78afe7ac6c014441d2,0.0.4891024,4254,2026-09-13 11:55:34 UTC,0x39e1fdfd7a56bfd181caca658957bff9d7d28c42f40cdd92abd17ce47ab791b2,0.0001
ENC-00255,Varun Mukherjee,849455,0x1bf7b5952bbfd8c066f28f790de35264640164a3,57,male,AB+,Dr. Vikram Seth,0x15d34AAf54267DB7D7c367839AAf71A00a2C6A65,NMC-99014,Oncology,Apollo Multispecialty Hospital,0x155Af6ECaFb48861dA7d16Fb8Af2f6ce9d6DD779,Gastro-esophageal reflux disease,K21.9,Gastroenterology,Low,120/80 mmHg,70,99%,98,"Pantoprazole 40mg QD pre-breakfast, Domperidone 30mg QD",Medium,Passed - Safe pediatric/geriatric dosage tier verified,FHIR_R4_Bundle_K21.9_Condition_MedicationRequest,All Clinical Records & Diagnostic Evidence,Active On-Chain Consent (Granted by Patient),NO,N/A,N/A,Direct patient consent validated via ConsentManager.sol,AES-256-GCM,vault-transit-key-0x1bf7b595,Qm155780c7c6f92a169b60a65ab52c78d14be31dadcf8b,0.0.4891024,4255,2026-09-13 11:55:36 UTC,0x2c57429bb3239b32254f758400a0a14c6c5590e4fa912aa71868141542c4dc28,0.0001
ENC-00256,Sakshi Gupta,849456,0x0dd9e8d2564ed0f97c5be06d3c70bd52c5ceab85,58,female,O-,Dr. Sarah Jenkins,0x04Fee3FD1B338d12FFD6dBD8d66dE1e8e0BB99cB,NMC-48192,Cardiology,Apollo Multispecialty Hospital,0x155Af6ECaFb48861dA7d16Fb8Af2f6ce9d6DD779,"Epilepsy, unspecified, without status epilepticus",G40.909,Neurology,High,118/74 mmHg,76,99%,95,"Levetiracetam 500mg BID, Clobazam 10mg QHS",High,Advisory: Confirm Patient Creatinine Clearance prior to Metformin XR,FHIR_R4_Bundle_G40.909_Condition_MedicationRequest,All Clinical Records & Diagnostic Evidence,Active On-Chain Consent (Granted by Patient),NO,N/A,N/A,Direct patient consent validated via ConsentManager.sol,AES-256-GCM,vault-transit-key-0x0dd9e8d2,Qm7231b6988cb0fd4d524846030160e073a9d71f975be2,0.0.4891024,4256,2026-09-13 11:55:37 UTC,0x24079fd9cc0ff1c99a4ccbed5567cc420609c2a3070ca6dbc69a90666529ba41,0.0001
ENC-00257,Nandini Agarwal,849457,0xca0fd43b41774bf0d36bb9cded09a1af6373e1ac,59,male,A+,Dr. Sarah Jenkins,0x04Fee3FD1B338d12FFD6dBD8d66dE1e8e0BB99cB,NMC-48192,Cardiology,Care & Cure Pediatric & Maternity Hospital,0x937F51E09477BfD31E56c5e533038a8eEAc096b7,Type 2 diabetes mellitus without complications,E11.9,Endocrinology,Moderate,130/82 mmHg,72,99%,142,"Metformin 500mg BID, Dapagliflozin 10mg QD",Low,Advisory: Monitor Serum Potassium & Renal Function with ACEi/ARB,FHIR_R4_Bundle_E11.9_Condition_MedicationRequest,All Clinical Records & Diagnostic Evidence,Active On-Chain Consent (Granted by Patient),NO,N/A,N/A,Direct patient consent validated via ConsentManager.sol,AES-256-GCM,vault-transit-key-0xca0fd43b,Qmfa440216f09a1647a53da9e800bb46a4fd8c8e5aee40,0.0.4891024,4257,2026-09-13 11:55:40 UTC,0x60bb66e7837f13d528afd4e4f7edaf40363ce6ecabc2b1eab8642cd207355499,0.0001
ENC-00258,Sneha Hegde,849458,0xc35718abc2019304f6eab883de78dc0fe0762741,60,female,B+,Dr. Preeti Deshmukh,0x23618e81E3f5cdF7f54C3d65f7FBc0aBf5B21E8f,NMC-82194,Obstetrics & Pediatrics,Care & Cure Pediatric & Maternity Hospital,0x937F51E09477BfD31E56c5e533038a8eEAc096b7,Gastro-esophageal reflux disease,K21.9,Gastroenterology,Low,120/80 mmHg,70,99%,98,"Pantoprazole 40mg QD pre-breakfast, Domperidone 30mg QD",Low,Advisory: Monitor Serum Potassium & Renal Function with ACEi/ARB,FHIR_R4_Bundle_K21.9_Condition_MedicationRequest,All Clinical Records & Diagnostic Evidence,Active On-Chain Consent (Granted by Patient),NO,N/A,N/A,Direct patient consent validated via ConsentManager.sol,AES-256-GCM,vault-transit-key-0xc35718ab,Qm982f0d05f99e972d636cd7c9970152b6653c114625c3,0.0.4891024,4258,2026-09-13 11:55:42 UTC,0x05df37f424cedaf155d86c91f74a3f522a7081c200070af27ed57dc300ecca32,0.0001
ENC-00259,Pranav Deshmukh,849459,0xad179c9c2ff9b1c54668fb415c6e89a7c5b88f1e,61,male,B+,Dr. Ananya Roy,0x9965507D1a55bcC2695C58ba16FB37d819B0A4dc,NMC-51203,Hematology,Apollo Multispecialty Hospital,0x155Af6ECaFb48861dA7d16Fb8Af2f6ce9d6DD779,Type 2 diabetes mellitus without complications,E11.9,Endocrinology,Moderate,130/82 mmHg,72,99%,142,"Metformin 500mg BID, Dapagliflozin 10mg QD",Medium,Advisory: Monitor Serum Potassium & Renal Function with ACEi/ARB,FHIR_R4_Bundle_E11.9_Condition_MedicationRequest,All Clinical Records & Diagnostic Evidence,Active On-Chain Consent (Granted by Patient),NO,N/A,N/A,Direct patient consent validated via ConsentManager.sol,AES-256-GCM,vault-transit-key-0xad179c9c,Qm3eb2a3ae972cf35dba4706916e5276434c6b585ba142,0.0.4891024,4259,2026-09-13 11:55:44 UTC,0xa60c3972c464adf2d0c9d2eae8b2e3bed4eec981f6e86f14038c35b72bb9f66e,0.0001
ENC-00260,Sakshi Sharma,849460,0x92c16f49b27efc2162941f0e76dfb7855e042aea,62,female,A+,Dr. Rohan Patel,0x976EA74026E726554dB657fA54763abd0C3a0aa9,NMC-11029,Neurology,Fortis Memorial Neuro & Trauma Center,0x84f93618C1D541bB1Dcf1373A8eE500A7D439634,"Acute myocardial infarction, unspecified",I21.9,Cardiology,Emergency,95/60 mmHg,112,93%,165,"Ticagrelor 90mg BID, Aspirin 325mg, Atorvastatin 80mg, IV Heparin",Medium,Advisory: Monitor Serum Potassium & Renal Function with ACEi/ARB,FHIR_R4_Bundle_I21.9_Condition_MedicationRequest,All Clinical Records & Diagnostic Evidence,Active On-Chain Consent (Granted by Patient),NO,N/A,N/A,Direct patient consent validated via ConsentManager.sol,AES-256-GCM,vault-transit-key-0x92c16f49,Qm3d6a7100e3eddc1fea64563e8182528d16fd2e1e3100,0.0.4891024,4260,2026-09-13 11:55:46 UTC,0x5746f740863102fd4afa1fceb2974e553ed2a7d0041c4cb19d88519217057296,0.0001
ENC-00261,Rohan Ghosh,849461,0x5f01187d1cebadbe7c734056ebcf812acaae22e2,63,male,A+,Dr. Rohan Patel,0x976EA74026E726554dB657fA54763abd0C3a0aa9,NMC-11029,Neurology,Apex Diagnostic & Pathology Hub,0x04Fee3FD1B338d12FFD6dBD8d66dE1e8e0BB99cB,Dengue fever [classical dengue],A90,Infectious Disease,High,100/68 mmHg,96,98%,102,"Oral Rehydration Salts 1L/day, Paracetamol 650mg SOS",Low,Advisory: Confirm Patient Creatinine Clearance prior to Metformin XR,FHIR_R4_Bundle_A90_Condition_MedicationRequest,All Clinical Records & Diagnostic Evidence,Active On-Chain Consent (Granted by Patient),NO,N/A,N/A,Direct patient consent validated via ConsentManager.sol,AES-256-GCM,vault-transit-key-0x5f01187d,Qm234ee2c613516e27661445ff686fa956973096436b58,0.0.4891024,4261,2026-09-13 11:55:48 UTC,0x4ced617cdad1cc5f8729ea22c01fc85fec54026a5b9c591596b117516d0211fb,0.0001
ENC-00262,Siddharth Ghosh,849462,0xac95623810c695df7abcc77e41811f992cdf8720,64,female,O-,Dr. Sarah Jenkins,0x04Fee3FD1B338d12FFD6dBD8d66dE1e8e0BB99cB,NMC-48192,Cardiology,Care & Cure Pediatric & Maternity Hospital,0x937F51E09477BfD31E56c5e533038a8eEAc096b7,Gastro-esophageal reflux disease,K21.9,Gastroenterology,Low,120/80 mmHg,70,99%,98,"Pantoprazole 40mg QD pre-breakfast, Domperidone 30mg QD",Medium,Passed - Safe pediatric/geriatric dosage tier verified,FHIR_R4_Bundle_K21.9_Condition_MedicationRequest,All Clinical Records & Diagnostic Evidence,Active On-Chain Consent (Granted by Patient),NO,N/A,N/A,Direct patient consent validated via ConsentManager.sol,AES-256-GCM,vault-transit-key-0xac956238,Qm009ab2bd2550533b577ef9ee59dfef66e2b39d111b85,0.0.4891024,4262,2026-09-13 11:55:51 UTC,0x7a846c69fd8fc316167107a81549f86fffab369cbb9ebd7bfe5f386205718485,0.0001
ENC-00263,Pranav Mishra,849463,0x6d1f17f5c5de746cd0ba40e5637cbaaf94bc9201,65,male,A+,Dr. Sarah Jenkins,0x04Fee3FD1B338d12FFD6dBD8d66dE1e8e0BB99cB,NMC-48192,Cardiology,Apex Diagnostic & Pathology Hub,0x04Fee3FD1B338d12FFD6dBD8d66dE1e8e0BB99cB,Unspecified intracranial injury / Concussion,S06.9X0A,Trauma & Emergency,Emergency,150/95 mmHg,64,97%,130,"Mannitol 20% 100mL IV, Phenytoin 100mg IV, Analgesics",Medium,Passed - Safe pediatric/geriatric dosage tier verified,FHIR_R4_Bundle_S06.9X0A_Condition_MedicationRequest,All Clinical Records & Diagnostic Evidence,Break-Glass Emergency Invoked (Active Override),YES,Acute Life-Threatening Presentation: Unspecified intracranial injury / Concussion,60 Minutes (Auto-Expiring Ephemeral Key),Emergency access granted; immediate HCS compliance event broadcasted,AES-256-GCM,vault-transit-key-0x6d1f17f5,Qm4c77e546d86fb66f1d2a940afcf7436655ee477bf489,0.0.4891024,4263,2026-09-13 11:55:53 UTC,0x9991d699648f1bced8b1e2f88cc55b1466393961761486d837b9162918d85e0e,0.0001
ENC-00264,Tanvi Verma,849464,0x7f1cf6fe09aa2e31092c7bbc459eee7ae1089012,66,female,A+,Dr. Sunita Narang,0xBcd4042DE499D14e55001CcbB24a551F3b954096,NMC-90812,Endocrinology & Internal Medicine,Fortis Memorial Neuro & Trauma Center,0x84f93618C1D541bB1Dcf1373A8eE500A7D439634,"Epilepsy, unspecified, without status epilepticus",G40.909,Neurology,High,118/74 mmHg,76,99%,95,"Levetiracetam 500mg BID, Clobazam 10mg QHS",High,Advisory: Confirm Patient Creatinine Clearance prior to Metformin XR,FHIR_R4_Bundle_G40.909_Condition_MedicationRequest,All Clinical Records & Diagnostic Evidence,Pending Patient Authorization,NO,N/A,N/A,Access request pending approval from patient wallet,AES-256-GCM,vault-transit-key-0x7f1cf6fe,Qmd555d35bf7bfd02206b761e47fc7710fd0653d51340e,0.0.4891024,4264,2026-09-13 11:55:54 UTC,0x89afd402434e935ffbeef1fc6fedad6557b6da30b891700879751b854da0a207,0.0001
ENC-00265,Rahul Bhatia,849465,0x8911dced8052afa4c480804a563502b7e22b57fb,67,male,A+,Dr. Sarah Jenkins,0x04Fee3FD1B338d12FFD6dBD8d66dE1e8e0BB99cB,NMC-48192,Cardiology,Apollo Multispecialty Hospital,0x155Af6ECaFb48861dA7d16Fb8Af2f6ce9d6DD779,Dengue fever [classical dengue],A90,Infectious Disease,High,100/68 mmHg,96,98%,102,"Oral Rehydration Salts 1L/day, Paracetamol 650mg SOS",High,Passed - Safe pediatric/geriatric dosage tier verified,FHIR_R4_Bundle_A90_Condition_MedicationRequest,All Clinical Records & Diagnostic Evidence,Active On-Chain Consent (Granted by Patient),NO,N/A,N/A,Direct patient consent validated via ConsentManager.sol,AES-256-GCM,vault-transit-key-0x8911dced,Qm6e4d804474556472e6a35a2533d604c0967eb0ee0bce,0.0.4891024,4265,2026-09-13 11:55:56 UTC,0xe43609902db7fcb6d0203189ffde878b7bb102d7de0d8ed8d6dcc611c21f95f8,0.0001
ENC-00266,Varun Shetty,849466,0x1f072cd0cb7af1846c999f6a424198588a89bc44,68,female,O-,Dr. Sarah Jenkins,0x04Fee3FD1B338d12FFD6dBD8d66dE1e8e0BB99cB,NMC-48192,Cardiology,Care & Cure Pediatric & Maternity Hospital,0x937F51E09477BfD31E56c5e533038a8eEAc096b7,Gastro-esophageal reflux disease,K21.9,Gastroenterology,Low,120/80 mmHg,70,99%,98,"Pantoprazole 40mg QD pre-breakfast, Domperidone 30mg QD",High,Passed - Safe pediatric/geriatric dosage tier verified,FHIR_R4_Bundle_K21.9_Condition_MedicationRequest,All Clinical Records & Diagnostic Evidence,Active On-Chain Consent (Granted by Patient),NO,N/A,N/A,Direct patient consent validated via ConsentManager.sol,AES-256-GCM,vault-transit-key-0x1f072cd0,Qmf935b931aadaa1404a79cec36c8ef8cca05e245e5316,0.0.4891024,4266,2026-09-13 11:55:58 UTC,0x8016b3572c3ef5f1d6779f9088db9ffa07b462e2d1b36cc9cac11ad60b554fd4,0.0001
ENC-00267,Gautam Saxena,849467,0x5f00e41747446f82f968405afb6aa2e7de0464b3,69,male,A+,Dr. Rohan Patel,0x976EA74026E726554dB657fA54763abd0C3a0aa9,NMC-11029,Neurology,Apollo Multispecialty Hospital,0x155Af6ECaFb48861dA7d16Fb8Af2f6ce9d6DD779,"Acute myocardial infarction, unspecified",I21.9,Cardiology,Emergency,95/60 mmHg,112,93%,165,"Ticagrelor 90mg BID, Aspirin 325mg, Atorvastatin 80mg, IV Heparin",High,Passed - Safe pediatric/geriatric dosage tier verified,FHIR_R4_Bundle_I21.9_Condition_MedicationRequest,All Clinical Records & Diagnostic Evidence,Active On-Chain Consent (Granted by Patient),NO,N/A,N/A,Direct patient consent validated via ConsentManager.sol,AES-256-GCM,vault-transit-key-0x5f00e417,Qm7acd592220388058783ced07be9697ffcb4370e9e259,0.0.4891024,4267,2026-09-13 11:56:01 UTC,0x10ef75b3f03ec4e71e3cee66556723037125e6b9f86ce240f0728835df6e7ab4,0.0001
ENC-00268,Ananya Bhatia,849468,0xe9d11f942ceb89e2583260205b5ef05c5bae6cda,70,female,AB-,Dr. Sunita Narang,0xBcd4042DE499D14e55001CcbB24a551F3b954096,NMC-90812,Endocrinology & Internal Medicine,Care & Cure Pediatric & Maternity Hospital,0x937F51E09477BfD31E56c5e533038a8eEAc096b7,Essential (primary) hypertension,I10,Cardiology,Moderate,148/92 mmHg,78,98%,110,"Amlodipine 5mg QD, Telmisartan 40mg QD",Low,Passed - Safe pediatric/geriatric dosage tier verified,FHIR_R4_Bundle_I10_Condition_MedicationRequest,All Clinical Records & Diagnostic Evidence,Pending Patient Authorization,NO,N/A,N/A,Access request pending approval from patient wallet,AES-256-GCM,vault-transit-key-0xe9d11f94,Qm316f3e4ccfb38c4523860f763889fa09b1b0db88e020,0.0.4891024,4268,2026-09-13 11:56:03 UTC,0x5d4d3508375d5e0faf8269720f82c6dd2c9fee90bce2afea27967d9111770472,0.0001
ENC-00269,Pooja Saxena,849469,0x3023e7771f177f340fe786cef670310ca7c1c74c,71,male,B+,Dr. Sarah Jenkins,0x04Fee3FD1B338d12FFD6dBD8d66dE1e8e0BB99cB,NMC-48192,Cardiology,Fortis Memorial Neuro & Trauma Center,0x84f93618C1D541bB1Dcf1373A8eE500A7D439634,"Acute myocardial infarction, unspecified",I21.9,Cardiology,Emergency,95/60 mmHg,112,93%,165,"Ticagrelor 90mg BID, Aspirin 325mg, Atorvastatin 80mg, IV Heparin",High,Passed - Safe pediatric/geriatric dosage tier verified,FHIR_R4_Bundle_I21.9_Condition_MedicationRequest,All Clinical Records & Diagnostic Evidence,Break-Glass Emergency Invoked (Active Override),YES,"Acute Life-Threatening Presentation: Acute myocardial infarction, unspecified",60 Minutes (Auto-Expiring Ephemeral Key),Emergency access granted; immediate HCS compliance event broadcasted,AES-256-GCM,vault-transit-key-0x3023e777,Qm0c4a8d01a50a911080c9d8ea8e213bf2a93ae26737cb,0.0.4891024,4269,2026-09-13 11:56:05 UTC,0xad79fbc54899ba08d3d516140354029ff5f2f66e7666fe48c6fee73cb5f40e2a,0.0001
ENC-00270,Yashwanth Mukherjee,849470,0xe2aaae2a478cc70f494928edb38c9dd3dab261b7,72,female,O-,Dr. Vikram Seth,0x15d34AAf54267DB7D7c367839AAf71A00a2C6A65,NMC-99014,Oncology,Fortis Memorial Neuro & Trauma Center,0x84f93618C1D541bB1Dcf1373A8eE500A7D439634,Unspecified intracranial injury / Concussion,S06.9X0A,Trauma & Emergency,Emergency,150/95 mmHg,64,97%,130,"Mannitol 20% 100mL IV, Phenytoin 100mg IV, Analgesics",Medium,Passed - Safe pediatric/geriatric dosage tier verified,FHIR_R4_Bundle_S06.9X0A_Condition_MedicationRequest,All Clinical Records & Diagnostic Evidence,Active On-Chain Consent (Granted by Patient),NO,N/A,N/A,Direct patient consent validated via ConsentManager.sol,AES-256-GCM,vault-transit-key-0xe2aaae2a,Qmb9a958abca3ba9f0cb7a17bd08450644a36f33302d71,0.0.4891024,4270,2026-09-13 11:56:07 UTC,0x0ab5cb9603eec0588b1fef60fc39479ca59d362fa9cac5c9e2790a951d1d169e,0.0001
ENC-00271,Yashwanth Pillai,849471,0xd9447fe1b2a4e02b7d41874782b78010843a9543,73,male,O-,Dr. Sunita Narang,0xBcd4042DE499D14e55001CcbB24a551F3b954096,NMC-90812,Endocrinology & Internal Medicine,Max Super Speciality Cancer Institute,0x28B7eA94B34C8F52D19E50Eb14769Da20F5D54b4,Malignant neoplasm of female breast,C50.919,Oncology,Critical,122/76 mmHg,84,98%,105,"Tamoxifen 20mg QD, Trastuzumab 6mg/kg IV Q3W, Paclitaxel",Medium,Advisory: Confirm Patient Creatinine Clearance prior to Metformin XR,FHIR_R4_Bundle_C50.919_Condition_MedicationRequest,All Clinical Records & Diagnostic Evidence,Active On-Chain Consent (Granted by Patient),NO,N/A,N/A,Direct patient consent validated via ConsentManager.sol,AES-256-GCM,vault-transit-key-0xd9447fe1,Qm1aa382b9aeed547fa54c2840938fe4356cd093a8ca96,0.0.4891024,4271,2026-09-13 11:56:09 UTC,0xf4824221396538f4e6eefb11d2952a50a115738efa6450292c2665b883d1ccf8,0.0001
ENC-00272,Sanjay Gowda,849472,0xe1a5d65c1d2cfdfbde09683dfb8eef0cdc33ac66,74,female,B+,Dr. Sunita Narang,0xBcd4042DE499D14e55001CcbB24a551F3b954096,NMC-90812,Endocrinology & Internal Medicine,Care & Cure Pediatric & Maternity Hospital,0x937F51E09477BfD31E56c5e533038a8eEAc096b7,"Acute myocardial infarction, unspecified",I21.9,Cardiology,Emergency,95/60 mmHg,112,93%,165,"Ticagrelor 90mg BID, Aspirin 325mg, Atorvastatin 80mg, IV Heparin",Medium,Advisory: Monitor Serum Potassium & Renal Function with ACEi/ARB,FHIR_R4_Bundle_I21.9_Condition_MedicationRequest,All Clinical Records & Diagnostic Evidence,Break-Glass Emergency Invoked (Active Override),YES,"Acute Life-Threatening Presentation: Acute myocardial infarction, unspecified",60 Minutes (Auto-Expiring Ephemeral Key),Emergency access granted; immediate HCS compliance event broadcasted,AES-256-GCM,vault-transit-key-0xe1a5d65c,Qm0a7689ff4e94cbf2afb4c8a9f7c0629bb185f2bbc453,0.0.4891024,4272,2026-09-13 11:56:11 UTC,0x824beb11b84e36d839f6c6848de8a2ed867a4a491bd6f33f6a1ff9acce9d0cc6,0.0001
ENC-00273,Gautam Malhotra,849473,0xc4b8d9eeb392d1f979c4d15f1714d17b747c31c2,75,male,A+,Dr. Preeti Deshmukh,0x23618e81E3f5cdF7f54C3d65f7FBc0aBf5B21E8f,NMC-82194,Obstetrics & Pediatrics,Care & Cure Pediatric & Maternity Hospital,0x937F51E09477BfD31E56c5e533038a8eEAc096b7,Unspecified intracranial injury / Concussion,S06.9X0A,Trauma & Emergency,Emergency,150/95 mmHg,64,97%,130,"Mannitol 20% 100mL IV, Phenytoin 100mg IV, Analgesics",Medium,Advisory: Monitor Serum Potassium & Renal Function with ACEi/ARB,FHIR_R4_Bundle_S06.9X0A_Condition_MedicationRequest,All Clinical Records & Diagnostic Evidence,Break-Glass Emergency Invoked (Active Override),YES,Acute Life-Threatening Presentation: Unspecified intracranial injury / Concussion,60 Minutes (Auto-Expiring Ephemeral Key),Emergency access granted; immediate HCS compliance event broadcasted,AES-256-GCM,vault-transit-key-0xc4b8d9ee,Qmcad0bebf4de7f592843a00cc343436587f6e11b9a63a,0.0.4891024,4273,2026-09-13 11:56:14 UTC,0x4ea3abed598be860dd97d54071aef6f171355c1c9dfdff00e2fa8675000db629,0.0001
ENC-00274,Nikhil Deshmukh,849474,0x61d0e0aa98f807a95bc5b09d83a42f785b6dc4ac,76,female,AB-,Dr. Vikram Seth,0x15d34AAf54267DB7D7c367839AAf71A00a2C6A65,NMC-99014,Oncology,Fortis Memorial Neuro & Trauma Center,0x84f93618C1D541bB1Dcf1373A8eE500A7D439634,Dengue fever [classical dengue],A90,Infectious Disease,High,100/68 mmHg,96,98%,102,"Oral Rehydration Salts 1L/day, Paracetamol 650mg SOS",Medium,Advisory: Monitor Serum Potassium & Renal Function with ACEi/ARB,FHIR_R4_Bundle_A90_Condition_MedicationRequest,All Clinical Records & Diagnostic Evidence,Pending Patient Authorization,NO,N/A,N/A,Access request pending approval from patient wallet,AES-256-GCM,vault-transit-key-0x61d0e0aa,Qm4c8f7d448bf4760629e864e41e0c865956ca398c83cc,0.0.4891024,4274,2026-09-13 11:56:15 UTC,0x91e9a5b6e4582c70e63c13391d178a38ea68e400b2a5f1a2889aa48b248c5900,0.0001
ENC-00275,Aditi Reddy,849475,0x94cab3b6060a217192255e7be6dcf3385b80f656,77,male,AB+,Dr. Rohan Patel,0x976EA74026E726554dB657fA54763abd0C3a0aa9,NMC-11029,Neurology,Fortis Memorial Neuro & Trauma Center,0x84f93618C1D541bB1Dcf1373A8eE500A7D439634,"Epilepsy, unspecified, without status epilepticus",G40.909,Neurology,High,118/74 mmHg,76,99%,95,"Levetiracetam 500mg BID, Clobazam 10mg QHS",High,Advisory: Monitor Serum Potassium & Renal Function with ACEi/ARB,FHIR_R4_Bundle_G40.909_Condition_MedicationRequest,All Clinical Records & Diagnostic Evidence,Pending Patient Authorization,NO,N/A,N/A,Access request pending approval from patient wallet,AES-256-GCM,vault-transit-key-0x94cab3b6,Qm2b9afef12a25448ff25d2383fdbbd5ba0809a4cdffb7,0.0.4891024,4275,2026-09-13 11:56:18 UTC,0x0ae4f182d153031113a2bccc5ec975c41c503bc089eaa672570a74bb2f1545f3,0.0001
ENC-00276,Deepak Iyer,849476,0x89c18ddc5f68c023ca808b754a1517234774db7a,78,female,A+,Dr. Sarah Jenkins,0x04Fee3FD1B338d12FFD6dBD8d66dE1e8e0BB99cB,NMC-48192,Cardiology,Apex Diagnostic & Pathology Hub,0x04Fee3FD1B338d12FFD6dBD8d66dE1e8e0BB99cB,Gastro-esophageal reflux disease,K21.9,Gastroenterology,Low,120/80 mmHg,70,99%,98,"Pantoprazole 40mg QD pre-breakfast, Domperidone 30mg QD",Medium,Advisory: Monitor Serum Potassium & Renal Function with ACEi/ARB,FHIR_R4_Bundle_K21.9_Condition_MedicationRequest,All Clinical Records & Diagnostic Evidence,Pending Patient Authorization,NO,N/A,N/A,Access request pending approval from patient wallet,AES-256-GCM,vault-transit-key-0x89c18ddc,Qm84d78e77770571270f6c00c0401a2c91a901c1b1a0cd,0.0.4891024,4276,2026-09-13 11:56:20 UTC,0x16884eb1c7378b8acf6e1695ed89b3cdfbfc2d3270917cb5539a59cc21657e60,0.0001
ENC-00277,Geeta Bhatia,849477,0x52fff663647842b3bc9f33b09e98a503a771afb5,79,male,B-,Dr. Rajesh Sharma,0x3c44CdDdB6a900fa2b585dd299e03d12FA4293BC,NMC-78491,Gastroenterology,Care & Cure Pediatric & Maternity Hospital,0x937F51E09477BfD31E56c5e533038a8eEAc096b7,"Acute myocardial infarction, unspecified",I21.9,Cardiology,Emergency,95/60 mmHg,112,93%,165,"Ticagrelor 90mg BID, Aspirin 325mg, Atorvastatin 80mg, IV Heparin",High,Advisory: Confirm Patient Creatinine Clearance prior to Metformin XR,FHIR_R4_Bundle_I21.9_Condition_MedicationRequest,All Clinical Records & Diagnostic Evidence,Active On-Chain Consent (Granted by Patient),NO,N/A,N/A,Direct patient consent validated via ConsentManager.sol,AES-256-GCM,vault-transit-key-0x52fff663,Qm87ec27fdbbe566a7d84fef8ce5ac816beaa653898b20,0.0.4891024,4277,2026-09-13 11:56:22 UTC,0xa944d23059d7d65f5eba17744719232157230d3874b6f9e82b6a1e9652783b04,0.0001
ENC-00278,Divya Mehta,849478,0x09504e64f18454602a0e37931d630352728ce51d,80,female,AB+,Dr. Ananya Roy,0x9965507D1a55bcC2695C58ba16FB37d819B0A4dc,NMC-51203,Hematology,Apollo Multispecialty Hospital,0x155Af6ECaFb48861dA7d16Fb8Af2f6ce9d6DD779,Malignant neoplasm of female breast,C50.919,Oncology,Critical,122/76 mmHg,84,98%,105,"Tamoxifen 20mg QD, Trastuzumab 6mg/kg IV Q3W, Paclitaxel",Medium,Advisory: Confirm Patient Creatinine Clearance prior to Metformin XR,FHIR_R4_Bundle_C50.919_Condition_MedicationRequest,All Clinical Records & Diagnostic Evidence,Active On-Chain Consent (Granted by Patient),NO,N/A,N/A,Direct patient consent validated via ConsentManager.sol,AES-256-GCM,vault-transit-key-0x09504e64,Qm9d3e4e391acaef717bd80efc6abd37dd4f0c9b36dc7c,0.0.4891024,4278,2026-09-13 11:56:23 UTC,0x040093bfb1fd6a2574d030649794972062685aabd4454fb211dca2c1837a4250,0.0001
ENC-00279,Pranav Ghosh,849479,0x9a37b4f70db1638dccbb455d215ed6ac86c599bc,81,male,AB+,Dr. Rajesh Sharma,0x3c44CdDdB6a900fa2b585dd299e03d12FA4293BC,NMC-78491,Gastroenterology,Max Super Speciality Cancer Institute,0x28B7eA94B34C8F52D19E50Eb14769Da20F5D54b4,Dengue fever [classical dengue],A90,Infectious Disease,High,100/68 mmHg,96,98%,102,"Oral Rehydration Salts 1L/day, Paracetamol 650mg SOS",Low,Advisory: Monitor Serum Potassium & Renal Function with ACEi/ARB,FHIR_R4_Bundle_A90_Condition_MedicationRequest,All Clinical Records & Diagnostic Evidence,Active On-Chain Consent (Granted by Patient),NO,N/A,N/A,Direct patient consent validated via ConsentManager.sol,AES-256-GCM,vault-transit-key-0x9a37b4f7,Qm0431af00c57627a70966d9b44f07b374c9c7579ba78d,0.0.4891024,4279,2026-09-13 11:56:26 UTC,0xb855298512e0ea06f809d64b8555afd7e09481ddfb158050d0c1405408d3effb,0.0001
ENC-00280,Riya Rao,849480,0x14ec5e19bc883f902e0c84c59fcd8cfd763c0d4a,82,female,O+,Dr. Sunita Narang,0xBcd4042DE499D14e55001CcbB24a551F3b954096,NMC-90812,Endocrinology & Internal Medicine,Apex Diagnostic & Pathology Hub,0x04Fee3FD1B338d12FFD6dBD8d66dE1e8e0BB99cB,Dengue fever [classical dengue],A90,Infectious Disease,High,100/68 mmHg,96,98%,102,"Oral Rehydration Salts 1L/day, Paracetamol 650mg SOS",High,Passed - Safe pediatric/geriatric dosage tier verified,FHIR_R4_Bundle_A90_Condition_MedicationRequest,All Clinical Records & Diagnostic Evidence,Pending Patient Authorization,NO,N/A,N/A,Access request pending approval from patient wallet,AES-256-GCM,vault-transit-key-0x14ec5e19,Qm37bde16a1b98cf5426dc394f7e2d5680a3a1db198079,0.0.4891024,4280,2026-09-13 11:56:28 UTC,0x50465b3f571e5a6d9cc379f55d3a95b72e0d5c3e9f5e43477c846430d55e571c,0.0001
ENC-00281,Kiran Iyer,849481,0x00bb5e44d2098a0dbc247ff13d21a3794f72cc25,83,male,B-,Dr. Rajesh Sharma,0x3c44CdDdB6a900fa2b585dd299e03d12FA4293BC,NMC-78491,Gastroenterology,Apex Diagnostic & Pathology Hub,0x04Fee3FD1B338d12FFD6dBD8d66dE1e8e0BB99cB,Gastro-esophageal reflux disease,K21.9,Gastroenterology,Low,120/80 mmHg,70,99%,98,"Pantoprazole 40mg QD pre-breakfast, Domperidone 30mg QD",Medium,Passed - Safe pediatric/geriatric dosage tier verified,FHIR_R4_Bundle_K21.9_Condition_MedicationRequest,All Clinical Records & Diagnostic Evidence,Active On-Chain Consent (Granted by Patient),NO,N/A,N/A,Direct patient consent validated via ConsentManager.sol,AES-256-GCM,vault-transit-key-0x00bb5e44,Qm1353d19327c7b97325867b49e5a244f68f8fb27c714f,0.0.4891024,4281,2026-09-13 11:56:30 UTC,0x2b07243bf37e0075337aa54f82c6290ca5fb35d2c3c2f9f78e1c3d9a5f2becbc,0.0001
ENC-00282,Shreya Hegde,849482,0xd0180d3f2b07ae77bc3f2d3520d4eea79483c024,84,female,O-,Dr. Ananya Roy,0x9965507D1a55bcC2695C58ba16FB37d819B0A4dc,NMC-51203,Hematology,Fortis Memorial Neuro & Trauma Center,0x84f93618C1D541bB1Dcf1373A8eE500A7D439634,Unspecified intracranial injury / Concussion,S06.9X0A,Trauma & Emergency,Emergency,150/95 mmHg,64,97%,130,"Mannitol 20% 100mL IV, Phenytoin 100mg IV, Analgesics",Medium,Advisory: Confirm Patient Creatinine Clearance prior to Metformin XR,FHIR_R4_Bundle_S06.9X0A_Condition_MedicationRequest,All Clinical Records & Diagnostic Evidence,Pending Patient Authorization,NO,N/A,N/A,Access request pending approval from patient wallet,AES-256-GCM,vault-transit-key-0xd0180d3f,Qm45b57efb010e1c06a1f1dc32df8dd2bcce9053c23361,0.0.4891024,4282,2026-09-13 11:56:32 UTC,0xff972bb406259f3a22d19ae41d49fd432566d31ea0d65ace5e473db18d9a9bd6,0.0001
ENC-00283,Deepak Pillai,849483,0x4e86f3c3ff096f2ccdb6dd42f42bf6ae205ffe76,85,male,B+,Dr. Vikram Seth,0x15d34AAf54267DB7D7c367839AAf71A00a2C6A65,NMC-99014,Oncology,Max Super Speciality Cancer Institute,0x28B7eA94B34C8F52D19E50Eb14769Da20F5D54b4,Type 2 diabetes mellitus without complications,E11.9,Endocrinology,Moderate,130/82 mmHg,72,99%,142,"Metformin 500mg BID, Dapagliflozin 10mg QD",Medium,Passed - Safe pediatric/geriatric dosage tier verified,FHIR_R4_Bundle_E11.9_Condition_MedicationRequest,All Clinical Records & Diagnostic Evidence,Active On-Chain Consent (Granted by Patient),NO,N/A,N/A,Direct patient consent validated via ConsentManager.sol,AES-256-GCM,vault-transit-key-0x4e86f3c3,Qme3705c4a6cb9677b36c9baa108cf587651cb2e0059bb,0.0.4891024,4283,2026-09-13 11:56:34 UTC,0x4f8eff169e84453de6f243c3861612d59242f5f8564206e49e9ce24a97952a2f,0.0001
ENC-00284,Gautam Hegde,849484,0x32ebc072c0d9d57364e6306663fc48dbe2675039,86,female,AB+,Dr. Preeti Deshmukh,0x23618e81E3f5cdF7f54C3d65f7FBc0aBf5B21E8f,NMC-82194,Obstetrics & Pediatrics,Fortis Memorial Neuro & Trauma Center,0x84f93618C1D541bB1Dcf1373A8eE500A7D439634,Malignant neoplasm of female breast,C50.919,Oncology,Critical,122/76 mmHg,84,98%,105,"Tamoxifen 20mg QD, Trastuzumab 6mg/kg IV Q3W, Paclitaxel",High,Passed - Zero Drug-Drug Interaction Warning (Confidence 99.4%),FHIR_R4_Bundle_C50.919_Condition_MedicationRequest,All Clinical Records & Diagnostic Evidence,Active On-Chain Consent (Granted by Patient),NO,N/A,N/A,Direct patient consent validated via ConsentManager.sol,AES-256-GCM,vault-transit-key-0x32ebc072,Qm82d3f07cb4763db12a71f1b30c26b4aa08bf4d42eb02,0.0.4891024,4284,2026-09-13 11:56:36 UTC,0x781594f71791eb39579770faec35375676034cff9114c969193717a50709ff8f,0.0001
ENC-00285,Vikas Chatterjee,849485,0x16aa68a2a555e6de1a9b99487e4fe9bad11f8f3f,87,male,B-,Dr. Sarah Jenkins,0x04Fee3FD1B338d12FFD6dBD8d66dE1e8e0BB99cB,NMC-48192,Cardiology,Max Super Speciality Cancer Institute,0x28B7eA94B34C8F52D19E50Eb14769Da20F5D54b4,Essential (primary) hypertension,I10,Cardiology,Moderate,148/92 mmHg,78,98%,110,"Amlodipine 5mg QD, Telmisartan 40mg QD",Medium,Passed - Zero Drug-Drug Interaction Warning (Confidence 99.4%),FHIR_R4_Bundle_I10_Condition_MedicationRequest,All Clinical Records & Diagnostic Evidence,Active On-Chain Consent (Granted by Patient),NO,N/A,N/A,Direct patient consent validated via ConsentManager.sol,AES-256-GCM,vault-transit-key-0x16aa68a2,Qm24e135377f5e74bae0e31527a95a02de1d9daad47783,0.0.4891024,4285,2026-09-13 11:56:38 UTC,0x2e02ff705f3489beace18c45905d457415481ead631bbc38b5d10e792db770c1,0.0001
ENC-00286,Manish Patel,849486,0x9078858a6bf732b0e3e8a5d7293e3cde16ad2a68,88,female,A-,Dr. Sarah Jenkins,0x04Fee3FD1B338d12FFD6dBD8d66dE1e8e0BB99cB,NMC-48192,Cardiology,Fortis Memorial Neuro & Trauma Center,0x84f93618C1D541bB1Dcf1373A8eE500A7D439634,"Epilepsy, unspecified, without status epilepticus",G40.909,Neurology,High,118/74 mmHg,76,99%,95,"Levetiracetam 500mg BID, Clobazam 10mg QHS",High,Passed - Zero Drug-Drug Interaction Warning (Confidence 99.4%),FHIR_R4_Bundle_G40.909_Condition_MedicationRequest,All Clinical Records & Diagnostic Evidence,Pending Patient Authorization,NO,N/A,N/A,Access request pending approval from patient wallet,AES-256-GCM,vault-transit-key-0x9078858a,Qm6350fafb5f4559e976b2ee5aa5b16cd09d6d768daacd,0.0.4891024,4286,2026-09-13 11:56:41 UTC,0xd2396628b9f969a79a8c807cc105be7e08e7911da5145db7f34bd450dd79b5d3,0.0001
ENC-00287,Anand Kapoor,849487,0x58e2f791e5ecf76e83eda0d0908dd2e40b35a77d,89,male,B+,Dr. Ananya Roy,0x9965507D1a55bcC2695C58ba16FB37d819B0A4dc,NMC-51203,Hematology,Max Super Speciality Cancer Institute,0x28B7eA94B34C8F52D19E50Eb14769Da20F5D54b4,Dengue fever [classical dengue],A90,Infectious Disease,High,100/68 mmHg,96,98%,102,"Oral Rehydration Salts 1L/day, Paracetamol 650mg SOS",Low,Advisory: Confirm Patient Creatinine Clearance prior to Metformin XR,FHIR_R4_Bundle_A90_Condition_MedicationRequest,All Clinical Records & Diagnostic Evidence,Active On-Chain Consent (Granted by Patient),NO,N/A,N/A,Direct patient consent validated via ConsentManager.sol,AES-256-GCM,vault-transit-key-0x58e2f791,Qm513047a6902ca354b6ae778ff988a10be8ba87eae2da,0.0.4891024,4287,2026-09-13 11:56:43 UTC,0x4e9873c3f62cb8154afc2b14e23d1a5ee7a5415368d3e6f86f8920bdd681c917,0.0001
ENC-00288,Kiran Hegde,849488,0x856f6138a8a9a0782c1dd79d40cdb826545da0e1,18,female,B-,Dr. Rajesh Sharma,0x3c44CdDdB6a900fa2b585dd299e03d12FA4293BC,NMC-78491,Gastroenterology,Apex Diagnostic & Pathology Hub,0x04Fee3FD1B338d12FFD6dBD8d66dE1e8e0BB99cB,Unspecified intracranial injury / Concussion,S06.9X0A,Trauma & Emergency,Emergency,150/95 mmHg,64,97%,130,"Mannitol 20% 100mL IV, Phenytoin 100mg IV, Analgesics",Medium,Passed - Zero Drug-Drug Interaction Warning (Confidence 99.4%),FHIR_R4_Bundle_S06.9X0A_Condition_MedicationRequest,All Clinical Records & Diagnostic Evidence,Pending Patient Authorization,NO,N/A,N/A,Access request pending approval from patient wallet,AES-256-GCM,vault-transit-key-0x856f6138,Qm4d38cb34373469fb4366b47b95df0265b8a6b2f32eba,0.0.4891024,4288,2026-09-13 11:56:45 UTC,0x9dc44001c348332212d519ca4da9b241140857112124d0ec17fe93eecc939b42,0.0001
ENC-00289,Lata Reddy,849489,0x6df17f070e797609fe2b709b73a8c5efb43576af,19,male,A+,Dr. Rohan Patel,0x976EA74026E726554dB657fA54763abd0C3a0aa9,NMC-11029,Neurology,Apollo Multispecialty Hospital,0x155Af6ECaFb48861dA7d16Fb8Af2f6ce9d6DD779,Gastro-esophageal reflux disease,K21.9,Gastroenterology,Low,120/80 mmHg,70,99%,98,"Pantoprazole 40mg QD pre-breakfast, Domperidone 30mg QD",High,Advisory: Monitor Serum Potassium & Renal Function with ACEi/ARB,FHIR_R4_Bundle_K21.9_Condition_MedicationRequest,All Clinical Records & Diagnostic Evidence,Active On-Chain Consent (Granted by Patient),NO,N/A,N/A,Direct patient consent validated via ConsentManager.sol,AES-256-GCM,vault-transit-key-0x6df17f07,Qm1ed962e6b5615cf90b5972f5c841f224b0163b4ad8c7,0.0.4891024,4289,2026-09-13 11:56:47 UTC,0xede14c2471b5b208c9512163969234784f5c1f20b0da35a5a2bd1521b389f9f4,0.0001
ENC-00290,Neha Ghosh,849490,0x03fb000113a9fbf4c965b08b2bf9270ef2f90b86,20,female,B+,Dr. Sarah Jenkins,0x04Fee3FD1B338d12FFD6dBD8d66dE1e8e0BB99cB,NMC-48192,Cardiology,Care & Cure Pediatric & Maternity Hospital,0x937F51E09477BfD31E56c5e533038a8eEAc096b7,"Acute myocardial infarction, unspecified",I21.9,Cardiology,Emergency,95/60 mmHg,112,93%,165,"Ticagrelor 90mg BID, Aspirin 325mg, Atorvastatin 80mg, IV Heparin",High,Passed - Zero Drug-Drug Interaction Warning (Confidence 99.4%),FHIR_R4_Bundle_I21.9_Condition_MedicationRequest,All Clinical Records & Diagnostic Evidence,Break-Glass Emergency Invoked (Active Override),YES,"Acute Life-Threatening Presentation: Acute myocardial infarction, unspecified",60 Minutes (Auto-Expiring Ephemeral Key),Emergency access granted; immediate HCS compliance event broadcasted,AES-256-GCM,vault-transit-key-0x03fb0001,Qme27a38e36ae08b02f2d4b6a6f25eca32d60a7bd9ef2d,0.0.4891024,4290,2026-09-13 11:56:49 UTC,0xf59aa0ff196fa341f0497951ecb0d69b9521e974e331b0101763cd8d4399a922,0.0001
ENC-00291,Siddharth Hegde,849491,0x5ec8f853856d2b142d2e110c91b4e7b344fdb82d,21,male,B-,Dr. Ananya Roy,0x9965507D1a55bcC2695C58ba16FB37d819B0A4dc,NMC-51203,Hematology,Care & Cure Pediatric & Maternity Hospital,0x937F51E09477BfD31E56c5e533038a8eEAc096b7,Type 2 diabetes mellitus without complications,E11.9,Endocrinology,Moderate,130/82 mmHg,72,99%,142,"Metformin 500mg BID, Dapagliflozin 10mg QD",Medium,Advisory: Monitor Serum Potassium & Renal Function with ACEi/ARB,FHIR_R4_Bundle_E11.9_Condition_MedicationRequest,All Clinical Records & Diagnostic Evidence,Pending Patient Authorization,NO,N/A,N/A,Access request pending approval from patient wallet,AES-256-GCM,vault-transit-key-0x5ec8f853,Qm90b7be234803105e99fb504a885c23fff51ef6a231c3,0.0.4891024,4291,2026-09-13 11:56:51 UTC,0x8f824648edfcc40e99411c82a327a854a81408bef82aa989c757707747f4e27b,0.0001
ENC-00292,Sanjay Nair,849492,0xecc75408d8c2e3f47dbbdefb1882ecbd061986d3,22,female,B-,Dr. Vikram Seth,0x15d34AAf54267DB7D7c367839AAf71A00a2C6A65,NMC-99014,Oncology,Care & Cure Pediatric & Maternity Hospital,0x937F51E09477BfD31E56c5e533038a8eEAc096b7,"Acute myocardial infarction, unspecified",I21.9,Cardiology,Emergency,95/60 mmHg,112,93%,165,"Ticagrelor 90mg BID, Aspirin 325mg, Atorvastatin 80mg, IV Heparin",Low,Passed - Safe pediatric/geriatric dosage tier verified,FHIR_R4_Bundle_I21.9_Condition_MedicationRequest,All Clinical Records & Diagnostic Evidence,Break-Glass Emergency Invoked (Active Override),YES,"Acute Life-Threatening Presentation: Acute myocardial infarction, unspecified",60 Minutes (Auto-Expiring Ephemeral Key),Emergency access granted; immediate HCS compliance event broadcasted,AES-256-GCM,vault-transit-key-0xecc75408,Qm2bed72a6efc06c18b5ea3c0f617995b3c30f01f38cca,0.0.4891024,4292,2026-09-13 11:56:53 UTC,0xcd2072e47ff921fd1d1c5105f4f3e170cd71d06c3c10d6af76da615a0e626e49,0.0001
ENC-00293,Sanjay Kulkarni,849493,0xc65635e60600d82fc32155be45269218c31d1b90,23,male,A+,Dr. Vikram Seth,0x15d34AAf54267DB7D7c367839AAf71A00a2C6A65,NMC-99014,Oncology,Care & Cure Pediatric & Maternity Hospital,0x937F51E09477BfD31E56c5e533038a8eEAc096b7,"Acute myocardial infarction, unspecified",I21.9,Cardiology,Emergency,95/60 mmHg,112,93%,165,"Ticagrelor 90mg BID, Aspirin 325mg, Atorvastatin 80mg, IV Heparin",Low,Passed - Zero Drug-Drug Interaction Warning (Confidence 99.4%),FHIR_R4_Bundle_I21.9_Condition_MedicationRequest,All Clinical Records & Diagnostic Evidence,Break-Glass Emergency Invoked (Active Override),YES,"Acute Life-Threatening Presentation: Acute myocardial infarction, unspecified",60 Minutes (Auto-Expiring Ephemeral Key),Emergency access granted; immediate HCS compliance event broadcasted,AES-256-GCM,vault-transit-key-0xc65635e6,Qm19cac6f5d1dfdae431742f09617b0f64e11298448da4,0.0.4891024,4293,2026-09-13 11:56:56 UTC,0x6eb80b392db39277c9a4876428283792ae5d84ffc8a5698ef7f70b17ee9ade43,0.0001
ENC-00294,Harish Verma,849494,0xb1a929b4b4b03a47ea628a6578ab29706e65120f,24,female,A-,Dr. Sarah Jenkins,0x04Fee3FD1B338d12FFD6dBD8d66dE1e8e0BB99cB,NMC-48192,Cardiology,Max Super Speciality Cancer Institute,0x28B7eA94B34C8F52D19E50Eb14769Da20F5D54b4,Essential (primary) hypertension,I10,Cardiology,Moderate,148/92 mmHg,78,98%,110,"Amlodipine 5mg QD, Telmisartan 40mg QD",Medium,Passed - Zero Drug-Drug Interaction Warning (Confidence 99.4%),FHIR_R4_Bundle_I10_Condition_MedicationRequest,All Clinical Records & Diagnostic Evidence,Pending Patient Authorization,NO,N/A,N/A,Access request pending approval from patient wallet,AES-256-GCM,vault-transit-key-0xb1a929b4,Qm5356e091966c6c5d59db94d81ef1a4d8181e89ed13b0,0.0.4891024,4294,2026-09-13 11:56:57 UTC,0x7d27136ad48c9b55c951e8ebc4dd09abf8c2fe8d7975d546e65042b70b71ecc4,0.0001
ENC-00295,Siddharth Choudhury,849495,0x60a7ae3c9d6bfafc890920bcee194999f0b5a920,25,male,O+,Dr. Sunita Narang,0xBcd4042DE499D14e55001CcbB24a551F3b954096,NMC-90812,Endocrinology & Internal Medicine,Apex Diagnostic & Pathology Hub,0x04Fee3FD1B338d12FFD6dBD8d66dE1e8e0BB99cB,Unspecified intracranial injury / Concussion,S06.9X0A,Trauma & Emergency,Emergency,150/95 mmHg,64,97%,130,"Mannitol 20% 100mL IV, Phenytoin 100mg IV, Analgesics",High,Advisory: Monitor Serum Potassium & Renal Function with ACEi/ARB,FHIR_R4_Bundle_S06.9X0A_Condition_MedicationRequest,All Clinical Records & Diagnostic Evidence,Pending Patient Authorization,NO,N/A,N/A,Access request pending approval from patient wallet,AES-256-GCM,vault-transit-key-0x60a7ae3c,Qmb5a1871e6aee4fdfd10dfe49320f5adf4ee42956fe7b,0.0.4891024,4295,2026-09-13 11:57:00 UTC,0x71e7e733dd35deb350c50dd7d5f03c4fca650d703e68afc60a9bd597da627373,0.0001
ENC-00296,Anand Nair,849496,0xd6fa59835dc46e233d76269e36e0e7559d974237,26,female,AB+,Dr. Vikram Seth,0x15d34AAf54267DB7D7c367839AAf71A00a2C6A65,NMC-99014,Oncology,Apollo Multispecialty Hospital,0x155Af6ECaFb48861dA7d16Fb8Af2f6ce9d6DD779,Type 2 diabetes mellitus without complications,E11.9,Endocrinology,Moderate,130/82 mmHg,72,99%,142,"Metformin 500mg BID, Dapagliflozin 10mg QD",High,Advisory: Monitor Serum Potassium & Renal Function with ACEi/ARB,FHIR_R4_Bundle_E11.9_Condition_MedicationRequest,All Clinical Records & Diagnostic Evidence,Active On-Chain Consent (Granted by Patient),NO,N/A,N/A,Direct patient consent validated via ConsentManager.sol,AES-256-GCM,vault-transit-key-0xd6fa5983,Qma071aa7223cc3a926ccde9d911f42ed563929d2f4370,0.0.4891024,4296,2026-09-13 11:57:02 UTC,0x9849d2bffec5a7c506aa3ac1b62919d652b40282b05ea06e3dc1730b4123ca7a,0.0001
ENC-00297,Neha Mishra,849497,0x14fc21f3249aa6b5686c0eb49799f8f762f22f4b,27,male,B+,Dr. Sunita Narang,0xBcd4042DE499D14e55001CcbB24a551F3b954096,NMC-90812,Endocrinology & Internal Medicine,Care & Cure Pediatric & Maternity Hospital,0x937F51E09477BfD31E56c5e533038a8eEAc096b7,Essential (primary) hypertension,I10,Cardiology,Moderate,148/92 mmHg,78,98%,110,"Amlodipine 5mg QD, Telmisartan 40mg QD",Medium,Passed - Zero Drug-Drug Interaction Warning (Confidence 99.4%),FHIR_R4_Bundle_I10_Condition_MedicationRequest,All Clinical Records & Diagnostic Evidence,Active On-Chain Consent (Granted by Patient),NO,N/A,N/A,Direct patient consent validated via ConsentManager.sol,AES-256-GCM,vault-transit-key-0x14fc21f3,Qm400ef5a30b339e8786c22a10e2a1c546893d657518ca,0.0.4891024,4297,2026-09-13 11:57:04 UTC,0xb789db34476224d8ce567e64e0825103986a20344c9e915edef0195c8c191643,0.0001
ENC-00298,Gautam Bhatia,849498,0x7261aeadaf76c309fd847ee39755a32f26087094,28,female,B+,Dr. Rohan Patel,0x976EA74026E726554dB657fA54763abd0C3a0aa9,NMC-11029,Neurology,Apex Diagnostic & Pathology Hub,0x04Fee3FD1B338d12FFD6dBD8d66dE1e8e0BB99cB,Type 2 diabetes mellitus without complications,E11.9,Endocrinology,Moderate,130/82 mmHg,72,99%,142,"Metformin 500mg BID, Dapagliflozin 10mg QD",High,Passed - Safe pediatric/geriatric dosage tier verified,FHIR_R4_Bundle_E11.9_Condition_MedicationRequest,All Clinical Records & Diagnostic Evidence,Pending Patient Authorization,NO,N/A,N/A,Access request pending approval from patient wallet,AES-256-GCM,vault-transit-key-0x7261aead,Qmd390ed8a9766efe536df7dea459d5a193ce8517844f4,0.0.4891024,4298,2026-09-13 11:57:06 UTC,0xbed52854e1ebe6b1f1a1d681213c3318a670d98a947f6670af5f64d42044e787,0.0001
ENC-00299,Manish Agarwal,849499,0x8d96f07203b33d41ca326a9cd9ed157104f1b4e8,29,male,A-,Dr. Ananya Roy,0x9965507D1a55bcC2695C58ba16FB37d819B0A4dc,NMC-51203,Hematology,Apex Diagnostic & Pathology Hub,0x04Fee3FD1B338d12FFD6dBD8d66dE1e8e0BB99cB,Gastro-esophageal reflux disease,K21.9,Gastroenterology,Low,120/80 mmHg,70,99%,98,"Pantoprazole 40mg QD pre-breakfast, Domperidone 30mg QD",High,Passed - Zero Drug-Drug Interaction Warning (Confidence 99.4%),FHIR_R4_Bundle_K21.9_Condition_MedicationRequest,All Clinical Records & Diagnostic Evidence,Pending Patient Authorization,NO,N/A,N/A,Access request pending approval from patient wallet,AES-256-GCM,vault-transit-key-0x8d96f072,Qmd4dd6346ca0b610463a847caac8b34a90a9743a3bc02,0.0.4891024,4299,2026-09-13 11:57:08 UTC,0xde14f5db669c2ec611c959dfcd87df80dfc31bed3b6c7b05e37b0da92d00991f,0.0001
ENC-00300,Deepak Mehta,849500,0x98a519beddd347fb571a08664b8637ca416c4e10,30,female,AB+,Dr. Vikram Seth,0x15d34AAf54267DB7D7c367839AAf71A00a2C6A65,NMC-99014,Oncology,Max Super Speciality Cancer Institute,0x28B7eA94B34C8F52D19E50Eb14769Da20F5D54b4,Malignant neoplasm of female breast,C50.919,Oncology,Critical,122/76 mmHg,84,98%,105,"Tamoxifen 20mg QD, Trastuzumab 6mg/kg IV Q3W, Paclitaxel",Medium,Passed - Safe pediatric/geriatric dosage tier verified,FHIR_R4_Bundle_C50.919_Condition_MedicationRequest,All Clinical Records & Diagnostic Evidence,Pending Patient Authorization,NO,N/A,N/A,Access request pending approval from patient wallet,AES-256-GCM,vault-transit-key-0x98a519be,Qmfee909e53a0b8ea7a340469d3feb605afc7840a6bae0,0.0.4891024,4300,2026-09-13 11:57:10 UTC,0x4c3db6abe8a6e46c7450953c90a65d952c85447987623dc13fbc23e70571342d,0.0001
ENC-00301,Ananya Bhatia,849501,0x0d86abeac07f310a3642740ea93c03995a5cf75a,31,male,O+,Dr. Ananya Roy,0x9965507D1a55bcC2695C58ba16FB37d819B0A4dc,NMC-51203,Hematology,Apex Diagnostic & Pathology Hub,0x04Fee3FD1B338d12FFD6dBD8d66dE1e8e0BB99cB,"Acute myocardial infarction, unspecified",I21.9,Cardiology,Emergency,95/60 mmHg,112,93%,165,"Ticagrelor 90mg BID, Aspirin 325mg, Atorvastatin 80mg, IV Heparin",High,Advisory: Confirm Patient Creatinine Clearance prior to Metformin XR,FHIR_R4_Bundle_I21.9_Condition_MedicationRequest,All Clinical Records & Diagnostic Evidence,Active On-Chain Consent (Granted by Patient),NO,N/A,N/A,Direct patient consent validated via ConsentManager.sol,AES-256-GCM,vault-transit-key-0x0d86abea,Qma65355c47165bb44661477e76dfad945ed47cd66636f,0.0.4891024,4301,2026-09-13 11:57:12 UTC,0xc3d486a36c9ff7201ff4170808c87b6bb5a6ea7e09bc5503636658ff296af49e,0.0001
ENC-00302,Kiran Pillai,849502,0xebfe85d3c8830bb34db66d2a141f914095951b26,32,female,B-,Dr. Sunita Narang,0xBcd4042DE499D14e55001CcbB24a551F3b954096,NMC-90812,Endocrinology & Internal Medicine,Apex Diagnostic & Pathology Hub,0x04Fee3FD1B338d12FFD6dBD8d66dE1e8e0BB99cB,Malignant neoplasm of female breast,C50.919,Oncology,Critical,122/76 mmHg,84,98%,105,"Tamoxifen 20mg QD, Trastuzumab 6mg/kg IV Q3W, Paclitaxel",Low,Advisory: Monitor Serum Potassium & Renal Function with ACEi/ARB,FHIR_R4_Bundle_C50.919_Condition_MedicationRequest,All Clinical Records & Diagnostic Evidence,Active On-Chain Consent (Granted by Patient),NO,N/A,N/A,Direct patient consent validated via ConsentManager.sol,AES-256-GCM,vault-transit-key-0xebfe85d3,Qm15716450b7c28fd1c05102960b1d7194854ce30105d8,0.0.4891024,4302,2026-09-13 11:57:14 UTC,0xd7a3bd048e35090368b527b23f20beb7f70823fec92f60dade829cabfe73152f,0.0001
ENC-00303,Riya Kulkarni,849503,0x7f6529bf312ccc84df24f017a04590ced30b40d3,33,male,B-,Dr. Ananya Roy,0x9965507D1a55bcC2695C58ba16FB37d819B0A4dc,NMC-51203,Hematology,Care & Cure Pediatric & Maternity Hospital,0x937F51E09477BfD31E56c5e533038a8eEAc096b7,Gastro-esophageal reflux disease,K21.9,Gastroenterology,Low,120/80 mmHg,70,99%,98,"Pantoprazole 40mg QD pre-breakfast, Domperidone 30mg QD",Low,Passed - Zero Drug-Drug Interaction Warning (Confidence 99.4%),FHIR_R4_Bundle_K21.9_Condition_MedicationRequest,All Clinical Records & Diagnostic Evidence,Active On-Chain Consent (Granted by Patient),NO,N/A,N/A,Direct patient consent validated via ConsentManager.sol,AES-256-GCM,vault-transit-key-0x7f6529bf,Qm990d890e650dfc8f7ab4593a58f4537570cd0ad45eba,0.0.4891024,4303,2026-09-13 11:57:16 UTC,0x9c511a0a7a49387f6f2ddd5a5506cbf8446ad1073d1d9335f7978d5dd2d4ef3a,0.0001
ENC-00304,Sakshi Pandey,849504,0xb15628264d53464f295575bd269e0fb5437be4a7,34,female,AB-,Dr. Rohan Patel,0x976EA74026E726554dB657fA54763abd0C3a0aa9,NMC-11029,Neurology,Care & Cure Pediatric & Maternity Hospital,0x937F51E09477BfD31E56c5e533038a8eEAc096b7,"Epilepsy, unspecified, without status epilepticus",G40.909,Neurology,High,118/74 mmHg,76,99%,95,"Levetiracetam 500mg BID, Clobazam 10mg QHS",High,Advisory: Confirm Patient Creatinine Clearance prior to Metformin XR,FHIR_R4_Bundle_G40.909_Condition_MedicationRequest,All Clinical Records & Diagnostic Evidence,Active On-Chain Consent (Granted by Patient),NO,N/A,N/A,Direct patient consent validated via ConsentManager.sol,AES-256-GCM,vault-transit-key-0xb1562826,Qm145efc234597cd910fbe693c1d43692a091d12e914d4,0.0.4891024,4304,2026-09-13 11:57:19 UTC,0xf02ea37517774f7923398f41f8f725c8eb60f6dcda66874259ff23f106ad9246,0.0001
ENC-00305,Arjun Mishra,849505,0x8a6707feb08759792c13b6622fa8c6679188cc92,35,male,O+,Dr. Rajesh Sharma,0x3c44CdDdB6a900fa2b585dd299e03d12FA4293BC,NMC-78491,Gastroenterology,Apollo Multispecialty Hospital,0x155Af6ECaFb48861dA7d16Fb8Af2f6ce9d6DD779,"Epilepsy, unspecified, without status epilepticus",G40.909,Neurology,High,118/74 mmHg,76,99%,95,"Levetiracetam 500mg BID, Clobazam 10mg QHS",Medium,Advisory: Monitor Serum Potassium & Renal Function with ACEi/ARB,FHIR_R4_Bundle_G40.909_Condition_MedicationRequest,All Clinical Records & Diagnostic Evidence,Pending Patient Authorization,NO,N/A,N/A,Access request pending approval from patient wallet,AES-256-GCM,vault-transit-key-0x8a6707fe,Qm78ea60d0ed2e7e1b4a72edc058e630f2827f3b11c322,0.0.4891024,4305,2026-09-13 11:57:21 UTC,0x0a329eb8473a6cb1a5d0fc25f6ecdd72501691766393c16325e13a7d0dae3312,0.0001
ENC-00306,Arjun Pandey,849506,0x0d1f82e4ffae58a295b0f44989e345ae57387381,36,female,O+,Dr. Sarah Jenkins,0x04Fee3FD1B338d12FFD6dBD8d66dE1e8e0BB99cB,NMC-48192,Cardiology,Fortis Memorial Neuro & Trauma Center,0x84f93618C1D541bB1Dcf1373A8eE500A7D439634,Gastro-esophageal reflux disease,K21.9,Gastroenterology,Low,120/80 mmHg,70,99%,98,"Pantoprazole 40mg QD pre-breakfast, Domperidone 30mg QD",Medium,Passed - Zero Drug-Drug Interaction Warning (Confidence 99.4%),FHIR_R4_Bundle_K21.9_Condition_MedicationRequest,All Clinical Records & Diagnostic Evidence,Active On-Chain Consent (Granted by Patient),NO,N/A,N/A,Direct patient consent validated via ConsentManager.sol,AES-256-GCM,vault-transit-key-0x0d1f82e4,Qm38972f63465010ecbc90fbb3bb0ba4a62431f0613449,0.0.4891024,4306,2026-09-13 11:57:23 UTC,0x213c23f5cc08cd80041343e8cd62cb6bb72484951d764c7352930ba645221891,0.0001
ENC-00307,Bhavna Mishra,849507,0x012f804d4b848491d35c9d2af5d252badee2700c,37,male,B+,Dr. Rohan Patel,0x976EA74026E726554dB657fA54763abd0C3a0aa9,NMC-11029,Neurology,Fortis Memorial Neuro & Trauma Center,0x84f93618C1D541bB1Dcf1373A8eE500A7D439634,Essential (primary) hypertension,I10,Cardiology,Moderate,148/92 mmHg,78,98%,110,"Amlodipine 5mg QD, Telmisartan 40mg QD",Low,Passed - Zero Drug-Drug Interaction Warning (Confidence 99.4%),FHIR_R4_Bundle_I10_Condition_MedicationRequest,All Clinical Records & Diagnostic Evidence,Pending Patient Authorization,NO,N/A,N/A,Access request pending approval from patient wallet,AES-256-GCM,vault-transit-key-0x012f804d,Qm8f8fe7e2572614d289c1048ee0288d6f30d3f40221fd,0.0.4891024,4307,2026-09-13 11:57:25 UTC,0xafac62c2f6f9543ee8c6dc9cc66cedf72a83b88f1d8f03944e78d969439ce109,0.0001
ENC-00308,Pranav Pillai,849508,0x500b831fc97c2c0fb4c11ac4517d1de4a02dfe30,38,female,A-,Dr. Sarah Jenkins,0x04Fee3FD1B338d12FFD6dBD8d66dE1e8e0BB99cB,NMC-48192,Cardiology,Max Super Speciality Cancer Institute,0x28B7eA94B34C8F52D19E50Eb14769Da20F5D54b4,Dengue fever [classical dengue],A90,Infectious Disease,High,100/68 mmHg,96,98%,102,"Oral Rehydration Salts 1L/day, Paracetamol 650mg SOS",Medium,Passed - Zero Drug-Drug Interaction Warning (Confidence 99.4%),FHIR_R4_Bundle_A90_Condition_MedicationRequest,All Clinical Records & Diagnostic Evidence,Active On-Chain Consent (Granted by Patient),NO,N/A,N/A,Direct patient consent validated via ConsentManager.sol,AES-256-GCM,vault-transit-key-0x500b831f,Qm8464030f04e025425f0a26c8602bc6fdc27c1b27dc36,0.0.4891024,4308,2026-09-13 11:57:26 UTC,0x9366eebc5be693f535dec1035b069e4a9d99673bc4ab587b4737356e19f24c85,0.0001
ENC-00309,Pooja Swaminathan,849509,0xd8bd8201ef41abe93f95f1e6de0b289f6fa0e78a,39,male,A+,Dr. Vikram Seth,0x15d34AAf54267DB7D7c367839AAf71A00a2C6A65,NMC-99014,Oncology,Apollo Multispecialty Hospital,0x155Af6ECaFb48861dA7d16Fb8Af2f6ce9d6DD779,Malignant neoplasm of female breast,C50.919,Oncology,Critical,122/76 mmHg,84,98%,105,"Tamoxifen 20mg QD, Trastuzumab 6mg/kg IV Q3W, Paclitaxel",Medium,Advisory: Confirm Patient Creatinine Clearance prior to Metformin XR,FHIR_R4_Bundle_C50.919_Condition_MedicationRequest,All Clinical Records & Diagnostic Evidence,Active On-Chain Consent (Granted by Patient),NO,N/A,N/A,Direct patient consent validated via ConsentManager.sol,AES-256-GCM,vault-transit-key-0xd8bd8201,Qmbeebfdd96a8d07a1f8fe95a3a897be29eec9b0ea376b,0.0.4891024,4309,2026-09-13 11:57:29 UTC,0x11733ce570fce3546c7021ee506228d26821bd9ae83ed4afea3b2a693160ea2f,0.0001
ENC-00310,Pranav Bhatia,849510,0xc7c3b4b96200d976b00a9235e81162d91f306ba0,40,female,B-,Dr. Sarah Jenkins,0x04Fee3FD1B338d12FFD6dBD8d66dE1e8e0BB99cB,NMC-48192,Cardiology,Max Super Speciality Cancer Institute,0x28B7eA94B34C8F52D19E50Eb14769Da20F5D54b4,Type 2 diabetes mellitus without complications,E11.9,Endocrinology,Moderate,130/82 mmHg,72,99%,142,"Metformin 500mg BID, Dapagliflozin 10mg QD",High,Advisory: Confirm Patient Creatinine Clearance prior to Metformin XR,FHIR_R4_Bundle_E11.9_Condition_MedicationRequest,All Clinical Records & Diagnostic Evidence,Active On-Chain Consent (Granted by Patient),NO,N/A,N/A,Direct patient consent validated via ConsentManager.sol,AES-256-GCM,vault-transit-key-0xc7c3b4b9,Qm152099a54f7bc309b1bcf6cdbe18bfb57320bd21bbcf,0.0.4891024,4310,2026-09-13 11:57:31 UTC,0x727a5d9dd1b650cac2d108abbe1dea4328f98642b45320ffa448c172736ded12,0.0001
ENC-00311,Kiran Pillai,849511,0x0c87362a4db9b566790c99ca5d6e4a8ba54d59a0,41,male,O-,Dr. Rajesh Sharma,0x3c44CdDdB6a900fa2b585dd299e03d12FA4293BC,NMC-78491,Gastroenterology,Fortis Memorial Neuro & Trauma Center,0x84f93618C1D541bB1Dcf1373A8eE500A7D439634,Gastro-esophageal reflux disease,K21.9,Gastroenterology,Low,120/80 mmHg,70,99%,98,"Pantoprazole 40mg QD pre-breakfast, Domperidone 30mg QD",Medium,Passed - Safe pediatric/geriatric dosage tier verified,FHIR_R4_Bundle_K21.9_Condition_MedicationRequest,All Clinical Records & Diagnostic Evidence,Active On-Chain Consent (Granted by Patient),NO,N/A,N/A,Direct patient consent validated via ConsentManager.sol,AES-256-GCM,vault-transit-key-0x0c87362a,Qm36a76afda7e5cf397f3dea75eafd102598ebf5c01950,0.0.4891024,4311,2026-09-13 11:57:33 UTC,0xeb3de25e04f22c0db4825066f0109af33d1bce5c660baa3f2f9e6c34af7b39a3,0.0001
ENC-00312,Rakesh Ghosh,849512,0x280d321af8166c81d45b951d9aacf4243713d2d1,42,female,AB+,Dr. Sunita Narang,0xBcd4042DE499D14e55001CcbB24a551F3b954096,NMC-90812,Endocrinology & Internal Medicine,Care & Cure Pediatric & Maternity Hospital,0x937F51E09477BfD31E56c5e533038a8eEAc096b7,"Epilepsy, unspecified, without status epilepticus",G40.909,Neurology,High,118/74 mmHg,76,99%,95,"Levetiracetam 500mg BID, Clobazam 10mg QHS",High,Passed - Safe pediatric/geriatric dosage tier verified,FHIR_R4_Bundle_G40.909_Condition_MedicationRequest,All Clinical Records & Diagnostic Evidence,Active On-Chain Consent (Granted by Patient),NO,N/A,N/A,Direct patient consent validated via ConsentManager.sol,AES-256-GCM,vault-transit-key-0x280d321a,Qm3582219be7dce13280a0fee5ddc98b81841aef5f9ff3,0.0.4891024,4312,2026-09-13 11:57:35 UTC,0x4df78e01f5dbebe15217fc13a371b78afddab140e6608699d5271d15ee498a13,0.0001
ENC-00313,Vikas Gupta,849513,0xd7d98cfffb79228ad4498105dd55ddf7a704051f,43,male,AB+,Dr. Sarah Jenkins,0x04Fee3FD1B338d12FFD6dBD8d66dE1e8e0BB99cB,NMC-48192,Cardiology,Apollo Multispecialty Hospital,0x155Af6ECaFb48861dA7d16Fb8Af2f6ce9d6DD779,"Acute myocardial infarction, unspecified",I21.9,Cardiology,Emergency,95/60 mmHg,112,93%,165,"Ticagrelor 90mg BID, Aspirin 325mg, Atorvastatin 80mg, IV Heparin",Low,Passed - Safe pediatric/geriatric dosage tier verified,FHIR_R4_Bundle_I21.9_Condition_MedicationRequest,All Clinical Records & Diagnostic Evidence,Break-Glass Emergency Invoked (Active Override),YES,"Acute Life-Threatening Presentation: Acute myocardial infarction, unspecified",60 Minutes (Auto-Expiring Ephemeral Key),Emergency access granted; immediate HCS compliance event broadcasted,AES-256-GCM,vault-transit-key-0xd7d98cff,Qm2f00832b722b04b28a90cf68eea02013d10009359460,0.0.4891024,4313,2026-09-13 11:57:37 UTC,0xc1a38bfc0ffa8b3e17c0e6904d54787e4930140027b2a96d9f4f01833ca75c1f,0.0001
ENC-00314,Geeta Mehta,849514,0xf7d9ad94805f82a2f23d87ebbb68fe1a4e9e026a,44,female,B+,Dr. Preeti Deshmukh,0x23618e81E3f5cdF7f54C3d65f7FBc0aBf5B21E8f,NMC-82194,Obstetrics & Pediatrics,Fortis Memorial Neuro & Trauma Center,0x84f93618C1D541bB1Dcf1373A8eE500A7D439634,Gastro-esophageal reflux disease,K21.9,Gastroenterology,Low,120/80 mmHg,70,99%,98,"Pantoprazole 40mg QD pre-breakfast, Domperidone 30mg QD",High,Advisory: Confirm Patient Creatinine Clearance prior to Metformin XR,FHIR_R4_Bundle_K21.9_Condition_MedicationRequest,All Clinical Records & Diagnostic Evidence,Active On-Chain Consent (Granted by Patient),NO,N/A,N/A,Direct patient consent validated via ConsentManager.sol,AES-256-GCM,vault-transit-key-0xf7d9ad94,Qm81e150cfee5a909de118d46d1bb0b7f1c6d7771a0a3c,0.0.4891024,4314,2026-09-13 11:57:39 UTC,0x5542e748c0610de4033ca25f81b9724a7b85a7da1b4cb46aa20e44e0e7c68227,0.0001
ENC-00315,Rahul Reddy,849515,0x23961459c29783171c02f23a8a7006697d3b582c,45,male,A+,Dr. Ananya Roy,0x9965507D1a55bcC2695C58ba16FB37d819B0A4dc,NMC-51203,Hematology,Max Super Speciality Cancer Institute,0x28B7eA94B34C8F52D19E50Eb14769Da20F5D54b4,"Acute myocardial infarction, unspecified",I21.9,Cardiology,Emergency,95/60 mmHg,112,93%,165,"Ticagrelor 90mg BID, Aspirin 325mg, Atorvastatin 80mg, IV Heparin",Low,Passed - Safe pediatric/geriatric dosage tier verified,FHIR_R4_Bundle_I21.9_Condition_MedicationRequest,All Clinical Records & Diagnostic Evidence,Break-Glass Emergency Invoked (Active Override),YES,"Acute Life-Threatening Presentation: Acute myocardial infarction, unspecified",60 Minutes (Auto-Expiring Ephemeral Key),Emergency access granted; immediate HCS compliance event broadcasted,AES-256-GCM,vault-transit-key-0x23961459,Qmaa902a1f838ce684236873d9f7eebe2b4d812e51f62a,0.0.4891024,4315,2026-09-13 11:57:41 UTC,0x5fc0e8b5fe73a161f0c7c90c0ffa3115323fcaddfa482e000026acf04d61a355,0.0001
ENC-00316,Chetan Verma,849516,0x0b8a155d29a986e7e487b5a93554cdea15ba1d98,46,female,AB-,Dr. Ananya Roy,0x9965507D1a55bcC2695C58ba16FB37d819B0A4dc,NMC-51203,Hematology,Apollo Multispecialty Hospital,0x155Af6ECaFb48861dA7d16Fb8Af2f6ce9d6DD779,"Acute myocardial infarction, unspecified",I21.9,Cardiology,Emergency,95/60 mmHg,112,93%,165,"Ticagrelor 90mg BID, Aspirin 325mg, Atorvastatin 80mg, IV Heparin",Low,Passed - Safe pediatric/geriatric dosage tier verified,FHIR_R4_Bundle_I21.9_Condition_MedicationRequest,All Clinical Records & Diagnostic Evidence,Break-Glass Emergency Invoked (Active Override),YES,"Acute Life-Threatening Presentation: Acute myocardial infarction, unspecified",60 Minutes (Auto-Expiring Ephemeral Key),Emergency access granted; immediate HCS compliance event broadcasted,AES-256-GCM,vault-transit-key-0x0b8a155d,Qmb9266cb856c680cdfaacf623d23f92a85692cda0843a,0.0.4891024,4316,2026-09-13 11:57:43 UTC,0x1b68d409e0f96d568b7bea21710591acfdf3c16d1c9225fed63633302d6e0f19,0.0001
ENC-00317,Deepak Rao,849517,0x294d2f7717d91a8f584ce9451ebc0e2b3630dda2,47,male,B-,Dr. Rohan Patel,0x976EA74026E726554dB657fA54763abd0C3a0aa9,NMC-11029,Neurology,Fortis Memorial Neuro & Trauma Center,0x84f93618C1D541bB1Dcf1373A8eE500A7D439634,Dengue fever [classical dengue],A90,Infectious Disease,High,100/68 mmHg,96,98%,102,"Oral Rehydration Salts 1L/day, Paracetamol 650mg SOS",Low,Passed - Safe pediatric/geriatric dosage tier verified,FHIR_R4_Bundle_A90_Condition_MedicationRequest,All Clinical Records & Diagnostic Evidence,Active On-Chain Consent (Granted by Patient),NO,N/A,N/A,Direct patient consent validated via ConsentManager.sol,AES-256-GCM,vault-transit-key-0x294d2f77,Qmca4870957c9e6837b2ff882af43c5b7be2265cf71b52,0.0.4891024,4317,2026-09-13 11:57:46 UTC,0x5b1f0308ea54082ac80432d123477b83fd947483434d0826c0bfc1299d09268e,0.0001
ENC-00318,Bhavna Gowda,849518,0x188784ae674926ffca9c7445bd5ea48082b27603,48,female,AB+,Dr. Sunita Narang,0xBcd4042DE499D14e55001CcbB24a551F3b954096,NMC-90812,Endocrinology & Internal Medicine,Max Super Speciality Cancer Institute,0x28B7eA94B34C8F52D19E50Eb14769Da20F5D54b4,Unspecified intracranial injury / Concussion,S06.9X0A,Trauma & Emergency,Emergency,150/95 mmHg,64,97%,130,"Mannitol 20% 100mL IV, Phenytoin 100mg IV, Analgesics",Medium,Passed - Zero Drug-Drug Interaction Warning (Confidence 99.4%),FHIR_R4_Bundle_S06.9X0A_Condition_MedicationRequest,All Clinical Records & Diagnostic Evidence,Break-Glass Emergency Invoked (Active Override),YES,Acute Life-Threatening Presentation: Unspecified intracranial injury / Concussion,60 Minutes (Auto-Expiring Ephemeral Key),Emergency access granted; immediate HCS compliance event broadcasted,AES-256-GCM,vault-transit-key-0x188784ae,Qm2ee3a74ab6f39109af65884b61576a11ecb8a7bb58c7,0.0.4891024,4318,2026-09-13 11:57:48 UTC,0x256530e2373ff0a5695ce1f980e9220ac780c16dd1d32889f9a3b7e1a6cdb8f9,0.0001
ENC-00319,Rahul Malhotra,849519,0x490fa69372a969d0aa47f5cc9ea4321a403de646,49,male,B+,Dr. Vikram Seth,0x15d34AAf54267DB7D7c367839AAf71A00a2C6A65,NMC-99014,Oncology,Care & Cure Pediatric & Maternity Hospital,0x937F51E09477BfD31E56c5e533038a8eEAc096b7,Malignant neoplasm of female breast,C50.919,Oncology,Critical,122/76 mmHg,84,98%,105,"Tamoxifen 20mg QD, Trastuzumab 6mg/kg IV Q3W, Paclitaxel",Medium,Passed - Zero Drug-Drug Interaction Warning (Confidence 99.4%),FHIR_R4_Bundle_C50.919_Condition_MedicationRequest,All Clinical Records & Diagnostic Evidence,Pending Patient Authorization,NO,N/A,N/A,Access request pending approval from patient wallet,AES-256-GCM,vault-transit-key-0x490fa693,Qmec7e6fa9835e4d8e35f7f2a95a178dc4feba0c12185a,0.0.4891024,4319,2026-09-13 11:57:50 UTC,0xa01e2a384080d1a6b1443456bf260445142f7fb9e835555fe9879cbbfcbc5de6,0.0001
ENC-00320,Manish Choudhury,849520,0x11ed56a0f92269622d6cd190ce3b292e6b4f806e,50,female,A+,Dr. Rajesh Sharma,0x3c44CdDdB6a900fa2b585dd299e03d12FA4293BC,NMC-78491,Gastroenterology,Max Super Speciality Cancer Institute,0x28B7eA94B34C8F52D19E50Eb14769Da20F5D54b4,Malignant neoplasm of female breast,C50.919,Oncology,Critical,122/76 mmHg,84,98%,105,"Tamoxifen 20mg QD, Trastuzumab 6mg/kg IV Q3W, Paclitaxel",Medium,Passed - Safe pediatric/geriatric dosage tier verified,FHIR_R4_Bundle_C50.919_Condition_MedicationRequest,All Clinical Records & Diagnostic Evidence,Active On-Chain Consent (Granted by Patient),NO,N/A,N/A,Direct patient consent validated via ConsentManager.sol,AES-256-GCM,vault-transit-key-0x11ed56a0,Qm53f0c1b6648931028d7dcacfbf51774ac3d2024b5c8f,0.0.4891024,4320,2026-09-13 11:57:52 UTC,0x05fb594eea1b9f62cad4f310bf994c6baac964c107e294e030a10e63f0cb54f6,0.0001
ENC-00321,Deepak Ghosh,849521,0x2269dd8d3a50ea53dc3ddf826aa398508e052e15,51,male,AB+,Dr. Rohan Patel,0x976EA74026E726554dB657fA54763abd0C3a0aa9,NMC-11029,Neurology,Apex Diagnostic & Pathology Hub,0x04Fee3FD1B338d12FFD6dBD8d66dE1e8e0BB99cB,"Epilepsy, unspecified, without status epilepticus",G40.909,Neurology,High,118/74 mmHg,76,99%,95,"Levetiracetam 500mg BID, Clobazam 10mg QHS",Medium,Advisory: Monitor Serum Potassium & Renal Function with ACEi/ARB,FHIR_R4_Bundle_G40.909_Condition_MedicationRequest,All Clinical Records & Diagnostic Evidence,Active On-Chain Consent (Granted by Patient),NO,N/A,N/A,Direct patient consent validated via ConsentManager.sol,AES-256-GCM,vault-transit-key-0x2269dd8d,Qm9b8cd689c5ee34a7487e0fbb3766b527a8694153a311,0.0.4891024,4321,2026-09-13 11:57:54 UTC,0x5464a899d7891dfeeba2b73cd087e2a1b7965c3533c8f5a3235fdcc814ec072a,0.0001
ENC-00322,Arjun Reddy,849522,0x20eaa6b57e577ff3c2a160695b1840e0c6fed4e0,52,female,A+,Dr. Ananya Roy,0x9965507D1a55bcC2695C58ba16FB37d819B0A4dc,NMC-51203,Hematology,Apex Diagnostic & Pathology Hub,0x04Fee3FD1B338d12FFD6dBD8d66dE1e8e0BB99cB,Essential (primary) hypertension,I10,Cardiology,Moderate,148/92 mmHg,78,98%,110,"Amlodipine 5mg QD, Telmisartan 40mg QD",Medium,Advisory: Monitor Serum Potassium & Renal Function with ACEi/ARB,FHIR_R4_Bundle_I10_Condition_MedicationRequest,All Clinical Records & Diagnostic Evidence,Active On-Chain Consent (Granted by Patient),NO,N/A,N/A,Direct patient consent validated via ConsentManager.sol,AES-256-GCM,vault-transit-key-0x20eaa6b5,Qm9bfb9c5f0b6f750686ccf5847debf37f2cb93aaff862,0.0.4891024,4322,2026-09-13 11:57:57 UTC,0xb32a075e66595c3e47c5f505936e5f079bf36e1ef16722b6535b7d4235bd25b0,0.0001
ENC-00323,Shreya Verma,849523,0x775939d0c63bcc7ba0f52131726a4c44524a5623,53,male,B+,Dr. Sarah Jenkins,0x04Fee3FD1B338d12FFD6dBD8d66dE1e8e0BB99cB,NMC-48192,Cardiology,Max Super Speciality Cancer Institute,0x28B7eA94B34C8F52D19E50Eb14769Da20F5D54b4,Essential (primary) hypertension,I10,Cardiology,Moderate,148/92 mmHg,78,98%,110,"Amlodipine 5mg QD, Telmisartan 40mg QD",High,Passed - Zero Drug-Drug Interaction Warning (Confidence 99.4%),FHIR_R4_Bundle_I10_Condition_MedicationRequest,All Clinical Records & Diagnostic Evidence,Active On-Chain Consent (Granted by Patient),NO,N/A,N/A,Direct patient consent validated via ConsentManager.sol,AES-256-GCM,vault-transit-key-0x775939d0,Qm4a5a03843143cadb68c6038bf8e9a109c3e4262a0092,0.0.4891024,4323,2026-09-13 11:57:58 UTC,0xafcd52a80fb92db73073f64dc629cdab0081555f47c1e1cc403573e86783b04a,0.0001
ENC-00324,Ishaan Mukherjee,849524,0x28f7064175819d655652ef91de68b3a89762a1ab,54,female,AB+,Dr. Sunita Narang,0xBcd4042DE499D14e55001CcbB24a551F3b954096,NMC-90812,Endocrinology & Internal Medicine,Apollo Multispecialty Hospital,0x155Af6ECaFb48861dA7d16Fb8Af2f6ce9d6DD779,"Acute myocardial infarction, unspecified",I21.9,Cardiology,Emergency,95/60 mmHg,112,93%,165,"Ticagrelor 90mg BID, Aspirin 325mg, Atorvastatin 80mg, IV Heparin",High,Passed - Safe pediatric/geriatric dosage tier verified,FHIR_R4_Bundle_I21.9_Condition_MedicationRequest,All Clinical Records & Diagnostic Evidence,Break-Glass Emergency Invoked (Active Override),YES,"Acute Life-Threatening Presentation: Acute myocardial infarction, unspecified",60 Minutes (Auto-Expiring Ephemeral Key),Emergency access granted; immediate HCS compliance event broadcasted,AES-256-GCM,vault-transit-key-0x28f70641,Qmcc9e821b8f23f9ab23fc5de3493d783514e4445325ae,0.0.4891024,4324,2026-09-13 11:58:01 UTC,0x652c05cda60101737112b206e05fafb91826f0c5764de79bb2b8a8f98d7ba045,0.0001
ENC-00325,Siddharth Choudhury,849525,0x34d44fe6e188b9720c9e27c7ecc06036cad0bee1,55,male,B-,Dr. Ananya Roy,0x9965507D1a55bcC2695C58ba16FB37d819B0A4dc,NMC-51203,Hematology,Max Super Speciality Cancer Institute,0x28B7eA94B34C8F52D19E50Eb14769Da20F5D54b4,Dengue fever [classical dengue],A90,Infectious Disease,High,100/68 mmHg,96,98%,102,"Oral Rehydration Salts 1L/day, Paracetamol 650mg SOS",Medium,Advisory: Confirm Patient Creatinine Clearance prior to Metformin XR,FHIR_R4_Bundle_A90_Condition_MedicationRequest,All Clinical Records & Diagnostic Evidence,Active On-Chain Consent (Granted by Patient),NO,N/A,N/A,Direct patient consent validated via ConsentManager.sol,AES-256-GCM,vault-transit-key-0x34d44fe6,Qm19bbc25f2841ca12d64bcdd00e7f4c5fbfc2737133a3,0.0.4891024,4325,2026-09-13 11:58:03 UTC,0x308c1e7e0533f38a0844cc2564c2b859b82591bf0ae57fd11328a9ccbad20455,0.0001
ENC-00326,Amit Malhotra,849526,0x5c873f085a717092568ae3f7b6dd1fda4ba3f441,56,female,B+,Dr. Ananya Roy,0x9965507D1a55bcC2695C58ba16FB37d819B0A4dc,NMC-51203,Hematology,Apex Diagnostic & Pathology Hub,0x04Fee3FD1B338d12FFD6dBD8d66dE1e8e0BB99cB,Unspecified intracranial injury / Concussion,S06.9X0A,Trauma & Emergency,Emergency,150/95 mmHg,64,97%,130,"Mannitol 20% 100mL IV, Phenytoin 100mg IV, Analgesics",High,Advisory: Confirm Patient Creatinine Clearance prior to Metformin XR,FHIR_R4_Bundle_S06.9X0A_Condition_MedicationRequest,All Clinical Records & Diagnostic Evidence,Break-Glass Emergency Invoked (Active Override),YES,Acute Life-Threatening Presentation: Unspecified intracranial injury / Concussion,60 Minutes (Auto-Expiring Ephemeral Key),Emergency access granted; immediate HCS compliance event broadcasted,AES-256-GCM,vault-transit-key-0x5c873f08,Qm8db29e5d49a1f9a60051c49de396743b4c0aa7f8efe9,0.0.4891024,4326,2026-09-13 11:58:05 UTC,0x62f60cea12f641c86a2efd0b563b7cfe43936cbff6a6b887350125d395f938f0,0.0001
ENC-00327,Neha Joshi,849527,0xcf793f5611fe201de3ffa6ffb1923eb9b6a8d284,57,male,O-,Dr. Rajesh Sharma,0x3c44CdDdB6a900fa2b585dd299e03d12FA4293BC,NMC-78491,Gastroenterology,Fortis Memorial Neuro & Trauma Center,0x84f93618C1D541bB1Dcf1373A8eE500A7D439634,Essential (primary) hypertension,I10,Cardiology,Moderate,148/92 mmHg,78,98%,110,"Amlodipine 5mg QD, Telmisartan 40mg QD",Low,Advisory: Confirm Patient Creatinine Clearance prior to Metformin XR,FHIR_R4_Bundle_I10_Condition_MedicationRequest,All Clinical Records & Diagnostic Evidence,Active On-Chain Consent (Granted by Patient),NO,N/A,N/A,Direct patient consent validated via ConsentManager.sol,AES-256-GCM,vault-transit-key-0xcf793f56,Qm6c2a54f0aca45d09089d5389c1cdc0f037256cb5e37a,0.0.4891024,4327,2026-09-13 11:58:06 UTC,0xe1170c9acd7c3bdf08117d77f3293a45160301796a1fee844d2e6e7da17c877b,0.0001
ENC-00328,Yashwanth Kapoor,849528,0xa131c26a53f8530e4718fbcd881bb0098e9e7c9e,58,female,AB+,Dr. Ananya Roy,0x9965507D1a55bcC2695C58ba16FB37d819B0A4dc,NMC-51203,Hematology,Max Super Speciality Cancer Institute,0x28B7eA94B34C8F52D19E50Eb14769Da20F5D54b4,Unspecified intracranial injury / Concussion,S06.9X0A,Trauma & Emergency,Emergency,150/95 mmHg,64,97%,130,"Mannitol 20% 100mL IV, Phenytoin 100mg IV, Analgesics",Medium,Passed - Safe pediatric/geriatric dosage tier verified,FHIR_R4_Bundle_S06.9X0A_Condition_MedicationRequest,All Clinical Records & Diagnostic Evidence,Break-Glass Emergency Invoked (Active Override),YES,Acute Life-Threatening Presentation: Unspecified intracranial injury / Concussion,60 Minutes (Auto-Expiring Ephemeral Key),Emergency access granted; immediate HCS compliance event broadcasted,AES-256-GCM,vault-transit-key-0xa131c26a,Qm12dd44caa16b40f646afff1ad3a73c5ceea6ff65674e,0.0.4891024,4328,2026-09-13 11:58:09 UTC,0x600126c5f456690bc9690448da32f98386b299ca9eadb4cfb24944a06c95cb29,0.0001
ENC-00329,Yashwanth Menon,849529,0x466d61e2660a2bd3b93e8992d8ad6f59c00e3799,59,male,AB-,Dr. Ananya Roy,0x9965507D1a55bcC2695C58ba16FB37d819B0A4dc,NMC-51203,Hematology,Care & Cure Pediatric & Maternity Hospital,0x937F51E09477BfD31E56c5e533038a8eEAc096b7,Dengue fever [classical dengue],A90,Infectious Disease,High,100/68 mmHg,96,98%,102,"Oral Rehydration Salts 1L/day, Paracetamol 650mg SOS",Medium,Advisory: Confirm Patient Creatinine Clearance prior to Metformin XR,FHIR_R4_Bundle_A90_Condition_MedicationRequest,All Clinical Records & Diagnostic Evidence,Active On-Chain Consent (Granted by Patient),NO,N/A,N/A,Direct patient consent validated via ConsentManager.sol,AES-256-GCM,vault-transit-key-0x466d61e2,Qm394c1fa96df53ca8a6f72eb9595caa06ee3b5b57ee07,0.0.4891024,4329,2026-09-13 11:58:11 UTC,0xd4f6de79a8dbea4179bcdc7bf715159306d9f7cefb5a03693fa06a8a5c23773b,0.0001
ENC-00330,Kavya Menon,849530,0x5587e74e894e467df4aa094fbab4f2e8d94134a9,60,female,AB+,Dr. Rajesh Sharma,0x3c44CdDdB6a900fa2b585dd299e03d12FA4293BC,NMC-78491,Gastroenterology,Max Super Speciality Cancer Institute,0x28B7eA94B34C8F52D19E50Eb14769Da20F5D54b4,Malignant neoplasm of female breast,C50.919,Oncology,Critical,122/76 mmHg,84,98%,105,"Tamoxifen 20mg QD, Trastuzumab 6mg/kg IV Q3W, Paclitaxel",High,Advisory: Confirm Patient Creatinine Clearance prior to Metformin XR,FHIR_R4_Bundle_C50.919_Condition_MedicationRequest,All Clinical Records & Diagnostic Evidence,Active On-Chain Consent (Granted by Patient),NO,N/A,N/A,Direct patient consent validated via ConsentManager.sol,AES-256-GCM,vault-transit-key-0x5587e74e,Qme332bf2b18adee35b5a5fcf9393d9fa81d0a2cf952d1,0.0.4891024,4330,2026-09-13 11:58:13 UTC,0xf3b333db65a5fe9c69be51716e21f514bfe6a9f32fd247c558548b51d81ba7e5,0.0001
ENC-00331,Tanvi Bhatia,849531,0x29fab975d2e7700eea99adea2f3ddf279eac9f27,61,male,O-,Dr. Rajesh Sharma,0x3c44CdDdB6a900fa2b585dd299e03d12FA4293BC,NMC-78491,Gastroenterology,Care & Cure Pediatric & Maternity Hospital,0x937F51E09477BfD31E56c5e533038a8eEAc096b7,Type 2 diabetes mellitus without complications,E11.9,Endocrinology,Moderate,130/82 mmHg,72,99%,142,"Metformin 500mg BID, Dapagliflozin 10mg QD",High,Passed - Safe pediatric/geriatric dosage tier verified,FHIR_R4_Bundle_E11.9_Condition_MedicationRequest,All Clinical Records & Diagnostic Evidence,Active On-Chain Consent (Granted by Patient),NO,N/A,N/A,Direct patient consent validated via ConsentManager.sol,AES-256-GCM,vault-transit-key-0x29fab975,Qm897165e6b7b0b0f15815402e05a74644170c33823874,0.0.4891024,4331,2026-09-13 11:58:15 UTC,0xd18f8b916034d1674884dfd9685f9f5feaf279bd9c67dc22e2f632eb0b04feab,0.0001
ENC-00332,Tanvi Verma,849532,0x1c8afe46e13cb9e04bcaab9a613e0c02be8a90e8,62,female,AB+,Dr. Rajesh Sharma,0x3c44CdDdB6a900fa2b585dd299e03d12FA4293BC,NMC-78491,Gastroenterology,Fortis Memorial Neuro & Trauma Center,0x84f93618C1D541bB1Dcf1373A8eE500A7D439634,Type 2 diabetes mellitus without complications,E11.9,Endocrinology,Moderate,130/82 mmHg,72,99%,142,"Metformin 500mg BID, Dapagliflozin 10mg QD",Medium,Passed - Safe pediatric/geriatric dosage tier verified,FHIR_R4_Bundle_E11.9_Condition_MedicationRequest,All Clinical Records & Diagnostic Evidence,Active On-Chain Consent (Granted by Patient),NO,N/A,N/A,Direct patient consent validated via ConsentManager.sol,AES-256-GCM,vault-transit-key-0x1c8afe46,Qmae6afaa09ae377c8563636f790652f7bf2d384ecbbfd,0.0.4891024,4332,2026-09-13 11:58:17 UTC,0x356f5dffb7b7d32aa55afbf0efa92b64dc3bf133513756db688342ad6a1cec73,0.0001
ENC-00333,Aditi Pillai,849533,0x71496750430e3a64d5eabf8e9f4fda1a2c2740bf,63,male,AB+,Dr. Ananya Roy,0x9965507D1a55bcC2695C58ba16FB37d819B0A4dc,NMC-51203,Hematology,Apex Diagnostic & Pathology Hub,0x04Fee3FD1B338d12FFD6dBD8d66dE1e8e0BB99cB,Type 2 diabetes mellitus without complications,E11.9,Endocrinology,Moderate,130/82 mmHg,72,99%,142,"Metformin 500mg BID, Dapagliflozin 10mg QD",Medium,Advisory: Monitor Serum Potassium & Renal Function with ACEi/ARB,FHIR_R4_Bundle_E11.9_Condition_MedicationRequest,All Clinical Records & Diagnostic Evidence,Active On-Chain Consent (Granted by Patient),NO,N/A,N/A,Direct patient consent validated via ConsentManager.sol,AES-256-GCM,vault-transit-key-0x71496750,Qm686447f9dd6cbf870105b7d8028174090ba0835b3cd1,0.0.4891024,4333,2026-09-13 11:58:20 UTC,0xddfec8d3b97fc3588ec035de6cba6bb6debbd042c9ab0a52fce845ae1f7157e0,0.0001
ENC-00334,Kiran Hegde,849534,0x44959eb97481e0ff71ce88fae4b5f0e9a128670c,64,female,AB+,Dr. Rajesh Sharma,0x3c44CdDdB6a900fa2b585dd299e03d12FA4293BC,NMC-78491,Gastroenterology,Care & Cure Pediatric & Maternity Hospital,0x937F51E09477BfD31E56c5e533038a8eEAc096b7,Unspecified intracranial injury / Concussion,S06.9X0A,Trauma & Emergency,Emergency,150/95 mmHg,64,97%,130,"Mannitol 20% 100mL IV, Phenytoin 100mg IV, Analgesics",Medium,Advisory: Monitor Serum Potassium & Renal Function with ACEi/ARB,FHIR_R4_Bundle_S06.9X0A_Condition_MedicationRequest,All Clinical Records & Diagnostic Evidence,Break-Glass Emergency Invoked (Active Override),YES,Acute Life-Threatening Presentation: Unspecified intracranial injury / Concussion,60 Minutes (Auto-Expiring Ephemeral Key),Emergency access granted; immediate HCS compliance event broadcasted,AES-256-GCM,vault-transit-key-0x44959eb9,Qm6ea21af77a478d10a7f05c17c88afcecb06fd0000570,0.0.4891024,4334,2026-09-13 11:58:22 UTC,0xb7cf98d3a4331c81d99d587f3460e4554a287e21cd894086c14dc2e98ef063b2,0.0001
ENC-00335,Sakshi Agarwal,849535,0x92953ec8e003b8a8c4511174e6842751ca8cbcef,65,male,O+,Dr. Preeti Deshmukh,0x23618e81E3f5cdF7f54C3d65f7FBc0aBf5B21E8f,NMC-82194,Obstetrics & Pediatrics,Apollo Multispecialty Hospital,0x155Af6ECaFb48861dA7d16Fb8Af2f6ce9d6DD779,"Acute myocardial infarction, unspecified",I21.9,Cardiology,Emergency,95/60 mmHg,112,93%,165,"Ticagrelor 90mg BID, Aspirin 325mg, Atorvastatin 80mg, IV Heparin",Medium,Passed - Zero Drug-Drug Interaction Warning (Confidence 99.4%),FHIR_R4_Bundle_I21.9_Condition_MedicationRequest,All Clinical Records & Diagnostic Evidence,Break-Glass Emergency Invoked (Active Override),YES,"Acute Life-Threatening Presentation: Acute myocardial infarction, unspecified",60 Minutes (Auto-Expiring Ephemeral Key),Emergency access granted; immediate HCS compliance event broadcasted,AES-256-GCM,vault-transit-key-0x92953ec8,Qm1e45795e09a4cbdc37cf9399e8d8df88f6d45398b8e4,0.0.4891024,4335,2026-09-13 11:58:23 UTC,0x54210b881ee13b00533f9a055c2df59988ce721297016a83366adce3ffa6b2f9,0.0001
ENC-00336,Divya Mehta,849536,0x8d1abddd68aaf8679a7fa08a169a0a85131833fb,66,female,A-,Dr. Rajesh Sharma,0x3c44CdDdB6a900fa2b585dd299e03d12FA4293BC,NMC-78491,Gastroenterology,Max Super Speciality Cancer Institute,0x28B7eA94B34C8F52D19E50Eb14769Da20F5D54b4,Malignant neoplasm of female breast,C50.919,Oncology,Critical,122/76 mmHg,84,98%,105,"Tamoxifen 20mg QD, Trastuzumab 6mg/kg IV Q3W, Paclitaxel",High,Passed - Zero Drug-Drug Interaction Warning (Confidence 99.4%),FHIR_R4_Bundle_C50.919_Condition_MedicationRequest,All Clinical Records & Diagnostic Evidence,Active On-Chain Consent (Granted by Patient),NO,N/A,N/A,Direct patient consent validated via ConsentManager.sol,AES-256-GCM,vault-transit-key-0x8d1abddd,Qm3049b7bbb6f28bedbda229a76fabf477df5c91b2c2b8,0.0.4891024,4336,2026-09-13 11:58:26 UTC,0xa55386d7ef9b4efeccf84be872fae3aff23563c3da905390803f906e2f783f9a,0.0001
ENC-00337,Sakshi Saxena,849537,0x7c864168c99352375d382c075248ebfacba5a8cb,67,male,AB-,Dr. Ananya Roy,0x9965507D1a55bcC2695C58ba16FB37d819B0A4dc,NMC-51203,Hematology,Fortis Memorial Neuro & Trauma Center,0x84f93618C1D541bB1Dcf1373A8eE500A7D439634,Type 2 diabetes mellitus without complications,E11.9,Endocrinology,Moderate,130/82 mmHg,72,99%,142,"Metformin 500mg BID, Dapagliflozin 10mg QD",Low,Passed - Zero Drug-Drug Interaction Warning (Confidence 99.4%),FHIR_R4_Bundle_E11.9_Condition_MedicationRequest,All Clinical Records & Diagnostic Evidence,Active On-Chain Consent (Granted by Patient),NO,N/A,N/A,Direct patient consent validated via ConsentManager.sol,AES-256-GCM,vault-transit-key-0x7c864168,Qmf87443545bef2a69dce79d91e78cbdf309c3543f8cdd,0.0.4891024,4337,2026-09-13 11:58:28 UTC,0xad8c95af4d3b87c99eca2bf2fd0fb8d0468bbda32f62e922a5f7018b47556cd7,0.0001
ENC-00338,Manish Nair,849538,0x56c5957fbc03c515d3f3a92f960fbe3a6ae54c12,68,female,B-,Dr. Sarah Jenkins,0x04Fee3FD1B338d12FFD6dBD8d66dE1e8e0BB99cB,NMC-48192,Cardiology,Apex Diagnostic & Pathology Hub,0x04Fee3FD1B338d12FFD6dBD8d66dE1e8e0BB99cB,Gastro-esophageal reflux disease,K21.9,Gastroenterology,Low,120/80 mmHg,70,99%,98,"Pantoprazole 40mg QD pre-breakfast, Domperidone 30mg QD",Medium,Passed - Safe pediatric/geriatric dosage tier verified,FHIR_R4_Bundle_K21.9_Condition_MedicationRequest,All Clinical Records & Diagnostic Evidence,Active On-Chain Consent (Granted by Patient),NO,N/A,N/A,Direct patient consent validated via ConsentManager.sol,AES-256-GCM,vault-transit-key-0x56c5957f,Qm26bbf1749bc36d064b71bbf659797e4b3536ea309f8e,0.0.4891024,4338,2026-09-13 11:58:30 UTC,0xa687b750f13a65f3cf6b64f2506f9d0c7d8fdc4da5d155afef13ecdd9fb7545b,0.0001
ENC-00339,Priyanka Reddy,849539,0xaa3f1673109d53531a6fc9aeaddbb881c87bff77,69,male,B+,Dr. Ananya Roy,0x9965507D1a55bcC2695C58ba16FB37d819B0A4dc,NMC-51203,Hematology,Apollo Multispecialty Hospital,0x155Af6ECaFb48861dA7d16Fb8Af2f6ce9d6DD779,Essential (primary) hypertension,I10,Cardiology,Moderate,148/92 mmHg,78,98%,110,"Amlodipine 5mg QD, Telmisartan 40mg QD",Medium,Passed - Safe pediatric/geriatric dosage tier verified,FHIR_R4_Bundle_I10_Condition_MedicationRequest,All Clinical Records & Diagnostic Evidence,Active On-Chain Consent (Granted by Patient),NO,N/A,N/A,Direct patient consent validated via ConsentManager.sol,AES-256-GCM,vault-transit-key-0xaa3f1673,Qm9ad6bf1b90b228290ab9bc45f17fd8dc6f986b3dd527,0.0.4891024,4339,2026-09-13 11:58:32 UTC,0xd4bce261b71ee4fe3aaf0786c8fea34e008d4bbbdf54dfc1770ff2d376fff2c3,0.0001
ENC-00340,Amit Nair,849540,0x42db255816fa55edc0edeef5256e4108c8ea4dae,70,female,O+,Dr. Rohan Patel,0x976EA74026E726554dB657fA54763abd0C3a0aa9,NMC-11029,Neurology,Fortis Memorial Neuro & Trauma Center,0x84f93618C1D541bB1Dcf1373A8eE500A7D439634,Dengue fever [classical dengue],A90,Infectious Disease,High,100/68 mmHg,96,98%,102,"Oral Rehydration Salts 1L/day, Paracetamol 650mg SOS",Low,Advisory: Monitor Serum Potassium & Renal Function with ACEi/ARB,FHIR_R4_Bundle_A90_Condition_MedicationRequest,All Clinical Records & Diagnostic Evidence,Active On-Chain Consent (Granted by Patient),NO,N/A,N/A,Direct patient consent validated via ConsentManager.sol,AES-256-GCM,vault-transit-key-0x42db2558,Qme232d91054720f57b601b745d3dd8409042b439ef754,0.0.4891024,4340,2026-09-13 11:58:34 UTC,0xe4f35208d7d0df77037591a823b305c1f70565d9e7a11bc6886f1e5faa1eacdb,0.0001
ENC-00341,Anand Shetty,849541,0xf5eee2a593fb6a26584e6581ee21631450067c98,71,male,A-,Dr. Vikram Seth,0x15d34AAf54267DB7D7c367839AAf71A00a2C6A65,NMC-99014,Oncology,Apollo Multispecialty Hospital,0x155Af6ECaFb48861dA7d16Fb8Af2f6ce9d6DD779,Unspecified intracranial injury / Concussion,S06.9X0A,Trauma & Emergency,Emergency,150/95 mmHg,64,97%,130,"Mannitol 20% 100mL IV, Phenytoin 100mg IV, Analgesics",Medium,Advisory: Monitor Serum Potassium & Renal Function with ACEi/ARB,FHIR_R4_Bundle_S06.9X0A_Condition_MedicationRequest,All Clinical Records & Diagnostic Evidence,Break-Glass Emergency Invoked (Active Override),YES,Acute Life-Threatening Presentation: Unspecified intracranial injury / Concussion,60 Minutes (Auto-Expiring Ephemeral Key),Emergency access granted; immediate HCS compliance event broadcasted,AES-256-GCM,vault-transit-key-0xf5eee2a5,Qm583c1fec21a1bc1ae7401df2c6f8b764163a15bb604f,0.0.4891024,4341,2026-09-13 11:58:36 UTC,0x3797c602b0e304a2ce4f17ced41c9162a61667d9a3f23d5cc5a0f9663d935451,0.0001
ENC-00342,Sneha Malhotra,849542,0xbf32c97697097f50d7f3c025da1ff950c86bfb85,72,female,B+,Dr. Sarah Jenkins,0x04Fee3FD1B338d12FFD6dBD8d66dE1e8e0BB99cB,NMC-48192,Cardiology,Max Super Speciality Cancer Institute,0x28B7eA94B34C8F52D19E50Eb14769Da20F5D54b4,Unspecified intracranial injury / Concussion,S06.9X0A,Trauma & Emergency,Emergency,150/95 mmHg,64,97%,130,"Mannitol 20% 100mL IV, Phenytoin 100mg IV, Analgesics",High,Passed - Zero Drug-Drug Interaction Warning (Confidence 99.4%),FHIR_R4_Bundle_S06.9X0A_Condition_MedicationRequest,All Clinical Records & Diagnostic Evidence,Break-Glass Emergency Invoked (Active Override),YES,Acute Life-Threatening Presentation: Unspecified intracranial injury / Concussion,60 Minutes (Auto-Expiring Ephemeral Key),Emergency access granted; immediate HCS compliance event broadcasted,AES-256-GCM,vault-transit-key-0xbf32c976,Qm02b2d3796e64127c8756e59fff8bd8d8789657cee688,0.0.4891024,4342,2026-09-13 11:58:38 UTC,0x03ff16b0d56deb40145d7accfb8f12bd13f4f07e34dd0c76489287ddb15e5d16,0.0001
ENC-00343,Anand Sharma,849543,0x4b91285e5b5b2a826bdea9481eb39f9c2cad439f,73,male,B-,Dr. Rajesh Sharma,0x3c44CdDdB6a900fa2b585dd299e03d12FA4293BC,NMC-78491,Gastroenterology,Fortis Memorial Neuro & Trauma Center,0x84f93618C1D541bB1Dcf1373A8eE500A7D439634,"Epilepsy, unspecified, without status epilepticus",G40.909,Neurology,High,118/74 mmHg,76,99%,95,"Levetiracetam 500mg BID, Clobazam 10mg QHS",Low,Advisory: Confirm Patient Creatinine Clearance prior to Metformin XR,FHIR_R4_Bundle_G40.909_Condition_MedicationRequest,All Clinical Records & Diagnostic Evidence,Active On-Chain Consent (Granted by Patient),NO,N/A,N/A,Direct patient consent validated via ConsentManager.sol,AES-256-GCM,vault-transit-key-0x4b91285e,Qmd5c9dd3d10b3ef0813f1ceac9d97e4ff51f92a3faf92,0.0.4891024,4343,2026-09-13 11:58:40 UTC,0x0a7b5441c16e8b4743b3ca978b71c1b1bf72b32c78815b276ece7f5f503f786b,0.0001
ENC-00344,Anand Mehta,849544,0x863a22d0903d1234ce8b9a57b3901ba4c2cc2b7a,74,female,B+,Dr. Sarah Jenkins,0x04Fee3FD1B338d12FFD6dBD8d66dE1e8e0BB99cB,NMC-48192,Cardiology,Max Super Speciality Cancer Institute,0x28B7eA94B34C8F52D19E50Eb14769Da20F5D54b4,"Epilepsy, unspecified, without status epilepticus",G40.909,Neurology,High,118/74 mmHg,76,99%,95,"Levetiracetam 500mg BID, Clobazam 10mg QHS",Low,Passed - Safe pediatric/geriatric dosage tier verified,FHIR_R4_Bundle_G40.909_Condition_MedicationRequest,All Clinical Records & Diagnostic Evidence,Active On-Chain Consent (Granted by Patient),NO,N/A,N/A,Direct patient consent validated via ConsentManager.sol,AES-256-GCM,vault-transit-key-0x863a22d0,Qm8d1996520476c434998d8ce436b9a35b5c7ea91b4603,0.0.4891024,4344,2026-09-13 11:58:42 UTC,0xc39ce95252b5f64bc3108cae7b91e500216e3d2ca5e88aef7a3084f2332a2f22,0.0001
ENC-00345,Rakesh Menon,849545,0xee3730aa11dc57cd24110c6cfb1c22658af5e2f5,75,male,AB-,Dr. Preeti Deshmukh,0x23618e81E3f5cdF7f54C3d65f7FBc0aBf5B21E8f,NMC-82194,Obstetrics & Pediatrics,Apollo Multispecialty Hospital,0x155Af6ECaFb48861dA7d16Fb8Af2f6ce9d6DD779,Unspecified intracranial injury / Concussion,S06.9X0A,Trauma & Emergency,Emergency,150/95 mmHg,64,97%,130,"Mannitol 20% 100mL IV, Phenytoin 100mg IV, Analgesics",Low,Advisory: Monitor Serum Potassium & Renal Function with ACEi/ARB,FHIR_R4_Bundle_S06.9X0A_Condition_MedicationRequest,All Clinical Records & Diagnostic Evidence,Break-Glass Emergency Invoked (Active Override),YES,Acute Life-Threatening Presentation: Unspecified intracranial injury / Concussion,60 Minutes (Auto-Expiring Ephemeral Key),Emergency access granted; immediate HCS compliance event broadcasted,AES-256-GCM,vault-transit-key-0xee3730aa,Qm14dcc7b64e3ac7c8acfaa86bd3d80d2a74c615923d84,0.0.4891024,4345,2026-09-13 11:58:45 UTC,0xc8c4122e11ec64bb2fc96ede174e3d1d77147dffcab12fe490dc635555b9781d,0.0001
ENC-00346,Kiran Sharma,849546,0xf7b58f9311af2e2823e343577c058c2bedc50707,76,female,O-,Dr. Ananya Roy,0x9965507D1a55bcC2695C58ba16FB37d819B0A4dc,NMC-51203,Hematology,Max Super Speciality Cancer Institute,0x28B7eA94B34C8F52D19E50Eb14769Da20F5D54b4,Dengue fever [classical dengue],A90,Infectious Disease,High,100/68 mmHg,96,98%,102,"Oral Rehydration Salts 1L/day, Paracetamol 650mg SOS",High,Passed - Zero Drug-Drug Interaction Warning (Confidence 99.4%),FHIR_R4_Bundle_A90_Condition_MedicationRequest,All Clinical Records & Diagnostic Evidence,Active On-Chain Consent (Granted by Patient),NO,N/A,N/A,Direct patient consent validated via ConsentManager.sol,AES-256-GCM,vault-transit-key-0xf7b58f93,Qm46ec6c45fc4784936b1fe4b242d8ccfc2de94ac7fed6,0.0.4891024,4346,2026-09-13 11:58:47 UTC,0x0c6e9c471c9f450b60ad945d4b8025394ce956a592df0b0de3b837c0b63b1c86,0.0001
ENC-00347,Rakesh Pillai,849547,0x0d0e09cc5dd758133c3b1fefc300bd3ccff00fe7,77,male,B-,Dr. Vikram Seth,0x15d34AAf54267DB7D7c367839AAf71A00a2C6A65,NMC-99014,Oncology,Fortis Memorial Neuro & Trauma Center,0x84f93618C1D541bB1Dcf1373A8eE500A7D439634,Gastro-esophageal reflux disease,K21.9,Gastroenterology,Low,120/80 mmHg,70,99%,98,"Pantoprazole 40mg QD pre-breakfast, Domperidone 30mg QD",Medium,Advisory: Confirm Patient Creatinine Clearance prior to Metformin XR,FHIR_R4_Bundle_K21.9_Condition_MedicationRequest,All Clinical Records & Diagnostic Evidence,Active On-Chain Consent (Granted by Patient),NO,N/A,N/A,Direct patient consent validated via ConsentManager.sol,AES-256-GCM,vault-transit-key-0x0d0e09cc,Qma8a4b9258ad0b00ce2929b40aee3254ba97079a81367,0.0.4891024,4347,2026-09-13 11:58:48 UTC,0xf27150b6a56b542310d2204f4d278f969f9be72da4e3a9f2379c35c9215b38e1,0.0001
ENC-00348,Rahul Pandey,849548,0x8c09039f73fb8b80dd5a9c718d7b8a08a69eb1cd,78,female,AB+,Dr. Ananya Roy,0x9965507D1a55bcC2695C58ba16FB37d819B0A4dc,NMC-51203,Hematology,Fortis Memorial Neuro & Trauma Center,0x84f93618C1D541bB1Dcf1373A8eE500A7D439634,"Epilepsy, unspecified, without status epilepticus",G40.909,Neurology,High,118/74 mmHg,76,99%,95,"Levetiracetam 500mg BID, Clobazam 10mg QHS",Low,Passed - Safe pediatric/geriatric dosage tier verified,FHIR_R4_Bundle_G40.909_Condition_MedicationRequest,All Clinical Records & Diagnostic Evidence,Active On-Chain Consent (Granted by Patient),NO,N/A,N/A,Direct patient consent validated via ConsentManager.sol,AES-256-GCM,vault-transit-key-0x8c09039f,Qm2b11f6cee2c32bfc5b2aff48249122967df977eac793,0.0.4891024,4348,2026-09-13 11:58:51 UTC,0x75a47e301ec2b285eca84bb96f823c8f251ded62808e035937ff010842028e39,0.0001
ENC-00349,Sakshi Mukherjee,849549,0x7303958b81a41eb75464ec52f92b2a4a18962334,79,male,A+,Dr. Sarah Jenkins,0x04Fee3FD1B338d12FFD6dBD8d66dE1e8e0BB99cB,NMC-48192,Cardiology,Max Super Speciality Cancer Institute,0x28B7eA94B34C8F52D19E50Eb14769Da20F5D54b4,"Acute myocardial infarction, unspecified",I21.9,Cardiology,Emergency,95/60 mmHg,112,93%,165,"Ticagrelor 90mg BID, Aspirin 325mg, Atorvastatin 80mg, IV Heparin",Low,Advisory: Monitor Serum Potassium & Renal Function with ACEi/ARB,FHIR_R4_Bundle_I21.9_Condition_MedicationRequest,All Clinical Records & Diagnostic Evidence,Break-Glass Emergency Invoked (Active Override),YES,"Acute Life-Threatening Presentation: Acute myocardial infarction, unspecified",60 Minutes (Auto-Expiring Ephemeral Key),Emergency access granted; immediate HCS compliance event broadcasted,AES-256-GCM,vault-transit-key-0x7303958b,Qme86b4129b3399081ccda3ee36d9a1c5ba8127962fdc8,0.0.4891024,4349,2026-09-13 11:58:53 UTC,0x62b144371bac57e74799860d0e0764f502a2f417d58c75cd7edf767b90b3535d,0.0001
ENC-00350,Manish Saxena,849550,0x2799e5968cf4cc1a9a9a17e595a1cecb86dbe8a1,80,female,AB+,Dr. Sunita Narang,0xBcd4042DE499D14e55001CcbB24a551F3b954096,NMC-90812,Endocrinology & Internal Medicine,Apollo Multispecialty Hospital,0x155Af6ECaFb48861dA7d16Fb8Af2f6ce9d6DD779,"Acute myocardial infarction, unspecified",I21.9,Cardiology,Emergency,95/60 mmHg,112,93%,165,"Ticagrelor 90mg BID, Aspirin 325mg, Atorvastatin 80mg, IV Heparin",Medium,Passed - Zero Drug-Drug Interaction Warning (Confidence 99.4%),FHIR_R4_Bundle_I21.9_Condition_MedicationRequest,All Clinical Records & Diagnostic Evidence,Break-Glass Emergency Invoked (Active Override),YES,"Acute Life-Threatening Presentation: Acute myocardial infarction, unspecified",60 Minutes (Auto-Expiring Ephemeral Key),Emergency access granted; immediate HCS compliance event broadcasted,AES-256-GCM,vault-transit-key-0x2799e596,Qm6830a56cce6c666634d2ddf3274d8695735df3d58515,0.0.4891024,4350,2026-09-13 11:58:55 UTC,0xd76a2af31f87f090140d88bf00c49c58a50503f0da1bb6a35ab4721cd39e4fff,0.0001
ENC-00351,Nandini Patel,849551,0x4e44c665ab5fc790fa6cbf5f553192c27dcc3ba1,81,male,B+,Dr. Rohan Patel,0x976EA74026E726554dB657fA54763abd0C3a0aa9,NMC-11029,Neurology,Care & Cure Pediatric & Maternity Hospital,0x937F51E09477BfD31E56c5e533038a8eEAc096b7,Unspecified intracranial injury / Concussion,S06.9X0A,Trauma & Emergency,Emergency,150/95 mmHg,64,97%,130,"Mannitol 20% 100mL IV, Phenytoin 100mg IV, Analgesics",High,Passed - Zero Drug-Drug Interaction Warning (Confidence 99.4%),FHIR_R4_Bundle_S06.9X0A_Condition_MedicationRequest,All Clinical Records & Diagnostic Evidence,Active On-Chain Consent (Granted by Patient),NO,N/A,N/A,Direct patient consent validated via ConsentManager.sol,AES-256-GCM,vault-transit-key-0x4e44c665,Qm52794decea045b5996fb8a31d0ce4beef2d2628b9f63,0.0.4891024,4351,2026-09-13 11:58:57 UTC,0xc5c0c9839058ce8bee6c0305f93ebb5f42798fbf5b8d128ef86e01895cfee09b,0.0001
ENC-00352,Kavya Iyer,849552,0xf31daa071e80327a6348cdaf14bff1d7012f8f31,82,female,A+,Dr. Rajesh Sharma,0x3c44CdDdB6a900fa2b585dd299e03d12FA4293BC,NMC-78491,Gastroenterology,Apollo Multispecialty Hospital,0x155Af6ECaFb48861dA7d16Fb8Af2f6ce9d6DD779,"Acute myocardial infarction, unspecified",I21.9,Cardiology,Emergency,95/60 mmHg,112,93%,165,"Ticagrelor 90mg BID, Aspirin 325mg, Atorvastatin 80mg, IV Heparin",Low,Advisory: Monitor Serum Potassium & Renal Function with ACEi/ARB,FHIR_R4_Bundle_I21.9_Condition_MedicationRequest,All Clinical Records & Diagnostic Evidence,Break-Glass Emergency Invoked (Active Override),YES,"Acute Life-Threatening Presentation: Acute myocardial infarction, unspecified",60 Minutes (Auto-Expiring Ephemeral Key),Emergency access granted; immediate HCS compliance event broadcasted,AES-256-GCM,vault-transit-key-0xf31daa07,Qm8f6cd5d285f5e506cd816186f9a4806a538493c3499c,0.0.4891024,4352,2026-09-13 11:58:59 UTC,0xe43498d0cee27c5ebe3fadbe387bff7cb6258d130bada74ddf7238d13efe727f,0.0001
ENC-00353,Divya Joshi,849553,0xb2024fe51a78775f986b7bd38977d847da26748f,83,male,A-,Dr. Preeti Deshmukh,0x23618e81E3f5cdF7f54C3d65f7FBc0aBf5B21E8f,NMC-82194,Obstetrics & Pediatrics,Apex Diagnostic & Pathology Hub,0x04Fee3FD1B338d12FFD6dBD8d66dE1e8e0BB99cB,Malignant neoplasm of female breast,C50.919,Oncology,Critical,122/76 mmHg,84,98%,105,"Tamoxifen 20mg QD, Trastuzumab 6mg/kg IV Q3W, Paclitaxel",Medium,Advisory: Monitor Serum Potassium & Renal Function with ACEi/ARB,FHIR_R4_Bundle_C50.919_Condition_MedicationRequest,All Clinical Records & Diagnostic Evidence,Active On-Chain Consent (Granted by Patient),NO,N/A,N/A,Direct patient consent validated via ConsentManager.sol,AES-256-GCM,vault-transit-key-0xb2024fe5,Qm3791aaa3ac3b8a95024209c6ec2ac65e041aabdc92bf,0.0.4891024,4353,2026-09-13 11:59:02 UTC,0x7df648081273dbc00b94907b3b44da28f983f089bf0f71ab4671065c339c26d6,0.0001
ENC-00354,Madhav Pillai,849554,0x68374d892b7777a89c851bb8d9f4ebf44c1c39c9,84,female,B+,Dr. Ananya Roy,0x9965507D1a55bcC2695C58ba16FB37d819B0A4dc,NMC-51203,Hematology,Fortis Memorial Neuro & Trauma Center,0x84f93618C1D541bB1Dcf1373A8eE500A7D439634,Essential (primary) hypertension,I10,Cardiology,Moderate,148/92 mmHg,78,98%,110,"Amlodipine 5mg QD, Telmisartan 40mg QD",Low,Passed - Zero Drug-Drug Interaction Warning (Confidence 99.4%),FHIR_R4_Bundle_I10_Condition_MedicationRequest,All Clinical Records & Diagnostic Evidence,Active On-Chain Consent (Granted by Patient),NO,N/A,N/A,Direct patient consent validated via ConsentManager.sol,AES-256-GCM,vault-transit-key-0x68374d89,Qm19cec4159900a7437c031c0b816a621e4b9351b99e2e,0.0.4891024,4354,2026-09-13 11:59:03 UTC,0x6ed1cf691916bb0584e7ad013697443e02ee877fda1ce1ce3eec6fec34d6fab4,0.0001
ENC-00355,Nikhil Deshmukh,849555,0xa957e014e9ee43b0b226dc2434cc092baaba122a,85,male,B+,Dr. Rohan Patel,0x976EA74026E726554dB657fA54763abd0C3a0aa9,NMC-11029,Neurology,Apex Diagnostic & Pathology Hub,0x04Fee3FD1B338d12FFD6dBD8d66dE1e8e0BB99cB,Malignant neoplasm of female breast,C50.919,Oncology,Critical,122/76 mmHg,84,98%,105,"Tamoxifen 20mg QD, Trastuzumab 6mg/kg IV Q3W, Paclitaxel",Low,Passed - Zero Drug-Drug Interaction Warning (Confidence 99.4%),FHIR_R4_Bundle_C50.919_Condition_MedicationRequest,All Clinical Records & Diagnostic Evidence,Active On-Chain Consent (Granted by Patient),NO,N/A,N/A,Direct patient consent validated via ConsentManager.sol,AES-256-GCM,vault-transit-key-0xa957e014,Qm4b0d0aaf77f8188b797214571c3785a0cddc0729c2ca,0.0.4891024,4355,2026-09-13 11:59:05 UTC,0xd329cfe2bc3fcdefaff7064530c51b047c054cafd25c58956fab932c65996777,0.0001
ENC-00356,Sakshi Gowda,849556,0x52ac38f87a9a0c6d6357ba2ef39a1a519e479d5e,86,female,AB+,Dr. Rajesh Sharma,0x3c44CdDdB6a900fa2b585dd299e03d12FA4293BC,NMC-78491,Gastroenterology,Care & Cure Pediatric & Maternity Hospital,0x937F51E09477BfD31E56c5e533038a8eEAc096b7,"Epilepsy, unspecified, without status epilepticus",G40.909,Neurology,High,118/74 mmHg,76,99%,95,"Levetiracetam 500mg BID, Clobazam 10mg QHS",Medium,Advisory: Confirm Patient Creatinine Clearance prior to Metformin XR,FHIR_R4_Bundle_G40.909_Condition_MedicationRequest,All Clinical Records & Diagnostic Evidence,Active On-Chain Consent (Granted by Patient),NO,N/A,N/A,Direct patient consent validated via ConsentManager.sol,AES-256-GCM,vault-transit-key-0x52ac38f8,Qm39e41973a178713eaeace4916c4ea64fd9b830e3d182,0.0.4891024,4356,2026-09-13 11:59:07 UTC,0x13b71ff9d48d5074bc7e49ac8d74d822988b505961d299278596041c817a8454,0.0001
ENC-00357,Rahul Ghosh,849557,0xd6ab0bcbe997d78a12c013eda69179f4355dd12f,87,male,A-,Dr. Preeti Deshmukh,0x23618e81E3f5cdF7f54C3d65f7FBc0aBf5B21E8f,NMC-82194,Obstetrics & Pediatrics,Max Super Speciality Cancer Institute,0x28B7eA94B34C8F52D19E50Eb14769Da20F5D54b4,Essential (primary) hypertension,I10,Cardiology,Moderate,148/92 mmHg,78,98%,110,"Amlodipine 5mg QD, Telmisartan 40mg QD",Low,Advisory: Confirm Patient Creatinine Clearance prior to Metformin XR,FHIR_R4_Bundle_I10_Condition_MedicationRequest,All Clinical Records & Diagnostic Evidence,Active On-Chain Consent (Granted by Patient),NO,N/A,N/A,Direct patient consent validated via ConsentManager.sol,AES-256-GCM,vault-transit-key-0xd6ab0bcb,Qm1d35c7ec79d877b0c7ceb511303388ce64c11b9d740b,0.0.4891024,4357,2026-09-13 11:59:10 UTC,0xd97531ef826da1e89726f9d96d5fe491a11493edff9b0e7546908a5f6cebc26e,0.0001
ENC-00358,Deepak Verma,849558,0xc3f2681d24a0be09aadac1e806d6716bf0fd4722,88,female,A+,Dr. Ananya Roy,0x9965507D1a55bcC2695C58ba16FB37d819B0A4dc,NMC-51203,Hematology,Fortis Memorial Neuro & Trauma Center,0x84f93618C1D541bB1Dcf1373A8eE500A7D439634,Essential (primary) hypertension,I10,Cardiology,Moderate,148/92 mmHg,78,98%,110,"Amlodipine 5mg QD, Telmisartan 40mg QD",High,Passed - Safe pediatric/geriatric dosage tier verified,FHIR_R4_Bundle_I10_Condition_MedicationRequest,All Clinical Records & Diagnostic Evidence,Active On-Chain Consent (Granted by Patient),NO,N/A,N/A,Direct patient consent validated via ConsentManager.sol,AES-256-GCM,vault-transit-key-0xc3f2681d,Qm70e354098befcb078fdf1501a440904afb7bad21fe93,0.0.4891024,4358,2026-09-13 11:59:11 UTC,0x930bb291731230e424fa902d389159875931398e3b8ba73c0177cd0f62feea09,0.0001
ENC-00359,Vikas Sharma,849559,0x07c2ee3296e9b1797fbd93e0eb7c1e36a41e6177,89,male,A+,Dr. Vikram Seth,0x15d34AAf54267DB7D7c367839AAf71A00a2C6A65,NMC-99014,Oncology,Apex Diagnostic & Pathology Hub,0x04Fee3FD1B338d12FFD6dBD8d66dE1e8e0BB99cB,Unspecified intracranial injury / Concussion,S06.9X0A,Trauma & Emergency,Emergency,150/95 mmHg,64,97%,130,"Mannitol 20% 100mL IV, Phenytoin 100mg IV, Analgesics",Medium,Passed - Zero Drug-Drug Interaction Warning (Confidence 99.4%),FHIR_R4_Bundle_S06.9X0A_Condition_MedicationRequest,All Clinical Records & Diagnostic Evidence,Break-Glass Emergency Invoked (Active Override),YES,Acute Life-Threatening Presentation: Unspecified intracranial injury / Concussion,60 Minutes (Auto-Expiring Ephemeral Key),Emergency access granted; immediate HCS compliance event broadcasted,AES-256-GCM,vault-transit-key-0x07c2ee32,Qm62ccb8ff7ce0d2da02d302795500adeec9e7d3648292,0.0.4891024,4359,2026-09-13 11:59:14 UTC,0xcf49a679039b35b88933b7f9a8b3cf3ae8be10469ab4ef75b96b323e3dfd2d34,0.0001
ENC-00360,Sakshi Banerjee,849560,0xfffacaa23b69914dcb3360f815ec58b083d5bf04,18,female,A-,Dr. Preeti Deshmukh,0x23618e81E3f5cdF7f54C3d65f7FBc0aBf5B21E8f,NMC-82194,Obstetrics & Pediatrics,Care & Cure Pediatric & Maternity Hospital,0x937F51E09477BfD31E56c5e533038a8eEAc096b7,Unspecified intracranial injury / Concussion,S06.9X0A,Trauma & Emergency,Emergency,150/95 mmHg,64,97%,130,"Mannitol 20% 100mL IV, Phenytoin 100mg IV, Analgesics",High,Passed - Safe pediatric/geriatric dosage tier verified,FHIR_R4_Bundle_S06.9X0A_Condition_MedicationRequest,All Clinical Records & Diagnostic Evidence,Break-Glass Emergency Invoked (Active Override),YES,Acute Life-Threatening Presentation: Unspecified intracranial injury / Concussion,60 Minutes (Auto-Expiring Ephemeral Key),Emergency access granted; immediate HCS compliance event broadcasted,AES-256-GCM,vault-transit-key-0xfffacaa2,Qm90ecf15dee2b5e6b742d902d18dd8db51ebe1aae680b,0.0.4891024,4360,2026-09-13 11:59:16 UTC,0x900c9cbbdf6c6b19763a5b9863b77f5eebcdbe4a84a571c8be25216d48e78376,0.0001
ENC-00361,Nikhil Rao,849561,0xb02afa8219c76caa3bcd78e1ad0138784d44c8d3,19,male,B+,Dr. Sarah Jenkins,0x04Fee3FD1B338d12FFD6dBD8d66dE1e8e0BB99cB,NMC-48192,Cardiology,Fortis Memorial Neuro & Trauma Center,0x84f93618C1D541bB1Dcf1373A8eE500A7D439634,Gastro-esophageal reflux disease,K21.9,Gastroenterology,Low,120/80 mmHg,70,99%,98,"Pantoprazole 40mg QD pre-breakfast, Domperidone 30mg QD",Medium,Passed - Safe pediatric/geriatric dosage tier verified,FHIR_R4_Bundle_K21.9_Condition_MedicationRequest,All Clinical Records & Diagnostic Evidence,Active On-Chain Consent (Granted by Patient),NO,N/A,N/A,Direct patient consent validated via ConsentManager.sol,AES-256-GCM,vault-transit-key-0xb02afa82,Qmb05a5d1193f8c78d270e79beb543c07318e0a4e9395a,0.0.4891024,4361,2026-09-13 11:59:18 UTC,0x408d2626bd26bf71019f6b5f8227d960802bec8b61f5c4843b69f6f0357c948a,0.0001
ENC-00362,Yashwanth Mukherjee,849562,0x32f4efb1af2c1dbcec22b89a6ed96375a8db0f90,20,female,AB-,Dr. Ananya Roy,0x9965507D1a55bcC2695C58ba16FB37d819B0A4dc,NMC-51203,Hematology,Max Super Speciality Cancer Institute,0x28B7eA94B34C8F52D19E50Eb14769Da20F5D54b4,Type 2 diabetes mellitus without complications,E11.9,Endocrinology,Moderate,130/82 mmHg,72,99%,142,"Metformin 500mg BID, Dapagliflozin 10mg QD",Low,Passed - Safe pediatric/geriatric dosage tier verified,FHIR_R4_Bundle_E11.9_Condition_MedicationRequest,All Clinical Records & Diagnostic Evidence,Active On-Chain Consent (Granted by Patient),NO,N/A,N/A,Direct patient consent validated via ConsentManager.sol,AES-256-GCM,vault-transit-key-0x32f4efb1,Qm7b5eaad615f24ab7d8c8a58032bfc386f4159ac40dbf,0.0.4891024,4362,2026-09-13 11:59:20 UTC,0x561a9931c01c4299fcdb7ba60bb1ca707e4677788161e6184615a08b30bb733a,0.0001
ENC-00363,Kavya Hegde,849563,0xd9fd7878ab08d48ed22732b5d41aec6b89be26f3,21,male,A-,Dr. Ananya Roy,0x9965507D1a55bcC2695C58ba16FB37d819B0A4dc,NMC-51203,Hematology,Max Super Speciality Cancer Institute,0x28B7eA94B34C8F52D19E50Eb14769Da20F5D54b4,Gastro-esophageal reflux disease,K21.9,Gastroenterology,Low,120/80 mmHg,70,99%,98,"Pantoprazole 40mg QD pre-breakfast, Domperidone 30mg QD",Low,Passed - Safe pediatric/geriatric dosage tier verified,FHIR_R4_Bundle_K21.9_Condition_MedicationRequest,All Clinical Records & Diagnostic Evidence,Active On-Chain Consent (Granted by Patient),NO,N/A,N/A,Direct patient consent validated via ConsentManager.sol,AES-256-GCM,vault-transit-key-0xd9fd7878,Qm232ffc4be0bab136eee5b8d8ef070953a171df22eab8,0.0.4891024,4363,2026-09-13 11:59:23 UTC,0xbc717ca3193d41d18cbe3c7dfb808a63b1cf912c70bd2c8bf21a73b729e33354,0.0001
ENC-00364,Manish Saxena,849564,0x3d2114917c4f51f8b1b905bc77b40502eda9ee62,22,female,B+,Dr. Rajesh Sharma,0x3c44CdDdB6a900fa2b585dd299e03d12FA4293BC,NMC-78491,Gastroenterology,Apollo Multispecialty Hospital,0x155Af6ECaFb48861dA7d16Fb8Af2f6ce9d6DD779,Essential (primary) hypertension,I10,Cardiology,Moderate,148/92 mmHg,78,98%,110,"Amlodipine 5mg QD, Telmisartan 40mg QD",Medium,Advisory: Monitor Serum Potassium & Renal Function with ACEi/ARB,FHIR_R4_Bundle_I10_Condition_MedicationRequest,All Clinical Records & Diagnostic Evidence,Active On-Chain Consent (Granted by Patient),NO,N/A,N/A,Direct patient consent validated via ConsentManager.sol,AES-256-GCM,vault-transit-key-0x3d211491,Qmeada0559372ce6192e9f4c01514e98a1b752b21c3d76,0.0.4891024,4364,2026-09-13 11:59:24 UTC,0x81119e4ac7ef336a8853aed8ed3ab929ed689de24e2751192223a3960d0d891d,0.0001
ENC-00365,Nikhil Sharma,849565,0x7fb009cd91288b3445216a75eea5dd6e74f2197d,23,male,AB-,Dr. Ananya Roy,0x9965507D1a55bcC2695C58ba16FB37d819B0A4dc,NMC-51203,Hematology,Max Super Speciality Cancer Institute,0x28B7eA94B34C8F52D19E50Eb14769Da20F5D54b4,"Epilepsy, unspecified, without status epilepticus",G40.909,Neurology,High,118/74 mmHg,76,99%,95,"Levetiracetam 500mg BID, Clobazam 10mg QHS",Low,Advisory: Confirm Patient Creatinine Clearance prior to Metformin XR,FHIR_R4_Bundle_G40.909_Condition_MedicationRequest,All Clinical Records & Diagnostic Evidence,Pending Patient Authorization,NO,N/A,N/A,Access request pending approval from patient wallet,AES-256-GCM,vault-transit-key-0x7fb009cd,Qm31141453ecb3820f7b495a928e1de4309a21012a442b,0.0.4891024,4365,2026-09-13 11:59:26 UTC,0xbe4dead251a0a600b99b1858d32f33e774f145692861158d01edaeb967dceae5,0.0001
ENC-00366,Anand Agarwal,849566,0x42e384673b15f0ddc27d092834cfc9cad37bf65f,24,female,AB-,Dr. Ananya Roy,0x9965507D1a55bcC2695C58ba16FB37d819B0A4dc,NMC-51203,Hematology,Care & Cure Pediatric & Maternity Hospital,0x937F51E09477BfD31E56c5e533038a8eEAc096b7,Type 2 diabetes mellitus without complications,E11.9,Endocrinology,Moderate,130/82 mmHg,72,99%,142,"Metformin 500mg BID, Dapagliflozin 10mg QD",Low,Passed - Zero Drug-Drug Interaction Warning (Confidence 99.4%),FHIR_R4_Bundle_E11.9_Condition_MedicationRequest,All Clinical Records & Diagnostic Evidence,Active On-Chain Consent (Granted by Patient),NO,N/A,N/A,Direct patient consent validated via ConsentManager.sol,AES-256-GCM,vault-transit-key-0x42e38467,Qm0c82a3bda2b8c838874350166308dd72d11a935c545c,0.0.4891024,4366,2026-09-13 11:59:29 UTC,0x4ddc27223bb7b2fa74f2dbe3134621dff962f4ff67f64d8245a1813dd238d7df,0.0001
ENC-00367,Deepak Mehta,849567,0xb5e78fc5860e0a6c841b7589c08893c508e711a7,25,male,AB-,Dr. Rohan Patel,0x976EA74026E726554dB657fA54763abd0C3a0aa9,NMC-11029,Neurology,Fortis Memorial Neuro & Trauma Center,0x84f93618C1D541bB1Dcf1373A8eE500A7D439634,Type 2 diabetes mellitus without complications,E11.9,Endocrinology,Moderate,130/82 mmHg,72,99%,142,"Metformin 500mg BID, Dapagliflozin 10mg QD",Medium,Passed - Safe pediatric/geriatric dosage tier verified,FHIR_R4_Bundle_E11.9_Condition_MedicationRequest,All Clinical Records & Diagnostic Evidence,Active On-Chain Consent (Granted by Patient),NO,N/A,N/A,Direct patient consent validated via ConsentManager.sol,AES-256-GCM,vault-transit-key-0xb5e78fc5,Qma2cc20613f7bb3f95698c7effb1a07106f9cb6fceab2,0.0.4891024,4367,2026-09-13 11:59:31 UTC,0xa255aca1b288e8e59424644d0e59c4205005e2f6b08212d745a34d4935f43d15,0.0001
ENC-00368,Anand Sharma,849568,0x994950b4cd88f08d8617279002bd7b3bb9735551,26,female,O-,Dr. Preeti Deshmukh,0x23618e81E3f5cdF7f54C3d65f7FBc0aBf5B21E8f,NMC-82194,Obstetrics & Pediatrics,Max Super Speciality Cancer Institute,0x28B7eA94B34C8F52D19E50Eb14769Da20F5D54b4,Unspecified intracranial injury / Concussion,S06.9X0A,Trauma & Emergency,Emergency,150/95 mmHg,64,97%,130,"Mannitol 20% 100mL IV, Phenytoin 100mg IV, Analgesics",Low,Passed - Safe pediatric/geriatric dosage tier verified,FHIR_R4_Bundle_S06.9X0A_Condition_MedicationRequest,All Clinical Records & Diagnostic Evidence,Break-Glass Emergency Invoked (Active Override),YES,Acute Life-Threatening Presentation: Unspecified intracranial injury / Concussion,60 Minutes (Auto-Expiring Ephemeral Key),Emergency access granted; immediate HCS compliance event broadcasted,AES-256-GCM,vault-transit-key-0x994950b4,Qm5f812333371e63c7a2de1ec18e908bf5ce39584a4d9a,0.0.4891024,4368,2026-09-13 11:59:33 UTC,0x0cfabffce6b5537ab3592d310f8d4c4a60495ac8cdad52b5920bae07583cf23e,0.0001
ENC-00369,Madhav Gupta,849569,0x16ad1e373ebcf728ed97626674475099e3f7e631,27,male,O-,Dr. Vikram Seth,0x15d34AAf54267DB7D7c367839AAf71A00a2C6A65,NMC-99014,Oncology,Fortis Memorial Neuro & Trauma Center,0x84f93618C1D541bB1Dcf1373A8eE500A7D439634,Type 2 diabetes mellitus without complications,E11.9,Endocrinology,Moderate,130/82 mmHg,72,99%,142,"Metformin 500mg BID, Dapagliflozin 10mg QD",Low,Passed - Safe pediatric/geriatric dosage tier verified,FHIR_R4_Bundle_E11.9_Condition_MedicationRequest,All Clinical Records & Diagnostic Evidence,Active On-Chain Consent (Granted by Patient),NO,N/A,N/A,Direct patient consent validated via ConsentManager.sol,AES-256-GCM,vault-transit-key-0x16ad1e37,Qm18821b0e5fd418f8bd3f185fcac9082cdae91b349d43,0.0.4891024,4369,2026-09-13 11:59:35 UTC,0x9e32dcfce805288cbf3555c5adcd2b698ca442da379b07c269443de05bb0b96c,0.0001
ENC-00370,Vikas Bhatia,849570,0x4937065919d7709dc815e6aa92855dd4ed613748,28,female,B-,Dr. Rajesh Sharma,0x3c44CdDdB6a900fa2b585dd299e03d12FA4293BC,NMC-78491,Gastroenterology,Max Super Speciality Cancer Institute,0x28B7eA94B34C8F52D19E50Eb14769Da20F5D54b4,Unspecified intracranial injury / Concussion,S06.9X0A,Trauma & Emergency,Emergency,150/95 mmHg,64,97%,130,"Mannitol 20% 100mL IV, Phenytoin 100mg IV, Analgesics",Medium,Advisory: Confirm Patient Creatinine Clearance prior to Metformin XR,FHIR_R4_Bundle_S06.9X0A_Condition_MedicationRequest,All Clinical Records & Diagnostic Evidence,Break-Glass Emergency Invoked (Active Override),YES,Acute Life-Threatening Presentation: Unspecified intracranial injury / Concussion,60 Minutes (Auto-Expiring Ephemeral Key),Emergency access granted; immediate HCS compliance event broadcasted,AES-256-GCM,vault-transit-key-0x49370659,Qm77ac9918e97ce19496100082255de0a6cea2f99cf999,0.0.4891024,4370,2026-09-13 11:59:37 UTC,0x30418ae5bb15f052a81a14a315ab33ee24c555965000e46aff29d80c028a707d,0.0001
ENC-00371,Rakesh Pandey,849571,0xea28752ecd31c34827632d6b2002cc8dad069f02,29,male,A-,Dr. Rohan Patel,0x976EA74026E726554dB657fA54763abd0C3a0aa9,NMC-11029,Neurology,Fortis Memorial Neuro & Trauma Center,0x84f93618C1D541bB1Dcf1373A8eE500A7D439634,Malignant neoplasm of female breast,C50.919,Oncology,Critical,122/76 mmHg,84,98%,105,"Tamoxifen 20mg QD, Trastuzumab 6mg/kg IV Q3W, Paclitaxel",High,Advisory: Confirm Patient Creatinine Clearance prior to Metformin XR,FHIR_R4_Bundle_C50.919_Condition_MedicationRequest,All Clinical Records & Diagnostic Evidence,Pending Patient Authorization,NO,N/A,N/A,Access request pending approval from patient wallet,AES-256-GCM,vault-transit-key-0xea28752e,Qm9595dbb608ac72180f853ffe86b8883d35e4e71da14d,0.0.4891024,4371,2026-09-13 11:59:40 UTC,0x6aebc7a7a6166b1ea719c773f6503833b7c1863bbc99025b75ccb37ce06aad03,0.0001
ENC-00372,Kiran Malhotra,849572,0x189df339334e91e52fecb69bfc0ffa83b5252532,30,female,AB+,Dr. Preeti Deshmukh,0x23618e81E3f5cdF7f54C3d65f7FBc0aBf5B21E8f,NMC-82194,Obstetrics & Pediatrics,Apex Diagnostic & Pathology Hub,0x04Fee3FD1B338d12FFD6dBD8d66dE1e8e0BB99cB,Malignant neoplasm of female breast,C50.919,Oncology,Critical,122/76 mmHg,84,98%,105,"Tamoxifen 20mg QD, Trastuzumab 6mg/kg IV Q3W, Paclitaxel",High,Advisory: Monitor Serum Potassium & Renal Function with ACEi/ARB,FHIR_R4_Bundle_C50.919_Condition_MedicationRequest,All Clinical Records & Diagnostic Evidence,Pending Patient Authorization,NO,N/A,N/A,Access request pending approval from patient wallet,AES-256-GCM,vault-transit-key-0x189df339,Qm37ced3f677d935d3cecb6337d932dcd849d507e2f1d7,0.0.4891024,4372,2026-09-13 11:59:41 UTC,0xa8f92631ddaa58d312b230a77f939f187007a488d45584d8f07cee5570ee4fe9,0.0001
ENC-00373,Amit Swaminathan,849573,0x558e4312f835fb4dccc86292ee5884041d5fd29c,31,male,O+,Dr. Vikram Seth,0x15d34AAf54267DB7D7c367839AAf71A00a2C6A65,NMC-99014,Oncology,Apex Diagnostic & Pathology Hub,0x04Fee3FD1B338d12FFD6dBD8d66dE1e8e0BB99cB,"Acute myocardial infarction, unspecified",I21.9,Cardiology,Emergency,95/60 mmHg,112,93%,165,"Ticagrelor 90mg BID, Aspirin 325mg, Atorvastatin 80mg, IV Heparin",Medium,Advisory: Monitor Serum Potassium & Renal Function with ACEi/ARB,FHIR_R4_Bundle_I21.9_Condition_MedicationRequest,All Clinical Records & Diagnostic Evidence,Break-Glass Emergency Invoked (Active Override),YES,"Acute Life-Threatening Presentation: Acute myocardial infarction, unspecified",60 Minutes (Auto-Expiring Ephemeral Key),Emergency access granted; immediate HCS compliance event broadcasted,AES-256-GCM,vault-transit-key-0x558e4312,Qmd7bf44be25fecced1ccf316aa575f0a11bd0f0540a42,0.0.4891024,4373,2026-09-13 11:59:44 UTC,0x7e312da926210fbef7f08ca0f41dee878dccc05605cd208c29f42bbd66011c9d,0.0001
ENC-00374,Divya Mishra,849574,0xd86cdb547d454af2938f548342c8f800ade07e16,32,female,AB-,Dr. Ananya Roy,0x9965507D1a55bcC2695C58ba16FB37d819B0A4dc,NMC-51203,Hematology,Apex Diagnostic & Pathology Hub,0x04Fee3FD1B338d12FFD6dBD8d66dE1e8e0BB99cB,"Epilepsy, unspecified, without status epilepticus",G40.909,Neurology,High,118/74 mmHg,76,99%,95,"Levetiracetam 500mg BID, Clobazam 10mg QHS",Low,Passed - Safe pediatric/geriatric dosage tier verified,FHIR_R4_Bundle_G40.909_Condition_MedicationRequest,All Clinical Records & Diagnostic Evidence,Active On-Chain Consent (Granted by Patient),NO,N/A,N/A,Direct patient consent validated via ConsentManager.sol,AES-256-GCM,vault-transit-key-0xd86cdb54,Qm277963c7af65778fd08bd48a587cb530f5ce57320ec0,0.0.4891024,4374,2026-09-13 11:59:46 UTC,0x99a27a3d669c723731cb201b0c842d2915cbcc203866ca7e2dfd24ee9b30b616,0.0001
ENC-00375,Rakesh Pillai,849575,0xec5cc4cd60bed66efe2eee90b3a1b6a27571b610,33,male,B+,Dr. Vikram Seth,0x15d34AAf54267DB7D7c367839AAf71A00a2C6A65,NMC-99014,Oncology,Apollo Multispecialty Hospital,0x155Af6ECaFb48861dA7d16Fb8Af2f6ce9d6DD779,Dengue fever [classical dengue],A90,Infectious Disease,High,100/68 mmHg,96,98%,102,"Oral Rehydration Salts 1L/day, Paracetamol 650mg SOS",Medium,Passed - Zero Drug-Drug Interaction Warning (Confidence 99.4%),FHIR_R4_Bundle_A90_Condition_MedicationRequest,All Clinical Records & Diagnostic Evidence,Active On-Chain Consent (Granted by Patient),NO,N/A,N/A,Direct patient consent validated via ConsentManager.sol,AES-256-GCM,vault-transit-key-0xec5cc4cd,Qmc22d38509331622c3afd6641038fb20c918cf63915ba,0.0.4891024,4375,2026-09-13 11:59:47 UTC,0xe30c6c20da3c9832a75ef36f70b902075b35a00786531f3e2fe2196753ed06f2,0.0001
ENC-00376,Nandini Chatterjee,849576,0x1904c51357e041347c526c37819268809f6f8e45,34,female,B+,Dr. Sunita Narang,0xBcd4042DE499D14e55001CcbB24a551F3b954096,NMC-90812,Endocrinology & Internal Medicine,Fortis Memorial Neuro & Trauma Center,0x84f93618C1D541bB1Dcf1373A8eE500A7D439634,Unspecified intracranial injury / Concussion,S06.9X0A,Trauma & Emergency,Emergency,150/95 mmHg,64,97%,130,"Mannitol 20% 100mL IV, Phenytoin 100mg IV, Analgesics",High,Advisory: Confirm Patient Creatinine Clearance prior to Metformin XR,FHIR_R4_Bundle_S06.9X0A_Condition_MedicationRequest,All Clinical Records & Diagnostic Evidence,Break-Glass Emergency Invoked (Active Override),YES,Acute Life-Threatening Presentation: Unspecified intracranial injury / Concussion,60 Minutes (Auto-Expiring Ephemeral Key),Emergency access granted; immediate HCS compliance event broadcasted,AES-256-GCM,vault-transit-key-0x1904c513,Qma03bb91a4a8774a49c79c355a6642c59320a8573ab48,0.0.4891024,4376,2026-09-13 11:59:50 UTC,0x6ab32dd7267f429a64d84eae1a549d56726005d14d9c2b06017cee2bf50245fe,0.0001
ENC-00377,Nikhil Ghosh,849577,0x9d0f8dd9838155f4ad25a66a5ecada1802c99eb6,35,male,AB+,Dr. Rohan Patel,0x976EA74026E726554dB657fA54763abd0C3a0aa9,NMC-11029,Neurology,Apex Diagnostic & Pathology Hub,0x04Fee3FD1B338d12FFD6dBD8d66dE1e8e0BB99cB,"Acute myocardial infarction, unspecified",I21.9,Cardiology,Emergency,95/60 mmHg,112,93%,165,"Ticagrelor 90mg BID, Aspirin 325mg, Atorvastatin 80mg, IV Heparin",Low,Passed - Zero Drug-Drug Interaction Warning (Confidence 99.4%),FHIR_R4_Bundle_I21.9_Condition_MedicationRequest,All Clinical Records & Diagnostic Evidence,Break-Glass Emergency Invoked (Active Override),YES,"Acute Life-Threatening Presentation: Acute myocardial infarction, unspecified",60 Minutes (Auto-Expiring Ephemeral Key),Emergency access granted; immediate HCS compliance event broadcasted,AES-256-GCM,vault-transit-key-0x9d0f8dd9,Qm52f980e0adc75a5510234b3c0511e8162ecfb6cb41a9,0.0.4891024,4377,2026-09-13 11:59:52 UTC,0xb6f2a97c659eefc820a4337dd18cdd6794423080f506c067b8e0a2211be52630,0.0001
ENC-00378,Chetan Hegde,849578,0x41407380a84497c0fe9b124489eb6f447191b746,36,female,O-,Dr. Rajesh Sharma,0x3c44CdDdB6a900fa2b585dd299e03d12FA4293BC,NMC-78491,Gastroenterology,Care & Cure Pediatric & Maternity Hospital,0x937F51E09477BfD31E56c5e533038a8eEAc096b7,Gastro-esophageal reflux disease,K21.9,Gastroenterology,Low,120/80 mmHg,70,99%,98,"Pantoprazole 40mg QD pre-breakfast, Domperidone 30mg QD",Medium,Passed - Zero Drug-Drug Interaction Warning (Confidence 99.4%),FHIR_R4_Bundle_K21.9_Condition_MedicationRequest,All Clinical Records & Diagnostic Evidence,Active On-Chain Consent (Granted by Patient),NO,N/A,N/A,Direct patient consent validated via ConsentManager.sol,AES-256-GCM,vault-transit-key-0x41407380,Qm135490de822061a87f0b71aaf274aaa1b97264b1b06f,0.0.4891024,4378,2026-09-13 11:59:54 UTC,0x63316c79baa2c0e5644ededc18529cbdaec2a80e22cc21f5077dd21dfa639f8d,0.0001
ENC-00379,Pooja Gupta,849579,0xa76cb37410a215489ebf8cc08b0240f6f750fc88,37,male,O-,Dr. Sarah Jenkins,0x04Fee3FD1B338d12FFD6dBD8d66dE1e8e0BB99cB,NMC-48192,Cardiology,Apollo Multispecialty Hospital,0x155Af6ECaFb48861dA7d16Fb8Af2f6ce9d6DD779,Gastro-esophageal reflux disease,K21.9,Gastroenterology,Low,120/80 mmHg,70,99%,98,"Pantoprazole 40mg QD pre-breakfast, Domperidone 30mg QD",Low,Passed - Safe pediatric/geriatric dosage tier verified,FHIR_R4_Bundle_K21.9_Condition_MedicationRequest,All Clinical Records & Diagnostic Evidence,Active On-Chain Consent (Granted by Patient),NO,N/A,N/A,Direct patient consent validated via ConsentManager.sol,AES-256-GCM,vault-transit-key-0xa76cb374,Qm02d4c588cfcd8de7b325bc99d78b48238ad518060f32,0.0.4891024,4379,2026-09-13 11:59:56 UTC,0x439e9ce5b098fff242cf17b56bb69653c66cfd10db72291257b29be6d49d871c,0.0001
ENC-00380,Vikas Kulkarni,849580,0xec857f157a696087174b3104a4f6eed8d79a5885,38,female,B-,Dr. Rohan Patel,0x976EA74026E726554dB657fA54763abd0C3a0aa9,NMC-11029,Neurology,Max Super Speciality Cancer Institute,0x28B7eA94B34C8F52D19E50Eb14769Da20F5D54b4,Dengue fever [classical dengue],A90,Infectious Disease,High,100/68 mmHg,96,98%,102,"Oral Rehydration Salts 1L/day, Paracetamol 650mg SOS",Medium,Passed - Zero Drug-Drug Interaction Warning (Confidence 99.4%),FHIR_R4_Bundle_A90_Condition_MedicationRequest,All Clinical Records & Diagnostic Evidence,Pending Patient Authorization,NO,N/A,N/A,Access request pending approval from patient wallet,AES-256-GCM,vault-transit-key-0xec857f15,Qm3518a82d36853307b7d98f6b9941ad10bb7fce784a95,0.0.4891024,4380,2026-09-13 11:59:58 UTC,0x5c51724ac30c89db3106aa8a26a76bfff148f137211fedb25d3750a0a77942b6,0.0001
ENC-00381,Rakesh Iyer,849581,0x5e6be3600ec8e6c0353bd61e499df62ea08856d5,39,male,AB-,Dr. Vikram Seth,0x15d34AAf54267DB7D7c367839AAf71A00a2C6A65,NMC-99014,Oncology,Max Super Speciality Cancer Institute,0x28B7eA94B34C8F52D19E50Eb14769Da20F5D54b4,Type 2 diabetes mellitus without complications,E11.9,Endocrinology,Moderate,130/82 mmHg,72,99%,142,"Metformin 500mg BID, Dapagliflozin 10mg QD",Low,Passed - Zero Drug-Drug Interaction Warning (Confidence 99.4%),FHIR_R4_Bundle_E11.9_Condition_MedicationRequest,All Clinical Records & Diagnostic Evidence,Active On-Chain Consent (Granted by Patient),NO,N/A,N/A,Direct patient consent validated via ConsentManager.sol,AES-256-GCM,vault-transit-key-0x5e6be360,Qmcfb4c0e7be8562d3546ec9299cb675e8d331908847e9,0.0.4891024,4381,2026-09-13 12:00:00 UTC,0x81ad738f87f603b41ac8c2013e2a8e4bc0dd4fd8388faeb3ab4bf176ff8a539c,0.0001
ENC-00382,Sakshi Pandey,849582,0xc8a0cf2461d7c06c58c7753c2459c1b6b6f89899,40,female,AB-,Dr. Vikram Seth,0x15d34AAf54267DB7D7c367839AAf71A00a2C6A65,NMC-99014,Oncology,Max Super Speciality Cancer Institute,0x28B7eA94B34C8F52D19E50Eb14769Da20F5D54b4,Unspecified intracranial injury / Concussion,S06.9X0A,Trauma & Emergency,Emergency,150/95 mmHg,64,97%,130,"Mannitol 20% 100mL IV, Phenytoin 100mg IV, Analgesics",Medium,Passed - Zero Drug-Drug Interaction Warning (Confidence 99.4%),FHIR_R4_Bundle_S06.9X0A_Condition_MedicationRequest,All Clinical Records & Diagnostic Evidence,Active On-Chain Consent (Granted by Patient),NO,N/A,N/A,Direct patient consent validated via ConsentManager.sol,AES-256-GCM,vault-transit-key-0xc8a0cf24,Qm2472d1b09a55403d465264a89a3ece9d697942e4fc0d,0.0.4891024,4382,2026-09-13 12:00:02 UTC,0x367d4ffb8b8bae7bfe9fefb5b11f7361dda68aeb4e4b47094e041a1b35c525ef,0.0001
ENC-00383,Sakshi Joshi,849583,0x7338df95dc26215c9c59b7c3b59c676b60dfaddb,41,male,B+,Dr. Vikram Seth,0x15d34AAf54267DB7D7c367839AAf71A00a2C6A65,NMC-99014,Oncology,Apex Diagnostic & Pathology Hub,0x04Fee3FD1B338d12FFD6dBD8d66dE1e8e0BB99cB,Essential (primary) hypertension,I10,Cardiology,Moderate,148/92 mmHg,78,98%,110,"Amlodipine 5mg QD, Telmisartan 40mg QD",High,Advisory: Confirm Patient Creatinine Clearance prior to Metformin XR,FHIR_R4_Bundle_I10_Condition_MedicationRequest,All Clinical Records & Diagnostic Evidence,Active On-Chain Consent (Granted by Patient),NO,N/A,N/A,Direct patient consent validated via ConsentManager.sol,AES-256-GCM,vault-transit-key-0x7338df95,Qmd1110525521ccad92cc64873601f536fd18e01cbb5d0,0.0.4891024,4383,2026-09-13 12:00:04 UTC,0x220eef5371ca7ffa3fee54a2408c8478e1e146e73369b336905487a608940ad3,0.0001
ENC-00384,Ananya Swaminathan,849584,0xfcd187364c42ab186d4b55e23a047e6a2e8640f1,42,female,O+,Dr. Preeti Deshmukh,0x23618e81E3f5cdF7f54C3d65f7FBc0aBf5B21E8f,NMC-82194,Obstetrics & Pediatrics,Max Super Speciality Cancer Institute,0x28B7eA94B34C8F52D19E50Eb14769Da20F5D54b4,Dengue fever [classical dengue],A90,Infectious Disease,High,100/68 mmHg,96,98%,102,"Oral Rehydration Salts 1L/day, Paracetamol 650mg SOS",Low,Passed - Zero Drug-Drug Interaction Warning (Confidence 99.4%),FHIR_R4_Bundle_A90_Condition_MedicationRequest,All Clinical Records & Diagnostic Evidence,Active On-Chain Consent (Granted by Patient),NO,N/A,N/A,Direct patient consent validated via ConsentManager.sol,AES-256-GCM,vault-transit-key-0xfcd18736,Qmfe63b0adb64623bcdc6846e25e1eda2592bf657abdaf,0.0.4891024,4384,2026-09-13 12:00:06 UTC,0xf726325abd2a371bcf14caa7e5251b357e141c2955f396660281d00367d16a90,0.0001
ENC-00385,Gautam Mishra,849585,0x30f56ec5a28628878147a4657b28e449eb93d6c8,43,male,B+,Dr. Preeti Deshmukh,0x23618e81E3f5cdF7f54C3d65f7FBc0aBf5B21E8f,NMC-82194,Obstetrics & Pediatrics,Max Super Speciality Cancer Institute,0x28B7eA94B34C8F52D19E50Eb14769Da20F5D54b4,"Acute myocardial infarction, unspecified",I21.9,Cardiology,Emergency,95/60 mmHg,112,93%,165,"Ticagrelor 90mg BID, Aspirin 325mg, Atorvastatin 80mg, IV Heparin",Medium,Advisory: Confirm Patient Creatinine Clearance prior to Metformin XR,FHIR_R4_Bundle_I21.9_Condition_MedicationRequest,All Clinical Records & Diagnostic Evidence,Pending Patient Authorization,NO,N/A,N/A,Access request pending approval from patient wallet,AES-256-GCM,vault-transit-key-0x30f56ec5,Qm30f334e0881a97bcfafaba1b0b5863d846789d932b13,0.0.4891024,4385,2026-09-13 12:00:08 UTC,0x1ad00814effc71467637d28faa5e87b0d99011706bef85a64d9aaef23f6bc77e,0.0001
ENC-00386,Sameer Gowda,849586,0x0d8bb07bf8f02230e5f9930208c8632c94a326b8,44,female,A+,Dr. Ananya Roy,0x9965507D1a55bcC2695C58ba16FB37d819B0A4dc,NMC-51203,Hematology,Care & Cure Pediatric & Maternity Hospital,0x937F51E09477BfD31E56c5e533038a8eEAc096b7,Essential (primary) hypertension,I10,Cardiology,Moderate,148/92 mmHg,78,98%,110,"Amlodipine 5mg QD, Telmisartan 40mg QD",Low,Passed - Safe pediatric/geriatric dosage tier verified,FHIR_R4_Bundle_I10_Condition_MedicationRequest,All Clinical Records & Diagnostic Evidence,Active On-Chain Consent (Granted by Patient),NO,N/A,N/A,Direct patient consent validated via ConsentManager.sol,AES-256-GCM,vault-transit-key-0x0d8bb07b,Qm59b986ac42b10f304cfe37414561f9c24182406d31ee,0.0.4891024,4386,2026-09-13 12:00:11 UTC,0xac22659fba115bc070d153fef9514d647dd2a83aebe6b54ca341af7522736a98,0.0001
ENC-00387,Harish Ghosh,849587,0xcdaff0deaff8c428983d45ddaf3bdb84e55c4545,45,male,A+,Dr. Sunita Narang,0xBcd4042DE499D14e55001CcbB24a551F3b954096,NMC-90812,Endocrinology & Internal Medicine,Max Super Speciality Cancer Institute,0x28B7eA94B34C8F52D19E50Eb14769Da20F5D54b4,Dengue fever [classical dengue],A90,Infectious Disease,High,100/68 mmHg,96,98%,102,"Oral Rehydration Salts 1L/day, Paracetamol 650mg SOS",Low,Advisory: Confirm Patient Creatinine Clearance prior to Metformin XR,FHIR_R4_Bundle_A90_Condition_MedicationRequest,All Clinical Records & Diagnostic Evidence,Active On-Chain Consent (Granted by Patient),NO,N/A,N/A,Direct patient consent validated via ConsentManager.sol,AES-256-GCM,vault-transit-key-0xcdaff0de,Qm0b852cab83c561ed22b1d7ed5167c98926f89ee94d0b,0.0.4891024,4387,2026-09-13 12:00:13 UTC,0x3c18f5b03c23e4826fa5c84a7952d4fa9607cd3735280431ea7be4c3c0785fbe,0.0001
ENC-00388,Arjun Kulkarni,849588,0x9406361a281b452ffcf264f743c7074bc1eb4c5b,46,female,O+,Dr. Sarah Jenkins,0x04Fee3FD1B338d12FFD6dBD8d66dE1e8e0BB99cB,NMC-48192,Cardiology,Max Super Speciality Cancer Institute,0x28B7eA94B34C8F52D19E50Eb14769Da20F5D54b4,Dengue fever [classical dengue],A90,Infectious Disease,High,100/68 mmHg,96,98%,102,"Oral Rehydration Salts 1L/day, Paracetamol 650mg SOS",Low,Advisory: Monitor Serum Potassium & Renal Function with ACEi/ARB,FHIR_R4_Bundle_A90_Condition_MedicationRequest,All Clinical Records & Diagnostic Evidence,Active On-Chain Consent (Granted by Patient),NO,N/A,N/A,Direct patient consent validated via ConsentManager.sol,AES-256-GCM,vault-transit-key-0x9406361a,Qm7e275793faf7cbecf46c5117fe06b3041e3a3145916a,0.0.4891024,4388,2026-09-13 12:00:15 UTC,0x077f9ae1257fc0209c77c12e2cea716f37253cb77fd280cb6a1104049c0728df,0.0001
ENC-00389,Manish Mukherjee,849589,0x445de4d3caf909a7b898aa338a85d365af0ac757,47,male,B+,Dr. Rohan Patel,0x976EA74026E726554dB657fA54763abd0C3a0aa9,NMC-11029,Neurology,Fortis Memorial Neuro & Trauma Center,0x84f93618C1D541bB1Dcf1373A8eE500A7D439634,Unspecified intracranial injury / Concussion,S06.9X0A,Trauma & Emergency,Emergency,150/95 mmHg,64,97%,130,"Mannitol 20% 100mL IV, Phenytoin 100mg IV, Analgesics",High,Passed - Safe pediatric/geriatric dosage tier verified,FHIR_R4_Bundle_S06.9X0A_Condition_MedicationRequest,All Clinical Records & Diagnostic Evidence,Break-Glass Emergency Invoked (Active Override),YES,Acute Life-Threatening Presentation: Unspecified intracranial injury / Concussion,60 Minutes (Auto-Expiring Ephemeral Key),Emergency access granted; immediate HCS compliance event broadcasted,AES-256-GCM,vault-transit-key-0x445de4d3,Qma988561f17112f7d65f27585cccfdf881bb7857c356d,0.0.4891024,4389,2026-09-13 12:00:17 UTC,0xec2862e01de2fe66705e84c228b56b4a356e0d6c142045f2f86a08291c739ae4,0.0001
ENC-00390,Riya Chatterjee,849590,0xa9202ae9fab1db3a3f9c4fa922390c94e65996ae,48,female,O+,Dr. Preeti Deshmukh,0x23618e81E3f5cdF7f54C3d65f7FBc0aBf5B21E8f,NMC-82194,Obstetrics & Pediatrics,Care & Cure Pediatric & Maternity Hospital,0x937F51E09477BfD31E56c5e533038a8eEAc096b7,"Acute myocardial infarction, unspecified",I21.9,Cardiology,Emergency,95/60 mmHg,112,93%,165,"Ticagrelor 90mg BID, Aspirin 325mg, Atorvastatin 80mg, IV Heparin",Low,Passed - Zero Drug-Drug Interaction Warning (Confidence 99.4%),FHIR_R4_Bundle_I21.9_Condition_MedicationRequest,All Clinical Records & Diagnostic Evidence,Break-Glass Emergency Invoked (Active Override),YES,"Acute Life-Threatening Presentation: Acute myocardial infarction, unspecified",60 Minutes (Auto-Expiring Ephemeral Key),Emergency access granted; immediate HCS compliance event broadcasted,AES-256-GCM,vault-transit-key-0xa9202ae9,Qm008f2cf6e94bdb6d32c73cc97e61c6878a4f26ed1558,0.0.4891024,4390,2026-09-13 12:00:19 UTC,0x151bf056817af933e5999a1e89221f508b72903831c20408778757ce509e835b,0.0001
ENC-00391,Lata Chatterjee,849591,0xc04e95385d7a25b52293d5d5bcccc5ce03b68efb,49,male,O+,Dr. Vikram Seth,0x15d34AAf54267DB7D7c367839AAf71A00a2C6A65,NMC-99014,Oncology,Apollo Multispecialty Hospital,0x155Af6ECaFb48861dA7d16Fb8Af2f6ce9d6DD779,Unspecified intracranial injury / Concussion,S06.9X0A,Trauma & Emergency,Emergency,150/95 mmHg,64,97%,130,"Mannitol 20% 100mL IV, Phenytoin 100mg IV, Analgesics",Low,Advisory: Monitor Serum Potassium & Renal Function with ACEi/ARB,FHIR_R4_Bundle_S06.9X0A_Condition_MedicationRequest,All Clinical Records & Diagnostic Evidence,Break-Glass Emergency Invoked (Active Override),YES,Acute Life-Threatening Presentation: Unspecified intracranial injury / Concussion,60 Minutes (Auto-Expiring Ephemeral Key),Emergency access granted; immediate HCS compliance event broadcasted,AES-256-GCM,vault-transit-key-0xc04e9538,Qm80aa85cce37dd3d25662dcfa52464a2a5f5cddbcf1d7,0.0.4891024,4391,2026-09-13 12:00:21 UTC,0x41c016b9ebfb0589eb894bb59bd5a68f56f3652e290a81cf9a8d94cb2d6691ee,0.0001
ENC-00392,Manish Pandey,849592,0x1f08f8573f16572bdb77baac1e8be179492b92e6,50,female,O+,Dr. Preeti Deshmukh,0x23618e81E3f5cdF7f54C3d65f7FBc0aBf5B21E8f,NMC-82194,Obstetrics & Pediatrics,Apex Diagnostic & Pathology Hub,0x04Fee3FD1B338d12FFD6dBD8d66dE1e8e0BB99cB,"Epilepsy, unspecified, without status epilepticus",G40.909,Neurology,High,118/74 mmHg,76,99%,95,"Levetiracetam 500mg BID, Clobazam 10mg QHS",Medium,Advisory: Confirm Patient Creatinine Clearance prior to Metformin XR,FHIR_R4_Bundle_G40.909_Condition_MedicationRequest,All Clinical Records & Diagnostic Evidence,Active On-Chain Consent (Granted by Patient),NO,N/A,N/A,Direct patient consent validated via ConsentManager.sol,AES-256-GCM,vault-transit-key-0x1f08f857,Qm47c6c04556a435099bfa17ec4a7027b66f11b77a0a2e,0.0.4891024,4392,2026-09-13 12:00:23 UTC,0x2ce1489f9ea95185201febf18b96f8e82ec578be40f80fc6a4a67e05f171609e,0.0001
ENC-00393,Meera Ghosh,849593,0xad7ec2002580e7e3b388a1bd0d39cf907d79befb,51,male,AB+,Dr. Sunita Narang,0xBcd4042DE499D14e55001CcbB24a551F3b954096,NMC-90812,Endocrinology & Internal Medicine,Apex Diagnostic & Pathology Hub,0x04Fee3FD1B338d12FFD6dBD8d66dE1e8e0BB99cB,"Epilepsy, unspecified, without status epilepticus",G40.909,Neurology,High,118/74 mmHg,76,99%,95,"Levetiracetam 500mg BID, Clobazam 10mg QHS",Medium,Advisory: Confirm Patient Creatinine Clearance prior to Metformin XR,FHIR_R4_Bundle_G40.909_Condition_MedicationRequest,All Clinical Records & Diagnostic Evidence,Active On-Chain Consent (Granted by Patient),NO,N/A,N/A,Direct patient consent validated via ConsentManager.sol,AES-256-GCM,vault-transit-key-0xad7ec200,Qmede7059da52dcfa7be0944e0425bc1f2f6d19557078b,0.0.4891024,4393,2026-09-13 12:00:25 UTC,0x96dd40d291ecf3112692bbe65cb78952175852f2f239b7dfff422535f6f7d45e,0.0001
ENC-00394,Ishaan Kulkarni,849594,0xea9b6ec5f802f2c5076f5b55968207b61d8d7359,52,female,O-,Dr. Ananya Roy,0x9965507D1a55bcC2695C58ba16FB37d819B0A4dc,NMC-51203,Hematology,Apollo Multispecialty Hospital,0x155Af6ECaFb48861dA7d16Fb8Af2f6ce9d6DD779,Dengue fever [classical dengue],A90,Infectious Disease,High,100/68 mmHg,96,98%,102,"Oral Rehydration Salts 1L/day, Paracetamol 650mg SOS",Low,Passed - Safe pediatric/geriatric dosage tier verified,FHIR_R4_Bundle_A90_Condition_MedicationRequest,All Clinical Records & Diagnostic Evidence,Active On-Chain Consent (Granted by Patient),NO,N/A,N/A,Direct patient consent validated via ConsentManager.sol,AES-256-GCM,vault-transit-key-0xea9b6ec5,Qm5a54e383dbce77d7232ffe300b37ff99db57f68f34a6,0.0.4891024,4394,2026-09-13 12:00:27 UTC,0xad44df56a4fcf7580a4ccc3252f2c37cb88b2f8c612d239922914f21f3995dbf,0.0001
ENC-00395,Ishaan Verma,849595,0x3a12d4528ac8ec3acd6d487e4881d10402c620b9,53,male,B-,Dr. Sunita Narang,0xBcd4042DE499D14e55001CcbB24a551F3b954096,NMC-90812,Endocrinology & Internal Medicine,Apollo Multispecialty Hospital,0x155Af6ECaFb48861dA7d16Fb8Af2f6ce9d6DD779,Malignant neoplasm of female breast,C50.919,Oncology,Critical,122/76 mmHg,84,98%,105,"Tamoxifen 20mg QD, Trastuzumab 6mg/kg IV Q3W, Paclitaxel",High,Advisory: Confirm Patient Creatinine Clearance prior to Metformin XR,FHIR_R4_Bundle_C50.919_Condition_MedicationRequest,All Clinical Records & Diagnostic Evidence,Active On-Chain Consent (Granted by Patient),NO,N/A,N/A,Direct patient consent validated via ConsentManager.sol,AES-256-GCM,vault-transit-key-0x3a12d452,Qme73e63932a1c1921f3dc86ea66853a62387414366d57,0.0.4891024,4395,2026-09-13 12:00:30 UTC,0x4b53a43ba06e7805e5013fa54986c476e448306917122388952802ce54f2bcee,0.0001
ENC-00396,Pooja Swaminathan,849596,0x24d84d0e72d61a6eafcec3ab46f59326db2f86d9,54,female,O-,Dr. Vikram Seth,0x15d34AAf54267DB7D7c367839AAf71A00a2C6A65,NMC-99014,Oncology,Care & Cure Pediatric & Maternity Hospital,0x937F51E09477BfD31E56c5e533038a8eEAc096b7,Essential (primary) hypertension,I10,Cardiology,Moderate,148/92 mmHg,78,98%,110,"Amlodipine 5mg QD, Telmisartan 40mg QD",Medium,Advisory: Monitor Serum Potassium & Renal Function with ACEi/ARB,FHIR_R4_Bundle_I10_Condition_MedicationRequest,All Clinical Records & Diagnostic Evidence,Active On-Chain Consent (Granted by Patient),NO,N/A,N/A,Direct patient consent validated via ConsentManager.sol,AES-256-GCM,vault-transit-key-0x24d84d0e,Qmd8025dd28a1c6357306b2809a28f786b3e183418cba0,0.0.4891024,4396,2026-09-13 12:00:32 UTC,0x796829681e24a63a222b18b3f1e37defa9e5f051d472e83488185cd8103725b6,0.0001
ENC-00397,Pooja Mishra,849597,0x82069f4beb8a54a6a27390e5663eebd09947c6bb,55,male,O+,Dr. Vikram Seth,0x15d34AAf54267DB7D7c367839AAf71A00a2C6A65,NMC-99014,Oncology,Apollo Multispecialty Hospital,0x155Af6ECaFb48861dA7d16Fb8Af2f6ce9d6DD779,Malignant neoplasm of female breast,C50.919,Oncology,Critical,122/76 mmHg,84,98%,105,"Tamoxifen 20mg QD, Trastuzumab 6mg/kg IV Q3W, Paclitaxel",Medium,Advisory: Confirm Patient Creatinine Clearance prior to Metformin XR,FHIR_R4_Bundle_C50.919_Condition_MedicationRequest,All Clinical Records & Diagnostic Evidence,Pending Patient Authorization,NO,N/A,N/A,Access request pending approval from patient wallet,AES-256-GCM,vault-transit-key-0x82069f4b,Qm51b696f9ddfea3378ff95cd73f7e80cf9fd1b6e2a8a4,0.0.4891024,4397,2026-09-13 12:00:34 UTC,0x46a66af4cc4f6fa5abd7150aab95028f74c293a038023ec447314f76ea7ac34e,0.0001
ENC-00398,Siddharth Menon,849598,0x661be7e670a27283e1e0886a2366341fde708333,56,female,A-,Dr. Ananya Roy,0x9965507D1a55bcC2695C58ba16FB37d819B0A4dc,NMC-51203,Hematology,Care & Cure Pediatric & Maternity Hospital,0x937F51E09477BfD31E56c5e533038a8eEAc096b7,Type 2 diabetes mellitus without complications,E11.9,Endocrinology,Moderate,130/82 mmHg,72,99%,142,"Metformin 500mg BID, Dapagliflozin 10mg QD",High,Passed - Safe pediatric/geriatric dosage tier verified,FHIR_R4_Bundle_E11.9_Condition_MedicationRequest,All Clinical Records & Diagnostic Evidence,Pending Patient Authorization,NO,N/A,N/A,Access request pending approval from patient wallet,AES-256-GCM,vault-transit-key-0x661be7e6,Qm761f8e5a81515570ed02caa9783854c0061c31272083,0.0.4891024,4398,2026-09-13 12:00:36 UTC,0x9682d443adbdfe94f5e4cddc8b2ebd1d6658ad781aa8081ec633f03a1a0d6e3e,0.0001
ENC-00399,Riya Hegde,849599,0x47570e0d35ea836e27f12c95600a99412a513e54,57,male,AB+,Dr. Sarah Jenkins,0x04Fee3FD1B338d12FFD6dBD8d66dE1e8e0BB99cB,NMC-48192,Cardiology,Apex Diagnostic & Pathology Hub,0x04Fee3FD1B338d12FFD6dBD8d66dE1e8e0BB99cB,"Acute myocardial infarction, unspecified",I21.9,Cardiology,Emergency,95/60 mmHg,112,93%,165,"Ticagrelor 90mg BID, Aspirin 325mg, Atorvastatin 80mg, IV Heparin",Medium,Passed - Zero Drug-Drug Interaction Warning (Confidence 99.4%),FHIR_R4_Bundle_I21.9_Condition_MedicationRequest,All Clinical Records & Diagnostic Evidence,Pending Patient Authorization,NO,N/A,N/A,Access request pending approval from patient wallet,AES-256-GCM,vault-transit-key-0x47570e0d,Qm7014b7cc8d8bf92f909c5015fd04a9627709e71756bc,0.0.4891024,4399,2026-09-13 12:00:38 UTC,0x0c3128e518996ba9ca44cf5c9cb2fb852b27c5401cbaa0b7d5acef1ba57544c8,0.0001
ENC-00400,Aarav Choudhury,849600,0x8609e972caddf2d65a898659e5c8b38c960c7064,58,female,AB-,Dr. Ananya Roy,0x9965507D1a55bcC2695C58ba16FB37d819B0A4dc,NMC-51203,Hematology,Apex Diagnostic & Pathology Hub,0x04Fee3FD1B338d12FFD6dBD8d66dE1e8e0BB99cB,Type 2 diabetes mellitus without complications,E11.9,Endocrinology,Moderate,130/82 mmHg,72,99%,142,"Metformin 500mg BID, Dapagliflozin 10mg QD",High,Advisory: Confirm Patient Creatinine Clearance prior to Metformin XR,FHIR_R4_Bundle_E11.9_Condition_MedicationRequest,All Clinical Records & Diagnostic Evidence,Active On-Chain Consent (Granted by Patient),NO,N/A,N/A,Direct patient consent validated via ConsentManager.sol,AES-256-GCM,vault-transit-key-0x8609e972,Qm2dcabe39b56c7d16808ffcc45bfd71a85d6e9825b008,0.0.4891024,4400,2026-09-13 12:00:40 UTC,0x3c49351c4b5725621f480bac85d64af6b479f53d2b5a5e47c4f07d612dc1a10b,0.0001
ENC-00401,Nikhil Kapoor,849601,0xbb0c4322e6582102bae4773c3ab49fc2a50e6224,59,male,A-,Dr. Sarah Jenkins,0x04Fee3FD1B338d12FFD6dBD8d66dE1e8e0BB99cB,NMC-48192,Cardiology,Fortis Memorial Neuro & Trauma Center,0x84f93618C1D541bB1Dcf1373A8eE500A7D439634,Gastro-esophageal reflux disease,K21.9,Gastroenterology,Low,120/80 mmHg,70,99%,98,"Pantoprazole 40mg QD pre-breakfast, Domperidone 30mg QD",Low,Advisory: Confirm Patient Creatinine Clearance prior to Metformin XR,FHIR_R4_Bundle_K21.9_Condition_MedicationRequest,All Clinical Records & Diagnostic Evidence,Active On-Chain Consent (Granted by Patient),NO,N/A,N/A,Direct patient consent validated via ConsentManager.sol,AES-256-GCM,vault-transit-key-0xbb0c4322,Qmdbb153664d2080d865bfecb3afbf2f479b96c4bd1f4c,0.0.4891024,4401,2026-09-13 12:00:42 UTC,0xbb441b42ff6af9db94e83ea894c16283e74b51f1a94e0e3539a45c3eb0ff4259,0.0001
ENC-00402,Ishaan Choudhury,849602,0x7ef02d354d05cc551451a7353612a4f8afd3ee31,60,female,B+,Dr. Vikram Seth,0x15d34AAf54267DB7D7c367839AAf71A00a2C6A65,NMC-99014,Oncology,Care & Cure Pediatric & Maternity Hospital,0x937F51E09477BfD31E56c5e533038a8eEAc096b7,Malignant neoplasm of female breast,C50.919,Oncology,Critical,122/76 mmHg,84,98%,105,"Tamoxifen 20mg QD, Trastuzumab 6mg/kg IV Q3W, Paclitaxel",Low,Passed - Zero Drug-Drug Interaction Warning (Confidence 99.4%),FHIR_R4_Bundle_C50.919_Condition_MedicationRequest,All Clinical Records & Diagnostic Evidence,Active On-Chain Consent (Granted by Patient),NO,N/A,N/A,Direct patient consent validated via ConsentManager.sol,AES-256-GCM,vault-transit-key-0x7ef02d35,Qm20aa1e05296421b3b93e550d5a253b9db46d1798c9b5,0.0.4891024,4402,2026-09-13 12:00:44 UTC,0x9dc3c35c422e775c9484e9de3578c485311b5f0fe123d4d188208221683ca6f9,0.0001
ENC-00403,Aarav Reddy,849603,0x242bcff99dc746017b1b7de413db8505bf308b97,61,male,A+,Dr. Preeti Deshmukh,0x23618e81E3f5cdF7f54C3d65f7FBc0aBf5B21E8f,NMC-82194,Obstetrics & Pediatrics,Max Super Speciality Cancer Institute,0x28B7eA94B34C8F52D19E50Eb14769Da20F5D54b4,Dengue fever [classical dengue],A90,Infectious Disease,High,100/68 mmHg,96,98%,102,"Oral Rehydration Salts 1L/day, Paracetamol 650mg SOS",Low,Advisory: Confirm Patient Creatinine Clearance prior to Metformin XR,FHIR_R4_Bundle_A90_Condition_MedicationRequest,All Clinical Records & Diagnostic Evidence,Pending Patient Authorization,NO,N/A,N/A,Access request pending approval from patient wallet,AES-256-GCM,vault-transit-key-0x242bcff9,Qm2ce71465f4a6cea1dd546eea40409897109447498aab,0.0.4891024,4403,2026-09-13 12:00:46 UTC,0xffe5a0ae5bb1d0204dcd3c6747cdd6d783d62b958ee21fc0f403999f51b1ec95,0.0001
ENC-00404,Kiran Chatterjee,849604,0xc5ce2c22fa735ca242cca54f767281e39069e564,62,female,A+,Dr. Preeti Deshmukh,0x23618e81E3f5cdF7f54C3d65f7FBc0aBf5B21E8f,NMC-82194,Obstetrics & Pediatrics,Max Super Speciality Cancer Institute,0x28B7eA94B34C8F52D19E50Eb14769Da20F5D54b4,Malignant neoplasm of female breast,C50.919,Oncology,Critical,122/76 mmHg,84,98%,105,"Tamoxifen 20mg QD, Trastuzumab 6mg/kg IV Q3W, Paclitaxel",Low,Passed - Safe pediatric/geriatric dosage tier verified,FHIR_R4_Bundle_C50.919_Condition_MedicationRequest,All Clinical Records & Diagnostic Evidence,Active On-Chain Consent (Granted by Patient),NO,N/A,N/A,Direct patient consent validated via ConsentManager.sol,AES-256-GCM,vault-transit-key-0xc5ce2c22,Qmda26f3f7eee55abb12d052e38f59147add8913aa3fb4,0.0.4891024,4404,2026-09-13 12:00:48 UTC,0xecdf0ecf1ab749969fc1ad176115ff68b17c926b897b7481eeef71c7a2ac1260,0.0001
ENC-00405,Anand Kapoor,849605,0x77c0ea2cf8bbd3d17a6d039ae762d36bd8cef9f5,63,male,AB-,Dr. Ananya Roy,0x9965507D1a55bcC2695C58ba16FB37d819B0A4dc,NMC-51203,Hematology,Max Super Speciality Cancer Institute,0x28B7eA94B34C8F52D19E50Eb14769Da20F5D54b4,Essential (primary) hypertension,I10,Cardiology,Moderate,148/92 mmHg,78,98%,110,"Amlodipine 5mg QD, Telmisartan 40mg QD",Low,Passed - Zero Drug-Drug Interaction Warning (Confidence 99.4%),FHIR_R4_Bundle_I10_Condition_MedicationRequest,All Clinical Records & Diagnostic Evidence,Active On-Chain Consent (Granted by Patient),NO,N/A,N/A,Direct patient consent validated via ConsentManager.sol,AES-256-GCM,vault-transit-key-0x77c0ea2c,Qmdde9b10d4b1e36085c981cbac6e1e1348353e0150003,0.0.4891024,4405,2026-09-13 12:00:51 UTC,0x87ce0f02a0f89793c0539205d6d757a6c7cc030fcca6271afdd420e308ac1122,0.0001
ENC-00406,Rakesh Pillai,849606,0x2d72792107b02fda8e1c7423e9b81aa98048157a,64,female,O-,Dr. Preeti Deshmukh,0x23618e81E3f5cdF7f54C3d65f7FBc0aBf5B21E8f,NMC-82194,Obstetrics & Pediatrics,Care & Cure Pediatric & Maternity Hospital,0x937F51E09477BfD31E56c5e533038a8eEAc096b7,Malignant neoplasm of female breast,C50.919,Oncology,Critical,122/76 mmHg,84,98%,105,"Tamoxifen 20mg QD, Trastuzumab 6mg/kg IV Q3W, Paclitaxel",Medium,Passed - Zero Drug-Drug Interaction Warning (Confidence 99.4%),FHIR_R4_Bundle_C50.919_Condition_MedicationRequest,All Clinical Records & Diagnostic Evidence,Pending Patient Authorization,NO,N/A,N/A,Access request pending approval from patient wallet,AES-256-GCM,vault-transit-key-0x2d727921,Qm502073c8d937d1096321064a2bf5f630f3122f06de02,0.0.4891024,4406,2026-09-13 12:00:53 UTC,0x14214bdd32a24fdb6aecd492a19488e150d99cdc153e0580d93eb5f5497b098b,0.0001
ENC-00407,Nikhil Rao,849607,0xe0e06ac00789649f2a17092bc8221fd05e1e08f9,65,male,AB-,Dr. Sunita Narang,0xBcd4042DE499D14e55001CcbB24a551F3b954096,NMC-90812,Endocrinology & Internal Medicine,Apollo Multispecialty Hospital,0x155Af6ECaFb48861dA7d16Fb8Af2f6ce9d6DD779,Essential (primary) hypertension,I10,Cardiology,Moderate,148/92 mmHg,78,98%,110,"Amlodipine 5mg QD, Telmisartan 40mg QD",High,Passed - Safe pediatric/geriatric dosage tier verified,FHIR_R4_Bundle_I10_Condition_MedicationRequest,All Clinical Records & Diagnostic Evidence,Pending Patient Authorization,NO,N/A,N/A,Access request pending approval from patient wallet,AES-256-GCM,vault-transit-key-0xe0e06ac0,Qm255dd8b500b8e4ed3ae51e91d94632fbb594fc498809,0.0.4891024,4407,2026-09-13 12:00:55 UTC,0xfd2a515183dc4a21d02b241579a2a73d5aeb3530fdcd15df492681060a33b116,0.0001
ENC-00408,Anand Hegde,849608,0xd2098145f3c7f0e52fe08abecb34565fd4e7538f,66,female,AB+,Dr. Preeti Deshmukh,0x23618e81E3f5cdF7f54C3d65f7FBc0aBf5B21E8f,NMC-82194,Obstetrics & Pediatrics,Apollo Multispecialty Hospital,0x155Af6ECaFb48861dA7d16Fb8Af2f6ce9d6DD779,"Epilepsy, unspecified, without status epilepticus",G40.909,Neurology,High,118/74 mmHg,76,99%,95,"Levetiracetam 500mg BID, Clobazam 10mg QHS",Medium,Advisory: Confirm Patient Creatinine Clearance prior to Metformin XR,FHIR_R4_Bundle_G40.909_Condition_MedicationRequest,All Clinical Records & Diagnostic Evidence,Active On-Chain Consent (Granted by Patient),NO,N/A,N/A,Direct patient consent validated via ConsentManager.sol,AES-256-GCM,vault-transit-key-0xd2098145,Qm95a7f49b667238390f076267f441c7c2b8411b21810a,0.0.4891024,4408,2026-09-13 12:00:57 UTC,0x70c71d0ab2eee2675b7b85981d88ca5cc6ad6c52055d86f2e514f59ab5bbb8ff,0.0001
ENC-00409,Geeta Nair,849609,0x037efe580902cb818d2b39f9783a7e6c0676b055,67,male,A-,Dr. Preeti Deshmukh,0x23618e81E3f5cdF7f54C3d65f7FBc0aBf5B21E8f,NMC-82194,Obstetrics & Pediatrics,Fortis Memorial Neuro & Trauma Center,0x84f93618C1D541bB1Dcf1373A8eE500A7D439634,Type 2 diabetes mellitus without complications,E11.9,Endocrinology,Moderate,130/82 mmHg,72,99%,142,"Metformin 500mg BID, Dapagliflozin 10mg QD",Low,Advisory: Confirm Patient Creatinine Clearance prior to Metformin XR,FHIR_R4_Bundle_E11.9_Condition_MedicationRequest,All Clinical Records & Diagnostic Evidence,Active On-Chain Consent (Granted by Patient),NO,N/A,N/A,Direct patient consent validated via ConsentManager.sol,AES-256-GCM,vault-transit-key-0x037efe58,Qmdfbe84c3e7c7c3a34269ade9e43f100acc18984b1222,0.0.4891024,4409,2026-09-13 12:00:59 UTC,0x888fe2a1cc9bcbe91e162deb9da3f97f3c2e5685435dd1b9eadb7600c657e04c,0.0001
ENC-00410,Lata Joshi,849610,0x9ec1f5323df5d3feb57ff579fdb15fb804316912,68,female,A-,Dr. Ananya Roy,0x9965507D1a55bcC2695C58ba16FB37d819B0A4dc,NMC-51203,Hematology,Fortis Memorial Neuro & Trauma Center,0x84f93618C1D541bB1Dcf1373A8eE500A7D439634,"Epilepsy, unspecified, without status epilepticus",G40.909,Neurology,High,118/74 mmHg,76,99%,95,"Levetiracetam 500mg BID, Clobazam 10mg QHS",High,Passed - Safe pediatric/geriatric dosage tier verified,FHIR_R4_Bundle_G40.909_Condition_MedicationRequest,All Clinical Records & Diagnostic Evidence,Active On-Chain Consent (Granted by Patient),NO,N/A,N/A,Direct patient consent validated via ConsentManager.sol,AES-256-GCM,vault-transit-key-0x9ec1f532,Qmdb3940cfac5bef033ced29e2f7da0b219397d3e278e6,0.0.4891024,4410,2026-09-13 12:01:01 UTC,0x35c32be7eb5c9039e0dcb44242fd6c1e49238fc86f26d04ee9c0055251d3fc9c,0.0001
ENC-00411,Tanvi Bhatia,849611,0xa775ea22730b9426f1739d95fa4a97a3c7d7865a,69,male,B-,Dr. Sarah Jenkins,0x04Fee3FD1B338d12FFD6dBD8d66dE1e8e0BB99cB,NMC-48192,Cardiology,Apex Diagnostic & Pathology Hub,0x04Fee3FD1B338d12FFD6dBD8d66dE1e8e0BB99cB,"Epilepsy, unspecified, without status epilepticus",G40.909,Neurology,High,118/74 mmHg,76,99%,95,"Levetiracetam 500mg BID, Clobazam 10mg QHS",High,Advisory: Confirm Patient Creatinine Clearance prior to Metformin XR,FHIR_R4_Bundle_G40.909_Condition_MedicationRequest,All Clinical Records & Diagnostic Evidence,Pending Patient Authorization,NO,N/A,N/A,Access request pending approval from patient wallet,AES-256-GCM,vault-transit-key-0xa775ea22,Qm8f34a810d6cef62a998a3b4a8f521fbd13d9abe166fd,0.0.4891024,4411,2026-09-13 12:01:03 UTC,0xca3aa7a0048a42ebb7ff5193f8df074db422995748e9d5662535352f881846cf,0.0001
ENC-00412,Yashwanth Banerjee,849612,0x59417b20eb8003d1d03170bbff667009c23aa83f,70,female,B+,Dr. Sarah Jenkins,0x04Fee3FD1B338d12FFD6dBD8d66dE1e8e0BB99cB,NMC-48192,Cardiology,Fortis Memorial Neuro & Trauma Center,0x84f93618C1D541bB1Dcf1373A8eE500A7D439634,Type 2 diabetes mellitus without complications,E11.9,Endocrinology,Moderate,130/82 mmHg,72,99%,142,"Metformin 500mg BID, Dapagliflozin 10mg QD",Low,Advisory: Monitor Serum Potassium & Renal Function with ACEi/ARB,FHIR_R4_Bundle_E11.9_Condition_MedicationRequest,All Clinical Records & Diagnostic Evidence,Active On-Chain Consent (Granted by Patient),NO,N/A,N/A,Direct patient consent validated via ConsentManager.sol,AES-256-GCM,vault-transit-key-0x59417b20,Qm3e942b04969e5a4fe94e2ec2209103e261488af4799f,0.0.4891024,4412,2026-09-13 12:01:05 UTC,0x094e1d9594e2aea9e54066e14aa3d597b5e14307bbaf26981ca517731a4923b6,0.0001
ENC-00413,Pooja Ghosh,849613,0xccf9777655f2403df6343acf8dfdb88f7d5c0f06,71,male,B-,Dr. Sarah Jenkins,0x04Fee3FD1B338d12FFD6dBD8d66dE1e8e0BB99cB,NMC-48192,Cardiology,Care & Cure Pediatric & Maternity Hospital,0x937F51E09477BfD31E56c5e533038a8eEAc096b7,"Acute myocardial infarction, unspecified",I21.9,Cardiology,Emergency,95/60 mmHg,112,93%,165,"Ticagrelor 90mg BID, Aspirin 325mg, Atorvastatin 80mg, IV Heparin",Low,Passed - Zero Drug-Drug Interaction Warning (Confidence 99.4%),FHIR_R4_Bundle_I21.9_Condition_MedicationRequest,All Clinical Records & Diagnostic Evidence,Active On-Chain Consent (Granted by Patient),NO,N/A,N/A,Direct patient consent validated via ConsentManager.sol,AES-256-GCM,vault-transit-key-0xccf97776,Qmf91a79ded7820b2a3d4ced4cb2ee9a10260204cedbeb,0.0.4891024,4413,2026-09-13 12:01:07 UTC,0x8201b1b7c86d4ecf93e9b2c76cf36cfcd1614c6ff08a76a83500d13bdf89c5ba,0.0001
ENC-00414,Rahul Malhotra,849614,0x08bf67327f36d3066dff6e7ce4701b5491928ee9,72,female,B+,Dr. Preeti Deshmukh,0x23618e81E3f5cdF7f54C3d65f7FBc0aBf5B21E8f,NMC-82194,Obstetrics & Pediatrics,Max Super Speciality Cancer Institute,0x28B7eA94B34C8F52D19E50Eb14769Da20F5D54b4,Unspecified intracranial injury / Concussion,S06.9X0A,Trauma & Emergency,Emergency,150/95 mmHg,64,97%,130,"Mannitol 20% 100mL IV, Phenytoin 100mg IV, Analgesics",Medium,Advisory: Confirm Patient Creatinine Clearance prior to Metformin XR,FHIR_R4_Bundle_S06.9X0A_Condition_MedicationRequest,All Clinical Records & Diagnostic Evidence,Break-Glass Emergency Invoked (Active Override),YES,Acute Life-Threatening Presentation: Unspecified intracranial injury / Concussion,60 Minutes (Auto-Expiring Ephemeral Key),Emergency access granted; immediate HCS compliance event broadcasted,AES-256-GCM,vault-transit-key-0x08bf6732,Qm9f99c4ebba93cc2e6ab28547f4770ac7accf41746fe6,0.0.4891024,4414,2026-09-13 12:01:10 UTC,0xbd31aff3707955d227c07464e1413a60e153cc7691dbcfb84ef999f4172290f3,0.0001
ENC-00415,Harish Malhotra,849615,0x95400cb5cb587a6d2a7fab2d70617a7d41396440,73,male,B-,Dr. Rohan Patel,0x976EA74026E726554dB657fA54763abd0C3a0aa9,NMC-11029,Neurology,Care & Cure Pediatric & Maternity Hospital,0x937F51E09477BfD31E56c5e533038a8eEAc096b7,Malignant neoplasm of female breast,C50.919,Oncology,Critical,122/76 mmHg,84,98%,105,"Tamoxifen 20mg QD, Trastuzumab 6mg/kg IV Q3W, Paclitaxel",Low,Passed - Safe pediatric/geriatric dosage tier verified,FHIR_R4_Bundle_C50.919_Condition_MedicationRequest,All Clinical Records & Diagnostic Evidence,Active On-Chain Consent (Granted by Patient),NO,N/A,N/A,Direct patient consent validated via ConsentManager.sol,AES-256-GCM,vault-transit-key-0x95400cb5,Qm7e2df34064ee26b756887695164a9185366a1f1cebd1,0.0.4891024,4415,2026-09-13 12:01:12 UTC,0x73b35550a2ac55b6ca367844c4fda784d71ecc3cd60391e1726cd365112e58ab,0.0001
ENC-00416,Pranav Kulkarni,849616,0x50d4811f76cdb381a9734e81304398a1e8682948,74,female,AB-,Dr. Rajesh Sharma,0x3c44CdDdB6a900fa2b585dd299e03d12FA4293BC,NMC-78491,Gastroenterology,Max Super Speciality Cancer Institute,0x28B7eA94B34C8F52D19E50Eb14769Da20F5D54b4,Essential (primary) hypertension,I10,Cardiology,Moderate,148/92 mmHg,78,98%,110,"Amlodipine 5mg QD, Telmisartan 40mg QD",Low,Passed - Zero Drug-Drug Interaction Warning (Confidence 99.4%),FHIR_R4_Bundle_I10_Condition_MedicationRequest,All Clinical Records & Diagnostic Evidence,Pending Patient Authorization,NO,N/A,N/A,Access request pending approval from patient wallet,AES-256-GCM,vault-transit-key-0x50d4811f,Qm60f0985816a33058d64587657fb63d1cb62d0dbdd93b,0.0.4891024,4416,2026-09-13 12:01:14 UTC,0x7d37a47c2e4c27f75754deddc16a895e68de326d2573d0d551ea96ca80d7f730,0.0001
ENC-00417,Deepak Pillai,849617,0x3ca1033722440d164c6543ff0707bb0f251e569a,75,male,O-,Dr. Rajesh Sharma,0x3c44CdDdB6a900fa2b585dd299e03d12FA4293BC,NMC-78491,Gastroenterology,Care & Cure Pediatric & Maternity Hospital,0x937F51E09477BfD31E56c5e533038a8eEAc096b7,"Epilepsy, unspecified, without status epilepticus",G40.909,Neurology,High,118/74 mmHg,76,99%,95,"Levetiracetam 500mg BID, Clobazam 10mg QHS",Low,Passed - Zero Drug-Drug Interaction Warning (Confidence 99.4%),FHIR_R4_Bundle_G40.909_Condition_MedicationRequest,All Clinical Records & Diagnostic Evidence,Pending Patient Authorization,NO,N/A,N/A,Access request pending approval from patient wallet,AES-256-GCM,vault-transit-key-0x3ca10337,Qm32a7b1ef4c24358c5abeea044927a949f87dcc701ee2,0.0.4891024,4417,2026-09-13 12:01:15 UTC,0x943d305a9eea0660966cab97a3cba28e5d79c631ee160fd56b0236514a67d9c2,0.0001
ENC-00418,Aditi Sharma,849618,0xd4e2728df5f8fe7530940ccd9ec7db40a623874a,76,female,O-,Dr. Sarah Jenkins,0x04Fee3FD1B338d12FFD6dBD8d66dE1e8e0BB99cB,NMC-48192,Cardiology,Max Super Speciality Cancer Institute,0x28B7eA94B34C8F52D19E50Eb14769Da20F5D54b4,Type 2 diabetes mellitus without complications,E11.9,Endocrinology,Moderate,130/82 mmHg,72,99%,142,"Metformin 500mg BID, Dapagliflozin 10mg QD",Medium,Passed - Zero Drug-Drug Interaction Warning (Confidence 99.4%),FHIR_R4_Bundle_E11.9_Condition_MedicationRequest,All Clinical Records & Diagnostic Evidence,Pending Patient Authorization,NO,N/A,N/A,Access request pending approval from patient wallet,AES-256-GCM,vault-transit-key-0xd4e2728d,Qmcf2c822014aaea35cc2c6440b91908b22e080c65fab2,0.0.4891024,4418,2026-09-13 12:01:17 UTC,0x3c4d96c9ff1158dbc79465d2a4ac28ddf5917ab03a0d475a525bc6dbbd7407fa,0.0001
ENC-00419,Vikas Reddy,849619,0xf8141093b0f5574168e577d8edfaeabb7ffee0fe,77,male,B-,Dr. Vikram Seth,0x15d34AAf54267DB7D7c367839AAf71A00a2C6A65,NMC-99014,Oncology,Care & Cure Pediatric & Maternity Hospital,0x937F51E09477BfD31E56c5e533038a8eEAc096b7,Essential (primary) hypertension,I10,Cardiology,Moderate,148/92 mmHg,78,98%,110,"Amlodipine 5mg QD, Telmisartan 40mg QD",Medium,Advisory: Confirm Patient Creatinine Clearance prior to Metformin XR,FHIR_R4_Bundle_I10_Condition_MedicationRequest,All Clinical Records & Diagnostic Evidence,Active On-Chain Consent (Granted by Patient),NO,N/A,N/A,Direct patient consent validated via ConsentManager.sol,AES-256-GCM,vault-transit-key-0xf8141093,Qm58155e48802454175ae101b8143a2aae8ebbdfc3fbc5,0.0.4891024,4419,2026-09-13 12:01:20 UTC,0xb14e4d1df3c6b3c4763ebac37cba5c1bbe768e229a0e729208344e10035f434b,0.0001
ENC-00420,Shreya Iyer,849620,0x2ac6ed11de69778bc627377b05d23815a95cd11c,78,female,O-,Dr. Ananya Roy,0x9965507D1a55bcC2695C58ba16FB37d819B0A4dc,NMC-51203,Hematology,Apex Diagnostic & Pathology Hub,0x04Fee3FD1B338d12FFD6dBD8d66dE1e8e0BB99cB,Dengue fever [classical dengue],A90,Infectious Disease,High,100/68 mmHg,96,98%,102,"Oral Rehydration Salts 1L/day, Paracetamol 650mg SOS",Medium,Passed - Zero Drug-Drug Interaction Warning (Confidence 99.4%),FHIR_R4_Bundle_A90_Condition_MedicationRequest,All Clinical Records & Diagnostic Evidence,Active On-Chain Consent (Granted by Patient),NO,N/A,N/A,Direct patient consent validated via ConsentManager.sol,AES-256-GCM,vault-transit-key-0x2ac6ed11,Qm5ab5fd0dcda2f4a5be78a6473fd6215f57471feee236,0.0.4891024,4420,2026-09-13 12:01:22 UTC,0x7daf92a914b7bb6b2c74d583cc2a21d766d2b811d269a0caed565fbdd76efbf8,0.0001
ENC-00421,Ananya Chatterjee,849621,0x8a4c79fbb2ab5922d66fb22ce7365851b5cb2a79,79,male,A-,Dr. Vikram Seth,0x15d34AAf54267DB7D7c367839AAf71A00a2C6A65,NMC-99014,Oncology,Apollo Multispecialty Hospital,0x155Af6ECaFb48861dA7d16Fb8Af2f6ce9d6DD779,"Epilepsy, unspecified, without status epilepticus",G40.909,Neurology,High,118/74 mmHg,76,99%,95,"Levetiracetam 500mg BID, Clobazam 10mg QHS",High,Passed - Safe pediatric/geriatric dosage tier verified,FHIR_R4_Bundle_G40.909_Condition_MedicationRequest,All Clinical Records & Diagnostic Evidence,Active On-Chain Consent (Granted by Patient),NO,N/A,N/A,Direct patient consent validated via ConsentManager.sol,AES-256-GCM,vault-transit-key-0x8a4c79fb,Qm6ca9b6f901aca075ad0bfda13b582a1e09654fa4e866,0.0.4891024,4421,2026-09-13 12:01:24 UTC,0xfe016733ea07d1ba7d6b3439f4c20b36df7042609e65a7eb3239dae389d8a648,0.0001
ENC-00422,Gautam Kapoor,849622,0xef266b6cfd6875637349fefd772c53df5bef9151,80,female,A-,Dr. Preeti Deshmukh,0x23618e81E3f5cdF7f54C3d65f7FBc0aBf5B21E8f,NMC-82194,Obstetrics & Pediatrics,Care & Cure Pediatric & Maternity Hospital,0x937F51E09477BfD31E56c5e533038a8eEAc096b7,Essential (primary) hypertension,I10,Cardiology,Moderate,148/92 mmHg,78,98%,110,"Amlodipine 5mg QD, Telmisartan 40mg QD",Low,Passed - Safe pediatric/geriatric dosage tier verified,FHIR_R4_Bundle_I10_Condition_MedicationRequest,All Clinical Records & Diagnostic Evidence,Active On-Chain Consent (Granted by Patient),NO,N/A,N/A,Direct patient consent validated via ConsentManager.sol,AES-256-GCM,vault-transit-key-0xef266b6c,Qmd26becf10c744cfede3451c43d2be91df27610c0d1e1,0.0.4891024,4422,2026-09-13 12:01:27 UTC,0xf79409db7e118ac227d48a4d19be7f57df5c59ff5cd849fe63f04be302991eee,0.0001
ENC-00423,Amit Deshmukh,849623,0xab4e0f1295ab4a9e90de39e181c0f93bf44d5b6d,81,male,A+,Dr. Sarah Jenkins,0x04Fee3FD1B338d12FFD6dBD8d66dE1e8e0BB99cB,NMC-48192,Cardiology,Max Super Speciality Cancer Institute,0x28B7eA94B34C8F52D19E50Eb14769Da20F5D54b4,"Acute myocardial infarction, unspecified",I21.9,Cardiology,Emergency,95/60 mmHg,112,93%,165,"Ticagrelor 90mg BID, Aspirin 325mg, Atorvastatin 80mg, IV Heparin",High,Advisory: Confirm Patient Creatinine Clearance prior to Metformin XR,FHIR_R4_Bundle_I21.9_Condition_MedicationRequest,All Clinical Records & Diagnostic Evidence,Break-Glass Emergency Invoked (Active Override),YES,"Acute Life-Threatening Presentation: Acute myocardial infarction, unspecified",60 Minutes (Auto-Expiring Ephemeral Key),Emergency access granted; immediate HCS compliance event broadcasted,AES-256-GCM,vault-transit-key-0xab4e0f12,Qmc874c6c9eb5478d591904c1d6f3a7d49dfbb301d268b,0.0.4891024,4423,2026-09-13 12:01:28 UTC,0xb31d7e3e815084b3f3a6fa2d572ba3e7e394e900896cb1d4e84bbb98dde93255,0.0001
ENC-00424,Amit Verma,849624,0x370efc726e02176caad50e2a7e888bb27206bd8e,82,female,A-,Dr. Vikram Seth,0x15d34AAf54267DB7D7c367839AAf71A00a2C6A65,NMC-99014,Oncology,Apex Diagnostic & Pathology Hub,0x04Fee3FD1B338d12FFD6dBD8d66dE1e8e0BB99cB,Dengue fever [classical dengue],A90,Infectious Disease,High,100/68 mmHg,96,98%,102,"Oral Rehydration Salts 1L/day, Paracetamol 650mg SOS",Low,Passed - Safe pediatric/geriatric dosage tier verified,FHIR_R4_Bundle_A90_Condition_MedicationRequest,All Clinical Records & Diagnostic Evidence,Active On-Chain Consent (Granted by Patient),NO,N/A,N/A,Direct patient consent validated via ConsentManager.sol,AES-256-GCM,vault-transit-key-0x370efc72,Qmba6906a840ebe01a6bbf6fc1b3aab2ee14b334a3acd6,0.0.4891024,4424,2026-09-13 12:01:30 UTC,0xdc29cfac2f09570c8a1aa9cf8199cdfdc304bcae2043db278aec185b4f464952,0.0001
ENC-00425,Kavya Saxena,849625,0x35fa5b41114d21efbe7cf2b70361aab97cf0eec9,83,male,O+,Dr. Rohan Patel,0x976EA74026E726554dB657fA54763abd0C3a0aa9,NMC-11029,Neurology,Care & Cure Pediatric & Maternity Hospital,0x937F51E09477BfD31E56c5e533038a8eEAc096b7,"Acute myocardial infarction, unspecified",I21.9,Cardiology,Emergency,95/60 mmHg,112,93%,165,"Ticagrelor 90mg BID, Aspirin 325mg, Atorvastatin 80mg, IV Heparin",High,Passed - Safe pediatric/geriatric dosage tier verified,FHIR_R4_Bundle_I21.9_Condition_MedicationRequest,All Clinical Records & Diagnostic Evidence,Break-Glass Emergency Invoked (Active Override),YES,"Acute Life-Threatening Presentation: Acute myocardial infarction, unspecified",60 Minutes (Auto-Expiring Ephemeral Key),Emergency access granted; immediate HCS compliance event broadcasted,AES-256-GCM,vault-transit-key-0x35fa5b41,Qmbe62ac25fdb7666cf02662ef403df6fc96c26539cd96,0.0.4891024,4425,2026-09-13 12:01:32 UTC,0xf046c49c0108ddb0f39776cd19bd52d9f5b9ca940d4e82cf853b2527506d270d,0.0001
ENC-00426,Kiran Joshi,849626,0xda264f6324f905ce36a11e6a2d8918f9afaab0f1,84,female,O+,Dr. Vikram Seth,0x15d34AAf54267DB7D7c367839AAf71A00a2C6A65,NMC-99014,Oncology,Apex Diagnostic & Pathology Hub,0x04Fee3FD1B338d12FFD6dBD8d66dE1e8e0BB99cB,"Acute myocardial infarction, unspecified",I21.9,Cardiology,Emergency,95/60 mmHg,112,93%,165,"Ticagrelor 90mg BID, Aspirin 325mg, Atorvastatin 80mg, IV Heparin",Medium,Passed - Safe pediatric/geriatric dosage tier verified,FHIR_R4_Bundle_I21.9_Condition_MedicationRequest,All Clinical Records & Diagnostic Evidence,Break-Glass Emergency Invoked (Active Override),YES,"Acute Life-Threatening Presentation: Acute myocardial infarction, unspecified",60 Minutes (Auto-Expiring Ephemeral Key),Emergency access granted; immediate HCS compliance event broadcasted,AES-256-GCM,vault-transit-key-0xda264f63,Qmf1fe38a5f4431a3584cd3437cbd00ff1f8d24fc54fcd,0.0.4891024,4426,2026-09-13 12:01:34 UTC,0x7b973af2964481f2a0266beb57dfe3e8ca93bb9f22c646114f7f0a9f3da5d3a4,0.0001
ENC-00427,Riya Mukherjee,849627,0x7b2a834ae1ba9dd988b6442cae98a34f03d9afd2,85,male,B+,Dr. Sarah Jenkins,0x04Fee3FD1B338d12FFD6dBD8d66dE1e8e0BB99cB,NMC-48192,Cardiology,Fortis Memorial Neuro & Trauma Center,0x84f93618C1D541bB1Dcf1373A8eE500A7D439634,Unspecified intracranial injury / Concussion,S06.9X0A,Trauma & Emergency,Emergency,150/95 mmHg,64,97%,130,"Mannitol 20% 100mL IV, Phenytoin 100mg IV, Analgesics",Low,Advisory: Monitor Serum Potassium & Renal Function with ACEi/ARB,FHIR_R4_Bundle_S06.9X0A_Condition_MedicationRequest,All Clinical Records & Diagnostic Evidence,Break-Glass Emergency Invoked (Active Override),YES,Acute Life-Threatening Presentation: Unspecified intracranial injury / Concussion,60 Minutes (Auto-Expiring Ephemeral Key),Emergency access granted; immediate HCS compliance event broadcasted,AES-256-GCM,vault-transit-key-0x7b2a834a,Qm8c7c729d4f0fbb4bb64225631b6a4ff36b382a4fc4c0,0.0.4891024,4427,2026-09-13 12:01:36 UTC,0x94dddf5a0645c4750db08ddb820645557031da115cfd4791c1e654c782553a8f,0.0001
ENC-00428,Amit Chatterjee,849628,0x6347c411ae6e6003dc5c28092aab9b90510c8456,86,female,AB+,Dr. Sarah Jenkins,0x04Fee3FD1B338d12FFD6dBD8d66dE1e8e0BB99cB,NMC-48192,Cardiology,Care & Cure Pediatric & Maternity Hospital,0x937F51E09477BfD31E56c5e533038a8eEAc096b7,Type 2 diabetes mellitus without complications,E11.9,Endocrinology,Moderate,130/82 mmHg,72,99%,142,"Metformin 500mg BID, Dapagliflozin 10mg QD",Low,Passed - Zero Drug-Drug Interaction Warning (Confidence 99.4%),FHIR_R4_Bundle_E11.9_Condition_MedicationRequest,All Clinical Records & Diagnostic Evidence,Pending Patient Authorization,NO,N/A,N/A,Access request pending approval from patient wallet,AES-256-GCM,vault-transit-key-0x6347c411,Qm382f2d3707a173d2ec3fa8f4c54c74b81c05cb92c0a2,0.0.4891024,4428,2026-09-13 12:01:39 UTC,0xf00ffc49d8feecdba6b05d8fe3ed8b9b52959906197830e3537eb591afe1bbdd,0.0001
ENC-00429,Pranav Mehta,849629,0xfed345d91a68bf83289cedf1c7c4db5a4f031504,87,male,AB-,Dr. Rajesh Sharma,0x3c44CdDdB6a900fa2b585dd299e03d12FA4293BC,NMC-78491,Gastroenterology,Care & Cure Pediatric & Maternity Hospital,0x937F51E09477BfD31E56c5e533038a8eEAc096b7,"Acute myocardial infarction, unspecified",I21.9,Cardiology,Emergency,95/60 mmHg,112,93%,165,"Ticagrelor 90mg BID, Aspirin 325mg, Atorvastatin 80mg, IV Heparin",High,Advisory: Monitor Serum Potassium & Renal Function with ACEi/ARB,FHIR_R4_Bundle_I21.9_Condition_MedicationRequest,All Clinical Records & Diagnostic Evidence,Break-Glass Emergency Invoked (Active Override),YES,"Acute Life-Threatening Presentation: Acute myocardial infarction, unspecified",60 Minutes (Auto-Expiring Ephemeral Key),Emergency access granted; immediate HCS compliance event broadcasted,AES-256-GCM,vault-transit-key-0xfed345d9,Qm2d49bab191a19169937081fe1897f7cfe4861e74a555,0.0.4891024,4429,2026-09-13 12:01:41 UTC,0x07a49f4188b7574f620beeb343d95204b028f049f40ecc493f2de1198bfe86a8,0.0001
ENC-00430,Madhav Saxena,849630,0x7e8c602471f910b47175a70523ad687b86f055b8,88,female,O+,Dr. Ananya Roy,0x9965507D1a55bcC2695C58ba16FB37d819B0A4dc,NMC-51203,Hematology,Care & Cure Pediatric & Maternity Hospital,0x937F51E09477BfD31E56c5e533038a8eEAc096b7,Unspecified intracranial injury / Concussion,S06.9X0A,Trauma & Emergency,Emergency,150/95 mmHg,64,97%,130,"Mannitol 20% 100mL IV, Phenytoin 100mg IV, Analgesics",High,Advisory: Confirm Patient Creatinine Clearance prior to Metformin XR,FHIR_R4_Bundle_S06.9X0A_Condition_MedicationRequest,All Clinical Records & Diagnostic Evidence,Active On-Chain Consent (Granted by Patient),NO,N/A,N/A,Direct patient consent validated via ConsentManager.sol,AES-256-GCM,vault-transit-key-0x7e8c6024,Qm04a7c99c27ed528792916c8e09fbfe27bd39cefd4208,0.0.4891024,4430,2026-09-13 12:01:43 UTC,0x6a03c012acf213494d0307e2544f5d1fb990ffa46e04e31f151b1c39deef787c,0.0001
ENC-00431,Gautam Kapoor,849631,0x4abef8d0cc94aa137f90d5720835cb75c4b5957f,89,male,AB-,Dr. Sarah Jenkins,0x04Fee3FD1B338d12FFD6dBD8d66dE1e8e0BB99cB,NMC-48192,Cardiology,Fortis Memorial Neuro & Trauma Center,0x84f93618C1D541bB1Dcf1373A8eE500A7D439634,Gastro-esophageal reflux disease,K21.9,Gastroenterology,Low,120/80 mmHg,70,99%,98,"Pantoprazole 40mg QD pre-breakfast, Domperidone 30mg QD",Low,Passed - Safe pediatric/geriatric dosage tier verified,FHIR_R4_Bundle_K21.9_Condition_MedicationRequest,All Clinical Records & Diagnostic Evidence,Active On-Chain Consent (Granted by Patient),NO,N/A,N/A,Direct patient consent validated via ConsentManager.sol,AES-256-GCM,vault-transit-key-0x4abef8d0,Qm490d9215522c87e407a2e5b9667df1965b8297e175ad,0.0.4891024,4431,2026-09-13 12:01:45 UTC,0xd6f15fddf156f493ac09c16977ea58381e29a14eabe94d410518b03cabc25b6e,0.0001
ENC-00432,Divya Deshmukh,849632,0x7e6e194e29acd0aeb755d8eee00e8e687412ae69,18,female,A-,Dr. Ananya Roy,0x9965507D1a55bcC2695C58ba16FB37d819B0A4dc,NMC-51203,Hematology,Care & Cure Pediatric & Maternity Hospital,0x937F51E09477BfD31E56c5e533038a8eEAc096b7,Malignant neoplasm of female breast,C50.919,Oncology,Critical,122/76 mmHg,84,98%,105,"Tamoxifen 20mg QD, Trastuzumab 6mg/kg IV Q3W, Paclitaxel",Low,Advisory: Monitor Serum Potassium & Renal Function with ACEi/ARB,FHIR_R4_Bundle_C50.919_Condition_MedicationRequest,All Clinical Records & Diagnostic Evidence,Pending Patient Authorization,NO,N/A,N/A,Access request pending approval from patient wallet,AES-256-GCM,vault-transit-key-0x7e6e194e,Qmcbc372b3b4906786417b66b3d34b9d118d02fcdee56c,0.0.4891024,4432,2026-09-13 12:01:47 UTC,0xd1d14bdf73ee6e8239806d7889402ba5a60ceec3346f3432af4a605357768b79,0.0001
ENC-00433,Meera Patel,849633,0x22e7baa310a09f81d8b7baf0e455bdb851e7433e,19,male,B+,Dr. Preeti Deshmukh,0x23618e81E3f5cdF7f54C3d65f7FBc0aBf5B21E8f,NMC-82194,Obstetrics & Pediatrics,Max Super Speciality Cancer Institute,0x28B7eA94B34C8F52D19E50Eb14769Da20F5D54b4,Dengue fever [classical dengue],A90,Infectious Disease,High,100/68 mmHg,96,98%,102,"Oral Rehydration Salts 1L/day, Paracetamol 650mg SOS",Medium,Advisory: Confirm Patient Creatinine Clearance prior to Metformin XR,FHIR_R4_Bundle_A90_Condition_MedicationRequest,All Clinical Records & Diagnostic Evidence,Active On-Chain Consent (Granted by Patient),NO,N/A,N/A,Direct patient consent validated via ConsentManager.sol,AES-256-GCM,vault-transit-key-0x22e7baa3,Qm32d42eff7f1554022ee01ce14277c552ae76115e6105,0.0.4891024,4433,2026-09-13 12:01:49 UTC,0x3d557c32ad24ccb76261dc5955c34bc0fdf2c17cd1a7703af2bc20cb3e589d97,0.0001
ENC-00434,Amit Patel,849634,0xe02fe0c23471250e42ccba0e314ceb2827b9cdec,20,female,B+,Dr. Rohan Patel,0x976EA74026E726554dB657fA54763abd0C3a0aa9,NMC-11029,Neurology,Care & Cure Pediatric & Maternity Hospital,0x937F51E09477BfD31E56c5e533038a8eEAc096b7,"Acute myocardial infarction, unspecified",I21.9,Cardiology,Emergency,95/60 mmHg,112,93%,165,"Ticagrelor 90mg BID, Aspirin 325mg, Atorvastatin 80mg, IV Heparin",Low,Advisory: Monitor Serum Potassium & Renal Function with ACEi/ARB,FHIR_R4_Bundle_I21.9_Condition_MedicationRequest,All Clinical Records & Diagnostic Evidence,Break-Glass Emergency Invoked (Active Override),YES,"Acute Life-Threatening Presentation: Acute myocardial infarction, unspecified",60 Minutes (Auto-Expiring Ephemeral Key),Emergency access granted; immediate HCS compliance event broadcasted,AES-256-GCM,vault-transit-key-0xe02fe0c2,Qmddad0c630e550a77fc2611c1f202b0b0eee4a9e147df,0.0.4891024,4434,2026-09-13 12:01:51 UTC,0x400fecf0bd01c48ae22fbb5cc774ff98f1ce1311b339f55fbcd59a9e13e1c9be,0.0001
ENC-00435,Rohan Gupta,849635,0xc2865b70a2ae17b5d77b3752abbc65ea5f801d51,21,male,B-,Dr. Sarah Jenkins,0x04Fee3FD1B338d12FFD6dBD8d66dE1e8e0BB99cB,NMC-48192,Cardiology,Fortis Memorial Neuro & Trauma Center,0x84f93618C1D541bB1Dcf1373A8eE500A7D439634,Essential (primary) hypertension,I10,Cardiology,Moderate,148/92 mmHg,78,98%,110,"Amlodipine 5mg QD, Telmisartan 40mg QD",High,Passed - Zero Drug-Drug Interaction Warning (Confidence 99.4%),FHIR_R4_Bundle_I10_Condition_MedicationRequest,All Clinical Records & Diagnostic Evidence,Active On-Chain Consent (Granted by Patient),NO,N/A,N/A,Direct patient consent validated via ConsentManager.sol,AES-256-GCM,vault-transit-key-0xc2865b70,Qm253b2fe62e6c19e467a6ce6a91f1392acc22fdad978b,0.0.4891024,4435,2026-09-13 12:01:53 UTC,0xf167561a9481809dbfca189db7cfcc81cd39b13b720a2aa4e24d615705034d17,0.0001
ENC-00436,Rakesh Saxena,849636,0x8f7027bcacaa19533537122306ca063a94c9b4b6,22,female,O+,Dr. Vikram Seth,0x15d34AAf54267DB7D7c367839AAf71A00a2C6A65,NMC-99014,Oncology,Max Super Speciality Cancer Institute,0x28B7eA94B34C8F52D19E50Eb14769Da20F5D54b4,Unspecified intracranial injury / Concussion,S06.9X0A,Trauma & Emergency,Emergency,150/95 mmHg,64,97%,130,"Mannitol 20% 100mL IV, Phenytoin 100mg IV, Analgesics",High,Advisory: Monitor Serum Potassium & Renal Function with ACEi/ARB,FHIR_R4_Bundle_S06.9X0A_Condition_MedicationRequest,All Clinical Records & Diagnostic Evidence,Pending Patient Authorization,NO,N/A,N/A,Access request pending approval from patient wallet,AES-256-GCM,vault-transit-key-0x8f7027bc,Qm1f926127932b8d9a9bf037411f18a4788f79d2b51863,0.0.4891024,4436,2026-09-13 12:01:55 UTC,0x5f14ac85ec33d0403edecba0417416dfd55d1b60cb0d9ae6a35c93559c8eabb6,0.0001
ENC-00437,Amit Chatterjee,849637,0xf7bd77e8730fe51e4ea80a890ca0db1817b55e31,23,male,AB-,Dr. Rajesh Sharma,0x3c44CdDdB6a900fa2b585dd299e03d12FA4293BC,NMC-78491,Gastroenterology,Apollo Multispecialty Hospital,0x155Af6ECaFb48861dA7d16Fb8Af2f6ce9d6DD779,Type 2 diabetes mellitus without complications,E11.9,Endocrinology,Moderate,130/82 mmHg,72,99%,142,"Metformin 500mg BID, Dapagliflozin 10mg QD",High,Passed - Zero Drug-Drug Interaction Warning (Confidence 99.4%),FHIR_R4_Bundle_E11.9_Condition_MedicationRequest,All Clinical Records & Diagnostic Evidence,Active On-Chain Consent (Granted by Patient),NO,N/A,N/A,Direct patient consent validated via ConsentManager.sol,AES-256-GCM,vault-transit-key-0xf7bd77e8,Qm39b530615bcae197c7834ec148ffe638f29d2afd936f,0.0.4891024,4437,2026-09-13 12:01:57 UTC,0x631d98597165a31a0f24901e43ed9932944fb7258650dd3dff1c030d372acd96,0.0001
ENC-00438,Kavya Mukherjee,849638,0x7de8edffe8ff9ed404bc03d81a49e8799f0d6837,24,female,B+,Dr. Sunita Narang,0xBcd4042DE499D14e55001CcbB24a551F3b954096,NMC-90812,Endocrinology & Internal Medicine,Apollo Multispecialty Hospital,0x155Af6ECaFb48861dA7d16Fb8Af2f6ce9d6DD779,Dengue fever [classical dengue],A90,Infectious Disease,High,100/68 mmHg,96,98%,102,"Oral Rehydration Salts 1L/day, Paracetamol 650mg SOS",Low,Passed - Zero Drug-Drug Interaction Warning (Confidence 99.4%),FHIR_R4_Bundle_A90_Condition_MedicationRequest,All Clinical Records & Diagnostic Evidence,Active On-Chain Consent (Granted by Patient),NO,N/A,N/A,Direct patient consent validated via ConsentManager.sol,AES-256-GCM,vault-transit-key-0x7de8edff,Qm6f6cfbbdaac676fe940e4d7cc00efe9bce45da9f5d5e,0.0.4891024,4438,2026-09-13 12:02:00 UTC,0xf246f2c45027cc3e9f4b8feb7cac8ee106c48021f7597b0e8d40be8ebf9357ef,0.0001
ENC-00439,Priyanka Kulkarni,849639,0x2cd2f7e9b01da9913249f88237cdc201b26b69d4,25,male,B-,Dr. Sunita Narang,0xBcd4042DE499D14e55001CcbB24a551F3b954096,NMC-90812,Endocrinology & Internal Medicine,Fortis Memorial Neuro & Trauma Center,0x84f93618C1D541bB1Dcf1373A8eE500A7D439634,Malignant neoplasm of female breast,C50.919,Oncology,Critical,122/76 mmHg,84,98%,105,"Tamoxifen 20mg QD, Trastuzumab 6mg/kg IV Q3W, Paclitaxel",Medium,Passed - Safe pediatric/geriatric dosage tier verified,FHIR_R4_Bundle_C50.919_Condition_MedicationRequest,All Clinical Records & Diagnostic Evidence,Pending Patient Authorization,NO,N/A,N/A,Access request pending approval from patient wallet,AES-256-GCM,vault-transit-key-0x2cd2f7e9,Qm7f79f6769e4ee64ea0fbda4a76f37522c9c3398feff1,0.0.4891024,4439,2026-09-13 12:02:02 UTC,0x03646804342f5d1a961178e21f9334dba4d02bc0eb54ea7e966c9cd9f7a06749,0.0001
ENC-00440,Ananya Mukherjee,849640,0x81c225c9112dec30c10b965257a15d788d45c682,26,female,A-,Dr. Sunita Narang,0xBcd4042DE499D14e55001CcbB24a551F3b954096,NMC-90812,Endocrinology & Internal Medicine,Care & Cure Pediatric & Maternity Hospital,0x937F51E09477BfD31E56c5e533038a8eEAc096b7,Essential (primary) hypertension,I10,Cardiology,Moderate,148/92 mmHg,78,98%,110,"Amlodipine 5mg QD, Telmisartan 40mg QD",Medium,Advisory: Confirm Patient Creatinine Clearance prior to Metformin XR,FHIR_R4_Bundle_I10_Condition_MedicationRequest,All Clinical Records & Diagnostic Evidence,Active On-Chain Consent (Granted by Patient),NO,N/A,N/A,Direct patient consent validated via ConsentManager.sol,AES-256-GCM,vault-transit-key-0x81c225c9,Qm17cef0c8ab0781daa1e7407acded2d09bdb9c2a6af35,0.0.4891024,4440,2026-09-13 12:02:04 UTC,0x41165a90e7fd8204dfa6df6f2f3fbbd407aab30844af00c1e01ad485bc41ddbf,0.0001
ENC-00441,Madhav Ghosh,849641,0xbc94066a40181f00a79a9e434f10e8cb4c1a2bcb,27,male,AB+,Dr. Preeti Deshmukh,0x23618e81E3f5cdF7f54C3d65f7FBc0aBf5B21E8f,NMC-82194,Obstetrics & Pediatrics,Max Super Speciality Cancer Institute,0x28B7eA94B34C8F52D19E50Eb14769Da20F5D54b4,Dengue fever [classical dengue],A90,Infectious Disease,High,100/68 mmHg,96,98%,102,"Oral Rehydration Salts 1L/day, Paracetamol 650mg SOS",High,Passed - Safe pediatric/geriatric dosage tier verified,FHIR_R4_Bundle_A90_Condition_MedicationRequest,All Clinical Records & Diagnostic Evidence,Active On-Chain Consent (Granted by Patient),NO,N/A,N/A,Direct patient consent validated via ConsentManager.sol,AES-256-GCM,vault-transit-key-0xbc94066a,Qma3dddaaad1a92a8344551517bfafc17c8a0a6e09c47d,0.0.4891024,4441,2026-09-13 12:02:06 UTC,0x7c3ad37f7a48670d6722d4f714e7fdfa4169a3a3d0c7081697addd580121c700,0.0001
ENC-00442,Meera Rao,849642,0xf2c72478a44083571ee515c9eb0a26bb2f8526d0,28,female,O-,Dr. Ananya Roy,0x9965507D1a55bcC2695C58ba16FB37d819B0A4dc,NMC-51203,Hematology,Apollo Multispecialty Hospital,0x155Af6ECaFb48861dA7d16Fb8Af2f6ce9d6DD779,Gastro-esophageal reflux disease,K21.9,Gastroenterology,Low,120/80 mmHg,70,99%,98,"Pantoprazole 40mg QD pre-breakfast, Domperidone 30mg QD",High,Passed - Safe pediatric/geriatric dosage tier verified,FHIR_R4_Bundle_K21.9_Condition_MedicationRequest,All Clinical Records & Diagnostic Evidence,Active On-Chain Consent (Granted by Patient),NO,N/A,N/A,Direct patient consent validated via ConsentManager.sol,AES-256-GCM,vault-transit-key-0xf2c72478,Qm9d64a37ea88aa780dab6bd376cf2869110afe7e5e8e1,0.0.4891024,4442,2026-09-13 12:02:08 UTC,0x7b2bc6ba34651eda73a78b11a62a501539ee154c041b1fa3c13e2f4d4a755855,0.0001
ENC-00443,Divya Pillai,849643,0xf56c6c0b076bdfb52dd6556dc55f79b510e5d0e2,29,male,B+,Dr. Sunita Narang,0xBcd4042DE499D14e55001CcbB24a551F3b954096,NMC-90812,Endocrinology & Internal Medicine,Apollo Multispecialty Hospital,0x155Af6ECaFb48861dA7d16Fb8Af2f6ce9d6DD779,Unspecified intracranial injury / Concussion,S06.9X0A,Trauma & Emergency,Emergency,150/95 mmHg,64,97%,130,"Mannitol 20% 100mL IV, Phenytoin 100mg IV, Analgesics",High,Advisory: Confirm Patient Creatinine Clearance prior to Metformin XR,FHIR_R4_Bundle_S06.9X0A_Condition_MedicationRequest,All Clinical Records & Diagnostic Evidence,Break-Glass Emergency Invoked (Active Override),YES,Acute Life-Threatening Presentation: Unspecified intracranial injury / Concussion,60 Minutes (Auto-Expiring Ephemeral Key),Emergency access granted; immediate HCS compliance event broadcasted,AES-256-GCM,vault-transit-key-0xf56c6c0b,Qm2aafb192c5661c23273077cbbd5f3b886e5b28b702fb,0.0.4891024,4443,2026-09-13 12:02:10 UTC,0x14639eeecf622b72f343f666820ea5d28f490354015c559f6ae48cbf3f3ac095,0.0001
ENC-00444,Sameer Choudhury,849644,0xffc3f015fbfd1e34e2e544e23a78c6fbd1c671ca,30,female,A-,Dr. Vikram Seth,0x15d34AAf54267DB7D7c367839AAf71A00a2C6A65,NMC-99014,Oncology,Care & Cure Pediatric & Maternity Hospital,0x937F51E09477BfD31E56c5e533038a8eEAc096b7,Dengue fever [classical dengue],A90,Infectious Disease,High,100/68 mmHg,96,98%,102,"Oral Rehydration Salts 1L/day, Paracetamol 650mg SOS",Medium,Advisory: Monitor Serum Potassium & Renal Function with ACEi/ARB,FHIR_R4_Bundle_A90_Condition_MedicationRequest,All Clinical Records & Diagnostic Evidence,Active On-Chain Consent (Granted by Patient),NO,N/A,N/A,Direct patient consent validated via ConsentManager.sol,AES-256-GCM,vault-transit-key-0xffc3f015,Qm552734af3ee65053a46690c070a6b2504ed6f6ea1b77,0.0.4891024,4444,2026-09-13 12:02:12 UTC,0xe2aefdc768cf1ac5a2697d14e80823233b85b5f6aa0964e3ecd06f55c6d04279,0.0001
ENC-00445,Divya Pillai,849645,0xc2bcb84df026501497b99bdd9225f64186fefc4a,31,male,AB-,Dr. Vikram Seth,0x15d34AAf54267DB7D7c367839AAf71A00a2C6A65,NMC-99014,Oncology,Apex Diagnostic & Pathology Hub,0x04Fee3FD1B338d12FFD6dBD8d66dE1e8e0BB99cB,"Acute myocardial infarction, unspecified",I21.9,Cardiology,Emergency,95/60 mmHg,112,93%,165,"Ticagrelor 90mg BID, Aspirin 325mg, Atorvastatin 80mg, IV Heparin",Medium,Advisory: Confirm Patient Creatinine Clearance prior to Metformin XR,FHIR_R4_Bundle_I21.9_Condition_MedicationRequest,All Clinical Records & Diagnostic Evidence,Break-Glass Emergency Invoked (Active Override),YES,"Acute Life-Threatening Presentation: Acute myocardial infarction, unspecified",60 Minutes (Auto-Expiring Ephemeral Key),Emergency access granted; immediate HCS compliance event broadcasted,AES-256-GCM,vault-transit-key-0xc2bcb84d,Qm32f443cde6089a7ef25647a2fe50b4e4098f7cf63228,0.0.4891024,4445,2026-09-13 12:02:14 UTC,0xa690fbcd93132dec67ad0cb5f9744714ae10212ccfe778e14a0126c1456240f2,0.0001
ENC-00446,Madhav Mishra,849646,0xa3ddca856eecc65a06e1b1d714ea5f813fcaa3fa,32,female,AB+,Dr. Vikram Seth,0x15d34AAf54267DB7D7c367839AAf71A00a2C6A65,NMC-99014,Oncology,Fortis Memorial Neuro & Trauma Center,0x84f93618C1D541bB1Dcf1373A8eE500A7D439634,Malignant neoplasm of female breast,C50.919,Oncology,Critical,122/76 mmHg,84,98%,105,"Tamoxifen 20mg QD, Trastuzumab 6mg/kg IV Q3W, Paclitaxel",Low,Advisory: Confirm Patient Creatinine Clearance prior to Metformin XR,FHIR_R4_Bundle_C50.919_Condition_MedicationRequest,All Clinical Records & Diagnostic Evidence,Active On-Chain Consent (Granted by Patient),NO,N/A,N/A,Direct patient consent validated via ConsentManager.sol,AES-256-GCM,vault-transit-key-0xa3ddca85,Qm78445b12382ea312d08ebf9b87f3b8e46291b8961bdb,0.0.4891024,4446,2026-09-13 12:02:17 UTC,0xcd96a70a1656a6985ca68aae0b5e4f4660331a9f2f59bd7f69a5a10bae2e6fbe,0.0001
ENC-00447,Sameer Mishra,849647,0xf9b36888ac48ff4b709038dc098f1530f873d327,33,male,B-,Dr. Vikram Seth,0x15d34AAf54267DB7D7c367839AAf71A00a2C6A65,NMC-99014,Oncology,Fortis Memorial Neuro & Trauma Center,0x84f93618C1D541bB1Dcf1373A8eE500A7D439634,Gastro-esophageal reflux disease,K21.9,Gastroenterology,Low,120/80 mmHg,70,99%,98,"Pantoprazole 40mg QD pre-breakfast, Domperidone 30mg QD",High,Advisory: Monitor Serum Potassium & Renal Function with ACEi/ARB,FHIR_R4_Bundle_K21.9_Condition_MedicationRequest,All Clinical Records & Diagnostic Evidence,Active On-Chain Consent (Granted by Patient),NO,N/A,N/A,Direct patient consent validated via ConsentManager.sol,AES-256-GCM,vault-transit-key-0xf9b36888,Qmee5ea5e440e519b0a70aec556a82e0b25a735c5cc41b,0.0.4891024,4447,2026-09-13 12:02:19 UTC,0x969b3ac09dad582615885915792bfb3e6f7d5b0b990d7d44b710c5a644eac249,0.0001
ENC-00448,Kavya Hegde,849648,0xd1c729ca0921313503b3e923e3b07f6d72d7f509,34,female,O-,Dr. Rajesh Sharma,0x3c44CdDdB6a900fa2b585dd299e03d12FA4293BC,NMC-78491,Gastroenterology,Fortis Memorial Neuro & Trauma Center,0x84f93618C1D541bB1Dcf1373A8eE500A7D439634,Unspecified intracranial injury / Concussion,S06.9X0A,Trauma & Emergency,Emergency,150/95 mmHg,64,97%,130,"Mannitol 20% 100mL IV, Phenytoin 100mg IV, Analgesics",High,Passed - Safe pediatric/geriatric dosage tier verified,FHIR_R4_Bundle_S06.9X0A_Condition_MedicationRequest,All Clinical Records & Diagnostic Evidence,Break-Glass Emergency Invoked (Active Override),YES,Acute Life-Threatening Presentation: Unspecified intracranial injury / Concussion,60 Minutes (Auto-Expiring Ephemeral Key),Emergency access granted; immediate HCS compliance event broadcasted,AES-256-GCM,vault-transit-key-0xd1c729ca,Qmccd38e11480b4e9685bb558e1d8944b296010fc3eb7e,0.0.4891024,4448,2026-09-13 12:02:21 UTC,0x109a8028a48227847ad6cfe4fd08b8af70ac32ded64d2bd41a85cb99f7569b7a,0.0001
ENC-00449,Neha Reddy,849649,0x66bf370917e930623c14fd156f215a2ca7dc54e7,35,male,O-,Dr. Preeti Deshmukh,0x23618e81E3f5cdF7f54C3d65f7FBc0aBf5B21E8f,NMC-82194,Obstetrics & Pediatrics,Max Super Speciality Cancer Institute,0x28B7eA94B34C8F52D19E50Eb14769Da20F5D54b4,Malignant neoplasm of female breast,C50.919,Oncology,Critical,122/76 mmHg,84,98%,105,"Tamoxifen 20mg QD, Trastuzumab 6mg/kg IV Q3W, Paclitaxel",High,Advisory: Confirm Patient Creatinine Clearance prior to Metformin XR,FHIR_R4_Bundle_C50.919_Condition_MedicationRequest,All Clinical Records & Diagnostic Evidence,Active On-Chain Consent (Granted by Patient),NO,N/A,N/A,Direct patient consent validated via ConsentManager.sol,AES-256-GCM,vault-transit-key-0x66bf3709,Qm886c836833e98d0010949988092a4273370047521d5d,0.0.4891024,4449,2026-09-13 12:02:23 UTC,0xd449e656dcd33c0b631ed67086a7ad68c711ebb8495f0f6504028ce5fb8dce05,0.0001
ENC-00450,Anand Bhatia,849650,0x05a9395ef35a148ca995d712b2ce5d3e6736f347,36,female,AB+,Dr. Ananya Roy,0x9965507D1a55bcC2695C58ba16FB37d819B0A4dc,NMC-51203,Hematology,Care & Cure Pediatric & Maternity Hospital,0x937F51E09477BfD31E56c5e533038a8eEAc096b7,"Epilepsy, unspecified, without status epilepticus",G40.909,Neurology,High,118/74 mmHg,76,99%,95,"Levetiracetam 500mg BID, Clobazam 10mg QHS",Medium,Passed - Safe pediatric/geriatric dosage tier verified,FHIR_R4_Bundle_G40.909_Condition_MedicationRequest,All Clinical Records & Diagnostic Evidence,Pending Patient Authorization,NO,N/A,N/A,Access request pending approval from patient wallet,AES-256-GCM,vault-transit-key-0x05a9395e,Qmca527b0cfb8cbad21f6ab3b710cebfc7b7a067376950,0.0.4891024,4450,2026-09-13 12:02:25 UTC,0x3093ef6dbb10adda52ae2e00917b5058d5383ae3a796d24bbdcdebb938386318,0.0001
ENC-00451,Manish Deshmukh,849651,0x8e0dc2f6057921e8b9a08e615feb522bc66c9322,37,male,A+,Dr. Vikram Seth,0x15d34AAf54267DB7D7c367839AAf71A00a2C6A65,NMC-99014,Oncology,Apollo Multispecialty Hospital,0x155Af6ECaFb48861dA7d16Fb8Af2f6ce9d6DD779,Gastro-esophageal reflux disease,K21.9,Gastroenterology,Low,120/80 mmHg,70,99%,98,"Pantoprazole 40mg QD pre-breakfast, Domperidone 30mg QD",Low,Passed - Safe pediatric/geriatric dosage tier verified,FHIR_R4_Bundle_K21.9_Condition_MedicationRequest,All Clinical Records & Diagnostic Evidence,Pending Patient Authorization,NO,N/A,N/A,Access request pending approval from patient wallet,AES-256-GCM,vault-transit-key-0x8e0dc2f6,Qm2490d9ab7a6d75836754c1f272ec3ee7631872319667,0.0.4891024,4451,2026-09-13 12:02:27 UTC,0x4ab24802c8beaac68c2f37de8b1340e0b71a28f86016ebbcc6c76d44d23de866,0.0001
ENC-00452,Nikhil Hegde,849652,0x03193f6e969a90abae75d3d57565b5ed2751a409,38,female,O-,Dr. Ananya Roy,0x9965507D1a55bcC2695C58ba16FB37d819B0A4dc,NMC-51203,Hematology,Care & Cure Pediatric & Maternity Hospital,0x937F51E09477BfD31E56c5e533038a8eEAc096b7,"Epilepsy, unspecified, without status epilepticus",G40.909,Neurology,High,118/74 mmHg,76,99%,95,"Levetiracetam 500mg BID, Clobazam 10mg QHS",Medium,Passed - Safe pediatric/geriatric dosage tier verified,FHIR_R4_Bundle_G40.909_Condition_MedicationRequest,All Clinical Records & Diagnostic Evidence,Active On-Chain Consent (Granted by Patient),NO,N/A,N/A,Direct patient consent validated via ConsentManager.sol,AES-256-GCM,vault-transit-key-0x03193f6e,Qm4dcf7fbe83720aebeb36b1c05a7b84420f9be673f659,0.0.4891024,4452,2026-09-13 12:02:29 UTC,0xfe8a748cca4bf1d2d0a66a85cadcb9eba6a9fea7104b19c0bc91837ee8c0bf09,0.0001
ENC-00453,Arjun Kapoor,849653,0xb368f55689ddd79ff1a94793f2d3f9fa11b59288,39,male,AB-,Dr. Rohan Patel,0x976EA74026E726554dB657fA54763abd0C3a0aa9,NMC-11029,Neurology,Apollo Multispecialty Hospital,0x155Af6ECaFb48861dA7d16Fb8Af2f6ce9d6DD779,Dengue fever [classical dengue],A90,Infectious Disease,High,100/68 mmHg,96,98%,102,"Oral Rehydration Salts 1L/day, Paracetamol 650mg SOS",Low,Advisory: Confirm Patient Creatinine Clearance prior to Metformin XR,FHIR_R4_Bundle_A90_Condition_MedicationRequest,All Clinical Records & Diagnostic Evidence,Active On-Chain Consent (Granted by Patient),NO,N/A,N/A,Direct patient consent validated via ConsentManager.sol,AES-256-GCM,vault-transit-key-0xb368f556,Qm1c08be950153fae7e530294f2075ce4d10404892793a,0.0.4891024,4453,2026-09-13 12:02:31 UTC,0x4deb0366cc86ae61f372321cde5981aa3c7b3bed1bbffb71d38d8078cf97abe5,0.0001
ENC-00454,Neha Reddy,849654,0x656355650613bf4f5fe24e30777b5596f2ea8e70,40,female,A-,Dr. Sunita Narang,0xBcd4042DE499D14e55001CcbB24a551F3b954096,NMC-90812,Endocrinology & Internal Medicine,Apollo Multispecialty Hospital,0x155Af6ECaFb48861dA7d16Fb8Af2f6ce9d6DD779,Essential (primary) hypertension,I10,Cardiology,Moderate,148/92 mmHg,78,98%,110,"Amlodipine 5mg QD, Telmisartan 40mg QD",High,Advisory: Confirm Patient Creatinine Clearance prior to Metformin XR,FHIR_R4_Bundle_I10_Condition_MedicationRequest,All Clinical Records & Diagnostic Evidence,Pending Patient Authorization,NO,N/A,N/A,Access request pending approval from patient wallet,AES-256-GCM,vault-transit-key-0x65635565,Qm9929821fc84fd998ac80bfba4d707d9dc488efc9b608,0.0.4891024,4454,2026-09-13 12:02:33 UTC,0x18320080a7f8093f8fa13f8bff1c3f2590fbfe484df052e3cd8fd155e9510cbe,0.0001
ENC-00455,Geeta Deshmukh,849655,0x1e2ecd6ac79e61f2dac6d6298b43dd9dd10db44c,41,male,B+,Dr. Sunita Narang,0xBcd4042DE499D14e55001CcbB24a551F3b954096,NMC-90812,Endocrinology & Internal Medicine,Apollo Multispecialty Hospital,0x155Af6ECaFb48861dA7d16Fb8Af2f6ce9d6DD779,Gastro-esophageal reflux disease,K21.9,Gastroenterology,Low,120/80 mmHg,70,99%,98,"Pantoprazole 40mg QD pre-breakfast, Domperidone 30mg QD",Low,Passed - Zero Drug-Drug Interaction Warning (Confidence 99.4%),FHIR_R4_Bundle_K21.9_Condition_MedicationRequest,All Clinical Records & Diagnostic Evidence,Active On-Chain Consent (Granted by Patient),NO,N/A,N/A,Direct patient consent validated via ConsentManager.sol,AES-256-GCM,vault-transit-key-0x1e2ecd6a,Qmeb728b7dcda3874b286a7986e7c16d11a330ab356c57,0.0.4891024,4455,2026-09-13 12:02:35 UTC,0xfadd9c8edd8fa9a585986487cfa1648cece33c57b93e21b1ef54a1acd042416f,0.0001
ENC-00456,Sameer Agarwal,849656,0x753f921e67ba4fa135b943c9f22c183fa3c229ee,42,female,O-,Dr. Vikram Seth,0x15d34AAf54267DB7D7c367839AAf71A00a2C6A65,NMC-99014,Oncology,Care & Cure Pediatric & Maternity Hospital,0x937F51E09477BfD31E56c5e533038a8eEAc096b7,Malignant neoplasm of female breast,C50.919,Oncology,Critical,122/76 mmHg,84,98%,105,"Tamoxifen 20mg QD, Trastuzumab 6mg/kg IV Q3W, Paclitaxel",Medium,Advisory: Confirm Patient Creatinine Clearance prior to Metformin XR,FHIR_R4_Bundle_C50.919_Condition_MedicationRequest,All Clinical Records & Diagnostic Evidence,Active On-Chain Consent (Granted by Patient),NO,N/A,N/A,Direct patient consent validated via ConsentManager.sol,AES-256-GCM,vault-transit-key-0x753f921e,Qme8ff9eec77a0c89b4d0d7e3bead0c5981262ffb60f2a,0.0.4891024,4456,2026-09-13 12:02:38 UTC,0x569f50762bb7694fb78356e41ec19863f4cf06e062df8386e93138e53c7044d7,0.0001
ENC-00457,Priyanka Gupta,849657,0x440a8c37c58263a9d48cf0e5a1edc4a546ff1af6,43,male,O+,Dr. Rohan Patel,0x976EA74026E726554dB657fA54763abd0C3a0aa9,NMC-11029,Neurology,Apex Diagnostic & Pathology Hub,0x04Fee3FD1B338d12FFD6dBD8d66dE1e8e0BB99cB,Unspecified intracranial injury / Concussion,S06.9X0A,Trauma & Emergency,Emergency,150/95 mmHg,64,97%,130,"Mannitol 20% 100mL IV, Phenytoin 100mg IV, Analgesics",High,Passed - Safe pediatric/geriatric dosage tier verified,FHIR_R4_Bundle_S06.9X0A_Condition_MedicationRequest,All Clinical Records & Diagnostic Evidence,Active On-Chain Consent (Granted by Patient),NO,N/A,N/A,Direct patient consent validated via ConsentManager.sol,AES-256-GCM,vault-transit-key-0x440a8c37,Qm2450579dbca0f3c8263c4b3bf030dee752312e9ce3cf,0.0.4891024,4457,2026-09-13 12:02:40 UTC,0xd567942720f1cc20044ecfc60c168db5903bb25e3278537a7f01f4543122aabe,0.0001
ENC-00458,Nandini Sharma,849658,0x64203f166c062943e1bec27c99bea7a4888ca323,44,female,B+,Dr. Sarah Jenkins,0x04Fee3FD1B338d12FFD6dBD8d66dE1e8e0BB99cB,NMC-48192,Cardiology,Apex Diagnostic & Pathology Hub,0x04Fee3FD1B338d12FFD6dBD8d66dE1e8e0BB99cB,"Epilepsy, unspecified, without status epilepticus",G40.909,Neurology,High,118/74 mmHg,76,99%,95,"Levetiracetam 500mg BID, Clobazam 10mg QHS",Low,Passed - Zero Drug-Drug Interaction Warning (Confidence 99.4%),FHIR_R4_Bundle_G40.909_Condition_MedicationRequest,All Clinical Records & Diagnostic Evidence,Pending Patient Authorization,NO,N/A,N/A,Access request pending approval from patient wallet,AES-256-GCM,vault-transit-key-0x64203f16,Qmc42fb8f61d7613cdd9d785b51546d850ee9a6230b54c,0.0.4891024,4458,2026-09-13 12:02:41 UTC,0x3fb4dcb19fd914f4e429affe079c3109915c2afb2778d1215bf0be4b099ce9b0,0.0001
ENC-00459,Tanvi Rao,849659,0x23724552379c4922420df11e17d3cc06188da4e3,45,male,AB+,Dr. Ananya Roy,0x9965507D1a55bcC2695C58ba16FB37d819B0A4dc,NMC-51203,Hematology,Apex Diagnostic & Pathology Hub,0x04Fee3FD1B338d12FFD6dBD8d66dE1e8e0BB99cB,Type 2 diabetes mellitus without complications,E11.9,Endocrinology,Moderate,130/82 mmHg,72,99%,142,"Metformin 500mg BID, Dapagliflozin 10mg QD",Low,Advisory: Monitor Serum Potassium & Renal Function with ACEi/ARB,FHIR_R4_Bundle_E11.9_Condition_MedicationRequest,All Clinical Records & Diagnostic Evidence,Pending Patient Authorization,NO,N/A,N/A,Access request pending approval from patient wallet,AES-256-GCM,vault-transit-key-0x23724552,Qmd6b14493a058c8ee68d3d7b186470fc50aacade94d4e,0.0.4891024,4459,2026-09-13 12:02:44 UTC,0x6b9cc1da6a677bc535293c499428aa721886dd687b3b3a0f53c4cfd158cac20c,0.0001
ENC-00460,Aarav Rao,849660,0x03b4986568a88cf5a512eae297aa89d4864d1367,46,female,O-,Dr. Ananya Roy,0x9965507D1a55bcC2695C58ba16FB37d819B0A4dc,NMC-51203,Hematology,Apex Diagnostic & Pathology Hub,0x04Fee3FD1B338d12FFD6dBD8d66dE1e8e0BB99cB,Gastro-esophageal reflux disease,K21.9,Gastroenterology,Low,120/80 mmHg,70,99%,98,"Pantoprazole 40mg QD pre-breakfast, Domperidone 30mg QD",Low,Advisory: Monitor Serum Potassium & Renal Function with ACEi/ARB,FHIR_R4_Bundle_K21.9_Condition_MedicationRequest,All Clinical Records & Diagnostic Evidence,Active On-Chain Consent (Granted by Patient),NO,N/A,N/A,Direct patient consent validated via ConsentManager.sol,AES-256-GCM,vault-transit-key-0x03b49865,Qm38d519f4a2a378a8f90b878f54d2de37a30d03ca3cb9,0.0.4891024,4460,2026-09-13 12:02:46 UTC,0xeff9d45faebdb34238ceea24100e46c91459a2ac24ca87ae7e4ed8f1aa661f41,0.0001
ENC-00461,Tanvi Pillai,849661,0x09547ffadcaf614538defe5665434b56b5e9f4ce,47,male,AB-,Dr. Ananya Roy,0x9965507D1a55bcC2695C58ba16FB37d819B0A4dc,NMC-51203,Hematology,Max Super Speciality Cancer Institute,0x28B7eA94B34C8F52D19E50Eb14769Da20F5D54b4,Gastro-esophageal reflux disease,K21.9,Gastroenterology,Low,120/80 mmHg,70,99%,98,"Pantoprazole 40mg QD pre-breakfast, Domperidone 30mg QD",High,Passed - Safe pediatric/geriatric dosage tier verified,FHIR_R4_Bundle_K21.9_Condition_MedicationRequest,All Clinical Records & Diagnostic Evidence,Pending Patient Authorization,NO,N/A,N/A,Access request pending approval from patient wallet,AES-256-GCM,vault-transit-key-0x09547ffa,Qm91ed65ecded178a61e9087ecc559b7dc59cbf49b2b5a,0.0.4891024,4461,2026-09-13 12:02:48 UTC,0x132d754845633b3ede4c15322bfc1b2a8c6ec45cb8bf03a1791d064e15d1aba1,0.0001
ENC-00462,Rakesh Iyer,849662,0xd0985a8d22bb9d1037bcf1920c9b49db44ff4f54,48,female,AB-,Dr. Ananya Roy,0x9965507D1a55bcC2695C58ba16FB37d819B0A4dc,NMC-51203,Hematology,Apex Diagnostic & Pathology Hub,0x04Fee3FD1B338d12FFD6dBD8d66dE1e8e0BB99cB,Unspecified intracranial injury / Concussion,S06.9X0A,Trauma & Emergency,Emergency,150/95 mmHg,64,97%,130,"Mannitol 20% 100mL IV, Phenytoin 100mg IV, Analgesics",High,Passed - Safe pediatric/geriatric dosage tier verified,FHIR_R4_Bundle_S06.9X0A_Condition_MedicationRequest,All Clinical Records & Diagnostic Evidence,Break-Glass Emergency Invoked (Active Override),YES,Acute Life-Threatening Presentation: Unspecified intracranial injury / Concussion,60 Minutes (Auto-Expiring Ephemeral Key),Emergency access granted; immediate HCS compliance event broadcasted,AES-256-GCM,vault-transit-key-0xd0985a8d,Qmdc4cded05ba7f86ddd8fc3e82ea583b4da8e3041f83b,0.0.4891024,4462,2026-09-13 12:02:50 UTC,0xe32bcc6a04e4d58ed72c72474df52222e44dc38a4df0085e58e33c2413262970,0.0001
ENC-00463,Siddharth Ghosh,849663,0x1db33826b5f45895091f088d3eaf7c6cdb4e711e,49,male,AB-,Dr. Rohan Patel,0x976EA74026E726554dB657fA54763abd0C3a0aa9,NMC-11029,Neurology,Max Super Speciality Cancer Institute,0x28B7eA94B34C8F52D19E50Eb14769Da20F5D54b4,Unspecified intracranial injury / Concussion,S06.9X0A,Trauma & Emergency,Emergency,150/95 mmHg,64,97%,130,"Mannitol 20% 100mL IV, Phenytoin 100mg IV, Analgesics",High,Passed - Zero Drug-Drug Interaction Warning (Confidence 99.4%),FHIR_R4_Bundle_S06.9X0A_Condition_MedicationRequest,All Clinical Records & Diagnostic Evidence,Break-Glass Emergency Invoked (Active Override),YES,Acute Life-Threatening Presentation: Unspecified intracranial injury / Concussion,60 Minutes (Auto-Expiring Ephemeral Key),Emergency access granted; immediate HCS compliance event broadcasted,AES-256-GCM,vault-transit-key-0x1db33826,Qmad28300d57df7fc40bbbf2c23b47cc6568ba837a575e,0.0.4891024,4463,2026-09-13 12:02:53 UTC,0xc22dd4e343aee3838faca80f2d60566d3347b4d56163c04ced30c6426d9c4e3e,0.0001
ENC-00464,Siddharth Nair,849664,0xba9834c15c33422f7e2851f47802b78f3e25f575,50,female,B-,Dr. Rajesh Sharma,0x3c44CdDdB6a900fa2b585dd299e03d12FA4293BC,NMC-78491,Gastroenterology,Max Super Speciality Cancer Institute,0x28B7eA94B34C8F52D19E50Eb14769Da20F5D54b4,Unspecified intracranial injury / Concussion,S06.9X0A,Trauma & Emergency,Emergency,150/95 mmHg,64,97%,130,"Mannitol 20% 100mL IV, Phenytoin 100mg IV, Analgesics",High,Advisory: Confirm Patient Creatinine Clearance prior to Metformin XR,FHIR_R4_Bundle_S06.9X0A_Condition_MedicationRequest,All Clinical Records & Diagnostic Evidence,Break-Glass Emergency Invoked (Active Override),YES,Acute Life-Threatening Presentation: Unspecified intracranial injury / Concussion,60 Minutes (Auto-Expiring Ephemeral Key),Emergency access granted; immediate HCS compliance event broadcasted,AES-256-GCM,vault-transit-key-0xba9834c1,Qm778bb0ecf99d1538e57a4e1315e07bfabe3a9b01cf49,0.0.4891024,4464,2026-09-13 12:02:54 UTC,0xcd0d12116fe23a8724f4016f0ba55c2b59d45a05ee1d73917836561f3795d4c1,0.0001
ENC-00465,Riya Swaminathan,849665,0x6a545ad380dda7ea49709993a962bfc8b2ebafe5,51,male,AB+,Dr. Ananya Roy,0x9965507D1a55bcC2695C58ba16FB37d819B0A4dc,NMC-51203,Hematology,Apex Diagnostic & Pathology Hub,0x04Fee3FD1B338d12FFD6dBD8d66dE1e8e0BB99cB,Dengue fever [classical dengue],A90,Infectious Disease,High,100/68 mmHg,96,98%,102,"Oral Rehydration Salts 1L/day, Paracetamol 650mg SOS",High,Advisory: Monitor Serum Potassium & Renal Function with ACEi/ARB,FHIR_R4_Bundle_A90_Condition_MedicationRequest,All Clinical Records & Diagnostic Evidence,Pending Patient Authorization,NO,N/A,N/A,Access request pending approval from patient wallet,AES-256-GCM,vault-transit-key-0x6a545ad3,Qme62eb05bbaed2678e09bd5f4c46aa1ed89468638c28f,0.0.4891024,4465,2026-09-13 12:02:57 UTC,0xd3cfbbed4e28e00ef4b4ce62050fcad48a6f372e544ea706271acbdf7399d9dc,0.0001
ENC-00466,Deepak Banerjee,849666,0xd251177ea048cbc8b34cac40f769ecfd97b85c44,52,female,O+,Dr. Ananya Roy,0x9965507D1a55bcC2695C58ba16FB37d819B0A4dc,NMC-51203,Hematology,Apex Diagnostic & Pathology Hub,0x04Fee3FD1B338d12FFD6dBD8d66dE1e8e0BB99cB,Unspecified intracranial injury / Concussion,S06.9X0A,Trauma & Emergency,Emergency,150/95 mmHg,64,97%,130,"Mannitol 20% 100mL IV, Phenytoin 100mg IV, Analgesics",Medium,Passed - Zero Drug-Drug Interaction Warning (Confidence 99.4%),FHIR_R4_Bundle_S06.9X0A_Condition_MedicationRequest,All Clinical Records & Diagnostic Evidence,Break-Glass Emergency Invoked (Active Override),YES,Acute Life-Threatening Presentation: Unspecified intracranial injury / Concussion,60 Minutes (Auto-Expiring Ephemeral Key),Emergency access granted; immediate HCS compliance event broadcasted,AES-256-GCM,vault-transit-key-0xd251177e,Qmf5fac55a494f3457a59aad890207dfb91e1147b3896a,0.0.4891024,4466,2026-09-13 12:02:59 UTC,0x6aef6934e8b956e768f04579c0260d9610d67ce1b07fb26408450ae47a9a988b,0.0001
ENC-00467,Vikas Malhotra,849667,0xebb8b7c65faa3c9ce2b216850c674b8e7ade51b2,53,male,B-,Dr. Sarah Jenkins,0x04Fee3FD1B338d12FFD6dBD8d66dE1e8e0BB99cB,NMC-48192,Cardiology,Care & Cure Pediatric & Maternity Hospital,0x937F51E09477BfD31E56c5e533038a8eEAc096b7,"Epilepsy, unspecified, without status epilepticus",G40.909,Neurology,High,118/74 mmHg,76,99%,95,"Levetiracetam 500mg BID, Clobazam 10mg QHS",Medium,Advisory: Confirm Patient Creatinine Clearance prior to Metformin XR,FHIR_R4_Bundle_G40.909_Condition_MedicationRequest,All Clinical Records & Diagnostic Evidence,Active On-Chain Consent (Granted by Patient),NO,N/A,N/A,Direct patient consent validated via ConsentManager.sol,AES-256-GCM,vault-transit-key-0xebb8b7c6,Qm9fee07a6e1c2cbd03f0d12aa5ddf2b324d25c05badfc,0.0.4891024,4467,2026-09-13 12:03:01 UTC,0xd5603a042cf0c88fb26a92f9481ba95792333692230ce229774efd9f7657dc26,0.0001
ENC-00468,Amit Nair,849668,0x727b6f0d70edd2f82c506afd520a429bc4856f17,54,female,B+,Dr. Rajesh Sharma,0x3c44CdDdB6a900fa2b585dd299e03d12FA4293BC,NMC-78491,Gastroenterology,Apex Diagnostic & Pathology Hub,0x04Fee3FD1B338d12FFD6dBD8d66dE1e8e0BB99cB,Malignant neoplasm of female breast,C50.919,Oncology,Critical,122/76 mmHg,84,98%,105,"Tamoxifen 20mg QD, Trastuzumab 6mg/kg IV Q3W, Paclitaxel",Low,Passed - Safe pediatric/geriatric dosage tier verified,FHIR_R4_Bundle_C50.919_Condition_MedicationRequest,All Clinical Records & Diagnostic Evidence,Pending Patient Authorization,NO,N/A,N/A,Access request pending approval from patient wallet,AES-256-GCM,vault-transit-key-0x727b6f0d,Qmfd864579f76e20b1375c9ce4fe4dfe59ecf1ebd3b1b6,0.0.4891024,4468,2026-09-13 12:03:03 UTC,0xed1cefadde5999ebc9b71d4f479bd8939cd537035b578469a6a9d4df165110c0,0.0001
ENC-00469,Pranav Patel,849669,0x03eb0eb3de99a1a5ea99a5dc04b238125486d9dc,55,male,B+,Dr. Sarah Jenkins,0x04Fee3FD1B338d12FFD6dBD8d66dE1e8e0BB99cB,NMC-48192,Cardiology,Apex Diagnostic & Pathology Hub,0x04Fee3FD1B338d12FFD6dBD8d66dE1e8e0BB99cB,Essential (primary) hypertension,I10,Cardiology,Moderate,148/92 mmHg,78,98%,110,"Amlodipine 5mg QD, Telmisartan 40mg QD",Low,Advisory: Confirm Patient Creatinine Clearance prior to Metformin XR,FHIR_R4_Bundle_I10_Condition_MedicationRequest,All Clinical Records & Diagnostic Evidence,Active On-Chain Consent (Granted by Patient),NO,N/A,N/A,Direct patient consent validated via ConsentManager.sol,AES-256-GCM,vault-transit-key-0x03eb0eb3,Qmc8a62f461371d40cfe466985f1d774e300808e0dc064,0.0.4891024,4469,2026-09-13 12:03:05 UTC,0x452c3be85a40c424950394b43491e9e6ae65074beebea2fa367f7d049eddc0fa,0.0001
ENC-00470,Riya Gupta,849670,0xa67003ea41312c9daf8728545b36538f5a2a4126,56,female,B-,Dr. Vikram Seth,0x15d34AAf54267DB7D7c367839AAf71A00a2C6A65,NMC-99014,Oncology,Max Super Speciality Cancer Institute,0x28B7eA94B34C8F52D19E50Eb14769Da20F5D54b4,Malignant neoplasm of female breast,C50.919,Oncology,Critical,122/76 mmHg,84,98%,105,"Tamoxifen 20mg QD, Trastuzumab 6mg/kg IV Q3W, Paclitaxel",Low,Advisory: Monitor Serum Potassium & Renal Function with ACEi/ARB,FHIR_R4_Bundle_C50.919_Condition_MedicationRequest,All Clinical Records & Diagnostic Evidence,Active On-Chain Consent (Granted by Patient),NO,N/A,N/A,Direct patient consent validated via ConsentManager.sol,AES-256-GCM,vault-transit-key-0xa67003ea,Qm01d4e453f9ee682d7f71bb2dd26028ed1c10c27b3130,0.0.4891024,4470,2026-09-13 12:03:07 UTC,0xbb5e173b89378d822a56e50b803ec5dff2f33340159b07463ae4b6dc7072a51b,0.0001
ENC-00471,Pranav Mukherjee,849671,0x4c345b5b29f240c19ebe1af644a7adec490fc72a,57,male,A+,Dr. Rohan Patel,0x976EA74026E726554dB657fA54763abd0C3a0aa9,NMC-11029,Neurology,Apollo Multispecialty Hospital,0x155Af6ECaFb48861dA7d16Fb8Af2f6ce9d6DD779,Type 2 diabetes mellitus without complications,E11.9,Endocrinology,Moderate,130/82 mmHg,72,99%,142,"Metformin 500mg BID, Dapagliflozin 10mg QD",Low,Passed - Safe pediatric/geriatric dosage tier verified,FHIR_R4_Bundle_E11.9_Condition_MedicationRequest,All Clinical Records & Diagnostic Evidence,Active On-Chain Consent (Granted by Patient),NO,N/A,N/A,Direct patient consent validated via ConsentManager.sol,AES-256-GCM,vault-transit-key-0x4c345b5b,Qm0a222268fa4fe0dc2189aafd8a0ca2e3d1f240d8d544,0.0.4891024,4471,2026-09-13 12:03:09 UTC,0xed515412f5dc6b8917a1bd86d25baea7656508e4615f07085a72b62c7c9e3d24,0.0001
ENC-00472,Priyanka Sharma,849672,0xd351127981d1e61bd95f8459d43acc4c1b68026a,58,female,AB+,Dr. Rohan Patel,0x976EA74026E726554dB657fA54763abd0C3a0aa9,NMC-11029,Neurology,Apollo Multispecialty Hospital,0x155Af6ECaFb48861dA7d16Fb8Af2f6ce9d6DD779,"Acute myocardial infarction, unspecified",I21.9,Cardiology,Emergency,95/60 mmHg,112,93%,165,"Ticagrelor 90mg BID, Aspirin 325mg, Atorvastatin 80mg, IV Heparin",Low,Advisory: Monitor Serum Potassium & Renal Function with ACEi/ARB,FHIR_R4_Bundle_I21.9_Condition_MedicationRequest,All Clinical Records & Diagnostic Evidence,Active On-Chain Consent (Granted by Patient),NO,N/A,N/A,Direct patient consent validated via ConsentManager.sol,AES-256-GCM,vault-transit-key-0xd3511279,Qmf65e95a15f7dcd2bd2f7541124b7198cf99eae548ec5,0.0.4891024,4472,2026-09-13 12:03:11 UTC,0xf318c03b29f3fda78a466a6a48e2f0cd3532899bfc8f25ca1c8e906c462e1345,0.0001
ENC-00473,Yashwanth Pandey,849673,0x0dcfd3cc52d86d4f8873c280f81d9635b2fc010d,59,male,A-,Dr. Preeti Deshmukh,0x23618e81E3f5cdF7f54C3d65f7FBc0aBf5B21E8f,NMC-82194,Obstetrics & Pediatrics,Max Super Speciality Cancer Institute,0x28B7eA94B34C8F52D19E50Eb14769Da20F5D54b4,Type 2 diabetes mellitus without complications,E11.9,Endocrinology,Moderate,130/82 mmHg,72,99%,142,"Metformin 500mg BID, Dapagliflozin 10mg QD",Low,Advisory: Monitor Serum Potassium & Renal Function with ACEi/ARB,FHIR_R4_Bundle_E11.9_Condition_MedicationRequest,All Clinical Records & Diagnostic Evidence,Active On-Chain Consent (Granted by Patient),NO,N/A,N/A,Direct patient consent validated via ConsentManager.sol,AES-256-GCM,vault-transit-key-0x0dcfd3cc,Qm29fa2da4bfc1b7a8d3ca42d520a466107190a5d0db76,0.0.4891024,4473,2026-09-13 12:03:13 UTC,0x5ac73c5a629b85c81ebdade3b1c931d50584a601935529d2ba0e9fa807ee8d22,0.0001
ENC-00474,Sakshi Mukherjee,849674,0x0db1d99086fe7a52528c927049e1b06b8f3d627b,60,female,B+,Dr. Sunita Narang,0xBcd4042DE499D14e55001CcbB24a551F3b954096,NMC-90812,Endocrinology & Internal Medicine,Fortis Memorial Neuro & Trauma Center,0x84f93618C1D541bB1Dcf1373A8eE500A7D439634,Essential (primary) hypertension,I10,Cardiology,Moderate,148/92 mmHg,78,98%,110,"Amlodipine 5mg QD, Telmisartan 40mg QD",Low,Passed - Zero Drug-Drug Interaction Warning (Confidence 99.4%),FHIR_R4_Bundle_I10_Condition_MedicationRequest,All Clinical Records & Diagnostic Evidence,Active On-Chain Consent (Granted by Patient),NO,N/A,N/A,Direct patient consent validated via ConsentManager.sol,AES-256-GCM,vault-transit-key-0x0db1d990,Qmb3856c85f88478ef9a9d9a512eda470e02544d8b7b8b,0.0.4891024,4474,2026-09-13 12:03:15 UTC,0xb3941e86abe552f68200eaa222b2ea66aa02b7d13d7018bc64f022c5b552598f,0.0001
ENC-00475,Meera Verma,849675,0x9f3a405aa3a670c2db17440cfb4ef379d814106f,61,male,AB-,Dr. Rajesh Sharma,0x3c44CdDdB6a900fa2b585dd299e03d12FA4293BC,NMC-78491,Gastroenterology,Max Super Speciality Cancer Institute,0x28B7eA94B34C8F52D19E50Eb14769Da20F5D54b4,Malignant neoplasm of female breast,C50.919,Oncology,Critical,122/76 mmHg,84,98%,105,"Tamoxifen 20mg QD, Trastuzumab 6mg/kg IV Q3W, Paclitaxel",Medium,Advisory: Confirm Patient Creatinine Clearance prior to Metformin XR,FHIR_R4_Bundle_C50.919_Condition_MedicationRequest,All Clinical Records & Diagnostic Evidence,Pending Patient Authorization,NO,N/A,N/A,Access request pending approval from patient wallet,AES-256-GCM,vault-transit-key-0x9f3a405a,Qm3fe8a447c7c388615d38082799543cf4abf089bac855,0.0.4891024,4475,2026-09-13 12:03:18 UTC,0x832a133097a42e4c7f38abf9af7dbcac34d8cd1da9856cba186fb2632ad2dc93,0.0001
ENC-00476,Yashwanth Rao,849676,0x9ee94281b81920ffa0b156259c5ed7170d90ebd0,62,female,AB-,Dr. Rajesh Sharma,0x3c44CdDdB6a900fa2b585dd299e03d12FA4293BC,NMC-78491,Gastroenterology,Apollo Multispecialty Hospital,0x155Af6ECaFb48861dA7d16Fb8Af2f6ce9d6DD779,Malignant neoplasm of female breast,C50.919,Oncology,Critical,122/76 mmHg,84,98%,105,"Tamoxifen 20mg QD, Trastuzumab 6mg/kg IV Q3W, Paclitaxel",Medium,Passed - Zero Drug-Drug Interaction Warning (Confidence 99.4%),FHIR_R4_Bundle_C50.919_Condition_MedicationRequest,All Clinical Records & Diagnostic Evidence,Active On-Chain Consent (Granted by Patient),NO,N/A,N/A,Direct patient consent validated via ConsentManager.sol,AES-256-GCM,vault-transit-key-0x9ee94281,Qm7020e96f6e0a3593f9108eda4d4a9d17bf831d11f615,0.0.4891024,4476,2026-09-13 12:03:19 UTC,0x9f56da9d8515f570aef33e441d1889386e388109d7e567b801c0c71543f70e4f,0.0001
ENC-00477,Kavya Sharma,849677,0xb913700d9c5a4127740d3845dd83e39a2f3e30e8,63,male,O-,Dr. Ananya Roy,0x9965507D1a55bcC2695C58ba16FB37d819B0A4dc,NMC-51203,Hematology,Apex Diagnostic & Pathology Hub,0x04Fee3FD1B338d12FFD6dBD8d66dE1e8e0BB99cB,Dengue fever [classical dengue],A90,Infectious Disease,High,100/68 mmHg,96,98%,102,"Oral Rehydration Salts 1L/day, Paracetamol 650mg SOS",High,Passed - Safe pediatric/geriatric dosage tier verified,FHIR_R4_Bundle_A90_Condition_MedicationRequest,All Clinical Records & Diagnostic Evidence,Active On-Chain Consent (Granted by Patient),NO,N/A,N/A,Direct patient consent validated via ConsentManager.sol,AES-256-GCM,vault-transit-key-0xb913700d,Qm71456fb18844b7ce434d1118220bbf12de8f617a8154,0.0.4891024,4477,2026-09-13 12:03:22 UTC,0xcb14e4e02c700562b4cd11fdf47169096d0f7288e2cedf040d2a979c4eb90a07,0.0001
ENC-00478,Sneha Swaminathan,849678,0xeca859951087cbf14a8a3aa9fb22390cb1d4053d,64,female,AB-,Dr. Preeti Deshmukh,0x23618e81E3f5cdF7f54C3d65f7FBc0aBf5B21E8f,NMC-82194,Obstetrics & Pediatrics,Apex Diagnostic & Pathology Hub,0x04Fee3FD1B338d12FFD6dBD8d66dE1e8e0BB99cB,Unspecified intracranial injury / Concussion,S06.9X0A,Trauma & Emergency,Emergency,150/95 mmHg,64,97%,130,"Mannitol 20% 100mL IV, Phenytoin 100mg IV, Analgesics",Medium,Passed - Safe pediatric/geriatric dosage tier verified,FHIR_R4_Bundle_S06.9X0A_Condition_MedicationRequest,All Clinical Records & Diagnostic Evidence,Active On-Chain Consent (Granted by Patient),NO,N/A,N/A,Direct patient consent validated via ConsentManager.sol,AES-256-GCM,vault-transit-key-0xeca85995,Qm4eb9dd17b6958794d9db8ecec01ea0e709fd02cec08e,0.0.4891024,4478,2026-09-13 12:03:24 UTC,0x4d749b43cc722329bf0356ea89184a4444b9921000b3ddcb87089d7d9613494b,0.0001
ENC-00479,Chetan Malhotra,849679,0x2248d19521cbbbffe54cfbab8aa4ee738b49eb5b,65,male,B-,Dr. Rajesh Sharma,0x3c44CdDdB6a900fa2b585dd299e03d12FA4293BC,NMC-78491,Gastroenterology,Apex Diagnostic & Pathology Hub,0x04Fee3FD1B338d12FFD6dBD8d66dE1e8e0BB99cB,Dengue fever [classical dengue],A90,Infectious Disease,High,100/68 mmHg,96,98%,102,"Oral Rehydration Salts 1L/day, Paracetamol 650mg SOS",Low,Passed - Zero Drug-Drug Interaction Warning (Confidence 99.4%),FHIR_R4_Bundle_A90_Condition_MedicationRequest,All Clinical Records & Diagnostic Evidence,Active On-Chain Consent (Granted by Patient),NO,N/A,N/A,Direct patient consent validated via ConsentManager.sol,AES-256-GCM,vault-transit-key-0x2248d195,Qm34ce353194e7fb9614ba7e1347f32239d76cafd09a87,0.0.4891024,4479,2026-09-13 12:03:26 UTC,0xd3a94bacc7a8497e69534f8eff8967cd429ef6bd8b638b3bffc020828a46d74b,0.0001
ENC-00480,Madhav Bhatia,849680,0x2ea3e5666ce8f7a32df81055cb6aca2eba052d80,66,female,O-,Dr. Sarah Jenkins,0x04Fee3FD1B338d12FFD6dBD8d66dE1e8e0BB99cB,NMC-48192,Cardiology,Apex Diagnostic & Pathology Hub,0x04Fee3FD1B338d12FFD6dBD8d66dE1e8e0BB99cB,Gastro-esophageal reflux disease,K21.9,Gastroenterology,Low,120/80 mmHg,70,99%,98,"Pantoprazole 40mg QD pre-breakfast, Domperidone 30mg QD",Low,Advisory: Confirm Patient Creatinine Clearance prior to Metformin XR,FHIR_R4_Bundle_K21.9_Condition_MedicationRequest,All Clinical Records & Diagnostic Evidence,Active On-Chain Consent (Granted by Patient),NO,N/A,N/A,Direct patient consent validated via ConsentManager.sol,AES-256-GCM,vault-transit-key-0x2ea3e566,Qmefbde2d81742db57c6210e6434f3b971853482e8f1c0,0.0.4891024,4480,2026-09-13 12:03:28 UTC,0x2dff5578fdccecde8230d15d9b85817b5c22e06a643ca724483b0cb73314ea23,0.0001
ENC-00481,Sakshi Chatterjee,849681,0x864aa867dde45ad01d18a8bb12d610e6c795ef9c,67,male,AB+,Dr. Sunita Narang,0xBcd4042DE499D14e55001CcbB24a551F3b954096,NMC-90812,Endocrinology & Internal Medicine,Apollo Multispecialty Hospital,0x155Af6ECaFb48861dA7d16Fb8Af2f6ce9d6DD779,Malignant neoplasm of female breast,C50.919,Oncology,Critical,122/76 mmHg,84,98%,105,"Tamoxifen 20mg QD, Trastuzumab 6mg/kg IV Q3W, Paclitaxel",High,Advisory: Monitor Serum Potassium & Renal Function with ACEi/ARB,FHIR_R4_Bundle_C50.919_Condition_MedicationRequest,All Clinical Records & Diagnostic Evidence,Active On-Chain Consent (Granted by Patient),NO,N/A,N/A,Direct patient consent validated via ConsentManager.sol,AES-256-GCM,vault-transit-key-0x864aa867,Qm50af94fe6294d21ff60606fe6cfeed152426771e11bb,0.0.4891024,4481,2026-09-13 12:03:30 UTC,0xf2ebf01abbca8bb44192b92ded43e5c1ed3c15c5f3f1b116b834f660d2f6b7c7,0.0001
ENC-00482,Kavya Kulkarni,849682,0x1c99787c9352702b5cd87f679fa680bbebbc3a45,68,female,O-,Dr. Ananya Roy,0x9965507D1a55bcC2695C58ba16FB37d819B0A4dc,NMC-51203,Hematology,Max Super Speciality Cancer Institute,0x28B7eA94B34C8F52D19E50Eb14769Da20F5D54b4,Type 2 diabetes mellitus without complications,E11.9,Endocrinology,Moderate,130/82 mmHg,72,99%,142,"Metformin 500mg BID, Dapagliflozin 10mg QD",Medium,Advisory: Monitor Serum Potassium & Renal Function with ACEi/ARB,FHIR_R4_Bundle_E11.9_Condition_MedicationRequest,All Clinical Records & Diagnostic Evidence,Active On-Chain Consent (Granted by Patient),NO,N/A,N/A,Direct patient consent validated via ConsentManager.sol,AES-256-GCM,vault-transit-key-0x1c99787c,Qm335199c601be9991832b112551e42af0a79416f267a1,0.0.4891024,4482,2026-09-13 12:03:32 UTC,0xa61dbb00604fb16c266610b6873dff95c4f585965ce9294d554d0f188f62c91f,0.0001
ENC-00483,Anand Joshi,849683,0x57df18f7ceff496eeeddb1e14dd101209bea1938,69,male,AB-,Dr. Preeti Deshmukh,0x23618e81E3f5cdF7f54C3d65f7FBc0aBf5B21E8f,NMC-82194,Obstetrics & Pediatrics,Care & Cure Pediatric & Maternity Hospital,0x937F51E09477BfD31E56c5e533038a8eEAc096b7,Unspecified intracranial injury / Concussion,S06.9X0A,Trauma & Emergency,Emergency,150/95 mmHg,64,97%,130,"Mannitol 20% 100mL IV, Phenytoin 100mg IV, Analgesics",Low,Passed - Safe pediatric/geriatric dosage tier verified,FHIR_R4_Bundle_S06.9X0A_Condition_MedicationRequest,All Clinical Records & Diagnostic Evidence,Active On-Chain Consent (Granted by Patient),NO,N/A,N/A,Direct patient consent validated via ConsentManager.sol,AES-256-GCM,vault-transit-key-0x57df18f7,Qme42c940373fa6e42fe6f83e57e44b0856f926f00beeb,0.0.4891024,4483,2026-09-13 12:03:34 UTC,0x9dbcc410c6bd3926214846f33574af1250f057f0a175281471cc9a3c0b43e18f,0.0001
ENC-00484,Manish Swaminathan,849684,0x483fb425ae0bb315acbe902412051267a8b75e0d,70,female,A+,Dr. Vikram Seth,0x15d34AAf54267DB7D7c367839AAf71A00a2C6A65,NMC-99014,Oncology,Fortis Memorial Neuro & Trauma Center,0x84f93618C1D541bB1Dcf1373A8eE500A7D439634,Essential (primary) hypertension,I10,Cardiology,Moderate,148/92 mmHg,78,98%,110,"Amlodipine 5mg QD, Telmisartan 40mg QD",Medium,Passed - Safe pediatric/geriatric dosage tier verified,FHIR_R4_Bundle_I10_Condition_MedicationRequest,All Clinical Records & Diagnostic Evidence,Active On-Chain Consent (Granted by Patient),NO,N/A,N/A,Direct patient consent validated via ConsentManager.sol,AES-256-GCM,vault-transit-key-0x483fb425,Qmc09e1306f037e7e4a25da3b54b5c496eb7b988cdc56d,0.0.4891024,4484,2026-09-13 12:03:37 UTC,0xcf24a1590cdafabe670552f47cd87aaf9a23875234fe3dfaec64a48e9a795dbb,0.0001
ENC-00485,Deepak Agarwal,849685,0xdc0d42bb7622c851e308613d5505c708ce78ef16,71,male,O-,Dr. Vikram Seth,0x15d34AAf54267DB7D7c367839AAf71A00a2C6A65,NMC-99014,Oncology,Apex Diagnostic & Pathology Hub,0x04Fee3FD1B338d12FFD6dBD8d66dE1e8e0BB99cB,Dengue fever [classical dengue],A90,Infectious Disease,High,100/68 mmHg,96,98%,102,"Oral Rehydration Salts 1L/day, Paracetamol 650mg SOS",Medium,Passed - Safe pediatric/geriatric dosage tier verified,FHIR_R4_Bundle_A90_Condition_MedicationRequest,All Clinical Records & Diagnostic Evidence,Active On-Chain Consent (Granted by Patient),NO,N/A,N/A,Direct patient consent validated via ConsentManager.sol,AES-256-GCM,vault-transit-key-0xdc0d42bb,Qmf28e8f1d2fd48e94622b7dfb668d35f3053d8193c5f2,0.0.4891024,4485,2026-09-13 12:03:38 UTC,0x2ac19987ac7c1af1816d6af67c54410d6ef335f424a8a037be864596db4dddbd,0.0001
ENC-00486,Sameer Iyer,849686,0x4432b92a940de6908b45b428a028b9b8bf0e28d1,72,female,O-,Dr. Rohan Patel,0x976EA74026E726554dB657fA54763abd0C3a0aa9,NMC-11029,Neurology,Max Super Speciality Cancer Institute,0x28B7eA94B34C8F52D19E50Eb14769Da20F5D54b4,Essential (primary) hypertension,I10,Cardiology,Moderate,148/92 mmHg,78,98%,110,"Amlodipine 5mg QD, Telmisartan 40mg QD",High,Advisory: Monitor Serum Potassium & Renal Function with ACEi/ARB,FHIR_R4_Bundle_I10_Condition_MedicationRequest,All Clinical Records & Diagnostic Evidence,Pending Patient Authorization,NO,N/A,N/A,Access request pending approval from patient wallet,AES-256-GCM,vault-transit-key-0x4432b92a,Qm5e27fd315e371a0769cc31317c88f9926d166bc3f88e,0.0.4891024,4486,2026-09-13 12:03:41 UTC,0x8f66235d4297793fee68d7b3da36666fa49bea06472c659daff805272eb49384,0.0001
ENC-00487,Harish Deshmukh,849687,0xb5969d8c1d071043313448e2733530f4de67ab50,73,male,O+,Dr. Sarah Jenkins,0x04Fee3FD1B338d12FFD6dBD8d66dE1e8e0BB99cB,NMC-48192,Cardiology,Apex Diagnostic & Pathology Hub,0x04Fee3FD1B338d12FFD6dBD8d66dE1e8e0BB99cB,Malignant neoplasm of female breast,C50.919,Oncology,Critical,122/76 mmHg,84,98%,105,"Tamoxifen 20mg QD, Trastuzumab 6mg/kg IV Q3W, Paclitaxel",Medium,Advisory: Confirm Patient Creatinine Clearance prior to Metformin XR,FHIR_R4_Bundle_C50.919_Condition_MedicationRequest,All Clinical Records & Diagnostic Evidence,Active On-Chain Consent (Granted by Patient),NO,N/A,N/A,Direct patient consent validated via ConsentManager.sol,AES-256-GCM,vault-transit-key-0xb5969d8c,Qm63cbe3a7e92aef86dc34d32332c6cd559183db2557ed,0.0.4891024,4487,2026-09-13 12:03:42 UTC,0x6ef41e11afb8e51e30c4edf77d6e6f9a43db875da1b8d7b2307972a57bb9d028,0.0001
ENC-00488,Sneha Mehta,849688,0x80b8dc24fe656a6e1d3bbb3356a03d9d037ae087,74,female,AB-,Dr. Vikram Seth,0x15d34AAf54267DB7D7c367839AAf71A00a2C6A65,NMC-99014,Oncology,Apex Diagnostic & Pathology Hub,0x04Fee3FD1B338d12FFD6dBD8d66dE1e8e0BB99cB,Unspecified intracranial injury / Concussion,S06.9X0A,Trauma & Emergency,Emergency,150/95 mmHg,64,97%,130,"Mannitol 20% 100mL IV, Phenytoin 100mg IV, Analgesics",High,Passed - Zero Drug-Drug Interaction Warning (Confidence 99.4%),FHIR_R4_Bundle_S06.9X0A_Condition_MedicationRequest,All Clinical Records & Diagnostic Evidence,Break-Glass Emergency Invoked (Active Override),YES,Acute Life-Threatening Presentation: Unspecified intracranial injury / Concussion,60 Minutes (Auto-Expiring Ephemeral Key),Emergency access granted; immediate HCS compliance event broadcasted,AES-256-GCM,vault-transit-key-0x80b8dc24,Qmd4cf8c157bb3501f05ebdd1142516c45dd979e647aef,0.0.4891024,4488,2026-09-13 12:03:45 UTC,0x76705afd9f3ba7510ca7cfa732614df2b317cca05f1d4a52c2f4dea83bf510df,0.0001
ENC-00489,Ishaan Swaminathan,849689,0xad14782f67249535cb6825ba56c5c2c51a2d2b06,75,male,AB-,Dr. Sunita Narang,0xBcd4042DE499D14e55001CcbB24a551F3b954096,NMC-90812,Endocrinology & Internal Medicine,Care & Cure Pediatric & Maternity Hospital,0x937F51E09477BfD31E56c5e533038a8eEAc096b7,Gastro-esophageal reflux disease,K21.9,Gastroenterology,Low,120/80 mmHg,70,99%,98,"Pantoprazole 40mg QD pre-breakfast, Domperidone 30mg QD",High,Passed - Zero Drug-Drug Interaction Warning (Confidence 99.4%),FHIR_R4_Bundle_K21.9_Condition_MedicationRequest,All Clinical Records & Diagnostic Evidence,Pending Patient Authorization,NO,N/A,N/A,Access request pending approval from patient wallet,AES-256-GCM,vault-transit-key-0xad14782f,Qm914a70e22dc8ef52218d5100f843f0a1d7b9521dae7a,0.0.4891024,4489,2026-09-13 12:03:47 UTC,0x60f3bbeb9906426ef15f298648f56caf004058336c9b89ad3b05bb35df371e59,0.0001
ENC-00490,Kiran Mishra,849690,0x61fc1d5423a8851cedd1136669195aa3f110e01b,76,female,A+,Dr. Rajesh Sharma,0x3c44CdDdB6a900fa2b585dd299e03d12FA4293BC,NMC-78491,Gastroenterology,Care & Cure Pediatric & Maternity Hospital,0x937F51E09477BfD31E56c5e533038a8eEAc096b7,Unspecified intracranial injury / Concussion,S06.9X0A,Trauma & Emergency,Emergency,150/95 mmHg,64,97%,130,"Mannitol 20% 100mL IV, Phenytoin 100mg IV, Analgesics",High,Passed - Safe pediatric/geriatric dosage tier verified,FHIR_R4_Bundle_S06.9X0A_Condition_MedicationRequest,All Clinical Records & Diagnostic Evidence,Break-Glass Emergency Invoked (Active Override),YES,Acute Life-Threatening Presentation: Unspecified intracranial injury / Concussion,60 Minutes (Auto-Expiring Ephemeral Key),Emergency access granted; immediate HCS compliance event broadcasted,AES-256-GCM,vault-transit-key-0x61fc1d54,Qm7234ee1c4279b400ff30c5dcf088b597b69e82b57752,0.0.4891024,4490,2026-09-13 12:03:49 UTC,0x6c8c8756f3cd2f604bc2c793be947c6f5d90a4bd7697070c2ddfa11de875b1a8,0.0001
ENC-00491,Rakesh Gupta,849691,0x56649b702429dfe6e23fc88a6ae7be712d4a188c,77,male,B+,Dr. Sunita Narang,0xBcd4042DE499D14e55001CcbB24a551F3b954096,NMC-90812,Endocrinology & Internal Medicine,Max Super Speciality Cancer Institute,0x28B7eA94B34C8F52D19E50Eb14769Da20F5D54b4,"Acute myocardial infarction, unspecified",I21.9,Cardiology,Emergency,95/60 mmHg,112,93%,165,"Ticagrelor 90mg BID, Aspirin 325mg, Atorvastatin 80mg, IV Heparin",Low,Advisory: Confirm Patient Creatinine Clearance prior to Metformin XR,FHIR_R4_Bundle_I21.9_Condition_MedicationRequest,All Clinical Records & Diagnostic Evidence,Break-Glass Emergency Invoked (Active Override),YES,"Acute Life-Threatening Presentation: Acute myocardial infarction, unspecified",60 Minutes (Auto-Expiring Ephemeral Key),Emergency access granted; immediate HCS compliance event broadcasted,AES-256-GCM,vault-transit-key-0x56649b70,Qm9ad5b47fad22185df3a6a3d726cb93afc39cb7d9f91a,0.0.4891024,4491,2026-09-13 12:03:51 UTC,0x4b768f0deed119b5df15eadabdad23890b9b0bea0af38a37d35540e594cd9857,0.0001
ENC-00492,Ananya Verma,849692,0x14ce571bfba39d789a916a4e35f85c3d0722a974,78,female,O-,Dr. Sarah Jenkins,0x04Fee3FD1B338d12FFD6dBD8d66dE1e8e0BB99cB,NMC-48192,Cardiology,Max Super Speciality Cancer Institute,0x28B7eA94B34C8F52D19E50Eb14769Da20F5D54b4,Malignant neoplasm of female breast,C50.919,Oncology,Critical,122/76 mmHg,84,98%,105,"Tamoxifen 20mg QD, Trastuzumab 6mg/kg IV Q3W, Paclitaxel",Low,Advisory: Monitor Serum Potassium & Renal Function with ACEi/ARB,FHIR_R4_Bundle_C50.919_Condition_MedicationRequest,All Clinical Records & Diagnostic Evidence,Active On-Chain Consent (Granted by Patient),NO,N/A,N/A,Direct patient consent validated via ConsentManager.sol,AES-256-GCM,vault-transit-key-0x14ce571b,Qmed3464af12d731cd75184b0e368b321445194bee2d40,0.0.4891024,4492,2026-09-13 12:03:53 UTC,0x705e29d5fb8726befaa8d5d3c90354a6d068f29e8062348ab57750f1fffbe1b8,0.0001
ENC-00493,Varun Pandey,849693,0xee873f9c60044ad8b73401ff9472de6f09969fd6,79,male,O-,Dr. Rajesh Sharma,0x3c44CdDdB6a900fa2b585dd299e03d12FA4293BC,NMC-78491,Gastroenterology,Apollo Multispecialty Hospital,0x155Af6ECaFb48861dA7d16Fb8Af2f6ce9d6DD779,"Acute myocardial infarction, unspecified",I21.9,Cardiology,Emergency,95/60 mmHg,112,93%,165,"Ticagrelor 90mg BID, Aspirin 325mg, Atorvastatin 80mg, IV Heparin",High,Passed - Zero Drug-Drug Interaction Warning (Confidence 99.4%),FHIR_R4_Bundle_I21.9_Condition_MedicationRequest,All Clinical Records & Diagnostic Evidence,Break-Glass Emergency Invoked (Active Override),YES,"Acute Life-Threatening Presentation: Acute myocardial infarction, unspecified",60 Minutes (Auto-Expiring Ephemeral Key),Emergency access granted; immediate HCS compliance event broadcasted,AES-256-GCM,vault-transit-key-0xee873f9c,Qmc392057a71c5885ce90305c81b56e8366413aea47a6f,0.0.4891024,4493,2026-09-13 12:03:55 UTC,0x418957e93dd68b58613a524941b24ed78c9484ed320fd00acbe24cdb794699ec,0.0001
ENC-00494,Amit Hegde,849694,0xbb583bb2963cc60c22d533c28b1befbe52ee76db,80,female,A+,Dr. Rajesh Sharma,0x3c44CdDdB6a900fa2b585dd299e03d12FA4293BC,NMC-78491,Gastroenterology,Care & Cure Pediatric & Maternity Hospital,0x937F51E09477BfD31E56c5e533038a8eEAc096b7,Type 2 diabetes mellitus without complications,E11.9,Endocrinology,Moderate,130/82 mmHg,72,99%,142,"Metformin 500mg BID, Dapagliflozin 10mg QD",Low,Passed - Safe pediatric/geriatric dosage tier verified,FHIR_R4_Bundle_E11.9_Condition_MedicationRequest,All Clinical Records & Diagnostic Evidence,Pending Patient Authorization,NO,N/A,N/A,Access request pending approval from patient wallet,AES-256-GCM,vault-transit-key-0xbb583bb2,Qm9379917f16e3a502858e9a6cf10e61eafe714b8e6f47,0.0.4891024,4494,2026-09-13 12:03:57 UTC,0xbcc649c78f5651e9e9b3ada93afff3a8780634c41f55bc93bbe29d89def071a5,0.0001
ENC-00495,Yashwanth Hegde,849695,0x45da1f2dc3609a73a941ce32fdf888c10823d38d,81,male,A-,Dr. Rohan Patel,0x976EA74026E726554dB657fA54763abd0C3a0aa9,NMC-11029,Neurology,Fortis Memorial Neuro & Trauma Center,0x84f93618C1D541bB1Dcf1373A8eE500A7D439634,Dengue fever [classical dengue],A90,Infectious Disease,High,100/68 mmHg,96,98%,102,"Oral Rehydration Salts 1L/day, Paracetamol 650mg SOS",High,Advisory: Confirm Patient Creatinine Clearance prior to Metformin XR,FHIR_R4_Bundle_A90_Condition_MedicationRequest,All Clinical Records & Diagnostic Evidence,Pending Patient Authorization,NO,N/A,N/A,Access request pending approval from patient wallet,AES-256-GCM,vault-transit-key-0x45da1f2d,Qm4c1ca39f595bbf93d697228dad1d1b8777d08843af86,0.0.4891024,4495,2026-09-13 12:04:00 UTC,0x1debd157b70fc1e3cfc76730a1d7e98457cb3763ee3f1da090409863c7634b4b,0.0001
ENC-00496,Harish Swaminathan,849696,0x99d316964b430a4ab9181e30d7bbb92f9cda652b,82,female,A-,Dr. Preeti Deshmukh,0x23618e81E3f5cdF7f54C3d65f7FBc0aBf5B21E8f,NMC-82194,Obstetrics & Pediatrics,Fortis Memorial Neuro & Trauma Center,0x84f93618C1D541bB1Dcf1373A8eE500A7D439634,Type 2 diabetes mellitus without complications,E11.9,Endocrinology,Moderate,130/82 mmHg,72,99%,142,"Metformin 500mg BID, Dapagliflozin 10mg QD",Low,Advisory: Confirm Patient Creatinine Clearance prior to Metformin XR,FHIR_R4_Bundle_E11.9_Condition_MedicationRequest,All Clinical Records & Diagnostic Evidence,Active On-Chain Consent (Granted by Patient),NO,N/A,N/A,Direct patient consent validated via ConsentManager.sol,AES-256-GCM,vault-transit-key-0x99d31696,Qm318fd8c46ed344104ee587652754220de718e46bbf07,0.0.4891024,4496,2026-09-13 12:04:02 UTC,0x4fc7405bd72ab889b14fcb1d93e940ca06c7a913adb5add070a420405bb2a58b,0.0001
ENC-00497,Pranav Ghosh,849697,0x6bcc898818b3e9503a1c00f658c79c4f5c0a4261,83,male,O+,Dr. Ananya Roy,0x9965507D1a55bcC2695C58ba16FB37d819B0A4dc,NMC-51203,Hematology,Care & Cure Pediatric & Maternity Hospital,0x937F51E09477BfD31E56c5e533038a8eEAc096b7,"Epilepsy, unspecified, without status epilepticus",G40.909,Neurology,High,118/74 mmHg,76,99%,95,"Levetiracetam 500mg BID, Clobazam 10mg QHS",High,Advisory: Confirm Patient Creatinine Clearance prior to Metformin XR,FHIR_R4_Bundle_G40.909_Condition_MedicationRequest,All Clinical Records & Diagnostic Evidence,Active On-Chain Consent (Granted by Patient),NO,N/A,N/A,Direct patient consent validated via ConsentManager.sol,AES-256-GCM,vault-transit-key-0x6bcc8988,Qm3eefd85777a4d0caf014cfde52acaa40196a9d7dfce7,0.0.4891024,4497,2026-09-13 12:04:04 UTC,0xaf0309684c1fddf6b6b03862efa45f64dc7c596fddb772c1ade6e16df81dc99a,0.0001
ENC-00498,Sneha Verma,849698,0x8ff55cf529973cc165dac4fdd3ab0bc6b7c928e7,84,female,O-,Dr. Sunita Narang,0xBcd4042DE499D14e55001CcbB24a551F3b954096,NMC-90812,Endocrinology & Internal Medicine,Fortis Memorial Neuro & Trauma Center,0x84f93618C1D541bB1Dcf1373A8eE500A7D439634,"Acute myocardial infarction, unspecified",I21.9,Cardiology,Emergency,95/60 mmHg,112,93%,165,"Ticagrelor 90mg BID, Aspirin 325mg, Atorvastatin 80mg, IV Heparin",Medium,Advisory: Monitor Serum Potassium & Renal Function with ACEi/ARB,FHIR_R4_Bundle_I21.9_Condition_MedicationRequest,All Clinical Records & Diagnostic Evidence,Active On-Chain Consent (Granted by Patient),NO,N/A,N/A,Direct patient consent validated via ConsentManager.sol,AES-256-GCM,vault-transit-key-0x8ff55cf5,Qmc4056cd274d770e9e0c4075d7ee3723e054cfe06f8a7,0.0.4891024,4498,2026-09-13 12:04:06 UTC,0x8488224189f095f34ba7713ccf060825de31ead127652cead4a791ef2299e541,0.0001
ENC-00499,Manish Malhotra,849699,0x12006131649c057d6452a3a5d128ae2c76a5bc49,85,male,A+,Dr. Preeti Deshmukh,0x23618e81E3f5cdF7f54C3d65f7FBc0aBf5B21E8f,NMC-82194,Obstetrics & Pediatrics,Apex Diagnostic & Pathology Hub,0x04Fee3FD1B338d12FFD6dBD8d66dE1e8e0BB99cB,Unspecified intracranial injury / Concussion,S06.9X0A,Trauma & Emergency,Emergency,150/95 mmHg,64,97%,130,"Mannitol 20% 100mL IV, Phenytoin 100mg IV, Analgesics",High,Passed - Safe pediatric/geriatric dosage tier verified,FHIR_R4_Bundle_S06.9X0A_Condition_MedicationRequest,All Clinical Records & Diagnostic Evidence,Break-Glass Emergency Invoked (Active Override),YES,Acute Life-Threatening Presentation: Unspecified intracranial injury / Concussion,60 Minutes (Auto-Expiring Ephemeral Key),Emergency access granted; immediate HCS compliance event broadcasted,AES-256-GCM,vault-transit-key-0x12006131,Qm29bdb73beb012623cecc1c05aa8d99ee91c8076325be,0.0.4891024,4499,2026-09-13 12:04:08 UTC,0xa8b8a50cd9fe9dc093a1af49f74473cc3a43be925eb1c0e04f2748bc0722fc16,0.0001
ENC-00500,Sameer Choudhury,849700,0x9d50e9527fd3a609a6506c35fa17f589f268f8bb,86,female,A+,Dr. Rajesh Sharma,0x3c44CdDdB6a900fa2b585dd299e03d12FA4293BC,NMC-78491,Gastroenterology,Max Super Speciality Cancer Institute,0x28B7eA94B34C8F52D19E50Eb14769Da20F5D54b4,Dengue fever [classical dengue],A90,Infectious Disease,High,100/68 mmHg,96,98%,102,"Oral Rehydration Salts 1L/day, Paracetamol 650mg SOS",Medium,Passed - Zero Drug-Drug Interaction Warning (Confidence 99.4%),FHIR_R4_Bundle_A90_Condition_MedicationRequest,All Clinical Records & Diagnostic Evidence,Pending Patient Authorization,NO,N/A,N/A,Access request pending approval from patient wallet,AES-256-GCM,vault-transit-key-0x9d50e952,Qmcc8fd3e05f112cefb931072e7f281828ffb439c177c5,0.0.4891024,4500,2026-09-13 12:04:10 UTC,0x1e1e9b3c515bcc9fe298a354afe628a80e8086e5aeeef1afb9a4440ade6f9a13,0.0001
ENC-00501,Arjun Kapoor,849701,0x021c6c7627f1f54506b76bf5915ea182e37529a0,87,male,B-,Dr. Sunita Narang,0xBcd4042DE499D14e55001CcbB24a551F3b954096,NMC-90812,Endocrinology & Internal Medicine,Care & Cure Pediatric & Maternity Hospital,0x937F51E09477BfD31E56c5e533038a8eEAc096b7,Type 2 diabetes mellitus without complications,E11.9,Endocrinology,Moderate,130/82 mmHg,72,99%,142,"Metformin 500mg BID, Dapagliflozin 10mg QD",Medium,Passed - Zero Drug-Drug Interaction Warning (Confidence 99.4%),FHIR_R4_Bundle_E11.9_Condition_MedicationRequest,All Clinical Records & Diagnostic Evidence,Active On-Chain Consent (Granted by Patient),NO,N/A,N/A,Direct patient consent validated via ConsentManager.sol,AES-256-GCM,vault-transit-key-0x021c6c76,Qme1355a1bd74f2000eb15416a3d3eea7565959521e9ff,0.0.4891024,4501,2026-09-13 12:04:12 UTC,0x931090f855512313fe35c170e9282670fd9d203e39e1f542b7efa0f2e17a00c8,0.0001
ENC-00502,Ishaan Choudhury,849702,0xc96ed4a9847f88e425088a14567c02a077848016,88,female,AB+,Dr. Ananya Roy,0x9965507D1a55bcC2695C58ba16FB37d819B0A4dc,NMC-51203,Hematology,Care & Cure Pediatric & Maternity Hospital,0x937F51E09477BfD31E56c5e533038a8eEAc096b7,Gastro-esophageal reflux disease,K21.9,Gastroenterology,Low,120/80 mmHg,70,99%,98,"Pantoprazole 40mg QD pre-breakfast, Domperidone 30mg QD",Low,Passed - Safe pediatric/geriatric dosage tier verified,FHIR_R4_Bundle_K21.9_Condition_MedicationRequest,All Clinical Records & Diagnostic Evidence,Active On-Chain Consent (Granted by Patient),NO,N/A,N/A,Direct patient consent validated via ConsentManager.sol,AES-256-GCM,vault-transit-key-0xc96ed4a9,Qmaf1b2a4b02f54d57b57060da90adcdb22c06ff1c2c0b,0.0.4891024,4502,2026-09-13 12:04:14 UTC,0xc427082d401b663cb80ea35c539cfa1974e3d6801c802b53764d9a435b0831a3,0.0001
ENC-00503,Riya Rao,849703,0x46d2ed85b62d3b1afb528b1536bde56e471b5205,89,male,B+,Dr. Vikram Seth,0x15d34AAf54267DB7D7c367839AAf71A00a2C6A65,NMC-99014,Oncology,Max Super Speciality Cancer Institute,0x28B7eA94B34C8F52D19E50Eb14769Da20F5D54b4,Unspecified intracranial injury / Concussion,S06.9X0A,Trauma & Emergency,Emergency,150/95 mmHg,64,97%,130,"Mannitol 20% 100mL IV, Phenytoin 100mg IV, Analgesics",Low,Passed - Zero Drug-Drug Interaction Warning (Confidence 99.4%),FHIR_R4_Bundle_S06.9X0A_Condition_MedicationRequest,All Clinical Records & Diagnostic Evidence,Break-Glass Emergency Invoked (Active Override),YES,Acute Life-Threatening Presentation: Unspecified intracranial injury / Concussion,60 Minutes (Auto-Expiring Ephemeral Key),Emergency access granted; immediate HCS compliance event broadcasted,AES-256-GCM,vault-transit-key-0x46d2ed85,Qm9178df409bef9d8adfbc9aaacee77d7efcfacd62e7a0,0.0.4891024,4503,2026-09-13 12:04:16 UTC,0xce8df57f3d058319f69cedafa6cf8581fd22ef992d969a9edf6081c8b1283743,0.0001
ENC-00504,Divya Hegde,849704,0xf0c52248b484dcdbed3f0f0c3018a8249193d5a9,18,female,O+,Dr. Rajesh Sharma,0x3c44CdDdB6a900fa2b585dd299e03d12FA4293BC,NMC-78491,Gastroenterology,Apex Diagnostic & Pathology Hub,0x04Fee3FD1B338d12FFD6dBD8d66dE1e8e0BB99cB,Gastro-esophageal reflux disease,K21.9,Gastroenterology,Low,120/80 mmHg,70,99%,98,"Pantoprazole 40mg QD pre-breakfast, Domperidone 30mg QD",High,Passed - Zero Drug-Drug Interaction Warning (Confidence 99.4%),FHIR_R4_Bundle_K21.9_Condition_MedicationRequest,All Clinical Records & Diagnostic Evidence,Active On-Chain Consent (Granted by Patient),NO,N/A,N/A,Direct patient consent validated via ConsentManager.sol,AES-256-GCM,vault-transit-key-0xf0c52248,Qm4259238bd07f4f11512177df71bac10263db28258df1,0.0.4891024,4504,2026-09-13 12:04:19 UTC,0x8483c47b465a0957a8fcd5cf780d7486f85255a8cbe046e694bc70fc58d2af19,0.0001
ENC-00505,Manish Verma,849705,0xe5e8c659e9e3aac13d624d7df33a735ff515b866,19,male,O+,Dr. Ananya Roy,0x9965507D1a55bcC2695C58ba16FB37d819B0A4dc,NMC-51203,Hematology,Max Super Speciality Cancer Institute,0x28B7eA94B34C8F52D19E50Eb14769Da20F5D54b4,Essential (primary) hypertension,I10,Cardiology,Moderate,148/92 mmHg,78,98%,110,"Amlodipine 5mg QD, Telmisartan 40mg QD",High,Advisory: Confirm Patient Creatinine Clearance prior to Metformin XR,FHIR_R4_Bundle_I10_Condition_MedicationRequest,All Clinical Records & Diagnostic Evidence,Active On-Chain Consent (Granted by Patient),NO,N/A,N/A,Direct patient consent validated via ConsentManager.sol,AES-256-GCM,vault-transit-key-0xe5e8c659,Qma7058cab32138f23e86afb8e1dc02f99349ea23fb072,0.0.4891024,4505,2026-09-13 12:04:21 UTC,0x2aecce213dbea40d009462d029ae73b682d313f5f9467cd98bfc92bd486ba22c,0.0001
ENC-00506,Sanjay Shetty,849706,0x1ac10c6726582e69c54d2961db5814ec1bd1d1c9,20,female,A+,Dr. Sarah Jenkins,0x04Fee3FD1B338d12FFD6dBD8d66dE1e8e0BB99cB,NMC-48192,Cardiology,Max Super Speciality Cancer Institute,0x28B7eA94B34C8F52D19E50Eb14769Da20F5D54b4,"Epilepsy, unspecified, without status epilepticus",G40.909,Neurology,High,118/74 mmHg,76,99%,95,"Levetiracetam 500mg BID, Clobazam 10mg QHS",Low,Passed - Zero Drug-Drug Interaction Warning (Confidence 99.4%),FHIR_R4_Bundle_G40.909_Condition_MedicationRequest,All Clinical Records & Diagnostic Evidence,Active On-Chain Consent (Granted by Patient),NO,N/A,N/A,Direct patient consent validated via ConsentManager.sol,AES-256-GCM,vault-transit-key-0x1ac10c67,Qm2ac8e2a451941997395e58fd896f466877f1753213ba,0.0.4891024,4506,2026-09-13 12:04:23 UTC,0x677f0a733a05e8ae66e5b9dba054757a8831c7a65986ef4a0fb9959adb9a660f,0.0001
ENC-00507,Ananya Agarwal,849707,0x3144708a03d664dfcb075a9a91970156fd14ee57,21,male,O+,Dr. Sunita Narang,0xBcd4042DE499D14e55001CcbB24a551F3b954096,NMC-90812,Endocrinology & Internal Medicine,Max Super Speciality Cancer Institute,0x28B7eA94B34C8F52D19E50Eb14769Da20F5D54b4,Type 2 diabetes mellitus without complications,E11.9,Endocrinology,Moderate,130/82 mmHg,72,99%,142,"Metformin 500mg BID, Dapagliflozin 10mg QD",Medium,Passed - Safe pediatric/geriatric dosage tier verified,FHIR_R4_Bundle_E11.9_Condition_MedicationRequest,All Clinical Records & Diagnostic Evidence,Pending Patient Authorization,NO,N/A,N/A,Access request pending approval from patient wallet,AES-256-GCM,vault-transit-key-0x3144708a,Qmbd2a2f867c44112e3582f725de33cdb687acbdff8f43,0.0.4891024,4507,2026-09-13 12:04:24 UTC,0x8b41c4d8ebfb054522c925de8706eed916bf7953f59f2d49d1f9948e7307134c,0.0001
ENC-00508,Lata Choudhury,849708,0x7cf73186da3f5b02d6321bf5b15c90ea30981a87,22,female,A+,Dr. Sunita Narang,0xBcd4042DE499D14e55001CcbB24a551F3b954096,NMC-90812,Endocrinology & Internal Medicine,Apex Diagnostic & Pathology Hub,0x04Fee3FD1B338d12FFD6dBD8d66dE1e8e0BB99cB,"Epilepsy, unspecified, without status epilepticus",G40.909,Neurology,High,118/74 mmHg,76,99%,95,"Levetiracetam 500mg BID, Clobazam 10mg QHS",Medium,Passed - Safe pediatric/geriatric dosage tier verified,FHIR_R4_Bundle_G40.909_Condition_MedicationRequest,All Clinical Records & Diagnostic Evidence,Active On-Chain Consent (Granted by Patient),NO,N/A,N/A,Direct patient consent validated via ConsentManager.sol,AES-256-GCM,vault-transit-key-0x7cf73186,Qm092c8fa771f9aea79d110c371b0ac4f63bbe4c7bcc8b,0.0.4891024,4508,2026-09-13 12:04:27 UTC,0x19365055606b07a5e4354a0b3ce86af777a54d8dab0b37dcd4b3e494b1f90fce,0.0001
ENC-00509,Meera Kulkarni,849709,0x45d659b664bce7d5812a35bd1526eccea54a57c0,23,male,A+,Dr. Ananya Roy,0x9965507D1a55bcC2695C58ba16FB37d819B0A4dc,NMC-51203,Hematology,Apex Diagnostic & Pathology Hub,0x04Fee3FD1B338d12FFD6dBD8d66dE1e8e0BB99cB,Malignant neoplasm of female breast,C50.919,Oncology,Critical,122/76 mmHg,84,98%,105,"Tamoxifen 20mg QD, Trastuzumab 6mg/kg IV Q3W, Paclitaxel",Medium,Passed - Zero Drug-Drug Interaction Warning (Confidence 99.4%),FHIR_R4_Bundle_C50.919_Condition_MedicationRequest,All Clinical Records & Diagnostic Evidence,Active On-Chain Consent (Granted by Patient),NO,N/A,N/A,Direct patient consent validated via ConsentManager.sol,AES-256-GCM,vault-transit-key-0x45d659b6,Qm7e2726c047ec243c4b31a54f124af8c54b5070a469dd,0.0.4891024,4509,2026-09-13 12:04:29 UTC,0xda6a8896374380b5a9b232a595a71be3dcdca9e38fcd6534cf5f94b95aad2838,0.0001
ENC-00510,Meera Pillai,849710,0x3bc6c74e394470a8480fe70400cff79e170e7aec,24,female,AB-,Dr. Sunita Narang,0xBcd4042DE499D14e55001CcbB24a551F3b954096,NMC-90812,Endocrinology & Internal Medicine,Care & Cure Pediatric & Maternity Hospital,0x937F51E09477BfD31E56c5e533038a8eEAc096b7,Unspecified intracranial injury / Concussion,S06.9X0A,Trauma & Emergency,Emergency,150/95 mmHg,64,97%,130,"Mannitol 20% 100mL IV, Phenytoin 100mg IV, Analgesics",Low,Passed - Safe pediatric/geriatric dosage tier verified,FHIR_R4_Bundle_S06.9X0A_Condition_MedicationRequest,All Clinical Records & Diagnostic Evidence,Active On-Chain Consent (Granted by Patient),NO,N/A,N/A,Direct patient consent validated via ConsentManager.sol,AES-256-GCM,vault-transit-key-0x3bc6c74e,Qmb31d92e75ce66163b1c6abef6fded6dca33e27beb923,0.0.4891024,4510,2026-09-13 12:04:31 UTC,0x5bbb268a1f20926c81acb511ac3e7114c7eb3dea52293dafcb562575925493c5,0.0001
ENC-00511,Rohan Shetty,849711,0x55496b4afb1dfd9c67e97a0b10a6a6dbf2d138a6,25,male,A-,Dr. Rajesh Sharma,0x3c44CdDdB6a900fa2b585dd299e03d12FA4293BC,NMC-78491,Gastroenterology,Max Super Speciality Cancer Institute,0x28B7eA94B34C8F52D19E50Eb14769Da20F5D54b4,Dengue fever [classical dengue],A90,Infectious Disease,High,100/68 mmHg,96,98%,102,"Oral Rehydration Salts 1L/day, Paracetamol 650mg SOS",Low,Advisory: Monitor Serum Potassium & Renal Function with ACEi/ARB,FHIR_R4_Bundle_A90_Condition_MedicationRequest,All Clinical Records & Diagnostic Evidence,Active On-Chain Consent (Granted by Patient),NO,N/A,N/A,Direct patient consent validated via ConsentManager.sol,AES-256-GCM,vault-transit-key-0x55496b4a,Qm48cae8ba9c1de7514f081ce94ae85665488bda2dd781,0.0.4891024,4511,2026-09-13 12:04:33 UTC,0xe5d58c8ac96ec689d036a2a1dc5016201354b429a15d07ae845b2b1110682928,0.0001
ENC-00512,Arjun Saxena,849712,0x8973355fde1df69032d8121ce6a221bdeba7284e,26,female,A+,Dr. Rajesh Sharma,0x3c44CdDdB6a900fa2b585dd299e03d12FA4293BC,NMC-78491,Gastroenterology,Apollo Multispecialty Hospital,0x155Af6ECaFb48861dA7d16Fb8Af2f6ce9d6DD779,Dengue fever [classical dengue],A90,Infectious Disease,High,100/68 mmHg,96,98%,102,"Oral Rehydration Salts 1L/day, Paracetamol 650mg SOS",Medium,Passed - Zero Drug-Drug Interaction Warning (Confidence 99.4%),FHIR_R4_Bundle_A90_Condition_MedicationRequest,All Clinical Records & Diagnostic Evidence,Active On-Chain Consent (Granted by Patient),NO,N/A,N/A,Direct patient consent validated via ConsentManager.sol,AES-256-GCM,vault-transit-key-0x8973355f,Qme68cf532c3afe04ea58e3db6cfa3fdf1a4919433197f,0.0.4891024,4512,2026-09-13 12:04:35 UTC,0x1ec1b9ad525c2919086c4b15709a327483efa66a72281dab35cec066a6165bf2,0.0001
ENC-00513,Sakshi Saxena,849713,0x53d047ae08a35d04fcc01f48f985c0aa040b1c9b,27,male,AB+,Dr. Preeti Deshmukh,0x23618e81E3f5cdF7f54C3d65f7FBc0aBf5B21E8f,NMC-82194,Obstetrics & Pediatrics,Care & Cure Pediatric & Maternity Hospital,0x937F51E09477BfD31E56c5e533038a8eEAc096b7,Gastro-esophageal reflux disease,K21.9,Gastroenterology,Low,120/80 mmHg,70,99%,98,"Pantoprazole 40mg QD pre-breakfast, Domperidone 30mg QD",Low,Advisory: Confirm Patient Creatinine Clearance prior to Metformin XR,FHIR_R4_Bundle_K21.9_Condition_MedicationRequest,All Clinical Records & Diagnostic Evidence,Active On-Chain Consent (Granted by Patient),NO,N/A,N/A,Direct patient consent validated via ConsentManager.sol,AES-256-GCM,vault-transit-key-0x53d047ae,Qm554ff8cde5f0c481e835365c9ea424469f60f7c23b70,0.0.4891024,4513,2026-09-13 12:04:38 UTC,0x900bfef21934e828fd6fd8d6cac71a9ea5144153906f95d8ef4c5827aa8c12d2,0.0001
ENC-00514,Amit Kulkarni,849714,0x6b04b2dcd4374e053c2351c3c33c0d9dcc26fba6,28,female,O+,Dr. Vikram Seth,0x15d34AAf54267DB7D7c367839AAf71A00a2C6A65,NMC-99014,Oncology,Max Super Speciality Cancer Institute,0x28B7eA94B34C8F52D19E50Eb14769Da20F5D54b4,Gastro-esophageal reflux disease,K21.9,Gastroenterology,Low,120/80 mmHg,70,99%,98,"Pantoprazole 40mg QD pre-breakfast, Domperidone 30mg QD",Low,Passed - Zero Drug-Drug Interaction Warning (Confidence 99.4%),FHIR_R4_Bundle_K21.9_Condition_MedicationRequest,All Clinical Records & Diagnostic Evidence,Active On-Chain Consent (Granted by Patient),NO,N/A,N/A,Direct patient consent validated via ConsentManager.sol,AES-256-GCM,vault-transit-key-0x6b04b2dc,Qme8deb6141704b1f4acdff419624b994bbad4f852f2a3,0.0.4891024,4514,2026-09-13 12:04:39 UTC,0x8bdcd66209034c2b90a0573520b26bfa452a93ca958f456e25b30b0974a7d52e,0.0001
ENC-00515,Rahul Joshi,849715,0x174108d2130f49b6a887af951cf44621674795c0,29,male,B+,Dr. Sunita Narang,0xBcd4042DE499D14e55001CcbB24a551F3b954096,NMC-90812,Endocrinology & Internal Medicine,Care & Cure Pediatric & Maternity Hospital,0x937F51E09477BfD31E56c5e533038a8eEAc096b7,Dengue fever [classical dengue],A90,Infectious Disease,High,100/68 mmHg,96,98%,102,"Oral Rehydration Salts 1L/day, Paracetamol 650mg SOS",Medium,Passed - Safe pediatric/geriatric dosage tier verified,FHIR_R4_Bundle_A90_Condition_MedicationRequest,All Clinical Records & Diagnostic Evidence,Active On-Chain Consent (Granted by Patient),NO,N/A,N/A,Direct patient consent validated via ConsentManager.sol,AES-256-GCM,vault-transit-key-0x174108d2,Qm88e259980858c8244822ba235d288a49bbe1d0acf129,0.0.4891024,4515,2026-09-13 12:04:42 UTC,0xb249b22e42cec70bdd6317d258d616a3c1eca7a470810595a4fb29ea2f6224a2,0.0001
ENC-00516,Vikas Gupta,849716,0x213bf24f7cfd693de090ad3a2bfe9ae3b5991044,30,female,A-,Dr. Preeti Deshmukh,0x23618e81E3f5cdF7f54C3d65f7FBc0aBf5B21E8f,NMC-82194,Obstetrics & Pediatrics,Care & Cure Pediatric & Maternity Hospital,0x937F51E09477BfD31E56c5e533038a8eEAc096b7,Unspecified intracranial injury / Concussion,S06.9X0A,Trauma & Emergency,Emergency,150/95 mmHg,64,97%,130,"Mannitol 20% 100mL IV, Phenytoin 100mg IV, Analgesics",Low,Advisory: Monitor Serum Potassium & Renal Function with ACEi/ARB,FHIR_R4_Bundle_S06.9X0A_Condition_MedicationRequest,All Clinical Records & Diagnostic Evidence,Pending Patient Authorization,NO,N/A,N/A,Access request pending approval from patient wallet,AES-256-GCM,vault-transit-key-0x213bf24f,Qmb7fe3c4251d960afe6305df8af7a7828adc19cc81105,0.0.4891024,4516,2026-09-13 12:04:43 UTC,0xa9b55f1e7a250fdbd2ab3a2a1c3c4fa56f1365bd3c066aff66377fc8dc7ab570,0.0001
ENC-00517,Rahul Kapoor,849717,0x8518cd9098feb0a953a446714297d165390a0af7,31,male,A+,Dr. Ananya Roy,0x9965507D1a55bcC2695C58ba16FB37d819B0A4dc,NMC-51203,Hematology,Fortis Memorial Neuro & Trauma Center,0x84f93618C1D541bB1Dcf1373A8eE500A7D439634,Type 2 diabetes mellitus without complications,E11.9,Endocrinology,Moderate,130/82 mmHg,72,99%,142,"Metformin 500mg BID, Dapagliflozin 10mg QD",High,Advisory: Monitor Serum Potassium & Renal Function with ACEi/ARB,FHIR_R4_Bundle_E11.9_Condition_MedicationRequest,All Clinical Records & Diagnostic Evidence,Active On-Chain Consent (Granted by Patient),NO,N/A,N/A,Direct patient consent validated via ConsentManager.sol,AES-256-GCM,vault-transit-key-0x8518cd90,Qm016272ee3835786eddb69375e2204389dd96bbabd736,0.0.4891024,4517,2026-09-13 12:04:46 UTC,0x8c116e964ee2749a1feddb98b1cf71d817c1161a5435124e1e6f0895058e59cf,0.0001
ENC-00518,Madhav Chatterjee,849718,0x106a1876f047ffda700a5ffe8cb7f22fad1d7f82,32,female,O-,Dr. Rajesh Sharma,0x3c44CdDdB6a900fa2b585dd299e03d12FA4293BC,NMC-78491,Gastroenterology,Max Super Speciality Cancer Institute,0x28B7eA94B34C8F52D19E50Eb14769Da20F5D54b4,Gastro-esophageal reflux disease,K21.9,Gastroenterology,Low,120/80 mmHg,70,99%,98,"Pantoprazole 40mg QD pre-breakfast, Domperidone 30mg QD",Medium,Passed - Zero Drug-Drug Interaction Warning (Confidence 99.4%),FHIR_R4_Bundle_K21.9_Condition_MedicationRequest,All Clinical Records & Diagnostic Evidence,Active On-Chain Consent (Granted by Patient),NO,N/A,N/A,Direct patient consent validated via ConsentManager.sol,AES-256-GCM,vault-transit-key-0x106a1876,Qmb5ed31ce1fb3ae90cffb930e175cb863335ec7cc1d1c,0.0.4891024,4518,2026-09-13 12:04:48 UTC,0xd634e6cab862fd72cf8dcb3f32185864c1d40ef248cbcb7af94f8de6eb24e0eb,0.0001
ENC-00519,Sameer Hegde,849719,0x6fd0549673c5e4f973dfb81b72f5cf39ec1fe860,33,male,A-,Dr. Vikram Seth,0x15d34AAf54267DB7D7c367839AAf71A00a2C6A65,NMC-99014,Oncology,Apollo Multispecialty Hospital,0x155Af6ECaFb48861dA7d16Fb8Af2f6ce9d6DD779,"Acute myocardial infarction, unspecified",I21.9,Cardiology,Emergency,95/60 mmHg,112,93%,165,"Ticagrelor 90mg BID, Aspirin 325mg, Atorvastatin 80mg, IV Heparin",Low,Advisory: Monitor Serum Potassium & Renal Function with ACEi/ARB,FHIR_R4_Bundle_I21.9_Condition_MedicationRequest,All Clinical Records & Diagnostic Evidence,Break-Glass Emergency Invoked (Active Override),YES,"Acute Life-Threatening Presentation: Acute myocardial infarction, unspecified",60 Minutes (Auto-Expiring Ephemeral Key),Emergency access granted; immediate HCS compliance event broadcasted,AES-256-GCM,vault-transit-key-0x6fd05496,Qmeccd3f63b7e380e32ee8e6a539c472f68debb9efe413,0.0.4891024,4519,2026-09-13 12:04:50 UTC,0xda73e2f1b8a8ee3258d5231ff1b87874ce6544a17a883fba0ed8ce3eb85b2093,0.0001
ENC-00520,Sameer Shetty,849720,0x57608643b17f964432131ac421d3b8f14e4e5e2a,34,female,O-,Dr. Rohan Patel,0x976EA74026E726554dB657fA54763abd0C3a0aa9,NMC-11029,Neurology,Care & Cure Pediatric & Maternity Hospital,0x937F51E09477BfD31E56c5e533038a8eEAc096b7,Malignant neoplasm of female breast,C50.919,Oncology,Critical,122/76 mmHg,84,98%,105,"Tamoxifen 20mg QD, Trastuzumab 6mg/kg IV Q3W, Paclitaxel",High,Passed - Zero Drug-Drug Interaction Warning (Confidence 99.4%),FHIR_R4_Bundle_C50.919_Condition_MedicationRequest,All Clinical Records & Diagnostic Evidence,Active On-Chain Consent (Granted by Patient),NO,N/A,N/A,Direct patient consent validated via ConsentManager.sol,AES-256-GCM,vault-transit-key-0x57608643,Qm390a0d3fd5d1f8cef140bf4e91700bd7d280f259cd02,0.0.4891024,4520,2026-09-13 12:04:52 UTC,0xb2f17cc6d51d529f6055a06ddff9934323ac03023bd3af71a41c0a0dd2fc8d97,0.0001
ENC-00521,Lata Pandey,849721,0x98542299971f15a58d32e2283d9565e9e934e504,35,male,O-,Dr. Rohan Patel,0x976EA74026E726554dB657fA54763abd0C3a0aa9,NMC-11029,Neurology,Care & Cure Pediatric & Maternity Hospital,0x937F51E09477BfD31E56c5e533038a8eEAc096b7,Essential (primary) hypertension,I10,Cardiology,Moderate,148/92 mmHg,78,98%,110,"Amlodipine 5mg QD, Telmisartan 40mg QD",High,Passed - Zero Drug-Drug Interaction Warning (Confidence 99.4%),FHIR_R4_Bundle_I10_Condition_MedicationRequest,All Clinical Records & Diagnostic Evidence,Active On-Chain Consent (Granted by Patient),NO,N/A,N/A,Direct patient consent validated via ConsentManager.sol,AES-256-GCM,vault-transit-key-0x98542299,Qm57734ceb9a0456b6d3a242e9f2e12cdbba60d3840e9e,0.0.4891024,4521,2026-09-13 12:04:54 UTC,0xdad65b9e04ea6e2307da56920672de235a4668dd4b5943ee31339dedf616d917,0.0001
ENC-00522,Deepak Chatterjee,849722,0xe6a5f4397a22db8908bf596692b7096d29591e7d,36,female,B-,Dr. Ananya Roy,0x9965507D1a55bcC2695C58ba16FB37d819B0A4dc,NMC-51203,Hematology,Apex Diagnostic & Pathology Hub,0x04Fee3FD1B338d12FFD6dBD8d66dE1e8e0BB99cB,Malignant neoplasm of female breast,C50.919,Oncology,Critical,122/76 mmHg,84,98%,105,"Tamoxifen 20mg QD, Trastuzumab 6mg/kg IV Q3W, Paclitaxel",Medium,Advisory: Monitor Serum Potassium & Renal Function with ACEi/ARB,FHIR_R4_Bundle_C50.919_Condition_MedicationRequest,All Clinical Records & Diagnostic Evidence,Pending Patient Authorization,NO,N/A,N/A,Access request pending approval from patient wallet,AES-256-GCM,vault-transit-key-0xe6a5f439,Qm3eac773a165c0cb4045a507218189891af35d5c963c0,0.0.4891024,4522,2026-09-13 12:04:56 UTC,0x23ed8df47a8bc0e288111d55e28625c090e7520263a1d865cadf808b33b2ad02,0.0001
ENC-00523,Rohan Swaminathan,849723,0x0ddb4f62d41b52e4d164e9979a2b0ac2de0a50c1,37,male,O+,Dr. Sunita Narang,0xBcd4042DE499D14e55001CcbB24a551F3b954096,NMC-90812,Endocrinology & Internal Medicine,Max Super Speciality Cancer Institute,0x28B7eA94B34C8F52D19E50Eb14769Da20F5D54b4,"Epilepsy, unspecified, without status epilepticus",G40.909,Neurology,High,118/74 mmHg,76,99%,95,"Levetiracetam 500mg BID, Clobazam 10mg QHS",Low,Passed - Zero Drug-Drug Interaction Warning (Confidence 99.4%),FHIR_R4_Bundle_G40.909_Condition_MedicationRequest,All Clinical Records & Diagnostic Evidence,Active On-Chain Consent (Granted by Patient),NO,N/A,N/A,Direct patient consent validated via ConsentManager.sol,AES-256-GCM,vault-transit-key-0x0ddb4f62,Qm141b51de2fea9dfe225294569ce5fb0f3d00657b50da,0.0.4891024,4523,2026-09-13 12:04:58 UTC,0xc0f14d591d6f7d05b19aabb453f43925974f7adf7d8b19b3ba83babe1d0edfd3,0.0001
ENC-00524,Ananya Rao,849724,0xf23a6bcb832b0d6ac907c4e6e2710aec5da3d48a,38,female,AB-,Dr. Rajesh Sharma,0x3c44CdDdB6a900fa2b585dd299e03d12FA4293BC,NMC-78491,Gastroenterology,Care & Cure Pediatric & Maternity Hospital,0x937F51E09477BfD31E56c5e533038a8eEAc096b7,Essential (primary) hypertension,I10,Cardiology,Moderate,148/92 mmHg,78,98%,110,"Amlodipine 5mg QD, Telmisartan 40mg QD",High,Passed - Zero Drug-Drug Interaction Warning (Confidence 99.4%),FHIR_R4_Bundle_I10_Condition_MedicationRequest,All Clinical Records & Diagnostic Evidence,Active On-Chain Consent (Granted by Patient),NO,N/A,N/A,Direct patient consent validated via ConsentManager.sol,AES-256-GCM,vault-transit-key-0xf23a6bcb,Qm445b04d30bf66694b7ead90771405f779b14a768ba49,0.0.4891024,4524,2026-09-13 12:05:00 UTC,0x4bded15387a13ba7f02bc0ff655c0273875e3c8452b811743d62e4f25248e14c,0.0001
ENC-00525,Geeta Kapoor,849725,0x78eca032820dd3804a6b005e835de613d3928ba7,39,male,O+,Dr. Rohan Patel,0x976EA74026E726554dB657fA54763abd0C3a0aa9,NMC-11029,Neurology,Fortis Memorial Neuro & Trauma Center,0x84f93618C1D541bB1Dcf1373A8eE500A7D439634,Essential (primary) hypertension,I10,Cardiology,Moderate,148/92 mmHg,78,98%,110,"Amlodipine 5mg QD, Telmisartan 40mg QD",High,Advisory: Monitor Serum Potassium & Renal Function with ACEi/ARB,FHIR_R4_Bundle_I10_Condition_MedicationRequest,All Clinical Records & Diagnostic Evidence,Active On-Chain Consent (Granted by Patient),NO,N/A,N/A,Direct patient consent validated via ConsentManager.sol,AES-256-GCM,vault-transit-key-0x78eca032,Qmc21bb1b486833312b174f4f72e46c55b925f6d11d475,0.0.4891024,4525,2026-09-13 12:05:03 UTC,0xe219b8a6f77339eb4145a3bdfa5dadfea49660a6d67a41de21c567ac27aae9ee,0.0001
ENC-00526,Harish Choudhury,849726,0x5152442865838855d82e8a04408c705a7f8372c3,40,female,A+,Dr. Sunita Narang,0xBcd4042DE499D14e55001CcbB24a551F3b954096,NMC-90812,Endocrinology & Internal Medicine,Max Super Speciality Cancer Institute,0x28B7eA94B34C8F52D19E50Eb14769Da20F5D54b4,Gastro-esophageal reflux disease,K21.9,Gastroenterology,Low,120/80 mmHg,70,99%,98,"Pantoprazole 40mg QD pre-breakfast, Domperidone 30mg QD",High,Advisory: Confirm Patient Creatinine Clearance prior to Metformin XR,FHIR_R4_Bundle_K21.9_Condition_MedicationRequest,All Clinical Records & Diagnostic Evidence,Active On-Chain Consent (Granted by Patient),NO,N/A,N/A,Direct patient consent validated via ConsentManager.sol,AES-256-GCM,vault-transit-key-0x51524428,Qm9d89a9be185c44a9ba421313697696578438b6cc6edc,0.0.4891024,4526,2026-09-13 12:05:04 UTC,0x85f2c8485930f4514cc5f69a517ada23969a80edaa02cba9b334cff260a69e33,0.0001
ENC-00527,Nikhil Sharma,849727,0xd7f942bfe01e78097776dda1c17383435cac4718,41,male,B-,Dr. Sarah Jenkins,0x04Fee3FD1B338d12FFD6dBD8d66dE1e8e0BB99cB,NMC-48192,Cardiology,Fortis Memorial Neuro & Trauma Center,0x84f93618C1D541bB1Dcf1373A8eE500A7D439634,Malignant neoplasm of female breast,C50.919,Oncology,Critical,122/76 mmHg,84,98%,105,"Tamoxifen 20mg QD, Trastuzumab 6mg/kg IV Q3W, Paclitaxel",Low,Passed - Zero Drug-Drug Interaction Warning (Confidence 99.4%),FHIR_R4_Bundle_C50.919_Condition_MedicationRequest,All Clinical Records & Diagnostic Evidence,Pending Patient Authorization,NO,N/A,N/A,Access request pending approval from patient wallet,AES-256-GCM,vault-transit-key-0xd7f942bf,Qmf01181ab530d990e3150e6889efdb1d8e366b0cb53f8,0.0.4891024,4527,2026-09-13 12:05:06 UTC,0xddd9acec19d2bb131b6015ae3718293cb2bdf72bc4c13dbfce0b45da42e7d7f0,0.0001
ENC-00528,Rahul Nair,849728,0x7b3a14508bff4c6325e2d2db85887c05929e38c1,42,female,O-,Dr. Preeti Deshmukh,0x23618e81E3f5cdF7f54C3d65f7FBc0aBf5B21E8f,NMC-82194,Obstetrics & Pediatrics,Fortis Memorial Neuro & Trauma Center,0x84f93618C1D541bB1Dcf1373A8eE500A7D439634,Gastro-esophageal reflux disease,K21.9,Gastroenterology,Low,120/80 mmHg,70,99%,98,"Pantoprazole 40mg QD pre-breakfast, Domperidone 30mg QD",High,Passed - Safe pediatric/geriatric dosage tier verified,FHIR_R4_Bundle_K21.9_Condition_MedicationRequest,All Clinical Records & Diagnostic Evidence,Active On-Chain Consent (Granted by Patient),NO,N/A,N/A,Direct patient consent validated via ConsentManager.sol,AES-256-GCM,vault-transit-key-0x7b3a1450,Qm07c60a741eb5344f3bda1ca2eaa3a9b1b02bee01db6d,0.0.4891024,4528,2026-09-13 12:05:09 UTC,0x41db47722ef82bb06ddb7500d373c67f7460c4a27f4dde6c85a3ba1518858817,0.0001
ENC-00529,Meera Bhatia,849729,0x0c64f516eb8a4a7f9b1a3989e8a0cf3cd349fae0,43,male,A+,Dr. Sunita Narang,0xBcd4042DE499D14e55001CcbB24a551F3b954096,NMC-90812,Endocrinology & Internal Medicine,Fortis Memorial Neuro & Trauma Center,0x84f93618C1D541bB1Dcf1373A8eE500A7D439634,"Epilepsy, unspecified, without status epilepticus",G40.909,Neurology,High,118/74 mmHg,76,99%,95,"Levetiracetam 500mg BID, Clobazam 10mg QHS",Low,Passed - Zero Drug-Drug Interaction Warning (Confidence 99.4%),FHIR_R4_Bundle_G40.909_Condition_MedicationRequest,All Clinical Records & Diagnostic Evidence,Pending Patient Authorization,NO,N/A,N/A,Access request pending approval from patient wallet,AES-256-GCM,vault-transit-key-0x0c64f516,Qm1c795edca4e6f9f79b2cd60e83c74f524033d13e6fa4,0.0.4891024,4529,2026-09-13 12:05:11 UTC,0x5ad874ddbffbd7207886081890379498fa84213f96671a1b433f657c5517aa7c,0.0001
ENC-00530,Ishaan Mukherjee,849730,0xbafd0fe0faa6ac85138acbe1faac4824ff18f5e9,44,female,O+,Dr. Rajesh Sharma,0x3c44CdDdB6a900fa2b585dd299e03d12FA4293BC,NMC-78491,Gastroenterology,Apollo Multispecialty Hospital,0x155Af6ECaFb48861dA7d16Fb8Af2f6ce9d6DD779,"Epilepsy, unspecified, without status epilepticus",G40.909,Neurology,High,118/74 mmHg,76,99%,95,"Levetiracetam 500mg BID, Clobazam 10mg QHS",Medium,Passed - Zero Drug-Drug Interaction Warning (Confidence 99.4%),FHIR_R4_Bundle_G40.909_Condition_MedicationRequest,All Clinical Records & Diagnostic Evidence,Pending Patient Authorization,NO,N/A,N/A,Access request pending approval from patient wallet,AES-256-GCM,vault-transit-key-0xbafd0fe0,Qm41f2896ad57f4ee84074ab658b401434b0afedcb20a5,0.0.4891024,4530,2026-09-13 12:05:13 UTC,0x6cd0d96717da946962e77ff73f3d8ba22be029611c63020b90d3373323dbb37c,0.0001
ENC-00531,Sameer Reddy,849731,0x3fc511a1f05f877efe0e3eb1a5f14fb113a34f75,45,male,AB-,Dr. Rohan Patel,0x976EA74026E726554dB657fA54763abd0C3a0aa9,NMC-11029,Neurology,Apollo Multispecialty Hospital,0x155Af6ECaFb48861dA7d16Fb8Af2f6ce9d6DD779,Dengue fever [classical dengue],A90,Infectious Disease,High,100/68 mmHg,96,98%,102,"Oral Rehydration Salts 1L/day, Paracetamol 650mg SOS",Medium,Advisory: Confirm Patient Creatinine Clearance prior to Metformin XR,FHIR_R4_Bundle_A90_Condition_MedicationRequest,All Clinical Records & Diagnostic Evidence,Active On-Chain Consent (Granted by Patient),NO,N/A,N/A,Direct patient consent validated via ConsentManager.sol,AES-256-GCM,vault-transit-key-0x3fc511a1,Qme41a552de4746eb38ac5a0834f1dbc08ac07b609f588,0.0.4891024,4531,2026-09-13 12:05:15 UTC,0xda9c911d85f0165b508e5f5b5db261369d6a5781f212685b4b45cad6ee2d3d55,0.0001
ENC-00532,Divya Bhatia,849732,0x81ce32ebf24b22f35cd509e39174f355e7fd4838,46,female,B+,Dr. Ananya Roy,0x9965507D1a55bcC2695C58ba16FB37d819B0A4dc,NMC-51203,Hematology,Max Super Speciality Cancer Institute,0x28B7eA94B34C8F52D19E50Eb14769Da20F5D54b4,"Epilepsy, unspecified, without status epilepticus",G40.909,Neurology,High,118/74 mmHg,76,99%,95,"Levetiracetam 500mg BID, Clobazam 10mg QHS",Low,Passed - Zero Drug-Drug Interaction Warning (Confidence 99.4%),FHIR_R4_Bundle_G40.909_Condition_MedicationRequest,All Clinical Records & Diagnostic Evidence,Active On-Chain Consent (Granted by Patient),NO,N/A,N/A,Direct patient consent validated via ConsentManager.sol,AES-256-GCM,vault-transit-key-0x81ce32eb,Qmf32284828bc6d65f9e4f484b5887a1edaad309d91d30,0.0.4891024,4532,2026-09-13 12:05:17 UTC,0xd006c21dc3f6c96ed7c67dab33796e64cd1889397bd0d7df1b8fdc95e9b2e522,0.0001
ENC-00533,Manish Mehta,849733,0xfc3ab87ceadb6a6591fb8ac14d73709dea5aefcf,47,male,B+,Dr. Rohan Patel,0x976EA74026E726554dB657fA54763abd0C3a0aa9,NMC-11029,Neurology,Apex Diagnostic & Pathology Hub,0x04Fee3FD1B338d12FFD6dBD8d66dE1e8e0BB99cB,Malignant neoplasm of female breast,C50.919,Oncology,Critical,122/76 mmHg,84,98%,105,"Tamoxifen 20mg QD, Trastuzumab 6mg/kg IV Q3W, Paclitaxel",Medium,Advisory: Confirm Patient Creatinine Clearance prior to Metformin XR,FHIR_R4_Bundle_C50.919_Condition_MedicationRequest,All Clinical Records & Diagnostic Evidence,Active On-Chain Consent (Granted by Patient),NO,N/A,N/A,Direct patient consent validated via ConsentManager.sol,AES-256-GCM,vault-transit-key-0xfc3ab87c,Qm0684d575d1f1bee7a955b98ed722148981b9f99fcc3b,0.0.4891024,4533,2026-09-13 12:05:19 UTC,0x62009e06c673726942ef5f155f1c17ba9688a5e73be1a62074968548481b4fe2,0.0001
ENC-00534,Siddharth Hegde,849734,0x1104760fa4b83d4d40f9c4729812c48ba42a7c7a,48,female,B-,Dr. Sarah Jenkins,0x04Fee3FD1B338d12FFD6dBD8d66dE1e8e0BB99cB,NMC-48192,Cardiology,Apex Diagnostic & Pathology Hub,0x04Fee3FD1B338d12FFD6dBD8d66dE1e8e0BB99cB,Gastro-esophageal reflux disease,K21.9,Gastroenterology,Low,120/80 mmHg,70,99%,98,"Pantoprazole 40mg QD pre-breakfast, Domperidone 30mg QD",High,Advisory: Monitor Serum Potassium & Renal Function with ACEi/ARB,FHIR_R4_Bundle_K21.9_Condition_MedicationRequest,All Clinical Records & Diagnostic Evidence,Active On-Chain Consent (Granted by Patient),NO,N/A,N/A,Direct patient consent validated via ConsentManager.sol,AES-256-GCM,vault-transit-key-0x1104760f,Qmb6ae5cc1964cb2fc6fa5894826864a9d034567f96396,0.0.4891024,4534,2026-09-13 12:05:22 UTC,0x773c667affecba1d4d742eeb0ce32caa278fdd1470307d072cc8826238387c74,0.0001
ENC-00535,Amit Gowda,849735,0x55d66fd9d4140b507b648698c91b6291fe346444,49,male,A+,Dr. Preeti Deshmukh,0x23618e81E3f5cdF7f54C3d65f7FBc0aBf5B21E8f,NMC-82194,Obstetrics & Pediatrics,Max Super Speciality Cancer Institute,0x28B7eA94B34C8F52D19E50Eb14769Da20F5D54b4,Dengue fever [classical dengue],A90,Infectious Disease,High,100/68 mmHg,96,98%,102,"Oral Rehydration Salts 1L/day, Paracetamol 650mg SOS",Medium,Passed - Safe pediatric/geriatric dosage tier verified,FHIR_R4_Bundle_A90_Condition_MedicationRequest,All Clinical Records & Diagnostic Evidence,Active On-Chain Consent (Granted by Patient),NO,N/A,N/A,Direct patient consent validated via ConsentManager.sol,AES-256-GCM,vault-transit-key-0x55d66fd9,Qm6ec7555699757f19638ecfe2f8966dd213974ac1c064,0.0.4891024,4535,2026-09-13 12:05:23 UTC,0xb3dd3972efe8e47f66ffff8378404ad375d4de8c9764d19836cb6a9c8a6b7753,0.0001
ENC-00536,Shreya Iyer,849736,0xde0b132fb397eefbe414943a620457f81ccd1fdb,50,female,O+,Dr. Sarah Jenkins,0x04Fee3FD1B338d12FFD6dBD8d66dE1e8e0BB99cB,NMC-48192,Cardiology,Care & Cure Pediatric & Maternity Hospital,0x937F51E09477BfD31E56c5e533038a8eEAc096b7,Malignant neoplasm of female breast,C50.919,Oncology,Critical,122/76 mmHg,84,98%,105,"Tamoxifen 20mg QD, Trastuzumab 6mg/kg IV Q3W, Paclitaxel",High,Advisory: Confirm Patient Creatinine Clearance prior to Metformin XR,FHIR_R4_Bundle_C50.919_Condition_MedicationRequest,All Clinical Records & Diagnostic Evidence,Active On-Chain Consent (Granted by Patient),NO,N/A,N/A,Direct patient consent validated via ConsentManager.sol,AES-256-GCM,vault-transit-key-0xde0b132f,Qm1574e87e31334319369147c93fd85ddacb72854c38c1,0.0.4891024,4536,2026-09-13 12:05:25 UTC,0x0296e3866add4bd9aff4c9deec114e51626fc976e924f2d19f2b0895421fd9c3,0.0001
ENC-00537,Shreya Kulkarni,849737,0x7e1d90807352b64e6376501ae740e1244127ef1b,51,male,A-,Dr. Ananya Roy,0x9965507D1a55bcC2695C58ba16FB37d819B0A4dc,NMC-51203,Hematology,Apollo Multispecialty Hospital,0x155Af6ECaFb48861dA7d16Fb8Af2f6ce9d6DD779,Unspecified intracranial injury / Concussion,S06.9X0A,Trauma & Emergency,Emergency,150/95 mmHg,64,97%,130,"Mannitol 20% 100mL IV, Phenytoin 100mg IV, Analgesics",High,Passed - Zero Drug-Drug Interaction Warning (Confidence 99.4%),FHIR_R4_Bundle_S06.9X0A_Condition_MedicationRequest,All Clinical Records & Diagnostic Evidence,Active On-Chain Consent (Granted by Patient),NO,N/A,N/A,Direct patient consent validated via ConsentManager.sol,AES-256-GCM,vault-transit-key-0x7e1d9080,Qmb4647b13076c9f12f002667bd9fb843a71626e7fed15,0.0.4891024,4537,2026-09-13 12:05:28 UTC,0x17dc68a16077d082933794be44532864844bb28c7b9f9b1e0603ea90f6081a6e,0.0001
ENC-00538,Harish Gowda,849738,0xa0e6a8554dead6a8a4fe7598e399aa13526e71d0,52,female,A+,Dr. Rohan Patel,0x976EA74026E726554dB657fA54763abd0C3a0aa9,NMC-11029,Neurology,Max Super Speciality Cancer Institute,0x28B7eA94B34C8F52D19E50Eb14769Da20F5D54b4,Dengue fever [classical dengue],A90,Infectious Disease,High,100/68 mmHg,96,98%,102,"Oral Rehydration Salts 1L/day, Paracetamol 650mg SOS",High,Advisory: Confirm Patient Creatinine Clearance prior to Metformin XR,FHIR_R4_Bundle_A90_Condition_MedicationRequest,All Clinical Records & Diagnostic Evidence,Active On-Chain Consent (Granted by Patient),NO,N/A,N/A,Direct patient consent validated via ConsentManager.sol,AES-256-GCM,vault-transit-key-0xa0e6a855,Qma47451f2de4fc4c480bc3a223bb085a69bdeb690f11e,0.0.4891024,4538,2026-09-13 12:05:30 UTC,0xca2ee1e8e3aeb9356db909a9ed8510325c95dcb591297eac9e398165dc0936da,0.0001
ENC-00539,Ananya Hegde,849739,0x60d86c564617045b9cd12523fa294b2bf5cbc948,53,male,A-,Dr. Rajesh Sharma,0x3c44CdDdB6a900fa2b585dd299e03d12FA4293BC,NMC-78491,Gastroenterology,Fortis Memorial Neuro & Trauma Center,0x84f93618C1D541bB1Dcf1373A8eE500A7D439634,Gastro-esophageal reflux disease,K21.9,Gastroenterology,Low,120/80 mmHg,70,99%,98,"Pantoprazole 40mg QD pre-breakfast, Domperidone 30mg QD",Medium,Passed - Zero Drug-Drug Interaction Warning (Confidence 99.4%),FHIR_R4_Bundle_K21.9_Condition_MedicationRequest,All Clinical Records & Diagnostic Evidence,Active On-Chain Consent (Granted by Patient),NO,N/A,N/A,Direct patient consent validated via ConsentManager.sol,AES-256-GCM,vault-transit-key-0x60d86c56,Qm0a047fb0f1b80e38a978476dedcf5c2c6f661fe04583,0.0.4891024,4539,2026-09-13 12:05:32 UTC,0xfa5e77150d9fd4242569fcbde24b62d2c5c372273008dd7c9f8da3dabfd3f55b,0.0001
ENC-00540,Kavya Pillai,849740,0xb8725f5beae8d42edc085367e5a48d1d046fdebe,54,female,O-,Dr. Sunita Narang,0xBcd4042DE499D14e55001CcbB24a551F3b954096,NMC-90812,Endocrinology & Internal Medicine,Care & Cure Pediatric & Maternity Hospital,0x937F51E09477BfD31E56c5e533038a8eEAc096b7,Type 2 diabetes mellitus without complications,E11.9,Endocrinology,Moderate,130/82 mmHg,72,99%,142,"Metformin 500mg BID, Dapagliflozin 10mg QD",High,Passed - Safe pediatric/geriatric dosage tier verified,FHIR_R4_Bundle_E11.9_Condition_MedicationRequest,All Clinical Records & Diagnostic Evidence,Active On-Chain Consent (Granted by Patient),NO,N/A,N/A,Direct patient consent validated via ConsentManager.sol,AES-256-GCM,vault-transit-key-0xb8725f5b,Qm3a35fc01d496348e0e13f43ae78c430ab75cece429a9,0.0.4891024,4540,2026-09-13 12:05:34 UTC,0x3bf9fb279c82af9465f9dbb4bf7ab67abca94a09ae512f78375a047952ddb275,0.0001
ENC-00541,Shreya Patel,849741,0x9a0b9d18e4b85677a955e1d266902cf7dbb7cdac,55,male,AB-,Dr. Vikram Seth,0x15d34AAf54267DB7D7c367839AAf71A00a2C6A65,NMC-99014,Oncology,Fortis Memorial Neuro & Trauma Center,0x84f93618C1D541bB1Dcf1373A8eE500A7D439634,Gastro-esophageal reflux disease,K21.9,Gastroenterology,Low,120/80 mmHg,70,99%,98,"Pantoprazole 40mg QD pre-breakfast, Domperidone 30mg QD",Low,Advisory: Confirm Patient Creatinine Clearance prior to Metformin XR,FHIR_R4_Bundle_K21.9_Condition_MedicationRequest,All Clinical Records & Diagnostic Evidence,Active On-Chain Consent (Granted by Patient),NO,N/A,N/A,Direct patient consent validated via ConsentManager.sol,AES-256-GCM,vault-transit-key-0x9a0b9d18,Qmff05fb4cb36da7e69e13995bf1753aaa975d40e1ec5a,0.0.4891024,4541,2026-09-13 12:05:36 UTC,0x92f1f367aded70b2989f9613269d8365262b8ebca5c88d7aec74a3e32e0e11da,0.0001
ENC-00542,Divya Mukherjee,849742,0x756d5e1a14a192fa2dade42c7d42dbaa01e48426,56,female,B+,Dr. Rohan Patel,0x976EA74026E726554dB657fA54763abd0C3a0aa9,NMC-11029,Neurology,Apex Diagnostic & Pathology Hub,0x04Fee3FD1B338d12FFD6dBD8d66dE1e8e0BB99cB,"Acute myocardial infarction, unspecified",I21.9,Cardiology,Emergency,95/60 mmHg,112,93%,165,"Ticagrelor 90mg BID, Aspirin 325mg, Atorvastatin 80mg, IV Heparin",Medium,Passed - Zero Drug-Drug Interaction Warning (Confidence 99.4%),FHIR_R4_Bundle_I21.9_Condition_MedicationRequest,All Clinical Records & Diagnostic Evidence,Break-Glass Emergency Invoked (Active Override),YES,"Acute Life-Threatening Presentation: Acute myocardial infarction, unspecified",60 Minutes (Auto-Expiring Ephemeral Key),Emergency access granted; immediate HCS compliance event broadcasted,AES-256-GCM,vault-transit-key-0x756d5e1a,Qmfb4f03270efb808ce4589cb889e9f22826b15e59e42d,0.0.4891024,4542,2026-09-13 12:05:38 UTC,0x52d8e277765e8da9139f12f279771a71b87f03023964b8c7b86d0b4383367edc,0.0001
ENC-00543,Sakshi Swaminathan,849743,0x7f7b9f1ee90554ffd406a5b0b52689e604755cd1,57,male,A+,Dr. Rajesh Sharma,0x3c44CdDdB6a900fa2b585dd299e03d12FA4293BC,NMC-78491,Gastroenterology,Apex Diagnostic & Pathology Hub,0x04Fee3FD1B338d12FFD6dBD8d66dE1e8e0BB99cB,Malignant neoplasm of female breast,C50.919,Oncology,Critical,122/76 mmHg,84,98%,105,"Tamoxifen 20mg QD, Trastuzumab 6mg/kg IV Q3W, Paclitaxel",Low,Passed - Zero Drug-Drug Interaction Warning (Confidence 99.4%),FHIR_R4_Bundle_C50.919_Condition_MedicationRequest,All Clinical Records & Diagnostic Evidence,Active On-Chain Consent (Granted by Patient),NO,N/A,N/A,Direct patient consent validated via ConsentManager.sol,AES-256-GCM,vault-transit-key-0x7f7b9f1e,Qm01adecd65e3e7c35fe4fabc8eddc97c447a178806db8,0.0.4891024,4543,2026-09-13 12:05:40 UTC,0xcdba37a4ea31af83c59614774f2ff6f2a2f58e7b337b92c3b40d74ab079f8f88,0.0001
ENC-00544,Rakesh Choudhury,849744,0x16f970abff4982b861007c4fe4189c8cd5300e00,58,female,A+,Dr. Sunita Narang,0xBcd4042DE499D14e55001CcbB24a551F3b954096,NMC-90812,Endocrinology & Internal Medicine,Apex Diagnostic & Pathology Hub,0x04Fee3FD1B338d12FFD6dBD8d66dE1e8e0BB99cB,"Epilepsy, unspecified, without status epilepticus",G40.909,Neurology,High,118/74 mmHg,76,99%,95,"Levetiracetam 500mg BID, Clobazam 10mg QHS",Medium,Advisory: Confirm Patient Creatinine Clearance prior to Metformin XR,FHIR_R4_Bundle_G40.909_Condition_MedicationRequest,All Clinical Records & Diagnostic Evidence,Pending Patient Authorization,NO,N/A,N/A,Access request pending approval from patient wallet,AES-256-GCM,vault-transit-key-0x16f970ab,Qmfa18f0f414978982c53dfb0a9e28d45804a0448a5073,0.0.4891024,4544,2026-09-13 12:05:42 UTC,0x80ba001710304d27130d6cad122da907a505c17a10c7ca4dd54c05b5d990772f,0.0001
ENC-00545,Ananya Choudhury,849745,0xfdb1695a2cbb01e96f7344a4891f6dd29b50c422,59,male,B-,Dr. Sarah Jenkins,0x04Fee3FD1B338d12FFD6dBD8d66dE1e8e0BB99cB,NMC-48192,Cardiology,Fortis Memorial Neuro & Trauma Center,0x84f93618C1D541bB1Dcf1373A8eE500A7D439634,"Epilepsy, unspecified, without status epilepticus",G40.909,Neurology,High,118/74 mmHg,76,99%,95,"Levetiracetam 500mg BID, Clobazam 10mg QHS",Low,Advisory: Monitor Serum Potassium & Renal Function with ACEi/ARB,FHIR_R4_Bundle_G40.909_Condition_MedicationRequest,All Clinical Records & Diagnostic Evidence,Active On-Chain Consent (Granted by Patient),NO,N/A,N/A,Direct patient consent validated via ConsentManager.sol,AES-256-GCM,vault-transit-key-0xfdb1695a,Qmc4da2ed5df019082c9a9f01da5b8edcb5b63d73facd8,0.0.4891024,4545,2026-09-13 12:05:44 UTC,0xaa7bd260a4c7efac91ce3d575deb1fd80be48a739c0496037051b2ec30a1c5e7,0.0001
ENC-00546,Lata Sharma,849746,0xfc25fe24ae617ffbb14586e25dac588e3b8c239c,60,female,A+,Dr. Ananya Roy,0x9965507D1a55bcC2695C58ba16FB37d819B0A4dc,NMC-51203,Hematology,Apollo Multispecialty Hospital,0x155Af6ECaFb48861dA7d16Fb8Af2f6ce9d6DD779,Dengue fever [classical dengue],A90,Infectious Disease,High,100/68 mmHg,96,98%,102,"Oral Rehydration Salts 1L/day, Paracetamol 650mg SOS",Low,Passed - Safe pediatric/geriatric dosage tier verified,FHIR_R4_Bundle_A90_Condition_MedicationRequest,All Clinical Records & Diagnostic Evidence,Pending Patient Authorization,NO,N/A,N/A,Access request pending approval from patient wallet,AES-256-GCM,vault-transit-key-0xfc25fe24,Qm71610efe197198b8a4ae24885b2fb5b3a545e401215c,0.0.4891024,4546,2026-09-13 12:05:47 UTC,0x8d756b22b0745982b87d9367a739e3ea4e61eb3ae37dcab6afb364b7eda888ff,0.0001
ENC-00547,Rahul Nair,849747,0x9e2d894d49e321b568eea2c69ed9f8b38898bb14,61,male,AB+,Dr. Sarah Jenkins,0x04Fee3FD1B338d12FFD6dBD8d66dE1e8e0BB99cB,NMC-48192,Cardiology,Fortis Memorial Neuro & Trauma Center,0x84f93618C1D541bB1Dcf1373A8eE500A7D439634,Type 2 diabetes mellitus without complications,E11.9,Endocrinology,Moderate,130/82 mmHg,72,99%,142,"Metformin 500mg BID, Dapagliflozin 10mg QD",Low,Passed - Zero Drug-Drug Interaction Warning (Confidence 99.4%),FHIR_R4_Bundle_E11.9_Condition_MedicationRequest,All Clinical Records & Diagnostic Evidence,Active On-Chain Consent (Granted by Patient),NO,N/A,N/A,Direct patient consent validated via ConsentManager.sol,AES-256-GCM,vault-transit-key-0x9e2d894d,Qmdb0fbdd6113e7e4d122f78be80c2988ac085935274ac,0.0.4891024,4547,2026-09-13 12:05:49 UTC,0x9465ff4f6756a60ddfc70d4df280000eb3dddbe6066893ff1c738144e2ad05b2,0.0001
ENC-00548,Amit Iyer,849748,0x40dea41d31a7d936fcacceeb8139f2d05d59f6f2,62,female,B+,Dr. Rajesh Sharma,0x3c44CdDdB6a900fa2b585dd299e03d12FA4293BC,NMC-78491,Gastroenterology,Apex Diagnostic & Pathology Hub,0x04Fee3FD1B338d12FFD6dBD8d66dE1e8e0BB99cB,Malignant neoplasm of female breast,C50.919,Oncology,Critical,122/76 mmHg,84,98%,105,"Tamoxifen 20mg QD, Trastuzumab 6mg/kg IV Q3W, Paclitaxel",High,Passed - Zero Drug-Drug Interaction Warning (Confidence 99.4%),FHIR_R4_Bundle_C50.919_Condition_MedicationRequest,All Clinical Records & Diagnostic Evidence,Pending Patient Authorization,NO,N/A,N/A,Access request pending approval from patient wallet,AES-256-GCM,vault-transit-key-0x40dea41d,Qm626ac48dbc80171fe6c70f1762713eb3d7722084e413,0.0.4891024,4548,2026-09-13 12:05:51 UTC,0x03bfacc08c7f5d8f30cf37dd816429229ad7f89151cab80fdece7ae83971111a,0.0001
ENC-00549,Rakesh Saxena,849749,0x3561327a568035217ec578576f394b07e2f50128,63,male,AB+,Dr. Ananya Roy,0x9965507D1a55bcC2695C58ba16FB37d819B0A4dc,NMC-51203,Hematology,Apex Diagnostic & Pathology Hub,0x04Fee3FD1B338d12FFD6dBD8d66dE1e8e0BB99cB,Malignant neoplasm of female breast,C50.919,Oncology,Critical,122/76 mmHg,84,98%,105,"Tamoxifen 20mg QD, Trastuzumab 6mg/kg IV Q3W, Paclitaxel",High,Advisory: Monitor Serum Potassium & Renal Function with ACEi/ARB,FHIR_R4_Bundle_C50.919_Condition_MedicationRequest,All Clinical Records & Diagnostic Evidence,Active On-Chain Consent (Granted by Patient),NO,N/A,N/A,Direct patient consent validated via ConsentManager.sol,AES-256-GCM,vault-transit-key-0x3561327a,Qm7215cfad6220a65ecc100412f70448145fb11d48c2d5,0.0.4891024,4549,2026-09-13 12:05:53 UTC,0x872c23aeba92af5b0a43a4aa5f7fad3c97549c5a8cd23b1ac0fd0373b73a2b94,0.0001
ENC-00550,Siddharth Iyer,849750,0xaa59c7e44eeddc891061fbbe7645cf599f18ae07,64,female,O-,Dr. Vikram Seth,0x15d34AAf54267DB7D7c367839AAf71A00a2C6A65,NMC-99014,Oncology,Max Super Speciality Cancer Institute,0x28B7eA94B34C8F52D19E50Eb14769Da20F5D54b4,Gastro-esophageal reflux disease,K21.9,Gastroenterology,Low,120/80 mmHg,70,99%,98,"Pantoprazole 40mg QD pre-breakfast, Domperidone 30mg QD",Medium,Passed - Safe pediatric/geriatric dosage tier verified,FHIR_R4_Bundle_K21.9_Condition_MedicationRequest,All Clinical Records & Diagnostic Evidence,Pending Patient Authorization,NO,N/A,N/A,Access request pending approval from patient wallet,AES-256-GCM,vault-transit-key-0xaa59c7e4,Qm9d0cf5ec73575d47bf0b8812f710ba010458f5ec4d05,0.0.4891024,4550,2026-09-13 12:05:55 UTC,0xb5b475df5f31fc63770a180c0040687d9a2fe528edb3bcdb0dcafad48e949fb5,0.0001
ENC-00551,Rakesh Rao,849751,0x4e3cba0206cb3f91c9b71190ae455b1de0ade141,65,male,A+,Dr. Preeti Deshmukh,0x23618e81E3f5cdF7f54C3d65f7FBc0aBf5B21E8f,NMC-82194,Obstetrics & Pediatrics,Care & Cure Pediatric & Maternity Hospital,0x937F51E09477BfD31E56c5e533038a8eEAc096b7,"Epilepsy, unspecified, without status epilepticus",G40.909,Neurology,High,118/74 mmHg,76,99%,95,"Levetiracetam 500mg BID, Clobazam 10mg QHS",Low,Passed - Safe pediatric/geriatric dosage tier verified,FHIR_R4_Bundle_G40.909_Condition_MedicationRequest,All Clinical Records & Diagnostic Evidence,Active On-Chain Consent (Granted by Patient),NO,N/A,N/A,Direct patient consent validated via ConsentManager.sol,AES-256-GCM,vault-transit-key-0x4e3cba02,Qmf3924ffa6360b32b24eeb0d151d934826108680a1d2e,0.0.4891024,4551,2026-09-13 12:05:57 UTC,0xdf18c238de03e786dee63b910a6ef0e47f33934002f7e4fb0c1412be9118f90c,0.0001
ENC-00552,Sneha Saxena,849752,0xa019288e7730f2062ad8578e6d72af17489b96ca,66,female,AB+,Dr. Preeti Deshmukh,0x23618e81E3f5cdF7f54C3d65f7FBc0aBf5B21E8f,NMC-82194,Obstetrics & Pediatrics,Fortis Memorial Neuro & Trauma Center,0x84f93618C1D541bB1Dcf1373A8eE500A7D439634,Type 2 diabetes mellitus without complications,E11.9,Endocrinology,Moderate,130/82 mmHg,72,99%,142,"Metformin 500mg BID, Dapagliflozin 10mg QD",Low,Passed - Zero Drug-Drug Interaction Warning (Confidence 99.4%),FHIR_R4_Bundle_E11.9_Condition_MedicationRequest,All Clinical Records & Diagnostic Evidence,Active On-Chain Consent (Granted by Patient),NO,N/A,N/A,Direct patient consent validated via ConsentManager.sol,AES-256-GCM,vault-transit-key-0xa019288e,Qm7d656064f8e6020e070e62c081e1a2615f9db573326b,0.0.4891024,4552,2026-09-13 12:05:59 UTC,0x2323a35e24955e33db59fab73ba078a996b4036b5a473496b4d1e7cd3c89955a,0.0001
ENC-00553,Kavya Pillai,849753,0x613222578b74642935ed0607ad8d6c57f1a3296f,67,male,O+,Dr. Rajesh Sharma,0x3c44CdDdB6a900fa2b585dd299e03d12FA4293BC,NMC-78491,Gastroenterology,Max Super Speciality Cancer Institute,0x28B7eA94B34C8F52D19E50Eb14769Da20F5D54b4,Essential (primary) hypertension,I10,Cardiology,Moderate,148/92 mmHg,78,98%,110,"Amlodipine 5mg QD, Telmisartan 40mg QD",Low,Passed - Safe pediatric/geriatric dosage tier verified,FHIR_R4_Bundle_I10_Condition_MedicationRequest,All Clinical Records & Diagnostic Evidence,Active On-Chain Consent (Granted by Patient),NO,N/A,N/A,Direct patient consent validated via ConsentManager.sol,AES-256-GCM,vault-transit-key-0x61322257,Qmb59a9a4c8a8f3eee47fe6b0e2721d8c7fa5207f0e59a,0.0.4891024,4553,2026-09-13 12:06:01 UTC,0xe55acac9676a22feb0e510973d63d10453f9272edd1c68957e20e53cbf96b5c9,0.0001
ENC-00554,Rakesh Reddy,849754,0x36a4f138c82ed4565d2cdfb61a4e5db7b109b02e,68,female,O+,Dr. Preeti Deshmukh,0x23618e81E3f5cdF7f54C3d65f7FBc0aBf5B21E8f,NMC-82194,Obstetrics & Pediatrics,Max Super Speciality Cancer Institute,0x28B7eA94B34C8F52D19E50Eb14769Da20F5D54b4,"Acute myocardial infarction, unspecified",I21.9,Cardiology,Emergency,95/60 mmHg,112,93%,165,"Ticagrelor 90mg BID, Aspirin 325mg, Atorvastatin 80mg, IV Heparin",Low,Passed - Zero Drug-Drug Interaction Warning (Confidence 99.4%),FHIR_R4_Bundle_I21.9_Condition_MedicationRequest,All Clinical Records & Diagnostic Evidence,Active On-Chain Consent (Granted by Patient),NO,N/A,N/A,Direct patient consent validated via ConsentManager.sol,AES-256-GCM,vault-transit-key-0x36a4f138,Qm6ede91a6eb8db7d5384fb8a8942d902c0463e2ce93d9,0.0.4891024,4554,2026-09-13 12:06:03 UTC,0x889d33e2b47e164140bb68e03265055f58cd0b81591705fe814de7b0c52534b1,0.0001
ENC-00555,Vikas Gupta,849755,0x4e1385155af72715b1f3520c22fda021a944f506,69,male,B+,Dr. Preeti Deshmukh,0x23618e81E3f5cdF7f54C3d65f7FBc0aBf5B21E8f,NMC-82194,Obstetrics & Pediatrics,Apollo Multispecialty Hospital,0x155Af6ECaFb48861dA7d16Fb8Af2f6ce9d6DD779,Unspecified intracranial injury / Concussion,S06.9X0A,Trauma & Emergency,Emergency,150/95 mmHg,64,97%,130,"Mannitol 20% 100mL IV, Phenytoin 100mg IV, Analgesics",High,Passed - Safe pediatric/geriatric dosage tier verified,FHIR_R4_Bundle_S06.9X0A_Condition_MedicationRequest,All Clinical Records & Diagnostic Evidence,Break-Glass Emergency Invoked (Active Override),YES,Acute Life-Threatening Presentation: Unspecified intracranial injury / Concussion,60 Minutes (Auto-Expiring Ephemeral Key),Emergency access granted; immediate HCS compliance event broadcasted,AES-256-GCM,vault-transit-key-0x4e138515,Qmd5102799e6448396d112aec419a179c53270b96e79e0,0.0.4891024,4555,2026-09-13 12:06:05 UTC,0xdee4ab9e4dd93a567bf8ddab3046ca0bc7f86278c28d76723a2176fc3d29d198,0.0001
ENC-00556,Chetan Shetty,849756,0x6d0f25b521dd19d5472d2d00bda7442b00b75068,70,female,O-,Dr. Ananya Roy,0x9965507D1a55bcC2695C58ba16FB37d819B0A4dc,NMC-51203,Hematology,Max Super Speciality Cancer Institute,0x28B7eA94B34C8F52D19E50Eb14769Da20F5D54b4,Type 2 diabetes mellitus without complications,E11.9,Endocrinology,Moderate,130/82 mmHg,72,99%,142,"Metformin 500mg BID, Dapagliflozin 10mg QD",High,Advisory: Confirm Patient Creatinine Clearance prior to Metformin XR,FHIR_R4_Bundle_E11.9_Condition_MedicationRequest,All Clinical Records & Diagnostic Evidence,Active On-Chain Consent (Granted by Patient),NO,N/A,N/A,Direct patient consent validated via ConsentManager.sol,AES-256-GCM,vault-transit-key-0x6d0f25b5,Qm54d7e90ea0c3f294950ebcf32031b89609521b51b39a,0.0.4891024,4556,2026-09-13 12:06:07 UTC,0x52acbc2bfb014314fca8b14cbeb953d498b823f752163fcc9a4be6888fda2aee,0.0001
ENC-00557,Priyanka Chatterjee,849757,0x3cfa0461f7582e78200a81a7755b7175fa95a0b1,71,male,AB-,Dr. Vikram Seth,0x15d34AAf54267DB7D7c367839AAf71A00a2C6A65,NMC-99014,Oncology,Care & Cure Pediatric & Maternity Hospital,0x937F51E09477BfD31E56c5e533038a8eEAc096b7,Essential (primary) hypertension,I10,Cardiology,Moderate,148/92 mmHg,78,98%,110,"Amlodipine 5mg QD, Telmisartan 40mg QD",Low,Passed - Safe pediatric/geriatric dosage tier verified,FHIR_R4_Bundle_I10_Condition_MedicationRequest,All Clinical Records & Diagnostic Evidence,Active On-Chain Consent (Granted by Patient),NO,N/A,N/A,Direct patient consent validated via ConsentManager.sol,AES-256-GCM,vault-transit-key-0x3cfa0461,Qm710287681cb234b1027ce78362557e5e5c83da79c5a2,0.0.4891024,4557,2026-09-13 12:06:10 UTC,0x2660a7a7d86221ce7d909536fbcfc9b2f50fb44dfd1ad742d20ecc8f7176319a,0.0001
ENC-00558,Arjun Hegde,849758,0x6cb76a68468ba9c4f12cd73bdff6068fc78fcdf2,72,female,O+,Dr. Preeti Deshmukh,0x23618e81E3f5cdF7f54C3d65f7FBc0aBf5B21E8f,NMC-82194,Obstetrics & Pediatrics,Care & Cure Pediatric & Maternity Hospital,0x937F51E09477BfD31E56c5e533038a8eEAc096b7,"Epilepsy, unspecified, without status epilepticus",G40.909,Neurology,High,118/74 mmHg,76,99%,95,"Levetiracetam 500mg BID, Clobazam 10mg QHS",Low,Passed - Zero Drug-Drug Interaction Warning (Confidence 99.4%),FHIR_R4_Bundle_G40.909_Condition_MedicationRequest,All Clinical Records & Diagnostic Evidence,Active On-Chain Consent (Granted by Patient),NO,N/A,N/A,Direct patient consent validated via ConsentManager.sol,AES-256-GCM,vault-transit-key-0x6cb76a68,Qm44700b25200a9b6b6cdc51772693a0d0ced51f30d1e8,0.0.4891024,4558,2026-09-13 12:06:12 UTC,0x79dc872589b6fe2e3c049ddcddc4eda708b50d47526f243efd8cdd2fc777623d,0.0001
ENC-00559,Riya Deshmukh,849759,0xf24b58c04922b5a1f7a4d4fdff487c387c5df783,73,male,B+,Dr. Ananya Roy,0x9965507D1a55bcC2695C58ba16FB37d819B0A4dc,NMC-51203,Hematology,Apollo Multispecialty Hospital,0x155Af6ECaFb48861dA7d16Fb8Af2f6ce9d6DD779,Dengue fever [classical dengue],A90,Infectious Disease,High,100/68 mmHg,96,98%,102,"Oral Rehydration Salts 1L/day, Paracetamol 650mg SOS",Medium,Passed - Zero Drug-Drug Interaction Warning (Confidence 99.4%),FHIR_R4_Bundle_A90_Condition_MedicationRequest,All Clinical Records & Diagnostic Evidence,Pending Patient Authorization,NO,N/A,N/A,Access request pending approval from patient wallet,AES-256-GCM,vault-transit-key-0xf24b58c0,Qm30f4da4d870ccd80b2fc7bd5e3ce1d322f0069b9a27f,0.0.4891024,4559,2026-09-13 12:06:14 UTC,0x176c0ec6a85a46729b1f4d4fdc2b5cdc9cdf455887ad84a6fad5fcab17294c87,0.0001
ENC-00560,Sanjay Choudhury,849760,0x6d467b4e966542130084b380228006b362ab1920,74,female,AB+,Dr. Ananya Roy,0x9965507D1a55bcC2695C58ba16FB37d819B0A4dc,NMC-51203,Hematology,Max Super Speciality Cancer Institute,0x28B7eA94B34C8F52D19E50Eb14769Da20F5D54b4,"Epilepsy, unspecified, without status epilepticus",G40.909,Neurology,High,118/74 mmHg,76,99%,95,"Levetiracetam 500mg BID, Clobazam 10mg QHS",Low,Passed - Safe pediatric/geriatric dosage tier verified,FHIR_R4_Bundle_G40.909_Condition_MedicationRequest,All Clinical Records & Diagnostic Evidence,Pending Patient Authorization,NO,N/A,N/A,Access request pending approval from patient wallet,AES-256-GCM,vault-transit-key-0x6d467b4e,Qm9170cc9e68795f18a08e6b6d547b4a63492e224ccdf1,0.0.4891024,4560,2026-09-13 12:06:16 UTC,0xb7e8a4c96060a6841c3e823a4cb5b53e186e394b14b9c1a0e821944e090847c9,0.0001
ENC-00561,Amit Rao,849761,0x6698649e7efae701fd1aafa30ec5d2ef213351ba,75,male,AB-,Dr. Rajesh Sharma,0x3c44CdDdB6a900fa2b585dd299e03d12FA4293BC,NMC-78491,Gastroenterology,Apollo Multispecialty Hospital,0x155Af6ECaFb48861dA7d16Fb8Af2f6ce9d6DD779,Malignant neoplasm of female breast,C50.919,Oncology,Critical,122/76 mmHg,84,98%,105,"Tamoxifen 20mg QD, Trastuzumab 6mg/kg IV Q3W, Paclitaxel",High,Passed - Safe pediatric/geriatric dosage tier verified,FHIR_R4_Bundle_C50.919_Condition_MedicationRequest,All Clinical Records & Diagnostic Evidence,Active On-Chain Consent (Granted by Patient),NO,N/A,N/A,Direct patient consent validated via ConsentManager.sol,AES-256-GCM,vault-transit-key-0x6698649e,Qmcdbd513d34182e20ed4e757a947fc39b150ad18e807f,0.0.4891024,4561,2026-09-13 12:06:18 UTC,0x8cc4d5eb445f94f042d91c1ec16512665f2f1c02df959736b630cf70728642e4,0.0001
ENC-00562,Bhavna Kulkarni,849762,0xc0656795d77e4c9626e3d6572630936510ff6523,76,female,B+,Dr. Sarah Jenkins,0x04Fee3FD1B338d12FFD6dBD8d66dE1e8e0BB99cB,NMC-48192,Cardiology,Fortis Memorial Neuro & Trauma Center,0x84f93618C1D541bB1Dcf1373A8eE500A7D439634,Unspecified intracranial injury / Concussion,S06.9X0A,Trauma & Emergency,Emergency,150/95 mmHg,64,97%,130,"Mannitol 20% 100mL IV, Phenytoin 100mg IV, Analgesics",High,Passed - Zero Drug-Drug Interaction Warning (Confidence 99.4%),FHIR_R4_Bundle_S06.9X0A_Condition_MedicationRequest,All Clinical Records & Diagnostic Evidence,Break-Glass Emergency Invoked (Active Override),YES,Acute Life-Threatening Presentation: Unspecified intracranial injury / Concussion,60 Minutes (Auto-Expiring Ephemeral Key),Emergency access granted; immediate HCS compliance event broadcasted,AES-256-GCM,vault-transit-key-0xc0656795,Qmb89aaebeb5289339119f9d33bef1af1a01c86b5bd131,0.0.4891024,4562,2026-09-13 12:06:20 UTC,0x26a1ba3b290f30c1f886e3a3c13bc1a7f91f3926ad5dc5be8f689481d4121852,0.0001
ENC-00563,Chetan Hegde,849763,0x73c70e02c8ae563ba7edcbb8af72f67051932192,77,male,O-,Dr. Preeti Deshmukh,0x23618e81E3f5cdF7f54C3d65f7FBc0aBf5B21E8f,NMC-82194,Obstetrics & Pediatrics,Care & Cure Pediatric & Maternity Hospital,0x937F51E09477BfD31E56c5e533038a8eEAc096b7,Essential (primary) hypertension,I10,Cardiology,Moderate,148/92 mmHg,78,98%,110,"Amlodipine 5mg QD, Telmisartan 40mg QD",Medium,Passed - Zero Drug-Drug Interaction Warning (Confidence 99.4%),FHIR_R4_Bundle_I10_Condition_MedicationRequest,All Clinical Records & Diagnostic Evidence,Active On-Chain Consent (Granted by Patient),NO,N/A,N/A,Direct patient consent validated via ConsentManager.sol,AES-256-GCM,vault-transit-key-0x73c70e02,Qm48245fbe6e1ea9bed2a45a9974324253bb615488c995,0.0.4891024,4563,2026-09-13 12:06:22 UTC,0x8ec4e99eebdf3635a641d23a549548228399779c2a201d83610f4f2781126c0e,0.0001
ENC-00564,Rahul Hegde,849764,0x3a66138447ba02a13a6ca82887f004194b0119bf,78,female,AB+,Dr. Sunita Narang,0xBcd4042DE499D14e55001CcbB24a551F3b954096,NMC-90812,Endocrinology & Internal Medicine,Apex Diagnostic & Pathology Hub,0x04Fee3FD1B338d12FFD6dBD8d66dE1e8e0BB99cB,Type 2 diabetes mellitus without complications,E11.9,Endocrinology,Moderate,130/82 mmHg,72,99%,142,"Metformin 500mg BID, Dapagliflozin 10mg QD",Low,Passed - Zero Drug-Drug Interaction Warning (Confidence 99.4%),FHIR_R4_Bundle_E11.9_Condition_MedicationRequest,All Clinical Records & Diagnostic Evidence,Active On-Chain Consent (Granted by Patient),NO,N/A,N/A,Direct patient consent validated via ConsentManager.sol,AES-256-GCM,vault-transit-key-0x3a661384,Qm43e6660180507865f60488d26bf3af83dbf81c75532c,0.0.4891024,4564,2026-09-13 12:06:24 UTC,0xf04d3de787adb5828512eb1b6ad1b1193284d41a700440092b29f1188f8c2981,0.0001
ENC-00565,Sakshi Gowda,849765,0xf2fcc00c49854c8346c4484c534e3a99c96e11d0,79,male,B-,Dr. Rohan Patel,0x976EA74026E726554dB657fA54763abd0C3a0aa9,NMC-11029,Neurology,Fortis Memorial Neuro & Trauma Center,0x84f93618C1D541bB1Dcf1373A8eE500A7D439634,Essential (primary) hypertension,I10,Cardiology,Moderate,148/92 mmHg,78,98%,110,"Amlodipine 5mg QD, Telmisartan 40mg QD",High,Advisory: Monitor Serum Potassium & Renal Function with ACEi/ARB,FHIR_R4_Bundle_I10_Condition_MedicationRequest,All Clinical Records & Diagnostic Evidence,Active On-Chain Consent (Granted by Patient),NO,N/A,N/A,Direct patient consent validated via ConsentManager.sol,AES-256-GCM,vault-transit-key-0xf2fcc00c,Qm7cc2986e2d77763a395050fd8a0dbe1e42898e66d1fb,0.0.4891024,4565,2026-09-13 12:06:26 UTC,0x6b76689189335647b743ebdc717c593959ab44a570d2eb93e53ab4b1fd1cf72c,0.0001
ENC-00566,Rohan Menon,849766,0x77eed9c2094ae20cdff4533ab7326427c9f971ef,80,female,B-,Dr. Vikram Seth,0x15d34AAf54267DB7D7c367839AAf71A00a2C6A65,NMC-99014,Oncology,Fortis Memorial Neuro & Trauma Center,0x84f93618C1D541bB1Dcf1373A8eE500A7D439634,Malignant neoplasm of female breast,C50.919,Oncology,Critical,122/76 mmHg,84,98%,105,"Tamoxifen 20mg QD, Trastuzumab 6mg/kg IV Q3W, Paclitaxel",Medium,Advisory: Confirm Patient Creatinine Clearance prior to Metformin XR,FHIR_R4_Bundle_C50.919_Condition_MedicationRequest,All Clinical Records & Diagnostic Evidence,Active On-Chain Consent (Granted by Patient),NO,N/A,N/A,Direct patient consent validated via ConsentManager.sol,AES-256-GCM,vault-transit-key-0x77eed9c2,Qm3592ebdc81da9fcb995c03e9bc10036e5b9c05cc3af1,0.0.4891024,4566,2026-09-13 12:06:28 UTC,0xf961991bae2a462382fb8887b0684daf22222adcb99063152b1346a6e258d419,0.0001
ENC-00567,Amit Agarwal,849767,0x3a420a091ad66fb3d5aea9ceee7244bbf1b4a84d,81,male,AB+,Dr. Rajesh Sharma,0x3c44CdDdB6a900fa2b585dd299e03d12FA4293BC,NMC-78491,Gastroenterology,Fortis Memorial Neuro & Trauma Center,0x84f93618C1D541bB1Dcf1373A8eE500A7D439634,Essential (primary) hypertension,I10,Cardiology,Moderate,148/92 mmHg,78,98%,110,"Amlodipine 5mg QD, Telmisartan 40mg QD",Low,Advisory: Confirm Patient Creatinine Clearance prior to Metformin XR,FHIR_R4_Bundle_I10_Condition_MedicationRequest,All Clinical Records & Diagnostic Evidence,Pending Patient Authorization,NO,N/A,N/A,Access request pending approval from patient wallet,AES-256-GCM,vault-transit-key-0x3a420a09,Qm70da889a38c8362c257a3f6df9939ff25fb2afaa86ff,0.0.4891024,4567,2026-09-13 12:06:31 UTC,0x8d4d20ef761e99fe5ce901860f74d92ca228a18b2339a51befc0131898dbc7ec,0.0001
ENC-00568,Geeta Mehta,849768,0x158d3ae69b1f3f32d2e446fce90cd07f873a20df,82,female,AB-,Dr. Rajesh Sharma,0x3c44CdDdB6a900fa2b585dd299e03d12FA4293BC,NMC-78491,Gastroenterology,Care & Cure Pediatric & Maternity Hospital,0x937F51E09477BfD31E56c5e533038a8eEAc096b7,Essential (primary) hypertension,I10,Cardiology,Moderate,148/92 mmHg,78,98%,110,"Amlodipine 5mg QD, Telmisartan 40mg QD",Low,Passed - Zero Drug-Drug Interaction Warning (Confidence 99.4%),FHIR_R4_Bundle_I10_Condition_MedicationRequest,All Clinical Records & Diagnostic Evidence,Active On-Chain Consent (Granted by Patient),NO,N/A,N/A,Direct patient consent validated via ConsentManager.sol,AES-256-GCM,vault-transit-key-0x158d3ae6,Qm0de6b63e28f25843023d8e6846a2f41c5b31894b0c26,0.0.4891024,4568,2026-09-13 12:06:33 UTC,0x1a7c934b82fcf887fd1a5bb27fab18651c784651bf2f053016b39857243f8029,0.0001
ENC-00569,Pranav Kapoor,849769,0x5e7c889da0b8fc1dfb3b11db004a5e6f40231387,83,male,O+,Dr. Rajesh Sharma,0x3c44CdDdB6a900fa2b585dd299e03d12FA4293BC,NMC-78491,Gastroenterology,Care & Cure Pediatric & Maternity Hospital,0x937F51E09477BfD31E56c5e533038a8eEAc096b7,Gastro-esophageal reflux disease,K21.9,Gastroenterology,Low,120/80 mmHg,70,99%,98,"Pantoprazole 40mg QD pre-breakfast, Domperidone 30mg QD",High,Passed - Zero Drug-Drug Interaction Warning (Confidence 99.4%),FHIR_R4_Bundle_K21.9_Condition_MedicationRequest,All Clinical Records & Diagnostic Evidence,Active On-Chain Consent (Granted by Patient),NO,N/A,N/A,Direct patient consent validated via ConsentManager.sol,AES-256-GCM,vault-transit-key-0x5e7c889d,Qm11fbf1c839292c468e000c7e5638e83ffd4434aca81e,0.0.4891024,4569,2026-09-13 12:06:35 UTC,0xe50d3a6adfd3c6dd5773e846f4908b7733fbfb8684f7cad57ba10dcd2c28b4a0,0.0001
ENC-00570,Harish Banerjee,849770,0x519141e6307cb3bf7f4e73f92b13fc8712d56397,84,female,B+,Dr. Rajesh Sharma,0x3c44CdDdB6a900fa2b585dd299e03d12FA4293BC,NMC-78491,Gastroenterology,Max Super Speciality Cancer Institute,0x28B7eA94B34C8F52D19E50Eb14769Da20F5D54b4,Malignant neoplasm of female breast,C50.919,Oncology,Critical,122/76 mmHg,84,98%,105,"Tamoxifen 20mg QD, Trastuzumab 6mg/kg IV Q3W, Paclitaxel",Low,Passed - Zero Drug-Drug Interaction Warning (Confidence 99.4%),FHIR_R4_Bundle_C50.919_Condition_MedicationRequest,All Clinical Records & Diagnostic Evidence,Active On-Chain Consent (Granted by Patient),NO,N/A,N/A,Direct patient consent validated via ConsentManager.sol,AES-256-GCM,vault-transit-key-0x519141e6,Qm63fd11d80594e8e65ff9d1418f076fbfba322fa72426,0.0.4891024,4570,2026-09-13 12:06:37 UTC,0x8386cb18c11323d051ad58cd3aa78001f5bc4315b5bc67664b1d914d933efa63,0.0001
ENC-00571,Lata Kapoor,849771,0x3acae11cb9f8831578042fd4e2723ffa625ad18e,85,male,A+,Dr. Vikram Seth,0x15d34AAf54267DB7D7c367839AAf71A00a2C6A65,NMC-99014,Oncology,Apex Diagnostic & Pathology Hub,0x04Fee3FD1B338d12FFD6dBD8d66dE1e8e0BB99cB,Dengue fever [classical dengue],A90,Infectious Disease,High,100/68 mmHg,96,98%,102,"Oral Rehydration Salts 1L/day, Paracetamol 650mg SOS",Low,Passed - Zero Drug-Drug Interaction Warning (Confidence 99.4%),FHIR_R4_Bundle_A90_Condition_MedicationRequest,All Clinical Records & Diagnostic Evidence,Pending Patient Authorization,NO,N/A,N/A,Access request pending approval from patient wallet,AES-256-GCM,vault-transit-key-0x3acae11c,Qmd368356fddd5734d200d47f250b697ee82241dd590ee,0.0.4891024,4571,2026-09-13 12:06:39 UTC,0x094f7092337a95abcf9cfaf16e440b51dc5cb74abbb8c3e5fd62d8b847e55605,0.0001
ENC-00572,Nandini Reddy,849772,0xdfaf06eb08872d6b75209eee7faecfd13141c540,86,female,A+,Dr. Sunita Narang,0xBcd4042DE499D14e55001CcbB24a551F3b954096,NMC-90812,Endocrinology & Internal Medicine,Fortis Memorial Neuro & Trauma Center,0x84f93618C1D541bB1Dcf1373A8eE500A7D439634,Malignant neoplasm of female breast,C50.919,Oncology,Critical,122/76 mmHg,84,98%,105,"Tamoxifen 20mg QD, Trastuzumab 6mg/kg IV Q3W, Paclitaxel",Low,Advisory: Confirm Patient Creatinine Clearance prior to Metformin XR,FHIR_R4_Bundle_C50.919_Condition_MedicationRequest,All Clinical Records & Diagnostic Evidence,Active On-Chain Consent (Granted by Patient),NO,N/A,N/A,Direct patient consent validated via ConsentManager.sol,AES-256-GCM,vault-transit-key-0xdfaf06eb,Qm8194e1961f1c0704c4b88b1720d90ccbadd44cfc913e,0.0.4891024,4572,2026-09-13 12:06:41 UTC,0x86c155de171039330501d6f5d647316a07186bbb51148847f7a00805f1d82310,0.0001
ENC-00573,Aarav Malhotra,849773,0x6466af4de683777e694271317f1144fd98e6f210,87,male,AB-,Dr. Sunita Narang,0xBcd4042DE499D14e55001CcbB24a551F3b954096,NMC-90812,Endocrinology & Internal Medicine,Max Super Speciality Cancer Institute,0x28B7eA94B34C8F52D19E50Eb14769Da20F5D54b4,Gastro-esophageal reflux disease,K21.9,Gastroenterology,Low,120/80 mmHg,70,99%,98,"Pantoprazole 40mg QD pre-breakfast, Domperidone 30mg QD",High,Passed - Zero Drug-Drug Interaction Warning (Confidence 99.4%),FHIR_R4_Bundle_K21.9_Condition_MedicationRequest,All Clinical Records & Diagnostic Evidence,Pending Patient Authorization,NO,N/A,N/A,Access request pending approval from patient wallet,AES-256-GCM,vault-transit-key-0x6466af4d,Qm17886e58313d9081f66bc6a0bf326ada633a7ef1db14,0.0.4891024,4573,2026-09-13 12:06:43 UTC,0x400050acd17147bfc84c80808fc549f439fe5987721339af47eca9b35ef04ccd,0.0001
ENC-00574,Lata Rao,849774,0xc05a56ce629a21973c6c5389b434f8752b2a5197,88,female,O-,Dr. Sarah Jenkins,0x04Fee3FD1B338d12FFD6dBD8d66dE1e8e0BB99cB,NMC-48192,Cardiology,Care & Cure Pediatric & Maternity Hospital,0x937F51E09477BfD31E56c5e533038a8eEAc096b7,Unspecified intracranial injury / Concussion,S06.9X0A,Trauma & Emergency,Emergency,150/95 mmHg,64,97%,130,"Mannitol 20% 100mL IV, Phenytoin 100mg IV, Analgesics",High,Advisory: Monitor Serum Potassium & Renal Function with ACEi/ARB,FHIR_R4_Bundle_S06.9X0A_Condition_MedicationRequest,All Clinical Records & Diagnostic Evidence,Pending Patient Authorization,NO,N/A,N/A,Access request pending approval from patient wallet,AES-256-GCM,vault-transit-key-0xc05a56ce,Qm12ebec8fe4f58ac20442e6a225425e5e09f355e6e7ff,0.0.4891024,4574,2026-09-13 12:06:45 UTC,0xad2adaa713b251ec8f7d4e2f862f7068ec945b93429a448343f343308b8d4c76,0.0001
ENC-00575,Gautam Kulkarni,849775,0xeb3f1323acbd6adcf3e89e2b518d7ec78dbed1c1,89,male,O+,Dr. Preeti Deshmukh,0x23618e81E3f5cdF7f54C3d65f7FBc0aBf5B21E8f,NMC-82194,Obstetrics & Pediatrics,Fortis Memorial Neuro & Trauma Center,0x84f93618C1D541bB1Dcf1373A8eE500A7D439634,Malignant neoplasm of female breast,C50.919,Oncology,Critical,122/76 mmHg,84,98%,105,"Tamoxifen 20mg QD, Trastuzumab 6mg/kg IV Q3W, Paclitaxel",High,Advisory: Monitor Serum Potassium & Renal Function with ACEi/ARB,FHIR_R4_Bundle_C50.919_Condition_MedicationRequest,All Clinical Records & Diagnostic Evidence,Active On-Chain Consent (Granted by Patient),NO,N/A,N/A,Direct patient consent validated via ConsentManager.sol,AES-256-GCM,vault-transit-key-0xeb3f1323,Qmd0231a5c94f2356d601fe8e3b01e7b309ac1947c8a23,0.0.4891024,4575,2026-09-13 12:06:47 UTC,0xdd1a20098c9319569cc096096e248f4868d004321d633687ff789c3efe5a2830,0.0001
ENC-00576,Ananya Menon,849776,0xb720e39885c2d875114a2d78cc1dd3f1c26eea5d,18,female,B+,Dr. Rajesh Sharma,0x3c44CdDdB6a900fa2b585dd299e03d12FA4293BC,NMC-78491,Gastroenterology,Max Super Speciality Cancer Institute,0x28B7eA94B34C8F52D19E50Eb14769Da20F5D54b4,Malignant neoplasm of female breast,C50.919,Oncology,Critical,122/76 mmHg,84,98%,105,"Tamoxifen 20mg QD, Trastuzumab 6mg/kg IV Q3W, Paclitaxel",High,Passed - Safe pediatric/geriatric dosage tier verified,FHIR_R4_Bundle_C50.919_Condition_MedicationRequest,All Clinical Records & Diagnostic Evidence,Active On-Chain Consent (Granted by Patient),NO,N/A,N/A,Direct patient consent validated via ConsentManager.sol,AES-256-GCM,vault-transit-key-0xb720e398,Qm4bab10459ef0644291e2a75ba2844606205664e7e1be,0.0.4891024,4576,2026-09-13 12:06:49 UTC,0x41a9cfab597b452b76779f200525fea4932653ea7ee9a012e14573267b243e84,0.0001
ENC-00577,Vikas Rao,849777,0xac21b248c2745ab8ea5ab7eb04420e9924b5886d,19,male,B+,Dr. Sarah Jenkins,0x04Fee3FD1B338d12FFD6dBD8d66dE1e8e0BB99cB,NMC-48192,Cardiology,Apollo Multispecialty Hospital,0x155Af6ECaFb48861dA7d16Fb8Af2f6ce9d6DD779,Malignant neoplasm of female breast,C50.919,Oncology,Critical,122/76 mmHg,84,98%,105,"Tamoxifen 20mg QD, Trastuzumab 6mg/kg IV Q3W, Paclitaxel",Medium,Advisory: Confirm Patient Creatinine Clearance prior to Metformin XR,FHIR_R4_Bundle_C50.919_Condition_MedicationRequest,All Clinical Records & Diagnostic Evidence,Active On-Chain Consent (Granted by Patient),NO,N/A,N/A,Direct patient consent validated via ConsentManager.sol,AES-256-GCM,vault-transit-key-0xac21b248,Qm18a709f3613bb6ed6aa4e80e97789b78dc5dafe2d55d,0.0.4891024,4577,2026-09-13 12:06:52 UTC,0x08e06cedafacbfac76e9009c8fc2bd222fe800f3d338a755503b73f54b83beed,0.0001
ENC-00578,Manish Pillai,849778,0xf7324f773855a23b4d6af3271087b032292da3da,20,female,A+,Dr. Sunita Narang,0xBcd4042DE499D14e55001CcbB24a551F3b954096,NMC-90812,Endocrinology & Internal Medicine,Max Super Speciality Cancer Institute,0x28B7eA94B34C8F52D19E50Eb14769Da20F5D54b4,Dengue fever [classical dengue],A90,Infectious Disease,High,100/68 mmHg,96,98%,102,"Oral Rehydration Salts 1L/day, Paracetamol 650mg SOS",Low,Advisory: Monitor Serum Potassium & Renal Function with ACEi/ARB,FHIR_R4_Bundle_A90_Condition_MedicationRequest,All Clinical Records & Diagnostic Evidence,Active On-Chain Consent (Granted by Patient),NO,N/A,N/A,Direct patient consent validated via ConsentManager.sol,AES-256-GCM,vault-transit-key-0xf7324f77,Qma2ae45380eac122bae0ce9ded3c3f319262ba2853c1c,0.0.4891024,4578,2026-09-13 12:06:54 UTC,0x6492f5276731fbdb9f30f547bfe90a703d75bb677bda7e5839c16a4404c515d7,0.0001
ENC-00579,Geeta Nair,849779,0x4b56a3c76a471ebe8913c1fcceaefac4945e9210,21,male,B-,Dr. Sarah Jenkins,0x04Fee3FD1B338d12FFD6dBD8d66dE1e8e0BB99cB,NMC-48192,Cardiology,Apollo Multispecialty Hospital,0x155Af6ECaFb48861dA7d16Fb8Af2f6ce9d6DD779,Type 2 diabetes mellitus without complications,E11.9,Endocrinology,Moderate,130/82 mmHg,72,99%,142,"Metformin 500mg BID, Dapagliflozin 10mg QD",Low,Advisory: Monitor Serum Potassium & Renal Function with ACEi/ARB,FHIR_R4_Bundle_E11.9_Condition_MedicationRequest,All Clinical Records & Diagnostic Evidence,Active On-Chain Consent (Granted by Patient),NO,N/A,N/A,Direct patient consent validated via ConsentManager.sol,AES-256-GCM,vault-transit-key-0x4b56a3c7,Qm590c95d277458d24aa8e02ceca299f60605509855080,0.0.4891024,4579,2026-09-13 12:06:56 UTC,0xf5ba624306d7a1ff1ec2779648f46c6588cc11870b3f2b9fc5492a5473873144,0.0001
ENC-00580,Varun Rao,849780,0x765ee07666131c24c859591dde2b862fd69d76b9,22,female,B+,Dr. Vikram Seth,0x15d34AAf54267DB7D7c367839AAf71A00a2C6A65,NMC-99014,Oncology,Apex Diagnostic & Pathology Hub,0x04Fee3FD1B338d12FFD6dBD8d66dE1e8e0BB99cB,Unspecified intracranial injury / Concussion,S06.9X0A,Trauma & Emergency,Emergency,150/95 mmHg,64,97%,130,"Mannitol 20% 100mL IV, Phenytoin 100mg IV, Analgesics",Medium,Advisory: Monitor Serum Potassium & Renal Function with ACEi/ARB,FHIR_R4_Bundle_S06.9X0A_Condition_MedicationRequest,All Clinical Records & Diagnostic Evidence,Active On-Chain Consent (Granted by Patient),NO,N/A,N/A,Direct patient consent validated via ConsentManager.sol,AES-256-GCM,vault-transit-key-0x765ee076,Qm9eb40aa870f59de06808cc0c618bd7be2980adda11da,0.0.4891024,4580,2026-09-13 12:06:58 UTC,0xc2585ee14ad9c202dcc5a7c88f0c2da016e97367a58427ba284ecf8ff3e290fd,0.0001
ENC-00581,Neha Agarwal,849781,0x9144f1b715023802e1be2afa75a8a1d821166752,23,male,AB-,Dr. Vikram Seth,0x15d34AAf54267DB7D7c367839AAf71A00a2C6A65,NMC-99014,Oncology,Fortis Memorial Neuro & Trauma Center,0x84f93618C1D541bB1Dcf1373A8eE500A7D439634,"Epilepsy, unspecified, without status epilepticus",G40.909,Neurology,High,118/74 mmHg,76,99%,95,"Levetiracetam 500mg BID, Clobazam 10mg QHS",Medium,Passed - Zero Drug-Drug Interaction Warning (Confidence 99.4%),FHIR_R4_Bundle_G40.909_Condition_MedicationRequest,All Clinical Records & Diagnostic Evidence,Active On-Chain Consent (Granted by Patient),NO,N/A,N/A,Direct patient consent validated via ConsentManager.sol,AES-256-GCM,vault-transit-key-0x9144f1b7,Qmfa7bcd8221d7da19ec622e6a44238ba8a7baa7510512,0.0.4891024,4581,2026-09-13 12:07:00 UTC,0x95b496ce80a6a0ea8ff888613cf4a56cbe93fb48bc86eadc1e7c077c529695f9,0.0001
ENC-00582,Riya Joshi,849782,0x3643fb470e05838c5d9e7ba2189f8b288a4cd8a4,24,female,AB-,Dr. Sarah Jenkins,0x04Fee3FD1B338d12FFD6dBD8d66dE1e8e0BB99cB,NMC-48192,Cardiology,Apex Diagnostic & Pathology Hub,0x04Fee3FD1B338d12FFD6dBD8d66dE1e8e0BB99cB,"Acute myocardial infarction, unspecified",I21.9,Cardiology,Emergency,95/60 mmHg,112,93%,165,"Ticagrelor 90mg BID, Aspirin 325mg, Atorvastatin 80mg, IV Heparin",High,Passed - Zero Drug-Drug Interaction Warning (Confidence 99.4%),FHIR_R4_Bundle_I21.9_Condition_MedicationRequest,All Clinical Records & Diagnostic Evidence,Active On-Chain Consent (Granted by Patient),NO,N/A,N/A,Direct patient consent validated via ConsentManager.sol,AES-256-GCM,vault-transit-key-0x3643fb47,Qm7eee2501d4ac9aff8ce6f09b478f3f2ef3ef5e10128d,0.0.4891024,4582,2026-09-13 12:07:02 UTC,0xe41c233e44d3b325f872dd08aae0926e0e4f325b68c3f04c42341441d3a484f2,0.0001
ENC-00583,Geeta Mukherjee,849783,0xbc3a703bc2a1804362ee70eb302a0b937c489e02,25,male,A+,Dr. Rohan Patel,0x976EA74026E726554dB657fA54763abd0C3a0aa9,NMC-11029,Neurology,Care & Cure Pediatric & Maternity Hospital,0x937F51E09477BfD31E56c5e533038a8eEAc096b7,Gastro-esophageal reflux disease,K21.9,Gastroenterology,Low,120/80 mmHg,70,99%,98,"Pantoprazole 40mg QD pre-breakfast, Domperidone 30mg QD",High,Advisory: Monitor Serum Potassium & Renal Function with ACEi/ARB,FHIR_R4_Bundle_K21.9_Condition_MedicationRequest,All Clinical Records & Diagnostic Evidence,Pending Patient Authorization,NO,N/A,N/A,Access request pending approval from patient wallet,AES-256-GCM,vault-transit-key-0xbc3a703b,Qm571a1507bd8e8dca96ea283f190c450bf11e7d84f64b,0.0.4891024,4583,2026-09-13 12:07:04 UTC,0x441031f9003452cf7b962519cfa2e2cc50945cce64b854f9517052c961776de3,0.0001
ENC-00584,Neha Pandey,849784,0xb356c3a14c43d6ecf34263cd24a34169aff4914f,26,female,AB+,Dr. Sunita Narang,0xBcd4042DE499D14e55001CcbB24a551F3b954096,NMC-90812,Endocrinology & Internal Medicine,Max Super Speciality Cancer Institute,0x28B7eA94B34C8F52D19E50Eb14769Da20F5D54b4,Malignant neoplasm of female breast,C50.919,Oncology,Critical,122/76 mmHg,84,98%,105,"Tamoxifen 20mg QD, Trastuzumab 6mg/kg IV Q3W, Paclitaxel",High,Passed - Zero Drug-Drug Interaction Warning (Confidence 99.4%),FHIR_R4_Bundle_C50.919_Condition_MedicationRequest,All Clinical Records & Diagnostic Evidence,Pending Patient Authorization,NO,N/A,N/A,Access request pending approval from patient wallet,AES-256-GCM,vault-transit-key-0xb356c3a1,Qmf9ca96f91a0406184033eaacf57ece3149bc5947a0e6,0.0.4891024,4584,2026-09-13 12:07:06 UTC,0x60786354bc043ea423be792103da6bb1e625a6872eda00a84e536c847f785e60,0.0001
ENC-00585,Harish Patel,849785,0x748c40a2b4fef34cb7652d871db6d52b94811693,27,male,A-,Dr. Rohan Patel,0x976EA74026E726554dB657fA54763abd0C3a0aa9,NMC-11029,Neurology,Apex Diagnostic & Pathology Hub,0x04Fee3FD1B338d12FFD6dBD8d66dE1e8e0BB99cB,"Acute myocardial infarction, unspecified",I21.9,Cardiology,Emergency,95/60 mmHg,112,93%,165,"Ticagrelor 90mg BID, Aspirin 325mg, Atorvastatin 80mg, IV Heparin",Low,Advisory: Confirm Patient Creatinine Clearance prior to Metformin XR,FHIR_R4_Bundle_I21.9_Condition_MedicationRequest,All Clinical Records & Diagnostic Evidence,Break-Glass Emergency Invoked (Active Override),YES,"Acute Life-Threatening Presentation: Acute myocardial infarction, unspecified",60 Minutes (Auto-Expiring Ephemeral Key),Emergency access granted; immediate HCS compliance event broadcasted,AES-256-GCM,vault-transit-key-0x748c40a2,Qme0e08f5f7e8f0a74c8a8519c20f07801b0e915c25c7b,0.0.4891024,4585,2026-09-13 12:07:09 UTC,0xa7a10808d870beaed5100424aac0015471ae5227babbacedfbe8ca07327cc359,0.0001
ENC-00586,Neha Verma,849786,0x6d8e4c66abc14fa6e2f8b630cb60bed0cd52ccd6,28,female,B-,Dr. Ananya Roy,0x9965507D1a55bcC2695C58ba16FB37d819B0A4dc,NMC-51203,Hematology,Max Super Speciality Cancer Institute,0x28B7eA94B34C8F52D19E50Eb14769Da20F5D54b4,Type 2 diabetes mellitus without complications,E11.9,Endocrinology,Moderate,130/82 mmHg,72,99%,142,"Metformin 500mg BID, Dapagliflozin 10mg QD",High,Advisory: Monitor Serum Potassium & Renal Function with ACEi/ARB,FHIR_R4_Bundle_E11.9_Condition_MedicationRequest,All Clinical Records & Diagnostic Evidence,Pending Patient Authorization,NO,N/A,N/A,Access request pending approval from patient wallet,AES-256-GCM,vault-transit-key-0x6d8e4c66,Qm5ae306bc871f1b067abf22fc55f48270bf625b3fe2ce,0.0.4891024,4586,2026-09-13 12:07:11 UTC,0xf8e13ff16438505cafc5bf6a997599348f0d0803444fd2a56f773397aa9da32a,0.0001
ENC-00587,Divya Mishra,849787,0xca08d737626d443fb1434479dc681f760deb38df,29,male,B+,Dr. Rohan Patel,0x976EA74026E726554dB657fA54763abd0C3a0aa9,NMC-11029,Neurology,Care & Cure Pediatric & Maternity Hospital,0x937F51E09477BfD31E56c5e533038a8eEAc096b7,"Acute myocardial infarction, unspecified",I21.9,Cardiology,Emergency,95/60 mmHg,112,93%,165,"Ticagrelor 90mg BID, Aspirin 325mg, Atorvastatin 80mg, IV Heparin",Medium,Passed - Zero Drug-Drug Interaction Warning (Confidence 99.4%),FHIR_R4_Bundle_I21.9_Condition_MedicationRequest,All Clinical Records & Diagnostic Evidence,Break-Glass Emergency Invoked (Active Override),YES,"Acute Life-Threatening Presentation: Acute myocardial infarction, unspecified",60 Minutes (Auto-Expiring Ephemeral Key),Emergency access granted; immediate HCS compliance event broadcasted,AES-256-GCM,vault-transit-key-0xca08d737,Qm42e5e172162aa79bc94c479e853957892fdc7bebdd7e,0.0.4891024,4587,2026-09-13 12:07:13 UTC,0x7e464e91bc33b0cd46f3625339b57f5071fed95d2602dc8a0a12e33251c6e97c,0.0001
ENC-00588,Yashwanth Nair,849788,0x473a68e39d6fc31ec34bdd051d7a6e103c072ab0,30,female,O-,Dr. Sunita Narang,0xBcd4042DE499D14e55001CcbB24a551F3b954096,NMC-90812,Endocrinology & Internal Medicine,Fortis Memorial Neuro & Trauma Center,0x84f93618C1D541bB1Dcf1373A8eE500A7D439634,Essential (primary) hypertension,I10,Cardiology,Moderate,148/92 mmHg,78,98%,110,"Amlodipine 5mg QD, Telmisartan 40mg QD",Low,Passed - Zero Drug-Drug Interaction Warning (Confidence 99.4%),FHIR_R4_Bundle_I10_Condition_MedicationRequest,All Clinical Records & Diagnostic Evidence,Active On-Chain Consent (Granted by Patient),NO,N/A,N/A,Direct patient consent validated via ConsentManager.sol,AES-256-GCM,vault-transit-key-0x473a68e3,Qma15b1285ff5447434f8a7a35165eec707287dc348ceb,0.0.4891024,4588,2026-09-13 12:07:15 UTC,0x557b08c43d4ff4fd939680b7122a4b558fef75a3b953721b526e51949ccf6510,0.0001
ENC-00589,Aditi Mukherjee,849789,0x6e24dac060a84b339bdfdc89547fff1b15d158eb,31,male,O+,Dr. Sarah Jenkins,0x04Fee3FD1B338d12FFD6dBD8d66dE1e8e0BB99cB,NMC-48192,Cardiology,Fortis Memorial Neuro & Trauma Center,0x84f93618C1D541bB1Dcf1373A8eE500A7D439634,Type 2 diabetes mellitus without complications,E11.9,Endocrinology,Moderate,130/82 mmHg,72,99%,142,"Metformin 500mg BID, Dapagliflozin 10mg QD",High,Passed - Zero Drug-Drug Interaction Warning (Confidence 99.4%),FHIR_R4_Bundle_E11.9_Condition_MedicationRequest,All Clinical Records & Diagnostic Evidence,Pending Patient Authorization,NO,N/A,N/A,Access request pending approval from patient wallet,AES-256-GCM,vault-transit-key-0x6e24dac0,Qm78ec44d1bf95edb0979f3bc2763c3f76bf573384652f,0.0.4891024,4589,2026-09-13 12:07:17 UTC,0x4b8d4e3655d5c6b0aee066cd86357f5d3c336cb839897d50ca3f559b00d16ca3,0.0001
ENC-00590,Nikhil Chatterjee,849790,0xc4c56d8239d96969696a4f3bcb59e6ac48f2f8e9,32,female,A+,Dr. Ananya Roy,0x9965507D1a55bcC2695C58ba16FB37d819B0A4dc,NMC-51203,Hematology,Apex Diagnostic & Pathology Hub,0x04Fee3FD1B338d12FFD6dBD8d66dE1e8e0BB99cB,Unspecified intracranial injury / Concussion,S06.9X0A,Trauma & Emergency,Emergency,150/95 mmHg,64,97%,130,"Mannitol 20% 100mL IV, Phenytoin 100mg IV, Analgesics",Low,Passed - Zero Drug-Drug Interaction Warning (Confidence 99.4%),FHIR_R4_Bundle_S06.9X0A_Condition_MedicationRequest,All Clinical Records & Diagnostic Evidence,Break-Glass Emergency Invoked (Active Override),YES,Acute Life-Threatening Presentation: Unspecified intracranial injury / Concussion,60 Minutes (Auto-Expiring Ephemeral Key),Emergency access granted; immediate HCS compliance event broadcasted,AES-256-GCM,vault-transit-key-0xc4c56d82,Qm5ed9bb2a7958a7b138192f95c0013063b665aed629d0,0.0.4891024,4590,2026-09-13 12:07:19 UTC,0x9892b94753a1c7684c44038127836f830f1ac918dbf1af8d22a8981977ad77f8,0.0001
ENC-00591,Sanjay Mehta,849791,0x0851fb7f94a2b01d5f205fd455bfc99621bf5479,33,male,B-,Dr. Preeti Deshmukh,0x23618e81E3f5cdF7f54C3d65f7FBc0aBf5B21E8f,NMC-82194,Obstetrics & Pediatrics,Apollo Multispecialty Hospital,0x155Af6ECaFb48861dA7d16Fb8Af2f6ce9d6DD779,"Epilepsy, unspecified, without status epilepticus",G40.909,Neurology,High,118/74 mmHg,76,99%,95,"Levetiracetam 500mg BID, Clobazam 10mg QHS",Low,Advisory: Confirm Patient Creatinine Clearance prior to Metformin XR,FHIR_R4_Bundle_G40.909_Condition_MedicationRequest,All Clinical Records & Diagnostic Evidence,Pending Patient Authorization,NO,N/A,N/A,Access request pending approval from patient wallet,AES-256-GCM,vault-transit-key-0x0851fb7f,Qm29ba2a3115d9f3d98173b1cc7c04c8084a867baccac2,0.0.4891024,4591,2026-09-13 12:07:21 UTC,0xc9a52b19e1f2926a340fe57625aa0e1a400a3c81966ce872d729ca1aadb4f8e1,0.0001
ENC-00592,Geeta Ghosh,849792,0xbb6bfbedf6e747cc1dd6c7442aea456f6fe49daf,34,female,B+,Dr. Rohan Patel,0x976EA74026E726554dB657fA54763abd0C3a0aa9,NMC-11029,Neurology,Apex Diagnostic & Pathology Hub,0x04Fee3FD1B338d12FFD6dBD8d66dE1e8e0BB99cB,Dengue fever [classical dengue],A90,Infectious Disease,High,100/68 mmHg,96,98%,102,"Oral Rehydration Salts 1L/day, Paracetamol 650mg SOS",Low,Passed - Zero Drug-Drug Interaction Warning (Confidence 99.4%),FHIR_R4_Bundle_A90_Condition_MedicationRequest,All Clinical Records & Diagnostic Evidence,Active On-Chain Consent (Granted by Patient),NO,N/A,N/A,Direct patient consent validated via ConsentManager.sol,AES-256-GCM,vault-transit-key-0xbb6bfbed,Qm189bfa6f7a0f34cf786e3e6996a42b6ac6d2f660740b,0.0.4891024,4592,2026-09-13 12:07:23 UTC,0xe72c24814424a1c75d6b8792d3144269397ebfc7fede587ebd0ae2dfa1234678,0.0001
ENC-00593,Riya Mishra,849793,0xc46b02d401a39259f48a761d45845073c78fc8c4,35,male,O+,Dr. Vikram Seth,0x15d34AAf54267DB7D7c367839AAf71A00a2C6A65,NMC-99014,Oncology,Care & Cure Pediatric & Maternity Hospital,0x937F51E09477BfD31E56c5e533038a8eEAc096b7,Dengue fever [classical dengue],A90,Infectious Disease,High,100/68 mmHg,96,98%,102,"Oral Rehydration Salts 1L/day, Paracetamol 650mg SOS",Low,Passed - Safe pediatric/geriatric dosage tier verified,FHIR_R4_Bundle_A90_Condition_MedicationRequest,All Clinical Records & Diagnostic Evidence,Active On-Chain Consent (Granted by Patient),NO,N/A,N/A,Direct patient consent validated via ConsentManager.sol,AES-256-GCM,vault-transit-key-0xc46b02d4,Qm4cbd566e409b01be9f1d21fd59cef5ca3d15e4a79770,0.0.4891024,4593,2026-09-13 12:07:25 UTC,0x729b1f58c5c97b467bf8849aafa0d61bcf4243090606f3ea488513e2e9adf7a2,0.0001
ENC-00594,Ananya Agarwal,849794,0x73aedd8ed8ca66f1346ed122bd0148135e069288,36,female,O+,Dr. Sarah Jenkins,0x04Fee3FD1B338d12FFD6dBD8d66dE1e8e0BB99cB,NMC-48192,Cardiology,Fortis Memorial Neuro & Trauma Center,0x84f93618C1D541bB1Dcf1373A8eE500A7D439634,Malignant neoplasm of female breast,C50.919,Oncology,Critical,122/76 mmHg,84,98%,105,"Tamoxifen 20mg QD, Trastuzumab 6mg/kg IV Q3W, Paclitaxel",Medium,Advisory: Confirm Patient Creatinine Clearance prior to Metformin XR,FHIR_R4_Bundle_C50.919_Condition_MedicationRequest,All Clinical Records & Diagnostic Evidence,Active On-Chain Consent (Granted by Patient),NO,N/A,N/A,Direct patient consent validated via ConsentManager.sol,AES-256-GCM,vault-transit-key-0x73aedd8e,Qm37a8ff9932c187c75af769311efbcb5a0dd456e1a0a6,0.0.4891024,4594,2026-09-13 12:07:27 UTC,0x8a6e73d8d12b0e81270f20f747e645d2ba42bdc1c8d2c526db24c50a649ac080,0.0001
ENC-00595,Chetan Deshmukh,849795,0xae5d6f5f1bcdd3a7a98315a2eeb23781135b3018,37,male,B+,Dr. Ananya Roy,0x9965507D1a55bcC2695C58ba16FB37d819B0A4dc,NMC-51203,Hematology,Care & Cure Pediatric & Maternity Hospital,0x937F51E09477BfD31E56c5e533038a8eEAc096b7,"Acute myocardial infarction, unspecified",I21.9,Cardiology,Emergency,95/60 mmHg,112,93%,165,"Ticagrelor 90mg BID, Aspirin 325mg, Atorvastatin 80mg, IV Heparin",High,Advisory: Monitor Serum Potassium & Renal Function with ACEi/ARB,FHIR_R4_Bundle_I21.9_Condition_MedicationRequest,All Clinical Records & Diagnostic Evidence,Break-Glass Emergency Invoked (Active Override),YES,"Acute Life-Threatening Presentation: Acute myocardial infarction, unspecified",60 Minutes (Auto-Expiring Ephemeral Key),Emergency access granted; immediate HCS compliance event broadcasted,AES-256-GCM,vault-transit-key-0xae5d6f5f,Qm6bdbb3471546da55a086b55213a3e2edb6cfe31b9df0,0.0.4891024,4595,2026-09-13 12:07:29 UTC,0x8218b2febac9e28f058395012259c812b1bbc2d6d5b9de9b16d0e53ab062a868,0.0001
ENC-00596,Pranav Mehta,849796,0x0bef7ae36cafa3f8472d93af1c9df7cd00619514,38,female,A-,Dr. Preeti Deshmukh,0x23618e81E3f5cdF7f54C3d65f7FBc0aBf5B21E8f,NMC-82194,Obstetrics & Pediatrics,Apollo Multispecialty Hospital,0x155Af6ECaFb48861dA7d16Fb8Af2f6ce9d6DD779,Unspecified intracranial injury / Concussion,S06.9X0A,Trauma & Emergency,Emergency,150/95 mmHg,64,97%,130,"Mannitol 20% 100mL IV, Phenytoin 100mg IV, Analgesics",Medium,Advisory: Monitor Serum Potassium & Renal Function with ACEi/ARB,FHIR_R4_Bundle_S06.9X0A_Condition_MedicationRequest,All Clinical Records & Diagnostic Evidence,Break-Glass Emergency Invoked (Active Override),YES,Acute Life-Threatening Presentation: Unspecified intracranial injury / Concussion,60 Minutes (Auto-Expiring Ephemeral Key),Emergency access granted; immediate HCS compliance event broadcasted,AES-256-GCM,vault-transit-key-0x0bef7ae3,Qm90e4cacb32d41f0c6b06efb576e81e04ad8ef30edef4,0.0.4891024,4596,2026-09-13 12:07:32 UTC,0x8e5c35cfd65be3864688e10d49125be86ef2e1faf5db953be3d836c5b84214ad,0.0001
ENC-00597,Ananya Pandey,849797,0x01ef44d36956884a2603c3290edcd5e51737f2cf,39,male,O+,Dr. Preeti Deshmukh,0x23618e81E3f5cdF7f54C3d65f7FBc0aBf5B21E8f,NMC-82194,Obstetrics & Pediatrics,Care & Cure Pediatric & Maternity Hospital,0x937F51E09477BfD31E56c5e533038a8eEAc096b7,Essential (primary) hypertension,I10,Cardiology,Moderate,148/92 mmHg,78,98%,110,"Amlodipine 5mg QD, Telmisartan 40mg QD",High,Advisory: Monitor Serum Potassium & Renal Function with ACEi/ARB,FHIR_R4_Bundle_I10_Condition_MedicationRequest,All Clinical Records & Diagnostic Evidence,Active On-Chain Consent (Granted by Patient),NO,N/A,N/A,Direct patient consent validated via ConsentManager.sol,AES-256-GCM,vault-transit-key-0x01ef44d3,Qmcc975f6b4c4852e63b49d8529f0409588693e28ecb94,0.0.4891024,4597,2026-09-13 12:07:34 UTC,0xeef90ecea510698b3d988893ea41f9fd5137119954e0cedada41b0bae8147b58,0.0001
ENC-00598,Nandini Pandey,849798,0x2058e2de64e4b9ec30b81797596ae6faa024638c,40,female,AB-,Dr. Rohan Patel,0x976EA74026E726554dB657fA54763abd0C3a0aa9,NMC-11029,Neurology,Fortis Memorial Neuro & Trauma Center,0x84f93618C1D541bB1Dcf1373A8eE500A7D439634,Essential (primary) hypertension,I10,Cardiology,Moderate,148/92 mmHg,78,98%,110,"Amlodipine 5mg QD, Telmisartan 40mg QD",Low,Advisory: Monitor Serum Potassium & Renal Function with ACEi/ARB,FHIR_R4_Bundle_I10_Condition_MedicationRequest,All Clinical Records & Diagnostic Evidence,Pending Patient Authorization,NO,N/A,N/A,Access request pending approval from patient wallet,AES-256-GCM,vault-transit-key-0x2058e2de,Qm4b59031473e9940a05b09b7a5949d93d586578bfa184,0.0.4891024,4598,2026-09-13 12:07:36 UTC,0xb4efeb499bd878914d8f25a75cef3e7b0a28f6173ea9dfb137d4c7445c1f4d98,0.0001
ENC-00599,Arjun Deshmukh,849799,0xecc7d1806a90c11b68dc50206bcf701189d8d04c,41,male,O+,Dr. Sarah Jenkins,0x04Fee3FD1B338d12FFD6dBD8d66dE1e8e0BB99cB,NMC-48192,Cardiology,Care & Cure Pediatric & Maternity Hospital,0x937F51E09477BfD31E56c5e533038a8eEAc096b7,"Epilepsy, unspecified, without status epilepticus",G40.909,Neurology,High,118/74 mmHg,76,99%,95,"Levetiracetam 500mg BID, Clobazam 10mg QHS",High,Passed - Zero Drug-Drug Interaction Warning (Confidence 99.4%),FHIR_R4_Bundle_G40.909_Condition_MedicationRequest,All Clinical Records & Diagnostic Evidence,Pending Patient Authorization,NO,N/A,N/A,Access request pending approval from patient wallet,AES-256-GCM,vault-transit-key-0xecc7d180,Qma6353e62eb119fd45d4edb19cb166bfe4e3297eac0d7,0.0.4891024,4599,2026-09-13 12:07:38 UTC,0xb0f95d7f3e8bf82adbddadc2d7383ab67844c9e86405a4dc7445a4264e4f4f9e,0.0001
ENC-00600,Aarav Deshmukh,849200,0x78fa239930d027c3845a0d067c347b9f13ef15de,42,female,O-,Dr. Sunita Narang,0xBcd4042DE499D14e55001CcbB24a551F3b954096,NMC-90812,Endocrinology & Internal Medicine,Max Super Speciality Cancer Institute,0x28B7eA94B34C8F52D19E50Eb14769Da20F5D54b4,Dengue fever [classical dengue],A90,Infectious Disease,High,100/68 mmHg,96,98%,102,"Oral Rehydration Salts 1L/day, Paracetamol 650mg SOS",Low,Advisory: Monitor Serum Potassium & Renal Function with ACEi/ARB,FHIR_R4_Bundle_A90_Condition_MedicationRequest,All Clinical Records & Diagnostic Evidence,Active On-Chain Consent (Granted by Patient),NO,N/A,N/A,Direct patient consent validated via ConsentManager.sol,AES-256-GCM,vault-transit-key-0x78fa2399,Qm8f96c3e8a135af1d688f21ba42fba565286b391d82f1,0.0.4891024,4600,2026-09-13 12:07:40 UTC,0x1c7eaa0856f80db4558b7653d6c7ebc7ae68f5c24376ca4f224f627af7bbf6d8,0.0001
ENC-00601,Siddharth Pillai,849201,0x9f730b48027282ead6ae72681214456e9b41ebd0,43,male,AB+,Dr. Rohan Patel,0x976EA74026E726554dB657fA54763abd0C3a0aa9,NMC-11029,Neurology,Apollo Multispecialty Hospital,0x155Af6ECaFb48861dA7d16Fb8Af2f6ce9d6DD779,Gastro-esophageal reflux disease,K21.9,Gastroenterology,Low,120/80 mmHg,70,99%,98,"Pantoprazole 40mg QD pre-breakfast, Domperidone 30mg QD",Low,Advisory: Monitor Serum Potassium & Renal Function with ACEi/ARB,FHIR_R4_Bundle_K21.9_Condition_MedicationRequest,All Clinical Records & Diagnostic Evidence,Active On-Chain Consent (Granted by Patient),NO,N/A,N/A,Direct patient consent validated via ConsentManager.sol,AES-256-GCM,vault-transit-key-0x9f730b48,Qm20bde443ed3d0d992244717adf8bee5262474d22bc85,0.0.4891024,4601,2026-09-13 12:07:42 UTC,0xa36402215f2f5ca41cb8072517ca57641ab7e0eaec7f89c070950ab8bf522cc0,0.0001
ENC-00602,Manish Pillai,849202,0x88520753abb4a3974a16cc000b297f97167b1067,44,female,B-,Dr. Rohan Patel,0x976EA74026E726554dB657fA54763abd0C3a0aa9,NMC-11029,Neurology,Fortis Memorial Neuro & Trauma Center,0x84f93618C1D541bB1Dcf1373A8eE500A7D439634,Type 2 diabetes mellitus without complications,E11.9,Endocrinology,Moderate,130/82 mmHg,72,99%,142,"Metformin 500mg BID, Dapagliflozin 10mg QD",Medium,Advisory: Confirm Patient Creatinine Clearance prior to Metformin XR,FHIR_R4_Bundle_E11.9_Condition_MedicationRequest,All Clinical Records & Diagnostic Evidence,Active On-Chain Consent (Granted by Patient),NO,N/A,N/A,Direct patient consent validated via ConsentManager.sol,AES-256-GCM,vault-transit-key-0x88520753,Qm643396afb708d5bba43a048a41bdef2d62f8539d25bf,0.0.4891024,4602,2026-09-13 12:07:44 UTC,0x9af1d366747f8a4185d84cb2655ae8354ee9b5aafb1258d326305ebbf34a1ac0,0.0001
ENC-00603,Meera Sharma,849203,0xe07f872af3475d28233e5b0e1cca9832e2ccfb7f,45,male,AB+,Dr. Ananya Roy,0x9965507D1a55bcC2695C58ba16FB37d819B0A4dc,NMC-51203,Hematology,Max Super Speciality Cancer Institute,0x28B7eA94B34C8F52D19E50Eb14769Da20F5D54b4,Unspecified intracranial injury / Concussion,S06.9X0A,Trauma & Emergency,Emergency,150/95 mmHg,64,97%,130,"Mannitol 20% 100mL IV, Phenytoin 100mg IV, Analgesics",Low,Passed - Safe pediatric/geriatric dosage tier verified,FHIR_R4_Bundle_S06.9X0A_Condition_MedicationRequest,All Clinical Records & Diagnostic Evidence,Pending Patient Authorization,NO,N/A,N/A,Access request pending approval from patient wallet,AES-256-GCM,vault-transit-key-0xe07f872a,Qm93f11b0a279c1e9e55a08c467bfc0e70fb3533c859d3,0.0.4891024,4603,2026-09-13 12:07:46 UTC,0x5dad3a00395b0b3cdc9d171846cf15f5bbbcfcb0227fc2c24957fc08aa061101,0.0001
ENC-00604,Rohan Gowda,849204,0x867b16892d11d82d49dfb1adc0706f4e5167e6c2,46,female,O-,Dr. Sarah Jenkins,0x04Fee3FD1B338d12FFD6dBD8d66dE1e8e0BB99cB,NMC-48192,Cardiology,Care & Cure Pediatric & Maternity Hospital,0x937F51E09477BfD31E56c5e533038a8eEAc096b7,Essential (primary) hypertension,I10,Cardiology,Moderate,148/92 mmHg,78,98%,110,"Amlodipine 5mg QD, Telmisartan 40mg QD",Medium,Advisory: Confirm Patient Creatinine Clearance prior to Metformin XR,FHIR_R4_Bundle_I10_Condition_MedicationRequest,All Clinical Records & Diagnostic Evidence,Pending Patient Authorization,NO,N/A,N/A,Access request pending approval from patient wallet,AES-256-GCM,vault-transit-key-0x867b1689,Qm456d94f222ea0b383c2896a72aaf8a509c58e9287411,0.0.4891024,4604,2026-09-13 12:07:49 UTC,0x44b0aca6def6678e5369d9a3a6677f45586c538c59fe75f6d4c69154450db555,0.0001
ENC-00605,Meera Bhatia,849205,0xebf66c09cea6d6e59096c8128d2b57df71fb508d,47,male,A-,Dr. Sunita Narang,0xBcd4042DE499D14e55001CcbB24a551F3b954096,NMC-90812,Endocrinology & Internal Medicine,Fortis Memorial Neuro & Trauma Center,0x84f93618C1D541bB1Dcf1373A8eE500A7D439634,Essential (primary) hypertension,I10,Cardiology,Moderate,148/92 mmHg,78,98%,110,"Amlodipine 5mg QD, Telmisartan 40mg QD",High,Advisory: Monitor Serum Potassium & Renal Function with ACEi/ARB,FHIR_R4_Bundle_I10_Condition_MedicationRequest,All Clinical Records & Diagnostic Evidence,Active On-Chain Consent (Granted by Patient),NO,N/A,N/A,Direct patient consent validated via ConsentManager.sol,AES-256-GCM,vault-transit-key-0xebf66c09,Qm43f50af22e8378fbf0ede87068b9e336b1b3fd7b97b2,0.0.4891024,4605,2026-09-13 12:07:51 UTC,0xd75e39fc85b2072936a201d6f7ae8f83e15a1ec21da2425c4fd80c9d03189b8b,0.0001
ENC-00606,Shreya Mehta,849206,0x0724e218f66b13f5d9bac33de55ad9475a496c5d,48,female,B+,Dr. Vikram Seth,0x15d34AAf54267DB7D7c367839AAf71A00a2C6A65,NMC-99014,Oncology,Max Super Speciality Cancer Institute,0x28B7eA94B34C8F52D19E50Eb14769Da20F5D54b4,Essential (primary) hypertension,I10,Cardiology,Moderate,148/92 mmHg,78,98%,110,"Amlodipine 5mg QD, Telmisartan 40mg QD",Medium,Passed - Safe pediatric/geriatric dosage tier verified,FHIR_R4_Bundle_I10_Condition_MedicationRequest,All Clinical Records & Diagnostic Evidence,Active On-Chain Consent (Granted by Patient),NO,N/A,N/A,Direct patient consent validated via ConsentManager.sol,AES-256-GCM,vault-transit-key-0x0724e218,Qmad46c92438754a181fa0ff2bf4425af9dbd59f35101f,0.0.4891024,4606,2026-09-13 12:07:53 UTC,0xbcbcb7dcf508b74c7d3697291e2505dc6df922b8494e75bce09f7695328b4cf5,0.0001
ENC-00607,Tanvi Hegde,849207,0x2bb7455ef2c3c122a78e534666c42ea7824ca2c8,49,male,O-,Dr. Sunita Narang,0xBcd4042DE499D14e55001CcbB24a551F3b954096,NMC-90812,Endocrinology & Internal Medicine,Fortis Memorial Neuro & Trauma Center,0x84f93618C1D541bB1Dcf1373A8eE500A7D439634,Essential (primary) hypertension,I10,Cardiology,Moderate,148/92 mmHg,78,98%,110,"Amlodipine 5mg QD, Telmisartan 40mg QD",Low,Passed - Zero Drug-Drug Interaction Warning (Confidence 99.4%),FHIR_R4_Bundle_I10_Condition_MedicationRequest,All Clinical Records & Diagnostic Evidence,Pending Patient Authorization,NO,N/A,N/A,Access request pending approval from patient wallet,AES-256-GCM,vault-transit-key-0x2bb7455e,Qm1bd811992ad2587b5d7f0e52a4b9a8410cc8c2989a39,0.0.4891024,4607,2026-09-13 12:07:55 UTC,0xa96bf8e26845c080bc250cd9d9e29fff446bc848e585bcc3309a02952e625e9e,0.0001
ENC-00608,Harish Pillai,849208,0x8a91a1a7256820c2716e61ee24a94268be63de1b,50,female,B+,Dr. Sunita Narang,0xBcd4042DE499D14e55001CcbB24a551F3b954096,NMC-90812,Endocrinology & Internal Medicine,Fortis Memorial Neuro & Trauma Center,0x84f93618C1D541bB1Dcf1373A8eE500A7D439634,Unspecified intracranial injury / Concussion,S06.9X0A,Trauma & Emergency,Emergency,150/95 mmHg,64,97%,130,"Mannitol 20% 100mL IV, Phenytoin 100mg IV, Analgesics",High,Passed - Zero Drug-Drug Interaction Warning (Confidence 99.4%),FHIR_R4_Bundle_S06.9X0A_Condition_MedicationRequest,All Clinical Records & Diagnostic Evidence,Active On-Chain Consent (Granted by Patient),NO,N/A,N/A,Direct patient consent validated via ConsentManager.sol,AES-256-GCM,vault-transit-key-0x8a91a1a7,Qm4981d12f1eb07afcca29b47e064540ae0ca22560abf3,0.0.4891024,4608,2026-09-13 12:07:57 UTC,0x55b471f188ef88a1e92fc414a0fe03e87c35f0a6d06d6cbed7032544805cd812,0.0001
ENC-00609,Sameer Verma,849209,0xf5e1b0901f172b0228131030f14bb6695072a284,51,male,O-,Dr. Preeti Deshmukh,0x23618e81E3f5cdF7f54C3d65f7FBc0aBf5B21E8f,NMC-82194,Obstetrics & Pediatrics,Apollo Multispecialty Hospital,0x155Af6ECaFb48861dA7d16Fb8Af2f6ce9d6DD779,"Epilepsy, unspecified, without status epilepticus",G40.909,Neurology,High,118/74 mmHg,76,99%,95,"Levetiracetam 500mg BID, Clobazam 10mg QHS",Medium,Advisory: Monitor Serum Potassium & Renal Function with ACEi/ARB,FHIR_R4_Bundle_G40.909_Condition_MedicationRequest,All Clinical Records & Diagnostic Evidence,Active On-Chain Consent (Granted by Patient),NO,N/A,N/A,Direct patient consent validated via ConsentManager.sol,AES-256-GCM,vault-transit-key-0xf5e1b090,Qmf7bd152f1aa536766af3c524fca6760f8a2a541cc7c7,0.0.4891024,4609,2026-09-13 12:07:59 UTC,0x90b2e0073652e04f6fe2ca3c6a39ceaf998da2140171c148d3bc34a0fc5a27de,0.0001
ENC-00610,Nikhil Ghosh,849210,0xfcac9bef9100ca87e06c8dca68f0e3121cb1117b,52,female,O-,Dr. Rohan Patel,0x976EA74026E726554dB657fA54763abd0C3a0aa9,NMC-11029,Neurology,Fortis Memorial Neuro & Trauma Center,0x84f93618C1D541bB1Dcf1373A8eE500A7D439634,"Acute myocardial infarction, unspecified",I21.9,Cardiology,Emergency,95/60 mmHg,112,93%,165,"Ticagrelor 90mg BID, Aspirin 325mg, Atorvastatin 80mg, IV Heparin",Low,Advisory: Monitor Serum Potassium & Renal Function with ACEi/ARB,FHIR_R4_Bundle_I21.9_Condition_MedicationRequest,All Clinical Records & Diagnostic Evidence,Break-Glass Emergency Invoked (Active Override),YES,"Acute Life-Threatening Presentation: Acute myocardial infarction, unspecified",60 Minutes (Auto-Expiring Ephemeral Key),Emergency access granted; immediate HCS compliance event broadcasted,AES-256-GCM,vault-transit-key-0xfcac9bef,Qmb94a4af0e02d996e4c3ebfcca6d99ebf32f9095a7d42,0.0.4891024,4610,2026-09-13 12:08:01 UTC,0x59cb7b3bc24532e0102266c5100b66cbf1a6faaa6965e7d7804a961f9f349cce,0.0001
ENC-00611,Divya Reddy,849211,0xd6187ba1307155ba278aed137ca118ddfaf2fc38,53,male,AB-,Dr. Rohan Patel,0x976EA74026E726554dB657fA54763abd0C3a0aa9,NMC-11029,Neurology,Care & Cure Pediatric & Maternity Hospital,0x937F51E09477BfD31E56c5e533038a8eEAc096b7,"Acute myocardial infarction, unspecified",I21.9,Cardiology,Emergency,95/60 mmHg,112,93%,165,"Ticagrelor 90mg BID, Aspirin 325mg, Atorvastatin 80mg, IV Heparin",High,Advisory: Monitor Serum Potassium & Renal Function with ACEi/ARB,FHIR_R4_Bundle_I21.9_Condition_MedicationRequest,All Clinical Records & Diagnostic Evidence,Break-Glass Emergency Invoked (Active Override),YES,"Acute Life-Threatening Presentation: Acute myocardial infarction, unspecified",60 Minutes (Auto-Expiring Ephemeral Key),Emergency access granted; immediate HCS compliance event broadcasted,AES-256-GCM,vault-transit-key-0xd6187ba1,Qm73325d69fe3d59f9fdc00200a4258ed7157ccaf2f5bb,0.0.4891024,4611,2026-09-13 12:08:03 UTC,0x818e2c270720671335988e8b6656bea8eb9b4f74a0ef855829b4c2ad35cff7a4,0.0001
ENC-00612,Divya Kulkarni,849212,0xb6de4557ceab8b9dfba6049f1521519ac3c2759a,54,female,AB+,Dr. Ananya Roy,0x9965507D1a55bcC2695C58ba16FB37d819B0A4dc,NMC-51203,Hematology,Max Super Speciality Cancer Institute,0x28B7eA94B34C8F52D19E50Eb14769Da20F5D54b4,Type 2 diabetes mellitus without complications,E11.9,Endocrinology,Moderate,130/82 mmHg,72,99%,142,"Metformin 500mg BID, Dapagliflozin 10mg QD",Low,Advisory: Confirm Patient Creatinine Clearance prior to Metformin XR,FHIR_R4_Bundle_E11.9_Condition_MedicationRequest,All Clinical Records & Diagnostic Evidence,Active On-Chain Consent (Granted by Patient),NO,N/A,N/A,Direct patient consent validated via ConsentManager.sol,AES-256-GCM,vault-transit-key-0xb6de4557,Qma948c8ea2a52b4a40413a4000598832f6f5bee1c326c,0.0.4891024,4612,2026-09-13 12:08:05 UTC,0xb748697051d72be78fe45468d1b166628e3fad036d5c26e72da28e6b22dacd8a,0.0001
ENC-00613,Tanvi Mukherjee,849213,0x81426ce535c7bc358d84254c268d6c0756ec62bc,55,male,O+,Dr. Preeti Deshmukh,0x23618e81E3f5cdF7f54C3d65f7FBc0aBf5B21E8f,NMC-82194,Obstetrics & Pediatrics,Apollo Multispecialty Hospital,0x155Af6ECaFb48861dA7d16Fb8Af2f6ce9d6DD779,"Acute myocardial infarction, unspecified",I21.9,Cardiology,Emergency,95/60 mmHg,112,93%,165,"Ticagrelor 90mg BID, Aspirin 325mg, Atorvastatin 80mg, IV Heparin",Medium,Passed - Safe pediatric/geriatric dosage tier verified,FHIR_R4_Bundle_I21.9_Condition_MedicationRequest,All Clinical Records & Diagnostic Evidence,Active On-Chain Consent (Granted by Patient),NO,N/A,N/A,Direct patient consent validated via ConsentManager.sol,AES-256-GCM,vault-transit-key-0x81426ce5,Qm6267988302d80979d4c7880084e90acf611be880d3bd,0.0.4891024,4613,2026-09-13 12:08:08 UTC,0xd5f070d9426a500a1730c957ee54804e396cca472fb4569266f10c70db5b5f32,0.0001
ENC-00614,Siddharth Reddy,849214,0x30aac1c67c04c524d1c3a83a0db23af085be8ea2,56,female,AB-,Dr. Rohan Patel,0x976EA74026E726554dB657fA54763abd0C3a0aa9,NMC-11029,Neurology,Care & Cure Pediatric & Maternity Hospital,0x937F51E09477BfD31E56c5e533038a8eEAc096b7,Essential (primary) hypertension,I10,Cardiology,Moderate,148/92 mmHg,78,98%,110,"Amlodipine 5mg QD, Telmisartan 40mg QD",Low,Advisory: Monitor Serum Potassium & Renal Function with ACEi/ARB,FHIR_R4_Bundle_I10_Condition_MedicationRequest,All Clinical Records & Diagnostic Evidence,Active On-Chain Consent (Granted by Patient),NO,N/A,N/A,Direct patient consent validated via ConsentManager.sol,AES-256-GCM,vault-transit-key-0x30aac1c6,Qm77998b6f76277a436e6329709500edb2924a3b125b67,0.0.4891024,4614,2026-09-13 12:08:09 UTC,0x5bc6a8e15117ef56a69016eb0216327c1ec6ac7909f062bd4fa57c97fb5c4aef,0.0001
ENC-00615,Aditi Saxena,849215,0x54610f2d5c5d5b64e429b691ecbdc3437c6ff3d6,57,male,A+,Dr. Vikram Seth,0x15d34AAf54267DB7D7c367839AAf71A00a2C6A65,NMC-99014,Oncology,Care & Cure Pediatric & Maternity Hospital,0x937F51E09477BfD31E56c5e533038a8eEAc096b7,"Acute myocardial infarction, unspecified",I21.9,Cardiology,Emergency,95/60 mmHg,112,93%,165,"Ticagrelor 90mg BID, Aspirin 325mg, Atorvastatin 80mg, IV Heparin",High,Passed - Zero Drug-Drug Interaction Warning (Confidence 99.4%),FHIR_R4_Bundle_I21.9_Condition_MedicationRequest,All Clinical Records & Diagnostic Evidence,Break-Glass Emergency Invoked (Active Override),YES,"Acute Life-Threatening Presentation: Acute myocardial infarction, unspecified",60 Minutes (Auto-Expiring Ephemeral Key),Emergency access granted; immediate HCS compliance event broadcasted,AES-256-GCM,vault-transit-key-0x54610f2d,Qm722843199cac27a6a244c2d48f4a6b15dfd0c81ddb5a,0.0.4891024,4615,2026-09-13 12:08:11 UTC,0xfcd679a96214663478673ad4047b4e0ab8fa38b4bebfa9b6a53f7d2d1813cd4b,0.0001
ENC-00616,Siddharth Mehta,849216,0xa250883f0dc8e83e1a5b09325f5dfa959679c64d,58,female,AB-,Dr. Preeti Deshmukh,0x23618e81E3f5cdF7f54C3d65f7FBc0aBf5B21E8f,NMC-82194,Obstetrics & Pediatrics,Care & Cure Pediatric & Maternity Hospital,0x937F51E09477BfD31E56c5e533038a8eEAc096b7,"Epilepsy, unspecified, without status epilepticus",G40.909,Neurology,High,118/74 mmHg,76,99%,95,"Levetiracetam 500mg BID, Clobazam 10mg QHS",Medium,Passed - Zero Drug-Drug Interaction Warning (Confidence 99.4%),FHIR_R4_Bundle_G40.909_Condition_MedicationRequest,All Clinical Records & Diagnostic Evidence,Active On-Chain Consent (Granted by Patient),NO,N/A,N/A,Direct patient consent validated via ConsentManager.sol,AES-256-GCM,vault-transit-key-0xa250883f,Qm97fa86827a53a0ee80f06b76d0e3ed30e001ec42439d,0.0.4891024,4616,2026-09-13 12:08:14 UTC,0x2633c3e50e4ba124e90182586efc27455d54e09e0c0f32e02fbaf76c09e7eac8,0.0001
ENC-00617,Aarav Swaminathan,849217,0x6397c70d4fc106cd3255d7bd9b89ec5ac2433c88,59,male,AB+,Dr. Ananya Roy,0x9965507D1a55bcC2695C58ba16FB37d819B0A4dc,NMC-51203,Hematology,Fortis Memorial Neuro & Trauma Center,0x84f93618C1D541bB1Dcf1373A8eE500A7D439634,Unspecified intracranial injury / Concussion,S06.9X0A,Trauma & Emergency,Emergency,150/95 mmHg,64,97%,130,"Mannitol 20% 100mL IV, Phenytoin 100mg IV, Analgesics",Medium,Passed - Zero Drug-Drug Interaction Warning (Confidence 99.4%),FHIR_R4_Bundle_S06.9X0A_Condition_MedicationRequest,All Clinical Records & Diagnostic Evidence,Break-Glass Emergency Invoked (Active Override),YES,Acute Life-Threatening Presentation: Unspecified intracranial injury / Concussion,60 Minutes (Auto-Expiring Ephemeral Key),Emergency access granted; immediate HCS compliance event broadcasted,AES-256-GCM,vault-transit-key-0x6397c70d,Qm7de224e21a8592573cd0f1e8f9c98eb4306797508106,0.0.4891024,4617,2026-09-13 12:08:15 UTC,0x308718de26c926bdbbb305c06e9e7c79119d4398a0f792589211a77b67483d40,0.0001
ENC-00618,Madhav Patel,849218,0x4e58e82a424083aacd60d751ce276269299621b8,60,female,A+,Dr. Sunita Narang,0xBcd4042DE499D14e55001CcbB24a551F3b954096,NMC-90812,Endocrinology & Internal Medicine,Apex Diagnostic & Pathology Hub,0x04Fee3FD1B338d12FFD6dBD8d66dE1e8e0BB99cB,"Epilepsy, unspecified, without status epilepticus",G40.909,Neurology,High,118/74 mmHg,76,99%,95,"Levetiracetam 500mg BID, Clobazam 10mg QHS",Low,Advisory: Confirm Patient Creatinine Clearance prior to Metformin XR,FHIR_R4_Bundle_G40.909_Condition_MedicationRequest,All Clinical Records & Diagnostic Evidence,Active On-Chain Consent (Granted by Patient),NO,N/A,N/A,Direct patient consent validated via ConsentManager.sol,AES-256-GCM,vault-transit-key-0x4e58e82a,Qm366067de23fcea10a91a24bffd8ab2449fb68086df7c,0.0.4891024,4618,2026-09-13 12:08:18 UTC,0xf23fa50d9a0f6e158760ad508f645ee9407274b15ba5f4c86421980b39eba0f8,0.0001
ENC-00619,Sneha Mishra,849219,0x026912f1ea1bc964624dbec7f6babe21daf7385b,61,male,AB-,Dr. Vikram Seth,0x15d34AAf54267DB7D7c367839AAf71A00a2C6A65,NMC-99014,Oncology,Apollo Multispecialty Hospital,0x155Af6ECaFb48861dA7d16Fb8Af2f6ce9d6DD779,Type 2 diabetes mellitus without complications,E11.9,Endocrinology,Moderate,130/82 mmHg,72,99%,142,"Metformin 500mg BID, Dapagliflozin 10mg QD",Low,Passed - Safe pediatric/geriatric dosage tier verified,FHIR_R4_Bundle_E11.9_Condition_MedicationRequest,All Clinical Records & Diagnostic Evidence,Pending Patient Authorization,NO,N/A,N/A,Access request pending approval from patient wallet,AES-256-GCM,vault-transit-key-0x026912f1,Qmb4affb8f917ba0ff0cd94c1a0ad6a6c8597b4ae87a94,0.0.4891024,4619,2026-09-13 12:08:20 UTC,0x968100c271c0dbf05cb2a223c8fbb01743cd098b87c6ac34883cd11b87fd781e,0.0001
ENC-00620,Meera Iyer,849220,0xdeba52ed857d567b40c1b2e0950c48d7e8c1c234,62,female,B+,Dr. Sarah Jenkins,0x04Fee3FD1B338d12FFD6dBD8d66dE1e8e0BB99cB,NMC-48192,Cardiology,Max Super Speciality Cancer Institute,0x28B7eA94B34C8F52D19E50Eb14769Da20F5D54b4,Dengue fever [classical dengue],A90,Infectious Disease,High,100/68 mmHg,96,98%,102,"Oral Rehydration Salts 1L/day, Paracetamol 650mg SOS",Low,Advisory: Confirm Patient Creatinine Clearance prior to Metformin XR,FHIR_R4_Bundle_A90_Condition_MedicationRequest,All Clinical Records & Diagnostic Evidence,Active On-Chain Consent (Granted by Patient),NO,N/A,N/A,Direct patient consent validated via ConsentManager.sol,AES-256-GCM,vault-transit-key-0xdeba52ed,Qm79400db6ddd65161bdde72c72be5ec61d594877470ab,0.0.4891024,4620,2026-09-13 12:08:22 UTC,0xf469d1903178a12343801637bab7d9f1be813cfebfed77148016ea2ef150a713,0.0001
ENC-00621,Divya Deshmukh,849221,0x5fee3375bf9712685034db31bebb770459e35351,63,male,O+,Dr. Preeti Deshmukh,0x23618e81E3f5cdF7f54C3d65f7FBc0aBf5B21E8f,NMC-82194,Obstetrics & Pediatrics,Fortis Memorial Neuro & Trauma Center,0x84f93618C1D541bB1Dcf1373A8eE500A7D439634,Type 2 diabetes mellitus without complications,E11.9,Endocrinology,Moderate,130/82 mmHg,72,99%,142,"Metformin 500mg BID, Dapagliflozin 10mg QD",Low,Passed - Safe pediatric/geriatric dosage tier verified,FHIR_R4_Bundle_E11.9_Condition_MedicationRequest,All Clinical Records & Diagnostic Evidence,Active On-Chain Consent (Granted by Patient),NO,N/A,N/A,Direct patient consent validated via ConsentManager.sol,AES-256-GCM,vault-transit-key-0x5fee3375,Qmf67abde9a36d53be6eae7dd50c57297fad3509be245e,0.0.4891024,4621,2026-09-13 12:08:24 UTC,0x2cce15302e3ff7ceefa4d16509d620a58bfdccfbee50338e11ec417fdeda6d28,0.0001
ENC-00622,Shreya Kulkarni,849222,0x43e454ce22e4575b8bf84bac091e2a90a2e1f476,64,female,O+,Dr. Sunita Narang,0xBcd4042DE499D14e55001CcbB24a551F3b954096,NMC-90812,Endocrinology & Internal Medicine,Fortis Memorial Neuro & Trauma Center,0x84f93618C1D541bB1Dcf1373A8eE500A7D439634,Malignant neoplasm of female breast,C50.919,Oncology,Critical,122/76 mmHg,84,98%,105,"Tamoxifen 20mg QD, Trastuzumab 6mg/kg IV Q3W, Paclitaxel",Medium,Passed - Safe pediatric/geriatric dosage tier verified,FHIR_R4_Bundle_C50.919_Condition_MedicationRequest,All Clinical Records & Diagnostic Evidence,Active On-Chain Consent (Granted by Patient),NO,N/A,N/A,Direct patient consent validated via ConsentManager.sol,AES-256-GCM,vault-transit-key-0x43e454ce,Qm6c330c7f91b3fa7303599b75622557435822aea8863b,0.0.4891024,4622,2026-09-13 12:08:26 UTC,0xac35915f8c7b42f56990e2bd6407a06c9926fc9790b3a5c9f03b6575f1f2d984,0.0001
ENC-00623,Ananya Mishra,849223,0xf261965b9592a3ca2214dd1391e31dd78038dd7b,65,male,A+,Dr. Sarah Jenkins,0x04Fee3FD1B338d12FFD6dBD8d66dE1e8e0BB99cB,NMC-48192,Cardiology,Max Super Speciality Cancer Institute,0x28B7eA94B34C8F52D19E50Eb14769Da20F5D54b4,Gastro-esophageal reflux disease,K21.9,Gastroenterology,Low,120/80 mmHg,70,99%,98,"Pantoprazole 40mg QD pre-breakfast, Domperidone 30mg QD",Low,Passed - Zero Drug-Drug Interaction Warning (Confidence 99.4%),FHIR_R4_Bundle_K21.9_Condition_MedicationRequest,All Clinical Records & Diagnostic Evidence,Pending Patient Authorization,NO,N/A,N/A,Access request pending approval from patient wallet,AES-256-GCM,vault-transit-key-0xf261965b,Qmce1203c82d5306ad8d509efadf8ce8f14caf985b53ce,0.0.4891024,4623,2026-09-13 12:08:28 UTC,0x0276a240fd811f73aac03756b598c0cefde785bef6ba155184248ca9bfdb55aa,0.0001
ENC-00624,Arjun Mishra,849224,0x6f710e3512d918c90d7a34677902459b3b43f2e2,66,female,AB+,Dr. Vikram Seth,0x15d34AAf54267DB7D7c367839AAf71A00a2C6A65,NMC-99014,Oncology,Care & Cure Pediatric & Maternity Hospital,0x937F51E09477BfD31E56c5e533038a8eEAc096b7,Gastro-esophageal reflux disease,K21.9,Gastroenterology,Low,120/80 mmHg,70,99%,98,"Pantoprazole 40mg QD pre-breakfast, Domperidone 30mg QD",Low,Passed - Zero Drug-Drug Interaction Warning (Confidence 99.4%),FHIR_R4_Bundle_K21.9_Condition_MedicationRequest,All Clinical Records & Diagnostic Evidence,Pending Patient Authorization,NO,N/A,N/A,Access request pending approval from patient wallet,AES-256-GCM,vault-transit-key-0x6f710e35,Qm81f31df0c064d16258ef26f4ea14b764b393db620e5f,0.0.4891024,4624,2026-09-13 12:08:31 UTC,0xc7f23ae2600da190048c9a920e1e403c297ea0ef9f32b65c68f105a6b5eba340,0.0001
ENC-00625,Siddharth Gupta,849225,0x77b102d5276641232c265ed16a48d02cf2a77968,67,male,AB-,Dr. Sarah Jenkins,0x04Fee3FD1B338d12FFD6dBD8d66dE1e8e0BB99cB,NMC-48192,Cardiology,Fortis Memorial Neuro & Trauma Center,0x84f93618C1D541bB1Dcf1373A8eE500A7D439634,Malignant neoplasm of female breast,C50.919,Oncology,Critical,122/76 mmHg,84,98%,105,"Tamoxifen 20mg QD, Trastuzumab 6mg/kg IV Q3W, Paclitaxel",Low,Advisory: Monitor Serum Potassium & Renal Function with ACEi/ARB,FHIR_R4_Bundle_C50.919_Condition_MedicationRequest,All Clinical Records & Diagnostic Evidence,Active On-Chain Consent (Granted by Patient),NO,N/A,N/A,Direct patient consent validated via ConsentManager.sol,AES-256-GCM,vault-transit-key-0x77b102d5,Qm89079ec30b73adecc7d0401b5e128c22baeba8851faf,0.0.4891024,4625,2026-09-13 12:08:33 UTC,0xa4aa89baf05276fec423e6f99f245fac3d0deca11ed8942a62e8484cf9ff7fe1,0.0001
ENC-00626,Rahul Swaminathan,849226,0x9e361feb1c86040b4d7035feea37a663b23e0c7e,68,female,A-,Dr. Vikram Seth,0x15d34AAf54267DB7D7c367839AAf71A00a2C6A65,NMC-99014,Oncology,Apollo Multispecialty Hospital,0x155Af6ECaFb48861dA7d16Fb8Af2f6ce9d6DD779,Gastro-esophageal reflux disease,K21.9,Gastroenterology,Low,120/80 mmHg,70,99%,98,"Pantoprazole 40mg QD pre-breakfast, Domperidone 30mg QD",High,Advisory: Monitor Serum Potassium & Renal Function with ACEi/ARB,FHIR_R4_Bundle_K21.9_Condition_MedicationRequest,All Clinical Records & Diagnostic Evidence,Active On-Chain Consent (Granted by Patient),NO,N/A,N/A,Direct patient consent validated via ConsentManager.sol,AES-256-GCM,vault-transit-key-0x9e361feb,Qma177293b270e4cc4eeaa7335e6ccf8f26204e556bcd5,0.0.4891024,4626,2026-09-13 12:08:35 UTC,0xd5be56b1903551add6188ac599722e235fa587c75b03ed021d857f8eae2b9f33,0.0001
ENC-00627,Gautam Chatterjee,849227,0xc6e8b62b2c9e45caf8192869f11272b06d7022ea,69,male,AB-,Dr. Ananya Roy,0x9965507D1a55bcC2695C58ba16FB37d819B0A4dc,NMC-51203,Hematology,Apex Diagnostic & Pathology Hub,0x04Fee3FD1B338d12FFD6dBD8d66dE1e8e0BB99cB,Type 2 diabetes mellitus without complications,E11.9,Endocrinology,Moderate,130/82 mmHg,72,99%,142,"Metformin 500mg BID, Dapagliflozin 10mg QD",High,Advisory: Confirm Patient Creatinine Clearance prior to Metformin XR,FHIR_R4_Bundle_E11.9_Condition_MedicationRequest,All Clinical Records & Diagnostic Evidence,Active On-Chain Consent (Granted by Patient),NO,N/A,N/A,Direct patient consent validated via ConsentManager.sol,AES-256-GCM,vault-transit-key-0xc6e8b62b,Qm8d4ab5d3480ad1a41aba4a252413fc2a609174534a42,0.0.4891024,4627,2026-09-13 12:08:37 UTC,0xa90d194e69d05cf61220bc9ea0f4e114659f816f0d6168b7d6216005b4385ed9,0.0001
ENC-00628,Ananya Reddy,849228,0x03820a31b2d2417a73e16a4506389d1766eec6a7,70,female,AB+,Dr. Vikram Seth,0x15d34AAf54267DB7D7c367839AAf71A00a2C6A65,NMC-99014,Oncology,Apex Diagnostic & Pathology Hub,0x04Fee3FD1B338d12FFD6dBD8d66dE1e8e0BB99cB,Essential (primary) hypertension,I10,Cardiology,Moderate,148/92 mmHg,78,98%,110,"Amlodipine 5mg QD, Telmisartan 40mg QD",Low,Passed - Safe pediatric/geriatric dosage tier verified,FHIR_R4_Bundle_I10_Condition_MedicationRequest,All Clinical Records & Diagnostic Evidence,Pending Patient Authorization,NO,N/A,N/A,Access request pending approval from patient wallet,AES-256-GCM,vault-transit-key-0x03820a31,Qmf1c67970d31f200fb44e620447fb86343b1cad8c0c5a,0.0.4891024,4628,2026-09-13 12:08:39 UTC,0x20a4ef100a876dc8b73ed90463ebdf021679bf7f9442b3bfc9fc638b36c972b1,0.0001
ENC-00629,Sameer Choudhury,849229,0x78977f9e2de1c68f9dade5f02efa6b8b458a23ed,71,male,AB+,Dr. Ananya Roy,0x9965507D1a55bcC2695C58ba16FB37d819B0A4dc,NMC-51203,Hematology,Apex Diagnostic & Pathology Hub,0x04Fee3FD1B338d12FFD6dBD8d66dE1e8e0BB99cB,Type 2 diabetes mellitus without complications,E11.9,Endocrinology,Moderate,130/82 mmHg,72,99%,142,"Metformin 500mg BID, Dapagliflozin 10mg QD",High,Advisory: Monitor Serum Potassium & Renal Function with ACEi/ARB,FHIR_R4_Bundle_E11.9_Condition_MedicationRequest,All Clinical Records & Diagnostic Evidence,Active On-Chain Consent (Granted by Patient),NO,N/A,N/A,Direct patient consent validated via ConsentManager.sol,AES-256-GCM,vault-transit-key-0x78977f9e,Qm735921898db1db2aac969003b61de396745723df2d03,0.0.4891024,4629,2026-09-13 12:08:41 UTC,0x79aa26c6ff88c1f9b06110eb82124b1b949a537fba88ed160a674177a1bb1335,0.0001
ENC-00630,Shreya Agarwal,849230,0x1171503581289573289a725f08b711b75e8adbfd,72,female,A+,Dr. Sarah Jenkins,0x04Fee3FD1B338d12FFD6dBD8d66dE1e8e0BB99cB,NMC-48192,Cardiology,Apollo Multispecialty Hospital,0x155Af6ECaFb48861dA7d16Fb8Af2f6ce9d6DD779,Unspecified intracranial injury / Concussion,S06.9X0A,Trauma & Emergency,Emergency,150/95 mmHg,64,97%,130,"Mannitol 20% 100mL IV, Phenytoin 100mg IV, Analgesics",Low,Passed - Zero Drug-Drug Interaction Warning (Confidence 99.4%),FHIR_R4_Bundle_S06.9X0A_Condition_MedicationRequest,All Clinical Records & Diagnostic Evidence,Break-Glass Emergency Invoked (Active Override),YES,Acute Life-Threatening Presentation: Unspecified intracranial injury / Concussion,60 Minutes (Auto-Expiring Ephemeral Key),Emergency access granted; immediate HCS compliance event broadcasted,AES-256-GCM,vault-transit-key-0x11715035,Qmc840d7977ac9f3632507923969d57daa6f42f651c4bd,0.0.4891024,4630,2026-09-13 12:08:43 UTC,0x5915f394d60d34c28a0f97f94999d45f8b1457e2fbfb985a0948a5e5ad3e1f51,0.0001
ENC-00631,Bhavna Bhatia,849231,0x2914ff2cb0224a08afcc9d367eb8c98ee0bda754,73,male,A+,Dr. Sunita Narang,0xBcd4042DE499D14e55001CcbB24a551F3b954096,NMC-90812,Endocrinology & Internal Medicine,Fortis Memorial Neuro & Trauma Center,0x84f93618C1D541bB1Dcf1373A8eE500A7D439634,"Epilepsy, unspecified, without status epilepticus",G40.909,Neurology,High,118/74 mmHg,76,99%,95,"Levetiracetam 500mg BID, Clobazam 10mg QHS",Medium,Passed - Zero Drug-Drug Interaction Warning (Confidence 99.4%),FHIR_R4_Bundle_G40.909_Condition_MedicationRequest,All Clinical Records & Diagnostic Evidence,Active On-Chain Consent (Granted by Patient),NO,N/A,N/A,Direct patient consent validated via ConsentManager.sol,AES-256-GCM,vault-transit-key-0x2914ff2c,Qmeb3a4b9e1ffa980d397681aeb2caf7cb29448438212b,0.0.4891024,4631,2026-09-13 12:08:45 UTC,0xe601503aa330a4a2694ca335907c9169be009c153ff3f80b0321450dd9c0bd61,0.0001
ENC-00632,Rahul Saxena,849232,0xd2fd8d2ec6270c8cd6a451ab7f6c1ca544149dcd,74,female,B+,Dr. Ananya Roy,0x9965507D1a55bcC2695C58ba16FB37d819B0A4dc,NMC-51203,Hematology,Apex Diagnostic & Pathology Hub,0x04Fee3FD1B338d12FFD6dBD8d66dE1e8e0BB99cB,Gastro-esophageal reflux disease,K21.9,Gastroenterology,Low,120/80 mmHg,70,99%,98,"Pantoprazole 40mg QD pre-breakfast, Domperidone 30mg QD",High,Passed - Safe pediatric/geriatric dosage tier verified,FHIR_R4_Bundle_K21.9_Condition_MedicationRequest,All Clinical Records & Diagnostic Evidence,Pending Patient Authorization,NO,N/A,N/A,Access request pending approval from patient wallet,AES-256-GCM,vault-transit-key-0xd2fd8d2e,Qm737bb2b43c3ce9a3bc274d7bf5f2cf09d617c45e227d,0.0.4891024,4632,2026-09-13 12:08:48 UTC,0x9b6d7559d29e42a8be61c3eb48c842e35caae9f5353d79bf01a6bd2f28d01459,0.0001
ENC-00633,Riya Ghosh,849233,0x848e8adad0b1b9be2a15389d393120563237b59b,75,male,AB-,Dr. Sarah Jenkins,0x04Fee3FD1B338d12FFD6dBD8d66dE1e8e0BB99cB,NMC-48192,Cardiology,Apex Diagnostic & Pathology Hub,0x04Fee3FD1B338d12FFD6dBD8d66dE1e8e0BB99cB,"Epilepsy, unspecified, without status epilepticus",G40.909,Neurology,High,118/74 mmHg,76,99%,95,"Levetiracetam 500mg BID, Clobazam 10mg QHS",Medium,Advisory: Confirm Patient Creatinine Clearance prior to Metformin XR,FHIR_R4_Bundle_G40.909_Condition_MedicationRequest,All Clinical Records & Diagnostic Evidence,Active On-Chain Consent (Granted by Patient),NO,N/A,N/A,Direct patient consent validated via ConsentManager.sol,AES-256-GCM,vault-transit-key-0x848e8ada,Qm5837441c6d3f863fb8ded58ebccf4b31cdb2b92becd7,0.0.4891024,4633,2026-09-13 12:08:49 UTC,0x0743f6f9a6ab5d2df4efe9841a88fe215b1d01cc3fcf6e31abe358d015c0f4ae,0.0001
ENC-00634,Kiran Rao,849234,0xbdef0daf65c9890c61980feb062b290172f65067,76,female,B+,Dr. Vikram Seth,0x15d34AAf54267DB7D7c367839AAf71A00a2C6A65,NMC-99014,Oncology,Apex Diagnostic & Pathology Hub,0x04Fee3FD1B338d12FFD6dBD8d66dE1e8e0BB99cB,"Acute myocardial infarction, unspecified",I21.9,Cardiology,Emergency,95/60 mmHg,112,93%,165,"Ticagrelor 90mg BID, Aspirin 325mg, Atorvastatin 80mg, IV Heparin",High,Advisory: Confirm Patient Creatinine Clearance prior to Metformin XR,FHIR_R4_Bundle_I21.9_Condition_MedicationRequest,All Clinical Records & Diagnostic Evidence,Break-Glass Emergency Invoked (Active Override),YES,"Acute Life-Threatening Presentation: Acute myocardial infarction, unspecified",60 Minutes (Auto-Expiring Ephemeral Key),Emergency access granted; immediate HCS compliance event broadcasted,AES-256-GCM,vault-transit-key-0xbdef0daf,Qm5e6a998c3777e8bef253870ce7a13f0a01cff0867c5c,0.0.4891024,4634,2026-09-13 12:08:52 UTC,0x4ae2d34f5e47c2713bc83963bca6eb1adeaa7a3782348510f33b12723e5f2e1e,0.0001
ENC-00635,Nikhil Nair,849235,0x5f51e6fde3d58057dba4fe1cbd121291a635f890,77,male,AB+,Dr. Sarah Jenkins,0x04Fee3FD1B338d12FFD6dBD8d66dE1e8e0BB99cB,NMC-48192,Cardiology,Max Super Speciality Cancer Institute,0x28B7eA94B34C8F52D19E50Eb14769Da20F5D54b4,Malignant neoplasm of female breast,C50.919,Oncology,Critical,122/76 mmHg,84,98%,105,"Tamoxifen 20mg QD, Trastuzumab 6mg/kg IV Q3W, Paclitaxel",Medium,Advisory: Monitor Serum Potassium & Renal Function with ACEi/ARB,FHIR_R4_Bundle_C50.919_Condition_MedicationRequest,All Clinical Records & Diagnostic Evidence,Active On-Chain Consent (Granted by Patient),NO,N/A,N/A,Direct patient consent validated via ConsentManager.sol,AES-256-GCM,vault-transit-key-0x5f51e6fd,Qm8c62680f9e059cbb1c5d66a4efddd1df27d3ccb1fadf,0.0.4891024,4635,2026-09-13 12:08:54 UTC,0xeb8f1ce1e2ba0c85df88acd453751c44b45a96dca358a0471b3a076eb20d27f2,0.0001
ENC-00636,Sneha Saxena,849236,0x2fd9590c8ef8c427adca6e940b8825d180b11312,78,female,O+,Dr. Ananya Roy,0x9965507D1a55bcC2695C58ba16FB37d819B0A4dc,NMC-51203,Hematology,Apex Diagnostic & Pathology Hub,0x04Fee3FD1B338d12FFD6dBD8d66dE1e8e0BB99cB,Essential (primary) hypertension,I10,Cardiology,Moderate,148/92 mmHg,78,98%,110,"Amlodipine 5mg QD, Telmisartan 40mg QD",Medium,Passed - Safe pediatric/geriatric dosage tier verified,FHIR_R4_Bundle_I10_Condition_MedicationRequest,All Clinical Records & Diagnostic Evidence,Pending Patient Authorization,NO,N/A,N/A,Access request pending approval from patient wallet,AES-256-GCM,vault-transit-key-0x2fd9590c,Qm77d2359354efde87c168cfeec6283cf3967ebe7e8a65,0.0.4891024,4636,2026-09-13 12:08:55 UTC,0x2684d101a860860d89e654547c01b74de4d3961591cfee8bd5377a26891007db,0.0001
ENC-00637,Ishaan Banerjee,849237,0xbef578133dae537bff134dd7c5070b35a3bdde48,79,male,B-,Dr. Sarah Jenkins,0x04Fee3FD1B338d12FFD6dBD8d66dE1e8e0BB99cB,NMC-48192,Cardiology,Care & Cure Pediatric & Maternity Hospital,0x937F51E09477BfD31E56c5e533038a8eEAc096b7,Type 2 diabetes mellitus without complications,E11.9,Endocrinology,Moderate,130/82 mmHg,72,99%,142,"Metformin 500mg BID, Dapagliflozin 10mg QD",High,Advisory: Confirm Patient Creatinine Clearance prior to Metformin XR,FHIR_R4_Bundle_E11.9_Condition_MedicationRequest,All Clinical Records & Diagnostic Evidence,Active On-Chain Consent (Granted by Patient),NO,N/A,N/A,Direct patient consent validated via ConsentManager.sol,AES-256-GCM,vault-transit-key-0xbef57813,Qm43d013548cebc7bff20c39aa225da4d9c09933095666,0.0.4891024,4637,2026-09-13 12:08:58 UTC,0xd7fe417a9be0a61d3adfc53489fae52824dd96c5ab01f0f6518cd70dbd69a8ec,0.0001
ENC-00638,Pranav Mishra,849238,0x691bdb19cf2a573bebb3586f901c0a911ac30f84,80,female,AB+,Dr. Vikram Seth,0x15d34AAf54267DB7D7c367839AAf71A00a2C6A65,NMC-99014,Oncology,Apex Diagnostic & Pathology Hub,0x04Fee3FD1B338d12FFD6dBD8d66dE1e8e0BB99cB,Unspecified intracranial injury / Concussion,S06.9X0A,Trauma & Emergency,Emergency,150/95 mmHg,64,97%,130,"Mannitol 20% 100mL IV, Phenytoin 100mg IV, Analgesics",High,Advisory: Monitor Serum Potassium & Renal Function with ACEi/ARB,FHIR_R4_Bundle_S06.9X0A_Condition_MedicationRequest,All Clinical Records & Diagnostic Evidence,Break-Glass Emergency Invoked (Active Override),YES,Acute Life-Threatening Presentation: Unspecified intracranial injury / Concussion,60 Minutes (Auto-Expiring Ephemeral Key),Emergency access granted; immediate HCS compliance event broadcasted,AES-256-GCM,vault-transit-key-0x691bdb19,Qmb06dee419a5c3581d01cc1b02924dcc60f09f834ed6a,0.0.4891024,4638,2026-09-13 12:09:00 UTC,0x28834b384c0847f884f80c6e094d667eb9bdc3ac6172e164fe4d0c02753e7073,0.0001
ENC-00639,Aditi Ghosh,849239,0xfb2e7fa2ff5e5ef723544be403d7a04b218feb5d,81,male,O-,Dr. Sunita Narang,0xBcd4042DE499D14e55001CcbB24a551F3b954096,NMC-90812,Endocrinology & Internal Medicine,Apollo Multispecialty Hospital,0x155Af6ECaFb48861dA7d16Fb8Af2f6ce9d6DD779,Unspecified intracranial injury / Concussion,S06.9X0A,Trauma & Emergency,Emergency,150/95 mmHg,64,97%,130,"Mannitol 20% 100mL IV, Phenytoin 100mg IV, Analgesics",High,Passed - Zero Drug-Drug Interaction Warning (Confidence 99.4%),FHIR_R4_Bundle_S06.9X0A_Condition_MedicationRequest,All Clinical Records & Diagnostic Evidence,Pending Patient Authorization,NO,N/A,N/A,Access request pending approval from patient wallet,AES-256-GCM,vault-transit-key-0xfb2e7fa2,Qma37ca3bc48a33cb71b9f147d966cec0999e1b676f3b7,0.0.4891024,4639,2026-09-13 12:09:02 UTC,0xfb9b9b493389c982c13d980a5368b607c226e4ba0eedee74115c4fe2e4a87bb0,0.0001
ENC-00640,Kiran Agarwal,849240,0x980166f832311efa9b654537de79e72dc029c5b2,82,female,B-,Dr. Vikram Seth,0x15d34AAf54267DB7D7c367839AAf71A00a2C6A65,NMC-99014,Oncology,Apollo Multispecialty Hospital,0x155Af6ECaFb48861dA7d16Fb8Af2f6ce9d6DD779,Type 2 diabetes mellitus without complications,E11.9,Endocrinology,Moderate,130/82 mmHg,72,99%,142,"Metformin 500mg BID, Dapagliflozin 10mg QD",High,Advisory: Confirm Patient Creatinine Clearance prior to Metformin XR,FHIR_R4_Bundle_E11.9_Condition_MedicationRequest,All Clinical Records & Diagnostic Evidence,Active On-Chain Consent (Granted by Patient),NO,N/A,N/A,Direct patient consent validated via ConsentManager.sol,AES-256-GCM,vault-transit-key-0x980166f8,Qm17fa6cfb25377b00c0a6f275053f1bf8a4e216e5e347,0.0.4891024,4640,2026-09-13 12:09:04 UTC,0x3b5b16a5a43d14a9bb5f7e8d82b6c38e7fcab00cf070dbb10ecedcc54eb490e0,0.0001
ENC-00641,Manish Kapoor,849241,0x8553e641d69f2cfd33b19e2440384f393a3f13da,83,male,O-,Dr. Sarah Jenkins,0x04Fee3FD1B338d12FFD6dBD8d66dE1e8e0BB99cB,NMC-48192,Cardiology,Apex Diagnostic & Pathology Hub,0x04Fee3FD1B338d12FFD6dBD8d66dE1e8e0BB99cB,Gastro-esophageal reflux disease,K21.9,Gastroenterology,Low,120/80 mmHg,70,99%,98,"Pantoprazole 40mg QD pre-breakfast, Domperidone 30mg QD",High,Advisory: Confirm Patient Creatinine Clearance prior to Metformin XR,FHIR_R4_Bundle_K21.9_Condition_MedicationRequest,All Clinical Records & Diagnostic Evidence,Active On-Chain Consent (Granted by Patient),NO,N/A,N/A,Direct patient consent validated via ConsentManager.sol,AES-256-GCM,vault-transit-key-0x8553e641,Qm610e5bb39c48b5d187214807d9ae0cf9fd08e7dc139f,0.0.4891024,4641,2026-09-13 12:09:06 UTC,0x95cfa89d2f7f54536868b2286f0ea5a05e2e1068e116b392cd3f4155d9c7c764,0.0001
ENC-00642,Deepak Malhotra,849242,0x1be38e2abca376541d1807f4a15d6e9c91b88e58,84,female,AB+,Dr. Sarah Jenkins,0x04Fee3FD1B338d12FFD6dBD8d66dE1e8e0BB99cB,NMC-48192,Cardiology,Apex Diagnostic & Pathology Hub,0x04Fee3FD1B338d12FFD6dBD8d66dE1e8e0BB99cB,Dengue fever [classical dengue],A90,Infectious Disease,High,100/68 mmHg,96,98%,102,"Oral Rehydration Salts 1L/day, Paracetamol 650mg SOS",High,Passed - Zero Drug-Drug Interaction Warning (Confidence 99.4%),FHIR_R4_Bundle_A90_Condition_MedicationRequest,All Clinical Records & Diagnostic Evidence,Pending Patient Authorization,NO,N/A,N/A,Access request pending approval from patient wallet,AES-256-GCM,vault-transit-key-0x1be38e2a,Qmc450e3aca9c52b8f8e05be9c957c4867ac406e94c393,0.0.4891024,4642,2026-09-13 12:09:08 UTC,0x742cd1b37477525b3dfe802e751009f7a9653f99827cc49c7c22584bb4e6de1e,0.0001
ENC-00643,Manish Gowda,849243,0x399e7227382639f93d5642451ce9ec5dd74e19bd,85,male,AB+,Dr. Sunita Narang,0xBcd4042DE499D14e55001CcbB24a551F3b954096,NMC-90812,Endocrinology & Internal Medicine,Apex Diagnostic & Pathology Hub,0x04Fee3FD1B338d12FFD6dBD8d66dE1e8e0BB99cB,Unspecified intracranial injury / Concussion,S06.9X0A,Trauma & Emergency,Emergency,150/95 mmHg,64,97%,130,"Mannitol 20% 100mL IV, Phenytoin 100mg IV, Analgesics",Low,Passed - Zero Drug-Drug Interaction Warning (Confidence 99.4%),FHIR_R4_Bundle_S06.9X0A_Condition_MedicationRequest,All Clinical Records & Diagnostic Evidence,Break-Glass Emergency Invoked (Active Override),YES,Acute Life-Threatening Presentation: Unspecified intracranial injury / Concussion,60 Minutes (Auto-Expiring Ephemeral Key),Emergency access granted; immediate HCS compliance event broadcasted,AES-256-GCM,vault-transit-key-0x399e7227,Qm8af1b1a8e492282b308a6a38fdbac5767592528fcb17,0.0.4891024,4643,2026-09-13 12:09:10 UTC,0x8072e60682939808ba4959ac84e7794e6730bd8f1541f6af48c083c434927c61,0.0001
ENC-00644,Rakesh Joshi,849244,0xd655dea78ca039f8ff61b6d3bcd89f1ba3865f65,86,female,B+,Dr. Rajesh Sharma,0x3c44CdDdB6a900fa2b585dd299e03d12FA4293BC,NMC-78491,Gastroenterology,Apex Diagnostic & Pathology Hub,0x04Fee3FD1B338d12FFD6dBD8d66dE1e8e0BB99cB,"Epilepsy, unspecified, without status epilepticus",G40.909,Neurology,High,118/74 mmHg,76,99%,95,"Levetiracetam 500mg BID, Clobazam 10mg QHS",Low,Advisory: Confirm Patient Creatinine Clearance prior to Metformin XR,FHIR_R4_Bundle_G40.909_Condition_MedicationRequest,All Clinical Records & Diagnostic Evidence,Pending Patient Authorization,NO,N/A,N/A,Access request pending approval from patient wallet,AES-256-GCM,vault-transit-key-0xd655dea7,Qm8d4442bd899a0b34275b6b8798c8f72fcafa132b3359,0.0.4891024,4644,2026-09-13 12:09:13 UTC,0x69a454f17813fa18ae738be7f1a48415ff4b617aa54b9c1af2237e2bb8b4e9af,0.0001
ENC-00645,Aditi Ghosh,849245,0xfb181c955e9e4c253af2aef3f35ca3246c2b33cf,87,male,B+,Dr. Ananya Roy,0x9965507D1a55bcC2695C58ba16FB37d819B0A4dc,NMC-51203,Hematology,Max Super Speciality Cancer Institute,0x28B7eA94B34C8F52D19E50Eb14769Da20F5D54b4,Essential (primary) hypertension,I10,Cardiology,Moderate,148/92 mmHg,78,98%,110,"Amlodipine 5mg QD, Telmisartan 40mg QD",Medium,Passed - Safe pediatric/geriatric dosage tier verified,FHIR_R4_Bundle_I10_Condition_MedicationRequest,All Clinical Records & Diagnostic Evidence,Active On-Chain Consent (Granted by Patient),NO,N/A,N/A,Direct patient consent validated via ConsentManager.sol,AES-256-GCM,vault-transit-key-0xfb181c95,Qmb65212dc5e3598254d6a6aaa7657eb2a1dd3aaaa5985,0.0.4891024,4645,2026-09-13 12:09:15 UTC,0x04fdc6883765c06d530fbfd0c787f244c7aa52a45f711b7aaf6d57c694e5a371,0.0001
ENC-00646,Siddharth Patel,849246,0x7c609aff0d4136f65e827f0ac5c34ff8ed0d2149,88,female,O+,Dr. Sarah Jenkins,0x04Fee3FD1B338d12FFD6dBD8d66dE1e8e0BB99cB,NMC-48192,Cardiology,Care & Cure Pediatric & Maternity Hospital,0x937F51E09477BfD31E56c5e533038a8eEAc096b7,Malignant neoplasm of female breast,C50.919,Oncology,Critical,122/76 mmHg,84,98%,105,"Tamoxifen 20mg QD, Trastuzumab 6mg/kg IV Q3W, Paclitaxel",Medium,Advisory: Monitor Serum Potassium & Renal Function with ACEi/ARB,FHIR_R4_Bundle_C50.919_Condition_MedicationRequest,All Clinical Records & Diagnostic Evidence,Active On-Chain Consent (Granted by Patient),NO,N/A,N/A,Direct patient consent validated via ConsentManager.sol,AES-256-GCM,vault-transit-key-0x7c609aff,Qm4f943cc76e6116679257d365d5168ed72693b43c4fac,0.0.4891024,4646,2026-09-13 12:09:17 UTC,0x78f6b8107dbff1f203d2aa1a27a46c61cd158e65cead84cc7063fcecca74a3a9,0.0001
ENC-00647,Aditi Verma,849247,0x3e99e1bd7a0fbf38f535d06db2482176b830f1fa,89,male,A+,Dr. Ananya Roy,0x9965507D1a55bcC2695C58ba16FB37d819B0A4dc,NMC-51203,Hematology,Apex Diagnostic & Pathology Hub,0x04Fee3FD1B338d12FFD6dBD8d66dE1e8e0BB99cB,Essential (primary) hypertension,I10,Cardiology,Moderate,148/92 mmHg,78,98%,110,"Amlodipine 5mg QD, Telmisartan 40mg QD",Medium,Advisory: Confirm Patient Creatinine Clearance prior to Metformin XR,FHIR_R4_Bundle_I10_Condition_MedicationRequest,All Clinical Records & Diagnostic Evidence,Active On-Chain Consent (Granted by Patient),NO,N/A,N/A,Direct patient consent validated via ConsentManager.sol,AES-256-GCM,vault-transit-key-0x3e99e1bd,Qm03c981e3e3c13f550bd558f8b3057c3272106d5dbf0e,0.0.4891024,4647,2026-09-13 12:09:18 UTC,0x3f9236c5b92bc9bffac0bef5a853775fc1d6d274d36dd3fa1750d7ff9bdfaee4,0.0001
ENC-00648,Madhav Patel,849248,0x1d5262e50c6a9b9e618742db3d929f517ece50fd,18,female,A-,Dr. Sarah Jenkins,0x04Fee3FD1B338d12FFD6dBD8d66dE1e8e0BB99cB,NMC-48192,Cardiology,Care & Cure Pediatric & Maternity Hospital,0x937F51E09477BfD31E56c5e533038a8eEAc096b7,Gastro-esophageal reflux disease,K21.9,Gastroenterology,Low,120/80 mmHg,70,99%,98,"Pantoprazole 40mg QD pre-breakfast, Domperidone 30mg QD",Medium,Advisory: Monitor Serum Potassium & Renal Function with ACEi/ARB,FHIR_R4_Bundle_K21.9_Condition_MedicationRequest,All Clinical Records & Diagnostic Evidence,Pending Patient Authorization,NO,N/A,N/A,Access request pending approval from patient wallet,AES-256-GCM,vault-transit-key-0x1d5262e5,Qm70e88ced3d2c8259598ec24bd6a6e1d778d3a4acd8db,0.0.4891024,4648,2026-09-13 12:09:21 UTC,0x5522b13ce7530e91b05c0900766c67b53a3b53753b6a35b8bd65296c69d11581,0.0001
ENC-00649,Tanvi Kulkarni,849249,0x7e074f35bb80e4003ff3721a8cce3197a7938b52,19,male,B+,Dr. Sarah Jenkins,0x04Fee3FD1B338d12FFD6dBD8d66dE1e8e0BB99cB,NMC-48192,Cardiology,Fortis Memorial Neuro & Trauma Center,0x84f93618C1D541bB1Dcf1373A8eE500A7D439634,Malignant neoplasm of female breast,C50.919,Oncology,Critical,122/76 mmHg,84,98%,105,"Tamoxifen 20mg QD, Trastuzumab 6mg/kg IV Q3W, Paclitaxel",Medium,Advisory: Confirm Patient Creatinine Clearance prior to Metformin XR,FHIR_R4_Bundle_C50.919_Condition_MedicationRequest,All Clinical Records & Diagnostic Evidence,Active On-Chain Consent (Granted by Patient),NO,N/A,N/A,Direct patient consent validated via ConsentManager.sol,AES-256-GCM,vault-transit-key-0x7e074f35,Qm738fab72f2478068462e57128a93a8292db448dce49f,0.0.4891024,4649,2026-09-13 12:09:23 UTC,0x720bf56f038467451ea6530cb9a5e9ff299200c00163684c1b050d6c24e803f8,0.0001
ENC-00650,Vikas Banerjee,849250,0x1cb1bcd337dd1a8ba3d347d5f485f5145580c9c9,20,female,O-,Dr. Ananya Roy,0x9965507D1a55bcC2695C58ba16FB37d819B0A4dc,NMC-51203,Hematology,Max Super Speciality Cancer Institute,0x28B7eA94B34C8F52D19E50Eb14769Da20F5D54b4,Essential (primary) hypertension,I10,Cardiology,Moderate,148/92 mmHg,78,98%,110,"Amlodipine 5mg QD, Telmisartan 40mg QD",High,Passed - Safe pediatric/geriatric dosage tier verified,FHIR_R4_Bundle_I10_Condition_MedicationRequest,All Clinical Records & Diagnostic Evidence,Active On-Chain Consent (Granted by Patient),NO,N/A,N/A,Direct patient consent validated via ConsentManager.sol,AES-256-GCM,vault-transit-key-0x1cb1bcd3,Qm551042137bdefd0ed70383c56feb2df6e500a046579a,0.0.4891024,4650,2026-09-13 12:09:25 UTC,0x71658c6e72874058b4c469bb0784fa0752feef8a34905acc28a10a1a3bbfcb83,0.0001
ENC-00651,Sneha Gowda,849251,0x6088f2a6a8a3360529e0d6bb87e431954bccab04,21,male,B-,Dr. Preeti Deshmukh,0x23618e81E3f5cdF7f54C3d65f7FBc0aBf5B21E8f,NMC-82194,Obstetrics & Pediatrics,Max Super Speciality Cancer Institute,0x28B7eA94B34C8F52D19E50Eb14769Da20F5D54b4,Type 2 diabetes mellitus without complications,E11.9,Endocrinology,Moderate,130/82 mmHg,72,99%,142,"Metformin 500mg BID, Dapagliflozin 10mg QD",Medium,Passed - Zero Drug-Drug Interaction Warning (Confidence 99.4%),FHIR_R4_Bundle_E11.9_Condition_MedicationRequest,All Clinical Records & Diagnostic Evidence,Active On-Chain Consent (Granted by Patient),NO,N/A,N/A,Direct patient consent validated via ConsentManager.sol,AES-256-GCM,vault-transit-key-0x6088f2a6,Qmaeaec27a9452482fa31d381422a33ff44b45cad9d070,0.0.4891024,4651,2026-09-13 12:09:27 UTC,0x770df497ff5a859b30d06bc5dfa14e0484c3132970466ed4eec3defdf5e7d820,0.0001
ENC-00652,Amit Malhotra,849252,0x713931de04ae84ddc6be413ec1856847726c972b,22,female,B-,Dr. Sarah Jenkins,0x04Fee3FD1B338d12FFD6dBD8d66dE1e8e0BB99cB,NMC-48192,Cardiology,Max Super Speciality Cancer Institute,0x28B7eA94B34C8F52D19E50Eb14769Da20F5D54b4,"Acute myocardial infarction, unspecified",I21.9,Cardiology,Emergency,95/60 mmHg,112,93%,165,"Ticagrelor 90mg BID, Aspirin 325mg, Atorvastatin 80mg, IV Heparin",High,Passed - Safe pediatric/geriatric dosage tier verified,FHIR_R4_Bundle_I21.9_Condition_MedicationRequest,All Clinical Records & Diagnostic Evidence,Active On-Chain Consent (Granted by Patient),NO,N/A,N/A,Direct patient consent validated via ConsentManager.sol,AES-256-GCM,vault-transit-key-0x713931de,Qmb6a9b59b31cb5e397cf3b565e845bbc9b78672d78180,0.0.4891024,4652,2026-09-13 12:09:29 UTC,0x0ca85b332f0d832ab738c69801fa58da6ae60440ce38d0efdbb9e40e83a1e202,0.0001
ENC-00653,Geeta Deshmukh,849253,0x9908ca03a04b4724a9b8c0e55cef0bda8ab5e59e,23,male,A+,Dr. Rajesh Sharma,0x3c44CdDdB6a900fa2b585dd299e03d12FA4293BC,NMC-78491,Gastroenterology,Max Super Speciality Cancer Institute,0x28B7eA94B34C8F52D19E50Eb14769Da20F5D54b4,Malignant neoplasm of female breast,C50.919,Oncology,Critical,122/76 mmHg,84,98%,105,"Tamoxifen 20mg QD, Trastuzumab 6mg/kg IV Q3W, Paclitaxel",Medium,Passed - Zero Drug-Drug Interaction Warning (Confidence 99.4%),FHIR_R4_Bundle_C50.919_Condition_MedicationRequest,All Clinical Records & Diagnostic Evidence,Active On-Chain Consent (Granted by Patient),NO,N/A,N/A,Direct patient consent validated via ConsentManager.sol,AES-256-GCM,vault-transit-key-0x9908ca03,Qmc20647e486ea2a6ff0970c48739ce0424fb720ac0eaf,0.0.4891024,4653,2026-09-13 12:09:31 UTC,0x867cd4fbc421ca7a99a1e863b160bb202c3c57fbdff189b29c13afbd703812cd,0.0001
ENC-00654,Sanjay Pillai,849254,0x30e89354e23a365d0cdc61e9d8bd6e2fdb73510e,24,female,B+,Dr. Rajesh Sharma,0x3c44CdDdB6a900fa2b585dd299e03d12FA4293BC,NMC-78491,Gastroenterology,Fortis Memorial Neuro & Trauma Center,0x84f93618C1D541bB1Dcf1373A8eE500A7D439634,Gastro-esophageal reflux disease,K21.9,Gastroenterology,Low,120/80 mmHg,70,99%,98,"Pantoprazole 40mg QD pre-breakfast, Domperidone 30mg QD",Low,Passed - Zero Drug-Drug Interaction Warning (Confidence 99.4%),FHIR_R4_Bundle_K21.9_Condition_MedicationRequest,All Clinical Records & Diagnostic Evidence,Active On-Chain Consent (Granted by Patient),NO,N/A,N/A,Direct patient consent validated via ConsentManager.sol,AES-256-GCM,vault-transit-key-0x30e89354,Qm7205d3ec948de07138bbc3abcd278836a28beb7c33ea,0.0.4891024,4654,2026-09-13 12:09:33 UTC,0x94c6edc17b790b0ca0646c6801a6ed78cd18595b2e77f1ce6584714622ab46a5,0.0001
ENC-00655,Pooja Mukherjee,849255,0x82b63691e197f8c26c5e3d4da91ced4f8fa2d82e,25,male,B+,Dr. Preeti Deshmukh,0x23618e81E3f5cdF7f54C3d65f7FBc0aBf5B21E8f,NMC-82194,Obstetrics & Pediatrics,Apollo Multispecialty Hospital,0x155Af6ECaFb48861dA7d16Fb8Af2f6ce9d6DD779,"Acute myocardial infarction, unspecified",I21.9,Cardiology,Emergency,95/60 mmHg,112,93%,165,"Ticagrelor 90mg BID, Aspirin 325mg, Atorvastatin 80mg, IV Heparin",Low,Passed - Zero Drug-Drug Interaction Warning (Confidence 99.4%),FHIR_R4_Bundle_I21.9_Condition_MedicationRequest,All Clinical Records & Diagnostic Evidence,Break-Glass Emergency Invoked (Active Override),YES,"Acute Life-Threatening Presentation: Acute myocardial infarction, unspecified",60 Minutes (Auto-Expiring Ephemeral Key),Emergency access granted; immediate HCS compliance event broadcasted,AES-256-GCM,vault-transit-key-0x82b63691,Qm308c5f6cc319f9776a7d06f7c19bfa9abd9c0417d00c,0.0.4891024,4655,2026-09-13 12:09:35 UTC,0xf3522de96e3b39504e84c8d51c01cdd75cf4488bae57ee28b4bc41ef063af5fd,0.0001
ENC-00656,Pranav Gowda,849256,0x359b400c0d3c154b4f5e6df8258f6644fdb7b78a,26,female,B-,Dr. Rajesh Sharma,0x3c44CdDdB6a900fa2b585dd299e03d12FA4293BC,NMC-78491,Gastroenterology,Apex Diagnostic & Pathology Hub,0x04Fee3FD1B338d12FFD6dBD8d66dE1e8e0BB99cB,Unspecified intracranial injury / Concussion,S06.9X0A,Trauma & Emergency,Emergency,150/95 mmHg,64,97%,130,"Mannitol 20% 100mL IV, Phenytoin 100mg IV, Analgesics",High,Passed - Safe pediatric/geriatric dosage tier verified,FHIR_R4_Bundle_S06.9X0A_Condition_MedicationRequest,All Clinical Records & Diagnostic Evidence,Break-Glass Emergency Invoked (Active Override),YES,Acute Life-Threatening Presentation: Unspecified intracranial injury / Concussion,60 Minutes (Auto-Expiring Ephemeral Key),Emergency access granted; immediate HCS compliance event broadcasted,AES-256-GCM,vault-transit-key-0x359b400c,Qme25dd7507acb75867863b45996ddf0b9fc1910cafdcd,0.0.4891024,4656,2026-09-13 12:09:38 UTC,0xc768982a063159b89132effefe826268baa501fd389b2472b47e17900d3a9e98,0.0001
ENC-00657,Sanjay Joshi,849257,0x6b2fc798415c6c99ea06489b9ca0ebde255034a5,27,male,A+,Dr. Rajesh Sharma,0x3c44CdDdB6a900fa2b585dd299e03d12FA4293BC,NMC-78491,Gastroenterology,Max Super Speciality Cancer Institute,0x28B7eA94B34C8F52D19E50Eb14769Da20F5D54b4,Dengue fever [classical dengue],A90,Infectious Disease,High,100/68 mmHg,96,98%,102,"Oral Rehydration Salts 1L/day, Paracetamol 650mg SOS",Medium,Advisory: Confirm Patient Creatinine Clearance prior to Metformin XR,FHIR_R4_Bundle_A90_Condition_MedicationRequest,All Clinical Records & Diagnostic Evidence,Active On-Chain Consent (Granted by Patient),NO,N/A,N/A,Direct patient consent validated via ConsentManager.sol,AES-256-GCM,vault-transit-key-0x6b2fc798,Qm1df6daec60cafbe85a1a824fc128c491b1aba3509d99,0.0.4891024,4657,2026-09-13 12:09:40 UTC,0xaa7e12770f034812c79efe506a8b64f2e391058400f38fbaf4b8ec0d65abea7a,0.0001
ENC-00658,Lata Verma,849258,0xf23e47ed06733d68cc6b81844128de7c165d9819,28,female,B+,Dr. Sunita Narang,0xBcd4042DE499D14e55001CcbB24a551F3b954096,NMC-90812,Endocrinology & Internal Medicine,Apex Diagnostic & Pathology Hub,0x04Fee3FD1B338d12FFD6dBD8d66dE1e8e0BB99cB,Unspecified intracranial injury / Concussion,S06.9X0A,Trauma & Emergency,Emergency,150/95 mmHg,64,97%,130,"Mannitol 20% 100mL IV, Phenytoin 100mg IV, Analgesics",High,Passed - Safe pediatric/geriatric dosage tier verified,FHIR_R4_Bundle_S06.9X0A_Condition_MedicationRequest,All Clinical Records & Diagnostic Evidence,Break-Glass Emergency Invoked (Active Override),YES,Acute Life-Threatening Presentation: Unspecified intracranial injury / Concussion,60 Minutes (Auto-Expiring Ephemeral Key),Emergency access granted; immediate HCS compliance event broadcasted,AES-256-GCM,vault-transit-key-0xf23e47ed,Qm254e0f44affbb856784a6545b33441842d8f235bd62e,0.0.4891024,4658,2026-09-13 12:09:42 UTC,0xae1739cdd3be33c34dd741be4dd8ac9551659cc01a712e37523f92b55391c1a3,0.0001
ENC-00659,Ananya Ghosh,849259,0x46e57508a6e8ca7145a121628eecdba0c98bd11b,29,male,A+,Dr. Ananya Roy,0x9965507D1a55bcC2695C58ba16FB37d819B0A4dc,NMC-51203,Hematology,Fortis Memorial Neuro & Trauma Center,0x84f93618C1D541bB1Dcf1373A8eE500A7D439634,"Epilepsy, unspecified, without status epilepticus",G40.909,Neurology,High,118/74 mmHg,76,99%,95,"Levetiracetam 500mg BID, Clobazam 10mg QHS",Low,Advisory: Monitor Serum Potassium & Renal Function with ACEi/ARB,FHIR_R4_Bundle_G40.909_Condition_MedicationRequest,All Clinical Records & Diagnostic Evidence,Pending Patient Authorization,NO,N/A,N/A,Access request pending approval from patient wallet,AES-256-GCM,vault-transit-key-0x46e57508,Qm4e72dd04a2b7abcd75b3c89afba3ebbcd8b7cb13853a,0.0.4891024,4659,2026-09-13 12:09:44 UTC,0xdedc9b4ab92784b9cd14602a4602031f9817709356093f2eacd62df1b665b069,0.0001
ENC-00660,Rahul Ghosh,849260,0xbaa183ae6f471283769a232cb6f81926dfb619bc,30,female,A+,Dr. Ananya Roy,0x9965507D1a55bcC2695C58ba16FB37d819B0A4dc,NMC-51203,Hematology,Care & Cure Pediatric & Maternity Hospital,0x937F51E09477BfD31E56c5e533038a8eEAc096b7,"Acute myocardial infarction, unspecified",I21.9,Cardiology,Emergency,95/60 mmHg,112,93%,165,"Ticagrelor 90mg BID, Aspirin 325mg, Atorvastatin 80mg, IV Heparin",High,Passed - Safe pediatric/geriatric dosage tier verified,FHIR_R4_Bundle_I21.9_Condition_MedicationRequest,All Clinical Records & Diagnostic Evidence,Pending Patient Authorization,NO,N/A,N/A,Access request pending approval from patient wallet,AES-256-GCM,vault-transit-key-0xbaa183ae,Qm62b13098387336f75dd39964f44370fbcab949917b6f,0.0.4891024,4660,2026-09-13 12:09:46 UTC,0x7e42513dc2d91dd599ae7f20e05b7e358fa9ac9a11cd1ac89bfbd02c8b707f96,0.0001
ENC-00661,Meera Malhotra,849261,0xec0d31579a9f18b7ff3fcea66df6b780cdbd2057,31,male,B+,Dr. Sarah Jenkins,0x04Fee3FD1B338d12FFD6dBD8d66dE1e8e0BB99cB,NMC-48192,Cardiology,Apollo Multispecialty Hospital,0x155Af6ECaFb48861dA7d16Fb8Af2f6ce9d6DD779,Type 2 diabetes mellitus without complications,E11.9,Endocrinology,Moderate,130/82 mmHg,72,99%,142,"Metformin 500mg BID, Dapagliflozin 10mg QD",High,Passed - Safe pediatric/geriatric dosage tier verified,FHIR_R4_Bundle_E11.9_Condition_MedicationRequest,All Clinical Records & Diagnostic Evidence,Active On-Chain Consent (Granted by Patient),NO,N/A,N/A,Direct patient consent validated via ConsentManager.sol,AES-256-GCM,vault-transit-key-0xec0d3157,Qm60979b9721075ebe7342c3a30de8f0146ea2e7315c47,0.0.4891024,4661,2026-09-13 12:09:48 UTC,0x46f25de32b5956df3659f34565fc50cc1927beb752be483dacc27624bf096c7b,0.0001
ENC-00662,Neha Reddy,849262,0xd8f8bfbb08cd0b62176ea1df03502fd5381ad2e0,32,female,AB+,Dr. Vikram Seth,0x15d34AAf54267DB7D7c367839AAf71A00a2C6A65,NMC-99014,Oncology,Apex Diagnostic & Pathology Hub,0x04Fee3FD1B338d12FFD6dBD8d66dE1e8e0BB99cB,Gastro-esophageal reflux disease,K21.9,Gastroenterology,Low,120/80 mmHg,70,99%,98,"Pantoprazole 40mg QD pre-breakfast, Domperidone 30mg QD",Medium,Advisory: Confirm Patient Creatinine Clearance prior to Metformin XR,FHIR_R4_Bundle_K21.9_Condition_MedicationRequest,All Clinical Records & Diagnostic Evidence,Active On-Chain Consent (Granted by Patient),NO,N/A,N/A,Direct patient consent validated via ConsentManager.sol,AES-256-GCM,vault-transit-key-0xd8f8bfbb,Qme4e08db6d9ef39e9cd937e25ca79bea823264912b8c3,0.0.4891024,4662,2026-09-13 12:09:51 UTC,0x9f37bed5bd8f7f47d841ab0be980c833180e75a18bcef5b751a76c7655a9aab4,0.0001
ENC-00663,Madhav Banerjee,849263,0x738e8e7a626de66dcfcb00129548ef3ad486cc43,33,male,AB+,Dr. Sunita Narang,0xBcd4042DE499D14e55001CcbB24a551F3b954096,NMC-90812,Endocrinology & Internal Medicine,Care & Cure Pediatric & Maternity Hospital,0x937F51E09477BfD31E56c5e533038a8eEAc096b7,Malignant neoplasm of female breast,C50.919,Oncology,Critical,122/76 mmHg,84,98%,105,"Tamoxifen 20mg QD, Trastuzumab 6mg/kg IV Q3W, Paclitaxel",High,Advisory: Monitor Serum Potassium & Renal Function with ACEi/ARB,FHIR_R4_Bundle_C50.919_Condition_MedicationRequest,All Clinical Records & Diagnostic Evidence,Pending Patient Authorization,NO,N/A,N/A,Access request pending approval from patient wallet,AES-256-GCM,vault-transit-key-0x738e8e7a,Qm359615153f00c5d787792a66d171a3463904330e0a92,0.0.4891024,4663,2026-09-13 12:09:52 UTC,0x1acc669717308e619af7ae58f6c1610fe95c7f152083287684983c174013a361,0.0001
ENC-00664,Neha Pandey,849264,0xb0dbc7faa5c2fd68d9f6a733d78f0607c8025cb2,34,female,A-,Dr. Ananya Roy,0x9965507D1a55bcC2695C58ba16FB37d819B0A4dc,NMC-51203,Hematology,Apollo Multispecialty Hospital,0x155Af6ECaFb48861dA7d16Fb8Af2f6ce9d6DD779,Unspecified intracranial injury / Concussion,S06.9X0A,Trauma & Emergency,Emergency,150/95 mmHg,64,97%,130,"Mannitol 20% 100mL IV, Phenytoin 100mg IV, Analgesics",Low,Passed - Safe pediatric/geriatric dosage tier verified,FHIR_R4_Bundle_S06.9X0A_Condition_MedicationRequest,All Clinical Records & Diagnostic Evidence,Break-Glass Emergency Invoked (Active Override),YES,Acute Life-Threatening Presentation: Unspecified intracranial injury / Concussion,60 Minutes (Auto-Expiring Ephemeral Key),Emergency access granted; immediate HCS compliance event broadcasted,AES-256-GCM,vault-transit-key-0xb0dbc7fa,Qmd82f8576deedc0ef979c4249a27b47f0959eef956c88,0.0.4891024,4664,2026-09-13 12:09:55 UTC,0xd0409db3d508d2ba5d89de9846dea5c6e3783ed3c34dab7a68f70b612d9d3c1e,0.0001
ENC-00665,Anand Hegde,849265,0xe6c83311ded54f33bc1a7e4a4122bbbb370360ad,35,male,B-,Dr. Ananya Roy,0x9965507D1a55bcC2695C58ba16FB37d819B0A4dc,NMC-51203,Hematology,Apollo Multispecialty Hospital,0x155Af6ECaFb48861dA7d16Fb8Af2f6ce9d6DD779,Dengue fever [classical dengue],A90,Infectious Disease,High,100/68 mmHg,96,98%,102,"Oral Rehydration Salts 1L/day, Paracetamol 650mg SOS",Medium,Passed - Zero Drug-Drug Interaction Warning (Confidence 99.4%),FHIR_R4_Bundle_A90_Condition_MedicationRequest,All Clinical Records & Diagnostic Evidence,Active On-Chain Consent (Granted by Patient),NO,N/A,N/A,Direct patient consent validated via ConsentManager.sol,AES-256-GCM,vault-transit-key-0xe6c83311,Qm21ccdf748d42ff5071a146139f1b0c7b6e04f400c0fa,0.0.4891024,4665,2026-09-13 12:09:57 UTC,0x2041f25dfa36ab64fa70d5f86dac457868dc93cf77460fb8d01c35d99f3133a1,0.0001
ENC-00666,Priyanka Swaminathan,849266,0x3e74973fde985bf4f16965f755d14d902097b29b,36,female,B-,Dr. Rohan Patel,0x976EA74026E726554dB657fA54763abd0C3a0aa9,NMC-11029,Neurology,Max Super Speciality Cancer Institute,0x28B7eA94B34C8F52D19E50Eb14769Da20F5D54b4,Essential (primary) hypertension,I10,Cardiology,Moderate,148/92 mmHg,78,98%,110,"Amlodipine 5mg QD, Telmisartan 40mg QD",High,Passed - Zero Drug-Drug Interaction Warning (Confidence 99.4%),FHIR_R4_Bundle_I10_Condition_MedicationRequest,All Clinical Records & Diagnostic Evidence,Active On-Chain Consent (Granted by Patient),NO,N/A,N/A,Direct patient consent validated via ConsentManager.sol,AES-256-GCM,vault-transit-key-0x3e74973f,Qmc11a3e8f4de3b4f7df0a28e83c06c8bb972d1d32c315,0.0.4891024,4666,2026-09-13 12:09:59 UTC,0x5f854c92a0c877285c5de57a4c5301b3b09d53fe1b81b1b5f54348a264e96f0c,0.0001
ENC-00667,Manish Patel,849267,0xf8bd68712d17b621b0ad6a0fe8d31a0c817bf141,37,male,B+,Dr. Rajesh Sharma,0x3c44CdDdB6a900fa2b585dd299e03d12FA4293BC,NMC-78491,Gastroenterology,Max Super Speciality Cancer Institute,0x28B7eA94B34C8F52D19E50Eb14769Da20F5D54b4,Unspecified intracranial injury / Concussion,S06.9X0A,Trauma & Emergency,Emergency,150/95 mmHg,64,97%,130,"Mannitol 20% 100mL IV, Phenytoin 100mg IV, Analgesics",Medium,Advisory: Monitor Serum Potassium & Renal Function with ACEi/ARB,FHIR_R4_Bundle_S06.9X0A_Condition_MedicationRequest,All Clinical Records & Diagnostic Evidence,Break-Glass Emergency Invoked (Active Override),YES,Acute Life-Threatening Presentation: Unspecified intracranial injury / Concussion,60 Minutes (Auto-Expiring Ephemeral Key),Emergency access granted; immediate HCS compliance event broadcasted,AES-256-GCM,vault-transit-key-0xf8bd6871,Qm98e3904b29fabab6d3238cd45906fe5b79d127b6aae2,0.0.4891024,4667,2026-09-13 12:10:00 UTC,0x6af502e12ae19701183c42cdbfc62bf6a4a4817e3f8fbad699da08e4d2c215fc,0.0001
ENC-00668,Shreya Sharma,849268,0x691db7c0c8ea7876d30a58a525ed8dc7498d6e9d,38,female,A-,Dr. Rohan Patel,0x976EA74026E726554dB657fA54763abd0C3a0aa9,NMC-11029,Neurology,Care & Cure Pediatric & Maternity Hospital,0x937F51E09477BfD31E56c5e533038a8eEAc096b7,"Acute myocardial infarction, unspecified",I21.9,Cardiology,Emergency,95/60 mmHg,112,93%,165,"Ticagrelor 90mg BID, Aspirin 325mg, Atorvastatin 80mg, IV Heparin",Low,Passed - Safe pediatric/geriatric dosage tier verified,FHIR_R4_Bundle_I21.9_Condition_MedicationRequest,All Clinical Records & Diagnostic Evidence,Break-Glass Emergency Invoked (Active Override),YES,"Acute Life-Threatening Presentation: Acute myocardial infarction, unspecified",60 Minutes (Auto-Expiring Ephemeral Key),Emergency access granted; immediate HCS compliance event broadcasted,AES-256-GCM,vault-transit-key-0x691db7c0,Qm585ab5bd07f5d4bf72b2caff003900b4349c56c35033,0.0.4891024,4668,2026-09-13 12:10:03 UTC,0xa89e096b5f03399c2e1d9d7ab0189c6ddd68155c897b604c107b2b255e9e2fae,0.0001
ENC-00669,Deepak Mishra,849269,0x104591be8e1901aa86db3b20812a08b42f852821,39,male,B+,Dr. Sarah Jenkins,0x04Fee3FD1B338d12FFD6dBD8d66dE1e8e0BB99cB,NMC-48192,Cardiology,Apex Diagnostic & Pathology Hub,0x04Fee3FD1B338d12FFD6dBD8d66dE1e8e0BB99cB,Type 2 diabetes mellitus without complications,E11.9,Endocrinology,Moderate,130/82 mmHg,72,99%,142,"Metformin 500mg BID, Dapagliflozin 10mg QD",High,Passed - Safe pediatric/geriatric dosage tier verified,FHIR_R4_Bundle_E11.9_Condition_MedicationRequest,All Clinical Records & Diagnostic Evidence,Active On-Chain Consent (Granted by Patient),NO,N/A,N/A,Direct patient consent validated via ConsentManager.sol,AES-256-GCM,vault-transit-key-0x104591be,Qm8d14e538a5eb2ca819a69b166ff773fcd7ee45fa3b64,0.0.4891024,4669,2026-09-13 12:10:05 UTC,0x67eed2fd3fe91d036c4e8a42cb8a9a0f7e6a05a8990eda7197330f557fbccb8a,0.0001
ENC-00670,Ananya Pandey,849270,0xc0222f03c84469a53ae28d71b52b3a7ac0dec6c2,40,female,O-,Dr. Rajesh Sharma,0x3c44CdDdB6a900fa2b585dd299e03d12FA4293BC,NMC-78491,Gastroenterology,Care & Cure Pediatric & Maternity Hospital,0x937F51E09477BfD31E56c5e533038a8eEAc096b7,"Epilepsy, unspecified, without status epilepticus",G40.909,Neurology,High,118/74 mmHg,76,99%,95,"Levetiracetam 500mg BID, Clobazam 10mg QHS",Low,Passed - Zero Drug-Drug Interaction Warning (Confidence 99.4%),FHIR_R4_Bundle_G40.909_Condition_MedicationRequest,All Clinical Records & Diagnostic Evidence,Pending Patient Authorization,NO,N/A,N/A,Access request pending approval from patient wallet,AES-256-GCM,vault-transit-key-0xc0222f03,Qmbdfa8abb5f051231d1234411d052e4f85e06d5497670,0.0.4891024,4670,2026-09-13 12:10:07 UTC,0x595c95e8804064f9ee26ea663b337170a915f33e591dd31742a8d4d227724597,0.0001
ENC-00671,Ananya Mukherjee,849271,0x7faae0df5128c459c220955714263f2ffc78582a,41,male,A-,Dr. Sunita Narang,0xBcd4042DE499D14e55001CcbB24a551F3b954096,NMC-90812,Endocrinology & Internal Medicine,Apollo Multispecialty Hospital,0x155Af6ECaFb48861dA7d16Fb8Af2f6ce9d6DD779,Malignant neoplasm of female breast,C50.919,Oncology,Critical,122/76 mmHg,84,98%,105,"Tamoxifen 20mg QD, Trastuzumab 6mg/kg IV Q3W, Paclitaxel",High,Passed - Safe pediatric/geriatric dosage tier verified,FHIR_R4_Bundle_C50.919_Condition_MedicationRequest,All Clinical Records & Diagnostic Evidence,Active On-Chain Consent (Granted by Patient),NO,N/A,N/A,Direct patient consent validated via ConsentManager.sol,AES-256-GCM,vault-transit-key-0x7faae0df,Qmadf1a0544d2eb79fbbe7f5719c3bb15d5530ec266c22,0.0.4891024,4671,2026-09-13 12:10:09 UTC,0x7944a5d0115f9b5a15a93f2e2365dc4fe583ca05929d2bda544eff30376ab2a4,0.0001
ENC-00672,Rahul Mishra,849272,0x3591060ef4b6b55e14abc8e09d2d897037fff612,42,female,O-,Dr. Preeti Deshmukh,0x23618e81E3f5cdF7f54C3d65f7FBc0aBf5B21E8f,NMC-82194,Obstetrics & Pediatrics,Max Super Speciality Cancer Institute,0x28B7eA94B34C8F52D19E50Eb14769Da20F5D54b4,"Epilepsy, unspecified, without status epilepticus",G40.909,Neurology,High,118/74 mmHg,76,99%,95,"Levetiracetam 500mg BID, Clobazam 10mg QHS",High,Advisory: Confirm Patient Creatinine Clearance prior to Metformin XR,FHIR_R4_Bundle_G40.909_Condition_MedicationRequest,All Clinical Records & Diagnostic Evidence,Pending Patient Authorization,NO,N/A,N/A,Access request pending approval from patient wallet,AES-256-GCM,vault-transit-key-0x3591060e,Qm61b342205b97ab908bcb842321c1a8fb009d5e24da54,0.0.4891024,4672,2026-09-13 12:10:12 UTC,0xd62c4b4fea278905e3f03fd56b0b56474b2082e44becdf631da5ec39cffb4a5c,0.0001
ENC-00673,Bhavna Pandey,849273,0x4fedb42cc397739b2be45cca297592fb4369b065,43,male,A+,Dr. Preeti Deshmukh,0x23618e81E3f5cdF7f54C3d65f7FBc0aBf5B21E8f,NMC-82194,Obstetrics & Pediatrics,Apollo Multispecialty Hospital,0x155Af6ECaFb48861dA7d16Fb8Af2f6ce9d6DD779,"Epilepsy, unspecified, without status epilepticus",G40.909,Neurology,High,118/74 mmHg,76,99%,95,"Levetiracetam 500mg BID, Clobazam 10mg QHS",Low,Passed - Safe pediatric/geriatric dosage tier verified,FHIR_R4_Bundle_G40.909_Condition_MedicationRequest,All Clinical Records & Diagnostic Evidence,Active On-Chain Consent (Granted by Patient),NO,N/A,N/A,Direct patient consent validated via ConsentManager.sol,AES-256-GCM,vault-transit-key-0x4fedb42c,Qm34f7574c29c28904fd0960e58cfd93acdb88771b6bb3,0.0.4891024,4673,2026-09-13 12:10:14 UTC,0x550ab25fd68ea0be90315ba41a2d2bda1d573afa95e0c17ca8393b4c1f818fab,0.0001
ENC-00674,Vikas Patel,849274,0x468f2dc6dc649ae05e1184188695f22920d92eff,44,female,A-,Dr. Rajesh Sharma,0x3c44CdDdB6a900fa2b585dd299e03d12FA4293BC,NMC-78491,Gastroenterology,Max Super Speciality Cancer Institute,0x28B7eA94B34C8F52D19E50Eb14769Da20F5D54b4,Gastro-esophageal reflux disease,K21.9,Gastroenterology,Low,120/80 mmHg,70,99%,98,"Pantoprazole 40mg QD pre-breakfast, Domperidone 30mg QD",High,Passed - Safe pediatric/geriatric dosage tier verified,FHIR_R4_Bundle_K21.9_Condition_MedicationRequest,All Clinical Records & Diagnostic Evidence,Active On-Chain Consent (Granted by Patient),NO,N/A,N/A,Direct patient consent validated via ConsentManager.sol,AES-256-GCM,vault-transit-key-0x468f2dc6,Qmec552a00450839ee78100fb4c9c0faff1b346015379c,0.0.4891024,4674,2026-09-13 12:10:15 UTC,0x4dab029c2903d51e0bba59a76379e492f0066d2e264f996036cea3ff90362ad7,0.0001
ENC-00675,Neha Sharma,849275,0x8895192c6601c0cae911d5bc18b13190342210c1,45,male,AB-,Dr. Vikram Seth,0x15d34AAf54267DB7D7c367839AAf71A00a2C6A65,NMC-99014,Oncology,Care & Cure Pediatric & Maternity Hospital,0x937F51E09477BfD31E56c5e533038a8eEAc096b7,"Acute myocardial infarction, unspecified",I21.9,Cardiology,Emergency,95/60 mmHg,112,93%,165,"Ticagrelor 90mg BID, Aspirin 325mg, Atorvastatin 80mg, IV Heparin",High,Passed - Safe pediatric/geriatric dosage tier verified,FHIR_R4_Bundle_I21.9_Condition_MedicationRequest,All Clinical Records & Diagnostic Evidence,Active On-Chain Consent (Granted by Patient),NO,N/A,N/A,Direct patient consent validated via ConsentManager.sol,AES-256-GCM,vault-transit-key-0x8895192c,Qm08b636ab7fe77ae5bbbb83394107d0481e0ed6051e7a,0.0.4891024,4675,2026-09-13 12:10:18 UTC,0x809e947ec33f46608e82f1098b07d097f165e325eb32f49da80450e7e1c232d5,0.0001
ENC-00676,Geeta Chatterjee,849276,0x9b96c2a09a6899d7dd8b8e59ab8c2c2df8d94471,46,female,B-,Dr. Rohan Patel,0x976EA74026E726554dB657fA54763abd0C3a0aa9,NMC-11029,Neurology,Max Super Speciality Cancer Institute,0x28B7eA94B34C8F52D19E50Eb14769Da20F5D54b4,Gastro-esophageal reflux disease,K21.9,Gastroenterology,Low,120/80 mmHg,70,99%,98,"Pantoprazole 40mg QD pre-breakfast, Domperidone 30mg QD",Medium,Advisory: Monitor Serum Potassium & Renal Function with ACEi/ARB,FHIR_R4_Bundle_K21.9_Condition_MedicationRequest,All Clinical Records & Diagnostic Evidence,Active On-Chain Consent (Granted by Patient),NO,N/A,N/A,Direct patient consent validated via ConsentManager.sol,AES-256-GCM,vault-transit-key-0x9b96c2a0,Qmdd8c773e062a13b0b8e548c4ed880af66414c8c485db,0.0.4891024,4676,2026-09-13 12:10:19 UTC,0xf14a23e5fcc29593d48c45cde1d836e1e4874bab55b6fc6c7058919b9c743280,0.0001
ENC-00677,Chetan Saxena,849277,0xc17f7b0ff1a3a095a4c174e056ee0b822c9a3499,47,male,AB+,Dr. Ananya Roy,0x9965507D1a55bcC2695C58ba16FB37d819B0A4dc,NMC-51203,Hematology,Apollo Multispecialty Hospital,0x155Af6ECaFb48861dA7d16Fb8Af2f6ce9d6DD779,Unspecified intracranial injury / Concussion,S06.9X0A,Trauma & Emergency,Emergency,150/95 mmHg,64,97%,130,"Mannitol 20% 100mL IV, Phenytoin 100mg IV, Analgesics",High,Passed - Zero Drug-Drug Interaction Warning (Confidence 99.4%),FHIR_R4_Bundle_S06.9X0A_Condition_MedicationRequest,All Clinical Records & Diagnostic Evidence,Break-Glass Emergency Invoked (Active Override),YES,Acute Life-Threatening Presentation: Unspecified intracranial injury / Concussion,60 Minutes (Auto-Expiring Ephemeral Key),Emergency access granted; immediate HCS compliance event broadcasted,AES-256-GCM,vault-transit-key-0xc17f7b0f,Qm909534636d7583931270b850dc5ef666c0f9adff3283,0.0.4891024,4677,2026-09-13 12:10:22 UTC,0x2a74349a84d24911a865b64f7899e44bf441420aa775a27d29eb520ccaef4640,0.0001
ENC-00678,Neha Shetty,849278,0xf3bdaf1e6ae150959d7d82ad069de67ec69d82bc,48,female,AB+,Dr. Vikram Seth,0x15d34AAf54267DB7D7c367839AAf71A00a2C6A65,NMC-99014,Oncology,Apollo Multispecialty Hospital,0x155Af6ECaFb48861dA7d16Fb8Af2f6ce9d6DD779,"Epilepsy, unspecified, without status epilepticus",G40.909,Neurology,High,118/74 mmHg,76,99%,95,"Levetiracetam 500mg BID, Clobazam 10mg QHS",Medium,Advisory: Confirm Patient Creatinine Clearance prior to Metformin XR,FHIR_R4_Bundle_G40.909_Condition_MedicationRequest,All Clinical Records & Diagnostic Evidence,Pending Patient Authorization,NO,N/A,N/A,Access request pending approval from patient wallet,AES-256-GCM,vault-transit-key-0xf3bdaf1e,Qm72a44bd239ee80fc806f1c04965a944bd532e157f8d7,0.0.4891024,4678,2026-09-13 12:10:24 UTC,0x0d8eac57c9c91c2a0631dd3b7e23249238277d3e7e99cc79cc17d26d04886d84,0.0001
ENC-00679,Siddharth Menon,849279,0x91ebede8066317320d7d766f720afd185b42be3a,49,male,A-,Dr. Preeti Deshmukh,0x23618e81E3f5cdF7f54C3d65f7FBc0aBf5B21E8f,NMC-82194,Obstetrics & Pediatrics,Care & Cure Pediatric & Maternity Hospital,0x937F51E09477BfD31E56c5e533038a8eEAc096b7,Essential (primary) hypertension,I10,Cardiology,Moderate,148/92 mmHg,78,98%,110,"Amlodipine 5mg QD, Telmisartan 40mg QD",Medium,Passed - Zero Drug-Drug Interaction Warning (Confidence 99.4%),FHIR_R4_Bundle_I10_Condition_MedicationRequest,All Clinical Records & Diagnostic Evidence,Active On-Chain Consent (Granted by Patient),NO,N/A,N/A,Direct patient consent validated via ConsentManager.sol,AES-256-GCM,vault-transit-key-0x91ebede8,Qm6602de8f60eb79deb3f782d50213e168a455ff2ad81a,0.0.4891024,4679,2026-09-13 12:10:26 UTC,0xf9c40e3ea1bd003baa49b2bdf8b3e8866670791bb7139b0026b4a626efeb169a,0.0001
ENC-00680,Geeta Nair,849280,0x0eafabc22364d482fe8bc72789075bb9322754e0,50,female,A-,Dr. Sunita Narang,0xBcd4042DE499D14e55001CcbB24a551F3b954096,NMC-90812,Endocrinology & Internal Medicine,Fortis Memorial Neuro & Trauma Center,0x84f93618C1D541bB1Dcf1373A8eE500A7D439634,"Epilepsy, unspecified, without status epilepticus",G40.909,Neurology,High,118/74 mmHg,76,99%,95,"Levetiracetam 500mg BID, Clobazam 10mg QHS",High,Passed - Safe pediatric/geriatric dosage tier verified,FHIR_R4_Bundle_G40.909_Condition_MedicationRequest,All Clinical Records & Diagnostic Evidence,Active On-Chain Consent (Granted by Patient),NO,N/A,N/A,Direct patient consent validated via ConsentManager.sol,AES-256-GCM,vault-transit-key-0x0eafabc2,Qm851bfeabc34a17d3c48a325dcb78eaf8b77993f5628c,0.0.4891024,4680,2026-09-13 12:10:28 UTC,0x0c005b7c65852c7fa6383731daf6a477d972abeba327630c7cced147b02dda60,0.0001
ENC-00681,Sneha Iyer,849281,0x7eacf8edef3880c0ad7346f7494bc0a4779d3062,51,male,B+,Dr. Vikram Seth,0x15d34AAf54267DB7D7c367839AAf71A00a2C6A65,NMC-99014,Oncology,Apex Diagnostic & Pathology Hub,0x04Fee3FD1B338d12FFD6dBD8d66dE1e8e0BB99cB,"Epilepsy, unspecified, without status epilepticus",G40.909,Neurology,High,118/74 mmHg,76,99%,95,"Levetiracetam 500mg BID, Clobazam 10mg QHS",Low,Advisory: Monitor Serum Potassium & Renal Function with ACEi/ARB,FHIR_R4_Bundle_G40.909_Condition_MedicationRequest,All Clinical Records & Diagnostic Evidence,Active On-Chain Consent (Granted by Patient),NO,N/A,N/A,Direct patient consent validated via ConsentManager.sol,AES-256-GCM,vault-transit-key-0x7eacf8ed,Qm02cf9f929b367fec903b6ed0e2e7862acc1356bb80cc,0.0.4891024,4681,2026-09-13 12:10:30 UTC,0xca24c6c7d811b55499549ab23ed4817e75000948baaee5c920a6dca27651c5f0,0.0001
ENC-00682,Geeta Menon,849282,0xf7d5b02648514695a146368f45e43aaa56571146,52,female,O-,Dr. Sunita Narang,0xBcd4042DE499D14e55001CcbB24a551F3b954096,NMC-90812,Endocrinology & Internal Medicine,Care & Cure Pediatric & Maternity Hospital,0x937F51E09477BfD31E56c5e533038a8eEAc096b7,Malignant neoplasm of female breast,C50.919,Oncology,Critical,122/76 mmHg,84,98%,105,"Tamoxifen 20mg QD, Trastuzumab 6mg/kg IV Q3W, Paclitaxel",High,Advisory: Monitor Serum Potassium & Renal Function with ACEi/ARB,FHIR_R4_Bundle_C50.919_Condition_MedicationRequest,All Clinical Records & Diagnostic Evidence,Pending Patient Authorization,NO,N/A,N/A,Access request pending approval from patient wallet,AES-256-GCM,vault-transit-key-0xf7d5b026,Qmab41f166e6dab34e7525dfc76596b5a82ce77082d9eb,0.0.4891024,4682,2026-09-13 12:10:32 UTC,0x43f491f9a1d1e431f4ae33799bae82e49ae7261526658c2f0280c1f27e8086b7,0.0001
ENC-00683,Gautam Mehta,849283,0x518ec1a5ff4bb8338752a34193fdf83dcae615c2,53,male,B-,Dr. Rajesh Sharma,0x3c44CdDdB6a900fa2b585dd299e03d12FA4293BC,NMC-78491,Gastroenterology,Fortis Memorial Neuro & Trauma Center,0x84f93618C1D541bB1Dcf1373A8eE500A7D439634,"Acute myocardial infarction, unspecified",I21.9,Cardiology,Emergency,95/60 mmHg,112,93%,165,"Ticagrelor 90mg BID, Aspirin 325mg, Atorvastatin 80mg, IV Heparin",High,Advisory: Confirm Patient Creatinine Clearance prior to Metformin XR,FHIR_R4_Bundle_I21.9_Condition_MedicationRequest,All Clinical Records & Diagnostic Evidence,Break-Glass Emergency Invoked (Active Override),YES,"Acute Life-Threatening Presentation: Acute myocardial infarction, unspecified",60 Minutes (Auto-Expiring Ephemeral Key),Emergency access granted; immediate HCS compliance event broadcasted,AES-256-GCM,vault-transit-key-0x518ec1a5,Qm1ac69cb8aa3665150845a1755cda2a27d9a333a96ec8,0.0.4891024,4683,2026-09-13 12:10:34 UTC,0x46c0cdc707790a4c88f6168d6ed5e5c7b158707878ddd491c9d0dc2e9c4c3afb,0.0001
ENC-00684,Sameer Menon,849284,0x6f0bc8ee6c6c54746bdb23a6d0d27e67c69d7eed,54,female,AB-,Dr. Rajesh Sharma,0x3c44CdDdB6a900fa2b585dd299e03d12FA4293BC,NMC-78491,Gastroenterology,Fortis Memorial Neuro & Trauma Center,0x84f93618C1D541bB1Dcf1373A8eE500A7D439634,Gastro-esophageal reflux disease,K21.9,Gastroenterology,Low,120/80 mmHg,70,99%,98,"Pantoprazole 40mg QD pre-breakfast, Domperidone 30mg QD",High,Advisory: Monitor Serum Potassium & Renal Function with ACEi/ARB,FHIR_R4_Bundle_K21.9_Condition_MedicationRequest,All Clinical Records & Diagnostic Evidence,Active On-Chain Consent (Granted by Patient),NO,N/A,N/A,Direct patient consent validated via ConsentManager.sol,AES-256-GCM,vault-transit-key-0x6f0bc8ee,Qmb1f39cce826d0fd7f86129e2af59584f69b4af805d03,0.0.4891024,4684,2026-09-13 12:10:36 UTC,0x4e13ae1400c4fdd936f8c3b6f6431e1a5552e5798ce35ca14315a769343c5f77,0.0001
ENC-00685,Pranav Mukherjee,849285,0xd375fea82388721af6a42e0363135a039b24cb42,55,male,AB+,Dr. Vikram Seth,0x15d34AAf54267DB7D7c367839AAf71A00a2C6A65,NMC-99014,Oncology,Apex Diagnostic & Pathology Hub,0x04Fee3FD1B338d12FFD6dBD8d66dE1e8e0BB99cB,Unspecified intracranial injury / Concussion,S06.9X0A,Trauma & Emergency,Emergency,150/95 mmHg,64,97%,130,"Mannitol 20% 100mL IV, Phenytoin 100mg IV, Analgesics",High,Passed - Zero Drug-Drug Interaction Warning (Confidence 99.4%),FHIR_R4_Bundle_S06.9X0A_Condition_MedicationRequest,All Clinical Records & Diagnostic Evidence,Break-Glass Emergency Invoked (Active Override),YES,Acute Life-Threatening Presentation: Unspecified intracranial injury / Concussion,60 Minutes (Auto-Expiring Ephemeral Key),Emergency access granted; immediate HCS compliance event broadcasted,AES-256-GCM,vault-transit-key-0xd375fea8,Qmb708789fbea25b0236a49df24219c7fa1061e8027d16,0.0.4891024,4685,2026-09-13 12:10:39 UTC,0xb0ea22f72ab8e4980dfdadfd2f92545d44eb43f4456ef9faeb76c350e40a37a4,0.0001
ENC-00686,Sneha Bhatia,849286,0x220bcc880c0f2987052edaca8215a97ae2a145d3,56,female,A-,Dr. Sarah Jenkins,0x04Fee3FD1B338d12FFD6dBD8d66dE1e8e0BB99cB,NMC-48192,Cardiology,Care & Cure Pediatric & Maternity Hospital,0x937F51E09477BfD31E56c5e533038a8eEAc096b7,"Epilepsy, unspecified, without status epilepticus",G40.909,Neurology,High,118/74 mmHg,76,99%,95,"Levetiracetam 500mg BID, Clobazam 10mg QHS",High,Advisory: Confirm Patient Creatinine Clearance prior to Metformin XR,FHIR_R4_Bundle_G40.909_Condition_MedicationRequest,All Clinical Records & Diagnostic Evidence,Pending Patient Authorization,NO,N/A,N/A,Access request pending approval from patient wallet,AES-256-GCM,vault-transit-key-0x220bcc88,Qm1089af5f6eaea25df181e28b7607129c014d4093d129,0.0.4891024,4686,2026-09-13 12:10:40 UTC,0x381ac9782ae207a5bc64a05cffccc5979ef9f6cdcdba192ed547ab73605f03f6,0.0001
ENC-00687,Sakshi Gowda,849287,0xe656a0986439e23b5f2023327af7d82296fc2352,57,male,AB-,Dr. Sunita Narang,0xBcd4042DE499D14e55001CcbB24a551F3b954096,NMC-90812,Endocrinology & Internal Medicine,Fortis Memorial Neuro & Trauma Center,0x84f93618C1D541bB1Dcf1373A8eE500A7D439634,"Epilepsy, unspecified, without status epilepticus",G40.909,Neurology,High,118/74 mmHg,76,99%,95,"Levetiracetam 500mg BID, Clobazam 10mg QHS",High,Advisory: Monitor Serum Potassium & Renal Function with ACEi/ARB,FHIR_R4_Bundle_G40.909_Condition_MedicationRequest,All Clinical Records & Diagnostic Evidence,Active On-Chain Consent (Granted by Patient),NO,N/A,N/A,Direct patient consent validated via ConsentManager.sol,AES-256-GCM,vault-transit-key-0xe656a098,Qme0f0701dac9377f20c4eab09ee1371006d8dfe40fdb9,0.0.4891024,4687,2026-09-13 12:10:43 UTC,0x2669ca26af968ef6523704b55fd94e47ca62adf3615a7406e3037f2b67f1ad22,0.0001
ENC-00688,Nandini Reddy,849288,0x834f2e174a77acd36c9f2032088b896c07d00ba8,58,female,A+,Dr. Sunita Narang,0xBcd4042DE499D14e55001CcbB24a551F3b954096,NMC-90812,Endocrinology & Internal Medicine,Apollo Multispecialty Hospital,0x155Af6ECaFb48861dA7d16Fb8Af2f6ce9d6DD779,Dengue fever [classical dengue],A90,Infectious Disease,High,100/68 mmHg,96,98%,102,"Oral Rehydration Salts 1L/day, Paracetamol 650mg SOS",Low,Advisory: Monitor Serum Potassium & Renal Function with ACEi/ARB,FHIR_R4_Bundle_A90_Condition_MedicationRequest,All Clinical Records & Diagnostic Evidence,Active On-Chain Consent (Granted by Patient),NO,N/A,N/A,Direct patient consent validated via ConsentManager.sol,AES-256-GCM,vault-transit-key-0x834f2e17,Qm72afa9d2b796ae0576de2026e754a5199b9e7d824bd7,0.0.4891024,4688,2026-09-13 12:10:44 UTC,0x1bd33da6b0eeec007efc14ac2f067a8c9da7d2715d95b6274a9722f74e9ae49e,0.0001
ENC-00689,Chetan Ghosh,849289,0xa3f8ab0ae5fa0886f3dec8264650d8cd29f4d9f3,59,male,A-,Dr. Rohan Patel,0x976EA74026E726554dB657fA54763abd0C3a0aa9,NMC-11029,Neurology,Max Super Speciality Cancer Institute,0x28B7eA94B34C8F52D19E50Eb14769Da20F5D54b4,"Epilepsy, unspecified, without status epilepticus",G40.909,Neurology,High,118/74 mmHg,76,99%,95,"Levetiracetam 500mg BID, Clobazam 10mg QHS",Low,Passed - Zero Drug-Drug Interaction Warning (Confidence 99.4%),FHIR_R4_Bundle_G40.909_Condition_MedicationRequest,All Clinical Records & Diagnostic Evidence,Pending Patient Authorization,NO,N/A,N/A,Access request pending approval from patient wallet,AES-256-GCM,vault-transit-key-0xa3f8ab0a,Qm17479ff37bf928d706e313001c178fc2e038c4d27a45,0.0.4891024,4689,2026-09-13 12:10:47 UTC,0x2941946741415b5cdf54df089431263a78820181cbb56135995c122cdd9237ab,0.0001
ENC-00690,Sneha Choudhury,849290,0x6af1c3de87a6ef1e4ce13ac0a5ca500267d4e71c,60,female,A+,Dr. Vikram Seth,0x15d34AAf54267DB7D7c367839AAf71A00a2C6A65,NMC-99014,Oncology,Fortis Memorial Neuro & Trauma Center,0x84f93618C1D541bB1Dcf1373A8eE500A7D439634,Dengue fever [classical dengue],A90,Infectious Disease,High,100/68 mmHg,96,98%,102,"Oral Rehydration Salts 1L/day, Paracetamol 650mg SOS",Low,Advisory: Confirm Patient Creatinine Clearance prior to Metformin XR,FHIR_R4_Bundle_A90_Condition_MedicationRequest,All Clinical Records & Diagnostic Evidence,Active On-Chain Consent (Granted by Patient),NO,N/A,N/A,Direct patient consent validated via ConsentManager.sol,AES-256-GCM,vault-transit-key-0x6af1c3de,Qm338c08500cf6aef97c1da3d0eb7301ac892c4e14ff67,0.0.4891024,4690,2026-09-13 12:10:49 UTC,0xe682e9c5ef4ab77086a4547ce2d9e3cbaa9f3eda45cba8a2d24c3e6221c236c4,0.0001
ENC-00691,Pooja Menon,849291,0xb7fe278cad36d7914154bb9195aa77dc5802038c,61,male,B+,Dr. Vikram Seth,0x15d34AAf54267DB7D7c367839AAf71A00a2C6A65,NMC-99014,Oncology,Apex Diagnostic & Pathology Hub,0x04Fee3FD1B338d12FFD6dBD8d66dE1e8e0BB99cB,Malignant neoplasm of female breast,C50.919,Oncology,Critical,122/76 mmHg,84,98%,105,"Tamoxifen 20mg QD, Trastuzumab 6mg/kg IV Q3W, Paclitaxel",High,Passed - Safe pediatric/geriatric dosage tier verified,FHIR_R4_Bundle_C50.919_Condition_MedicationRequest,All Clinical Records & Diagnostic Evidence,Pending Patient Authorization,NO,N/A,N/A,Access request pending approval from patient wallet,AES-256-GCM,vault-transit-key-0xb7fe278c,Qm3b88692dfdb507cb5249c07007ce42ac55b0de2c475d,0.0.4891024,4691,2026-09-13 12:10:51 UTC,0x0ed442673ae21c7951f74f2f5bcd680100fbc591f558b44aa71b84ba9d2a4e6a,0.0001
ENC-00692,Gautam Rao,849292,0x5953ef90cd9805b4c078e4583a9c34f677c86e3b,62,female,B-,Dr. Ananya Roy,0x9965507D1a55bcC2695C58ba16FB37d819B0A4dc,NMC-51203,Hematology,Fortis Memorial Neuro & Trauma Center,0x84f93618C1D541bB1Dcf1373A8eE500A7D439634,Essential (primary) hypertension,I10,Cardiology,Moderate,148/92 mmHg,78,98%,110,"Amlodipine 5mg QD, Telmisartan 40mg QD",High,Advisory: Confirm Patient Creatinine Clearance prior to Metformin XR,FHIR_R4_Bundle_I10_Condition_MedicationRequest,All Clinical Records & Diagnostic Evidence,Active On-Chain Consent (Granted by Patient),NO,N/A,N/A,Direct patient consent validated via ConsentManager.sol,AES-256-GCM,vault-transit-key-0x5953ef90,Qmf47c5a7a5f231693252f63ebeae09098025dd8435b51,0.0.4891024,4692,2026-09-13 12:10:53 UTC,0x607f6f83001a28ecfa529d31fcb577c5c7f8aba9ffd5dc33bd961eaeddaf23aa,0.0001
ENC-00693,Gautam Choudhury,849293,0xc169577b7f6cd2810a89a000c41bb8de66d151d8,63,male,A+,Dr. Sarah Jenkins,0x04Fee3FD1B338d12FFD6dBD8d66dE1e8e0BB99cB,NMC-48192,Cardiology,Fortis Memorial Neuro & Trauma Center,0x84f93618C1D541bB1Dcf1373A8eE500A7D439634,Type 2 diabetes mellitus without complications,E11.9,Endocrinology,Moderate,130/82 mmHg,72,99%,142,"Metformin 500mg BID, Dapagliflozin 10mg QD",High,Passed - Zero Drug-Drug Interaction Warning (Confidence 99.4%),FHIR_R4_Bundle_E11.9_Condition_MedicationRequest,All Clinical Records & Diagnostic Evidence,Active On-Chain Consent (Granted by Patient),NO,N/A,N/A,Direct patient consent validated via ConsentManager.sol,AES-256-GCM,vault-transit-key-0xc169577b,Qmc19d43ed742f860e74115fbd828d8499cd8dc4cd5f68,0.0.4891024,4693,2026-09-13 12:10:56 UTC,0xc7d43cbdc251cb0e30075ad94887510337c36841e2131399f1be0d27a353aa15,0.0001
ENC-00694,Chetan Chatterjee,849294,0x16ace109b64ec0db7babc0da02b4c41346afeae1,64,female,O+,Dr. Rohan Patel,0x976EA74026E726554dB657fA54763abd0C3a0aa9,NMC-11029,Neurology,Max Super Speciality Cancer Institute,0x28B7eA94B34C8F52D19E50Eb14769Da20F5D54b4,Dengue fever [classical dengue],A90,Infectious Disease,High,100/68 mmHg,96,98%,102,"Oral Rehydration Salts 1L/day, Paracetamol 650mg SOS",Low,Advisory: Confirm Patient Creatinine Clearance prior to Metformin XR,FHIR_R4_Bundle_A90_Condition_MedicationRequest,All Clinical Records & Diagnostic Evidence,Active On-Chain Consent (Granted by Patient),NO,N/A,N/A,Direct patient consent validated via ConsentManager.sol,AES-256-GCM,vault-transit-key-0x16ace109,Qmf30cfc1e81de49411f14c7a44dc53f52702ec340ef98,0.0.4891024,4694,2026-09-13 12:10:57 UTC,0x41f12da782f88479866bc1934c8df0a8e322be15e8ceb679cea281b7efe1fb92,0.0001
ENC-00695,Bhavna Mishra,849295,0xb83d294e87e11dcadc19fde59c704cc17532cb92,65,male,A-,Dr. Ananya Roy,0x9965507D1a55bcC2695C58ba16FB37d819B0A4dc,NMC-51203,Hematology,Max Super Speciality Cancer Institute,0x28B7eA94B34C8F52D19E50Eb14769Da20F5D54b4,Type 2 diabetes mellitus without complications,E11.9,Endocrinology,Moderate,130/82 mmHg,72,99%,142,"Metformin 500mg BID, Dapagliflozin 10mg QD",Low,Passed - Safe pediatric/geriatric dosage tier verified,FHIR_R4_Bundle_E11.9_Condition_MedicationRequest,All Clinical Records & Diagnostic Evidence,Pending Patient Authorization,NO,N/A,N/A,Access request pending approval from patient wallet,AES-256-GCM,vault-transit-key-0xb83d294e,Qma80bf7beca2ef1ae225eef0544ea84289e8a4a5e2bb0,0.0.4891024,4695,2026-09-13 12:11:00 UTC,0x51124a90730c348650810d4613dfe18f768b86d9eed7712727450d93280badb9,0.0001
ENC-00696,Sakshi Mukherjee,849296,0xe3bb030f46ced5c36cee2502458cf202b80b8fed,66,female,B-,Dr. Sunita Narang,0xBcd4042DE499D14e55001CcbB24a551F3b954096,NMC-90812,Endocrinology & Internal Medicine,Care & Cure Pediatric & Maternity Hospital,0x937F51E09477BfD31E56c5e533038a8eEAc096b7,Dengue fever [classical dengue],A90,Infectious Disease,High,100/68 mmHg,96,98%,102,"Oral Rehydration Salts 1L/day, Paracetamol 650mg SOS",Medium,Advisory: Monitor Serum Potassium & Renal Function with ACEi/ARB,FHIR_R4_Bundle_A90_Condition_MedicationRequest,All Clinical Records & Diagnostic Evidence,Active On-Chain Consent (Granted by Patient),NO,N/A,N/A,Direct patient consent validated via ConsentManager.sol,AES-256-GCM,vault-transit-key-0xe3bb030f,Qm99d58d8dcc7458ca8618daeec522f386a70fbc4657b7,0.0.4891024,4696,2026-09-13 12:11:01 UTC,0x7e48ee85a79c1e5b1aaefa70cc397893f6d8e5ce94b41459c971766c4869c3a4,0.0001
ENC-00697,Sameer Mishra,849297,0x666b2d800267571065eaf50cb2e93f93589ea192,67,male,A-,Dr. Preeti Deshmukh,0x23618e81E3f5cdF7f54C3d65f7FBc0aBf5B21E8f,NMC-82194,Obstetrics & Pediatrics,Fortis Memorial Neuro & Trauma Center,0x84f93618C1D541bB1Dcf1373A8eE500A7D439634,Unspecified intracranial injury / Concussion,S06.9X0A,Trauma & Emergency,Emergency,150/95 mmHg,64,97%,130,"Mannitol 20% 100mL IV, Phenytoin 100mg IV, Analgesics",High,Advisory: Confirm Patient Creatinine Clearance prior to Metformin XR,FHIR_R4_Bundle_S06.9X0A_Condition_MedicationRequest,All Clinical Records & Diagnostic Evidence,Active On-Chain Consent (Granted by Patient),NO,N/A,N/A,Direct patient consent validated via ConsentManager.sol,AES-256-GCM,vault-transit-key-0x666b2d80,Qmbb83417737609a6ba4c30d05d726f5b1d0c7fdbfaeb3,0.0.4891024,4697,2026-09-13 12:11:04 UTC,0x780cfae8e0bf579a199338fe726e30e055d758bc56c950bfe40d436c72875cbc,0.0001
ENC-00698,Nandini Choudhury,849298,0xdcef11e313952791b22d8aa097f242a3b9744cf9,68,female,B+,Dr. Rohan Patel,0x976EA74026E726554dB657fA54763abd0C3a0aa9,NMC-11029,Neurology,Max Super Speciality Cancer Institute,0x28B7eA94B34C8F52D19E50Eb14769Da20F5D54b4,"Epilepsy, unspecified, without status epilepticus",G40.909,Neurology,High,118/74 mmHg,76,99%,95,"Levetiracetam 500mg BID, Clobazam 10mg QHS",High,Passed - Zero Drug-Drug Interaction Warning (Confidence 99.4%),FHIR_R4_Bundle_G40.909_Condition_MedicationRequest,All Clinical Records & Diagnostic Evidence,Pending Patient Authorization,NO,N/A,N/A,Access request pending approval from patient wallet,AES-256-GCM,vault-transit-key-0xdcef11e3,Qm1ff212ab040333bd352f63df39139d349593d44bea5e,0.0.4891024,4698,2026-09-13 12:11:05 UTC,0xac1441956bb9433ef1a82a17f15bb520ddbbd89a9f98882609b01a1ba4934483,0.0001
ENC-00699,Varun Mehta,849299,0x374851a7eb570937bb30bb572964d07711f76e2e,69,male,O+,Dr. Rajesh Sharma,0x3c44CdDdB6a900fa2b585dd299e03d12FA4293BC,NMC-78491,Gastroenterology,Apollo Multispecialty Hospital,0x155Af6ECaFb48861dA7d16Fb8Af2f6ce9d6DD779,Essential (primary) hypertension,I10,Cardiology,Moderate,148/92 mmHg,78,98%,110,"Amlodipine 5mg QD, Telmisartan 40mg QD",High,Advisory: Confirm Patient Creatinine Clearance prior to Metformin XR,FHIR_R4_Bundle_I10_Condition_MedicationRequest,All Clinical Records & Diagnostic Evidence,Active On-Chain Consent (Granted by Patient),NO,N/A,N/A,Direct patient consent validated via ConsentManager.sol,AES-256-GCM,vault-transit-key-0x374851a7,Qmbc4fee525aee6cb75234e0d3a2c4e7cea97bbaed8cef,0.0.4891024,4699,2026-09-13 12:11:08 UTC,0x75446bb8c5b44400bf7d90f64f7063603ffa3661f42ccd462af63cab1d350b31,0.0001
ENC-00700,Pranav Saxena,849300,0xee20e9528a4da63e3fc699ffdef20d8d9a4a3643,70,female,AB+,Dr. Sarah Jenkins,0x04Fee3FD1B338d12FFD6dBD8d66dE1e8e0BB99cB,NMC-48192,Cardiology,Max Super Speciality Cancer Institute,0x28B7eA94B34C8F52D19E50Eb14769Da20F5D54b4,Type 2 diabetes mellitus without complications,E11.9,Endocrinology,Moderate,130/82 mmHg,72,99%,142,"Metformin 500mg BID, Dapagliflozin 10mg QD",Medium,Passed - Zero Drug-Drug Interaction Warning (Confidence 99.4%),FHIR_R4_Bundle_E11.9_Condition_MedicationRequest,All Clinical Records & Diagnostic Evidence,Active On-Chain Consent (Granted by Patient),NO,N/A,N/A,Direct patient consent validated via ConsentManager.sol,AES-256-GCM,vault-transit-key-0xee20e952,Qmed6e3e45eb6f7a3e5dfa5f5d6067cf9dd107698916cf,0.0.4891024,4700,2026-09-13 12:11:10 UTC,0x817391ac70023d0db64262d0e8cb828bc8b06ef971d429514ab715aa20c788f7,0.0001
ENC-00701,Deepak Iyer,849301,0xfc55c3d89b46ed609437d6f1dd6a27c56bc48d25,71,male,O+,Dr. Vikram Seth,0x15d34AAf54267DB7D7c367839AAf71A00a2C6A65,NMC-99014,Oncology,Fortis Memorial Neuro & Trauma Center,0x84f93618C1D541bB1Dcf1373A8eE500A7D439634,Dengue fever [classical dengue],A90,Infectious Disease,High,100/68 mmHg,96,98%,102,"Oral Rehydration Salts 1L/day, Paracetamol 650mg SOS",High,Advisory: Monitor Serum Potassium & Renal Function with ACEi/ARB,FHIR_R4_Bundle_A90_Condition_MedicationRequest,All Clinical Records & Diagnostic Evidence,Active On-Chain Consent (Granted by Patient),NO,N/A,N/A,Direct patient consent validated via ConsentManager.sol,AES-256-GCM,vault-transit-key-0xfc55c3d8,Qm8fc768e9dbb4aa0f7c1ee59eead6c531318f43f53ac0,0.0.4891024,4701,2026-09-13 12:11:12 UTC,0x2231e27dda4c9fd9f1b8668468093d799de1c327622c2b0ae3edad9369b4227e,0.0001
ENC-00702,Varun Pandey,849302,0x8b12df8e194eb5c64b17c78d283ac98543e08f3e,72,female,B+,Dr. Preeti Deshmukh,0x23618e81E3f5cdF7f54C3d65f7FBc0aBf5B21E8f,NMC-82194,Obstetrics & Pediatrics,Apollo Multispecialty Hospital,0x155Af6ECaFb48861dA7d16Fb8Af2f6ce9d6DD779,"Epilepsy, unspecified, without status epilepticus",G40.909,Neurology,High,118/74 mmHg,76,99%,95,"Levetiracetam 500mg BID, Clobazam 10mg QHS",High,Passed - Safe pediatric/geriatric dosage tier verified,FHIR_R4_Bundle_G40.909_Condition_MedicationRequest,All Clinical Records & Diagnostic Evidence,Active On-Chain Consent (Granted by Patient),NO,N/A,N/A,Direct patient consent validated via ConsentManager.sol,AES-256-GCM,vault-transit-key-0x8b12df8e,Qmba85fe84ed5dda5bcd1f87af0ededc6fd96d2138f308,0.0.4891024,4702,2026-09-13 12:11:14 UTC,0x6f12eba4921f2b1c4b4d180bbd0b9a81379f487653bd4eba5f9760a2aaf9a0fa,0.0001
ENC-00703,Nandini Pillai,849303,0x9ef6de6ed31218d42a8d42c0bee985720dbae7e1,73,male,AB-,Dr. Rajesh Sharma,0x3c44CdDdB6a900fa2b585dd299e03d12FA4293BC,NMC-78491,Gastroenterology,Care & Cure Pediatric & Maternity Hospital,0x937F51E09477BfD31E56c5e533038a8eEAc096b7,Malignant neoplasm of female breast,C50.919,Oncology,Critical,122/76 mmHg,84,98%,105,"Tamoxifen 20mg QD, Trastuzumab 6mg/kg IV Q3W, Paclitaxel",Medium,Passed - Safe pediatric/geriatric dosage tier verified,FHIR_R4_Bundle_C50.919_Condition_MedicationRequest,All Clinical Records & Diagnostic Evidence,Active On-Chain Consent (Granted by Patient),NO,N/A,N/A,Direct patient consent validated via ConsentManager.sol,AES-256-GCM,vault-transit-key-0x9ef6de6e,Qm60873f7cd101fcbf842f6342645be71572897db1d6ae,0.0.4891024,4703,2026-09-13 12:11:17 UTC,0x59cadc38b9811f56df78b7acb9589ac3872ed16d83e52b5dd7beb1b5d807df22,0.0001
ENC-00704,Tanvi Gupta,849304,0x47000a0e8adc1941aae3eabe7f32cddeb31bfe27,74,female,O+,Dr. Rajesh Sharma,0x3c44CdDdB6a900fa2b585dd299e03d12FA4293BC,NMC-78491,Gastroenterology,Fortis Memorial Neuro & Trauma Center,0x84f93618C1D541bB1Dcf1373A8eE500A7D439634,Type 2 diabetes mellitus without complications,E11.9,Endocrinology,Moderate,130/82 mmHg,72,99%,142,"Metformin 500mg BID, Dapagliflozin 10mg QD",Low,Advisory: Confirm Patient Creatinine Clearance prior to Metformin XR,FHIR_R4_Bundle_E11.9_Condition_MedicationRequest,All Clinical Records & Diagnostic Evidence,Pending Patient Authorization,NO,N/A,N/A,Access request pending approval from patient wallet,AES-256-GCM,vault-transit-key-0x47000a0e,Qmd1dc3376e8ca022e929d97c01bea1e3876e91dfc72b8,0.0.4891024,4704,2026-09-13 12:11:18 UTC,0x4aa45cf4dd204bbe36ac2e12ae920673c1a21a6986bba4c980316103d429acb2,0.0001
ENC-00705,Chetan Iyer,849305,0x5bbc145f8630123e4f884379c01be4e252b6dd8e,75,male,B+,Dr. Preeti Deshmukh,0x23618e81E3f5cdF7f54C3d65f7FBc0aBf5B21E8f,NMC-82194,Obstetrics & Pediatrics,Apex Diagnostic & Pathology Hub,0x04Fee3FD1B338d12FFD6dBD8d66dE1e8e0BB99cB,"Acute myocardial infarction, unspecified",I21.9,Cardiology,Emergency,95/60 mmHg,112,93%,165,"Ticagrelor 90mg BID, Aspirin 325mg, Atorvastatin 80mg, IV Heparin",Low,Passed - Zero Drug-Drug Interaction Warning (Confidence 99.4%),FHIR_R4_Bundle_I21.9_Condition_MedicationRequest,All Clinical Records & Diagnostic Evidence,Active On-Chain Consent (Granted by Patient),NO,N/A,N/A,Direct patient consent validated via ConsentManager.sol,AES-256-GCM,vault-transit-key-0x5bbc145f,Qm58f90c9b56a82c71e1b6654601f400c08c3ddb998675,0.0.4891024,4705,2026-09-13 12:11:20 UTC,0x20a7514293387966df7c50b3f5b9e0bf5547076e382d64919e1efb214cdbb07f,0.0001
ENC-00706,Madhav Gupta,849306,0xb61929aaca7b8fc320392b13992dd8e7b6bf08cf,76,female,O+,Dr. Preeti Deshmukh,0x23618e81E3f5cdF7f54C3d65f7FBc0aBf5B21E8f,NMC-82194,Obstetrics & Pediatrics,Fortis Memorial Neuro & Trauma Center,0x84f93618C1D541bB1Dcf1373A8eE500A7D439634,"Acute myocardial infarction, unspecified",I21.9,Cardiology,Emergency,95/60 mmHg,112,93%,165,"Ticagrelor 90mg BID, Aspirin 325mg, Atorvastatin 80mg, IV Heparin",High,Passed - Zero Drug-Drug Interaction Warning (Confidence 99.4%),FHIR_R4_Bundle_I21.9_Condition_MedicationRequest,All Clinical Records & Diagnostic Evidence,Break-Glass Emergency Invoked (Active Override),YES,"Acute Life-Threatening Presentation: Acute myocardial infarction, unspecified",60 Minutes (Auto-Expiring Ephemeral Key),Emergency access granted; immediate HCS compliance event broadcasted,AES-256-GCM,vault-transit-key-0xb61929aa,Qm94b8373164f33fef21a9abe7ea6a5723ea6ed91dcf35,0.0.4891024,4706,2026-09-13 12:11:22 UTC,0x39137dacde55c3332a288b8c0f6d689a65ba265d1e26ad4f1f29071fea053886,0.0001
ENC-00707,Priyanka Kapoor,849307,0xef5c58ea9dba3aa00ea8f6b8106842309c041e85,77,male,O-,Dr. Ananya Roy,0x9965507D1a55bcC2695C58ba16FB37d819B0A4dc,NMC-51203,Hematology,Max Super Speciality Cancer Institute,0x28B7eA94B34C8F52D19E50Eb14769Da20F5D54b4,Malignant neoplasm of female breast,C50.919,Oncology,Critical,122/76 mmHg,84,98%,105,"Tamoxifen 20mg QD, Trastuzumab 6mg/kg IV Q3W, Paclitaxel",Low,Passed - Safe pediatric/geriatric dosage tier verified,FHIR_R4_Bundle_C50.919_Condition_MedicationRequest,All Clinical Records & Diagnostic Evidence,Active On-Chain Consent (Granted by Patient),NO,N/A,N/A,Direct patient consent validated via ConsentManager.sol,AES-256-GCM,vault-transit-key-0xef5c58ea,Qma330a8b0aa3e1da196b6e1aa833de1395fdfdb715349,0.0.4891024,4707,2026-09-13 12:11:25 UTC,0x79ccb3f0754ad449e1286c403364271e0ca68677f19d8c1e89c0b12ee789c181,0.0001
ENC-00708,Geeta Nair,849308,0xfb552380be40f651495cd54f20e55b4a6aec0d09,78,female,AB-,Dr. Ananya Roy,0x9965507D1a55bcC2695C58ba16FB37d819B0A4dc,NMC-51203,Hematology,Apex Diagnostic & Pathology Hub,0x04Fee3FD1B338d12FFD6dBD8d66dE1e8e0BB99cB,"Acute myocardial infarction, unspecified",I21.9,Cardiology,Emergency,95/60 mmHg,112,93%,165,"Ticagrelor 90mg BID, Aspirin 325mg, Atorvastatin 80mg, IV Heparin",Medium,Advisory: Monitor Serum Potassium & Renal Function with ACEi/ARB,FHIR_R4_Bundle_I21.9_Condition_MedicationRequest,All Clinical Records & Diagnostic Evidence,Break-Glass Emergency Invoked (Active Override),YES,"Acute Life-Threatening Presentation: Acute myocardial infarction, unspecified",60 Minutes (Auto-Expiring Ephemeral Key),Emergency access granted; immediate HCS compliance event broadcasted,AES-256-GCM,vault-transit-key-0xfb552380,Qmfeabc6dbcc0fd40957fdd39def387f6f58d1c3965150,0.0.4891024,4708,2026-09-13 12:11:27 UTC,0xc3c6199cf118f3c0cfc0eb2ff209281eab4cdd3e32fa553428bcfff4ad391db2,0.0001
ENC-00709,Amit Banerjee,849309,0x9d841002c4bc0c57a5b260f4ef44d9cf5ed134d2,79,male,A-,Dr. Vikram Seth,0x15d34AAf54267DB7D7c367839AAf71A00a2C6A65,NMC-99014,Oncology,Fortis Memorial Neuro & Trauma Center,0x84f93618C1D541bB1Dcf1373A8eE500A7D439634,"Epilepsy, unspecified, without status epilepticus",G40.909,Neurology,High,118/74 mmHg,76,99%,95,"Levetiracetam 500mg BID, Clobazam 10mg QHS",High,Passed - Safe pediatric/geriatric dosage tier verified,FHIR_R4_Bundle_G40.909_Condition_MedicationRequest,All Clinical Records & Diagnostic Evidence,Active On-Chain Consent (Granted by Patient),NO,N/A,N/A,Direct patient consent validated via ConsentManager.sol,AES-256-GCM,vault-transit-key-0x9d841002,Qm74c959bb5cb5950e85f2442d8fdb58db9ed99fa4b8a1,0.0.4891024,4709,2026-09-13 12:11:29 UTC,0xefc71083926bfe32fedac1b841850a798168e6c1feef1fb8376558dcccc4c294,0.0001
ENC-00710,Ananya Mehta,849310,0x8375d0e0c3085103331cc20bb664362c9a686317,80,female,B+,Dr. Rohan Patel,0x976EA74026E726554dB657fA54763abd0C3a0aa9,NMC-11029,Neurology,Apollo Multispecialty Hospital,0x155Af6ECaFb48861dA7d16Fb8Af2f6ce9d6DD779,Dengue fever [classical dengue],A90,Infectious Disease,High,100/68 mmHg,96,98%,102,"Oral Rehydration Salts 1L/day, Paracetamol 650mg SOS",Low,Advisory: Monitor Serum Potassium & Renal Function with ACEi/ARB,FHIR_R4_Bundle_A90_Condition_MedicationRequest,All Clinical Records & Diagnostic Evidence,Active On-Chain Consent (Granted by Patient),NO,N/A,N/A,Direct patient consent validated via ConsentManager.sol,AES-256-GCM,vault-transit-key-0x8375d0e0,Qm7933d386f62c1e25b21966983f96e3fafc0485a674f3,0.0.4891024,4710,2026-09-13 12:11:31 UTC,0x8abce01a958edaab3119929aa6c497ed6b712fb2cc823d1e952f9dc14fa1cdaf,0.0001
ENC-00711,Sneha Verma,849311,0x422f2aab3697b5389e8e5c593d92826258fd8521,81,male,B+,Dr. Preeti Deshmukh,0x23618e81E3f5cdF7f54C3d65f7FBc0aBf5B21E8f,NMC-82194,Obstetrics & Pediatrics,Care & Cure Pediatric & Maternity Hospital,0x937F51E09477BfD31E56c5e533038a8eEAc096b7,"Acute myocardial infarction, unspecified",I21.9,Cardiology,Emergency,95/60 mmHg,112,93%,165,"Ticagrelor 90mg BID, Aspirin 325mg, Atorvastatin 80mg, IV Heparin",Medium,Advisory: Monitor Serum Potassium & Renal Function with ACEi/ARB,FHIR_R4_Bundle_I21.9_Condition_MedicationRequest,All Clinical Records & Diagnostic Evidence,Break-Glass Emergency Invoked (Active Override),YES,"Acute Life-Threatening Presentation: Acute myocardial infarction, unspecified",60 Minutes (Auto-Expiring Ephemeral Key),Emergency access granted; immediate HCS compliance event broadcasted,AES-256-GCM,vault-transit-key-0x422f2aab,Qm2b055968584857e084cc0b5f79ba01cea9886b1ffcff,0.0.4891024,4711,2026-09-13 12:11:33 UTC,0x52e9d2498d39d0349320c603ad8ae00f6c5a4356cef31986d700d12aaeab0050,0.0001
ENC-00712,Pooja Iyer,849312,0x667886db28d2f208d417e4c80c11b09f1b6574d2,82,female,AB-,Dr. Sunita Narang,0xBcd4042DE499D14e55001CcbB24a551F3b954096,NMC-90812,Endocrinology & Internal Medicine,Max Super Speciality Cancer Institute,0x28B7eA94B34C8F52D19E50Eb14769Da20F5D54b4,Type 2 diabetes mellitus without complications,E11.9,Endocrinology,Moderate,130/82 mmHg,72,99%,142,"Metformin 500mg BID, Dapagliflozin 10mg QD",Low,Passed - Zero Drug-Drug Interaction Warning (Confidence 99.4%),FHIR_R4_Bundle_E11.9_Condition_MedicationRequest,All Clinical Records & Diagnostic Evidence,Pending Patient Authorization,NO,N/A,N/A,Access request pending approval from patient wallet,AES-256-GCM,vault-transit-key-0x667886db,Qm027a8c8334b80bea596d6ce3639326ba5e8bc25f9ded,0.0.4891024,4712,2026-09-13 12:11:35 UTC,0xad98cfe822800dbc2ef66e2b5c8b600c10d9c3893d54fd790f0ef82b18d2b91c,0.0001
ENC-00713,Neha Gupta,849313,0xfd12c353e875b31ce487757331dc064dc5ce488a,83,male,AB+,Dr. Preeti Deshmukh,0x23618e81E3f5cdF7f54C3d65f7FBc0aBf5B21E8f,NMC-82194,Obstetrics & Pediatrics,Care & Cure Pediatric & Maternity Hospital,0x937F51E09477BfD31E56c5e533038a8eEAc096b7,Type 2 diabetes mellitus without complications,E11.9,Endocrinology,Moderate,130/82 mmHg,72,99%,142,"Metformin 500mg BID, Dapagliflozin 10mg QD",High,Passed - Safe pediatric/geriatric dosage tier verified,FHIR_R4_Bundle_E11.9_Condition_MedicationRequest,All Clinical Records & Diagnostic Evidence,Pending Patient Authorization,NO,N/A,N/A,Access request pending approval from patient wallet,AES-256-GCM,vault-transit-key-0xfd12c353,Qm6c9e496584901093cc25dcec1cb4ddf7dfa16d234e9d,0.0.4891024,4713,2026-09-13 12:11:37 UTC,0x2843fcaa415bce2cc26bd672e78111f95301807f6d6efeb605a5d2c5af880b05,0.0001
ENC-00714,Lata Patel,849314,0x84295c33fb0cb2505bd8d680f5b6160f2f735ce4,84,female,O-,Dr. Rajesh Sharma,0x3c44CdDdB6a900fa2b585dd299e03d12FA4293BC,NMC-78491,Gastroenterology,Apex Diagnostic & Pathology Hub,0x04Fee3FD1B338d12FFD6dBD8d66dE1e8e0BB99cB,Type 2 diabetes mellitus without complications,E11.9,Endocrinology,Moderate,130/82 mmHg,72,99%,142,"Metformin 500mg BID, Dapagliflozin 10mg QD",High,Advisory: Monitor Serum Potassium & Renal Function with ACEi/ARB,FHIR_R4_Bundle_E11.9_Condition_MedicationRequest,All Clinical Records & Diagnostic Evidence,Active On-Chain Consent (Granted by Patient),NO,N/A,N/A,Direct patient consent validated via ConsentManager.sol,AES-256-GCM,vault-transit-key-0x84295c33,Qmfc1e91ae2224d147de0e8928c2f5f7389234cb8e8689,0.0.4891024,4714,2026-09-13 12:11:39 UTC,0xe0cc1a74c7c476f066c419af115e64fd70ee0daead1018c633b3061a9e1ae4a8,0.0001
ENC-00715,Shreya Pillai,849315,0xb1a9b46819624490297ab2e01d87d75a301aecba,85,male,AB+,Dr. Sunita Narang,0xBcd4042DE499D14e55001CcbB24a551F3b954096,NMC-90812,Endocrinology & Internal Medicine,Apex Diagnostic & Pathology Hub,0x04Fee3FD1B338d12FFD6dBD8d66dE1e8e0BB99cB,Malignant neoplasm of female breast,C50.919,Oncology,Critical,122/76 mmHg,84,98%,105,"Tamoxifen 20mg QD, Trastuzumab 6mg/kg IV Q3W, Paclitaxel",Medium,Advisory: Confirm Patient Creatinine Clearance prior to Metformin XR,FHIR_R4_Bundle_C50.919_Condition_MedicationRequest,All Clinical Records & Diagnostic Evidence,Active On-Chain Consent (Granted by Patient),NO,N/A,N/A,Direct patient consent validated via ConsentManager.sol,AES-256-GCM,vault-transit-key-0xb1a9b468,Qmdbc6a19c3dd8c4e50386688d19ce76773128b0a0c1d4,0.0.4891024,4715,2026-09-13 12:11:41 UTC,0x8be9235489bd08415b6a7bd0a15371589290d117f19087092051f1f27a256733,0.0001
ENC-00716,Ishaan Chatterjee,849316,0x5cecdaaf6b750ab98818608c0179a40cb105e9f0,86,female,AB-,Dr. Preeti Deshmukh,0x23618e81E3f5cdF7f54C3d65f7FBc0aBf5B21E8f,NMC-82194,Obstetrics & Pediatrics,Care & Cure Pediatric & Maternity Hospital,0x937F51E09477BfD31E56c5e533038a8eEAc096b7,Malignant neoplasm of female breast,C50.919,Oncology,Critical,122/76 mmHg,84,98%,105,"Tamoxifen 20mg QD, Trastuzumab 6mg/kg IV Q3W, Paclitaxel",Low,Passed - Safe pediatric/geriatric dosage tier verified,FHIR_R4_Bundle_C50.919_Condition_MedicationRequest,All Clinical Records & Diagnostic Evidence,Active On-Chain Consent (Granted by Patient),NO,N/A,N/A,Direct patient consent validated via ConsentManager.sol,AES-256-GCM,vault-transit-key-0x5cecdaaf,Qma22b12b3fd214f7cf73a0c22942d0fb6dc179f1bdce5,0.0.4891024,4716,2026-09-13 12:11:43 UTC,0x87f6fab280a73dc41e37f70142547bda8a08be89df8a2d5b11adcd49403e16e9,0.0001
ENC-00717,Aditi Saxena,849317,0xc7adc3f8803c7a3ad82f2967e01a4c1e641dba8b,87,male,A-,Dr. Vikram Seth,0x15d34AAf54267DB7D7c367839AAf71A00a2C6A65,NMC-99014,Oncology,Fortis Memorial Neuro & Trauma Center,0x84f93618C1D541bB1Dcf1373A8eE500A7D439634,Dengue fever [classical dengue],A90,Infectious Disease,High,100/68 mmHg,96,98%,102,"Oral Rehydration Salts 1L/day, Paracetamol 650mg SOS",Medium,Passed - Zero Drug-Drug Interaction Warning (Confidence 99.4%),FHIR_R4_Bundle_A90_Condition_MedicationRequest,All Clinical Records & Diagnostic Evidence,Active On-Chain Consent (Granted by Patient),NO,N/A,N/A,Direct patient consent validated via ConsentManager.sol,AES-256-GCM,vault-transit-key-0xc7adc3f8,Qmc1b797a03517f9acab05902e783dd171c0c213de8009,0.0.4891024,4717,2026-09-13 12:11:45 UTC,0x6c6832a98acffa46249d044cdcd38893f94086b6a6b319e16f3c03fc6816465b,0.0001
ENC-00718,Madhav Ghosh,849318,0xa076d08f8518ef3ae20c2c607e811026e4acd8f6,88,female,AB-,Dr. Sarah Jenkins,0x04Fee3FD1B338d12FFD6dBD8d66dE1e8e0BB99cB,NMC-48192,Cardiology,Max Super Speciality Cancer Institute,0x28B7eA94B34C8F52D19E50Eb14769Da20F5D54b4,Type 2 diabetes mellitus without complications,E11.9,Endocrinology,Moderate,130/82 mmHg,72,99%,142,"Metformin 500mg BID, Dapagliflozin 10mg QD",Medium,Advisory: Monitor Serum Potassium & Renal Function with ACEi/ARB,FHIR_R4_Bundle_E11.9_Condition_MedicationRequest,All Clinical Records & Diagnostic Evidence,Active On-Chain Consent (Granted by Patient),NO,N/A,N/A,Direct patient consent validated via ConsentManager.sol,AES-256-GCM,vault-transit-key-0xa076d08f,Qmf910b26d4b0c2bcac0b9515f8aa97243347c783ed1f6,0.0.4891024,4718,2026-09-13 12:11:47 UTC,0xeee9392bb2a98d0dc8886d70a894a9755f62f6bbf09a7ac3e5e743291646c209,0.0001
ENC-00719,Priyanka Shetty,849319,0x9c493b4dc3909cd23e8e4b3911d5e0e89d313327,89,male,AB-,Dr. Sunita Narang,0xBcd4042DE499D14e55001CcbB24a551F3b954096,NMC-90812,Endocrinology & Internal Medicine,Apex Diagnostic & Pathology Hub,0x04Fee3FD1B338d12FFD6dBD8d66dE1e8e0BB99cB,Dengue fever [classical dengue],A90,Infectious Disease,High,100/68 mmHg,96,98%,102,"Oral Rehydration Salts 1L/day, Paracetamol 650mg SOS",High,Advisory: Monitor Serum Potassium & Renal Function with ACEi/ARB,FHIR_R4_Bundle_A90_Condition_MedicationRequest,All Clinical Records & Diagnostic Evidence,Active On-Chain Consent (Granted by Patient),NO,N/A,N/A,Direct patient consent validated via ConsentManager.sol,AES-256-GCM,vault-transit-key-0x9c493b4d,Qm8b6667060a43135c657df196b92f1301c701ec45c079,0.0.4891024,4719,2026-09-13 12:11:50 UTC,0x4989b20486e500836dc897feffcdb7e28216a94de941ee9c39cc136b4411f004,0.0001
ENC-00720,Sakshi Gupta,849320,0x61f99e4897cc103fc22d05704597d64d21f8cb61,18,female,AB+,Dr. Rajesh Sharma,0x3c44CdDdB6a900fa2b585dd299e03d12FA4293BC,NMC-78491,Gastroenterology,Max Super Speciality Cancer Institute,0x28B7eA94B34C8F52D19E50Eb14769Da20F5D54b4,Essential (primary) hypertension,I10,Cardiology,Moderate,148/92 mmHg,78,98%,110,"Amlodipine 5mg QD, Telmisartan 40mg QD",Medium,Passed - Zero Drug-Drug Interaction Warning (Confidence 99.4%),FHIR_R4_Bundle_I10_Condition_MedicationRequest,All Clinical Records & Diagnostic Evidence,Pending Patient Authorization,NO,N/A,N/A,Access request pending approval from patient wallet,AES-256-GCM,vault-transit-key-0x61f99e48,Qma7c539a1e5393eeef945ce72b8162178b3ed94553845,0.0.4891024,4720,2026-09-13 12:11:52 UTC,0x198075c87da4ad0086ed10066dc3a50409286e456bff7d589e9b625985b17ee6,0.0001
ENC-00721,Sneha Menon,849321,0xb830cafaf0ae2d2e4a0dbcc31f43d9a3b59e0c9a,19,male,O+,Dr. Rohan Patel,0x976EA74026E726554dB657fA54763abd0C3a0aa9,NMC-11029,Neurology,Max Super Speciality Cancer Institute,0x28B7eA94B34C8F52D19E50Eb14769Da20F5D54b4,Type 2 diabetes mellitus without complications,E11.9,Endocrinology,Moderate,130/82 mmHg,72,99%,142,"Metformin 500mg BID, Dapagliflozin 10mg QD",High,Passed - Zero Drug-Drug Interaction Warning (Confidence 99.4%),FHIR_R4_Bundle_E11.9_Condition_MedicationRequest,All Clinical Records & Diagnostic Evidence,Active On-Chain Consent (Granted by Patient),NO,N/A,N/A,Direct patient consent validated via ConsentManager.sol,AES-256-GCM,vault-transit-key-0xb830cafa,Qm2e2ee13a3e9585a8985976eef969836bb83d07c23a16,0.0.4891024,4721,2026-09-13 12:11:54 UTC,0xdd96b9d88ea936a3f2cd4a6edabc4317829cbe11eb7d9cfc7611864ff447e963,0.0001
ENC-00722,Anand Agarwal,849322,0xdd91ed9c11150e0dfc6b86fbfd28ede125eabd01,20,female,AB-,Dr. Rohan Patel,0x976EA74026E726554dB657fA54763abd0C3a0aa9,NMC-11029,Neurology,Apex Diagnostic & Pathology Hub,0x04Fee3FD1B338d12FFD6dBD8d66dE1e8e0BB99cB,Dengue fever [classical dengue],A90,Infectious Disease,High,100/68 mmHg,96,98%,102,"Oral Rehydration Salts 1L/day, Paracetamol 650mg SOS",High,Advisory: Monitor Serum Potassium & Renal Function with ACEi/ARB,FHIR_R4_Bundle_A90_Condition_MedicationRequest,All Clinical Records & Diagnostic Evidence,Active On-Chain Consent (Granted by Patient),NO,N/A,N/A,Direct patient consent validated via ConsentManager.sol,AES-256-GCM,vault-transit-key-0xdd91ed9c,Qm8d639c053b5e6f618d2fbe193610eb20b355bddff27e,0.0.4891024,4722,2026-09-13 12:11:57 UTC,0x1160fee01b5dd9675f4c5e86bb0f4decd5b756fa19fae5421d7dca41ba8c6df1,0.0001
ENC-00723,Shreya Shetty,849323,0x9967238d496f5c46f41ea1cb48b2c14ced030287,21,male,A-,Dr. Rajesh Sharma,0x3c44CdDdB6a900fa2b585dd299e03d12FA4293BC,NMC-78491,Gastroenterology,Max Super Speciality Cancer Institute,0x28B7eA94B34C8F52D19E50Eb14769Da20F5D54b4,Gastro-esophageal reflux disease,K21.9,Gastroenterology,Low,120/80 mmHg,70,99%,98,"Pantoprazole 40mg QD pre-breakfast, Domperidone 30mg QD",Low,Passed - Zero Drug-Drug Interaction Warning (Confidence 99.4%),FHIR_R4_Bundle_K21.9_Condition_MedicationRequest,All Clinical Records & Diagnostic Evidence,Pending Patient Authorization,NO,N/A,N/A,Access request pending approval from patient wallet,AES-256-GCM,vault-transit-key-0x9967238d,Qm21ac4f874e386dd9a4ea3a12ab5a531db7b5b7fcc4d4,0.0.4891024,4723,2026-09-13 12:11:58 UTC,0xb11bc8404bfc1214afd2e6c5c258a216c517ceb92e132ea9380600878c835023,0.0001
ENC-00724,Rakesh Choudhury,849324,0xea4561a50639b7a9e2244829baaf52a51898e95b,22,female,AB+,Dr. Ananya Roy,0x9965507D1a55bcC2695C58ba16FB37d819B0A4dc,NMC-51203,Hematology,Apollo Multispecialty Hospital,0x155Af6ECaFb48861dA7d16Fb8Af2f6ce9d6DD779,Unspecified intracranial injury / Concussion,S06.9X0A,Trauma & Emergency,Emergency,150/95 mmHg,64,97%,130,"Mannitol 20% 100mL IV, Phenytoin 100mg IV, Analgesics",Low,Passed - Zero Drug-Drug Interaction Warning (Confidence 99.4%),FHIR_R4_Bundle_S06.9X0A_Condition_MedicationRequest,All Clinical Records & Diagnostic Evidence,Break-Glass Emergency Invoked (Active Override),YES,Acute Life-Threatening Presentation: Unspecified intracranial injury / Concussion,60 Minutes (Auto-Expiring Ephemeral Key),Emergency access granted; immediate HCS compliance event broadcasted,AES-256-GCM,vault-transit-key-0xea4561a5,Qm8abcea3496dd8f962d50622c6dbe373c22971dbe7cc6,0.0.4891024,4724,2026-09-13 12:12:00 UTC,0x5c2da999fe0b4f7dc7ad24f3eeedd303a273e0b81f90af56fa745a7efd7525b5,0.0001
ENC-00725,Pooja Mukherjee,849325,0x1edcaebbe5f412b4e0a1f79a2aa7a07e99a5d125,23,male,A+,Dr. Sarah Jenkins,0x04Fee3FD1B338d12FFD6dBD8d66dE1e8e0BB99cB,NMC-48192,Cardiology,Max Super Speciality Cancer Institute,0x28B7eA94B34C8F52D19E50Eb14769Da20F5D54b4,Type 2 diabetes mellitus without complications,E11.9,Endocrinology,Moderate,130/82 mmHg,72,99%,142,"Metformin 500mg BID, Dapagliflozin 10mg QD",Low,Advisory: Confirm Patient Creatinine Clearance prior to Metformin XR,FHIR_R4_Bundle_E11.9_Condition_MedicationRequest,All Clinical Records & Diagnostic Evidence,Pending Patient Authorization,NO,N/A,N/A,Access request pending approval from patient wallet,AES-256-GCM,vault-transit-key-0x1edcaebb,Qm02343c1fb83ef7b1fac200b742314b57a5c5cdb59c81,0.0.4891024,4725,2026-09-13 12:12:03 UTC,0x0917b308ed9271d503eee18a1dcb1912f59ff3f70b280fccd01edd5747aac8ca,0.0001
ENC-00726,Divya Choudhury,849326,0x7557b4e9bab7533607e0c1a7f75e69c12f8248f9,24,female,AB+,Dr. Ananya Roy,0x9965507D1a55bcC2695C58ba16FB37d819B0A4dc,NMC-51203,Hematology,Fortis Memorial Neuro & Trauma Center,0x84f93618C1D541bB1Dcf1373A8eE500A7D439634,Malignant neoplasm of female breast,C50.919,Oncology,Critical,122/76 mmHg,84,98%,105,"Tamoxifen 20mg QD, Trastuzumab 6mg/kg IV Q3W, Paclitaxel",High,Advisory: Monitor Serum Potassium & Renal Function with ACEi/ARB,FHIR_R4_Bundle_C50.919_Condition_MedicationRequest,All Clinical Records & Diagnostic Evidence,Active On-Chain Consent (Granted by Patient),NO,N/A,N/A,Direct patient consent validated via ConsentManager.sol,AES-256-GCM,vault-transit-key-0x7557b4e9,Qm56bbf5e28f98cbb46009350bb0d1d604a2c63ec9d2fa,0.0.4891024,4726,2026-09-13 12:12:04 UTC,0x95206c43809ddd6a381f2e5a3d324b3a587af6e440c7eff09e539f7850a0150b,0.0001
ENC-00727,Tanvi Chatterjee,849327,0x54ff721acd3ca824e149c1a77d6fa9d057fb775e,25,male,A+,Dr. Rajesh Sharma,0x3c44CdDdB6a900fa2b585dd299e03d12FA4293BC,NMC-78491,Gastroenterology,Apex Diagnostic & Pathology Hub,0x04Fee3FD1B338d12FFD6dBD8d66dE1e8e0BB99cB,Dengue fever [classical dengue],A90,Infectious Disease,High,100/68 mmHg,96,98%,102,"Oral Rehydration Salts 1L/day, Paracetamol 650mg SOS",Medium,Passed - Zero Drug-Drug Interaction Warning (Confidence 99.4%),FHIR_R4_Bundle_A90_Condition_MedicationRequest,All Clinical Records & Diagnostic Evidence,Active On-Chain Consent (Granted by Patient),NO,N/A,N/A,Direct patient consent validated via ConsentManager.sol,AES-256-GCM,vault-transit-key-0x54ff721a,Qm2ad4bfea561a6adce15e33dfc4af3a94726ed75fba75,0.0.4891024,4727,2026-09-13 12:12:06 UTC,0x2b4aa86aed9af9dbb66f65ab8b3b981c44c94ccddae1248b1ff8bff7047e5916,0.0001
ENC-00728,Arjun Kulkarni,849328,0x7b42451ca0e970675d3a435fddbf14da740b9c39,26,female,B+,Dr. Preeti Deshmukh,0x23618e81E3f5cdF7f54C3d65f7FBc0aBf5B21E8f,NMC-82194,Obstetrics & Pediatrics,Max Super Speciality Cancer Institute,0x28B7eA94B34C8F52D19E50Eb14769Da20F5D54b4,"Acute myocardial infarction, unspecified",I21.9,Cardiology,Emergency,95/60 mmHg,112,93%,165,"Ticagrelor 90mg BID, Aspirin 325mg, Atorvastatin 80mg, IV Heparin",High,Passed - Zero Drug-Drug Interaction Warning (Confidence 99.4%),FHIR_R4_Bundle_I21.9_Condition_MedicationRequest,All Clinical Records & Diagnostic Evidence,Break-Glass Emergency Invoked (Active Override),YES,"Acute Life-Threatening Presentation: Acute myocardial infarction, unspecified",60 Minutes (Auto-Expiring Ephemeral Key),Emergency access granted; immediate HCS compliance event broadcasted,AES-256-GCM,vault-transit-key-0x7b42451c,Qmf8123275c0fea80078b9691a62b8d0da5e36eff7a8ee,0.0.4891024,4728,2026-09-13 12:12:09 UTC,0xcc0e0d4930657675d8c2e029a50bc2be9cca9d716dfed0273f652b739ebf05c1,0.0001
ENC-00729,Yashwanth Kapoor,849329,0x6b77956fb899aaee89ef43636d5231ddf003c073,27,male,AB-,Dr. Sunita Narang,0xBcd4042DE499D14e55001CcbB24a551F3b954096,NMC-90812,Endocrinology & Internal Medicine,Max Super Speciality Cancer Institute,0x28B7eA94B34C8F52D19E50Eb14769Da20F5D54b4,Essential (primary) hypertension,I10,Cardiology,Moderate,148/92 mmHg,78,98%,110,"Amlodipine 5mg QD, Telmisartan 40mg QD",Low,Passed - Zero Drug-Drug Interaction Warning (Confidence 99.4%),FHIR_R4_Bundle_I10_Condition_MedicationRequest,All Clinical Records & Diagnostic Evidence,Active On-Chain Consent (Granted by Patient),NO,N/A,N/A,Direct patient consent validated via ConsentManager.sol,AES-256-GCM,vault-transit-key-0x6b77956f,Qma519b6c3f07858dfe4f26acfcf5211c7ca1d7d06b1f1,0.0.4891024,4729,2026-09-13 12:12:11 UTC,0xdb4990d31f5ffafcc554384816d55334d5700463501dbbdd40fc0c2a1bcefcc9,0.0001
ENC-00730,Siddharth Joshi,849330,0xfa6867ddefdc820971ddcda60bb5d4ea6b84d790,28,female,A+,Dr. Rajesh Sharma,0x3c44CdDdB6a900fa2b585dd299e03d12FA4293BC,NMC-78491,Gastroenterology,Max Super Speciality Cancer Institute,0x28B7eA94B34C8F52D19E50Eb14769Da20F5D54b4,Essential (primary) hypertension,I10,Cardiology,Moderate,148/92 mmHg,78,98%,110,"Amlodipine 5mg QD, Telmisartan 40mg QD",Low,Passed - Zero Drug-Drug Interaction Warning (Confidence 99.4%),FHIR_R4_Bundle_I10_Condition_MedicationRequest,All Clinical Records & Diagnostic Evidence,Active On-Chain Consent (Granted by Patient),NO,N/A,N/A,Direct patient consent validated via ConsentManager.sol,AES-256-GCM,vault-transit-key-0xfa6867dd,Qm988d94252771cc21b4aecf8a17135c7ea847348c6013,0.0.4891024,4730,2026-09-13 12:12:13 UTC,0xd48b7f0b5046c6e4db2aec0c93998d0229587186023e44a57feafe070e4a1846,0.0001
ENC-00731,Sameer Shetty,849331,0x710831400d32a445d32af463bb5923f4d75972fd,29,male,AB-,Dr. Rajesh Sharma,0x3c44CdDdB6a900fa2b585dd299e03d12FA4293BC,NMC-78491,Gastroenterology,Max Super Speciality Cancer Institute,0x28B7eA94B34C8F52D19E50Eb14769Da20F5D54b4,Malignant neoplasm of female breast,C50.919,Oncology,Critical,122/76 mmHg,84,98%,105,"Tamoxifen 20mg QD, Trastuzumab 6mg/kg IV Q3W, Paclitaxel",Medium,Advisory: Monitor Serum Potassium & Renal Function with ACEi/ARB,FHIR_R4_Bundle_C50.919_Condition_MedicationRequest,All Clinical Records & Diagnostic Evidence,Active On-Chain Consent (Granted by Patient),NO,N/A,N/A,Direct patient consent validated via ConsentManager.sol,AES-256-GCM,vault-transit-key-0x71083140,Qm1a9398ca41ad1c06f759c55ce543353840af7cafa5c2,0.0.4891024,4731,2026-09-13 12:12:15 UTC,0x5b620faccd4d5f982581cfe5695465c3d1c646af586ca406f78e10c4e677f11a,0.0001
ENC-00732,Sameer Iyer,849332,0x583e02465daac1d0983c3becb76bb5970c85ed81,30,female,O+,Dr. Preeti Deshmukh,0x23618e81E3f5cdF7f54C3d65f7FBc0aBf5B21E8f,NMC-82194,Obstetrics & Pediatrics,Max Super Speciality Cancer Institute,0x28B7eA94B34C8F52D19E50Eb14769Da20F5D54b4,Dengue fever [classical dengue],A90,Infectious Disease,High,100/68 mmHg,96,98%,102,"Oral Rehydration Salts 1L/day, Paracetamol 650mg SOS",High,Advisory: Confirm Patient Creatinine Clearance prior to Metformin XR,FHIR_R4_Bundle_A90_Condition_MedicationRequest,All Clinical Records & Diagnostic Evidence,Active On-Chain Consent (Granted by Patient),NO,N/A,N/A,Direct patient consent validated via ConsentManager.sol,AES-256-GCM,vault-transit-key-0x583e0246,Qm4bfadc894017b6968c0a1a44000bde1fe7edb3bb737c,0.0.4891024,4732,2026-09-13 12:12:18 UTC,0x9d214937e2aab48d4a955236d3dfe96b72605fb4ea41318e4b2b17ce6f64c0ed,0.0001
ENC-00733,Gautam Gupta,849333,0xc21b96f62b56296dc773208e4acf43e9e68a866d,31,male,O-,Dr. Rajesh Sharma,0x3c44CdDdB6a900fa2b585dd299e03d12FA4293BC,NMC-78491,Gastroenterology,Apollo Multispecialty Hospital,0x155Af6ECaFb48861dA7d16Fb8Af2f6ce9d6DD779,"Acute myocardial infarction, unspecified",I21.9,Cardiology,Emergency,95/60 mmHg,112,93%,165,"Ticagrelor 90mg BID, Aspirin 325mg, Atorvastatin 80mg, IV Heparin",High,Passed - Safe pediatric/geriatric dosage tier verified,FHIR_R4_Bundle_I21.9_Condition_MedicationRequest,All Clinical Records & Diagnostic Evidence,Break-Glass Emergency Invoked (Active Override),YES,"Acute Life-Threatening Presentation: Acute myocardial infarction, unspecified",60 Minutes (Auto-Expiring Ephemeral Key),Emergency access granted; immediate HCS compliance event broadcasted,AES-256-GCM,vault-transit-key-0xc21b96f6,Qm5cad59102b798e4b63696ff1d4eee183958cea15c153,0.0.4891024,4733,2026-09-13 12:12:20 UTC,0x144c39d09c3e886265f07bc9ef4ffd7965c2a145f076ff62bfac80b9c235d4f2,0.0001
ENC-00734,Kavya Malhotra,849334,0xbbab5117211b8a9dfbc3d5fd3497d86acc785d77,32,female,A-,Dr. Sunita Narang,0xBcd4042DE499D14e55001CcbB24a551F3b954096,NMC-90812,Endocrinology & Internal Medicine,Apollo Multispecialty Hospital,0x155Af6ECaFb48861dA7d16Fb8Af2f6ce9d6DD779,Unspecified intracranial injury / Concussion,S06.9X0A,Trauma & Emergency,Emergency,150/95 mmHg,64,97%,130,"Mannitol 20% 100mL IV, Phenytoin 100mg IV, Analgesics",Low,Advisory: Confirm Patient Creatinine Clearance prior to Metformin XR,FHIR_R4_Bundle_S06.9X0A_Condition_MedicationRequest,All Clinical Records & Diagnostic Evidence,Active On-Chain Consent (Granted by Patient),NO,N/A,N/A,Direct patient consent validated via ConsentManager.sol,AES-256-GCM,vault-transit-key-0xbbab5117,Qm96bde07e259ab86265c133df2bae78f95d5a26b97173,0.0.4891024,4734,2026-09-13 12:12:21 UTC,0x84f620612e89cb69a3a9db541901ebf4423e4f20827663a7a212bd9b051f0eef,0.0001
ENC-00735,Aditi Ghosh,849335,0xeb49948664a43edcc6937a1addcc06685ff0d76f,33,male,AB+,Dr. Preeti Deshmukh,0x23618e81E3f5cdF7f54C3d65f7FBc0aBf5B21E8f,NMC-82194,Obstetrics & Pediatrics,Fortis Memorial Neuro & Trauma Center,0x84f93618C1D541bB1Dcf1373A8eE500A7D439634,Unspecified intracranial injury / Concussion,S06.9X0A,Trauma & Emergency,Emergency,150/95 mmHg,64,97%,130,"Mannitol 20% 100mL IV, Phenytoin 100mg IV, Analgesics",High,Passed - Zero Drug-Drug Interaction Warning (Confidence 99.4%),FHIR_R4_Bundle_S06.9X0A_Condition_MedicationRequest,All Clinical Records & Diagnostic Evidence,Pending Patient Authorization,NO,N/A,N/A,Access request pending approval from patient wallet,AES-256-GCM,vault-transit-key-0xeb499486,Qmd190d359cadcc332c4be5e51fa61f461a39347e92020,0.0.4891024,4735,2026-09-13 12:12:24 UTC,0x71af9000eeaa2abc92ce1d3901ae08c7ae455013d44e1cf5db27e2390e695720,0.0001
ENC-00736,Aarav Hegde,849336,0xe67fd4a82d0799fb3cfe757400464c27703a4c13,34,female,AB+,Dr. Preeti Deshmukh,0x23618e81E3f5cdF7f54C3d65f7FBc0aBf5B21E8f,NMC-82194,Obstetrics & Pediatrics,Apex Diagnostic & Pathology Hub,0x04Fee3FD1B338d12FFD6dBD8d66dE1e8e0BB99cB,Unspecified intracranial injury / Concussion,S06.9X0A,Trauma & Emergency,Emergency,150/95 mmHg,64,97%,130,"Mannitol 20% 100mL IV, Phenytoin 100mg IV, Analgesics",Low,Passed - Safe pediatric/geriatric dosage tier verified,FHIR_R4_Bundle_S06.9X0A_Condition_MedicationRequest,All Clinical Records & Diagnostic Evidence,Break-Glass Emergency Invoked (Active Override),YES,Acute Life-Threatening Presentation: Unspecified intracranial injury / Concussion,60 Minutes (Auto-Expiring Ephemeral Key),Emergency access granted; immediate HCS compliance event broadcasted,AES-256-GCM,vault-transit-key-0xe67fd4a8,Qmec54572b1b672d5ad3761cc05b94e989d56c92bf9ee7,0.0.4891024,4736,2026-09-13 12:12:25 UTC,0x7c9321d15bcd0944d06cbd7015bb3c00476f401d7e3942785355360bf9b5e8ca,0.0001
ENC-00737,Pranav Banerjee,849337,0x70908ed6a6ae4f921f26ce477dd2c5ff901fc573,35,male,A+,Dr. Rajesh Sharma,0x3c44CdDdB6a900fa2b585dd299e03d12FA4293BC,NMC-78491,Gastroenterology,Fortis Memorial Neuro & Trauma Center,0x84f93618C1D541bB1Dcf1373A8eE500A7D439634,Malignant neoplasm of female breast,C50.919,Oncology,Critical,122/76 mmHg,84,98%,105,"Tamoxifen 20mg QD, Trastuzumab 6mg/kg IV Q3W, Paclitaxel",Medium,Advisory: Confirm Patient Creatinine Clearance prior to Metformin XR,FHIR_R4_Bundle_C50.919_Condition_MedicationRequest,All Clinical Records & Diagnostic Evidence,Active On-Chain Consent (Granted by Patient),NO,N/A,N/A,Direct patient consent validated via ConsentManager.sol,AES-256-GCM,vault-transit-key-0x70908ed6,Qm5a83144fca1fa8c045757d36c63f1374cd08fc05658e,0.0.4891024,4737,2026-09-13 12:12:28 UTC,0x9edddd3163acac78209ad82ee72044def6911b8ab8766d90a25fe085ca06bb3a,0.0001
ENC-00738,Geeta Bhatia,849338,0x04ce87253f6fb7ef142238e5b6d5e656072ddecb,36,female,B-,Dr. Vikram Seth,0x15d34AAf54267DB7D7c367839AAf71A00a2C6A65,NMC-99014,Oncology,Max Super Speciality Cancer Institute,0x28B7eA94B34C8F52D19E50Eb14769Da20F5D54b4,Malignant neoplasm of female breast,C50.919,Oncology,Critical,122/76 mmHg,84,98%,105,"Tamoxifen 20mg QD, Trastuzumab 6mg/kg IV Q3W, Paclitaxel",High,Advisory: Confirm Patient Creatinine Clearance prior to Metformin XR,FHIR_R4_Bundle_C50.919_Condition_MedicationRequest,All Clinical Records & Diagnostic Evidence,Pending Patient Authorization,NO,N/A,N/A,Access request pending approval from patient wallet,AES-256-GCM,vault-transit-key-0x04ce8725,Qm846f18f30da61e9d2b028eccb803a67e3b8eb0f936e1,0.0.4891024,4738,2026-09-13 12:12:29 UTC,0x26a337a666ddf1e9c6188c714a696b648eff788c19f552455f7cf4a8ff7ac3fa,0.0001
ENC-00739,Manish Sharma,849339,0x8921414827120e59ec76c9340c68c006dbc9cb4b,37,male,B+,Dr. Ananya Roy,0x9965507D1a55bcC2695C58ba16FB37d819B0A4dc,NMC-51203,Hematology,Apollo Multispecialty Hospital,0x155Af6ECaFb48861dA7d16Fb8Af2f6ce9d6DD779,Gastro-esophageal reflux disease,K21.9,Gastroenterology,Low,120/80 mmHg,70,99%,98,"Pantoprazole 40mg QD pre-breakfast, Domperidone 30mg QD",Low,Advisory: Monitor Serum Potassium & Renal Function with ACEi/ARB,FHIR_R4_Bundle_K21.9_Condition_MedicationRequest,All Clinical Records & Diagnostic Evidence,Active On-Chain Consent (Granted by Patient),NO,N/A,N/A,Direct patient consent validated via ConsentManager.sol,AES-256-GCM,vault-transit-key-0x89214148,Qmfdb2702d3b886ac326c85e5021598d3f160e65c043b0,0.0.4891024,4739,2026-09-13 12:12:32 UTC,0x32105f6af0d5d88cbbc54527f1f98f96d0860b1f5f2057255e911e8ad5c150fe,0.0001
ENC-00740,Harish Chatterjee,849340,0xc49029a1acb9bf80c203a6005b591ab4ae641b6a,38,female,O-,Dr. Sarah Jenkins,0x04Fee3FD1B338d12FFD6dBD8d66dE1e8e0BB99cB,NMC-48192,Cardiology,Max Super Speciality Cancer Institute,0x28B7eA94B34C8F52D19E50Eb14769Da20F5D54b4,Essential (primary) hypertension,I10,Cardiology,Moderate,148/92 mmHg,78,98%,110,"Amlodipine 5mg QD, Telmisartan 40mg QD",Medium,Passed - Zero Drug-Drug Interaction Warning (Confidence 99.4%),FHIR_R4_Bundle_I10_Condition_MedicationRequest,All Clinical Records & Diagnostic Evidence,Active On-Chain Consent (Granted by Patient),NO,N/A,N/A,Direct patient consent validated via ConsentManager.sol,AES-256-GCM,vault-transit-key-0xc49029a1,Qm14388d0fd60951aa582b63838fe2a9e9734e09822341,0.0.4891024,4740,2026-09-13 12:12:34 UTC,0xd4ed98ff7488acf5e72e5d8ed0cf138013cdd3c77befd154150f530074443065,0.0001
ENC-00741,Lata Sharma,849341,0x583d20b94bc2b8857c8593e47f9edd8989ddf4b6,39,male,B-,Dr. Rajesh Sharma,0x3c44CdDdB6a900fa2b585dd299e03d12FA4293BC,NMC-78491,Gastroenterology,Max Super Speciality Cancer Institute,0x28B7eA94B34C8F52D19E50Eb14769Da20F5D54b4,Type 2 diabetes mellitus without complications,E11.9,Endocrinology,Moderate,130/82 mmHg,72,99%,142,"Metformin 500mg BID, Dapagliflozin 10mg QD",Medium,Passed - Zero Drug-Drug Interaction Warning (Confidence 99.4%),FHIR_R4_Bundle_E11.9_Condition_MedicationRequest,All Clinical Records & Diagnostic Evidence,Pending Patient Authorization,NO,N/A,N/A,Access request pending approval from patient wallet,AES-256-GCM,vault-transit-key-0x583d20b9,Qmcf02e7e265f44a6ec4a3a45c55200b287ff41dff88c5,0.0.4891024,4741,2026-09-13 12:12:36 UTC,0x9ebaccefd4ffd4465c00563dd48bd0bd984234c835a721240cfca72cb8559760,0.0001
ENC-00742,Rahul Mukherjee,849342,0x98ce808e7a2dcff0af1a4f74b6c69de6714d66bc,40,female,B+,Dr. Sunita Narang,0xBcd4042DE499D14e55001CcbB24a551F3b954096,NMC-90812,Endocrinology & Internal Medicine,Apollo Multispecialty Hospital,0x155Af6ECaFb48861dA7d16Fb8Af2f6ce9d6DD779,Malignant neoplasm of female breast,C50.919,Oncology,Critical,122/76 mmHg,84,98%,105,"Tamoxifen 20mg QD, Trastuzumab 6mg/kg IV Q3W, Paclitaxel",Low,Advisory: Confirm Patient Creatinine Clearance prior to Metformin XR,FHIR_R4_Bundle_C50.919_Condition_MedicationRequest,All Clinical Records & Diagnostic Evidence,Active On-Chain Consent (Granted by Patient),NO,N/A,N/A,Direct patient consent validated via ConsentManager.sol,AES-256-GCM,vault-transit-key-0x98ce808e,Qm22d8501d18f98d7774af8cd9ffc752fc36f18ede95d2,0.0.4891024,4742,2026-09-13 12:12:38 UTC,0xe3307f5ec051f89753e170b5c78d2fd8aa6dc7e681275d937cf56c32750bc3a1,0.0001
ENC-00743,Arjun Reddy,849343,0x02e01bfef43a096a03f2103f585d9c0e4e2c8a62,41,male,O+,Dr. Rohan Patel,0x976EA74026E726554dB657fA54763abd0C3a0aa9,NMC-11029,Neurology,Fortis Memorial Neuro & Trauma Center,0x84f93618C1D541bB1Dcf1373A8eE500A7D439634,Gastro-esophageal reflux disease,K21.9,Gastroenterology,Low,120/80 mmHg,70,99%,98,"Pantoprazole 40mg QD pre-breakfast, Domperidone 30mg QD",Medium,Passed - Safe pediatric/geriatric dosage tier verified,FHIR_R4_Bundle_K21.9_Condition_MedicationRequest,All Clinical Records & Diagnostic Evidence,Pending Patient Authorization,NO,N/A,N/A,Access request pending approval from patient wallet,AES-256-GCM,vault-transit-key-0x02e01bfe,Qm394173107ad7eab64782f74b2459e853bee89f4de098,0.0.4891024,4743,2026-09-13 12:12:40 UTC,0x13abb1dd1ea458eee72b69eb94018c949d8dae98a51178c7bc9733fa10e34cf8,0.0001
ENC-00744,Rohan Agarwal,849344,0x71a7440784df2b55c8572883813fa3c641d7f23b,42,female,A+,Dr. Vikram Seth,0x15d34AAf54267DB7D7c367839AAf71A00a2C6A65,NMC-99014,Oncology,Care & Cure Pediatric & Maternity Hospital,0x937F51E09477BfD31E56c5e533038a8eEAc096b7,Unspecified intracranial injury / Concussion,S06.9X0A,Trauma & Emergency,Emergency,150/95 mmHg,64,97%,130,"Mannitol 20% 100mL IV, Phenytoin 100mg IV, Analgesics",Low,Passed - Safe pediatric/geriatric dosage tier verified,FHIR_R4_Bundle_S06.9X0A_Condition_MedicationRequest,All Clinical Records & Diagnostic Evidence,Break-Glass Emergency Invoked (Active Override),YES,Acute Life-Threatening Presentation: Unspecified intracranial injury / Concussion,60 Minutes (Auto-Expiring Ephemeral Key),Emergency access granted; immediate HCS compliance event broadcasted,AES-256-GCM,vault-transit-key-0x71a74407,Qmc9f589f72688b92d4fcff4471d33f91706554b79dce6,0.0.4891024,4744,2026-09-13 12:12:42 UTC,0x20f6356440ba707563fe6f1419e2c753bf230d4a8f1bfb26beaa9bbda54b94c8,0.0001
ENC-00745,Rahul Chatterjee,849345,0x0b6736871b1976af61a858867ac9e0b868189944,43,male,A+,Dr. Rajesh Sharma,0x3c44CdDdB6a900fa2b585dd299e03d12FA4293BC,NMC-78491,Gastroenterology,Fortis Memorial Neuro & Trauma Center,0x84f93618C1D541bB1Dcf1373A8eE500A7D439634,Dengue fever [classical dengue],A90,Infectious Disease,High,100/68 mmHg,96,98%,102,"Oral Rehydration Salts 1L/day, Paracetamol 650mg SOS",High,Passed - Zero Drug-Drug Interaction Warning (Confidence 99.4%),FHIR_R4_Bundle_A90_Condition_MedicationRequest,All Clinical Records & Diagnostic Evidence,Active On-Chain Consent (Granted by Patient),NO,N/A,N/A,Direct patient consent validated via ConsentManager.sol,AES-256-GCM,vault-transit-key-0x0b673687,Qm53ba7c9fe6c863d9ab41f606cf82cc123d34bc7e7708,0.0.4891024,4745,2026-09-13 12:12:44 UTC,0x175e4138797cf6ce16adb8573dfc677cd8281bd3528ba9ba3ac7aaf48a83ffae,0.0001
ENC-00746,Arjun Gowda,849346,0x8b3d797f5e8362d891e2e827d56979ff4d3c4a4b,44,female,A+,Dr. Sunita Narang,0xBcd4042DE499D14e55001CcbB24a551F3b954096,NMC-90812,Endocrinology & Internal Medicine,Apex Diagnostic & Pathology Hub,0x04Fee3FD1B338d12FFD6dBD8d66dE1e8e0BB99cB,"Acute myocardial infarction, unspecified",I21.9,Cardiology,Emergency,95/60 mmHg,112,93%,165,"Ticagrelor 90mg BID, Aspirin 325mg, Atorvastatin 80mg, IV Heparin",Medium,Passed - Zero Drug-Drug Interaction Warning (Confidence 99.4%),FHIR_R4_Bundle_I21.9_Condition_MedicationRequest,All Clinical Records & Diagnostic Evidence,Break-Glass Emergency Invoked (Active Override),YES,"Acute Life-Threatening Presentation: Acute myocardial infarction, unspecified",60 Minutes (Auto-Expiring Ephemeral Key),Emergency access granted; immediate HCS compliance event broadcasted,AES-256-GCM,vault-transit-key-0x8b3d797f,Qm1f0d7d1c6f3348f0c0bdf2dab9927052f264ca36fcc3,0.0.4891024,4746,2026-09-13 12:12:47 UTC,0x16edda20b3c06890ee6e9715ed5b12d27f1d7e3beee536deb944e44a97f32d68,0.0001
ENC-00747,Harish Rao,849347,0xe6b6769cd71382263a29b378c5df971d352b1efe,45,male,A+,Dr. Ananya Roy,0x9965507D1a55bcC2695C58ba16FB37d819B0A4dc,NMC-51203,Hematology,Care & Cure Pediatric & Maternity Hospital,0x937F51E09477BfD31E56c5e533038a8eEAc096b7,"Epilepsy, unspecified, without status epilepticus",G40.909,Neurology,High,118/74 mmHg,76,99%,95,"Levetiracetam 500mg BID, Clobazam 10mg QHS",Low,Passed - Zero Drug-Drug Interaction Warning (Confidence 99.4%),FHIR_R4_Bundle_G40.909_Condition_MedicationRequest,All Clinical Records & Diagnostic Evidence,Pending Patient Authorization,NO,N/A,N/A,Access request pending approval from patient wallet,AES-256-GCM,vault-transit-key-0xe6b6769c,Qmb74c4d3060b8fcc66cb07a4c8ca48f2c0951faeaf585,0.0.4891024,4747,2026-09-13 12:12:49 UTC,0x38b46b59e1e7179df1dc6f38a9103341295c82ccd458b9fbf96790c7e8fec7d5,0.0001
ENC-00748,Varun Mishra,849348,0x51806af47c4f6685d813280eee8b3282c5711d0e,46,female,O+,Dr. Rohan Patel,0x976EA74026E726554dB657fA54763abd0C3a0aa9,NMC-11029,Neurology,Apollo Multispecialty Hospital,0x155Af6ECaFb48861dA7d16Fb8Af2f6ce9d6DD779,"Acute myocardial infarction, unspecified",I21.9,Cardiology,Emergency,95/60 mmHg,112,93%,165,"Ticagrelor 90mg BID, Aspirin 325mg, Atorvastatin 80mg, IV Heparin",Low,Passed - Safe pediatric/geriatric dosage tier verified,FHIR_R4_Bundle_I21.9_Condition_MedicationRequest,All Clinical Records & Diagnostic Evidence,Active On-Chain Consent (Granted by Patient),NO,N/A,N/A,Direct patient consent validated via ConsentManager.sol,AES-256-GCM,vault-transit-key-0x51806af4,Qm1d057ce4f277ead4af880f88a0040fb3375dfbf6ea04,0.0.4891024,4748,2026-09-13 12:12:51 UTC,0xe4e7746b1c25625eb5425c4589db457b3b39abbda429188b87c29ba1d719cdd3,0.0001
ENC-00749,Lata Sharma,849349,0x77050e44a498aba296df83b1c6615cc16e399812,47,male,A+,Dr. Vikram Seth,0x15d34AAf54267DB7D7c367839AAf71A00a2C6A65,NMC-99014,Oncology,Apollo Multispecialty Hospital,0x155Af6ECaFb48861dA7d16Fb8Af2f6ce9d6DD779,Dengue fever [classical dengue],A90,Infectious Disease,High,100/68 mmHg,96,98%,102,"Oral Rehydration Salts 1L/day, Paracetamol 650mg SOS",Medium,Passed - Zero Drug-Drug Interaction Warning (Confidence 99.4%),FHIR_R4_Bundle_A90_Condition_MedicationRequest,All Clinical Records & Diagnostic Evidence,Active On-Chain Consent (Granted by Patient),NO,N/A,N/A,Direct patient consent validated via ConsentManager.sol,AES-256-GCM,vault-transit-key-0x77050e44,Qmdadf86885b3c1b7c05827f0772e15f02c6696b55f81b,0.0.4891024,4749,2026-09-13 12:12:53 UTC,0x43a1a134e344fa7f4d5dacac6c0e21506bd0edd3ee7c34f9974161021a5805f3,0.0001
ENC-00750,Gautam Rao,849350,0x3d7136bb20226b4a2b7ef0faf4094cd666344a25,48,female,O+,Dr. Ananya Roy,0x9965507D1a55bcC2695C58ba16FB37d819B0A4dc,NMC-51203,Hematology,Max Super Speciality Cancer Institute,0x28B7eA94B34C8F52D19E50Eb14769Da20F5D54b4,Unspecified intracranial injury / Concussion,S06.9X0A,Trauma & Emergency,Emergency,150/95 mmHg,64,97%,130,"Mannitol 20% 100mL IV, Phenytoin 100mg IV, Analgesics",Medium,Passed - Zero Drug-Drug Interaction Warning (Confidence 99.4%),FHIR_R4_Bundle_S06.9X0A_Condition_MedicationRequest,All Clinical Records & Diagnostic Evidence,Break-Glass Emergency Invoked (Active Override),YES,Acute Life-Threatening Presentation: Unspecified intracranial injury / Concussion,60 Minutes (Auto-Expiring Ephemeral Key),Emergency access granted; immediate HCS compliance event broadcasted,AES-256-GCM,vault-transit-key-0x3d7136bb,Qm53de67ae11802fe75cca79e41fb281236e3e4e1846d1,0.0.4891024,4750,2026-09-13 12:12:55 UTC,0x8fd2a1488f1cba5558ce7fa23efff525951ff603bafae89a6797abe473819652,0.0001
ENC-00751,Chetan Deshmukh,849351,0xb33ed295e4709a008861390911ed18d831fa6022,49,male,AB-,Dr. Vikram Seth,0x15d34AAf54267DB7D7c367839AAf71A00a2C6A65,NMC-99014,Oncology,Max Super Speciality Cancer Institute,0x28B7eA94B34C8F52D19E50Eb14769Da20F5D54b4,Gastro-esophageal reflux disease,K21.9,Gastroenterology,Low,120/80 mmHg,70,99%,98,"Pantoprazole 40mg QD pre-breakfast, Domperidone 30mg QD",Low,Advisory: Monitor Serum Potassium & Renal Function with ACEi/ARB,FHIR_R4_Bundle_K21.9_Condition_MedicationRequest,All Clinical Records & Diagnostic Evidence,Active On-Chain Consent (Granted by Patient),NO,N/A,N/A,Direct patient consent validated via ConsentManager.sol,AES-256-GCM,vault-transit-key-0xb33ed295,Qm86d138a61b088e941eca76b95ad230015c2b68ca6f29,0.0.4891024,4751,2026-09-13 12:12:57 UTC,0x6d1ce5c75ca11d5a36e5fdb241560940ac4be5534172fdeb7dd0948922fab3c2,0.0001
ENC-00752,Kiran Kapoor,849352,0xd80c156665b91cfc3ba9090da80d5bd3b99e7f23,50,female,B+,Dr. Vikram Seth,0x15d34AAf54267DB7D7c367839AAf71A00a2C6A65,NMC-99014,Oncology,Apex Diagnostic & Pathology Hub,0x04Fee3FD1B338d12FFD6dBD8d66dE1e8e0BB99cB,Unspecified intracranial injury / Concussion,S06.9X0A,Trauma & Emergency,Emergency,150/95 mmHg,64,97%,130,"Mannitol 20% 100mL IV, Phenytoin 100mg IV, Analgesics",Medium,Passed - Safe pediatric/geriatric dosage tier verified,FHIR_R4_Bundle_S06.9X0A_Condition_MedicationRequest,All Clinical Records & Diagnostic Evidence,Break-Glass Emergency Invoked (Active Override),YES,Acute Life-Threatening Presentation: Unspecified intracranial injury / Concussion,60 Minutes (Auto-Expiring Ephemeral Key),Emergency access granted; immediate HCS compliance event broadcasted,AES-256-GCM,vault-transit-key-0xd80c1566,Qm11f542ff0fbdf2fdba5e6cd4bf2f470a868d11781549,0.0.4891024,4752,2026-09-13 12:12:59 UTC,0x401f392fc2cb7b146226222dfd73a3391b8fed2fe1922958d3d03ff054f44e1c,0.0001
ENC-00753,Anand Sharma,849353,0x617a21d5760aa7a8b370a72a48bbb40489ce435a,51,male,AB+,Dr. Sarah Jenkins,0x04Fee3FD1B338d12FFD6dBD8d66dE1e8e0BB99cB,NMC-48192,Cardiology,Apex Diagnostic & Pathology Hub,0x04Fee3FD1B338d12FFD6dBD8d66dE1e8e0BB99cB,Essential (primary) hypertension,I10,Cardiology,Moderate,148/92 mmHg,78,98%,110,"Amlodipine 5mg QD, Telmisartan 40mg QD",Medium,Advisory: Monitor Serum Potassium & Renal Function with ACEi/ARB,FHIR_R4_Bundle_I10_Condition_MedicationRequest,All Clinical Records & Diagnostic Evidence,Active On-Chain Consent (Granted by Patient),NO,N/A,N/A,Direct patient consent validated via ConsentManager.sol,AES-256-GCM,vault-transit-key-0x617a21d5,Qm38e148aa5cd5cc6290c70183a3ddc3043c90517cd503,0.0.4891024,4753,2026-09-13 12:13:02 UTC,0xacd37dd34d2a1940be00ead26902cf746df0e882048808c19fc28bfb19fa8b41,0.0001
ENC-00754,Meera Ghosh,849354,0x8aa65f5b5e331cfd598665c1ab7d9a23f49d1156,52,female,AB-,Dr. Vikram Seth,0x15d34AAf54267DB7D7c367839AAf71A00a2C6A65,NMC-99014,Oncology,Care & Cure Pediatric & Maternity Hospital,0x937F51E09477BfD31E56c5e533038a8eEAc096b7,Gastro-esophageal reflux disease,K21.9,Gastroenterology,Low,120/80 mmHg,70,99%,98,"Pantoprazole 40mg QD pre-breakfast, Domperidone 30mg QD",Medium,Advisory: Monitor Serum Potassium & Renal Function with ACEi/ARB,FHIR_R4_Bundle_K21.9_Condition_MedicationRequest,All Clinical Records & Diagnostic Evidence,Active On-Chain Consent (Granted by Patient),NO,N/A,N/A,Direct patient consent validated via ConsentManager.sol,AES-256-GCM,vault-transit-key-0x8aa65f5b,Qmfe6e1d46a53832a5bc9fb708504f430c368f1e5351cd,0.0.4891024,4754,2026-09-13 12:13:03 UTC,0x44126eb051ff3ff834dbbef420232bbf9d3f26bcdbaeefa3d1dbb1fd6d3ae10c,0.0001
ENC-00755,Lata Patel,849355,0x62ddcd2034ac3b689f26976e084e876f9b6c6ed3,53,male,AB+,Dr. Sunita Narang,0xBcd4042DE499D14e55001CcbB24a551F3b954096,NMC-90812,Endocrinology & Internal Medicine,Max Super Speciality Cancer Institute,0x28B7eA94B34C8F52D19E50Eb14769Da20F5D54b4,Dengue fever [classical dengue],A90,Infectious Disease,High,100/68 mmHg,96,98%,102,"Oral Rehydration Salts 1L/day, Paracetamol 650mg SOS",Medium,Passed - Zero Drug-Drug Interaction Warning (Confidence 99.4%),FHIR_R4_Bundle_A90_Condition_MedicationRequest,All Clinical Records & Diagnostic Evidence,Active On-Chain Consent (Granted by Patient),NO,N/A,N/A,Direct patient consent validated via ConsentManager.sol,AES-256-GCM,vault-transit-key-0x62ddcd20,Qm95311835babe67145881e5586552ca770a67e051459b,0.0.4891024,4755,2026-09-13 12:13:05 UTC,0x645b7973a576725dd09515e4b950e50dbaa3df894842b282fd3127a7515d6511,0.0001
ENC-00756,Tanvi Kapoor,849356,0x81b66a98f63f959c9ea6793c88f618f3755b0a89,54,female,A+,Dr. Vikram Seth,0x15d34AAf54267DB7D7c367839AAf71A00a2C6A65,NMC-99014,Oncology,Fortis Memorial Neuro & Trauma Center,0x84f93618C1D541bB1Dcf1373A8eE500A7D439634,Essential (primary) hypertension,I10,Cardiology,Moderate,148/92 mmHg,78,98%,110,"Amlodipine 5mg QD, Telmisartan 40mg QD",Medium,Passed - Zero Drug-Drug Interaction Warning (Confidence 99.4%),FHIR_R4_Bundle_I10_Condition_MedicationRequest,All Clinical Records & Diagnostic Evidence,Pending Patient Authorization,NO,N/A,N/A,Access request pending approval from patient wallet,AES-256-GCM,vault-transit-key-0x81b66a98,Qme3d5d5ec21b88d88940ec6954a77edfaf6ad3dda21a7,0.0.4891024,4756,2026-09-13 12:13:07 UTC,0xb3a3b34ebf9aebdbaae828184d83ea752e69f063236c803a62864490924ee4c4,0.0001
ENC-00757,Lata Chatterjee,849357,0x3121604b19474b9b63f308f079de0650ac1e8991,55,male,AB-,Dr. Sarah Jenkins,0x04Fee3FD1B338d12FFD6dBD8d66dE1e8e0BB99cB,NMC-48192,Cardiology,Fortis Memorial Neuro & Trauma Center,0x84f93618C1D541bB1Dcf1373A8eE500A7D439634,Essential (primary) hypertension,I10,Cardiology,Moderate,148/92 mmHg,78,98%,110,"Amlodipine 5mg QD, Telmisartan 40mg QD",Low,Advisory: Confirm Patient Creatinine Clearance prior to Metformin XR,FHIR_R4_Bundle_I10_Condition_MedicationRequest,All Clinical Records & Diagnostic Evidence,Active On-Chain Consent (Granted by Patient),NO,N/A,N/A,Direct patient consent validated via ConsentManager.sol,AES-256-GCM,vault-transit-key-0x3121604b,Qm3e79ce4d965caefff1738e225bc044feeddbd020e27d,0.0.4891024,4757,2026-09-13 12:13:10 UTC,0x944c43a33da369c46f18c6519da3fcfa62cafed6726ee7a763ae20bd857fa463,0.0001
ENC-00758,Geeta Gowda,849358,0x7a0bf2c0a12b5f73608edc7f7a80aa7ec0366578,56,female,A+,Dr. Sunita Narang,0xBcd4042DE499D14e55001CcbB24a551F3b954096,NMC-90812,Endocrinology & Internal Medicine,Apex Diagnostic & Pathology Hub,0x04Fee3FD1B338d12FFD6dBD8d66dE1e8e0BB99cB,"Epilepsy, unspecified, without status epilepticus",G40.909,Neurology,High,118/74 mmHg,76,99%,95,"Levetiracetam 500mg BID, Clobazam 10mg QHS",High,Advisory: Confirm Patient Creatinine Clearance prior to Metformin XR,FHIR_R4_Bundle_G40.909_Condition_MedicationRequest,All Clinical Records & Diagnostic Evidence,Active On-Chain Consent (Granted by Patient),NO,N/A,N/A,Direct patient consent validated via ConsentManager.sol,AES-256-GCM,vault-transit-key-0x7a0bf2c0,Qmc34cea23630b0e5086eaee472461a0cfa1dde03f8ea2,0.0.4891024,4758,2026-09-13 12:13:12 UTC,0xefd1adbd9922e807814a3c397f7604224cccbfce23c6c5877a871c496d7ac142,0.0001
ENC-00759,Deepak Mehta,849359,0x7103d7fef9387f29ada0801f7ae0877e006a91cc,57,male,B+,Dr. Sarah Jenkins,0x04Fee3FD1B338d12FFD6dBD8d66dE1e8e0BB99cB,NMC-48192,Cardiology,Fortis Memorial Neuro & Trauma Center,0x84f93618C1D541bB1Dcf1373A8eE500A7D439634,Essential (primary) hypertension,I10,Cardiology,Moderate,148/92 mmHg,78,98%,110,"Amlodipine 5mg QD, Telmisartan 40mg QD",High,Advisory: Confirm Patient Creatinine Clearance prior to Metformin XR,FHIR_R4_Bundle_I10_Condition_MedicationRequest,All Clinical Records & Diagnostic Evidence,Pending Patient Authorization,NO,N/A,N/A,Access request pending approval from patient wallet,AES-256-GCM,vault-transit-key-0x7103d7fe,Qmfb01469b05c232b5a470ddb1dbb3e48c0a4c30b98776,0.0.4891024,4759,2026-09-13 12:13:14 UTC,0x8d834e5ec1060df0f5d35bfd6e5959603f56e91895eed4d07a1e3bff8452e2a0,0.0001
ENC-00760,Anand Malhotra,849360,0xcade0d15844a2108c57332c093861b2ff82073a0,58,female,B-,Dr. Sunita Narang,0xBcd4042DE499D14e55001CcbB24a551F3b954096,NMC-90812,Endocrinology & Internal Medicine,Apex Diagnostic & Pathology Hub,0x04Fee3FD1B338d12FFD6dBD8d66dE1e8e0BB99cB,Dengue fever [classical dengue],A90,Infectious Disease,High,100/68 mmHg,96,98%,102,"Oral Rehydration Salts 1L/day, Paracetamol 650mg SOS",Medium,Passed - Zero Drug-Drug Interaction Warning (Confidence 99.4%),FHIR_R4_Bundle_A90_Condition_MedicationRequest,All Clinical Records & Diagnostic Evidence,Active On-Chain Consent (Granted by Patient),NO,N/A,N/A,Direct patient consent validated via ConsentManager.sol,AES-256-GCM,vault-transit-key-0xcade0d15,Qm5f1e2a613e4015bd0200499c65a072f46fcbea718d33,0.0.4891024,4760,2026-09-13 12:13:16 UTC,0x1d255c2bbaf10f6fd4a018f53815217bfc3dde814f36b8393828beaa31edf1cc,0.0001
ENC-00761,Lata Banerjee,849361,0xb4d0244dc4ab0e40342b09f9c3783001df972600,59,male,A+,Dr. Sunita Narang,0xBcd4042DE499D14e55001CcbB24a551F3b954096,NMC-90812,Endocrinology & Internal Medicine,Care & Cure Pediatric & Maternity Hospital,0x937F51E09477BfD31E56c5e533038a8eEAc096b7,Gastro-esophageal reflux disease,K21.9,Gastroenterology,Low,120/80 mmHg,70,99%,98,"Pantoprazole 40mg QD pre-breakfast, Domperidone 30mg QD",Medium,Advisory: Confirm Patient Creatinine Clearance prior to Metformin XR,FHIR_R4_Bundle_K21.9_Condition_MedicationRequest,All Clinical Records & Diagnostic Evidence,Active On-Chain Consent (Granted by Patient),NO,N/A,N/A,Direct patient consent validated via ConsentManager.sol,AES-256-GCM,vault-transit-key-0xb4d0244d,Qmf43a9558f3b9707159844ed2bee5c1f01c7fdadca04f,0.0.4891024,4761,2026-09-13 12:13:18 UTC,0xfc88c2cd5f71b4dfca2b48fe7e5a3707ecc389fa8cd1899aa5af0fcec8d07b35,0.0001
ENC-00762,Siddharth Reddy,849362,0x3384f3bb970ea50a33b864c7253c5b36ccc4570a,60,female,B+,Dr. Rajesh Sharma,0x3c44CdDdB6a900fa2b585dd299e03d12FA4293BC,NMC-78491,Gastroenterology,Care & Cure Pediatric & Maternity Hospital,0x937F51E09477BfD31E56c5e533038a8eEAc096b7,"Epilepsy, unspecified, without status epilepticus",G40.909,Neurology,High,118/74 mmHg,76,99%,95,"Levetiracetam 500mg BID, Clobazam 10mg QHS",High,Passed - Safe pediatric/geriatric dosage tier verified,FHIR_R4_Bundle_G40.909_Condition_MedicationRequest,All Clinical Records & Diagnostic Evidence,Pending Patient Authorization,NO,N/A,N/A,Access request pending approval from patient wallet,AES-256-GCM,vault-transit-key-0x3384f3bb,Qm5d642a79d27660a681d7a1f575ef9edb3b1ccfeb7da9,0.0.4891024,4762,2026-09-13 12:13:20 UTC,0x3bdd37b0c7e51ea2f9cf54a9725f129ea86c6f13a39ac43fa3b3ae35b510a952,0.0001
ENC-00763,Rakesh Rao,849363,0xd86af4ef8406dc7c3b3a3b3158ffd5f35914483f,61,male,AB+,Dr. Sunita Narang,0xBcd4042DE499D14e55001CcbB24a551F3b954096,NMC-90812,Endocrinology & Internal Medicine,Max Super Speciality Cancer Institute,0x28B7eA94B34C8F52D19E50Eb14769Da20F5D54b4,Unspecified intracranial injury / Concussion,S06.9X0A,Trauma & Emergency,Emergency,150/95 mmHg,64,97%,130,"Mannitol 20% 100mL IV, Phenytoin 100mg IV, Analgesics",High,Advisory: Monitor Serum Potassium & Renal Function with ACEi/ARB,FHIR_R4_Bundle_S06.9X0A_Condition_MedicationRequest,All Clinical Records & Diagnostic Evidence,Break-Glass Emergency Invoked (Active Override),YES,Acute Life-Threatening Presentation: Unspecified intracranial injury / Concussion,60 Minutes (Auto-Expiring Ephemeral Key),Emergency access granted; immediate HCS compliance event broadcasted,AES-256-GCM,vault-transit-key-0xd86af4ef,Qm1eca599da8f342ea9a4feacff63d26847c1bfea29fcb,0.0.4891024,4763,2026-09-13 12:13:23 UTC,0x05964004b68c9f1154b24620a991b6a53b352fa57d100260b3187caecbcd0df6,0.0001
ENC-00764,Bhavna Shetty,849364,0xc9818fd944382856d790af419094fb7281fc6de6,62,female,O-,Dr. Rohan Patel,0x976EA74026E726554dB657fA54763abd0C3a0aa9,NMC-11029,Neurology,Apex Diagnostic & Pathology Hub,0x04Fee3FD1B338d12FFD6dBD8d66dE1e8e0BB99cB,"Acute myocardial infarction, unspecified",I21.9,Cardiology,Emergency,95/60 mmHg,112,93%,165,"Ticagrelor 90mg BID, Aspirin 325mg, Atorvastatin 80mg, IV Heparin",High,Passed - Zero Drug-Drug Interaction Warning (Confidence 99.4%),FHIR_R4_Bundle_I21.9_Condition_MedicationRequest,All Clinical Records & Diagnostic Evidence,Active On-Chain Consent (Granted by Patient),NO,N/A,N/A,Direct patient consent validated via ConsentManager.sol,AES-256-GCM,vault-transit-key-0xc9818fd9,Qm072ece7da97907641be0e613e88beeca91e9d4378208,0.0.4891024,4764,2026-09-13 12:13:24 UTC,0x7a52ad95201c6257c33d3330003fe308cf6480ac9c103f44dc165931be258171,0.0001
ENC-00765,Rahul Nair,849365,0x1f2aeb3d83d22914915c3eb81c6540cbbb2187be,63,male,B-,Dr. Sunita Narang,0xBcd4042DE499D14e55001CcbB24a551F3b954096,NMC-90812,Endocrinology & Internal Medicine,Max Super Speciality Cancer Institute,0x28B7eA94B34C8F52D19E50Eb14769Da20F5D54b4,Essential (primary) hypertension,I10,Cardiology,Moderate,148/92 mmHg,78,98%,110,"Amlodipine 5mg QD, Telmisartan 40mg QD",Medium,Passed - Zero Drug-Drug Interaction Warning (Confidence 99.4%),FHIR_R4_Bundle_I10_Condition_MedicationRequest,All Clinical Records & Diagnostic Evidence,Active On-Chain Consent (Granted by Patient),NO,N/A,N/A,Direct patient consent validated via ConsentManager.sol,AES-256-GCM,vault-transit-key-0x1f2aeb3d,Qmfa9b51f27d1aa3585f57446a206db4538afddff4c592,0.0.4891024,4765,2026-09-13 12:13:27 UTC,0x0f04e22979888b4d7fa7ec67bcba6fec3f8ecbedb2fa8e03af85bcf16f4392d4,0.0001
ENC-00766,Geeta Mukherjee,849366,0x71e3b4f6c1a9678c9894297f6f2682f0aebacdfc,64,female,B+,Dr. Sarah Jenkins,0x04Fee3FD1B338d12FFD6dBD8d66dE1e8e0BB99cB,NMC-48192,Cardiology,Apollo Multispecialty Hospital,0x155Af6ECaFb48861dA7d16Fb8Af2f6ce9d6DD779,Gastro-esophageal reflux disease,K21.9,Gastroenterology,Low,120/80 mmHg,70,99%,98,"Pantoprazole 40mg QD pre-breakfast, Domperidone 30mg QD",High,Advisory: Monitor Serum Potassium & Renal Function with ACEi/ARB,FHIR_R4_Bundle_K21.9_Condition_MedicationRequest,All Clinical Records & Diagnostic Evidence,Active On-Chain Consent (Granted by Patient),NO,N/A,N/A,Direct patient consent validated via ConsentManager.sol,AES-256-GCM,vault-transit-key-0x71e3b4f6,Qm54e6796e4082971f76db7dc60326e17cce29d60952a6,0.0.4891024,4766,2026-09-13 12:13:29 UTC,0xbb0fb7ce5a60f592839948a3965d10fa9d84bb0a72ce7f068067e02b3a11c238,0.0001
ENC-00767,Aditi Kulkarni,849367,0x7328121d23f97b06b4e423cb23d95f01f3ed45bb,65,male,O-,Dr. Sarah Jenkins,0x04Fee3FD1B338d12FFD6dBD8d66dE1e8e0BB99cB,NMC-48192,Cardiology,Apex Diagnostic & Pathology Hub,0x04Fee3FD1B338d12FFD6dBD8d66dE1e8e0BB99cB,"Acute myocardial infarction, unspecified",I21.9,Cardiology,Emergency,95/60 mmHg,112,93%,165,"Ticagrelor 90mg BID, Aspirin 325mg, Atorvastatin 80mg, IV Heparin",Low,Passed - Safe pediatric/geriatric dosage tier verified,FHIR_R4_Bundle_I21.9_Condition_MedicationRequest,All Clinical Records & Diagnostic Evidence,Break-Glass Emergency Invoked (Active Override),YES,"Acute Life-Threatening Presentation: Acute myocardial infarction, unspecified",60 Minutes (Auto-Expiring Ephemeral Key),Emergency access granted; immediate HCS compliance event broadcasted,AES-256-GCM,vault-transit-key-0x7328121d,Qm96a21576939ab70def49b3b04c5d7c3533b887bb1a5f,0.0.4891024,4767,2026-09-13 12:13:30 UTC,0xf8f8997e81616b683d90f71a8d7347fecfd21a5ff8fe4fbcb0548fd94501139d,0.0001
ENC-00768,Divya Banerjee,849368,0x0f7bfc4083958a8816951394b8fbf37c65645547,66,female,O+,Dr. Preeti Deshmukh,0x23618e81E3f5cdF7f54C3d65f7FBc0aBf5B21E8f,NMC-82194,Obstetrics & Pediatrics,Apex Diagnostic & Pathology Hub,0x04Fee3FD1B338d12FFD6dBD8d66dE1e8e0BB99cB,"Epilepsy, unspecified, without status epilepticus",G40.909,Neurology,High,118/74 mmHg,76,99%,95,"Levetiracetam 500mg BID, Clobazam 10mg QHS",High,Passed - Zero Drug-Drug Interaction Warning (Confidence 99.4%),FHIR_R4_Bundle_G40.909_Condition_MedicationRequest,All Clinical Records & Diagnostic Evidence,Pending Patient Authorization,NO,N/A,N/A,Access request pending approval from patient wallet,AES-256-GCM,vault-transit-key-0x0f7bfc40,Qm1964d1ec2f3bce2f60aa6f44fc2a9bf5ac3981dc03e1,0.0.4891024,4768,2026-09-13 12:13:32 UTC,0xa4e7b6ef2424eaa7503fc12cf497b0435a17e0798c5cfaffbaecd3b4b655b2ae,0.0001
ENC-00769,Sneha Swaminathan,849369,0xea4597dfdc6ac428b279dcb31b7a2a0bc85a2cd7,67,male,O-,Dr. Vikram Seth,0x15d34AAf54267DB7D7c367839AAf71A00a2C6A65,NMC-99014,Oncology,Apex Diagnostic & Pathology Hub,0x04Fee3FD1B338d12FFD6dBD8d66dE1e8e0BB99cB,Type 2 diabetes mellitus without complications,E11.9,Endocrinology,Moderate,130/82 mmHg,72,99%,142,"Metformin 500mg BID, Dapagliflozin 10mg QD",Medium,Passed - Zero Drug-Drug Interaction Warning (Confidence 99.4%),FHIR_R4_Bundle_E11.9_Condition_MedicationRequest,All Clinical Records & Diagnostic Evidence,Active On-Chain Consent (Granted by Patient),NO,N/A,N/A,Direct patient consent validated via ConsentManager.sol,AES-256-GCM,vault-transit-key-0xea4597df,Qm502e9248a2898a1803d52614c5e2ccbe479380b51b9c,0.0.4891024,4769,2026-09-13 12:13:35 UTC,0x98fd2966fb633eb60d700d7b71c387fb181a886b1562d153a4c69ed7e565580d,0.0001
ENC-00770,Chetan Mishra,849370,0xb7d54a2661261413e9315c2bc851a57797895ad5,68,female,AB+,Dr. Rohan Patel,0x976EA74026E726554dB657fA54763abd0C3a0aa9,NMC-11029,Neurology,Care & Cure Pediatric & Maternity Hospital,0x937F51E09477BfD31E56c5e533038a8eEAc096b7,Unspecified intracranial injury / Concussion,S06.9X0A,Trauma & Emergency,Emergency,150/95 mmHg,64,97%,130,"Mannitol 20% 100mL IV, Phenytoin 100mg IV, Analgesics",Low,Passed - Zero Drug-Drug Interaction Warning (Confidence 99.4%),FHIR_R4_Bundle_S06.9X0A_Condition_MedicationRequest,All Clinical Records & Diagnostic Evidence,Break-Glass Emergency Invoked (Active Override),YES,Acute Life-Threatening Presentation: Unspecified intracranial injury / Concussion,60 Minutes (Auto-Expiring Ephemeral Key),Emergency access granted; immediate HCS compliance event broadcasted,AES-256-GCM,vault-transit-key-0xb7d54a26,Qmca67ee61d40feee6c62437a01db507291a474dbb3512,0.0.4891024,4770,2026-09-13 12:13:37 UTC,0x2320dd5a0ecc99ceb652917a797703e5d1465a8696a849786b7e2c9ab6224d20,0.0001
ENC-00771,Arjun Hegde,849371,0xe9696f77ee83d47b8b0b779e91db27e2a565ad35,69,male,O+,Dr. Vikram Seth,0x15d34AAf54267DB7D7c367839AAf71A00a2C6A65,NMC-99014,Oncology,Apex Diagnostic & Pathology Hub,0x04Fee3FD1B338d12FFD6dBD8d66dE1e8e0BB99cB,Essential (primary) hypertension,I10,Cardiology,Moderate,148/92 mmHg,78,98%,110,"Amlodipine 5mg QD, Telmisartan 40mg QD",High,Advisory: Confirm Patient Creatinine Clearance prior to Metformin XR,FHIR_R4_Bundle_I10_Condition_MedicationRequest,All Clinical Records & Diagnostic Evidence,Active On-Chain Consent (Granted by Patient),NO,N/A,N/A,Direct patient consent validated via ConsentManager.sol,AES-256-GCM,vault-transit-key-0xe9696f77,Qmfb333a433b2350dfd4de32f1a25e215a55f1ba7bbea9,0.0.4891024,4771,2026-09-13 12:13:39 UTC,0xfda988ce2327671833be201705a824b463f2e4ac0cc0e77d77ffda47b124e2ea,0.0001
ENC-00772,Divya Ghosh,849372,0x42e7250e745d329fe3ca76949e6e0e8b6a0e9465,70,female,B+,Dr. Sunita Narang,0xBcd4042DE499D14e55001CcbB24a551F3b954096,NMC-90812,Endocrinology & Internal Medicine,Max Super Speciality Cancer Institute,0x28B7eA94B34C8F52D19E50Eb14769Da20F5D54b4,Gastro-esophageal reflux disease,K21.9,Gastroenterology,Low,120/80 mmHg,70,99%,98,"Pantoprazole 40mg QD pre-breakfast, Domperidone 30mg QD",Medium,Advisory: Confirm Patient Creatinine Clearance prior to Metformin XR,FHIR_R4_Bundle_K21.9_Condition_MedicationRequest,All Clinical Records & Diagnostic Evidence,Active On-Chain Consent (Granted by Patient),NO,N/A,N/A,Direct patient consent validated via ConsentManager.sol,AES-256-GCM,vault-transit-key-0x42e7250e,Qmca14285741f6ce596437d4b76030cedc86fac0c36f82,0.0.4891024,4772,2026-09-13 12:13:41 UTC,0xee97d739720848f852f1d778b0217cff1b52fbff1b09872b74c5c4cad72b04fc,0.0001
ENC-00773,Divya Gowda,849373,0xe98efe2bcdf0a7bbfc3535857336971847f3a40c,71,male,A+,Dr. Rajesh Sharma,0x3c44CdDdB6a900fa2b585dd299e03d12FA4293BC,NMC-78491,Gastroenterology,Apex Diagnostic & Pathology Hub,0x04Fee3FD1B338d12FFD6dBD8d66dE1e8e0BB99cB,Dengue fever [classical dengue],A90,Infectious Disease,High,100/68 mmHg,96,98%,102,"Oral Rehydration Salts 1L/day, Paracetamol 650mg SOS",High,Advisory: Confirm Patient Creatinine Clearance prior to Metformin XR,FHIR_R4_Bundle_A90_Condition_MedicationRequest,All Clinical Records & Diagnostic Evidence,Active On-Chain Consent (Granted by Patient),NO,N/A,N/A,Direct patient consent validated via ConsentManager.sol,AES-256-GCM,vault-transit-key-0xe98efe2b,Qm4a7eb3d2efeaab314954967edd05094702774e1f6129,0.0.4891024,4773,2026-09-13 12:13:43 UTC,0xa2d32e68b707a7ab78d49a283878d02c70dd3f0dfe921fd3691b737ea0ce271a,0.0001
ENC-00774,Varun Pandey,849374,0x76a1a941a8d144791dd7ed62b581689ba3a9d784,72,female,B+,Dr. Ananya Roy,0x9965507D1a55bcC2695C58ba16FB37d819B0A4dc,NMC-51203,Hematology,Care & Cure Pediatric & Maternity Hospital,0x937F51E09477BfD31E56c5e533038a8eEAc096b7,Dengue fever [classical dengue],A90,Infectious Disease,High,100/68 mmHg,96,98%,102,"Oral Rehydration Salts 1L/day, Paracetamol 650mg SOS",Low,Passed - Zero Drug-Drug Interaction Warning (Confidence 99.4%),FHIR_R4_Bundle_A90_Condition_MedicationRequest,All Clinical Records & Diagnostic Evidence,Active On-Chain Consent (Granted by Patient),NO,N/A,N/A,Direct patient consent validated via ConsentManager.sol,AES-256-GCM,vault-transit-key-0x76a1a941,Qmdbf7086ae0c6f16aa6e8647a467c1596c51707c22c80,0.0.4891024,4774,2026-09-13 12:13:45 UTC,0xce2b58159782fb94c1c1c3f3a9ec7fea033008e3e28a59ba3e3db4f68c068c8e,0.0001
ENC-00775,Lata Bhatia,849375,0x925a9773c9a73489bb65c4b9cdb1cdda4b7b5c61,73,male,AB+,Dr. Preeti Deshmukh,0x23618e81E3f5cdF7f54C3d65f7FBc0aBf5B21E8f,NMC-82194,Obstetrics & Pediatrics,Apollo Multispecialty Hospital,0x155Af6ECaFb48861dA7d16Fb8Af2f6ce9d6DD779,"Epilepsy, unspecified, without status epilepticus",G40.909,Neurology,High,118/74 mmHg,76,99%,95,"Levetiracetam 500mg BID, Clobazam 10mg QHS",Medium,Passed - Zero Drug-Drug Interaction Warning (Confidence 99.4%),FHIR_R4_Bundle_G40.909_Condition_MedicationRequest,All Clinical Records & Diagnostic Evidence,Pending Patient Authorization,NO,N/A,N/A,Access request pending approval from patient wallet,AES-256-GCM,vault-transit-key-0x925a9773,Qm1fd03efa04afc088d61c0668d28f4faf937f3ac44d47,0.0.4891024,4775,2026-09-13 12:13:48 UTC,0xc77dc4baa406a3090a57c4435f94665aff80d977a2f65c66585c2d2084a12598,0.0001
ENC-00776,Ishaan Bhatia,849376,0x114bfb25230734d66cc1f511a7fadca23e7a3936,74,female,B-,Dr. Sarah Jenkins,0x04Fee3FD1B338d12FFD6dBD8d66dE1e8e0BB99cB,NMC-48192,Cardiology,Care & Cure Pediatric & Maternity Hospital,0x937F51E09477BfD31E56c5e533038a8eEAc096b7,Malignant neoplasm of female breast,C50.919,Oncology,Critical,122/76 mmHg,84,98%,105,"Tamoxifen 20mg QD, Trastuzumab 6mg/kg IV Q3W, Paclitaxel",High,Advisory: Confirm Patient Creatinine Clearance prior to Metformin XR,FHIR_R4_Bundle_C50.919_Condition_MedicationRequest,All Clinical Records & Diagnostic Evidence,Active On-Chain Consent (Granted by Patient),NO,N/A,N/A,Direct patient consent validated via ConsentManager.sol,AES-256-GCM,vault-transit-key-0x114bfb25,Qmdc4b283c7d0f9125f5253c51d0b80ce479d00d0f0d51,0.0.4891024,4776,2026-09-13 12:13:50 UTC,0x90e09c069ddf756791571a69893430dc00679be47f2634cf628c13fab1871669,0.0001
ENC-00777,Harish Pandey,849377,0xb825c4ab20a187f3907210adf2911800801a5e72,75,male,AB+,Dr. Vikram Seth,0x15d34AAf54267DB7D7c367839AAf71A00a2C6A65,NMC-99014,Oncology,Care & Cure Pediatric & Maternity Hospital,0x937F51E09477BfD31E56c5e533038a8eEAc096b7,Unspecified intracranial injury / Concussion,S06.9X0A,Trauma & Emergency,Emergency,150/95 mmHg,64,97%,130,"Mannitol 20% 100mL IV, Phenytoin 100mg IV, Analgesics",High,Passed - Safe pediatric/geriatric dosage tier verified,FHIR_R4_Bundle_S06.9X0A_Condition_MedicationRequest,All Clinical Records & Diagnostic Evidence,Break-Glass Emergency Invoked (Active Override),YES,Acute Life-Threatening Presentation: Unspecified intracranial injury / Concussion,60 Minutes (Auto-Expiring Ephemeral Key),Emergency access granted; immediate HCS compliance event broadcasted,AES-256-GCM,vault-transit-key-0xb825c4ab,Qmaa0e81847993f400e699a5b37d93172873930bd5f0c2,0.0.4891024,4777,2026-09-13 12:13:52 UTC,0x2208bcd8420d98fb2a9dd526eaaab3b7ae78a3bae069b91946017667e96eb398,0.0001
ENC-00778,Sneha Nair,849378,0x4ea1b3ff0f1083c914e8aaf444de91aba4291de1,76,female,O-,Dr. Preeti Deshmukh,0x23618e81E3f5cdF7f54C3d65f7FBc0aBf5B21E8f,NMC-82194,Obstetrics & Pediatrics,Apollo Multispecialty Hospital,0x155Af6ECaFb48861dA7d16Fb8Af2f6ce9d6DD779,Gastro-esophageal reflux disease,K21.9,Gastroenterology,Low,120/80 mmHg,70,99%,98,"Pantoprazole 40mg QD pre-breakfast, Domperidone 30mg QD",Medium,Advisory: Confirm Patient Creatinine Clearance prior to Metformin XR,FHIR_R4_Bundle_K21.9_Condition_MedicationRequest,All Clinical Records & Diagnostic Evidence,Active On-Chain Consent (Granted by Patient),NO,N/A,N/A,Direct patient consent validated via ConsentManager.sol,AES-256-GCM,vault-transit-key-0x4ea1b3ff,Qm22477fe87f1703f8dc4479ddcf59f829474a2cab9295,0.0.4891024,4778,2026-09-13 12:13:54 UTC,0xb57694e6f40a1702ecfdee9e624e790f26630851b266097870eb099080417f42,0.0001
ENC-00779,Siddharth Pandey,849379,0x572b671ddbc18d3d296ce55108518f64ed6786c0,77,male,AB+,Dr. Preeti Deshmukh,0x23618e81E3f5cdF7f54C3d65f7FBc0aBf5B21E8f,NMC-82194,Obstetrics & Pediatrics,Fortis Memorial Neuro & Trauma Center,0x84f93618C1D541bB1Dcf1373A8eE500A7D439634,Gastro-esophageal reflux disease,K21.9,Gastroenterology,Low,120/80 mmHg,70,99%,98,"Pantoprazole 40mg QD pre-breakfast, Domperidone 30mg QD",Medium,Passed - Safe pediatric/geriatric dosage tier verified,FHIR_R4_Bundle_K21.9_Condition_MedicationRequest,All Clinical Records & Diagnostic Evidence,Active On-Chain Consent (Granted by Patient),NO,N/A,N/A,Direct patient consent validated via ConsentManager.sol,AES-256-GCM,vault-transit-key-0x572b671d,Qmde55c52362c3a6e13805fb6c3a85f9084f821cf4ffb4,0.0.4891024,4779,2026-09-13 12:13:56 UTC,0xcec5760ffb1f471421bfde44fc5736c5c0aafe7d8ab5337a43e8c83448c3bb22,0.0001
ENC-00780,Manish Patel,849380,0x24743874857e7173d9d5e53e278ec13dfcb371f4,78,female,AB-,Dr. Sarah Jenkins,0x04Fee3FD1B338d12FFD6dBD8d66dE1e8e0BB99cB,NMC-48192,Cardiology,Max Super Speciality Cancer Institute,0x28B7eA94B34C8F52D19E50Eb14769Da20F5D54b4,Unspecified intracranial injury / Concussion,S06.9X0A,Trauma & Emergency,Emergency,150/95 mmHg,64,97%,130,"Mannitol 20% 100mL IV, Phenytoin 100mg IV, Analgesics",Medium,Advisory: Monitor Serum Potassium & Renal Function with ACEi/ARB,FHIR_R4_Bundle_S06.9X0A_Condition_MedicationRequest,All Clinical Records & Diagnostic Evidence,Break-Glass Emergency Invoked (Active Override),YES,Acute Life-Threatening Presentation: Unspecified intracranial injury / Concussion,60 Minutes (Auto-Expiring Ephemeral Key),Emergency access granted; immediate HCS compliance event broadcasted,AES-256-GCM,vault-transit-key-0x24743874,Qmb5955d4f113c3802a3201bd6773b17efc969d4ec7df6,0.0.4891024,4780,2026-09-13 12:13:58 UTC,0xd8049011967c9e4c53f286226978f7ee781769ad8dc745e9045f0eb4928243bc,0.0001
ENC-00781,Lata Gowda,849381,0x0134c440937181c1f514b265b1e0fe2b1128cd1b,79,male,AB+,Dr. Sunita Narang,0xBcd4042DE499D14e55001CcbB24a551F3b954096,NMC-90812,Endocrinology & Internal Medicine,Care & Cure Pediatric & Maternity Hospital,0x937F51E09477BfD31E56c5e533038a8eEAc096b7,"Epilepsy, unspecified, without status epilepticus",G40.909,Neurology,High,118/74 mmHg,76,99%,95,"Levetiracetam 500mg BID, Clobazam 10mg QHS",High,Advisory: Monitor Serum Potassium & Renal Function with ACEi/ARB,FHIR_R4_Bundle_G40.909_Condition_MedicationRequest,All Clinical Records & Diagnostic Evidence,Active On-Chain Consent (Granted by Patient),NO,N/A,N/A,Direct patient consent validated via ConsentManager.sol,AES-256-GCM,vault-transit-key-0x0134c440,Qmec7b4e0893b14040c953c94b0e74ccc3cc21802c155f,0.0.4891024,4781,2026-09-13 12:14:00 UTC,0x4ec6248f35aef5ef56731aaff02ac975aa8f778f50fc90f761bb09750be5d6d5,0.0001
ENC-00782,Kiran Hegde,849382,0xa9950c0bd77794ca1c20acf82cf056be68b55dff,80,female,AB+,Dr. Vikram Seth,0x15d34AAf54267DB7D7c367839AAf71A00a2C6A65,NMC-99014,Oncology,Apex Diagnostic & Pathology Hub,0x04Fee3FD1B338d12FFD6dBD8d66dE1e8e0BB99cB,Gastro-esophageal reflux disease,K21.9,Gastroenterology,Low,120/80 mmHg,70,99%,98,"Pantoprazole 40mg QD pre-breakfast, Domperidone 30mg QD",Low,Advisory: Monitor Serum Potassium & Renal Function with ACEi/ARB,FHIR_R4_Bundle_K21.9_Condition_MedicationRequest,All Clinical Records & Diagnostic Evidence,Active On-Chain Consent (Granted by Patient),NO,N/A,N/A,Direct patient consent validated via ConsentManager.sol,AES-256-GCM,vault-transit-key-0xa9950c0b,Qm41b4d40c9552f92843ff13178f778e6ffe018fc715d4,0.0.4891024,4782,2026-09-13 12:14:02 UTC,0xe86789e21ab9ca592243dc2bf02542e7ce107677e9e24ab6ab0fc359cc2e3df1,0.0001
ENC-00783,Varun Gupta,849383,0x742bbafed0196da142df5de484465c3bffd8d747,81,male,O-,Dr. Ananya Roy,0x9965507D1a55bcC2695C58ba16FB37d819B0A4dc,NMC-51203,Hematology,Care & Cure Pediatric & Maternity Hospital,0x937F51E09477BfD31E56c5e533038a8eEAc096b7,Type 2 diabetes mellitus without complications,E11.9,Endocrinology,Moderate,130/82 mmHg,72,99%,142,"Metformin 500mg BID, Dapagliflozin 10mg QD",High,Passed - Safe pediatric/geriatric dosage tier verified,FHIR_R4_Bundle_E11.9_Condition_MedicationRequest,All Clinical Records & Diagnostic Evidence,Pending Patient Authorization,NO,N/A,N/A,Access request pending approval from patient wallet,AES-256-GCM,vault-transit-key-0x742bbafe,Qmd8e5f0c134002ac0c7a24c375722446b4cc6eaa345cf,0.0.4891024,4783,2026-09-13 12:14:05 UTC,0x08f2af58ae2a065d13bef32297f1eea6a751e5edfb73c6da5f8df9e4009771c5,0.0001
ENC-00784,Deepak Kapoor,849384,0xcc0523148630fe84b98a0bd5db3f6cdff30c438a,82,female,O+,Dr. Rohan Patel,0x976EA74026E726554dB657fA54763abd0C3a0aa9,NMC-11029,Neurology,Apollo Multispecialty Hospital,0x155Af6ECaFb48861dA7d16Fb8Af2f6ce9d6DD779,"Acute myocardial infarction, unspecified",I21.9,Cardiology,Emergency,95/60 mmHg,112,93%,165,"Ticagrelor 90mg BID, Aspirin 325mg, Atorvastatin 80mg, IV Heparin",High,Advisory: Monitor Serum Potassium & Renal Function with ACEi/ARB,FHIR_R4_Bundle_I21.9_Condition_MedicationRequest,All Clinical Records & Diagnostic Evidence,Break-Glass Emergency Invoked (Active Override),YES,"Acute Life-Threatening Presentation: Acute myocardial infarction, unspecified",60 Minutes (Auto-Expiring Ephemeral Key),Emergency access granted; immediate HCS compliance event broadcasted,AES-256-GCM,vault-transit-key-0xcc052314,Qm139222ae6e5039b6ed5c1c9bffce2289d7d6589ba515,0.0.4891024,4784,2026-09-13 12:14:06 UTC,0x978977f589708d22859c8b658f6233012039e3d822d3dbc213ff8602a3cea541,0.0001
ENC-00785,Priyanka Bhatia,849385,0x79f55d6db0ff5e462ada1f117afde179976cc15d,83,male,B+,Dr. Sunita Narang,0xBcd4042DE499D14e55001CcbB24a551F3b954096,NMC-90812,Endocrinology & Internal Medicine,Max Super Speciality Cancer Institute,0x28B7eA94B34C8F52D19E50Eb14769Da20F5D54b4,Gastro-esophageal reflux disease,K21.9,Gastroenterology,Low,120/80 mmHg,70,99%,98,"Pantoprazole 40mg QD pre-breakfast, Domperidone 30mg QD",High,Advisory: Monitor Serum Potassium & Renal Function with ACEi/ARB,FHIR_R4_Bundle_K21.9_Condition_MedicationRequest,All Clinical Records & Diagnostic Evidence,Active On-Chain Consent (Granted by Patient),NO,N/A,N/A,Direct patient consent validated via ConsentManager.sol,AES-256-GCM,vault-transit-key-0x79f55d6d,Qmaaf2e0d823b7549bcc080d7648b5c0dfec1da7453363,0.0.4891024,4785,2026-09-13 12:14:09 UTC,0x48410abb828fe6d89742a29332badadf5c6b1cbfbc7301e4bdf88439a339b652,0.0001
ENC-00786,Tanvi Swaminathan,849386,0x119e4f1dd7c63d1a992d612af9969fddbcd739b8,84,female,O+,Dr. Vikram Seth,0x15d34AAf54267DB7D7c367839AAf71A00a2C6A65,NMC-99014,Oncology,Max Super Speciality Cancer Institute,0x28B7eA94B34C8F52D19E50Eb14769Da20F5D54b4,Malignant neoplasm of female breast,C50.919,Oncology,Critical,122/76 mmHg,84,98%,105,"Tamoxifen 20mg QD, Trastuzumab 6mg/kg IV Q3W, Paclitaxel",High,Advisory: Confirm Patient Creatinine Clearance prior to Metformin XR,FHIR_R4_Bundle_C50.919_Condition_MedicationRequest,All Clinical Records & Diagnostic Evidence,Active On-Chain Consent (Granted by Patient),NO,N/A,N/A,Direct patient consent validated via ConsentManager.sol,AES-256-GCM,vault-transit-key-0x119e4f1d,Qm310159a89bb1eef4c88db95b13248634556b241a436f,0.0.4891024,4786,2026-09-13 12:14:11 UTC,0x25a647c5eab36356840cc2c0f7d46b16c0fc0faa01ec42e809d0f091d5fe80cc,0.0001
ENC-00787,Bhavna Reddy,849387,0x6bdbceac3dce15166ad7dcf253f484cd9750b04b,85,male,B-,Dr. Vikram Seth,0x15d34AAf54267DB7D7c367839AAf71A00a2C6A65,NMC-99014,Oncology,Apollo Multispecialty Hospital,0x155Af6ECaFb48861dA7d16Fb8Af2f6ce9d6DD779,Type 2 diabetes mellitus without complications,E11.9,Endocrinology,Moderate,130/82 mmHg,72,99%,142,"Metformin 500mg BID, Dapagliflozin 10mg QD",Medium,Advisory: Confirm Patient Creatinine Clearance prior to Metformin XR,FHIR_R4_Bundle_E11.9_Condition_MedicationRequest,All Clinical Records & Diagnostic Evidence,Active On-Chain Consent (Granted by Patient),NO,N/A,N/A,Direct patient consent validated via ConsentManager.sol,AES-256-GCM,vault-transit-key-0x6bdbceac,Qm573384e448965cef8649ee3d21644bcb538fc1648ebd,0.0.4891024,4787,2026-09-13 12:14:13 UTC,0xbdf050a274004e2cc67066a8b33259564fe4a51448552d1e82c518992c14b2e0,0.0001
ENC-00788,Anand Gupta,849388,0x3578be8c7de1778a28d56ad367c8ea781b9bffea,86,female,O-,Dr. Sarah Jenkins,0x04Fee3FD1B338d12FFD6dBD8d66dE1e8e0BB99cB,NMC-48192,Cardiology,Apex Diagnostic & Pathology Hub,0x04Fee3FD1B338d12FFD6dBD8d66dE1e8e0BB99cB,"Acute myocardial infarction, unspecified",I21.9,Cardiology,Emergency,95/60 mmHg,112,93%,165,"Ticagrelor 90mg BID, Aspirin 325mg, Atorvastatin 80mg, IV Heparin",High,Passed - Zero Drug-Drug Interaction Warning (Confidence 99.4%),FHIR_R4_Bundle_I21.9_Condition_MedicationRequest,All Clinical Records & Diagnostic Evidence,Break-Glass Emergency Invoked (Active Override),YES,"Acute Life-Threatening Presentation: Acute myocardial infarction, unspecified",60 Minutes (Auto-Expiring Ephemeral Key),Emergency access granted; immediate HCS compliance event broadcasted,AES-256-GCM,vault-transit-key-0x3578be8c,Qmbeb0605b0bd4f064f296d1565ef2ffc47cd31e0ca751,0.0.4891024,4788,2026-09-13 12:14:15 UTC,0x09f7574eec6570d2df497deac905b97146012934b0f2f7be7ce5b618cc35b5e6,0.0001
ENC-00789,Riya Deshmukh,849389,0x16c56484d4edb70a2b12c05f3f87554ab1133e4d,87,male,O+,Dr. Sunita Narang,0xBcd4042DE499D14e55001CcbB24a551F3b954096,NMC-90812,Endocrinology & Internal Medicine,Apex Diagnostic & Pathology Hub,0x04Fee3FD1B338d12FFD6dBD8d66dE1e8e0BB99cB,Gastro-esophageal reflux disease,K21.9,Gastroenterology,Low,120/80 mmHg,70,99%,98,"Pantoprazole 40mg QD pre-breakfast, Domperidone 30mg QD",High,Passed - Zero Drug-Drug Interaction Warning (Confidence 99.4%),FHIR_R4_Bundle_K21.9_Condition_MedicationRequest,All Clinical Records & Diagnostic Evidence,Active On-Chain Consent (Granted by Patient),NO,N/A,N/A,Direct patient consent validated via ConsentManager.sol,AES-256-GCM,vault-transit-key-0x16c56484,Qm0473ee5847608d0acf3bcf14ec0676d0f5d005e3813c,0.0.4891024,4789,2026-09-13 12:14:17 UTC,0x10c6a2fc61e0c925af2a62c063d4cb84257a81b24f9439feb7b99b371ce858e5,0.0001
ENC-00790,Amit Swaminathan,849390,0xaae44827bb96cc83a32a916e2b5937734028c996,88,female,A+,Dr. Sunita Narang,0xBcd4042DE499D14e55001CcbB24a551F3b954096,NMC-90812,Endocrinology & Internal Medicine,Apex Diagnostic & Pathology Hub,0x04Fee3FD1B338d12FFD6dBD8d66dE1e8e0BB99cB,Type 2 diabetes mellitus without complications,E11.9,Endocrinology,Moderate,130/82 mmHg,72,99%,142,"Metformin 500mg BID, Dapagliflozin 10mg QD",High,Passed - Zero Drug-Drug Interaction Warning (Confidence 99.4%),FHIR_R4_Bundle_E11.9_Condition_MedicationRequest,All Clinical Records & Diagnostic Evidence,Active On-Chain Consent (Granted by Patient),NO,N/A,N/A,Direct patient consent validated via ConsentManager.sol,AES-256-GCM,vault-transit-key-0xaae44827,Qmc28215b644e9b148783318cf635032eef774bf4f9927,0.0.4891024,4790,2026-09-13 12:14:19 UTC,0xc64ffac78705e21f09ae306bee8c2479e20aa03c6d7b738a6e1e6c997306bba6,0.0001
ENC-00791,Aarav Mukherjee,849391,0x08c769ce3949084d429c2d6bfabd9ce10b56bb13,89,male,B-,Dr. Ananya Roy,0x9965507D1a55bcC2695C58ba16FB37d819B0A4dc,NMC-51203,Hematology,Apex Diagnostic & Pathology Hub,0x04Fee3FD1B338d12FFD6dBD8d66dE1e8e0BB99cB,Type 2 diabetes mellitus without complications,E11.9,Endocrinology,Moderate,130/82 mmHg,72,99%,142,"Metformin 500mg BID, Dapagliflozin 10mg QD",Medium,Passed - Zero Drug-Drug Interaction Warning (Confidence 99.4%),FHIR_R4_Bundle_E11.9_Condition_MedicationRequest,All Clinical Records & Diagnostic Evidence,Active On-Chain Consent (Granted by Patient),NO,N/A,N/A,Direct patient consent validated via ConsentManager.sol,AES-256-GCM,vault-transit-key-0x08c769ce,Qm8b20bedba63e3db2b2729f142a0c62216ba41fdcff86,0.0.4891024,4791,2026-09-13 12:14:21 UTC,0xa3fa9865f6a8ab9c7788d6e8ff38586f8d8ba1532f1773c76a89212b85d95ac1,0.0001
ENC-00792,Tanvi Mishra,849392,0x6a8800ab6235c7ce38d3bba0bbfea967ec744bf3,18,female,A+,Dr. Sunita Narang,0xBcd4042DE499D14e55001CcbB24a551F3b954096,NMC-90812,Endocrinology & Internal Medicine,Max Super Speciality Cancer Institute,0x28B7eA94B34C8F52D19E50Eb14769Da20F5D54b4,Unspecified intracranial injury / Concussion,S06.9X0A,Trauma & Emergency,Emergency,150/95 mmHg,64,97%,130,"Mannitol 20% 100mL IV, Phenytoin 100mg IV, Analgesics",Medium,Passed - Safe pediatric/geriatric dosage tier verified,FHIR_R4_Bundle_S06.9X0A_Condition_MedicationRequest,All Clinical Records & Diagnostic Evidence,Break-Glass Emergency Invoked (Active Override),YES,Acute Life-Threatening Presentation: Unspecified intracranial injury / Concussion,60 Minutes (Auto-Expiring Ephemeral Key),Emergency access granted; immediate HCS compliance event broadcasted,AES-256-GCM,vault-transit-key-0x6a8800ab,Qmfe2036325e89ffa01fd3d5f901d62453daed5bee3d0b,0.0.4891024,4792,2026-09-13 12:14:23 UTC,0x439847a7d128320747b681ce1d79acaf6a2ef7a7e680d194f92bce5ac906c553,0.0001
ENC-00793,Rahul Pandey,849393,0x19d941be6e888d82cc3d261644e7643c7f1dc792,19,male,B-,Dr. Rohan Patel,0x976EA74026E726554dB657fA54763abd0C3a0aa9,NMC-11029,Neurology,Apex Diagnostic & Pathology Hub,0x04Fee3FD1B338d12FFD6dBD8d66dE1e8e0BB99cB,Malignant neoplasm of female breast,C50.919,Oncology,Critical,122/76 mmHg,84,98%,105,"Tamoxifen 20mg QD, Trastuzumab 6mg/kg IV Q3W, Paclitaxel",High,Passed - Safe pediatric/geriatric dosage tier verified,FHIR_R4_Bundle_C50.919_Condition_MedicationRequest,All Clinical Records & Diagnostic Evidence,Active On-Chain Consent (Granted by Patient),NO,N/A,N/A,Direct patient consent validated via ConsentManager.sol,AES-256-GCM,vault-transit-key-0x19d941be,Qm12e407c234332323c16b0cdbdfc5db64fbddae05baa3,0.0.4891024,4793,2026-09-13 12:14:26 UTC,0x1f153e3467c990c7c6205496bbe8e915ba5be7aefa53a228544027d044d94330,0.0001
ENC-00794,Harish Banerjee,849394,0x7bad0c9361ebc6af23889aef56b4ca90cd2e4a0e,20,female,O-,Dr. Rohan Patel,0x976EA74026E726554dB657fA54763abd0C3a0aa9,NMC-11029,Neurology,Care & Cure Pediatric & Maternity Hospital,0x937F51E09477BfD31E56c5e533038a8eEAc096b7,"Epilepsy, unspecified, without status epilepticus",G40.909,Neurology,High,118/74 mmHg,76,99%,95,"Levetiracetam 500mg BID, Clobazam 10mg QHS",Medium,Passed - Zero Drug-Drug Interaction Warning (Confidence 99.4%),FHIR_R4_Bundle_G40.909_Condition_MedicationRequest,All Clinical Records & Diagnostic Evidence,Active On-Chain Consent (Granted by Patient),NO,N/A,N/A,Direct patient consent validated via ConsentManager.sol,AES-256-GCM,vault-transit-key-0x7bad0c93,Qm3f92aaf1bfbea96bd6f53e62da26daaadf206295263b,0.0.4891024,4794,2026-09-13 12:14:27 UTC,0x4c0739afe3ff9c34bec23753d332a2fedf557e772a6b1a114b7f4357b633daf0,0.0001
ENC-00795,Lata Deshmukh,849395,0x390fb848c846abe832995921c66976b136ebfefc,21,male,A-,Dr. Sunita Narang,0xBcd4042DE499D14e55001CcbB24a551F3b954096,NMC-90812,Endocrinology & Internal Medicine,Apollo Multispecialty Hospital,0x155Af6ECaFb48861dA7d16Fb8Af2f6ce9d6DD779,"Acute myocardial infarction, unspecified",I21.9,Cardiology,Emergency,95/60 mmHg,112,93%,165,"Ticagrelor 90mg BID, Aspirin 325mg, Atorvastatin 80mg, IV Heparin",High,Advisory: Monitor Serum Potassium & Renal Function with ACEi/ARB,FHIR_R4_Bundle_I21.9_Condition_MedicationRequest,All Clinical Records & Diagnostic Evidence,Break-Glass Emergency Invoked (Active Override),YES,"Acute Life-Threatening Presentation: Acute myocardial infarction, unspecified",60 Minutes (Auto-Expiring Ephemeral Key),Emergency access granted; immediate HCS compliance event broadcasted,AES-256-GCM,vault-transit-key-0x390fb848,Qmb0cb83e2dc5b7b11bca5c4e7c8675f32b3fbb161107e,0.0.4891024,4795,2026-09-13 12:14:30 UTC,0xb52b97408e2065c8fdf6e4b0b8f8c78be6143b50f9daae902e69651fc59e0e26,0.0001
ENC-00796,Neha Verma,849396,0x40acfa7f60039503c5995d5f7e4fb1617ec7faec,22,female,AB-,Dr. Vikram Seth,0x15d34AAf54267DB7D7c367839AAf71A00a2C6A65,NMC-99014,Oncology,Max Super Speciality Cancer Institute,0x28B7eA94B34C8F52D19E50Eb14769Da20F5D54b4,Gastro-esophageal reflux disease,K21.9,Gastroenterology,Low,120/80 mmHg,70,99%,98,"Pantoprazole 40mg QD pre-breakfast, Domperidone 30mg QD",Low,Passed - Zero Drug-Drug Interaction Warning (Confidence 99.4%),FHIR_R4_Bundle_K21.9_Condition_MedicationRequest,All Clinical Records & Diagnostic Evidence,Pending Patient Authorization,NO,N/A,N/A,Access request pending approval from patient wallet,AES-256-GCM,vault-transit-key-0x40acfa7f,Qmf0afe61a19b934029ca9ef9ec4d254dc19877c21d423,0.0.4891024,4796,2026-09-13 12:14:32 UTC,0x84e0d7b01653fdd5616ec7dfdd84d9154a10a61ee0c19ccb09357b9485295eb6,0.0001
ENC-00797,Deepak Chatterjee,849397,0x841d3491b22aa94db82feb81c46ef408bfdc6663,23,male,A+,Dr. Ananya Roy,0x9965507D1a55bcC2695C58ba16FB37d819B0A4dc,NMC-51203,Hematology,Apollo Multispecialty Hospital,0x155Af6ECaFb48861dA7d16Fb8Af2f6ce9d6DD779,Malignant neoplasm of female breast,C50.919,Oncology,Critical,122/76 mmHg,84,98%,105,"Tamoxifen 20mg QD, Trastuzumab 6mg/kg IV Q3W, Paclitaxel",Medium,Passed - Safe pediatric/geriatric dosage tier verified,FHIR_R4_Bundle_C50.919_Condition_MedicationRequest,All Clinical Records & Diagnostic Evidence,Pending Patient Authorization,NO,N/A,N/A,Access request pending approval from patient wallet,AES-256-GCM,vault-transit-key-0x841d3491,Qm6b976db57880ad3f2ea1d37048b8aa75b8a07a86e8d8,0.0.4891024,4797,2026-09-13 12:14:34 UTC,0x7d2dc7f11913afb7f63adc2300d310076c3653b47a681494a43af81380ceb1e6,0.0001
ENC-00798,Sakshi Rao,849398,0x6e1c1a6cda487b3cd685e55a0547527184d29c2f,24,female,B-,Dr. Preeti Deshmukh,0x23618e81E3f5cdF7f54C3d65f7FBc0aBf5B21E8f,NMC-82194,Obstetrics & Pediatrics,Max Super Speciality Cancer Institute,0x28B7eA94B34C8F52D19E50Eb14769Da20F5D54b4,"Acute myocardial infarction, unspecified",I21.9,Cardiology,Emergency,95/60 mmHg,112,93%,165,"Ticagrelor 90mg BID, Aspirin 325mg, Atorvastatin 80mg, IV Heparin",Medium,Advisory: Confirm Patient Creatinine Clearance prior to Metformin XR,FHIR_R4_Bundle_I21.9_Condition_MedicationRequest,All Clinical Records & Diagnostic Evidence,Break-Glass Emergency Invoked (Active Override),YES,"Acute Life-Threatening Presentation: Acute myocardial infarction, unspecified",60 Minutes (Auto-Expiring Ephemeral Key),Emergency access granted; immediate HCS compliance event broadcasted,AES-256-GCM,vault-transit-key-0x6e1c1a6c,Qmb4fd74aeacc2b133ea3e001e7787b45956766e7b1913,0.0.4891024,4798,2026-09-13 12:14:36 UTC,0xa1a494c8c779309935d4c31775ab898792e75ad38f72e0a67d2f8f2b999958fe,0.0001
ENC-00799,Madhav Verma,849399,0x22ad86be003c93898c6567db8edfe7cf4d583dfe,25,male,B-,Dr. Ananya Roy,0x9965507D1a55bcC2695C58ba16FB37d819B0A4dc,NMC-51203,Hematology,Apollo Multispecialty Hospital,0x155Af6ECaFb48861dA7d16Fb8Af2f6ce9d6DD779,Essential (primary) hypertension,I10,Cardiology,Moderate,148/92 mmHg,78,98%,110,"Amlodipine 5mg QD, Telmisartan 40mg QD",Medium,Advisory: Confirm Patient Creatinine Clearance prior to Metformin XR,FHIR_R4_Bundle_I10_Condition_MedicationRequest,All Clinical Records & Diagnostic Evidence,Active On-Chain Consent (Granted by Patient),NO,N/A,N/A,Direct patient consent validated via ConsentManager.sol,AES-256-GCM,vault-transit-key-0x22ad86be,Qm227e548f1c9b0b2183881d5d3d9304984847030be9f0,0.0.4891024,4799,2026-09-13 12:14:38 UTC,0x976464e465aacdca1ace9db1e8c3ff331a11156f853060d91966f5f961685d59,0.0001
ENC-00800,Chetan Saxena,849400,0xfd32104ce3ef2facd892da26b528ac217bf0c7dc,26,female,O-,Dr. Rajesh Sharma,0x3c44CdDdB6a900fa2b585dd299e03d12FA4293BC,NMC-78491,Gastroenterology,Apollo Multispecialty Hospital,0x155Af6ECaFb48861dA7d16Fb8Af2f6ce9d6DD779,"Epilepsy, unspecified, without status epilepticus",G40.909,Neurology,High,118/74 mmHg,76,99%,95,"Levetiracetam 500mg BID, Clobazam 10mg QHS",Medium,Passed - Safe pediatric/geriatric dosage tier verified,FHIR_R4_Bundle_G40.909_Condition_MedicationRequest,All Clinical Records & Diagnostic Evidence,Pending Patient Authorization,NO,N/A,N/A,Access request pending approval from patient wallet,AES-256-GCM,vault-transit-key-0xfd32104c,Qm3301e58ed988e84787925f3b5bc3c7447e9b5dcbab83,0.0.4891024,4800,2026-09-13 12:14:40 UTC,0xf0fe742b309dcb8ca2f33b9a13e5ef937d5c4316311ddaffaeeabd4b93c8607b,0.0001
ENC-00801,Harish Agarwal,849401,0x39603f400849084b4b6bde4e22189bf484fd4462,27,male,B-,Dr. Ananya Roy,0x9965507D1a55bcC2695C58ba16FB37d819B0A4dc,NMC-51203,Hematology,Care & Cure Pediatric & Maternity Hospital,0x937F51E09477BfD31E56c5e533038a8eEAc096b7,Gastro-esophageal reflux disease,K21.9,Gastroenterology,Low,120/80 mmHg,70,99%,98,"Pantoprazole 40mg QD pre-breakfast, Domperidone 30mg QD",Low,Passed - Safe pediatric/geriatric dosage tier verified,FHIR_R4_Bundle_K21.9_Condition_MedicationRequest,All Clinical Records & Diagnostic Evidence,Active On-Chain Consent (Granted by Patient),NO,N/A,N/A,Direct patient consent validated via ConsentManager.sol,AES-256-GCM,vault-transit-key-0x39603f40,Qm559f3c8379626ba931f58f16207360d69939e0a2165a,0.0.4891024,4801,2026-09-13 12:14:42 UTC,0x91c4f9c3874d89afd86bb56eb47a6bcc91e4c06f960dd29897599d8016fa4933,0.0001
ENC-00802,Aarav Ghosh,849402,0x322fb1b5964b1525ffbf3d72a4a83a05899fdc4b,28,female,O-,Dr. Vikram Seth,0x15d34AAf54267DB7D7c367839AAf71A00a2C6A65,NMC-99014,Oncology,Care & Cure Pediatric & Maternity Hospital,0x937F51E09477BfD31E56c5e533038a8eEAc096b7,Unspecified intracranial injury / Concussion,S06.9X0A,Trauma & Emergency,Emergency,150/95 mmHg,64,97%,130,"Mannitol 20% 100mL IV, Phenytoin 100mg IV, Analgesics",High,Passed - Safe pediatric/geriatric dosage tier verified,FHIR_R4_Bundle_S06.9X0A_Condition_MedicationRequest,All Clinical Records & Diagnostic Evidence,Break-Glass Emergency Invoked (Active Override),YES,Acute Life-Threatening Presentation: Unspecified intracranial injury / Concussion,60 Minutes (Auto-Expiring Ephemeral Key),Emergency access granted; immediate HCS compliance event broadcasted,AES-256-GCM,vault-transit-key-0x322fb1b5,Qmf82d49526522cf3537a1bdac06d8b14e5dc6a217be9b,0.0.4891024,4802,2026-09-13 12:14:44 UTC,0x7d5a5c2156e0cec47180a74a13a9512ab99f62d41f707b92cda298c41bd42a9b,0.0001
ENC-00803,Aditi Saxena,849403,0x4427f0c86894bca3d945e7b53c234a6d0de804da,29,male,AB-,Dr. Sunita Narang,0xBcd4042DE499D14e55001CcbB24a551F3b954096,NMC-90812,Endocrinology & Internal Medicine,Fortis Memorial Neuro & Trauma Center,0x84f93618C1D541bB1Dcf1373A8eE500A7D439634,Unspecified intracranial injury / Concussion,S06.9X0A,Trauma & Emergency,Emergency,150/95 mmHg,64,97%,130,"Mannitol 20% 100mL IV, Phenytoin 100mg IV, Analgesics",Low,Passed - Zero Drug-Drug Interaction Warning (Confidence 99.4%),FHIR_R4_Bundle_S06.9X0A_Condition_MedicationRequest,All Clinical Records & Diagnostic Evidence,Active On-Chain Consent (Granted by Patient),NO,N/A,N/A,Direct patient consent validated via ConsentManager.sol,AES-256-GCM,vault-transit-key-0x4427f0c8,Qmc2b8a8eb42d6bdd2fef1f2b6d17c189d9c08c38b4bfe,0.0.4891024,4803,2026-09-13 12:14:46 UTC,0xd4d091694879a25bd229a14e79ee0d5c2e350b5822619cef01f357e5ea53288b,0.0001
ENC-00804,Priyanka Mukherjee,849404,0xbe0945e03bc46b1a62683b7c90e117e9569c135c,30,female,A-,Dr. Vikram Seth,0x15d34AAf54267DB7D7c367839AAf71A00a2C6A65,NMC-99014,Oncology,Care & Cure Pediatric & Maternity Hospital,0x937F51E09477BfD31E56c5e533038a8eEAc096b7,Gastro-esophageal reflux disease,K21.9,Gastroenterology,Low,120/80 mmHg,70,99%,98,"Pantoprazole 40mg QD pre-breakfast, Domperidone 30mg QD",Medium,Advisory: Monitor Serum Potassium & Renal Function with ACEi/ARB,FHIR_R4_Bundle_K21.9_Condition_MedicationRequest,All Clinical Records & Diagnostic Evidence,Pending Patient Authorization,NO,N/A,N/A,Access request pending approval from patient wallet,AES-256-GCM,vault-transit-key-0xbe0945e0,Qm6136f11e1c38818ea72d2808a51fd71ad85c0eecc8d7,0.0.4891024,4804,2026-09-13 12:14:49 UTC,0x4ebfa96e92584201ebf7e1e2f002bde3adc988da972b527f48bf0a91d457bfc6,0.0001
ENC-00805,Sameer Pillai,849405,0x43a5aba7c734f99a45b717bef063f67d5ba07b78,31,male,O-,Dr. Sarah Jenkins,0x04Fee3FD1B338d12FFD6dBD8d66dE1e8e0BB99cB,NMC-48192,Cardiology,Apollo Multispecialty Hospital,0x155Af6ECaFb48861dA7d16Fb8Af2f6ce9d6DD779,Gastro-esophageal reflux disease,K21.9,Gastroenterology,Low,120/80 mmHg,70,99%,98,"Pantoprazole 40mg QD pre-breakfast, Domperidone 30mg QD",Low,Advisory: Confirm Patient Creatinine Clearance prior to Metformin XR,FHIR_R4_Bundle_K21.9_Condition_MedicationRequest,All Clinical Records & Diagnostic Evidence,Active On-Chain Consent (Granted by Patient),NO,N/A,N/A,Direct patient consent validated via ConsentManager.sol,AES-256-GCM,vault-transit-key-0x43a5aba7,Qme58315204ac9c95a9ea19589368fe612abb3d84d3747,0.0.4891024,4805,2026-09-13 12:14:50 UTC,0xbf02e4e3320e8fd41a111c9c68844ab9cfbb97360e4241730c5b52ebba4e7976,0.0001
ENC-00806,Aarav Pillai,849406,0x114ebbe0c35e9e527de604374a082e193cb634dd,32,female,B-,Dr. Rajesh Sharma,0x3c44CdDdB6a900fa2b585dd299e03d12FA4293BC,NMC-78491,Gastroenterology,Max Super Speciality Cancer Institute,0x28B7eA94B34C8F52D19E50Eb14769Da20F5D54b4,"Acute myocardial infarction, unspecified",I21.9,Cardiology,Emergency,95/60 mmHg,112,93%,165,"Ticagrelor 90mg BID, Aspirin 325mg, Atorvastatin 80mg, IV Heparin",Medium,Advisory: Confirm Patient Creatinine Clearance prior to Metformin XR,FHIR_R4_Bundle_I21.9_Condition_MedicationRequest,All Clinical Records & Diagnostic Evidence,Break-Glass Emergency Invoked (Active Override),YES,"Acute Life-Threatening Presentation: Acute myocardial infarction, unspecified",60 Minutes (Auto-Expiring Ephemeral Key),Emergency access granted; immediate HCS compliance event broadcasted,AES-256-GCM,vault-transit-key-0x114ebbe0,Qm24e8fd51db0957895346209939e9dec0f9e4280cdce4,0.0.4891024,4806,2026-09-13 12:14:52 UTC,0x301dce049a6e1eb975fba6ff3a4c4201f28027196f4d14b2e553c733f321705c,0.0001
ENC-00807,Varun Swaminathan,849407,0xd3ad7b1eea83080c880cb94b50a294bbd6b82ff8,33,male,AB-,Dr. Preeti Deshmukh,0x23618e81E3f5cdF7f54C3d65f7FBc0aBf5B21E8f,NMC-82194,Obstetrics & Pediatrics,Care & Cure Pediatric & Maternity Hospital,0x937F51E09477BfD31E56c5e533038a8eEAc096b7,"Epilepsy, unspecified, without status epilepticus",G40.909,Neurology,High,118/74 mmHg,76,99%,95,"Levetiracetam 500mg BID, Clobazam 10mg QHS",Low,Advisory: Confirm Patient Creatinine Clearance prior to Metformin XR,FHIR_R4_Bundle_G40.909_Condition_MedicationRequest,All Clinical Records & Diagnostic Evidence,Active On-Chain Consent (Granted by Patient),NO,N/A,N/A,Direct patient consent validated via ConsentManager.sol,AES-256-GCM,vault-transit-key-0xd3ad7b1e,Qmdb770b6979343ee0c4a7279961c823315be632841754,0.0.4891024,4807,2026-09-13 12:14:55 UTC,0x5991018ecd0164821dea00c5f7c13359cfdd75042b37fbb4a73ea17faad4a78f,0.0001
ENC-00808,Siddharth Sharma,849408,0xe8aed9a01238f383ea191372bc1ce50b20aee097,34,female,A+,Dr. Sarah Jenkins,0x04Fee3FD1B338d12FFD6dBD8d66dE1e8e0BB99cB,NMC-48192,Cardiology,Max Super Speciality Cancer Institute,0x28B7eA94B34C8F52D19E50Eb14769Da20F5D54b4,"Epilepsy, unspecified, without status epilepticus",G40.909,Neurology,High,118/74 mmHg,76,99%,95,"Levetiracetam 500mg BID, Clobazam 10mg QHS",Medium,Passed - Zero Drug-Drug Interaction Warning (Confidence 99.4%),FHIR_R4_Bundle_G40.909_Condition_MedicationRequest,All Clinical Records & Diagnostic Evidence,Active On-Chain Consent (Granted by Patient),NO,N/A,N/A,Direct patient consent validated via ConsentManager.sol,AES-256-GCM,vault-transit-key-0xe8aed9a0,Qm82e68a4477196dbac3b773cae0db39219629e6df29ed,0.0.4891024,4808,2026-09-13 12:14:56 UTC,0xf9c89ec820abdb01c298c6cd0c7d87c0a8d4eda20f78adc1e08e821c7c149ed9,0.0001
ENC-00809,Bhavna Ghosh,849409,0x052a5e0641766573200022ba418a921459240e09,35,male,O-,Dr. Rohan Patel,0x976EA74026E726554dB657fA54763abd0C3a0aa9,NMC-11029,Neurology,Apex Diagnostic & Pathology Hub,0x04Fee3FD1B338d12FFD6dBD8d66dE1e8e0BB99cB,Gastro-esophageal reflux disease,K21.9,Gastroenterology,Low,120/80 mmHg,70,99%,98,"Pantoprazole 40mg QD pre-breakfast, Domperidone 30mg QD",High,Passed - Zero Drug-Drug Interaction Warning (Confidence 99.4%),FHIR_R4_Bundle_K21.9_Condition_MedicationRequest,All Clinical Records & Diagnostic Evidence,Pending Patient Authorization,NO,N/A,N/A,Access request pending approval from patient wallet,AES-256-GCM,vault-transit-key-0x052a5e06,Qmbec3a10b9bb14a41574f84dfacec686f6caa6e09e940,0.0.4891024,4809,2026-09-13 12:14:59 UTC,0x77f439c73a39eb5d3daa8cc5718cee083b4b29a60a2c752e0710f92a78d05284,0.0001
ENC-00810,Aarav Reddy,849410,0xebbf1ff11690572e3cd320d78bbce58d7d610795,36,female,AB-,Dr. Rohan Patel,0x976EA74026E726554dB657fA54763abd0C3a0aa9,NMC-11029,Neurology,Apex Diagnostic & Pathology Hub,0x04Fee3FD1B338d12FFD6dBD8d66dE1e8e0BB99cB,Gastro-esophageal reflux disease,K21.9,Gastroenterology,Low,120/80 mmHg,70,99%,98,"Pantoprazole 40mg QD pre-breakfast, Domperidone 30mg QD",Low,Passed - Safe pediatric/geriatric dosage tier verified,FHIR_R4_Bundle_K21.9_Condition_MedicationRequest,All Clinical Records & Diagnostic Evidence,Active On-Chain Consent (Granted by Patient),NO,N/A,N/A,Direct patient consent validated via ConsentManager.sol,AES-256-GCM,vault-transit-key-0xebbf1ff1,Qm5dcb9cf4bf943ae49faa1903845101f80576dc477f48,0.0.4891024,4810,2026-09-13 12:15:01 UTC,0x2332db91815e21320d850efcdf55b506318906ae8effc4fa183ec92ac8730e13,0.0001
ENC-00811,Nikhil Mukherjee,849411,0xaa058dc67987274f09e898b0f83d167363c0dcd8,37,male,A+,Dr. Rajesh Sharma,0x3c44CdDdB6a900fa2b585dd299e03d12FA4293BC,NMC-78491,Gastroenterology,Apex Diagnostic & Pathology Hub,0x04Fee3FD1B338d12FFD6dBD8d66dE1e8e0BB99cB,Unspecified intracranial injury / Concussion,S06.9X0A,Trauma & Emergency,Emergency,150/95 mmHg,64,97%,130,"Mannitol 20% 100mL IV, Phenytoin 100mg IV, Analgesics",Medium,Passed - Zero Drug-Drug Interaction Warning (Confidence 99.4%),FHIR_R4_Bundle_S06.9X0A_Condition_MedicationRequest,All Clinical Records & Diagnostic Evidence,Break-Glass Emergency Invoked (Active Override),YES,Acute Life-Threatening Presentation: Unspecified intracranial injury / Concussion,60 Minutes (Auto-Expiring Ephemeral Key),Emergency access granted; immediate HCS compliance event broadcasted,AES-256-GCM,vault-transit-key-0xaa058dc6,Qmaa6789032ce6b6f362768ec1854ca73df5f1112ab986,0.0.4891024,4811,2026-09-13 12:15:03 UTC,0x4d96ebb27278842edee3313a865965de107c9652d9f2e0fd16d42d380f3ea5e9,0.0001
ENC-00812,Kavya Pillai,849412,0x026db7e44a27aefffa768703f06fe745025b307e,38,female,B-,Dr. Sunita Narang,0xBcd4042DE499D14e55001CcbB24a551F3b954096,NMC-90812,Endocrinology & Internal Medicine,Fortis Memorial Neuro & Trauma Center,0x84f93618C1D541bB1Dcf1373A8eE500A7D439634,Type 2 diabetes mellitus without complications,E11.9,Endocrinology,Moderate,130/82 mmHg,72,99%,142,"Metformin 500mg BID, Dapagliflozin 10mg QD",Low,Passed - Safe pediatric/geriatric dosage tier verified,FHIR_R4_Bundle_E11.9_Condition_MedicationRequest,All Clinical Records & Diagnostic Evidence,Active On-Chain Consent (Granted by Patient),NO,N/A,N/A,Direct patient consent validated via ConsentManager.sol,AES-256-GCM,vault-transit-key-0x026db7e4,Qm0109195662f4db204437cb794118b3e6eebe0cbd45ab,0.0.4891024,4812,2026-09-13 12:15:05 UTC,0x0713891c770c3e90dce4992f1866923fc2f27f9928ab97a8bf98c07ea077b88d,0.0001
ENC-00813,Ishaan Malhotra,849413,0x2045c50ce84159a2224d6f664970355bed47a586,39,male,B+,Dr. Sarah Jenkins,0x04Fee3FD1B338d12FFD6dBD8d66dE1e8e0BB99cB,NMC-48192,Cardiology,Max Super Speciality Cancer Institute,0x28B7eA94B34C8F52D19E50Eb14769Da20F5D54b4,"Epilepsy, unspecified, without status epilepticus",G40.909,Neurology,High,118/74 mmHg,76,99%,95,"Levetiracetam 500mg BID, Clobazam 10mg QHS",Low,Passed - Safe pediatric/geriatric dosage tier verified,FHIR_R4_Bundle_G40.909_Condition_MedicationRequest,All Clinical Records & Diagnostic Evidence,Active On-Chain Consent (Granted by Patient),NO,N/A,N/A,Direct patient consent validated via ConsentManager.sol,AES-256-GCM,vault-transit-key-0x2045c50c,Qm8160d064a79168384883f5cc3cfa7ea7dff2dd269fa1,0.0.4891024,4813,2026-09-13 12:15:07 UTC,0x923df60972d5ec9c9a2833edb2ec081bce895745b100ca8530fc268aa85a479c,0.0001
ENC-00814,Varun Bhatia,849414,0x53ec7eb74b2bfcc130dff074fe528691a1146a1a,40,female,B-,Dr. Sunita Narang,0xBcd4042DE499D14e55001CcbB24a551F3b954096,NMC-90812,Endocrinology & Internal Medicine,Apex Diagnostic & Pathology Hub,0x04Fee3FD1B338d12FFD6dBD8d66dE1e8e0BB99cB,Essential (primary) hypertension,I10,Cardiology,Moderate,148/92 mmHg,78,98%,110,"Amlodipine 5mg QD, Telmisartan 40mg QD",Low,Advisory: Confirm Patient Creatinine Clearance prior to Metformin XR,FHIR_R4_Bundle_I10_Condition_MedicationRequest,All Clinical Records & Diagnostic Evidence,Active On-Chain Consent (Granted by Patient),NO,N/A,N/A,Direct patient consent validated via ConsentManager.sol,AES-256-GCM,vault-transit-key-0x53ec7eb7,Qm80dab3c099f3266cc549b90e5fa396ecc401d384f4a2,0.0.4891024,4814,2026-09-13 12:15:10 UTC,0x237c4d1cad33cf9ab2416da963234cc99425431703de8c5d772994ab1c0c82bd,0.0001
ENC-00815,Shreya Deshmukh,849415,0x36cfe7098fefa3a59c05ef1f281d4898e260e636,41,male,B+,Dr. Vikram Seth,0x15d34AAf54267DB7D7c367839AAf71A00a2C6A65,NMC-99014,Oncology,Max Super Speciality Cancer Institute,0x28B7eA94B34C8F52D19E50Eb14769Da20F5D54b4,"Acute myocardial infarction, unspecified",I21.9,Cardiology,Emergency,95/60 mmHg,112,93%,165,"Ticagrelor 90mg BID, Aspirin 325mg, Atorvastatin 80mg, IV Heparin",Medium,Advisory: Monitor Serum Potassium & Renal Function with ACEi/ARB,FHIR_R4_Bundle_I21.9_Condition_MedicationRequest,All Clinical Records & Diagnostic Evidence,Break-Glass Emergency Invoked (Active Override),YES,"Acute Life-Threatening Presentation: Acute myocardial infarction, unspecified",60 Minutes (Auto-Expiring Ephemeral Key),Emergency access granted; immediate HCS compliance event broadcasted,AES-256-GCM,vault-transit-key-0x36cfe709,Qm5cdd5c8c54c12e991f22a02e16a1f877106bda20bf10,0.0.4891024,4815,2026-09-13 12:15:12 UTC,0xaed6e7243da326624b762003178296a254e398fe80ef4b39f8dea94001e8b8c0,0.0001
ENC-00816,Rahul Bhatia,849416,0x01a6303e6a3527a4e291d2a0cb256ee8478c089f,42,female,O-,Dr. Sarah Jenkins,0x04Fee3FD1B338d12FFD6dBD8d66dE1e8e0BB99cB,NMC-48192,Cardiology,Apollo Multispecialty Hospital,0x155Af6ECaFb48861dA7d16Fb8Af2f6ce9d6DD779,Gastro-esophageal reflux disease,K21.9,Gastroenterology,Low,120/80 mmHg,70,99%,98,"Pantoprazole 40mg QD pre-breakfast, Domperidone 30mg QD",High,Advisory: Confirm Patient Creatinine Clearance prior to Metformin XR,FHIR_R4_Bundle_K21.9_Condition_MedicationRequest,All Clinical Records & Diagnostic Evidence,Active On-Chain Consent (Granted by Patient),NO,N/A,N/A,Direct patient consent validated via ConsentManager.sol,AES-256-GCM,vault-transit-key-0x01a6303e,Qmdf0334053a92c25290312500a430ca42ba3626cf3fc7,0.0.4891024,4816,2026-09-13 12:15:13 UTC,0x283ba2c51b3da9e0362c5253a384deebe2b8209acb26bce6afcc272c20d6b8b6,0.0001
ENC-00817,Yashwanth Mehta,849417,0x0bdee5b685f01118a591cfe877db4c57fac48311,43,male,B+,Dr. Sunita Narang,0xBcd4042DE499D14e55001CcbB24a551F3b954096,NMC-90812,Endocrinology & Internal Medicine,Max Super Speciality Cancer Institute,0x28B7eA94B34C8F52D19E50Eb14769Da20F5D54b4,"Acute myocardial infarction, unspecified",I21.9,Cardiology,Emergency,95/60 mmHg,112,93%,165,"Ticagrelor 90mg BID, Aspirin 325mg, Atorvastatin 80mg, IV Heparin",High,Advisory: Monitor Serum Potassium & Renal Function with ACEi/ARB,FHIR_R4_Bundle_I21.9_Condition_MedicationRequest,All Clinical Records & Diagnostic Evidence,Break-Glass Emergency Invoked (Active Override),YES,"Acute Life-Threatening Presentation: Acute myocardial infarction, unspecified",60 Minutes (Auto-Expiring Ephemeral Key),Emergency access granted; immediate HCS compliance event broadcasted,AES-256-GCM,vault-transit-key-0x0bdee5b6,Qm5b557d687d8cf70867d47a303cc2fafb806cb0682304,0.0.4891024,4817,2026-09-13 12:15:15 UTC,0x4e32d11f1d2f207035b01f4031117bc1494db538a7f0b59da87c01a31c3316d7,0.0001
ENC-00818,Vikas Choudhury,849418,0x6458a894e0c9c607b86b6c8379701c91b2215d6f,44,female,AB-,Dr. Preeti Deshmukh,0x23618e81E3f5cdF7f54C3d65f7FBc0aBf5B21E8f,NMC-82194,Obstetrics & Pediatrics,Apex Diagnostic & Pathology Hub,0x04Fee3FD1B338d12FFD6dBD8d66dE1e8e0BB99cB,"Acute myocardial infarction, unspecified",I21.9,Cardiology,Emergency,95/60 mmHg,112,93%,165,"Ticagrelor 90mg BID, Aspirin 325mg, Atorvastatin 80mg, IV Heparin",Low,Passed - Safe pediatric/geriatric dosage tier verified,FHIR_R4_Bundle_I21.9_Condition_MedicationRequest,All Clinical Records & Diagnostic Evidence,Break-Glass Emergency Invoked (Active Override),YES,"Acute Life-Threatening Presentation: Acute myocardial infarction, unspecified",60 Minutes (Auto-Expiring Ephemeral Key),Emergency access granted; immediate HCS compliance event broadcasted,AES-256-GCM,vault-transit-key-0x6458a894,Qm76fdf9fc4e2c3e2c23407af47b0de65a2408293fe680,0.0.4891024,4818,2026-09-13 12:15:18 UTC,0x7603838ee4090a8dbfff952bfa52247b6754d9d7a3edc1068b3d41fd69257691,0.0001
ENC-00819,Priyanka Shetty,849419,0xfb2073f3d043575d83797ba46397b819def12df9,45,male,O-,Dr. Preeti Deshmukh,0x23618e81E3f5cdF7f54C3d65f7FBc0aBf5B21E8f,NMC-82194,Obstetrics & Pediatrics,Max Super Speciality Cancer Institute,0x28B7eA94B34C8F52D19E50Eb14769Da20F5D54b4,Dengue fever [classical dengue],A90,Infectious Disease,High,100/68 mmHg,96,98%,102,"Oral Rehydration Salts 1L/day, Paracetamol 650mg SOS",High,Advisory: Monitor Serum Potassium & Renal Function with ACEi/ARB,FHIR_R4_Bundle_A90_Condition_MedicationRequest,All Clinical Records & Diagnostic Evidence,Active On-Chain Consent (Granted by Patient),NO,N/A,N/A,Direct patient consent validated via ConsentManager.sol,AES-256-GCM,vault-transit-key-0xfb2073f3,Qm35948ca873dff012b4992f3630cb6e4d184033252eed,0.0.4891024,4819,2026-09-13 12:15:20 UTC,0xcecb9c853ab3cdc610aad823dec2327972f6d16b5b299cdc1fb9c01308d135f1,0.0001
ENC-00820,Siddharth Shetty,849420,0x145ec94752bed072e4232bcd4b7ebb682566cc79,46,female,B+,Dr. Sunita Narang,0xBcd4042DE499D14e55001CcbB24a551F3b954096,NMC-90812,Endocrinology & Internal Medicine,Apollo Multispecialty Hospital,0x155Af6ECaFb48861dA7d16Fb8Af2f6ce9d6DD779,Dengue fever [classical dengue],A90,Infectious Disease,High,100/68 mmHg,96,98%,102,"Oral Rehydration Salts 1L/day, Paracetamol 650mg SOS",High,Passed - Zero Drug-Drug Interaction Warning (Confidence 99.4%),FHIR_R4_Bundle_A90_Condition_MedicationRequest,All Clinical Records & Diagnostic Evidence,Active On-Chain Consent (Granted by Patient),NO,N/A,N/A,Direct patient consent validated via ConsentManager.sol,AES-256-GCM,vault-transit-key-0x145ec947,Qmebd8b8035a27e59628b23bc640d134698041020e0b16,0.0.4891024,4820,2026-09-13 12:15:22 UTC,0xe4a5474821691a6deac12fca1ceb1a5333979fb497fa460ffdfe8ac610874cf5,0.0001
ENC-00821,Arjun Hegde,849421,0x861411561efa41ba05fcbff0640d96e26c20a4ab,47,male,A+,Dr. Rohan Patel,0x976EA74026E726554dB657fA54763abd0C3a0aa9,NMC-11029,Neurology,Care & Cure Pediatric & Maternity Hospital,0x937F51E09477BfD31E56c5e533038a8eEAc096b7,Malignant neoplasm of female breast,C50.919,Oncology,Critical,122/76 mmHg,84,98%,105,"Tamoxifen 20mg QD, Trastuzumab 6mg/kg IV Q3W, Paclitaxel",High,Advisory: Confirm Patient Creatinine Clearance prior to Metformin XR,FHIR_R4_Bundle_C50.919_Condition_MedicationRequest,All Clinical Records & Diagnostic Evidence,Pending Patient Authorization,NO,N/A,N/A,Access request pending approval from patient wallet,AES-256-GCM,vault-transit-key-0x86141156,Qm83589c10a11bb0c23d785835abe3e4ad2a4e79cbbc27,0.0.4891024,4821,2026-09-13 12:15:24 UTC,0xa3a92d96562378c8af35ea4f6cd28f29886385f64fbdd4d9e3ea921e5758c10e,0.0001
ENC-00822,Nikhil Verma,849422,0x25b3dfbc3645a6048d7cc81d9178ed9f4dd3f5a8,48,female,B-,Dr. Rohan Patel,0x976EA74026E726554dB657fA54763abd0C3a0aa9,NMC-11029,Neurology,Max Super Speciality Cancer Institute,0x28B7eA94B34C8F52D19E50Eb14769Da20F5D54b4,Unspecified intracranial injury / Concussion,S06.9X0A,Trauma & Emergency,Emergency,150/95 mmHg,64,97%,130,"Mannitol 20% 100mL IV, Phenytoin 100mg IV, Analgesics",High,Advisory: Monitor Serum Potassium & Renal Function with ACEi/ARB,FHIR_R4_Bundle_S06.9X0A_Condition_MedicationRequest,All Clinical Records & Diagnostic Evidence,Active On-Chain Consent (Granted by Patient),NO,N/A,N/A,Direct patient consent validated via ConsentManager.sol,AES-256-GCM,vault-transit-key-0x25b3dfbc,Qm1360936577172492e9f4e4b79fe5577d3674f2f6d3fa,0.0.4891024,4822,2026-09-13 12:15:26 UTC,0x0bec524dce844e2cabc60f4fab9309bd728a1fabb013e58d91de0380196cc015,0.0001
ENC-00823,Pranav Mehta,849423,0x09e657f34077d9dc4ad7dade21b040adcb9f72fa,49,male,AB+,Dr. Vikram Seth,0x15d34AAf54267DB7D7c367839AAf71A00a2C6A65,NMC-99014,Oncology,Apollo Multispecialty Hospital,0x155Af6ECaFb48861dA7d16Fb8Af2f6ce9d6DD779,Essential (primary) hypertension,I10,Cardiology,Moderate,148/92 mmHg,78,98%,110,"Amlodipine 5mg QD, Telmisartan 40mg QD",Low,Passed - Zero Drug-Drug Interaction Warning (Confidence 99.4%),FHIR_R4_Bundle_I10_Condition_MedicationRequest,All Clinical Records & Diagnostic Evidence,Pending Patient Authorization,NO,N/A,N/A,Access request pending approval from patient wallet,AES-256-GCM,vault-transit-key-0x09e657f3,Qm31c1f5df1c6fcfd15a2d347b9c1040db0e3c0278e211,0.0.4891024,4823,2026-09-13 12:15:28 UTC,0x689ecc7e0f5b743ad33e3b33baa8a4cb92d2c67a93c278d5d072caefceb8b0f3,0.0001
ENC-00824,Sneha Banerjee,849424,0x21e4a92266acc667785c0cefd6177ab3a6d8601e,50,female,AB-,Dr. Rohan Patel,0x976EA74026E726554dB657fA54763abd0C3a0aa9,NMC-11029,Neurology,Fortis Memorial Neuro & Trauma Center,0x84f93618C1D541bB1Dcf1373A8eE500A7D439634,"Acute myocardial infarction, unspecified",I21.9,Cardiology,Emergency,95/60 mmHg,112,93%,165,"Ticagrelor 90mg BID, Aspirin 325mg, Atorvastatin 80mg, IV Heparin",Medium,Advisory: Monitor Serum Potassium & Renal Function with ACEi/ARB,FHIR_R4_Bundle_I21.9_Condition_MedicationRequest,All Clinical Records & Diagnostic Evidence,Active On-Chain Consent (Granted by Patient),NO,N/A,N/A,Direct patient consent validated via ConsentManager.sol,AES-256-GCM,vault-transit-key-0x21e4a922,Qmbbb16ce1f0910b2fc86506dc81eb2b91114fcb3d311e,0.0.4891024,4824,2026-09-13 12:15:30 UTC,0x39a06d8b2a17d977a9b609a22443a2fa4075936542854528e20594df1bcb017b,0.0001
ENC-00825,Rahul Malhotra,849425,0x02f9b2769765e4925ea736d7548c4f10207d9eda,51,male,A-,Dr. Vikram Seth,0x15d34AAf54267DB7D7c367839AAf71A00a2C6A65,NMC-99014,Oncology,Fortis Memorial Neuro & Trauma Center,0x84f93618C1D541bB1Dcf1373A8eE500A7D439634,Gastro-esophageal reflux disease,K21.9,Gastroenterology,Low,120/80 mmHg,70,99%,98,"Pantoprazole 40mg QD pre-breakfast, Domperidone 30mg QD",Medium,Advisory: Monitor Serum Potassium & Renal Function with ACEi/ARB,FHIR_R4_Bundle_K21.9_Condition_MedicationRequest,All Clinical Records & Diagnostic Evidence,Active On-Chain Consent (Granted by Patient),NO,N/A,N/A,Direct patient consent validated via ConsentManager.sol,AES-256-GCM,vault-transit-key-0x02f9b276,Qm91ab7a593a3e8fd64c45cdb72df29ec168d4cc930fd4,0.0.4891024,4825,2026-09-13 12:15:33 UTC,0xcda62984ccd881c3bd2f070e9558ec4a629d4dc4ca92c8951132435cd8f00d29,0.0001
ENC-00826,Deepak Chatterjee,849426,0x5d2efc595e38d95eecc22d15b0854bec35aa4961,52,female,AB+,Dr. Ananya Roy,0x9965507D1a55bcC2695C58ba16FB37d819B0A4dc,NMC-51203,Hematology,Apex Diagnostic & Pathology Hub,0x04Fee3FD1B338d12FFD6dBD8d66dE1e8e0BB99cB,"Acute myocardial infarction, unspecified",I21.9,Cardiology,Emergency,95/60 mmHg,112,93%,165,"Ticagrelor 90mg BID, Aspirin 325mg, Atorvastatin 80mg, IV Heparin",High,Advisory: Confirm Patient Creatinine Clearance prior to Metformin XR,FHIR_R4_Bundle_I21.9_Condition_MedicationRequest,All Clinical Records & Diagnostic Evidence,Break-Glass Emergency Invoked (Active Override),YES,"Acute Life-Threatening Presentation: Acute myocardial infarction, unspecified",60 Minutes (Auto-Expiring Ephemeral Key),Emergency access granted; immediate HCS compliance event broadcasted,AES-256-GCM,vault-transit-key-0x5d2efc59,Qm8ee6e533450fa3c1d61b418b3ae6ab71c98a1b6b3c6f,0.0.4891024,4826,2026-09-13 12:15:34 UTC,0x562b2aabe1a513de517959e0d414a153f0dc34564a098b260240dc9e6ca37856,0.0001
ENC-00827,Madhav Reddy,849427,0x46700cdf8719c4c635086190285d84d7c484d048,53,male,B+,Dr. Rohan Patel,0x976EA74026E726554dB657fA54763abd0C3a0aa9,NMC-11029,Neurology,Care & Cure Pediatric & Maternity Hospital,0x937F51E09477BfD31E56c5e533038a8eEAc096b7,"Epilepsy, unspecified, without status epilepticus",G40.909,Neurology,High,118/74 mmHg,76,99%,95,"Levetiracetam 500mg BID, Clobazam 10mg QHS",High,Passed - Safe pediatric/geriatric dosage tier verified,FHIR_R4_Bundle_G40.909_Condition_MedicationRequest,All Clinical Records & Diagnostic Evidence,Pending Patient Authorization,NO,N/A,N/A,Access request pending approval from patient wallet,AES-256-GCM,vault-transit-key-0x46700cdf,Qm661818d11df8a0f9f6ca92a3a183069e578ec80a914d,0.0.4891024,4827,2026-09-13 12:15:37 UTC,0xc124693265acda7a57aea1d5540849eec6f32efac2ebc860c0838a580abf3f76,0.0001
ENC-00828,Lata Kapoor,849428,0xa3df80df8cadda3daf5f5617af6d9a3c4051f746,54,female,B+,Dr. Sunita Narang,0xBcd4042DE499D14e55001CcbB24a551F3b954096,NMC-90812,Endocrinology & Internal Medicine,Apex Diagnostic & Pathology Hub,0x04Fee3FD1B338d12FFD6dBD8d66dE1e8e0BB99cB,Essential (primary) hypertension,I10,Cardiology,Moderate,148/92 mmHg,78,98%,110,"Amlodipine 5mg QD, Telmisartan 40mg QD",High,Advisory: Confirm Patient Creatinine Clearance prior to Metformin XR,FHIR_R4_Bundle_I10_Condition_MedicationRequest,All Clinical Records & Diagnostic Evidence,Active On-Chain Consent (Granted by Patient),NO,N/A,N/A,Direct patient consent validated via ConsentManager.sol,AES-256-GCM,vault-transit-key-0xa3df80df,Qm99f0e2dec76ad08567a8abfb9afb1eaa27a3fe4a4cb2,0.0.4891024,4828,2026-09-13 12:15:39 UTC,0x939d32742e37f484744199810389c654afcf39d8f503d22b2f9201f8dc4d1e28,0.0001
ENC-00829,Kavya Ghosh,849429,0xb2c63de78d3076753cdd0410bfeeeabaa015fb93,55,male,AB-,Dr. Sarah Jenkins,0x04Fee3FD1B338d12FFD6dBD8d66dE1e8e0BB99cB,NMC-48192,Cardiology,Fortis Memorial Neuro & Trauma Center,0x84f93618C1D541bB1Dcf1373A8eE500A7D439634,Dengue fever [classical dengue],A90,Infectious Disease,High,100/68 mmHg,96,98%,102,"Oral Rehydration Salts 1L/day, Paracetamol 650mg SOS",Low,Advisory: Confirm Patient Creatinine Clearance prior to Metformin XR,FHIR_R4_Bundle_A90_Condition_MedicationRequest,All Clinical Records & Diagnostic Evidence,Active On-Chain Consent (Granted by Patient),NO,N/A,N/A,Direct patient consent validated via ConsentManager.sol,AES-256-GCM,vault-transit-key-0xb2c63de7,Qm4f73b39a56d7e5e90d6290b6df7bf6a8adc1bed00a8f,0.0.4891024,4829,2026-09-13 12:15:41 UTC,0x14bb6d0432e6ce0058a0b814fb3d58fd2cd26245f8a089b01e1962e884cc18ec,0.0001
ENC-00830,Ananya Hegde,849430,0x0468ce1e82f1117efe54d9ffc0be2ec6a2404a54,56,female,A+,Dr. Sunita Narang,0xBcd4042DE499D14e55001CcbB24a551F3b954096,NMC-90812,Endocrinology & Internal Medicine,Apex Diagnostic & Pathology Hub,0x04Fee3FD1B338d12FFD6dBD8d66dE1e8e0BB99cB,Gastro-esophageal reflux disease,K21.9,Gastroenterology,Low,120/80 mmHg,70,99%,98,"Pantoprazole 40mg QD pre-breakfast, Domperidone 30mg QD",Low,Advisory: Monitor Serum Potassium & Renal Function with ACEi/ARB,FHIR_R4_Bundle_K21.9_Condition_MedicationRequest,All Clinical Records & Diagnostic Evidence,Active On-Chain Consent (Granted by Patient),NO,N/A,N/A,Direct patient consent validated via ConsentManager.sol,AES-256-GCM,vault-transit-key-0x0468ce1e,Qm609cba3dacd41a48b825a5c42f35482a693e3cc254db,0.0.4891024,4830,2026-09-13 12:15:43 UTC,0xd6e9cd928cdf224af196cee735884a91e9ba093b7176108ab7274602412addf6,0.0001
ENC-00831,Pooja Ghosh,849431,0xa8dc4cc4b01fb404f9af78f98b18019b4ab59ca3,57,male,AB+,Dr. Rohan Patel,0x976EA74026E726554dB657fA54763abd0C3a0aa9,NMC-11029,Neurology,Care & Cure Pediatric & Maternity Hospital,0x937F51E09477BfD31E56c5e533038a8eEAc096b7,Type 2 diabetes mellitus without complications,E11.9,Endocrinology,Moderate,130/82 mmHg,72,99%,142,"Metformin 500mg BID, Dapagliflozin 10mg QD",Low,Advisory: Monitor Serum Potassium & Renal Function with ACEi/ARB,FHIR_R4_Bundle_E11.9_Condition_MedicationRequest,All Clinical Records & Diagnostic Evidence,Active On-Chain Consent (Granted by Patient),NO,N/A,N/A,Direct patient consent validated via ConsentManager.sol,AES-256-GCM,vault-transit-key-0xa8dc4cc4,Qmc0f9f08342009ad9d3762841e755e865d623dea7dd20,0.0.4891024,4831,2026-09-13 12:15:45 UTC,0x4f92469d446a58e0ed624fa28cd9bd48cd8c0c04b94d4c2a6f0d61e4475f139e,0.0001
ENC-00832,Manish Reddy,849432,0x87686b9d0a57e68a23f55fea66f8b4479b5610e7,58,female,AB-,Dr. Sarah Jenkins,0x04Fee3FD1B338d12FFD6dBD8d66dE1e8e0BB99cB,NMC-48192,Cardiology,Care & Cure Pediatric & Maternity Hospital,0x937F51E09477BfD31E56c5e533038a8eEAc096b7,Type 2 diabetes mellitus without complications,E11.9,Endocrinology,Moderate,130/82 mmHg,72,99%,142,"Metformin 500mg BID, Dapagliflozin 10mg QD",High,Advisory: Monitor Serum Potassium & Renal Function with ACEi/ARB,FHIR_R4_Bundle_E11.9_Condition_MedicationRequest,All Clinical Records & Diagnostic Evidence,Pending Patient Authorization,NO,N/A,N/A,Access request pending approval from patient wallet,AES-256-GCM,vault-transit-key-0x87686b9d,Qm4544cb9c9f162adf10d3bb46389ad438143e057bbf7f,0.0.4891024,4832,2026-09-13 12:15:47 UTC,0x3f7336d80d89c21c08a10494b68613b5ac4522bdf2ceba872abf67811ee3e5e2,0.0001
ENC-00833,Bhavna Malhotra,849433,0x6f2aecd127881cb30752d0b4af2046d5a201c626,59,male,O+,Dr. Preeti Deshmukh,0x23618e81E3f5cdF7f54C3d65f7FBc0aBf5B21E8f,NMC-82194,Obstetrics & Pediatrics,Apex Diagnostic & Pathology Hub,0x04Fee3FD1B338d12FFD6dBD8d66dE1e8e0BB99cB,Malignant neoplasm of female breast,C50.919,Oncology,Critical,122/76 mmHg,84,98%,105,"Tamoxifen 20mg QD, Trastuzumab 6mg/kg IV Q3W, Paclitaxel",Low,Passed - Zero Drug-Drug Interaction Warning (Confidence 99.4%),FHIR_R4_Bundle_C50.919_Condition_MedicationRequest,All Clinical Records & Diagnostic Evidence,Active On-Chain Consent (Granted by Patient),NO,N/A,N/A,Direct patient consent validated via ConsentManager.sol,AES-256-GCM,vault-transit-key-0x6f2aecd1,Qm51ae3e0be01661fd2b976d8828a24b39cdb229bc7d6f,0.0.4891024,4833,2026-09-13 12:15:49 UTC,0xa90b05c39ebff0e25f7d71d1baa033da4ad1c2b8e5fe9044fec3d591c5bb3419,0.0001
ENC-00834,Aarav Nair,849434,0xa7ba297f0abdf166b13247103632b27eda83ee2b,60,female,AB+,Dr. Rajesh Sharma,0x3c44CdDdB6a900fa2b585dd299e03d12FA4293BC,NMC-78491,Gastroenterology,Apollo Multispecialty Hospital,0x155Af6ECaFb48861dA7d16Fb8Af2f6ce9d6DD779,Essential (primary) hypertension,I10,Cardiology,Moderate,148/92 mmHg,78,98%,110,"Amlodipine 5mg QD, Telmisartan 40mg QD",Medium,Passed - Safe pediatric/geriatric dosage tier verified,FHIR_R4_Bundle_I10_Condition_MedicationRequest,All Clinical Records & Diagnostic Evidence,Active On-Chain Consent (Granted by Patient),NO,N/A,N/A,Direct patient consent validated via ConsentManager.sol,AES-256-GCM,vault-transit-key-0xa7ba297f,Qm90e531e1541056ebe92c415eea44c6745fcc862c8374,0.0.4891024,4834,2026-09-13 12:15:51 UTC,0xd6717cd3f9598848ab5edc42e5847c2642ae97be4969e06cfe657a877c26d2b7,0.0001
ENC-00835,Siddharth Reddy,849435,0x0ab8aca7411938192fff8e74018d352f7b5c1cd5,61,male,O+,Dr. Sarah Jenkins,0x04Fee3FD1B338d12FFD6dBD8d66dE1e8e0BB99cB,NMC-48192,Cardiology,Apex Diagnostic & Pathology Hub,0x04Fee3FD1B338d12FFD6dBD8d66dE1e8e0BB99cB,Dengue fever [classical dengue],A90,Infectious Disease,High,100/68 mmHg,96,98%,102,"Oral Rehydration Salts 1L/day, Paracetamol 650mg SOS",High,Passed - Zero Drug-Drug Interaction Warning (Confidence 99.4%),FHIR_R4_Bundle_A90_Condition_MedicationRequest,All Clinical Records & Diagnostic Evidence,Active On-Chain Consent (Granted by Patient),NO,N/A,N/A,Direct patient consent validated via ConsentManager.sol,AES-256-GCM,vault-transit-key-0x0ab8aca7,Qm068f264ac2de50ea912181821e94e12a9e5e442fd759,0.0.4891024,4835,2026-09-13 12:15:53 UTC,0xc4bfa14cc0625a3343f83c2734cc8d46cc2b6e933a89f08175988b1b597df825,0.0001
ENC-00836,Divya Ghosh,849436,0x7bcfff48baef17e16836e6ebacca78c56d45c517,62,female,O-,Dr. Rajesh Sharma,0x3c44CdDdB6a900fa2b585dd299e03d12FA4293BC,NMC-78491,Gastroenterology,Fortis Memorial Neuro & Trauma Center,0x84f93618C1D541bB1Dcf1373A8eE500A7D439634,Gastro-esophageal reflux disease,K21.9,Gastroenterology,Low,120/80 mmHg,70,99%,98,"Pantoprazole 40mg QD pre-breakfast, Domperidone 30mg QD",High,Advisory: Confirm Patient Creatinine Clearance prior to Metformin XR,FHIR_R4_Bundle_K21.9_Condition_MedicationRequest,All Clinical Records & Diagnostic Evidence,Pending Patient Authorization,NO,N/A,N/A,Access request pending approval from patient wallet,AES-256-GCM,vault-transit-key-0x7bcfff48,Qm0510c39d9cf5be162126194d43d0f0fd68a8e88638c6,0.0.4891024,4836,2026-09-13 12:15:55 UTC,0x6d701aa28de3eb6dfd2d262023c3a5cc41dc3da3c8781535a405691a3536b2c3,0.0001
ENC-00837,Priyanka Swaminathan,849437,0x97c0b392778e804851c5eb9a43e96f097b1bf4d7,63,male,O-,Dr. Vikram Seth,0x15d34AAf54267DB7D7c367839AAf71A00a2C6A65,NMC-99014,Oncology,Max Super Speciality Cancer Institute,0x28B7eA94B34C8F52D19E50Eb14769Da20F5D54b4,"Acute myocardial infarction, unspecified",I21.9,Cardiology,Emergency,95/60 mmHg,112,93%,165,"Ticagrelor 90mg BID, Aspirin 325mg, Atorvastatin 80mg, IV Heparin",Medium,Passed - Zero Drug-Drug Interaction Warning (Confidence 99.4%),FHIR_R4_Bundle_I21.9_Condition_MedicationRequest,All Clinical Records & Diagnostic Evidence,Break-Glass Emergency Invoked (Active Override),YES,"Acute Life-Threatening Presentation: Acute myocardial infarction, unspecified",60 Minutes (Auto-Expiring Ephemeral Key),Emergency access granted; immediate HCS compliance event broadcasted,AES-256-GCM,vault-transit-key-0x97c0b392,Qm7488d59c1384834f37eeaeb9e12414219a02e8e203cf,0.0.4891024,4837,2026-09-13 12:15:58 UTC,0x02ee168cc3deafeb0075bfc0081d979a71b77ffd54653807a3818e76c639372c,0.0001
ENC-00838,Tanvi Hegde,849438,0x07837c8e84bb5a2be949b9d3485b65baeff2e612,64,female,B+,Dr. Rajesh Sharma,0x3c44CdDdB6a900fa2b585dd299e03d12FA4293BC,NMC-78491,Gastroenterology,Fortis Memorial Neuro & Trauma Center,0x84f93618C1D541bB1Dcf1373A8eE500A7D439634,"Epilepsy, unspecified, without status epilepticus",G40.909,Neurology,High,118/74 mmHg,76,99%,95,"Levetiracetam 500mg BID, Clobazam 10mg QHS",Low,Advisory: Confirm Patient Creatinine Clearance prior to Metformin XR,FHIR_R4_Bundle_G40.909_Condition_MedicationRequest,All Clinical Records & Diagnostic Evidence,Active On-Chain Consent (Granted by Patient),NO,N/A,N/A,Direct patient consent validated via ConsentManager.sol,AES-256-GCM,vault-transit-key-0x07837c8e,Qma703137bb62d2c8d86070317e1af78543686c627fd2a,0.0.4891024,4838,2026-09-13 12:16:00 UTC,0x4022c138710a73a3dd10d9a8cb403ebb104ad4c96aee322aa5c5276ee63fc32c,0.0001
ENC-00839,Ananya Sharma,849439,0x51a9ab9666c691a3d1b7325f5a1df4212e2d7592,65,male,AB+,Dr. Preeti Deshmukh,0x23618e81E3f5cdF7f54C3d65f7FBc0aBf5B21E8f,NMC-82194,Obstetrics & Pediatrics,Apollo Multispecialty Hospital,0x155Af6ECaFb48861dA7d16Fb8Af2f6ce9d6DD779,Dengue fever [classical dengue],A90,Infectious Disease,High,100/68 mmHg,96,98%,102,"Oral Rehydration Salts 1L/day, Paracetamol 650mg SOS",Low,Passed - Safe pediatric/geriatric dosage tier verified,FHIR_R4_Bundle_A90_Condition_MedicationRequest,All Clinical Records & Diagnostic Evidence,Pending Patient Authorization,NO,N/A,N/A,Access request pending approval from patient wallet,AES-256-GCM,vault-transit-key-0x51a9ab96,Qm8118c3ba6f3e3520147dfa2eb6a0d6c53008fc03713f,0.0.4891024,4839,2026-09-13 12:16:02 UTC,0x5e90d3e7292281b22d9b90b79e4ee5f79cbf1f3e8503b10e2e44e34f80506bd9,0.0001
ENC-00840,Shreya Ghosh,849440,0xb12aeb10008c6f5781956030b1e97e79c3e41b36,66,female,O-,Dr. Vikram Seth,0x15d34AAf54267DB7D7c367839AAf71A00a2C6A65,NMC-99014,Oncology,Apex Diagnostic & Pathology Hub,0x04Fee3FD1B338d12FFD6dBD8d66dE1e8e0BB99cB,Gastro-esophageal reflux disease,K21.9,Gastroenterology,Low,120/80 mmHg,70,99%,98,"Pantoprazole 40mg QD pre-breakfast, Domperidone 30mg QD",Low,Passed - Zero Drug-Drug Interaction Warning (Confidence 99.4%),FHIR_R4_Bundle_K21.9_Condition_MedicationRequest,All Clinical Records & Diagnostic Evidence,Active On-Chain Consent (Granted by Patient),NO,N/A,N/A,Direct patient consent validated via ConsentManager.sol,AES-256-GCM,vault-transit-key-0xb12aeb10,Qm6d3fba8b18c2105e12ac3eefb8a660f4e60df12051e3,0.0.4891024,4840,2026-09-13 12:16:04 UTC,0x0b1dbf0cc9d5b0e55db7a41658d9d49f2caa68d54dca7fd84bcf2b5f0f0abfdc,0.0001
ENC-00841,Ananya Kapoor,849441,0x0e1ac1bc5202cd36bb3406d92fc0137d9eb93b54,67,male,B-,Dr. Preeti Deshmukh,0x23618e81E3f5cdF7f54C3d65f7FBc0aBf5B21E8f,NMC-82194,Obstetrics & Pediatrics,Care & Cure Pediatric & Maternity Hospital,0x937F51E09477BfD31E56c5e533038a8eEAc096b7,Gastro-esophageal reflux disease,K21.9,Gastroenterology,Low,120/80 mmHg,70,99%,98,"Pantoprazole 40mg QD pre-breakfast, Domperidone 30mg QD",High,Passed - Zero Drug-Drug Interaction Warning (Confidence 99.4%),FHIR_R4_Bundle_K21.9_Condition_MedicationRequest,All Clinical Records & Diagnostic Evidence,Active On-Chain Consent (Granted by Patient),NO,N/A,N/A,Direct patient consent validated via ConsentManager.sol,AES-256-GCM,vault-transit-key-0x0e1ac1bc,Qm3b7b822f7f3d9ce8beac6ffa89e5730cd964005f58d8,0.0.4891024,4841,2026-09-13 12:16:06 UTC,0x26d7e10285a74e6b158ec699eb2348762d4fbbdf3bc8e5b547332cd20f73ed3e,0.0001
ENC-00842,Sneha Malhotra,849442,0xaa859c5a74ff113b221bdf481f88c735c77fd8c2,68,female,A-,Dr. Vikram Seth,0x15d34AAf54267DB7D7c367839AAf71A00a2C6A65,NMC-99014,Oncology,Apollo Multispecialty Hospital,0x155Af6ECaFb48861dA7d16Fb8Af2f6ce9d6DD779,"Acute myocardial infarction, unspecified",I21.9,Cardiology,Emergency,95/60 mmHg,112,93%,165,"Ticagrelor 90mg BID, Aspirin 325mg, Atorvastatin 80mg, IV Heparin",Low,Advisory: Monitor Serum Potassium & Renal Function with ACEi/ARB,FHIR_R4_Bundle_I21.9_Condition_MedicationRequest,All Clinical Records & Diagnostic Evidence,Pending Patient Authorization,NO,N/A,N/A,Access request pending approval from patient wallet,AES-256-GCM,vault-transit-key-0xaa859c5a,Qm1ba84dcb1f587958df2d100025ddf3bce5bbf01ca6d3,0.0.4891024,4842,2026-09-13 12:16:08 UTC,0xd2ce168b2347d2953935a7e801a270e17e7cfe2958d67922378eb74c103b7f34,0.0001
ENC-00843,Vikas Pandey,849443,0xf4f14d0de475c7fc0530bfece046c22a18dfc41c,69,male,A-,Dr. Sarah Jenkins,0x04Fee3FD1B338d12FFD6dBD8d66dE1e8e0BB99cB,NMC-48192,Cardiology,Care & Cure Pediatric & Maternity Hospital,0x937F51E09477BfD31E56c5e533038a8eEAc096b7,"Epilepsy, unspecified, without status epilepticus",G40.909,Neurology,High,118/74 mmHg,76,99%,95,"Levetiracetam 500mg BID, Clobazam 10mg QHS",High,Passed - Safe pediatric/geriatric dosage tier verified,FHIR_R4_Bundle_G40.909_Condition_MedicationRequest,All Clinical Records & Diagnostic Evidence,Pending Patient Authorization,NO,N/A,N/A,Access request pending approval from patient wallet,AES-256-GCM,vault-transit-key-0xf4f14d0d,Qm7b4703c523101b7330beb39edd77d999f7404e702672,0.0.4891024,4843,2026-09-13 12:16:10 UTC,0x3d1fbf3c753b128fabd7cb8c33e89c2f7dbb3a4d6378ac9a358d0382401c4196,0.0001
ENC-00844,Nandini Sharma,849444,0x9e982fadbaa3f7153e99d548bf69ad63ece31649,70,female,A-,Dr. Sunita Narang,0xBcd4042DE499D14e55001CcbB24a551F3b954096,NMC-90812,Endocrinology & Internal Medicine,Apex Diagnostic & Pathology Hub,0x04Fee3FD1B338d12FFD6dBD8d66dE1e8e0BB99cB,Malignant neoplasm of female breast,C50.919,Oncology,Critical,122/76 mmHg,84,98%,105,"Tamoxifen 20mg QD, Trastuzumab 6mg/kg IV Q3W, Paclitaxel",High,Advisory: Monitor Serum Potassium & Renal Function with ACEi/ARB,FHIR_R4_Bundle_C50.919_Condition_MedicationRequest,All Clinical Records & Diagnostic Evidence,Active On-Chain Consent (Granted by Patient),NO,N/A,N/A,Direct patient consent validated via ConsentManager.sol,AES-256-GCM,vault-transit-key-0x9e982fad,Qmcb8ae7c1e1ccb67ab83f860b86bbf5557361ff7e1ec9,0.0.4891024,4844,2026-09-13 12:16:12 UTC,0x745188f37d03dd8b1c73f253d87dfe07d7cae87a302a9abf8f3a6faa9301c73a,0.0001
ENC-00845,Manish Joshi,849445,0x681a0fefab8484606d7c51b863d92f2325b0b985,71,male,B-,Dr. Rajesh Sharma,0x3c44CdDdB6a900fa2b585dd299e03d12FA4293BC,NMC-78491,Gastroenterology,Care & Cure Pediatric & Maternity Hospital,0x937F51E09477BfD31E56c5e533038a8eEAc096b7,Dengue fever [classical dengue],A90,Infectious Disease,High,100/68 mmHg,96,98%,102,"Oral Rehydration Salts 1L/day, Paracetamol 650mg SOS",Medium,Advisory: Monitor Serum Potassium & Renal Function with ACEi/ARB,FHIR_R4_Bundle_A90_Condition_MedicationRequest,All Clinical Records & Diagnostic Evidence,Pending Patient Authorization,NO,N/A,N/A,Access request pending approval from patient wallet,AES-256-GCM,vault-transit-key-0x681a0fef,Qmaf23e9234d09f442d4a04597fc576f9666cbb143661e,0.0.4891024,4845,2026-09-13 12:16:15 UTC,0x4fbef931b7fc70133efa4e59ef4991c8a579ea9004d4071586e95c124a9c8bc0,0.0001
ENC-00846,Harish Pandey,849446,0x7c01e70ccb484d2c6f3e0477e1378089196d7a8d,72,female,A+,Dr. Ananya Roy,0x9965507D1a55bcC2695C58ba16FB37d819B0A4dc,NMC-51203,Hematology,Apex Diagnostic & Pathology Hub,0x04Fee3FD1B338d12FFD6dBD8d66dE1e8e0BB99cB,Dengue fever [classical dengue],A90,Infectious Disease,High,100/68 mmHg,96,98%,102,"Oral Rehydration Salts 1L/day, Paracetamol 650mg SOS",Low,Passed - Zero Drug-Drug Interaction Warning (Confidence 99.4%),FHIR_R4_Bundle_A90_Condition_MedicationRequest,All Clinical Records & Diagnostic Evidence,Pending Patient Authorization,NO,N/A,N/A,Access request pending approval from patient wallet,AES-256-GCM,vault-transit-key-0x7c01e70c,Qm74f23d6b453d10b4f74f8d37b4854d35110be58d7e50,0.0.4891024,4846,2026-09-13 12:16:17 UTC,0xee76d0c76bb1286c78810f7b0c810ebcf247a1f06f816d1356f47ceb502d9ffa,0.0001
ENC-00847,Shreya Hegde,849447,0xecbf165716e020a48da048d8db9a4b32afd329d4,73,male,B-,Dr. Rajesh Sharma,0x3c44CdDdB6a900fa2b585dd299e03d12FA4293BC,NMC-78491,Gastroenterology,Fortis Memorial Neuro & Trauma Center,0x84f93618C1D541bB1Dcf1373A8eE500A7D439634,Dengue fever [classical dengue],A90,Infectious Disease,High,100/68 mmHg,96,98%,102,"Oral Rehydration Salts 1L/day, Paracetamol 650mg SOS",Low,Passed - Safe pediatric/geriatric dosage tier verified,FHIR_R4_Bundle_A90_Condition_MedicationRequest,All Clinical Records & Diagnostic Evidence,Pending Patient Authorization,NO,N/A,N/A,Access request pending approval from patient wallet,AES-256-GCM,vault-transit-key-0xecbf1657,Qm7ba6448a5b8974cdf801916b3e7b35081ba1ed2cffbd,0.0.4891024,4847,2026-09-13 12:16:19 UTC,0x634acd2aa626c4d91d6266ec55c66e557123337559c473331aa63661a9866828,0.0001
ENC-00848,Madhav Rao,849448,0x79ff672e82d077c312a033c95c3a2343b65d183d,74,female,B+,Dr. Sarah Jenkins,0x04Fee3FD1B338d12FFD6dBD8d66dE1e8e0BB99cB,NMC-48192,Cardiology,Apollo Multispecialty Hospital,0x155Af6ECaFb48861dA7d16Fb8Af2f6ce9d6DD779,Type 2 diabetes mellitus without complications,E11.9,Endocrinology,Moderate,130/82 mmHg,72,99%,142,"Metformin 500mg BID, Dapagliflozin 10mg QD",High,Advisory: Confirm Patient Creatinine Clearance prior to Metformin XR,FHIR_R4_Bundle_E11.9_Condition_MedicationRequest,All Clinical Records & Diagnostic Evidence,Active On-Chain Consent (Granted by Patient),NO,N/A,N/A,Direct patient consent validated via ConsentManager.sol,AES-256-GCM,vault-transit-key-0x79ff672e,Qmb23d118b0b397aa2c541677017c917b4665d794042f0,0.0.4891024,4848,2026-09-13 12:16:21 UTC,0xbf8da81839e270928b0cffdd9ed41d6744bf6ccff8a50f1bfb95b95d3b6418d8,0.0001
ENC-00849,Chetan Saxena,849449,0xa13cd93f241c692b1f265856e2c7a8a5c78a13f5,75,male,B+,Dr. Ananya Roy,0x9965507D1a55bcC2695C58ba16FB37d819B0A4dc,NMC-51203,Hematology,Apollo Multispecialty Hospital,0x155Af6ECaFb48861dA7d16Fb8Af2f6ce9d6DD779,"Epilepsy, unspecified, without status epilepticus",G40.909,Neurology,High,118/74 mmHg,76,99%,95,"Levetiracetam 500mg BID, Clobazam 10mg QHS",High,Passed - Zero Drug-Drug Interaction Warning (Confidence 99.4%),FHIR_R4_Bundle_G40.909_Condition_MedicationRequest,All Clinical Records & Diagnostic Evidence,Pending Patient Authorization,NO,N/A,N/A,Access request pending approval from patient wallet,AES-256-GCM,vault-transit-key-0xa13cd93f,Qmed7e15de30e791271cec7b3f4bba4e2a3474e03524c6,0.0.4891024,4849,2026-09-13 12:16:23 UTC,0xd448d7249ef5f0d2e0da8023070647697a171791fc6dcfbe0e1a1cb387928da9,0.0001
ENC-00850,Shreya Malhotra,849450,0x77860bec67efee5088e0417de7677a2ea7da52b9,76,female,B+,Dr. Sarah Jenkins,0x04Fee3FD1B338d12FFD6dBD8d66dE1e8e0BB99cB,NMC-48192,Cardiology,Care & Cure Pediatric & Maternity Hospital,0x937F51E09477BfD31E56c5e533038a8eEAc096b7,Unspecified intracranial injury / Concussion,S06.9X0A,Trauma & Emergency,Emergency,150/95 mmHg,64,97%,130,"Mannitol 20% 100mL IV, Phenytoin 100mg IV, Analgesics",Medium,Advisory: Confirm Patient Creatinine Clearance prior to Metformin XR,FHIR_R4_Bundle_S06.9X0A_Condition_MedicationRequest,All Clinical Records & Diagnostic Evidence,Break-Glass Emergency Invoked (Active Override),YES,Acute Life-Threatening Presentation: Unspecified intracranial injury / Concussion,60 Minutes (Auto-Expiring Ephemeral Key),Emergency access granted; immediate HCS compliance event broadcasted,AES-256-GCM,vault-transit-key-0x77860bec,Qm6f1da79bc0672b483e4a2d119e601045f1d553f43d01,0.0.4891024,4850,2026-09-13 12:16:25 UTC,0x4ee85cc88baea73bc455a3d063abc3365b174b890b1319a916acea485752be0f,0.0001
ENC-00851,Anand Banerjee,849451,0x9971258334d92585455ceda7ed85f11ca12d8f94,77,male,O-,Dr. Preeti Deshmukh,0x23618e81E3f5cdF7f54C3d65f7FBc0aBf5B21E8f,NMC-82194,Obstetrics & Pediatrics,Apollo Multispecialty Hospital,0x155Af6ECaFb48861dA7d16Fb8Af2f6ce9d6DD779,Type 2 diabetes mellitus without complications,E11.9,Endocrinology,Moderate,130/82 mmHg,72,99%,142,"Metformin 500mg BID, Dapagliflozin 10mg QD",Low,Passed - Safe pediatric/geriatric dosage tier verified,FHIR_R4_Bundle_E11.9_Condition_MedicationRequest,All Clinical Records & Diagnostic Evidence,Active On-Chain Consent (Granted by Patient),NO,N/A,N/A,Direct patient consent validated via ConsentManager.sol,AES-256-GCM,vault-transit-key-0x99712583,Qm1bf2ce066064ff9dcb4ad63b6f60820f6853b1fef862,0.0.4891024,4851,2026-09-13 12:16:27 UTC,0xf16f9fd3703ebb74cabf7b9a2a391bdbf6fdfac20357817e9c1a648ea83ce07f,0.0001
ENC-00852,Deepak Reddy,849452,0x97a7f21e75c03a30518e66628b5eaf9a1f8ec033,78,female,B+,Dr. Vikram Seth,0x15d34AAf54267DB7D7c367839AAf71A00a2C6A65,NMC-99014,Oncology,Apollo Multispecialty Hospital,0x155Af6ECaFb48861dA7d16Fb8Af2f6ce9d6DD779,Gastro-esophageal reflux disease,K21.9,Gastroenterology,Low,120/80 mmHg,70,99%,98,"Pantoprazole 40mg QD pre-breakfast, Domperidone 30mg QD",Low,Passed - Safe pediatric/geriatric dosage tier verified,FHIR_R4_Bundle_K21.9_Condition_MedicationRequest,All Clinical Records & Diagnostic Evidence,Pending Patient Authorization,NO,N/A,N/A,Access request pending approval from patient wallet,AES-256-GCM,vault-transit-key-0x97a7f21e,Qm040521d0e4d6a7be517aa7b7079a03989d3167cc2a9f,0.0.4891024,4852,2026-09-13 12:16:29 UTC,0xc3b792dbdf29327285114a8a3e9b7d917298570f60403cee7f268bfcb66d6435,0.0001
ENC-00853,Meera Gupta,849453,0xcd5cde1f105fbbff2bbc8f0659f6700aa7d71651,79,male,AB-,Dr. Vikram Seth,0x15d34AAf54267DB7D7c367839AAf71A00a2C6A65,NMC-99014,Oncology,Apex Diagnostic & Pathology Hub,0x04Fee3FD1B338d12FFD6dBD8d66dE1e8e0BB99cB,"Acute myocardial infarction, unspecified",I21.9,Cardiology,Emergency,95/60 mmHg,112,93%,165,"Ticagrelor 90mg BID, Aspirin 325mg, Atorvastatin 80mg, IV Heparin",High,Advisory: Confirm Patient Creatinine Clearance prior to Metformin XR,FHIR_R4_Bundle_I21.9_Condition_MedicationRequest,All Clinical Records & Diagnostic Evidence,Break-Glass Emergency Invoked (Active Override),YES,"Acute Life-Threatening Presentation: Acute myocardial infarction, unspecified",60 Minutes (Auto-Expiring Ephemeral Key),Emergency access granted; immediate HCS compliance event broadcasted,AES-256-GCM,vault-transit-key-0xcd5cde1f,Qm78f6f38fecbe584d92246f43b3e020e16a0b3b653243,0.0.4891024,4853,2026-09-13 12:16:32 UTC,0x29de53e5c5f83dd26fa28513ede9d47b6922b609d147f679604422af5e345e0f,0.0001
ENC-00854,Shreya Deshmukh,849454,0xc6f248fa51e1e8b41aa52d65a020e744ee7ced59,80,female,B+,Dr. Sarah Jenkins,0x04Fee3FD1B338d12FFD6dBD8d66dE1e8e0BB99cB,NMC-48192,Cardiology,Apex Diagnostic & Pathology Hub,0x04Fee3FD1B338d12FFD6dBD8d66dE1e8e0BB99cB,Unspecified intracranial injury / Concussion,S06.9X0A,Trauma & Emergency,Emergency,150/95 mmHg,64,97%,130,"Mannitol 20% 100mL IV, Phenytoin 100mg IV, Analgesics",Low,Advisory: Confirm Patient Creatinine Clearance prior to Metformin XR,FHIR_R4_Bundle_S06.9X0A_Condition_MedicationRequest,All Clinical Records & Diagnostic Evidence,Break-Glass Emergency Invoked (Active Override),YES,Acute Life-Threatening Presentation: Unspecified intracranial injury / Concussion,60 Minutes (Auto-Expiring Ephemeral Key),Emergency access granted; immediate HCS compliance event broadcasted,AES-256-GCM,vault-transit-key-0xc6f248fa,Qm0d49bc14f0f3196b5d20cffc54cc32da2ebd0779dcfe,0.0.4891024,4854,2026-09-13 12:16:33 UTC,0xa71561707fd9e2c670e86eff499343b6fed5405f56aa838522850c9089e3e694,0.0001
ENC-00855,Sakshi Kapoor,849455,0x1bf7b5952bbfd8c066f28f790de35264640164a3,81,male,B+,Dr. Sarah Jenkins,0x04Fee3FD1B338d12FFD6dBD8d66dE1e8e0BB99cB,NMC-48192,Cardiology,Apex Diagnostic & Pathology Hub,0x04Fee3FD1B338d12FFD6dBD8d66dE1e8e0BB99cB,Type 2 diabetes mellitus without complications,E11.9,Endocrinology,Moderate,130/82 mmHg,72,99%,142,"Metformin 500mg BID, Dapagliflozin 10mg QD",Low,Advisory: Confirm Patient Creatinine Clearance prior to Metformin XR,FHIR_R4_Bundle_E11.9_Condition_MedicationRequest,All Clinical Records & Diagnostic Evidence,Active On-Chain Consent (Granted by Patient),NO,N/A,N/A,Direct patient consent validated via ConsentManager.sol,AES-256-GCM,vault-transit-key-0x1bf7b595,Qm7b33fba9716b122440383b47c19cdef062983a0823c1,0.0.4891024,4855,2026-09-13 12:16:36 UTC,0x5401f02ce81dcab3a2a1ce2e6cbf3c584255329a3441662d5d48348c65c04dc2,0.0001
ENC-00856,Kiran Sharma,849456,0x0dd9e8d2564ed0f97c5be06d3c70bd52c5ceab85,82,female,O+,Dr. Sarah Jenkins,0x04Fee3FD1B338d12FFD6dBD8d66dE1e8e0BB99cB,NMC-48192,Cardiology,Care & Cure Pediatric & Maternity Hospital,0x937F51E09477BfD31E56c5e533038a8eEAc096b7,Malignant neoplasm of female breast,C50.919,Oncology,Critical,122/76 mmHg,84,98%,105,"Tamoxifen 20mg QD, Trastuzumab 6mg/kg IV Q3W, Paclitaxel",Medium,Advisory: Confirm Patient Creatinine Clearance prior to Metformin XR,FHIR_R4_Bundle_C50.919_Condition_MedicationRequest,All Clinical Records & Diagnostic Evidence,Pending Patient Authorization,NO,N/A,N/A,Access request pending approval from patient wallet,AES-256-GCM,vault-transit-key-0x0dd9e8d2,Qm94bd8483031b1c9b1b107dc8da4cf74364bf8fb91c79,0.0.4891024,4856,2026-09-13 12:16:38 UTC,0xe04ec7d7b307b41390e947aaf0cebb9e3a0eb502d670dc7f3bbb9e37cd2ca450,0.0001
ENC-00857,Arjun Banerjee,849457,0xca0fd43b41774bf0d36bb9cded09a1af6373e1ac,83,male,B+,Dr. Rajesh Sharma,0x3c44CdDdB6a900fa2b585dd299e03d12FA4293BC,NMC-78491,Gastroenterology,Max Super Speciality Cancer Institute,0x28B7eA94B34C8F52D19E50Eb14769Da20F5D54b4,"Epilepsy, unspecified, without status epilepticus",G40.909,Neurology,High,118/74 mmHg,76,99%,95,"Levetiracetam 500mg BID, Clobazam 10mg QHS",High,Passed - Safe pediatric/geriatric dosage tier verified,FHIR_R4_Bundle_G40.909_Condition_MedicationRequest,All Clinical Records & Diagnostic Evidence,Pending Patient Authorization,NO,N/A,N/A,Access request pending approval from patient wallet,AES-256-GCM,vault-transit-key-0xca0fd43b,Qm5e46082d5e3ff27a60b5b530a64b125d0f3f847de125,0.0.4891024,4857,2026-09-13 12:16:39 UTC,0x485ea0c5636cd063ad6da1189236632cd4aabd6ef22ebb31fac0bbf162c66f16,0.0001
ENC-00858,Meera Malhotra,849458,0xc35718abc2019304f6eab883de78dc0fe0762741,84,female,A-,Dr. Preeti Deshmukh,0x23618e81E3f5cdF7f54C3d65f7FBc0aBf5B21E8f,NMC-82194,Obstetrics & Pediatrics,Fortis Memorial Neuro & Trauma Center,0x84f93618C1D541bB1Dcf1373A8eE500A7D439634,Essential (primary) hypertension,I10,Cardiology,Moderate,148/92 mmHg,78,98%,110,"Amlodipine 5mg QD, Telmisartan 40mg QD",High,Passed - Safe pediatric/geriatric dosage tier verified,FHIR_R4_Bundle_I10_Condition_MedicationRequest,All Clinical Records & Diagnostic Evidence,Active On-Chain Consent (Granted by Patient),NO,N/A,N/A,Direct patient consent validated via ConsentManager.sol,AES-256-GCM,vault-transit-key-0xc35718ab,Qm93c9db206d0c20002fa7d57fa977bf866d724e1f7ff3,0.0.4891024,4858,2026-09-13 12:16:42 UTC,0xfd5ec015ad02977fbe3d9f6d5431425e3376086e560bc5407b19a9f35d149c0c,0.0001
ENC-00859,Chetan Nair,849459,0xad179c9c2ff9b1c54668fb415c6e89a7c5b88f1e,85,male,B+,Dr. Preeti Deshmukh,0x23618e81E3f5cdF7f54C3d65f7FBc0aBf5B21E8f,NMC-82194,Obstetrics & Pediatrics,Fortis Memorial Neuro & Trauma Center,0x84f93618C1D541bB1Dcf1373A8eE500A7D439634,Dengue fever [classical dengue],A90,Infectious Disease,High,100/68 mmHg,96,98%,102,"Oral Rehydration Salts 1L/day, Paracetamol 650mg SOS",Low,Advisory: Monitor Serum Potassium & Renal Function with ACEi/ARB,FHIR_R4_Bundle_A90_Condition_MedicationRequest,All Clinical Records & Diagnostic Evidence,Active On-Chain Consent (Granted by Patient),NO,N/A,N/A,Direct patient consent validated via ConsentManager.sol,AES-256-GCM,vault-transit-key-0xad179c9c,Qm2c04f56f13b91bdc1c9f8ceaaad5b1cb803898acf7f2,0.0.4891024,4859,2026-09-13 12:16:44 UTC,0xd1c81dbc5de86a859be082411fe2cf892b0049f0eefd51d63440b14ec8f84a3f,0.0001
ENC-00860,Siddharth Malhotra,849460,0x92c16f49b27efc2162941f0e76dfb7855e042aea,86,female,A-,Dr. Sarah Jenkins,0x04Fee3FD1B338d12FFD6dBD8d66dE1e8e0BB99cB,NMC-48192,Cardiology,Care & Cure Pediatric & Maternity Hospital,0x937F51E09477BfD31E56c5e533038a8eEAc096b7,"Acute myocardial infarction, unspecified",I21.9,Cardiology,Emergency,95/60 mmHg,112,93%,165,"Ticagrelor 90mg BID, Aspirin 325mg, Atorvastatin 80mg, IV Heparin",High,Advisory: Confirm Patient Creatinine Clearance prior to Metformin XR,FHIR_R4_Bundle_I21.9_Condition_MedicationRequest,All Clinical Records & Diagnostic Evidence,Break-Glass Emergency Invoked (Active Override),YES,"Acute Life-Threatening Presentation: Acute myocardial infarction, unspecified",60 Minutes (Auto-Expiring Ephemeral Key),Emergency access granted; immediate HCS compliance event broadcasted,AES-256-GCM,vault-transit-key-0x92c16f49,Qm8b5cbfd0ff855db076c125b98e43ccaa1d3d8d219eee,0.0.4891024,4860,2026-09-13 12:16:46 UTC,0x01238b3b6d36d1b23bf7989f520c37985905a366dad556257bdfae65f40ab60a,0.0001
ENC-00861,Arjun Patel,849461,0x5f01187d1cebadbe7c734056ebcf812acaae22e2,87,male,A+,Dr. Rohan Patel,0x976EA74026E726554dB657fA54763abd0C3a0aa9,NMC-11029,Neurology,Fortis Memorial Neuro & Trauma Center,0x84f93618C1D541bB1Dcf1373A8eE500A7D439634,Essential (primary) hypertension,I10,Cardiology,Moderate,148/92 mmHg,78,98%,110,"Amlodipine 5mg QD, Telmisartan 40mg QD",High,Passed - Safe pediatric/geriatric dosage tier verified,FHIR_R4_Bundle_I10_Condition_MedicationRequest,All Clinical Records & Diagnostic Evidence,Active On-Chain Consent (Granted by Patient),NO,N/A,N/A,Direct patient consent validated via ConsentManager.sol,AES-256-GCM,vault-transit-key-0x5f01187d,Qm3c7050343bce4bd8f110baf7238e463a57c5b8e1f1e6,0.0.4891024,4861,2026-09-13 12:16:48 UTC,0xb246f464d7434dc02fc446722f0fc1e7cc02702502f696bae7e085908b36ab15,0.0001
ENC-00862,Divya Mehta,849462,0xac95623810c695df7abcc77e41811f992cdf8720,88,female,B+,Dr. Ananya Roy,0x9965507D1a55bcC2695C58ba16FB37d819B0A4dc,NMC-51203,Hematology,Apollo Multispecialty Hospital,0x155Af6ECaFb48861dA7d16Fb8Af2f6ce9d6DD779,Essential (primary) hypertension,I10,Cardiology,Moderate,148/92 mmHg,78,98%,110,"Amlodipine 5mg QD, Telmisartan 40mg QD",Low,Advisory: Monitor Serum Potassium & Renal Function with ACEi/ARB,FHIR_R4_Bundle_I10_Condition_MedicationRequest,All Clinical Records & Diagnostic Evidence,Active On-Chain Consent (Granted by Patient),NO,N/A,N/A,Direct patient consent validated via ConsentManager.sol,AES-256-GCM,vault-transit-key-0xac956238,Qmc9271d60d0664fde4996497f7b7bab885d9a68eac9e4,0.0.4891024,4862,2026-09-13 12:16:50 UTC,0xa4761b8c5d99fac65a30a02cb08b6ea758349471c8482490ed7bd44f51ee1678,0.0001
ENC-00863,Kiran Gupta,849463,0x6d1f17f5c5de746cd0ba40e5637cbaaf94bc9201,89,male,AB+,Dr. Sarah Jenkins,0x04Fee3FD1B338d12FFD6dBD8d66dE1e8e0BB99cB,NMC-48192,Cardiology,Apollo Multispecialty Hospital,0x155Af6ECaFb48861dA7d16Fb8Af2f6ce9d6DD779,Dengue fever [classical dengue],A90,Infectious Disease,High,100/68 mmHg,96,98%,102,"Oral Rehydration Salts 1L/day, Paracetamol 650mg SOS",Medium,Passed - Safe pediatric/geriatric dosage tier verified,FHIR_R4_Bundle_A90_Condition_MedicationRequest,All Clinical Records & Diagnostic Evidence,Active On-Chain Consent (Granted by Patient),NO,N/A,N/A,Direct patient consent validated via ConsentManager.sol,AES-256-GCM,vault-transit-key-0x6d1f17f5,Qmba818a06f9f6ffc0cebae9c2660750d61e1dfb6e8be4,0.0.4891024,4863,2026-09-13 12:16:53 UTC,0x67690626049af7eb638fdac72de7574e83711cae62677922fe67bb8a2070b8f8,0.0001
ENC-00864,Aarav Sharma,849464,0x7f1cf6fe09aa2e31092c7bbc459eee7ae1089012,18,female,AB-,Dr. Vikram Seth,0x15d34AAf54267DB7D7c367839AAf71A00a2C6A65,NMC-99014,Oncology,Apollo Multispecialty Hospital,0x155Af6ECaFb48861dA7d16Fb8Af2f6ce9d6DD779,"Epilepsy, unspecified, without status epilepticus",G40.909,Neurology,High,118/74 mmHg,76,99%,95,"Levetiracetam 500mg BID, Clobazam 10mg QHS",Medium,Advisory: Confirm Patient Creatinine Clearance prior to Metformin XR,FHIR_R4_Bundle_G40.909_Condition_MedicationRequest,All Clinical Records & Diagnostic Evidence,Active On-Chain Consent (Granted by Patient),NO,N/A,N/A,Direct patient consent validated via ConsentManager.sol,AES-256-GCM,vault-transit-key-0x7f1cf6fe,Qm14a5716d609b2b36d149edd30fbc62e80c8bd0400289,0.0.4891024,4864,2026-09-13 12:16:55 UTC,0xeebe50b2e84e26b0e381e497e904a130098203a6baa3fda9ce2d2f068437fc41,0.0001
ENC-00865,Pranav Hegde,849465,0x8911dced8052afa4c480804a563502b7e22b57fb,19,male,B+,Dr. Sunita Narang,0xBcd4042DE499D14e55001CcbB24a551F3b954096,NMC-90812,Endocrinology & Internal Medicine,Apex Diagnostic & Pathology Hub,0x04Fee3FD1B338d12FFD6dBD8d66dE1e8e0BB99cB,Dengue fever [classical dengue],A90,Infectious Disease,High,100/68 mmHg,96,98%,102,"Oral Rehydration Salts 1L/day, Paracetamol 650mg SOS",Medium,Advisory: Monitor Serum Potassium & Renal Function with ACEi/ARB,FHIR_R4_Bundle_A90_Condition_MedicationRequest,All Clinical Records & Diagnostic Evidence,Active On-Chain Consent (Granted by Patient),NO,N/A,N/A,Direct patient consent validated via ConsentManager.sol,AES-256-GCM,vault-transit-key-0x8911dced,Qmde6562d34398e937d0a4eb9c6e5b4700a8370073398c,0.0.4891024,4865,2026-09-13 12:16:57 UTC,0x2b0fa537e137b0f5c21a7ba920f38029fa3f12a998524b8ef565fba7dd51f0ac,0.0001
ENC-00866,Kavya Agarwal,849466,0x1f072cd0cb7af1846c999f6a424198588a89bc44,20,female,O-,Dr. Vikram Seth,0x15d34AAf54267DB7D7c367839AAf71A00a2C6A65,NMC-99014,Oncology,Care & Cure Pediatric & Maternity Hospital,0x937F51E09477BfD31E56c5e533038a8eEAc096b7,"Acute myocardial infarction, unspecified",I21.9,Cardiology,Emergency,95/60 mmHg,112,93%,165,"Ticagrelor 90mg BID, Aspirin 325mg, Atorvastatin 80mg, IV Heparin",High,Passed - Zero Drug-Drug Interaction Warning (Confidence 99.4%),FHIR_R4_Bundle_I21.9_Condition_MedicationRequest,All Clinical Records & Diagnostic Evidence,Break-Glass Emergency Invoked (Active Override),YES,"Acute Life-Threatening Presentation: Acute myocardial infarction, unspecified",60 Minutes (Auto-Expiring Ephemeral Key),Emergency access granted; immediate HCS compliance event broadcasted,AES-256-GCM,vault-transit-key-0x1f072cd0,Qm9cdcdfaadd96eff54678c502328aa890cff2d9c42e20,0.0.4891024,4866,2026-09-13 12:16:59 UTC,0xe10c62dc2dd5fb02abf5cba4cb5c9ce2ec2c91c72881ed7d7b0ace706ccbfca2,0.0001
ENC-00867,Bhavna Malhotra,849467,0x5f00e41747446f82f968405afb6aa2e7de0464b3,21,male,B+,Dr. Ananya Roy,0x9965507D1a55bcC2695C58ba16FB37d819B0A4dc,NMC-51203,Hematology,Max Super Speciality Cancer Institute,0x28B7eA94B34C8F52D19E50Eb14769Da20F5D54b4,"Epilepsy, unspecified, without status epilepticus",G40.909,Neurology,High,118/74 mmHg,76,99%,95,"Levetiracetam 500mg BID, Clobazam 10mg QHS",High,Passed - Zero Drug-Drug Interaction Warning (Confidence 99.4%),FHIR_R4_Bundle_G40.909_Condition_MedicationRequest,All Clinical Records & Diagnostic Evidence,Pending Patient Authorization,NO,N/A,N/A,Access request pending approval from patient wallet,AES-256-GCM,vault-transit-key-0x5f00e417,Qm1de80099918fc6adb179ab4e04c72fc3137c6d18c3bd,0.0.4891024,4867,2026-09-13 12:17:01 UTC,0x79a7b5e362fd0eb3530199637f4b31d42038e7a570b720085a32a1089e0410ff,0.0001
ENC-00868,Deepak Verma,849468,0xe9d11f942ceb89e2583260205b5ef05c5bae6cda,22,female,O-,Dr. Vikram Seth,0x15d34AAf54267DB7D7c367839AAf71A00a2C6A65,NMC-99014,Oncology,Apollo Multispecialty Hospital,0x155Af6ECaFb48861dA7d16Fb8Af2f6ce9d6DD779,Type 2 diabetes mellitus without complications,E11.9,Endocrinology,Moderate,130/82 mmHg,72,99%,142,"Metformin 500mg BID, Dapagliflozin 10mg QD",High,Passed - Safe pediatric/geriatric dosage tier verified,FHIR_R4_Bundle_E11.9_Condition_MedicationRequest,All Clinical Records & Diagnostic Evidence,Active On-Chain Consent (Granted by Patient),NO,N/A,N/A,Direct patient consent validated via ConsentManager.sol,AES-256-GCM,vault-transit-key-0xe9d11f94,Qm7c953aa98a2a9f8e1c48ea8c928c89abe0602891fa16,0.0.4891024,4868,2026-09-13 12:17:03 UTC,0x188881169a0e936e9fcdccc3a778946ddde05af4ab077812bf9a01504a4c3a17,0.0001
ENC-00869,Neha Patel,849469,0x3023e7771f177f340fe786cef670310ca7c1c74c,23,male,AB-,Dr. Vikram Seth,0x15d34AAf54267DB7D7c367839AAf71A00a2C6A65,NMC-99014,Oncology,Max Super Speciality Cancer Institute,0x28B7eA94B34C8F52D19E50Eb14769Da20F5D54b4,Unspecified intracranial injury / Concussion,S06.9X0A,Trauma & Emergency,Emergency,150/95 mmHg,64,97%,130,"Mannitol 20% 100mL IV, Phenytoin 100mg IV, Analgesics",Low,Advisory: Monitor Serum Potassium & Renal Function with ACEi/ARB,FHIR_R4_Bundle_S06.9X0A_Condition_MedicationRequest,All Clinical Records & Diagnostic Evidence,Break-Glass Emergency Invoked (Active Override),YES,Acute Life-Threatening Presentation: Unspecified intracranial injury / Concussion,60 Minutes (Auto-Expiring Ephemeral Key),Emergency access granted; immediate HCS compliance event broadcasted,AES-256-GCM,vault-transit-key-0x3023e777,Qmaf8ec1a1fbc2968ac03d697d56710035fbedbeceae37,0.0.4891024,4869,2026-09-13 12:17:05 UTC,0x4bda317dead4cfaf9a2214b94e64c63c0eb6f52ba937dd57f5f2900537743a38,0.0001
ENC-00870,Tanvi Mishra,849470,0xe2aaae2a478cc70f494928edb38c9dd3dab261b7,24,female,O+,Dr. Ananya Roy,0x9965507D1a55bcC2695C58ba16FB37d819B0A4dc,NMC-51203,Hematology,Fortis Memorial Neuro & Trauma Center,0x84f93618C1D541bB1Dcf1373A8eE500A7D439634,Gastro-esophageal reflux disease,K21.9,Gastroenterology,Low,120/80 mmHg,70,99%,98,"Pantoprazole 40mg QD pre-breakfast, Domperidone 30mg QD",Low,Passed - Safe pediatric/geriatric dosage tier verified,FHIR_R4_Bundle_K21.9_Condition_MedicationRequest,All Clinical Records & Diagnostic Evidence,Active On-Chain Consent (Granted by Patient),NO,N/A,N/A,Direct patient consent validated via ConsentManager.sol,AES-256-GCM,vault-transit-key-0xe2aaae2a,Qm0d762b1ddc5caa87d79bf766da05c0190e9ccc6f6aaf,0.0.4891024,4870,2026-09-13 12:17:07 UTC,0xee861b668417b6a424ede42441ab69056fc71ece98cca78fc8df6cc6dfc0d522,0.0001
ENC-00871,Lata Pandey,849471,0xd9447fe1b2a4e02b7d41874782b78010843a9543,25,male,AB+,Dr. Preeti Deshmukh,0x23618e81E3f5cdF7f54C3d65f7FBc0aBf5B21E8f,NMC-82194,Obstetrics & Pediatrics,Fortis Memorial Neuro & Trauma Center,0x84f93618C1D541bB1Dcf1373A8eE500A7D439634,"Epilepsy, unspecified, without status epilepticus",G40.909,Neurology,High,118/74 mmHg,76,99%,95,"Levetiracetam 500mg BID, Clobazam 10mg QHS",Medium,Advisory: Monitor Serum Potassium & Renal Function with ACEi/ARB,FHIR_R4_Bundle_G40.909_Condition_MedicationRequest,All Clinical Records & Diagnostic Evidence,Pending Patient Authorization,NO,N/A,N/A,Access request pending approval from patient wallet,AES-256-GCM,vault-transit-key-0xd9447fe1,Qma12c10f069e9f7b15bd9551def0967e99f16a373f2f7,0.0.4891024,4871,2026-09-13 12:17:09 UTC,0xf2338278ecdc3ba84ce6bfe1a31009987d4f9546954b83bd9e720675f69b003b,0.0001
ENC-00872,Neha Mehta,849472,0xe1a5d65c1d2cfdfbde09683dfb8eef0cdc33ac66,26,female,AB+,Dr. Ananya Roy,0x9965507D1a55bcC2695C58ba16FB37d819B0A4dc,NMC-51203,Hematology,Fortis Memorial Neuro & Trauma Center,0x84f93618C1D541bB1Dcf1373A8eE500A7D439634,Gastro-esophageal reflux disease,K21.9,Gastroenterology,Low,120/80 mmHg,70,99%,98,"Pantoprazole 40mg QD pre-breakfast, Domperidone 30mg QD",Medium,Passed - Zero Drug-Drug Interaction Warning (Confidence 99.4%),FHIR_R4_Bundle_K21.9_Condition_MedicationRequest,All Clinical Records & Diagnostic Evidence,Pending Patient Authorization,NO,N/A,N/A,Access request pending approval from patient wallet,AES-256-GCM,vault-transit-key-0xe1a5d65c,Qm5ed5cd9b018bebf523ea57ee7734fb373192059217cc,0.0.4891024,4872,2026-09-13 12:17:11 UTC,0x3f15c720a4f9fd3641b317222155ce6c9ebb0c429e5d4917e135f88b6f00138a,0.0001
ENC-00873,Arjun Banerjee,849473,0xc4b8d9eeb392d1f979c4d15f1714d17b747c31c2,27,male,AB-,Dr. Vikram Seth,0x15d34AAf54267DB7D7c367839AAf71A00a2C6A65,NMC-99014,Oncology,Apollo Multispecialty Hospital,0x155Af6ECaFb48861dA7d16Fb8Af2f6ce9d6DD779,Gastro-esophageal reflux disease,K21.9,Gastroenterology,Low,120/80 mmHg,70,99%,98,"Pantoprazole 40mg QD pre-breakfast, Domperidone 30mg QD",Low,Advisory: Confirm Patient Creatinine Clearance prior to Metformin XR,FHIR_R4_Bundle_K21.9_Condition_MedicationRequest,All Clinical Records & Diagnostic Evidence,Active On-Chain Consent (Granted by Patient),NO,N/A,N/A,Direct patient consent validated via ConsentManager.sol,AES-256-GCM,vault-transit-key-0xc4b8d9ee,Qmd63a9d9edf28739d7b98aa7a92b6e034591dc86d5426,0.0.4891024,4873,2026-09-13 12:17:13 UTC,0x40a963526e59d2d63b8f442675dbab62951e53bf2375e5efbcf7b4cd9213a8a1,0.0001
ENC-00874,Shreya Joshi,849474,0x61d0e0aa98f807a95bc5b09d83a42f785b6dc4ac,28,female,B+,Dr. Rajesh Sharma,0x3c44CdDdB6a900fa2b585dd299e03d12FA4293BC,NMC-78491,Gastroenterology,Apex Diagnostic & Pathology Hub,0x04Fee3FD1B338d12FFD6dBD8d66dE1e8e0BB99cB,Type 2 diabetes mellitus without complications,E11.9,Endocrinology,Moderate,130/82 mmHg,72,99%,142,"Metformin 500mg BID, Dapagliflozin 10mg QD",Low,Passed - Zero Drug-Drug Interaction Warning (Confidence 99.4%),FHIR_R4_Bundle_E11.9_Condition_MedicationRequest,All Clinical Records & Diagnostic Evidence,Active On-Chain Consent (Granted by Patient),NO,N/A,N/A,Direct patient consent validated via ConsentManager.sol,AES-256-GCM,vault-transit-key-0x61d0e0aa,Qme1e5c0a152210ab988b7112c7da67db9570fccb1304b,0.0.4891024,4874,2026-09-13 12:17:16 UTC,0xb20c089d56919d383147d3e3c62fa510a9eb5734bb785a03296f7bbea92e720f,0.0001
ENC-00875,Geeta Malhotra,849475,0x94cab3b6060a217192255e7be6dcf3385b80f656,29,male,A-,Dr. Sunita Narang,0xBcd4042DE499D14e55001CcbB24a551F3b954096,NMC-90812,Endocrinology & Internal Medicine,Fortis Memorial Neuro & Trauma Center,0x84f93618C1D541bB1Dcf1373A8eE500A7D439634,"Acute myocardial infarction, unspecified",I21.9,Cardiology,Emergency,95/60 mmHg,112,93%,165,"Ticagrelor 90mg BID, Aspirin 325mg, Atorvastatin 80mg, IV Heparin",Low,Advisory: Confirm Patient Creatinine Clearance prior to Metformin XR,FHIR_R4_Bundle_I21.9_Condition_MedicationRequest,All Clinical Records & Diagnostic Evidence,Break-Glass Emergency Invoked (Active Override),YES,"Acute Life-Threatening Presentation: Acute myocardial infarction, unspecified",60 Minutes (Auto-Expiring Ephemeral Key),Emergency access granted; immediate HCS compliance event broadcasted,AES-256-GCM,vault-transit-key-0x94cab3b6,Qm4e6a967cd6231af668ad2a3a1401e46633663169cb44,0.0.4891024,4875,2026-09-13 12:17:18 UTC,0x488d4a8ea16c8c0d2ef07eba2c4a033b15e5537c53d8ddc4e7b08c1b37484c16,0.0001
ENC-00876,Madhav Reddy,849476,0x89c18ddc5f68c023ca808b754a1517234774db7a,30,female,AB+,Dr. Sarah Jenkins,0x04Fee3FD1B338d12FFD6dBD8d66dE1e8e0BB99cB,NMC-48192,Cardiology,Apollo Multispecialty Hospital,0x155Af6ECaFb48861dA7d16Fb8Af2f6ce9d6DD779,"Acute myocardial infarction, unspecified",I21.9,Cardiology,Emergency,95/60 mmHg,112,93%,165,"Ticagrelor 90mg BID, Aspirin 325mg, Atorvastatin 80mg, IV Heparin",High,Passed - Safe pediatric/geriatric dosage tier verified,FHIR_R4_Bundle_I21.9_Condition_MedicationRequest,All Clinical Records & Diagnostic Evidence,Break-Glass Emergency Invoked (Active Override),YES,"Acute Life-Threatening Presentation: Acute myocardial infarction, unspecified",60 Minutes (Auto-Expiring Ephemeral Key),Emergency access granted; immediate HCS compliance event broadcasted,AES-256-GCM,vault-transit-key-0x89c18ddc,Qmb052007d46f1d6d9e27ec92eeafdaa0ccadf3cae1985,0.0.4891024,4876,2026-09-13 12:17:19 UTC,0x97458e1df2b103bd2f9e7b9c7bde5b2d5e83eba3e6f1c41fabde5da7b71c7de4,0.0001
ENC-00877,Aditi Gupta,849477,0x52fff663647842b3bc9f33b09e98a503a771afb5,31,male,A-,Dr. Sunita Narang,0xBcd4042DE499D14e55001CcbB24a551F3b954096,NMC-90812,Endocrinology & Internal Medicine,Fortis Memorial Neuro & Trauma Center,0x84f93618C1D541bB1Dcf1373A8eE500A7D439634,Dengue fever [classical dengue],A90,Infectious Disease,High,100/68 mmHg,96,98%,102,"Oral Rehydration Salts 1L/day, Paracetamol 650mg SOS",High,Passed - Zero Drug-Drug Interaction Warning (Confidence 99.4%),FHIR_R4_Bundle_A90_Condition_MedicationRequest,All Clinical Records & Diagnostic Evidence,Active On-Chain Consent (Granted by Patient),NO,N/A,N/A,Direct patient consent validated via ConsentManager.sol,AES-256-GCM,vault-transit-key-0x52fff663,Qmabaebafe0f7fbea0169b3133c62bdc2e8ee230ee09c3,0.0.4891024,4877,2026-09-13 12:17:22 UTC,0x94a54dd794b18b52b663124ddc80881d4069ec42076eacd6b3f6a8019686ab78,0.0001
ENC-00878,Neha Nair,849478,0x09504e64f18454602a0e37931d630352728ce51d,32,female,O+,Dr. Ananya Roy,0x9965507D1a55bcC2695C58ba16FB37d819B0A4dc,NMC-51203,Hematology,Apex Diagnostic & Pathology Hub,0x04Fee3FD1B338d12FFD6dBD8d66dE1e8e0BB99cB,Unspecified intracranial injury / Concussion,S06.9X0A,Trauma & Emergency,Emergency,150/95 mmHg,64,97%,130,"Mannitol 20% 100mL IV, Phenytoin 100mg IV, Analgesics",Low,Advisory: Confirm Patient Creatinine Clearance prior to Metformin XR,FHIR_R4_Bundle_S06.9X0A_Condition_MedicationRequest,All Clinical Records & Diagnostic Evidence,Active On-Chain Consent (Granted by Patient),NO,N/A,N/A,Direct patient consent validated via ConsentManager.sol,AES-256-GCM,vault-transit-key-0x09504e64,Qm8bb8a4e59f1b31517cbdd88c3e749ef52ff9f7062b45,0.0.4891024,4878,2026-09-13 12:17:24 UTC,0x2650e80f9aaba2af34e8d721853a7154ac05ff97f5624040713320a60176ff06,0.0001
ENC-00879,Neha Sharma,849479,0x9a37b4f70db1638dccbb455d215ed6ac86c599bc,33,male,A+,Dr. Preeti Deshmukh,0x23618e81E3f5cdF7f54C3d65f7FBc0aBf5B21E8f,NMC-82194,Obstetrics & Pediatrics,Max Super Speciality Cancer Institute,0x28B7eA94B34C8F52D19E50Eb14769Da20F5D54b4,Type 2 diabetes mellitus without complications,E11.9,Endocrinology,Moderate,130/82 mmHg,72,99%,142,"Metformin 500mg BID, Dapagliflozin 10mg QD",Medium,Advisory: Confirm Patient Creatinine Clearance prior to Metformin XR,FHIR_R4_Bundle_E11.9_Condition_MedicationRequest,All Clinical Records & Diagnostic Evidence,Active On-Chain Consent (Granted by Patient),NO,N/A,N/A,Direct patient consent validated via ConsentManager.sol,AES-256-GCM,vault-transit-key-0x9a37b4f7,Qm3af55aebc30c47c64d470f3233d1a84da8298a55bde8,0.0.4891024,4879,2026-09-13 12:17:26 UTC,0x2eee21696ddcc30b9e35103bb4ac8513d3557f0a3fb64cb2872002714ed7a632,0.0001
ENC-00880,Arjun Sharma,849480,0x14ec5e19bc883f902e0c84c59fcd8cfd763c0d4a,34,female,B+,Dr. Sunita Narang,0xBcd4042DE499D14e55001CcbB24a551F3b954096,NMC-90812,Endocrinology & Internal Medicine,Care & Cure Pediatric & Maternity Hospital,0x937F51E09477BfD31E56c5e533038a8eEAc096b7,Essential (primary) hypertension,I10,Cardiology,Moderate,148/92 mmHg,78,98%,110,"Amlodipine 5mg QD, Telmisartan 40mg QD",Low,Passed - Zero Drug-Drug Interaction Warning (Confidence 99.4%),FHIR_R4_Bundle_I10_Condition_MedicationRequest,All Clinical Records & Diagnostic Evidence,Active On-Chain Consent (Granted by Patient),NO,N/A,N/A,Direct patient consent validated via ConsentManager.sol,AES-256-GCM,vault-transit-key-0x14ec5e19,Qm898c4b52d591df35a70a595bd4417b00c4b7b1a1e1d9,0.0.4891024,4880,2026-09-13 12:17:28 UTC,0xd21fdadda62f1bd4af9a8312fe1bbab26b0b7a86678b8a2f13aa37e82ee262b3,0.0001
ENC-00881,Neha Malhotra,849481,0x00bb5e44d2098a0dbc247ff13d21a3794f72cc25,35,male,A-,Dr. Sunita Narang,0xBcd4042DE499D14e55001CcbB24a551F3b954096,NMC-90812,Endocrinology & Internal Medicine,Apex Diagnostic & Pathology Hub,0x04Fee3FD1B338d12FFD6dBD8d66dE1e8e0BB99cB,"Epilepsy, unspecified, without status epilepticus",G40.909,Neurology,High,118/74 mmHg,76,99%,95,"Levetiracetam 500mg BID, Clobazam 10mg QHS",Medium,Advisory: Confirm Patient Creatinine Clearance prior to Metformin XR,FHIR_R4_Bundle_G40.909_Condition_MedicationRequest,All Clinical Records & Diagnostic Evidence,Active On-Chain Consent (Granted by Patient),NO,N/A,N/A,Direct patient consent validated via ConsentManager.sol,AES-256-GCM,vault-transit-key-0x00bb5e44,Qmf92ff16e84a1ca0318983416f8c9eb103a68c8351728,0.0.4891024,4881,2026-09-13 12:17:30 UTC,0xa20dee39e019f8ddea8c310796bbccdf709212caaea2e79c9dd95ffedfe0e2fe,0.0001
ENC-00882,Riya Verma,849482,0xd0180d3f2b07ae77bc3f2d3520d4eea79483c024,36,female,AB-,Dr. Sarah Jenkins,0x04Fee3FD1B338d12FFD6dBD8d66dE1e8e0BB99cB,NMC-48192,Cardiology,Care & Cure Pediatric & Maternity Hospital,0x937F51E09477BfD31E56c5e533038a8eEAc096b7,Malignant neoplasm of female breast,C50.919,Oncology,Critical,122/76 mmHg,84,98%,105,"Tamoxifen 20mg QD, Trastuzumab 6mg/kg IV Q3W, Paclitaxel",High,Passed - Safe pediatric/geriatric dosage tier verified,FHIR_R4_Bundle_C50.919_Condition_MedicationRequest,All Clinical Records & Diagnostic Evidence,Pending Patient Authorization,NO,N/A,N/A,Access request pending approval from patient wallet,AES-256-GCM,vault-transit-key-0xd0180d3f,Qm64b831ed0880cecc3beb1a8adcb43365f3a48e5ab9b0,0.0.4891024,4882,2026-09-13 12:17:32 UTC,0xaf6c6fc6b54bfce59c51918060e45d6ac83c09ee4faabba81be037519eb7dd6e,0.0001
ENC-00883,Arjun Malhotra,849483,0x4e86f3c3ff096f2ccdb6dd42f42bf6ae205ffe76,37,male,A-,Dr. Preeti Deshmukh,0x23618e81E3f5cdF7f54C3d65f7FBc0aBf5B21E8f,NMC-82194,Obstetrics & Pediatrics,Apex Diagnostic & Pathology Hub,0x04Fee3FD1B338d12FFD6dBD8d66dE1e8e0BB99cB,Unspecified intracranial injury / Concussion,S06.9X0A,Trauma & Emergency,Emergency,150/95 mmHg,64,97%,130,"Mannitol 20% 100mL IV, Phenytoin 100mg IV, Analgesics",Low,Advisory: Monitor Serum Potassium & Renal Function with ACEi/ARB,FHIR_R4_Bundle_S06.9X0A_Condition_MedicationRequest,All Clinical Records & Diagnostic Evidence,Break-Glass Emergency Invoked (Active Override),YES,Acute Life-Threatening Presentation: Unspecified intracranial injury / Concussion,60 Minutes (Auto-Expiring Ephemeral Key),Emergency access granted; immediate HCS compliance event broadcasted,AES-256-GCM,vault-transit-key-0x4e86f3c3,Qm5582077b610578d510f604f39bbe397b905ca2e949c5,0.0.4891024,4883,2026-09-13 12:17:35 UTC,0x3bbd6e3ef76a37ba268f3fca027e08a0ad20c540d4c78066a9cbe4ebb49d7713,0.0001
ENC-00884,Arjun Sharma,849484,0x32ebc072c0d9d57364e6306663fc48dbe2675039,38,female,B-,Dr. Vikram Seth,0x15d34AAf54267DB7D7c367839AAf71A00a2C6A65,NMC-99014,Oncology,Apex Diagnostic & Pathology Hub,0x04Fee3FD1B338d12FFD6dBD8d66dE1e8e0BB99cB,Malignant neoplasm of female breast,C50.919,Oncology,Critical,122/76 mmHg,84,98%,105,"Tamoxifen 20mg QD, Trastuzumab 6mg/kg IV Q3W, Paclitaxel",High,Passed - Zero Drug-Drug Interaction Warning (Confidence 99.4%),FHIR_R4_Bundle_C50.919_Condition_MedicationRequest,All Clinical Records & Diagnostic Evidence,Pending Patient Authorization,NO,N/A,N/A,Access request pending approval from patient wallet,AES-256-GCM,vault-transit-key-0x32ebc072,Qmb375082d997a117264d8e6a6fe27c67c024c4a1d0257,0.0.4891024,4884,2026-09-13 12:17:36 UTC,0xda7f5415a088f709effd990d7a0ec09232117faeb537f5d800db464a7eb694ff,0.0001
ENC-00885,Lata Reddy,849485,0x16aa68a2a555e6de1a9b99487e4fe9bad11f8f3f,39,male,O+,Dr. Vikram Seth,0x15d34AAf54267DB7D7c367839AAf71A00a2C6A65,NMC-99014,Oncology,Fortis Memorial Neuro & Trauma Center,0x84f93618C1D541bB1Dcf1373A8eE500A7D439634,Type 2 diabetes mellitus without complications,E11.9,Endocrinology,Moderate,130/82 mmHg,72,99%,142,"Metformin 500mg BID, Dapagliflozin 10mg QD",Low,Advisory: Monitor Serum Potassium & Renal Function with ACEi/ARB,FHIR_R4_Bundle_E11.9_Condition_MedicationRequest,All Clinical Records & Diagnostic Evidence,Pending Patient Authorization,NO,N/A,N/A,Access request pending approval from patient wallet,AES-256-GCM,vault-transit-key-0x16aa68a2,Qmd1d4696df175a4a53df856ed9c771baefb3fd05adf3a,0.0.4891024,4885,2026-09-13 12:17:39 UTC,0x4ee009fee61ec642fd18c1fe0ebd4e5a9b09aefc91d715dfede0f4061c869761,0.0001
ENC-00886,Bhavna Agarwal,849486,0x9078858a6bf732b0e3e8a5d7293e3cde16ad2a68,40,female,O-,Dr. Sarah Jenkins,0x04Fee3FD1B338d12FFD6dBD8d66dE1e8e0BB99cB,NMC-48192,Cardiology,Apollo Multispecialty Hospital,0x155Af6ECaFb48861dA7d16Fb8Af2f6ce9d6DD779,"Epilepsy, unspecified, without status epilepticus",G40.909,Neurology,High,118/74 mmHg,76,99%,95,"Levetiracetam 500mg BID, Clobazam 10mg QHS",High,Passed - Zero Drug-Drug Interaction Warning (Confidence 99.4%),FHIR_R4_Bundle_G40.909_Condition_MedicationRequest,All Clinical Records & Diagnostic Evidence,Active On-Chain Consent (Granted by Patient),NO,N/A,N/A,Direct patient consent validated via ConsentManager.sol,AES-256-GCM,vault-transit-key-0x9078858a,Qm67a8ad2a12e8af49c071565f586166393e285e48ea1a,0.0.4891024,4886,2026-09-13 12:17:40 UTC,0x6ea6b71fdf30093233edcac2060c25245c4621c9f5e21116777729adfb7e6d1f,0.0001
ENC-00887,Sameer Swaminathan,849487,0x58e2f791e5ecf76e83eda0d0908dd2e40b35a77d,41,male,B+,Dr. Rohan Patel,0x976EA74026E726554dB657fA54763abd0C3a0aa9,NMC-11029,Neurology,Fortis Memorial Neuro & Trauma Center,0x84f93618C1D541bB1Dcf1373A8eE500A7D439634,Unspecified intracranial injury / Concussion,S06.9X0A,Trauma & Emergency,Emergency,150/95 mmHg,64,97%,130,"Mannitol 20% 100mL IV, Phenytoin 100mg IV, Analgesics",High,Advisory: Confirm Patient Creatinine Clearance prior to Metformin XR,FHIR_R4_Bundle_S06.9X0A_Condition_MedicationRequest,All Clinical Records & Diagnostic Evidence,Active On-Chain Consent (Granted by Patient),NO,N/A,N/A,Direct patient consent validated via ConsentManager.sol,AES-256-GCM,vault-transit-key-0x58e2f791,Qmd30e5edb1b01d01020af9beed2c83548272841424af1,0.0.4891024,4887,2026-09-13 12:17:43 UTC,0x16b1007b55a7ef1c3556a8304069637c30d2313186e0745633793a8cdf597a02,0.0001
ENC-00888,Sameer Gupta,849488,0x856f6138a8a9a0782c1dd79d40cdb826545da0e1,42,female,O+,Dr. Vikram Seth,0x15d34AAf54267DB7D7c367839AAf71A00a2C6A65,NMC-99014,Oncology,Care & Cure Pediatric & Maternity Hospital,0x937F51E09477BfD31E56c5e533038a8eEAc096b7,"Acute myocardial infarction, unspecified",I21.9,Cardiology,Emergency,95/60 mmHg,112,93%,165,"Ticagrelor 90mg BID, Aspirin 325mg, Atorvastatin 80mg, IV Heparin",High,Passed - Safe pediatric/geriatric dosage tier verified,FHIR_R4_Bundle_I21.9_Condition_MedicationRequest,All Clinical Records & Diagnostic Evidence,Break-Glass Emergency Invoked (Active Override),YES,"Acute Life-Threatening Presentation: Acute myocardial infarction, unspecified",60 Minutes (Auto-Expiring Ephemeral Key),Emergency access granted; immediate HCS compliance event broadcasted,AES-256-GCM,vault-transit-key-0x856f6138,Qm34c92c6288e18df57c607828aa743e740c09b744968c,0.0.4891024,4888,2026-09-13 12:17:45 UTC,0x51db7172bb8697a961056c10e08b17d6c4f90a8290f8908cbf5739311244efdb,0.0001
ENC-00889,Kiran Sharma,849489,0x6df17f070e797609fe2b709b73a8c5efb43576af,43,male,O+,Dr. Ananya Roy,0x9965507D1a55bcC2695C58ba16FB37d819B0A4dc,NMC-51203,Hematology,Apex Diagnostic & Pathology Hub,0x04Fee3FD1B338d12FFD6dBD8d66dE1e8e0BB99cB,Gastro-esophageal reflux disease,K21.9,Gastroenterology,Low,120/80 mmHg,70,99%,98,"Pantoprazole 40mg QD pre-breakfast, Domperidone 30mg QD",High,Passed - Zero Drug-Drug Interaction Warning (Confidence 99.4%),FHIR_R4_Bundle_K21.9_Condition_MedicationRequest,All Clinical Records & Diagnostic Evidence,Pending Patient Authorization,NO,N/A,N/A,Access request pending approval from patient wallet,AES-256-GCM,vault-transit-key-0x6df17f07,Qmbd910b976b5cb4eddb0fd814fb9d0eba461ca69650f7,0.0.4891024,4889,2026-09-13 12:17:47 UTC,0x061a757d3f3810870728163ed92cddeed8eab833d550da1be6b665a3fd05a1f2,0.0001
ENC-00890,Siddharth Pillai,849490,0x03fb000113a9fbf4c965b08b2bf9270ef2f90b86,44,female,AB-,Dr. Ananya Roy,0x9965507D1a55bcC2695C58ba16FB37d819B0A4dc,NMC-51203,Hematology,Fortis Memorial Neuro & Trauma Center,0x84f93618C1D541bB1Dcf1373A8eE500A7D439634,Essential (primary) hypertension,I10,Cardiology,Moderate,148/92 mmHg,78,98%,110,"Amlodipine 5mg QD, Telmisartan 40mg QD",High,Advisory: Monitor Serum Potassium & Renal Function with ACEi/ARB,FHIR_R4_Bundle_I10_Condition_MedicationRequest,All Clinical Records & Diagnostic Evidence,Pending Patient Authorization,NO,N/A,N/A,Access request pending approval from patient wallet,AES-256-GCM,vault-transit-key-0x03fb0001,Qm8441570a26eddff27b89e75e3d6557923fc279befcac,0.0.4891024,4890,2026-09-13 12:17:49 UTC,0x72bb87014d01518fcb6d20decdf8cdc20f495889c56ee46089ec9d32f25001a1,0.0001
ENC-00891,Rakesh Pillai,849491,0x5ec8f853856d2b142d2e110c91b4e7b344fdb82d,45,male,B+,Dr. Preeti Deshmukh,0x23618e81E3f5cdF7f54C3d65f7FBc0aBf5B21E8f,NMC-82194,Obstetrics & Pediatrics,Max Super Speciality Cancer Institute,0x28B7eA94B34C8F52D19E50Eb14769Da20F5D54b4,Malignant neoplasm of female breast,C50.919,Oncology,Critical,122/76 mmHg,84,98%,105,"Tamoxifen 20mg QD, Trastuzumab 6mg/kg IV Q3W, Paclitaxel",High,Advisory: Confirm Patient Creatinine Clearance prior to Metformin XR,FHIR_R4_Bundle_C50.919_Condition_MedicationRequest,All Clinical Records & Diagnostic Evidence,Active On-Chain Consent (Granted by Patient),NO,N/A,N/A,Direct patient consent validated via ConsentManager.sol,AES-256-GCM,vault-transit-key-0x5ec8f853,Qm956e046d2c558eaf0381e872eda83b8fb521e7081d1a,0.0.4891024,4891,2026-09-13 12:17:51 UTC,0x7701ef6ecb40578c63c2264bbfae8e15d2fac102bb22942e4b6efc3bf4ace8cb,0.0001
ENC-00892,Shreya Mukherjee,849492,0xecc75408d8c2e3f47dbbdefb1882ecbd061986d3,46,female,AB+,Dr. Sarah Jenkins,0x04Fee3FD1B338d12FFD6dBD8d66dE1e8e0BB99cB,NMC-48192,Cardiology,Apollo Multispecialty Hospital,0x155Af6ECaFb48861dA7d16Fb8Af2f6ce9d6DD779,Gastro-esophageal reflux disease,K21.9,Gastroenterology,Low,120/80 mmHg,70,99%,98,"Pantoprazole 40mg QD pre-breakfast, Domperidone 30mg QD",Low,Passed - Safe pediatric/geriatric dosage tier verified,FHIR_R4_Bundle_K21.9_Condition_MedicationRequest,All Clinical Records & Diagnostic Evidence,Active On-Chain Consent (Granted by Patient),NO,N/A,N/A,Direct patient consent validated via ConsentManager.sol,AES-256-GCM,vault-transit-key-0xecc75408,Qm31065fbacf1e75991e7d6a4764a2998db8ad6cdc4bd7,0.0.4891024,4892,2026-09-13 12:17:54 UTC,0xfa130fd46edff9d4b1cefe093e2a436fec203aab61087c8a7a18c3d6bc375a7c,0.0001
ENC-00893,Sameer Mehta,849493,0xc65635e60600d82fc32155be45269218c31d1b90,47,male,O+,Dr. Rajesh Sharma,0x3c44CdDdB6a900fa2b585dd299e03d12FA4293BC,NMC-78491,Gastroenterology,Max Super Speciality Cancer Institute,0x28B7eA94B34C8F52D19E50Eb14769Da20F5D54b4,Unspecified intracranial injury / Concussion,S06.9X0A,Trauma & Emergency,Emergency,150/95 mmHg,64,97%,130,"Mannitol 20% 100mL IV, Phenytoin 100mg IV, Analgesics",Medium,Advisory: Monitor Serum Potassium & Renal Function with ACEi/ARB,FHIR_R4_Bundle_S06.9X0A_Condition_MedicationRequest,All Clinical Records & Diagnostic Evidence,Active On-Chain Consent (Granted by Patient),NO,N/A,N/A,Direct patient consent validated via ConsentManager.sol,AES-256-GCM,vault-transit-key-0xc65635e6,Qm11279c03dac552b1ee1f21419caa6ef2db540d66bf0e,0.0.4891024,4893,2026-09-13 12:17:55 UTC,0x3b8c0cc91a1c99a84b990b97e8701bf691da573a3792badbc2f4c14550d7b75d,0.0001
ENC-00894,Rahul Gupta,849494,0xb1a929b4b4b03a47ea628a6578ab29706e65120f,48,female,B-,Dr. Rajesh Sharma,0x3c44CdDdB6a900fa2b585dd299e03d12FA4293BC,NMC-78491,Gastroenterology,Fortis Memorial Neuro & Trauma Center,0x84f93618C1D541bB1Dcf1373A8eE500A7D439634,"Acute myocardial infarction, unspecified",I21.9,Cardiology,Emergency,95/60 mmHg,112,93%,165,"Ticagrelor 90mg BID, Aspirin 325mg, Atorvastatin 80mg, IV Heparin",High,Advisory: Confirm Patient Creatinine Clearance prior to Metformin XR,FHIR_R4_Bundle_I21.9_Condition_MedicationRequest,All Clinical Records & Diagnostic Evidence,Break-Glass Emergency Invoked (Active Override),YES,"Acute Life-Threatening Presentation: Acute myocardial infarction, unspecified",60 Minutes (Auto-Expiring Ephemeral Key),Emergency access granted; immediate HCS compliance event broadcasted,AES-256-GCM,vault-transit-key-0xb1a929b4,Qm0e46d949c16506db9c81de494304a62e0c7166e5408f,0.0.4891024,4894,2026-09-13 12:17:57 UTC,0x04d15a416e7dce551c57732ad3e06d08b48d5048877f13fdcde37b9f38ab1a08,0.0001
ENC-00895,Arjun Kulkarni,849495,0x60a7ae3c9d6bfafc890920bcee194999f0b5a920,49,male,B+,Dr. Preeti Deshmukh,0x23618e81E3f5cdF7f54C3d65f7FBc0aBf5B21E8f,NMC-82194,Obstetrics & Pediatrics,Apex Diagnostic & Pathology Hub,0x04Fee3FD1B338d12FFD6dBD8d66dE1e8e0BB99cB,Type 2 diabetes mellitus without complications,E11.9,Endocrinology,Moderate,130/82 mmHg,72,99%,142,"Metformin 500mg BID, Dapagliflozin 10mg QD",Medium,Advisory: Monitor Serum Potassium & Renal Function with ACEi/ARB,FHIR_R4_Bundle_E11.9_Condition_MedicationRequest,All Clinical Records & Diagnostic Evidence,Active On-Chain Consent (Granted by Patient),NO,N/A,N/A,Direct patient consent validated via ConsentManager.sol,AES-256-GCM,vault-transit-key-0x60a7ae3c,Qm33f3af6c8c17b9cb49098ca097587158f87222ba8623,0.0.4891024,4895,2026-09-13 12:17:59 UTC,0x8975379966b682a2c8487c36eb29b6e69d63abf41d1a1804ceec5dc4d21a962d,0.0001
ENC-00896,Gautam Patel,849496,0xd6fa59835dc46e233d76269e36e0e7559d974237,50,female,O+,Dr. Preeti Deshmukh,0x23618e81E3f5cdF7f54C3d65f7FBc0aBf5B21E8f,NMC-82194,Obstetrics & Pediatrics,Apollo Multispecialty Hospital,0x155Af6ECaFb48861dA7d16Fb8Af2f6ce9d6DD779,Essential (primary) hypertension,I10,Cardiology,Moderate,148/92 mmHg,78,98%,110,"Amlodipine 5mg QD, Telmisartan 40mg QD",Low,Passed - Safe pediatric/geriatric dosage tier verified,FHIR_R4_Bundle_I10_Condition_MedicationRequest,All Clinical Records & Diagnostic Evidence,Active On-Chain Consent (Granted by Patient),NO,N/A,N/A,Direct patient consent validated via ConsentManager.sol,AES-256-GCM,vault-transit-key-0xd6fa5983,Qm4bea7a787bea78eda240e469abe3f5ab14b7bea7250c,0.0.4891024,4896,2026-09-13 12:18:02 UTC,0x44d8378824afba8516915b2a7d83153ce2276806e606469d8bc42e085589776a,0.0001
ENC-00897,Sanjay Rao,849497,0x14fc21f3249aa6b5686c0eb49799f8f762f22f4b,51,male,O+,Dr. Preeti Deshmukh,0x23618e81E3f5cdF7f54C3d65f7FBc0aBf5B21E8f,NMC-82194,Obstetrics & Pediatrics,Apex Diagnostic & Pathology Hub,0x04Fee3FD1B338d12FFD6dBD8d66dE1e8e0BB99cB,Gastro-esophageal reflux disease,K21.9,Gastroenterology,Low,120/80 mmHg,70,99%,98,"Pantoprazole 40mg QD pre-breakfast, Domperidone 30mg QD",Low,Advisory: Monitor Serum Potassium & Renal Function with ACEi/ARB,FHIR_R4_Bundle_K21.9_Condition_MedicationRequest,All Clinical Records & Diagnostic Evidence,Active On-Chain Consent (Granted by Patient),NO,N/A,N/A,Direct patient consent validated via ConsentManager.sol,AES-256-GCM,vault-transit-key-0x14fc21f3,Qm2bfaca80a42ce1d7f6b199b93a582ab0cd53742d5958,0.0.4891024,4897,2026-09-13 12:18:03 UTC,0x25f388b32d4230a8cae1d915efd66eb6cf2422933d27938cf31be1731313333b,0.0001
ENC-00898,Ishaan Patel,849498,0x7261aeadaf76c309fd847ee39755a32f26087094,52,female,B-,Dr. Ananya Roy,0x9965507D1a55bcC2695C58ba16FB37d819B0A4dc,NMC-51203,Hematology,Care & Cure Pediatric & Maternity Hospital,0x937F51E09477BfD31E56c5e533038a8eEAc096b7,Malignant neoplasm of female breast,C50.919,Oncology,Critical,122/76 mmHg,84,98%,105,"Tamoxifen 20mg QD, Trastuzumab 6mg/kg IV Q3W, Paclitaxel",High,Passed - Zero Drug-Drug Interaction Warning (Confidence 99.4%),FHIR_R4_Bundle_C50.919_Condition_MedicationRequest,All Clinical Records & Diagnostic Evidence,Pending Patient Authorization,NO,N/A,N/A,Access request pending approval from patient wallet,AES-256-GCM,vault-transit-key-0x7261aead,Qm8fc8d4d12ed1a0f66d562fec99b60e2dbb8f882a15ee,0.0.4891024,4898,2026-09-13 12:18:06 UTC,0xcef965036aef800acfe98ffe5c4c673c76432a69490e9bdb4f5cb2074951302a,0.0001
ENC-00899,Sameer Malhotra,849499,0x8d96f07203b33d41ca326a9cd9ed157104f1b4e8,53,male,AB-,Dr. Vikram Seth,0x15d34AAf54267DB7D7c367839AAf71A00a2C6A65,NMC-99014,Oncology,Apex Diagnostic & Pathology Hub,0x04Fee3FD1B338d12FFD6dBD8d66dE1e8e0BB99cB,Dengue fever [classical dengue],A90,Infectious Disease,High,100/68 mmHg,96,98%,102,"Oral Rehydration Salts 1L/day, Paracetamol 650mg SOS",Low,Advisory: Monitor Serum Potassium & Renal Function with ACEi/ARB,FHIR_R4_Bundle_A90_Condition_MedicationRequest,All Clinical Records & Diagnostic Evidence,Active On-Chain Consent (Granted by Patient),NO,N/A,N/A,Direct patient consent validated via ConsentManager.sol,AES-256-GCM,vault-transit-key-0x8d96f072,Qm37b717ae8557c18c33c8644f9c417923e79d41eadf57,0.0.4891024,4899,2026-09-13 12:18:08 UTC,0xe1d02c1f0da0f41977411634d2a7feb9c921afbc005f6ec194bf421f1e6b4c83,0.0001
ENC-00900,Lata Menon,849500,0x98a519beddd347fb571a08664b8637ca416c4e10,54,female,B-,Dr. Vikram Seth,0x15d34AAf54267DB7D7c367839AAf71A00a2C6A65,NMC-99014,Oncology,Max Super Speciality Cancer Institute,0x28B7eA94B34C8F52D19E50Eb14769Da20F5D54b4,Gastro-esophageal reflux disease,K21.9,Gastroenterology,Low,120/80 mmHg,70,99%,98,"Pantoprazole 40mg QD pre-breakfast, Domperidone 30mg QD",High,Advisory: Monitor Serum Potassium & Renal Function with ACEi/ARB,FHIR_R4_Bundle_K21.9_Condition_MedicationRequest,All Clinical Records & Diagnostic Evidence,Active On-Chain Consent (Granted by Patient),NO,N/A,N/A,Direct patient consent validated via ConsentManager.sol,AES-256-GCM,vault-transit-key-0x98a519be,Qm5349233f925702c2bb40b5fac0be8836db86c1bc833c,0.0.4891024,4900,2026-09-13 12:18:10 UTC,0x3c990420674d2492d3c0db7bd35b106ce2dc81798c1db8d210129309a8e94d8a,0.0001
ENC-00901,Neha Hegde,849501,0x0d86abeac07f310a3642740ea93c03995a5cf75a,55,male,O+,Dr. Preeti Deshmukh,0x23618e81E3f5cdF7f54C3d65f7FBc0aBf5B21E8f,NMC-82194,Obstetrics & Pediatrics,Max Super Speciality Cancer Institute,0x28B7eA94B34C8F52D19E50Eb14769Da20F5D54b4,Dengue fever [classical dengue],A90,Infectious Disease,High,100/68 mmHg,96,98%,102,"Oral Rehydration Salts 1L/day, Paracetamol 650mg SOS",Medium,Advisory: Monitor Serum Potassium & Renal Function with ACEi/ARB,FHIR_R4_Bundle_A90_Condition_MedicationRequest,All Clinical Records & Diagnostic Evidence,Active On-Chain Consent (Granted by Patient),NO,N/A,N/A,Direct patient consent validated via ConsentManager.sol,AES-256-GCM,vault-transit-key-0x0d86abea,Qm66d08d8b7a06ac1d75d6f04609cb6496afbc635ef618,0.0.4891024,4901,2026-09-13 12:18:12 UTC,0x1be6811840f02267a3d86785d11a2c39214708d653b58cdf3ab4a51d744fe519,0.0001
ENC-00902,Yashwanth Banerjee,849502,0xebfe85d3c8830bb34db66d2a141f914095951b26,56,female,O+,Dr. Preeti Deshmukh,0x23618e81E3f5cdF7f54C3d65f7FBc0aBf5B21E8f,NMC-82194,Obstetrics & Pediatrics,Apex Diagnostic & Pathology Hub,0x04Fee3FD1B338d12FFD6dBD8d66dE1e8e0BB99cB,Type 2 diabetes mellitus without complications,E11.9,Endocrinology,Moderate,130/82 mmHg,72,99%,142,"Metformin 500mg BID, Dapagliflozin 10mg QD",Low,Passed - Safe pediatric/geriatric dosage tier verified,FHIR_R4_Bundle_E11.9_Condition_MedicationRequest,All Clinical Records & Diagnostic Evidence,Active On-Chain Consent (Granted by Patient),NO,N/A,N/A,Direct patient consent validated via ConsentManager.sol,AES-256-GCM,vault-transit-key-0xebfe85d3,Qm6ad29f51a48a7f458b8c81858dfbf435e092609da993,0.0.4891024,4902,2026-09-13 12:18:14 UTC,0x1a04db0baff3ad98ea7c1a15f2ea5aa01f14e03759e610ef6c4c07a501bd34ee,0.0001
ENC-00903,Sanjay Ghosh,849503,0x7f6529bf312ccc84df24f017a04590ced30b40d3,57,male,B+,Dr. Rajesh Sharma,0x3c44CdDdB6a900fa2b585dd299e03d12FA4293BC,NMC-78491,Gastroenterology,Apex Diagnostic & Pathology Hub,0x04Fee3FD1B338d12FFD6dBD8d66dE1e8e0BB99cB,Essential (primary) hypertension,I10,Cardiology,Moderate,148/92 mmHg,78,98%,110,"Amlodipine 5mg QD, Telmisartan 40mg QD",Low,Passed - Safe pediatric/geriatric dosage tier verified,FHIR_R4_Bundle_I10_Condition_MedicationRequest,All Clinical Records & Diagnostic Evidence,Active On-Chain Consent (Granted by Patient),NO,N/A,N/A,Direct patient consent validated via ConsentManager.sol,AES-256-GCM,vault-transit-key-0x7f6529bf,Qm54b15305a2d08883c77f97a657b598749d424f891bb5,0.0.4891024,4903,2026-09-13 12:18:17 UTC,0xfc3e13016efd42df95004a2887b9997f194db0bcb4819ed8814cac9f2bf2ce34,0.0001
ENC-00904,Gautam Kulkarni,849504,0xb15628264d53464f295575bd269e0fb5437be4a7,58,female,B+,Dr. Sarah Jenkins,0x04Fee3FD1B338d12FFD6dBD8d66dE1e8e0BB99cB,NMC-48192,Cardiology,Fortis Memorial Neuro & Trauma Center,0x84f93618C1D541bB1Dcf1373A8eE500A7D439634,"Acute myocardial infarction, unspecified",I21.9,Cardiology,Emergency,95/60 mmHg,112,93%,165,"Ticagrelor 90mg BID, Aspirin 325mg, Atorvastatin 80mg, IV Heparin",Low,Passed - Safe pediatric/geriatric dosage tier verified,FHIR_R4_Bundle_I21.9_Condition_MedicationRequest,All Clinical Records & Diagnostic Evidence,Break-Glass Emergency Invoked (Active Override),YES,"Acute Life-Threatening Presentation: Acute myocardial infarction, unspecified",60 Minutes (Auto-Expiring Ephemeral Key),Emergency access granted; immediate HCS compliance event broadcasted,AES-256-GCM,vault-transit-key-0xb1562826,Qmb8f6614a841997f7a707539e545db0e938f475718f34,0.0.4891024,4904,2026-09-13 12:18:19 UTC,0x8e2000b27579082495957316a2a9c6efb9c5e1085218506bf3dbe7d63c8253e5,0.0001
ENC-00905,Shreya Saxena,849505,0x8a6707feb08759792c13b6622fa8c6679188cc92,59,male,A+,Dr. Ananya Roy,0x9965507D1a55bcC2695C58ba16FB37d819B0A4dc,NMC-51203,Hematology,Apollo Multispecialty Hospital,0x155Af6ECaFb48861dA7d16Fb8Af2f6ce9d6DD779,"Acute myocardial infarction, unspecified",I21.9,Cardiology,Emergency,95/60 mmHg,112,93%,165,"Ticagrelor 90mg BID, Aspirin 325mg, Atorvastatin 80mg, IV Heparin",Medium,Advisory: Monitor Serum Potassium & Renal Function with ACEi/ARB,FHIR_R4_Bundle_I21.9_Condition_MedicationRequest,All Clinical Records & Diagnostic Evidence,Break-Glass Emergency Invoked (Active Override),YES,"Acute Life-Threatening Presentation: Acute myocardial infarction, unspecified",60 Minutes (Auto-Expiring Ephemeral Key),Emergency access granted; immediate HCS compliance event broadcasted,AES-256-GCM,vault-transit-key-0x8a6707fe,Qmedb2e3a1342dcc51fbc26bd3647fb36b954eb6e2ee06,0.0.4891024,4905,2026-09-13 12:18:21 UTC,0xb03a31b327632d74404298eb6a4b45c6419c3767a40e98be9c30bb6981e44279,0.0001
ENC-00906,Sameer Pandey,849506,0x0d1f82e4ffae58a295b0f44989e345ae57387381,60,female,A+,Dr. Preeti Deshmukh,0x23618e81E3f5cdF7f54C3d65f7FBc0aBf5B21E8f,NMC-82194,Obstetrics & Pediatrics,Apex Diagnostic & Pathology Hub,0x04Fee3FD1B338d12FFD6dBD8d66dE1e8e0BB99cB,Unspecified intracranial injury / Concussion,S06.9X0A,Trauma & Emergency,Emergency,150/95 mmHg,64,97%,130,"Mannitol 20% 100mL IV, Phenytoin 100mg IV, Analgesics",Medium,Passed - Safe pediatric/geriatric dosage tier verified,FHIR_R4_Bundle_S06.9X0A_Condition_MedicationRequest,All Clinical Records & Diagnostic Evidence,Break-Glass Emergency Invoked (Active Override),YES,Acute Life-Threatening Presentation: Unspecified intracranial injury / Concussion,60 Minutes (Auto-Expiring Ephemeral Key),Emergency access granted; immediate HCS compliance event broadcasted,AES-256-GCM,vault-transit-key-0x0d1f82e4,Qm4c628992e1b7aea5cf5cf42ee14bd9d00cc1b87d2e8e,0.0.4891024,4906,2026-09-13 12:18:23 UTC,0xd291c187fca83ca20cd708aafa753fb6251c051a0941425c043b6196af465cc1,0.0001
ENC-00907,Meera Pillai,849507,0x012f804d4b848491d35c9d2af5d252badee2700c,61,male,A+,Dr. Ananya Roy,0x9965507D1a55bcC2695C58ba16FB37d819B0A4dc,NMC-51203,Hematology,Apex Diagnostic & Pathology Hub,0x04Fee3FD1B338d12FFD6dBD8d66dE1e8e0BB99cB,Essential (primary) hypertension,I10,Cardiology,Moderate,148/92 mmHg,78,98%,110,"Amlodipine 5mg QD, Telmisartan 40mg QD",Medium,Advisory: Confirm Patient Creatinine Clearance prior to Metformin XR,FHIR_R4_Bundle_I10_Condition_MedicationRequest,All Clinical Records & Diagnostic Evidence,Active On-Chain Consent (Granted by Patient),NO,N/A,N/A,Direct patient consent validated via ConsentManager.sol,AES-256-GCM,vault-transit-key-0x012f804d,Qm8b551c9f937e26fef1104214dea161c80d5924852f8c,0.0.4891024,4907,2026-09-13 12:18:25 UTC,0x63e47916a7e403acdab5f2c548fa227e604261af871a110f58222adfb1a34543,0.0001
ENC-00908,Geeta Gowda,849508,0x500b831fc97c2c0fb4c11ac4517d1de4a02dfe30,62,female,AB+,Dr. Sarah Jenkins,0x04Fee3FD1B338d12FFD6dBD8d66dE1e8e0BB99cB,NMC-48192,Cardiology,Apex Diagnostic & Pathology Hub,0x04Fee3FD1B338d12FFD6dBD8d66dE1e8e0BB99cB,Gastro-esophageal reflux disease,K21.9,Gastroenterology,Low,120/80 mmHg,70,99%,98,"Pantoprazole 40mg QD pre-breakfast, Domperidone 30mg QD",High,Advisory: Monitor Serum Potassium & Renal Function with ACEi/ARB,FHIR_R4_Bundle_K21.9_Condition_MedicationRequest,All Clinical Records & Diagnostic Evidence,Active On-Chain Consent (Granted by Patient),NO,N/A,N/A,Direct patient consent validated via ConsentManager.sol,AES-256-GCM,vault-transit-key-0x500b831f,Qm1e2bd813ef480498caf00f853cec1b8d94a908d4e74e,0.0.4891024,4908,2026-09-13 12:18:27 UTC,0xc84caacf26af547217a49a6ee7b02074252f60226dfba4010dbe42fd80d4d919,0.0001
ENC-00909,Amit Swaminathan,849509,0xd8bd8201ef41abe93f95f1e6de0b289f6fa0e78a,63,male,B+,Dr. Sunita Narang,0xBcd4042DE499D14e55001CcbB24a551F3b954096,NMC-90812,Endocrinology & Internal Medicine,Apex Diagnostic & Pathology Hub,0x04Fee3FD1B338d12FFD6dBD8d66dE1e8e0BB99cB,"Epilepsy, unspecified, without status epilepticus",G40.909,Neurology,High,118/74 mmHg,76,99%,95,"Levetiracetam 500mg BID, Clobazam 10mg QHS",High,Advisory: Confirm Patient Creatinine Clearance prior to Metformin XR,FHIR_R4_Bundle_G40.909_Condition_MedicationRequest,All Clinical Records & Diagnostic Evidence,Active On-Chain Consent (Granted by Patient),NO,N/A,N/A,Direct patient consent validated via ConsentManager.sol,AES-256-GCM,vault-transit-key-0xd8bd8201,Qm5f28492e76489335b34126182936ae52789374152d97,0.0.4891024,4909,2026-09-13 12:18:29 UTC,0xb48d245f14b7b487fb83b4193e61353c91937c1bda272530e9a30079a7404ed8,0.0001
ENC-00910,Gautam Mishra,849510,0xc7c3b4b96200d976b00a9235e81162d91f306ba0,64,female,B+,Dr. Rajesh Sharma,0x3c44CdDdB6a900fa2b585dd299e03d12FA4293BC,NMC-78491,Gastroenterology,Care & Cure Pediatric & Maternity Hospital,0x937F51E09477BfD31E56c5e533038a8eEAc096b7,Type 2 diabetes mellitus without complications,E11.9,Endocrinology,Moderate,130/82 mmHg,72,99%,142,"Metformin 500mg BID, Dapagliflozin 10mg QD",Low,Advisory: Monitor Serum Potassium & Renal Function with ACEi/ARB,FHIR_R4_Bundle_E11.9_Condition_MedicationRequest,All Clinical Records & Diagnostic Evidence,Active On-Chain Consent (Granted by Patient),NO,N/A,N/A,Direct patient consent validated via ConsentManager.sol,AES-256-GCM,vault-transit-key-0xc7c3b4b9,Qm58b922ec1d7c1ea6ccbf58f218e794f06c8e8bf5436a,0.0.4891024,4910,2026-09-13 12:18:31 UTC,0xaf738240887758819bf2e02bfacd49114d4e312cdd7e7041577ece93e8af038e,0.0001
ENC-00911,Nandini Choudhury,849511,0x0c87362a4db9b566790c99ca5d6e4a8ba54d59a0,65,male,B+,Dr. Preeti Deshmukh,0x23618e81E3f5cdF7f54C3d65f7FBc0aBf5B21E8f,NMC-82194,Obstetrics & Pediatrics,Max Super Speciality Cancer Institute,0x28B7eA94B34C8F52D19E50Eb14769Da20F5D54b4,Type 2 diabetes mellitus without complications,E11.9,Endocrinology,Moderate,130/82 mmHg,72,99%,142,"Metformin 500mg BID, Dapagliflozin 10mg QD",Medium,Advisory: Monitor Serum Potassium & Renal Function with ACEi/ARB,FHIR_R4_Bundle_E11.9_Condition_MedicationRequest,All Clinical Records & Diagnostic Evidence,Active On-Chain Consent (Granted by Patient),NO,N/A,N/A,Direct patient consent validated via ConsentManager.sol,AES-256-GCM,vault-transit-key-0x0c87362a,Qm87f4411439f8ddebbb1f643b7222e3d08dad52bec7dc,0.0.4891024,4911,2026-09-13 12:18:33 UTC,0x0b7626c4fe6309ad890e43a80bc150db2362f605d46ff8e90975ae40d858aaa6,0.0001
ENC-00912,Divya Deshmukh,849512,0x280d321af8166c81d45b951d9aacf4243713d2d1,66,female,O-,Dr. Ananya Roy,0x9965507D1a55bcC2695C58ba16FB37d819B0A4dc,NMC-51203,Hematology,Fortis Memorial Neuro & Trauma Center,0x84f93618C1D541bB1Dcf1373A8eE500A7D439634,Malignant neoplasm of female breast,C50.919,Oncology,Critical,122/76 mmHg,84,98%,105,"Tamoxifen 20mg QD, Trastuzumab 6mg/kg IV Q3W, Paclitaxel",Medium,Passed - Zero Drug-Drug Interaction Warning (Confidence 99.4%),FHIR_R4_Bundle_C50.919_Condition_MedicationRequest,All Clinical Records & Diagnostic Evidence,Active On-Chain Consent (Granted by Patient),NO,N/A,N/A,Direct patient consent validated via ConsentManager.sol,AES-256-GCM,vault-transit-key-0x280d321a,Qmfd829129c261c25d03db7ef514b6333916b01dd307c9,0.0.4891024,4912,2026-09-13 12:18:35 UTC,0x23f96093a08d6fd89ff95d721b08cd2a703df6de8f1a98833c40091a549c496b,0.0001
ENC-00913,Shreya Saxena,849513,0xd7d98cfffb79228ad4498105dd55ddf7a704051f,67,male,AB+,Dr. Preeti Deshmukh,0x23618e81E3f5cdF7f54C3d65f7FBc0aBf5B21E8f,NMC-82194,Obstetrics & Pediatrics,Apollo Multispecialty Hospital,0x155Af6ECaFb48861dA7d16Fb8Af2f6ce9d6DD779,Type 2 diabetes mellitus without complications,E11.9,Endocrinology,Moderate,130/82 mmHg,72,99%,142,"Metformin 500mg BID, Dapagliflozin 10mg QD",Low,Passed - Zero Drug-Drug Interaction Warning (Confidence 99.4%),FHIR_R4_Bundle_E11.9_Condition_MedicationRequest,All Clinical Records & Diagnostic Evidence,Active On-Chain Consent (Granted by Patient),NO,N/A,N/A,Direct patient consent validated via ConsentManager.sol,AES-256-GCM,vault-transit-key-0xd7d98cff,Qm9762c103331d54e34948f71f29fd63fec1b4ac734f31,0.0.4891024,4913,2026-09-13 12:18:37 UTC,0xc1b0732fb1d468eccee372464d25194ddfaf164fe933fe6eb767a655e7cb9a8b,0.0001
ENC-00914,Pooja Verma,849514,0xf7d9ad94805f82a2f23d87ebbb68fe1a4e9e026a,68,female,O-,Dr. Preeti Deshmukh,0x23618e81E3f5cdF7f54C3d65f7FBc0aBf5B21E8f,NMC-82194,Obstetrics & Pediatrics,Max Super Speciality Cancer Institute,0x28B7eA94B34C8F52D19E50Eb14769Da20F5D54b4,Malignant neoplasm of female breast,C50.919,Oncology,Critical,122/76 mmHg,84,98%,105,"Tamoxifen 20mg QD, Trastuzumab 6mg/kg IV Q3W, Paclitaxel",Medium,Advisory: Monitor Serum Potassium & Renal Function with ACEi/ARB,FHIR_R4_Bundle_C50.919_Condition_MedicationRequest,All Clinical Records & Diagnostic Evidence,Pending Patient Authorization,NO,N/A,N/A,Access request pending approval from patient wallet,AES-256-GCM,vault-transit-key-0xf7d9ad94,Qm15c3ec1fe3c3902ad92463007ebb58fe5413212f78e9,0.0.4891024,4914,2026-09-13 12:18:40 UTC,0x2e5061eb018fb74526cd2f9eb90a9aff6808a95ece68e7274871edeb010917b1,0.0001
ENC-00915,Anand Bhatia,849515,0x23961459c29783171c02f23a8a7006697d3b582c,69,male,B+,Dr. Preeti Deshmukh,0x23618e81E3f5cdF7f54C3d65f7FBc0aBf5B21E8f,NMC-82194,Obstetrics & Pediatrics,Apollo Multispecialty Hospital,0x155Af6ECaFb48861dA7d16Fb8Af2f6ce9d6DD779,Malignant neoplasm of female breast,C50.919,Oncology,Critical,122/76 mmHg,84,98%,105,"Tamoxifen 20mg QD, Trastuzumab 6mg/kg IV Q3W, Paclitaxel",Low,Advisory: Monitor Serum Potassium & Renal Function with ACEi/ARB,FHIR_R4_Bundle_C50.919_Condition_MedicationRequest,All Clinical Records & Diagnostic Evidence,Active On-Chain Consent (Granted by Patient),NO,N/A,N/A,Direct patient consent validated via ConsentManager.sol,AES-256-GCM,vault-transit-key-0x23961459,Qm916ca31f66e116c752fb3e515c7bce1b3803aa0517e5,0.0.4891024,4915,2026-09-13 12:18:41 UTC,0xca620c1799ec40fb7a50dc58972ea737a7ec445eed1d1f0b3cb25a6fd127bac0,0.0001
ENC-00916,Bhavna Patel,849516,0x0b8a155d29a986e7e487b5a93554cdea15ba1d98,70,female,B-,Dr. Vikram Seth,0x15d34AAf54267DB7D7c367839AAf71A00a2C6A65,NMC-99014,Oncology,Apollo Multispecialty Hospital,0x155Af6ECaFb48861dA7d16Fb8Af2f6ce9d6DD779,Gastro-esophageal reflux disease,K21.9,Gastroenterology,Low,120/80 mmHg,70,99%,98,"Pantoprazole 40mg QD pre-breakfast, Domperidone 30mg QD",High,Advisory: Monitor Serum Potassium & Renal Function with ACEi/ARB,FHIR_R4_Bundle_K21.9_Condition_MedicationRequest,All Clinical Records & Diagnostic Evidence,Active On-Chain Consent (Granted by Patient),NO,N/A,N/A,Direct patient consent validated via ConsentManager.sol,AES-256-GCM,vault-transit-key-0x0b8a155d,Qmcf54d361b915cc44c5a050cca4b0176a12ebf4c1858f,0.0.4891024,4916,2026-09-13 12:18:43 UTC,0x771e5ff62019e6b09a7b18ec0be3d223a77743f61425f0fdd04d9db92bbd1361,0.0001
ENC-00917,Arjun Bhatia,849517,0x294d2f7717d91a8f584ce9451ebc0e2b3630dda2,71,male,AB+,Dr. Sunita Narang,0xBcd4042DE499D14e55001CcbB24a551F3b954096,NMC-90812,Endocrinology & Internal Medicine,Care & Cure Pediatric & Maternity Hospital,0x937F51E09477BfD31E56c5e533038a8eEAc096b7,Dengue fever [classical dengue],A90,Infectious Disease,High,100/68 mmHg,96,98%,102,"Oral Rehydration Salts 1L/day, Paracetamol 650mg SOS",Low,Passed - Safe pediatric/geriatric dosage tier verified,FHIR_R4_Bundle_A90_Condition_MedicationRequest,All Clinical Records & Diagnostic Evidence,Active On-Chain Consent (Granted by Patient),NO,N/A,N/A,Direct patient consent validated via ConsentManager.sol,AES-256-GCM,vault-transit-key-0x294d2f77,Qm962d23775c93947b3ad96f67cd17b44342d2d84ac72e,0.0.4891024,4917,2026-09-13 12:18:46 UTC,0x03dc6484ecb13a72cceaec09b378a3026cda54f90190941014422a8ea8f7f336,0.0001
ENC-00918,Nandini Pandey,849518,0x188784ae674926ffca9c7445bd5ea48082b27603,72,female,AB+,Dr. Rajesh Sharma,0x3c44CdDdB6a900fa2b585dd299e03d12FA4293BC,NMC-78491,Gastroenterology,Apollo Multispecialty Hospital,0x155Af6ECaFb48861dA7d16Fb8Af2f6ce9d6DD779,Essential (primary) hypertension,I10,Cardiology,Moderate,148/92 mmHg,78,98%,110,"Amlodipine 5mg QD, Telmisartan 40mg QD",High,Passed - Zero Drug-Drug Interaction Warning (Confidence 99.4%),FHIR_R4_Bundle_I10_Condition_MedicationRequest,All Clinical Records & Diagnostic Evidence,Active On-Chain Consent (Granted by Patient),NO,N/A,N/A,Direct patient consent validated via ConsentManager.sol,AES-256-GCM,vault-transit-key-0x188784ae,Qma37fe9523ce360c79c33cfd9aebb948e617a0bafc764,0.0.4891024,4918,2026-09-13 12:18:48 UTC,0x39ab2c68aabce832817233cd3906a3907d99e35d95e7ffef4930af2ecc8e4df9,0.0001
ENC-00919,Deepak Chatterjee,849519,0x490fa69372a969d0aa47f5cc9ea4321a403de646,73,male,O-,Dr. Ananya Roy,0x9965507D1a55bcC2695C58ba16FB37d819B0A4dc,NMC-51203,Hematology,Apex Diagnostic & Pathology Hub,0x04Fee3FD1B338d12FFD6dBD8d66dE1e8e0BB99cB,Essential (primary) hypertension,I10,Cardiology,Moderate,148/92 mmHg,78,98%,110,"Amlodipine 5mg QD, Telmisartan 40mg QD",High,Advisory: Monitor Serum Potassium & Renal Function with ACEi/ARB,FHIR_R4_Bundle_I10_Condition_MedicationRequest,All Clinical Records & Diagnostic Evidence,Pending Patient Authorization,NO,N/A,N/A,Access request pending approval from patient wallet,AES-256-GCM,vault-transit-key-0x490fa693,Qmd02b366df1b11d25e1af9c3873d8d83890e32543a0fc,0.0.4891024,4919,2026-09-13 12:18:50 UTC,0x9046ff5e5233075b04de7f545cafb1a545f6ad0836058f50b5f8eb6af9416616,0.0001
ENC-00920,Chetan Iyer,849520,0x11ed56a0f92269622d6cd190ce3b292e6b4f806e,74,female,A+,Dr. Sunita Narang,0xBcd4042DE499D14e55001CcbB24a551F3b954096,NMC-90812,Endocrinology & Internal Medicine,Apollo Multispecialty Hospital,0x155Af6ECaFb48861dA7d16Fb8Af2f6ce9d6DD779,"Epilepsy, unspecified, without status epilepticus",G40.909,Neurology,High,118/74 mmHg,76,99%,95,"Levetiracetam 500mg BID, Clobazam 10mg QHS",High,Advisory: Confirm Patient Creatinine Clearance prior to Metformin XR,FHIR_R4_Bundle_G40.909_Condition_MedicationRequest,All Clinical Records & Diagnostic Evidence,Active On-Chain Consent (Granted by Patient),NO,N/A,N/A,Direct patient consent validated via ConsentManager.sol,AES-256-GCM,vault-transit-key-0x11ed56a0,Qm24b2ab0ce1693d4bad27a6ec8428e893612d8b935352,0.0.4891024,4920,2026-09-13 12:18:52 UTC,0x240fe45903b09f64e72910154e67737c2bf2f5f708c10860dd3814e101e0ddfd,0.0001
ENC-00921,Siddharth Joshi,849521,0x2269dd8d3a50ea53dc3ddf826aa398508e052e15,75,male,B+,Dr. Rajesh Sharma,0x3c44CdDdB6a900fa2b585dd299e03d12FA4293BC,NMC-78491,Gastroenterology,Apex Diagnostic & Pathology Hub,0x04Fee3FD1B338d12FFD6dBD8d66dE1e8e0BB99cB,"Acute myocardial infarction, unspecified",I21.9,Cardiology,Emergency,95/60 mmHg,112,93%,165,"Ticagrelor 90mg BID, Aspirin 325mg, Atorvastatin 80mg, IV Heparin",Medium,Passed - Zero Drug-Drug Interaction Warning (Confidence 99.4%),FHIR_R4_Bundle_I21.9_Condition_MedicationRequest,All Clinical Records & Diagnostic Evidence,Active On-Chain Consent (Granted by Patient),NO,N/A,N/A,Direct patient consent validated via ConsentManager.sol,AES-256-GCM,vault-transit-key-0x2269dd8d,Qm0872e42c4b1b94bc67ba8e19ee257be89ac3a4cbb94a,0.0.4891024,4921,2026-09-13 12:18:54 UTC,0x246c7a3564a7abdbe976df5773002dfdddb85f16fac2bd6d34a07c4f512c2a45,0.0001
ENC-00922,Aarav Mishra,849522,0x20eaa6b57e577ff3c2a160695b1840e0c6fed4e0,76,female,O+,Dr. Vikram Seth,0x15d34AAf54267DB7D7c367839AAf71A00a2C6A65,NMC-99014,Oncology,Care & Cure Pediatric & Maternity Hospital,0x937F51E09477BfD31E56c5e533038a8eEAc096b7,Unspecified intracranial injury / Concussion,S06.9X0A,Trauma & Emergency,Emergency,150/95 mmHg,64,97%,130,"Mannitol 20% 100mL IV, Phenytoin 100mg IV, Analgesics",Low,Passed - Safe pediatric/geriatric dosage tier verified,FHIR_R4_Bundle_S06.9X0A_Condition_MedicationRequest,All Clinical Records & Diagnostic Evidence,Active On-Chain Consent (Granted by Patient),NO,N/A,N/A,Direct patient consent validated via ConsentManager.sol,AES-256-GCM,vault-transit-key-0x20eaa6b5,Qmd5962ba90fc0408c8ff0efe1b0b2ea08f8c9355e946e,0.0.4891024,4922,2026-09-13 12:18:56 UTC,0xa0f8f2afcf4559d89c017cd88b87f6bc8814a65d27e08efcb65fc5fad9d574c5,0.0001
ENC-00923,Siddharth Rao,849523,0x775939d0c63bcc7ba0f52131726a4c44524a5623,77,male,B-,Dr. Rajesh Sharma,0x3c44CdDdB6a900fa2b585dd299e03d12FA4293BC,NMC-78491,Gastroenterology,Apollo Multispecialty Hospital,0x155Af6ECaFb48861dA7d16Fb8Af2f6ce9d6DD779,Gastro-esophageal reflux disease,K21.9,Gastroenterology,Low,120/80 mmHg,70,99%,98,"Pantoprazole 40mg QD pre-breakfast, Domperidone 30mg QD",High,Passed - Zero Drug-Drug Interaction Warning (Confidence 99.4%),FHIR_R4_Bundle_K21.9_Condition_MedicationRequest,All Clinical Records & Diagnostic Evidence,Active On-Chain Consent (Granted by Patient),NO,N/A,N/A,Direct patient consent validated via ConsentManager.sol,AES-256-GCM,vault-transit-key-0x775939d0,Qmf0b4a67ed0f64ed517b20ebbcd4ce0f901b11e5c62e0,0.0.4891024,4923,2026-09-13 12:18:58 UTC,0x46a7182ca91dec2ad4a41f9f8ac24f8f003d8947748b7d4cafff637bb62f1f64,0.0001
ENC-00924,Riya Gowda,849524,0x28f7064175819d655652ef91de68b3a89762a1ab,78,female,O-,Dr. Vikram Seth,0x15d34AAf54267DB7D7c367839AAf71A00a2C6A65,NMC-99014,Oncology,Apollo Multispecialty Hospital,0x155Af6ECaFb48861dA7d16Fb8Af2f6ce9d6DD779,Dengue fever [classical dengue],A90,Infectious Disease,High,100/68 mmHg,96,98%,102,"Oral Rehydration Salts 1L/day, Paracetamol 650mg SOS",High,Passed - Safe pediatric/geriatric dosage tier verified,FHIR_R4_Bundle_A90_Condition_MedicationRequest,All Clinical Records & Diagnostic Evidence,Pending Patient Authorization,NO,N/A,N/A,Access request pending approval from patient wallet,AES-256-GCM,vault-transit-key-0x28f70641,Qm4d4c31f42cf535e010304aef4874ea1591957f078dd5,0.0.4891024,4924,2026-09-13 12:19:00 UTC,0x2e96b7c258225395d5721c8fdc528adbc58e62b371b0b15393404b586537f813,0.0001
ENC-00925,Rohan Agarwal,849525,0x34d44fe6e188b9720c9e27c7ecc06036cad0bee1,79,male,AB+,Dr. Preeti Deshmukh,0x23618e81E3f5cdF7f54C3d65f7FBc0aBf5B21E8f,NMC-82194,Obstetrics & Pediatrics,Max Super Speciality Cancer Institute,0x28B7eA94B34C8F52D19E50Eb14769Da20F5D54b4,Gastro-esophageal reflux disease,K21.9,Gastroenterology,Low,120/80 mmHg,70,99%,98,"Pantoprazole 40mg QD pre-breakfast, Domperidone 30mg QD",High,Advisory: Confirm Patient Creatinine Clearance prior to Metformin XR,FHIR_R4_Bundle_K21.9_Condition_MedicationRequest,All Clinical Records & Diagnostic Evidence,Active On-Chain Consent (Granted by Patient),NO,N/A,N/A,Direct patient consent validated via ConsentManager.sol,AES-256-GCM,vault-transit-key-0x34d44fe6,Qmbe9f211a9e70f854599a6329ef9f7608d65255c9a38d,0.0.4891024,4925,2026-09-13 12:19:03 UTC,0x854bcc4d61d86be808cf5e60419e94cb7249eba0ac82b299d6e5ba1d35afa246,0.0001
ENC-00926,Siddharth Nair,849526,0x5c873f085a717092568ae3f7b6dd1fda4ba3f441,80,female,AB-,Dr. Rajesh Sharma,0x3c44CdDdB6a900fa2b585dd299e03d12FA4293BC,NMC-78491,Gastroenterology,Max Super Speciality Cancer Institute,0x28B7eA94B34C8F52D19E50Eb14769Da20F5D54b4,Type 2 diabetes mellitus without complications,E11.9,Endocrinology,Moderate,130/82 mmHg,72,99%,142,"Metformin 500mg BID, Dapagliflozin 10mg QD",Low,Passed - Safe pediatric/geriatric dosage tier verified,FHIR_R4_Bundle_E11.9_Condition_MedicationRequest,All Clinical Records & Diagnostic Evidence,Active On-Chain Consent (Granted by Patient),NO,N/A,N/A,Direct patient consent validated via ConsentManager.sol,AES-256-GCM,vault-transit-key-0x5c873f08,Qm0d399e28096c7d87b787b88dc5cd98d077e93be099f9,0.0.4891024,4926,2026-09-13 12:19:04 UTC,0xf8453a0b2b1fa371cbf78f946520e28ebb9233f8b8426b003fb8a118ba9b8c35,0.0001
ENC-00927,Riya Gupta,849527,0xcf793f5611fe201de3ffa6ffb1923eb9b6a8d284,81,male,O-,Dr. Rajesh Sharma,0x3c44CdDdB6a900fa2b585dd299e03d12FA4293BC,NMC-78491,Gastroenterology,Care & Cure Pediatric & Maternity Hospital,0x937F51E09477BfD31E56c5e533038a8eEAc096b7,Type 2 diabetes mellitus without complications,E11.9,Endocrinology,Moderate,130/82 mmHg,72,99%,142,"Metformin 500mg BID, Dapagliflozin 10mg QD",High,Advisory: Confirm Patient Creatinine Clearance prior to Metformin XR,FHIR_R4_Bundle_E11.9_Condition_MedicationRequest,All Clinical Records & Diagnostic Evidence,Pending Patient Authorization,NO,N/A,N/A,Access request pending approval from patient wallet,AES-256-GCM,vault-transit-key-0xcf793f56,Qm8558d24fe291b56c7f54d4cb39a6178f46aa9acc19e8,0.0.4891024,4927,2026-09-13 12:19:07 UTC,0x742a50b6de738f12e07749450ed3cd8c8192ae67921060efe28392f3043a7d17,0.0001
ENC-00928,Sakshi Deshmukh,849528,0xa131c26a53f8530e4718fbcd881bb0098e9e7c9e,82,female,B+,Dr. Sarah Jenkins,0x04Fee3FD1B338d12FFD6dBD8d66dE1e8e0BB99cB,NMC-48192,Cardiology,Apex Diagnostic & Pathology Hub,0x04Fee3FD1B338d12FFD6dBD8d66dE1e8e0BB99cB,Essential (primary) hypertension,I10,Cardiology,Moderate,148/92 mmHg,78,98%,110,"Amlodipine 5mg QD, Telmisartan 40mg QD",High,Passed - Safe pediatric/geriatric dosage tier verified,FHIR_R4_Bundle_I10_Condition_MedicationRequest,All Clinical Records & Diagnostic Evidence,Active On-Chain Consent (Granted by Patient),NO,N/A,N/A,Direct patient consent validated via ConsentManager.sol,AES-256-GCM,vault-transit-key-0xa131c26a,Qm23b6cbe04c18c487f363c9df9d49f6e27271c58c10e9,0.0.4891024,4928,2026-09-13 12:19:09 UTC,0xcde047915e0522f2f455c057dd6105f3ac084a36601f9264e7ca4c991cec5af6,0.0001
ENC-00929,Nandini Reddy,849529,0x466d61e2660a2bd3b93e8992d8ad6f59c00e3799,83,male,B-,Dr. Rajesh Sharma,0x3c44CdDdB6a900fa2b585dd299e03d12FA4293BC,NMC-78491,Gastroenterology,Max Super Speciality Cancer Institute,0x28B7eA94B34C8F52D19E50Eb14769Da20F5D54b4,"Epilepsy, unspecified, without status epilepticus",G40.909,Neurology,High,118/74 mmHg,76,99%,95,"Levetiracetam 500mg BID, Clobazam 10mg QHS",High,Passed - Zero Drug-Drug Interaction Warning (Confidence 99.4%),FHIR_R4_Bundle_G40.909_Condition_MedicationRequest,All Clinical Records & Diagnostic Evidence,Pending Patient Authorization,NO,N/A,N/A,Access request pending approval from patient wallet,AES-256-GCM,vault-transit-key-0x466d61e2,Qmc788d367771cdef8275ef020a537ebb4f6b4b376c611,0.0.4891024,4929,2026-09-13 12:19:11 UTC,0x5a3fc61f4607e1608f511a6e6e088fe32ffa4610fdb46b0ae27a3e7526398e6e,0.0001
ENC-00930,Kiran Shetty,849530,0x5587e74e894e467df4aa094fbab4f2e8d94134a9,84,female,B-,Dr. Vikram Seth,0x15d34AAf54267DB7D7c367839AAf71A00a2C6A65,NMC-99014,Oncology,Max Super Speciality Cancer Institute,0x28B7eA94B34C8F52D19E50Eb14769Da20F5D54b4,Malignant neoplasm of female breast,C50.919,Oncology,Critical,122/76 mmHg,84,98%,105,"Tamoxifen 20mg QD, Trastuzumab 6mg/kg IV Q3W, Paclitaxel",High,Advisory: Monitor Serum Potassium & Renal Function with ACEi/ARB,FHIR_R4_Bundle_C50.919_Condition_MedicationRequest,All Clinical Records & Diagnostic Evidence,Active On-Chain Consent (Granted by Patient),NO,N/A,N/A,Direct patient consent validated via ConsentManager.sol,AES-256-GCM,vault-transit-key-0x5587e74e,Qma78672ed3b341d4ee800a103c8d9d5c1de98c0f6c474,0.0.4891024,4930,2026-09-13 12:19:13 UTC,0xf13584b18df4f1b486f38aa5a57411d255c6067ee454c6dffa52c0e6a412e95a,0.0001
ENC-00931,Riya Banerjee,849531,0x29fab975d2e7700eea99adea2f3ddf279eac9f27,85,male,B+,Dr. Vikram Seth,0x15d34AAf54267DB7D7c367839AAf71A00a2C6A65,NMC-99014,Oncology,Apollo Multispecialty Hospital,0x155Af6ECaFb48861dA7d16Fb8Af2f6ce9d6DD779,Unspecified intracranial injury / Concussion,S06.9X0A,Trauma & Emergency,Emergency,150/95 mmHg,64,97%,130,"Mannitol 20% 100mL IV, Phenytoin 100mg IV, Analgesics",Medium,Advisory: Monitor Serum Potassium & Renal Function with ACEi/ARB,FHIR_R4_Bundle_S06.9X0A_Condition_MedicationRequest,All Clinical Records & Diagnostic Evidence,Break-Glass Emergency Invoked (Active Override),YES,Acute Life-Threatening Presentation: Unspecified intracranial injury / Concussion,60 Minutes (Auto-Expiring Ephemeral Key),Emergency access granted; immediate HCS compliance event broadcasted,AES-256-GCM,vault-transit-key-0x29fab975,Qm9707eef77525b719792133fdebce37fedad7710bd0aa,0.0.4891024,4931,2026-09-13 12:19:15 UTC,0x1e79adedef005b9c2d046a7afebe2d36b698e52f5e7801a40ee160239b067174,0.0001
ENC-00932,Nikhil Ghosh,849532,0x1c8afe46e13cb9e04bcaab9a613e0c02be8a90e8,86,female,O+,Dr. Sunita Narang,0xBcd4042DE499D14e55001CcbB24a551F3b954096,NMC-90812,Endocrinology & Internal Medicine,Max Super Speciality Cancer Institute,0x28B7eA94B34C8F52D19E50Eb14769Da20F5D54b4,"Acute myocardial infarction, unspecified",I21.9,Cardiology,Emergency,95/60 mmHg,112,93%,165,"Ticagrelor 90mg BID, Aspirin 325mg, Atorvastatin 80mg, IV Heparin",High,Advisory: Confirm Patient Creatinine Clearance prior to Metformin XR,FHIR_R4_Bundle_I21.9_Condition_MedicationRequest,All Clinical Records & Diagnostic Evidence,Break-Glass Emergency Invoked (Active Override),YES,"Acute Life-Threatening Presentation: Acute myocardial infarction, unspecified",60 Minutes (Auto-Expiring Ephemeral Key),Emergency access granted; immediate HCS compliance event broadcasted,AES-256-GCM,vault-transit-key-0x1c8afe46,Qma73b435f09f00c6fdb3abb7988060f5324dbe6f1adc4,0.0.4891024,4932,2026-09-13 12:19:17 UTC,0x7efc7a08961b61e9a46c2a4b23bcb7757526c46313557f5c53d9b844e436311b,0.0001
ENC-00933,Anand Joshi,849533,0x71496750430e3a64d5eabf8e9f4fda1a2c2740bf,87,male,O+,Dr. Vikram Seth,0x15d34AAf54267DB7D7c367839AAf71A00a2C6A65,NMC-99014,Oncology,Fortis Memorial Neuro & Trauma Center,0x84f93618C1D541bB1Dcf1373A8eE500A7D439634,Unspecified intracranial injury / Concussion,S06.9X0A,Trauma & Emergency,Emergency,150/95 mmHg,64,97%,130,"Mannitol 20% 100mL IV, Phenytoin 100mg IV, Analgesics",High,Passed - Safe pediatric/geriatric dosage tier verified,FHIR_R4_Bundle_S06.9X0A_Condition_MedicationRequest,All Clinical Records & Diagnostic Evidence,Pending Patient Authorization,NO,N/A,N/A,Access request pending approval from patient wallet,AES-256-GCM,vault-transit-key-0x71496750,Qmc478c114bd82d1476714baaa9d0d3b7765f8f9bc8f89,0.0.4891024,4933,2026-09-13 12:19:20 UTC,0x4aeee359cc5b9789541ddb7cde384236d05b75df86963999cfbaedadc9bce932,0.0001
ENC-00934,Rakesh Chatterjee,849534,0x44959eb97481e0ff71ce88fae4b5f0e9a128670c,88,female,A-,Dr. Sunita Narang,0xBcd4042DE499D14e55001CcbB24a551F3b954096,NMC-90812,Endocrinology & Internal Medicine,Care & Cure Pediatric & Maternity Hospital,0x937F51E09477BfD31E56c5e533038a8eEAc096b7,Gastro-esophageal reflux disease,K21.9,Gastroenterology,Low,120/80 mmHg,70,99%,98,"Pantoprazole 40mg QD pre-breakfast, Domperidone 30mg QD",High,Advisory: Confirm Patient Creatinine Clearance prior to Metformin XR,FHIR_R4_Bundle_K21.9_Condition_MedicationRequest,All Clinical Records & Diagnostic Evidence,Active On-Chain Consent (Granted by Patient),NO,N/A,N/A,Direct patient consent validated via ConsentManager.sol,AES-256-GCM,vault-transit-key-0x44959eb9,Qmdfa13bd35f0ae1d01e1be6b473dbe220830331b9a823,0.0.4891024,4934,2026-09-13 12:19:22 UTC,0xbf12313d8b2c39d5e587ba21ad3d0521bddaa127b5f439358061d25c00c2196f,0.0001
ENC-00935,Sameer Iyer,849535,0x92953ec8e003b8a8c4511174e6842751ca8cbcef,89,male,A-,Dr. Rajesh Sharma,0x3c44CdDdB6a900fa2b585dd299e03d12FA4293BC,NMC-78491,Gastroenterology,Care & Cure Pediatric & Maternity Hospital,0x937F51E09477BfD31E56c5e533038a8eEAc096b7,Unspecified intracranial injury / Concussion,S06.9X0A,Trauma & Emergency,Emergency,150/95 mmHg,64,97%,130,"Mannitol 20% 100mL IV, Phenytoin 100mg IV, Analgesics",Medium,Advisory: Confirm Patient Creatinine Clearance prior to Metformin XR,FHIR_R4_Bundle_S06.9X0A_Condition_MedicationRequest,All Clinical Records & Diagnostic Evidence,Break-Glass Emergency Invoked (Active Override),YES,Acute Life-Threatening Presentation: Unspecified intracranial injury / Concussion,60 Minutes (Auto-Expiring Ephemeral Key),Emergency access granted; immediate HCS compliance event broadcasted,AES-256-GCM,vault-transit-key-0x92953ec8,Qm942d3dec64b70a18eee0b15cf5996269995a87d26285,0.0.4891024,4935,2026-09-13 12:19:24 UTC,0x7b9c5051554a7e1582f2d1a61883c362e3b8a19c23a905ff810d80bf6a55e1f3,0.0001
ENC-00936,Madhav Gowda,849536,0x8d1abddd68aaf8679a7fa08a169a0a85131833fb,18,female,B-,Dr. Sunita Narang,0xBcd4042DE499D14e55001CcbB24a551F3b954096,NMC-90812,Endocrinology & Internal Medicine,Apollo Multispecialty Hospital,0x155Af6ECaFb48861dA7d16Fb8Af2f6ce9d6DD779,Gastro-esophageal reflux disease,K21.9,Gastroenterology,Low,120/80 mmHg,70,99%,98,"Pantoprazole 40mg QD pre-breakfast, Domperidone 30mg QD",Low,Advisory: Confirm Patient Creatinine Clearance prior to Metformin XR,FHIR_R4_Bundle_K21.9_Condition_MedicationRequest,All Clinical Records & Diagnostic Evidence,Active On-Chain Consent (Granted by Patient),NO,N/A,N/A,Direct patient consent validated via ConsentManager.sol,AES-256-GCM,vault-transit-key-0x8d1abddd,Qm59b551ebf27e66f4ae58b70db1894d11e17600d7dd0e,0.0.4891024,4936,2026-09-13 12:19:25 UTC,0xba9faa8c164a178d27cec8fd5629fe86693f3216a1bfd2824cfb6949efa222b0,0.0001
ENC-00937,Neha Mehta,849537,0x7c864168c99352375d382c075248ebfacba5a8cb,19,male,O-,Dr. Vikram Seth,0x15d34AAf54267DB7D7c367839AAf71A00a2C6A65,NMC-99014,Oncology,Apollo Multispecialty Hospital,0x155Af6ECaFb48861dA7d16Fb8Af2f6ce9d6DD779,Essential (primary) hypertension,I10,Cardiology,Moderate,148/92 mmHg,78,98%,110,"Amlodipine 5mg QD, Telmisartan 40mg QD",Low,Advisory: Confirm Patient Creatinine Clearance prior to Metformin XR,FHIR_R4_Bundle_I10_Condition_MedicationRequest,All Clinical Records & Diagnostic Evidence,Active On-Chain Consent (Granted by Patient),NO,N/A,N/A,Direct patient consent validated via ConsentManager.sol,AES-256-GCM,vault-transit-key-0x7c864168,Qmc9f77c6005a93c00a8537f6eaabf0fddd6c2ede11906,0.0.4891024,4937,2026-09-13 12:19:28 UTC,0x52661e152705c1fbab1cb537074766b22b7bf8501ecf826326ab20328b3ac603,0.0001
ENC-00938,Sameer Nair,849538,0x56c5957fbc03c515d3f3a92f960fbe3a6ae54c12,20,female,B-,Dr. Rohan Patel,0x976EA74026E726554dB657fA54763abd0C3a0aa9,NMC-11029,Neurology,Max Super Speciality Cancer Institute,0x28B7eA94B34C8F52D19E50Eb14769Da20F5D54b4,Unspecified intracranial injury / Concussion,S06.9X0A,Trauma & Emergency,Emergency,150/95 mmHg,64,97%,130,"Mannitol 20% 100mL IV, Phenytoin 100mg IV, Analgesics",Medium,Passed - Safe pediatric/geriatric dosage tier verified,FHIR_R4_Bundle_S06.9X0A_Condition_MedicationRequest,All Clinical Records & Diagnostic Evidence,Active On-Chain Consent (Granted by Patient),NO,N/A,N/A,Direct patient consent validated via ConsentManager.sol,AES-256-GCM,vault-transit-key-0x56c5957f,Qmfdd97694edc9045a6711f2f2a5fbbed0d208c53026bb,0.0.4891024,4938,2026-09-13 12:19:30 UTC,0x381e9bb5e05f5654ea60818bc261a96695be2963ec4cae673bdbf211a5f9a2a8,0.0001
ENC-00939,Vikas Nair,849539,0xaa3f1673109d53531a6fc9aeaddbb881c87bff77,21,male,A+,Dr. Sunita Narang,0xBcd4042DE499D14e55001CcbB24a551F3b954096,NMC-90812,Endocrinology & Internal Medicine,Max Super Speciality Cancer Institute,0x28B7eA94B34C8F52D19E50Eb14769Da20F5D54b4,Essential (primary) hypertension,I10,Cardiology,Moderate,148/92 mmHg,78,98%,110,"Amlodipine 5mg QD, Telmisartan 40mg QD",Low,Advisory: Confirm Patient Creatinine Clearance prior to Metformin XR,FHIR_R4_Bundle_I10_Condition_MedicationRequest,All Clinical Records & Diagnostic Evidence,Active On-Chain Consent (Granted by Patient),NO,N/A,N/A,Direct patient consent validated via ConsentManager.sol,AES-256-GCM,vault-transit-key-0xaa3f1673,Qm09a6a36753c029fcbd856c5330f979f9828ffec47c2e,0.0.4891024,4939,2026-09-13 12:19:32 UTC,0xcedfc219b478330605cc0364c6e0c99eca313e7be5cd65797ed848d7b5a7f504,0.0001
ENC-00940,Shreya Gowda,849540,0x42db255816fa55edc0edeef5256e4108c8ea4dae,22,female,A+,Dr. Vikram Seth,0x15d34AAf54267DB7D7c367839AAf71A00a2C6A65,NMC-99014,Oncology,Max Super Speciality Cancer Institute,0x28B7eA94B34C8F52D19E50Eb14769Da20F5D54b4,Gastro-esophageal reflux disease,K21.9,Gastroenterology,Low,120/80 mmHg,70,99%,98,"Pantoprazole 40mg QD pre-breakfast, Domperidone 30mg QD",High,Advisory: Confirm Patient Creatinine Clearance prior to Metformin XR,FHIR_R4_Bundle_K21.9_Condition_MedicationRequest,All Clinical Records & Diagnostic Evidence,Active On-Chain Consent (Granted by Patient),NO,N/A,N/A,Direct patient consent validated via ConsentManager.sol,AES-256-GCM,vault-transit-key-0x42db2558,Qm0687a289a84e72038eeb6a913f3619346e64ece4ca56,0.0.4891024,4940,2026-09-13 12:19:34 UTC,0x720123f9e12b80c278a68c3f0ac0f7dee7dd99bd446581f7fa7f4a4e5961a9c0,0.0001
ENC-00941,Rahul Kulkarni,849541,0xf5eee2a593fb6a26584e6581ee21631450067c98,23,male,AB+,Dr. Rajesh Sharma,0x3c44CdDdB6a900fa2b585dd299e03d12FA4293BC,NMC-78491,Gastroenterology,Max Super Speciality Cancer Institute,0x28B7eA94B34C8F52D19E50Eb14769Da20F5D54b4,Gastro-esophageal reflux disease,K21.9,Gastroenterology,Low,120/80 mmHg,70,99%,98,"Pantoprazole 40mg QD pre-breakfast, Domperidone 30mg QD",Medium,Advisory: Confirm Patient Creatinine Clearance prior to Metformin XR,FHIR_R4_Bundle_K21.9_Condition_MedicationRequest,All Clinical Records & Diagnostic Evidence,Pending Patient Authorization,NO,N/A,N/A,Access request pending approval from patient wallet,AES-256-GCM,vault-transit-key-0xf5eee2a5,Qmbdcb1bc1d5d05f462994e90de435a15007e13d80254b,0.0.4891024,4941,2026-09-13 12:19:36 UTC,0x1e2c7a66efd1f731ae4aceadc6fe03711da44435c73e0bbaf6f40e45b23f6cf4,0.0001
ENC-00942,Rohan Iyer,849542,0xbf32c97697097f50d7f3c025da1ff950c86bfb85,24,female,O+,Dr. Ananya Roy,0x9965507D1a55bcC2695C58ba16FB37d819B0A4dc,NMC-51203,Hematology,Apex Diagnostic & Pathology Hub,0x04Fee3FD1B338d12FFD6dBD8d66dE1e8e0BB99cB,Gastro-esophageal reflux disease,K21.9,Gastroenterology,Low,120/80 mmHg,70,99%,98,"Pantoprazole 40mg QD pre-breakfast, Domperidone 30mg QD",Low,Passed - Safe pediatric/geriatric dosage tier verified,FHIR_R4_Bundle_K21.9_Condition_MedicationRequest,All Clinical Records & Diagnostic Evidence,Active On-Chain Consent (Granted by Patient),NO,N/A,N/A,Direct patient consent validated via ConsentManager.sol,AES-256-GCM,vault-transit-key-0xbf32c976,Qm158e3fe1cb7280f857edbbefff52081e66db1bc569e9,0.0.4891024,4942,2026-09-13 12:19:38 UTC,0x2987048c2005cefbb766a62640c377501ad62913f995c2b252d6032a0d63bfb3,0.0001
ENC-00943,Aditi Sharma,849543,0x4b91285e5b5b2a826bdea9481eb39f9c2cad439f,25,male,A+,Dr. Ananya Roy,0x9965507D1a55bcC2695C58ba16FB37d819B0A4dc,NMC-51203,Hematology,Apex Diagnostic & Pathology Hub,0x04Fee3FD1B338d12FFD6dBD8d66dE1e8e0BB99cB,Unspecified intracranial injury / Concussion,S06.9X0A,Trauma & Emergency,Emergency,150/95 mmHg,64,97%,130,"Mannitol 20% 100mL IV, Phenytoin 100mg IV, Analgesics",Medium,Passed - Zero Drug-Drug Interaction Warning (Confidence 99.4%),FHIR_R4_Bundle_S06.9X0A_Condition_MedicationRequest,All Clinical Records & Diagnostic Evidence,Active On-Chain Consent (Granted by Patient),NO,N/A,N/A,Direct patient consent validated via ConsentManager.sol,AES-256-GCM,vault-transit-key-0x4b91285e,Qma33f8261627161f33c7671b1753b9cd13b85ff5c2641,0.0.4891024,4943,2026-09-13 12:19:40 UTC,0x58e60a3b6393756b3ee1f1df107af2e11393987412674e7bddcafa23882f0134,0.0001
ENC-00944,Harish Banerjee,849544,0x863a22d0903d1234ce8b9a57b3901ba4c2cc2b7a,26,female,A+,Dr. Rohan Patel,0x976EA74026E726554dB657fA54763abd0C3a0aa9,NMC-11029,Neurology,Fortis Memorial Neuro & Trauma Center,0x84f93618C1D541bB1Dcf1373A8eE500A7D439634,Unspecified intracranial injury / Concussion,S06.9X0A,Trauma & Emergency,Emergency,150/95 mmHg,64,97%,130,"Mannitol 20% 100mL IV, Phenytoin 100mg IV, Analgesics",Medium,Advisory: Confirm Patient Creatinine Clearance prior to Metformin XR,FHIR_R4_Bundle_S06.9X0A_Condition_MedicationRequest,All Clinical Records & Diagnostic Evidence,Break-Glass Emergency Invoked (Active Override),YES,Acute Life-Threatening Presentation: Unspecified intracranial injury / Concussion,60 Minutes (Auto-Expiring Ephemeral Key),Emergency access granted; immediate HCS compliance event broadcasted,AES-256-GCM,vault-transit-key-0x863a22d0,Qm210825a8a447dec6179460d42d2ed0bfbccba56651a3,0.0.4891024,4944,2026-09-13 12:19:43 UTC,0xf1f8970112cc0b7d0c36fb10f56eac4eb700f7d050019de699664c5d2f93cace,0.0001
ENC-00945,Neha Kapoor,849545,0xee3730aa11dc57cd24110c6cfb1c22658af5e2f5,27,male,AB-,Dr. Vikram Seth,0x15d34AAf54267DB7D7c367839AAf71A00a2C6A65,NMC-99014,Oncology,Fortis Memorial Neuro & Trauma Center,0x84f93618C1D541bB1Dcf1373A8eE500A7D439634,Dengue fever [classical dengue],A90,Infectious Disease,High,100/68 mmHg,96,98%,102,"Oral Rehydration Salts 1L/day, Paracetamol 650mg SOS",High,Passed - Safe pediatric/geriatric dosage tier verified,FHIR_R4_Bundle_A90_Condition_MedicationRequest,All Clinical Records & Diagnostic Evidence,Active On-Chain Consent (Granted by Patient),NO,N/A,N/A,Direct patient consent validated via ConsentManager.sol,AES-256-GCM,vault-transit-key-0xee3730aa,Qm5effd89e25a0809338c5401c496b1128271b0c7a017e,0.0.4891024,4945,2026-09-13 12:19:44 UTC,0x57a1b025acbc39466a5a13a126785125acff3b255505504502888ed6fc76025a,0.0001
ENC-00946,Meera Mukherjee,849546,0xf7b58f9311af2e2823e343577c058c2bedc50707,28,female,O+,Dr. Preeti Deshmukh,0x23618e81E3f5cdF7f54C3d65f7FBc0aBf5B21E8f,NMC-82194,Obstetrics & Pediatrics,Apex Diagnostic & Pathology Hub,0x04Fee3FD1B338d12FFD6dBD8d66dE1e8e0BB99cB,Gastro-esophageal reflux disease,K21.9,Gastroenterology,Low,120/80 mmHg,70,99%,98,"Pantoprazole 40mg QD pre-breakfast, Domperidone 30mg QD",Medium,Advisory: Monitor Serum Potassium & Renal Function with ACEi/ARB,FHIR_R4_Bundle_K21.9_Condition_MedicationRequest,All Clinical Records & Diagnostic Evidence,Pending Patient Authorization,NO,N/A,N/A,Access request pending approval from patient wallet,AES-256-GCM,vault-transit-key-0xf7b58f93,Qm839d15e0a012b745de87c6132a4bf008bf65bc9a3d08,0.0.4891024,4946,2026-09-13 12:19:46 UTC,0x431d656116c6530382602fd9f4dc67d02d380077ba082f9a5bdf8de5eb64029f,0.0001
ENC-00947,Yashwanth Banerjee,849547,0x0d0e09cc5dd758133c3b1fefc300bd3ccff00fe7,29,male,B+,Dr. Rohan Patel,0x976EA74026E726554dB657fA54763abd0C3a0aa9,NMC-11029,Neurology,Care & Cure Pediatric & Maternity Hospital,0x937F51E09477BfD31E56c5e533038a8eEAc096b7,Gastro-esophageal reflux disease,K21.9,Gastroenterology,Low,120/80 mmHg,70,99%,98,"Pantoprazole 40mg QD pre-breakfast, Domperidone 30mg QD",Low,Passed - Safe pediatric/geriatric dosage tier verified,FHIR_R4_Bundle_K21.9_Condition_MedicationRequest,All Clinical Records & Diagnostic Evidence,Active On-Chain Consent (Granted by Patient),NO,N/A,N/A,Direct patient consent validated via ConsentManager.sol,AES-256-GCM,vault-transit-key-0x0d0e09cc,Qm80a27572e9b970262a5a47660d38855c105e97db349f,0.0.4891024,4947,2026-09-13 12:19:48 UTC,0x685611e2cc02e3b886a1c32f6febe14eae90bf2753eaf7bac179207120ec91eb,0.0001
ENC-00948,Yashwanth Sharma,849548,0x8c09039f73fb8b80dd5a9c718d7b8a08a69eb1cd,30,female,A+,Dr. Vikram Seth,0x15d34AAf54267DB7D7c367839AAf71A00a2C6A65,NMC-99014,Oncology,Apollo Multispecialty Hospital,0x155Af6ECaFb48861dA7d16Fb8Af2f6ce9d6DD779,Essential (primary) hypertension,I10,Cardiology,Moderate,148/92 mmHg,78,98%,110,"Amlodipine 5mg QD, Telmisartan 40mg QD",Medium,Advisory: Confirm Patient Creatinine Clearance prior to Metformin XR,FHIR_R4_Bundle_I10_Condition_MedicationRequest,All Clinical Records & Diagnostic Evidence,Pending Patient Authorization,NO,N/A,N/A,Access request pending approval from patient wallet,AES-256-GCM,vault-transit-key-0x8c09039f,Qmf41f0e9508f3faf9050d2522455966850a65381574ff,0.0.4891024,4948,2026-09-13 12:19:51 UTC,0x37e2e2df8f15da5bac319c02c76c554ef0eac9935dff323acaaf445c672d749f,0.0001
ENC-00949,Geeta Patel,849549,0x7303958b81a41eb75464ec52f92b2a4a18962334,31,male,O+,Dr. Vikram Seth,0x15d34AAf54267DB7D7c367839AAf71A00a2C6A65,NMC-99014,Oncology,Fortis Memorial Neuro & Trauma Center,0x84f93618C1D541bB1Dcf1373A8eE500A7D439634,Essential (primary) hypertension,I10,Cardiology,Moderate,148/92 mmHg,78,98%,110,"Amlodipine 5mg QD, Telmisartan 40mg QD",High,Advisory: Monitor Serum Potassium & Renal Function with ACEi/ARB,FHIR_R4_Bundle_I10_Condition_MedicationRequest,All Clinical Records & Diagnostic Evidence,Active On-Chain Consent (Granted by Patient),NO,N/A,N/A,Direct patient consent validated via ConsentManager.sol,AES-256-GCM,vault-transit-key-0x7303958b,Qma5564239f44ab29189425517dfafa7f365f9967ea0c9,0.0.4891024,4949,2026-09-13 12:19:53 UTC,0x12a7942dfd9064c818657f93e7cb09f5b0de2490b662bd5c788a71a49eb59fb4,0.0001
ENC-00950,Neha Menon,849550,0x2799e5968cf4cc1a9a9a17e595a1cecb86dbe8a1,32,female,B+,Dr. Sarah Jenkins,0x04Fee3FD1B338d12FFD6dBD8d66dE1e8e0BB99cB,NMC-48192,Cardiology,Fortis Memorial Neuro & Trauma Center,0x84f93618C1D541bB1Dcf1373A8eE500A7D439634,Type 2 diabetes mellitus without complications,E11.9,Endocrinology,Moderate,130/82 mmHg,72,99%,142,"Metformin 500mg BID, Dapagliflozin 10mg QD",Medium,Advisory: Monitor Serum Potassium & Renal Function with ACEi/ARB,FHIR_R4_Bundle_E11.9_Condition_MedicationRequest,All Clinical Records & Diagnostic Evidence,Active On-Chain Consent (Granted by Patient),NO,N/A,N/A,Direct patient consent validated via ConsentManager.sol,AES-256-GCM,vault-transit-key-0x2799e596,Qm2fbcc51d31321abe169431ed5f037878ced670021806,0.0.4891024,4950,2026-09-13 12:19:55 UTC,0x21d73b5eed5a5c72dfe0e768cf17ab5798aa2f5f082700e74862cb50d1a5f15e,0.0001
ENC-00951,Aditi Agarwal,849551,0x4e44c665ab5fc790fa6cbf5f553192c27dcc3ba1,33,male,O-,Dr. Rajesh Sharma,0x3c44CdDdB6a900fa2b585dd299e03d12FA4293BC,NMC-78491,Gastroenterology,Apex Diagnostic & Pathology Hub,0x04Fee3FD1B338d12FFD6dBD8d66dE1e8e0BB99cB,"Acute myocardial infarction, unspecified",I21.9,Cardiology,Emergency,95/60 mmHg,112,93%,165,"Ticagrelor 90mg BID, Aspirin 325mg, Atorvastatin 80mg, IV Heparin",High,Passed - Safe pediatric/geriatric dosage tier verified,FHIR_R4_Bundle_I21.9_Condition_MedicationRequest,All Clinical Records & Diagnostic Evidence,Active On-Chain Consent (Granted by Patient),NO,N/A,N/A,Direct patient consent validated via ConsentManager.sol,AES-256-GCM,vault-transit-key-0x4e44c665,Qm76ea9bedd05387a06ccb2a86110cacec26b2ae78bf6f,0.0.4891024,4951,2026-09-13 12:19:57 UTC,0xdc36b818a7bf7f8057d32d1a77a95d09c85c3cae85bfecbe56a657296f6f87e8,0.0001
ENC-00952,Divya Chatterjee,849552,0xf31daa071e80327a6348cdaf14bff1d7012f8f31,34,female,B+,Dr. Sarah Jenkins,0x04Fee3FD1B338d12FFD6dBD8d66dE1e8e0BB99cB,NMC-48192,Cardiology,Max Super Speciality Cancer Institute,0x28B7eA94B34C8F52D19E50Eb14769Da20F5D54b4,"Acute myocardial infarction, unspecified",I21.9,Cardiology,Emergency,95/60 mmHg,112,93%,165,"Ticagrelor 90mg BID, Aspirin 325mg, Atorvastatin 80mg, IV Heparin",High,Advisory: Confirm Patient Creatinine Clearance prior to Metformin XR,FHIR_R4_Bundle_I21.9_Condition_MedicationRequest,All Clinical Records & Diagnostic Evidence,Break-Glass Emergency Invoked (Active Override),YES,"Acute Life-Threatening Presentation: Acute myocardial infarction, unspecified",60 Minutes (Auto-Expiring Ephemeral Key),Emergency access granted; immediate HCS compliance event broadcasted,AES-256-GCM,vault-transit-key-0xf31daa07,Qm117fb216efd877429c5fefe6e0406605af96579288c1,0.0.4891024,4952,2026-09-13 12:19:59 UTC,0x8794be2f950b7c3da9c7eedec25694d5450dad7bc2a74aa4316a05b956d5badb,0.0001
ENC-00953,Manish Mishra,849553,0xb2024fe51a78775f986b7bd38977d847da26748f,35,male,B-,Dr. Rajesh Sharma,0x3c44CdDdB6a900fa2b585dd299e03d12FA4293BC,NMC-78491,Gastroenterology,Apollo Multispecialty Hospital,0x155Af6ECaFb48861dA7d16Fb8Af2f6ce9d6DD779,Type 2 diabetes mellitus without complications,E11.9,Endocrinology,Moderate,130/82 mmHg,72,99%,142,"Metformin 500mg BID, Dapagliflozin 10mg QD",Medium,Passed - Safe pediatric/geriatric dosage tier verified,FHIR_R4_Bundle_E11.9_Condition_MedicationRequest,All Clinical Records & Diagnostic Evidence,Active On-Chain Consent (Granted by Patient),NO,N/A,N/A,Direct patient consent validated via ConsentManager.sol,AES-256-GCM,vault-transit-key-0xb2024fe5,Qmcfd93d87f2852b99198aa8c07218a8890c2ccc69bdce,0.0.4891024,4953,2026-09-13 12:20:01 UTC,0xb70adf85c55c1245054aaf354e62899c9d2ccf6de3320e3a71a53cf32d7eda99,0.0001
ENC-00954,Kavya Menon,849554,0x68374d892b7777a89c851bb8d9f4ebf44c1c39c9,36,female,A-,Dr. Rohan Patel,0x976EA74026E726554dB657fA54763abd0C3a0aa9,NMC-11029,Neurology,Fortis Memorial Neuro & Trauma Center,0x84f93618C1D541bB1Dcf1373A8eE500A7D439634,Malignant neoplasm of female breast,C50.919,Oncology,Critical,122/76 mmHg,84,98%,105,"Tamoxifen 20mg QD, Trastuzumab 6mg/kg IV Q3W, Paclitaxel",Low,Advisory: Monitor Serum Potassium & Renal Function with ACEi/ARB,FHIR_R4_Bundle_C50.919_Condition_MedicationRequest,All Clinical Records & Diagnostic Evidence,Pending Patient Authorization,NO,N/A,N/A,Access request pending approval from patient wallet,AES-256-GCM,vault-transit-key-0x68374d89,Qmf052707c452d6a82cc4b775b64190bb45fcf1f094d20,0.0.4891024,4954,2026-09-13 12:20:03 UTC,0x05a0e5fe03fe36c77cf35beff996ddcf095fc8391d0ed2f60b0c036e9cc17f33,0.0001
ENC-00955,Vikas Rao,849555,0xa957e014e9ee43b0b226dc2434cc092baaba122a,37,male,AB+,Dr. Rohan Patel,0x976EA74026E726554dB657fA54763abd0C3a0aa9,NMC-11029,Neurology,Apex Diagnostic & Pathology Hub,0x04Fee3FD1B338d12FFD6dBD8d66dE1e8e0BB99cB,Type 2 diabetes mellitus without complications,E11.9,Endocrinology,Moderate,130/82 mmHg,72,99%,142,"Metformin 500mg BID, Dapagliflozin 10mg QD",High,Advisory: Confirm Patient Creatinine Clearance prior to Metformin XR,FHIR_R4_Bundle_E11.9_Condition_MedicationRequest,All Clinical Records & Diagnostic Evidence,Active On-Chain Consent (Granted by Patient),NO,N/A,N/A,Direct patient consent validated via ConsentManager.sol,AES-256-GCM,vault-transit-key-0xa957e014,Qm6e1bd4b5452c9fe9abee524bde784d096cbaa634ac36,0.0.4891024,4955,2026-09-13 12:20:06 UTC,0x50e87e160d427e2489372edd6339d38a7c751fdc1593b0b32e283b2bee976b4e,0.0001
ENC-00956,Pranav Hegde,849556,0x52ac38f87a9a0c6d6357ba2ef39a1a519e479d5e,38,female,A-,Dr. Rajesh Sharma,0x3c44CdDdB6a900fa2b585dd299e03d12FA4293BC,NMC-78491,Gastroenterology,Max Super Speciality Cancer Institute,0x28B7eA94B34C8F52D19E50Eb14769Da20F5D54b4,Malignant neoplasm of female breast,C50.919,Oncology,Critical,122/76 mmHg,84,98%,105,"Tamoxifen 20mg QD, Trastuzumab 6mg/kg IV Q3W, Paclitaxel",Medium,Passed - Zero Drug-Drug Interaction Warning (Confidence 99.4%),FHIR_R4_Bundle_C50.919_Condition_MedicationRequest,All Clinical Records & Diagnostic Evidence,Active On-Chain Consent (Granted by Patient),NO,N/A,N/A,Direct patient consent validated via ConsentManager.sol,AES-256-GCM,vault-transit-key-0x52ac38f8,Qmd4adece0d37c6b95e837ba5853ecff8fed190abe6358,0.0.4891024,4956,2026-09-13 12:20:08 UTC,0x9a5de218d9e0c4482ad2379b9f394db2c39b65ce1cd79f25765265162df43b2b,0.0001
ENC-00957,Ananya Chatterjee,849557,0xd6ab0bcbe997d78a12c013eda69179f4355dd12f,39,male,B-,Dr. Sarah Jenkins,0x04Fee3FD1B338d12FFD6dBD8d66dE1e8e0BB99cB,NMC-48192,Cardiology,Apollo Multispecialty Hospital,0x155Af6ECaFb48861dA7d16Fb8Af2f6ce9d6DD779,Dengue fever [classical dengue],A90,Infectious Disease,High,100/68 mmHg,96,98%,102,"Oral Rehydration Salts 1L/day, Paracetamol 650mg SOS",High,Advisory: Monitor Serum Potassium & Renal Function with ACEi/ARB,FHIR_R4_Bundle_A90_Condition_MedicationRequest,All Clinical Records & Diagnostic Evidence,Active On-Chain Consent (Granted by Patient),NO,N/A,N/A,Direct patient consent validated via ConsentManager.sol,AES-256-GCM,vault-transit-key-0xd6ab0bcb,Qm70e51eb81451633b76665c5872ecce33d26b29d78140,0.0.4891024,4957,2026-09-13 12:20:10 UTC,0x09edb64127cb327ad2b040885c4b35e36d5bde8bbf5ee96e8f3cac2a70cddea2,0.0001
ENC-00958,Anand Hegde,849558,0xc3f2681d24a0be09aadac1e806d6716bf0fd4722,40,female,A+,Dr. Sunita Narang,0xBcd4042DE499D14e55001CcbB24a551F3b954096,NMC-90812,Endocrinology & Internal Medicine,Apex Diagnostic & Pathology Hub,0x04Fee3FD1B338d12FFD6dBD8d66dE1e8e0BB99cB,Type 2 diabetes mellitus without complications,E11.9,Endocrinology,Moderate,130/82 mmHg,72,99%,142,"Metformin 500mg BID, Dapagliflozin 10mg QD",Low,Advisory: Monitor Serum Potassium & Renal Function with ACEi/ARB,FHIR_R4_Bundle_E11.9_Condition_MedicationRequest,All Clinical Records & Diagnostic Evidence,Pending Patient Authorization,NO,N/A,N/A,Access request pending approval from patient wallet,AES-256-GCM,vault-transit-key-0xc3f2681d,Qmc75a823691bc638cddeb9e49470570116d139333e1a4,0.0.4891024,4958,2026-09-13 12:20:12 UTC,0xe7244cdc72c1729f1fa22da0c8e41fcee56a6542241c269c3a0a243cf397f203,0.0001
ENC-00959,Gautam Sharma,849559,0x07c2ee3296e9b1797fbd93e0eb7c1e36a41e6177,41,male,AB-,Dr. Sarah Jenkins,0x04Fee3FD1B338d12FFD6dBD8d66dE1e8e0BB99cB,NMC-48192,Cardiology,Max Super Speciality Cancer Institute,0x28B7eA94B34C8F52D19E50Eb14769Da20F5D54b4,Gastro-esophageal reflux disease,K21.9,Gastroenterology,Low,120/80 mmHg,70,99%,98,"Pantoprazole 40mg QD pre-breakfast, Domperidone 30mg QD",High,Advisory: Monitor Serum Potassium & Renal Function with ACEi/ARB,FHIR_R4_Bundle_K21.9_Condition_MedicationRequest,All Clinical Records & Diagnostic Evidence,Active On-Chain Consent (Granted by Patient),NO,N/A,N/A,Direct patient consent validated via ConsentManager.sol,AES-256-GCM,vault-transit-key-0x07c2ee32,Qm84d67a11d11307069b8880fdfa34b0b97bd8486cfdc1,0.0.4891024,4959,2026-09-13 12:20:14 UTC,0x07cf83b894b9259193bb432f1ea32959734c9700acd66c473252da9b82fcad7e,0.0001
ENC-00960,Harish Kulkarni,849560,0xfffacaa23b69914dcb3360f815ec58b083d5bf04,42,female,B+,Dr. Preeti Deshmukh,0x23618e81E3f5cdF7f54C3d65f7FBc0aBf5B21E8f,NMC-82194,Obstetrics & Pediatrics,Apollo Multispecialty Hospital,0x155Af6ECaFb48861dA7d16Fb8Af2f6ce9d6DD779,Dengue fever [classical dengue],A90,Infectious Disease,High,100/68 mmHg,96,98%,102,"Oral Rehydration Salts 1L/day, Paracetamol 650mg SOS",Medium,Passed - Safe pediatric/geriatric dosage tier verified,FHIR_R4_Bundle_A90_Condition_MedicationRequest,All Clinical Records & Diagnostic Evidence,Active On-Chain Consent (Granted by Patient),NO,N/A,N/A,Direct patient consent validated via ConsentManager.sol,AES-256-GCM,vault-transit-key-0xfffacaa2,Qme58be1cb7d3c9a27dc8bc03c1631577c7c13001ad939,0.0.4891024,4960,2026-09-13 12:20:16 UTC,0x3aa974b2f35e893c25533c7d285cbc279c6c0543008d7649cd30db6e245778df,0.0001
ENC-00961,Geeta Mukherjee,849561,0xb02afa8219c76caa3bcd78e1ad0138784d44c8d3,43,male,O-,Dr. Sunita Narang,0xBcd4042DE499D14e55001CcbB24a551F3b954096,NMC-90812,Endocrinology & Internal Medicine,Care & Cure Pediatric & Maternity Hospital,0x937F51E09477BfD31E56c5e533038a8eEAc096b7,Dengue fever [classical dengue],A90,Infectious Disease,High,100/68 mmHg,96,98%,102,"Oral Rehydration Salts 1L/day, Paracetamol 650mg SOS",Medium,Passed - Safe pediatric/geriatric dosage tier verified,FHIR_R4_Bundle_A90_Condition_MedicationRequest,All Clinical Records & Diagnostic Evidence,Active On-Chain Consent (Granted by Patient),NO,N/A,N/A,Direct patient consent validated via ConsentManager.sol,AES-256-GCM,vault-transit-key-0xb02afa82,Qmb8cace2b4c81bfcebf738b05343926a18d6be063354c,0.0.4891024,4961,2026-09-13 12:20:18 UTC,0x9640cdb395fc5583fa3996ae3dc9be805c743cb64ed5db39935dde5d98208048,0.0001
ENC-00962,Kavya Gupta,849562,0x32f4efb1af2c1dbcec22b89a6ed96375a8db0f90,44,female,AB+,Dr. Rajesh Sharma,0x3c44CdDdB6a900fa2b585dd299e03d12FA4293BC,NMC-78491,Gastroenterology,Max Super Speciality Cancer Institute,0x28B7eA94B34C8F52D19E50Eb14769Da20F5D54b4,Type 2 diabetes mellitus without complications,E11.9,Endocrinology,Moderate,130/82 mmHg,72,99%,142,"Metformin 500mg BID, Dapagliflozin 10mg QD",Low,Passed - Zero Drug-Drug Interaction Warning (Confidence 99.4%),FHIR_R4_Bundle_E11.9_Condition_MedicationRequest,All Clinical Records & Diagnostic Evidence,Pending Patient Authorization,NO,N/A,N/A,Access request pending approval from patient wallet,AES-256-GCM,vault-transit-key-0x32f4efb1,Qmcb8f4c907938c19e285c6db559a412bfcec7e5255d00,0.0.4891024,4962,2026-09-13 12:20:20 UTC,0x03898c809c081cca6eb7f55d002906a1b652a8e9bec9b8efc018bd119d2195b3,0.0001
ENC-00963,Madhav Choudhury,849563,0xd9fd7878ab08d48ed22732b5d41aec6b89be26f3,45,male,O-,Dr. Rajesh Sharma,0x3c44CdDdB6a900fa2b585dd299e03d12FA4293BC,NMC-78491,Gastroenterology,Fortis Memorial Neuro & Trauma Center,0x84f93618C1D541bB1Dcf1373A8eE500A7D439634,Type 2 diabetes mellitus without complications,E11.9,Endocrinology,Moderate,130/82 mmHg,72,99%,142,"Metformin 500mg BID, Dapagliflozin 10mg QD",High,Advisory: Monitor Serum Potassium & Renal Function with ACEi/ARB,FHIR_R4_Bundle_E11.9_Condition_MedicationRequest,All Clinical Records & Diagnostic Evidence,Active On-Chain Consent (Granted by Patient),NO,N/A,N/A,Direct patient consent validated via ConsentManager.sol,AES-256-GCM,vault-transit-key-0xd9fd7878,Qmf7270e346016c956de8a74c58660ac8b9bc4648794b9,0.0.4891024,4963,2026-09-13 12:20:22 UTC,0x5d26551bfb503b3b6121b12ea2839f943acaacb313476b7f97a4ccbdc81c4870,0.0001
ENC-00964,Sanjay Joshi,849564,0x3d2114917c4f51f8b1b905bc77b40502eda9ee62,46,female,O+,Dr. Ananya Roy,0x9965507D1a55bcC2695C58ba16FB37d819B0A4dc,NMC-51203,Hematology,Max Super Speciality Cancer Institute,0x28B7eA94B34C8F52D19E50Eb14769Da20F5D54b4,Unspecified intracranial injury / Concussion,S06.9X0A,Trauma & Emergency,Emergency,150/95 mmHg,64,97%,130,"Mannitol 20% 100mL IV, Phenytoin 100mg IV, Analgesics",Low,Passed - Zero Drug-Drug Interaction Warning (Confidence 99.4%),FHIR_R4_Bundle_S06.9X0A_Condition_MedicationRequest,All Clinical Records & Diagnostic Evidence,Break-Glass Emergency Invoked (Active Override),YES,Acute Life-Threatening Presentation: Unspecified intracranial injury / Concussion,60 Minutes (Auto-Expiring Ephemeral Key),Emergency access granted; immediate HCS compliance event broadcasted,AES-256-GCM,vault-transit-key-0x3d211491,Qmbabcde9ee18a6d8cf3eabc0ee8364eb6adec041657ac,0.0.4891024,4964,2026-09-13 12:20:24 UTC,0xa024bab51e87677cffd551a297c0446a7bf3a1eda692ca5355ac0fb285069de1,0.0001
ENC-00965,Amit Mukherjee,849565,0x7fb009cd91288b3445216a75eea5dd6e74f2197d,47,male,AB+,Dr. Sarah Jenkins,0x04Fee3FD1B338d12FFD6dBD8d66dE1e8e0BB99cB,NMC-48192,Cardiology,Apollo Multispecialty Hospital,0x155Af6ECaFb48861dA7d16Fb8Af2f6ce9d6DD779,Essential (primary) hypertension,I10,Cardiology,Moderate,148/92 mmHg,78,98%,110,"Amlodipine 5mg QD, Telmisartan 40mg QD",Low,Passed - Safe pediatric/geriatric dosage tier verified,FHIR_R4_Bundle_I10_Condition_MedicationRequest,All Clinical Records & Diagnostic Evidence,Active On-Chain Consent (Granted by Patient),NO,N/A,N/A,Direct patient consent validated via ConsentManager.sol,AES-256-GCM,vault-transit-key-0x7fb009cd,Qm0e86551141be800724b546b3f01a1a97a0443f062f75,0.0.4891024,4965,2026-09-13 12:20:26 UTC,0x2bb81658baeea8732564277a34fa90165ac59b4977ab098dbc0ed30b18cbf543,0.0001
ENC-00966,Priyanka Sharma,849566,0x42e384673b15f0ddc27d092834cfc9cad37bf65f,48,female,AB-,Dr. Preeti Deshmukh,0x23618e81E3f5cdF7f54C3d65f7FBc0aBf5B21E8f,NMC-82194,Obstetrics & Pediatrics,Fortis Memorial Neuro & Trauma Center,0x84f93618C1D541bB1Dcf1373A8eE500A7D439634,Malignant neoplasm of female breast,C50.919,Oncology,Critical,122/76 mmHg,84,98%,105,"Tamoxifen 20mg QD, Trastuzumab 6mg/kg IV Q3W, Paclitaxel",Low,Advisory: Confirm Patient Creatinine Clearance prior to Metformin XR,FHIR_R4_Bundle_C50.919_Condition_MedicationRequest,All Clinical Records & Diagnostic Evidence,Pending Patient Authorization,NO,N/A,N/A,Access request pending approval from patient wallet,AES-256-GCM,vault-transit-key-0x42e38467,Qm30a995bc5db1c8ebe8fd1daa41a29cea4dbd59797e1c,0.0.4891024,4966,2026-09-13 12:20:29 UTC,0x6a0667181949e03a721205f9c84243f4eee3c9f71be41fa276a1678d958c0a90,0.0001
ENC-00967,Harish Mehta,849567,0xb5e78fc5860e0a6c841b7589c08893c508e711a7,49,male,B+,Dr. Sarah Jenkins,0x04Fee3FD1B338d12FFD6dBD8d66dE1e8e0BB99cB,NMC-48192,Cardiology,Apollo Multispecialty Hospital,0x155Af6ECaFb48861dA7d16Fb8Af2f6ce9d6DD779,Malignant neoplasm of female breast,C50.919,Oncology,Critical,122/76 mmHg,84,98%,105,"Tamoxifen 20mg QD, Trastuzumab 6mg/kg IV Q3W, Paclitaxel",High,Advisory: Monitor Serum Potassium & Renal Function with ACEi/ARB,FHIR_R4_Bundle_C50.919_Condition_MedicationRequest,All Clinical Records & Diagnostic Evidence,Pending Patient Authorization,NO,N/A,N/A,Access request pending approval from patient wallet,AES-256-GCM,vault-transit-key-0xb5e78fc5,Qm0b8e7860771ce9fa082cb36b21cca6c75ffebdea66b2,0.0.4891024,4967,2026-09-13 12:20:31 UTC,0x1b996c7bc096bd779965ae591e5d7993d56bf9673bc7b92154938ed66e8da2a2,0.0001
ENC-00968,Arjun Mishra,849568,0x994950b4cd88f08d8617279002bd7b3bb9735551,50,female,O-,Dr. Preeti Deshmukh,0x23618e81E3f5cdF7f54C3d65f7FBc0aBf5B21E8f,NMC-82194,Obstetrics & Pediatrics,Care & Cure Pediatric & Maternity Hospital,0x937F51E09477BfD31E56c5e533038a8eEAc096b7,Malignant neoplasm of female breast,C50.919,Oncology,Critical,122/76 mmHg,84,98%,105,"Tamoxifen 20mg QD, Trastuzumab 6mg/kg IV Q3W, Paclitaxel",Medium,Passed - Safe pediatric/geriatric dosage tier verified,FHIR_R4_Bundle_C50.919_Condition_MedicationRequest,All Clinical Records & Diagnostic Evidence,Active On-Chain Consent (Granted by Patient),NO,N/A,N/A,Direct patient consent validated via ConsentManager.sol,AES-256-GCM,vault-transit-key-0x994950b4,Qmd7c7605bfcf220780960adee2219df5c9f52b9feaf06,0.0.4891024,4968,2026-09-13 12:20:33 UTC,0x9eebaeb747f8eec52b473bcf7658b8561d3c6420bac411a3336422dcc082a82e,0.0001
ENC-00969,Siddharth Patel,849569,0x16ad1e373ebcf728ed97626674475099e3f7e631,51,male,A-,Dr. Preeti Deshmukh,0x23618e81E3f5cdF7f54C3d65f7FBc0aBf5B21E8f,NMC-82194,Obstetrics & Pediatrics,Fortis Memorial Neuro & Trauma Center,0x84f93618C1D541bB1Dcf1373A8eE500A7D439634,Dengue fever [classical dengue],A90,Infectious Disease,High,100/68 mmHg,96,98%,102,"Oral Rehydration Salts 1L/day, Paracetamol 650mg SOS",High,Advisory: Confirm Patient Creatinine Clearance prior to Metformin XR,FHIR_R4_Bundle_A90_Condition_MedicationRequest,All Clinical Records & Diagnostic Evidence,Active On-Chain Consent (Granted by Patient),NO,N/A,N/A,Direct patient consent validated via ConsentManager.sol,AES-256-GCM,vault-transit-key-0x16ad1e37,Qme764917a3844b640385bf1ee7ab2946111bafa6f2d6e,0.0.4891024,4969,2026-09-13 12:20:35 UTC,0x166e2be88885b12bc8d9c025d44882696bf9f66247c720722c85775a26ec122f,0.0001
ENC-00970,Deepak Hegde,849570,0x4937065919d7709dc815e6aa92855dd4ed613748,52,female,B+,Dr. Preeti Deshmukh,0x23618e81E3f5cdF7f54C3d65f7FBc0aBf5B21E8f,NMC-82194,Obstetrics & Pediatrics,Apollo Multispecialty Hospital,0x155Af6ECaFb48861dA7d16Fb8Af2f6ce9d6DD779,Unspecified intracranial injury / Concussion,S06.9X0A,Trauma & Emergency,Emergency,150/95 mmHg,64,97%,130,"Mannitol 20% 100mL IV, Phenytoin 100mg IV, Analgesics",Low,Advisory: Confirm Patient Creatinine Clearance prior to Metformin XR,FHIR_R4_Bundle_S06.9X0A_Condition_MedicationRequest,All Clinical Records & Diagnostic Evidence,Break-Glass Emergency Invoked (Active Override),YES,Acute Life-Threatening Presentation: Unspecified intracranial injury / Concussion,60 Minutes (Auto-Expiring Ephemeral Key),Emergency access granted; immediate HCS compliance event broadcasted,AES-256-GCM,vault-transit-key-0x49370659,Qma4480a13f00fd6431e2cf04a2de006c7304bb7524620,0.0.4891024,4970,2026-09-13 12:20:37 UTC,0xf8568892bffbcf29da1447545e4842437938f5bf3ebe1b02cb93b33b1170ed62,0.0001
ENC-00971,Kiran Gowda,849571,0xea28752ecd31c34827632d6b2002cc8dad069f02,53,male,A-,Dr. Vikram Seth,0x15d34AAf54267DB7D7c367839AAf71A00a2C6A65,NMC-99014,Oncology,Care & Cure Pediatric & Maternity Hospital,0x937F51E09477BfD31E56c5e533038a8eEAc096b7,"Epilepsy, unspecified, without status epilepticus",G40.909,Neurology,High,118/74 mmHg,76,99%,95,"Levetiracetam 500mg BID, Clobazam 10mg QHS",High,Passed - Zero Drug-Drug Interaction Warning (Confidence 99.4%),FHIR_R4_Bundle_G40.909_Condition_MedicationRequest,All Clinical Records & Diagnostic Evidence,Active On-Chain Consent (Granted by Patient),NO,N/A,N/A,Direct patient consent validated via ConsentManager.sol,AES-256-GCM,vault-transit-key-0xea28752e,Qme25880636e9a78631351984c9a1746e44ef7fc0416bc,0.0.4891024,4971,2026-09-13 12:20:39 UTC,0x81a06a50a645c0655583e6dc2b1e57c5a04038e9791a7ae62e055ae2bf566357,0.0001
ENC-00972,Siddharth Saxena,849572,0x189df339334e91e52fecb69bfc0ffa83b5252532,54,female,AB+,Dr. Rohan Patel,0x976EA74026E726554dB657fA54763abd0C3a0aa9,NMC-11029,Neurology,Fortis Memorial Neuro & Trauma Center,0x84f93618C1D541bB1Dcf1373A8eE500A7D439634,Dengue fever [classical dengue],A90,Infectious Disease,High,100/68 mmHg,96,98%,102,"Oral Rehydration Salts 1L/day, Paracetamol 650mg SOS",Low,Advisory: Confirm Patient Creatinine Clearance prior to Metformin XR,FHIR_R4_Bundle_A90_Condition_MedicationRequest,All Clinical Records & Diagnostic Evidence,Active On-Chain Consent (Granted by Patient),NO,N/A,N/A,Direct patient consent validated via ConsentManager.sol,AES-256-GCM,vault-transit-key-0x189df339,Qm07990f2ecb71656ad238a24853d5300a3cfc92c7710e,0.0.4891024,4972,2026-09-13 12:20:41 UTC,0x412063c6e33b3d0ab9cbb04f06c51aa547ed0265dc677569ccf2401e21ea5793,0.0001
ENC-00973,Amit Hegde,849573,0x558e4312f835fb4dccc86292ee5884041d5fd29c,55,male,O+,Dr. Sunita Narang,0xBcd4042DE499D14e55001CcbB24a551F3b954096,NMC-90812,Endocrinology & Internal Medicine,Max Super Speciality Cancer Institute,0x28B7eA94B34C8F52D19E50Eb14769Da20F5D54b4,Essential (primary) hypertension,I10,Cardiology,Moderate,148/92 mmHg,78,98%,110,"Amlodipine 5mg QD, Telmisartan 40mg QD",High,Passed - Safe pediatric/geriatric dosage tier verified,FHIR_R4_Bundle_I10_Condition_MedicationRequest,All Clinical Records & Diagnostic Evidence,Active On-Chain Consent (Granted by Patient),NO,N/A,N/A,Direct patient consent validated via ConsentManager.sol,AES-256-GCM,vault-transit-key-0x558e4312,Qm91af35c492fda8590bb2093b2060e676b6be74dda3c1,0.0.4891024,4973,2026-09-13 12:20:43 UTC,0x38132264f552ccfe14b23d9a7abfa33b5c6acacda59602b18ed86b89a827bc4e,0.0001
ENC-00974,Aarav Patel,849574,0xd86cdb547d454af2938f548342c8f800ade07e16,56,female,AB-,Dr. Sarah Jenkins,0x04Fee3FD1B338d12FFD6dBD8d66dE1e8e0BB99cB,NMC-48192,Cardiology,Max Super Speciality Cancer Institute,0x28B7eA94B34C8F52D19E50Eb14769Da20F5D54b4,"Acute myocardial infarction, unspecified",I21.9,Cardiology,Emergency,95/60 mmHg,112,93%,165,"Ticagrelor 90mg BID, Aspirin 325mg, Atorvastatin 80mg, IV Heparin",High,Passed - Zero Drug-Drug Interaction Warning (Confidence 99.4%),FHIR_R4_Bundle_I21.9_Condition_MedicationRequest,All Clinical Records & Diagnostic Evidence,Break-Glass Emergency Invoked (Active Override),YES,"Acute Life-Threatening Presentation: Acute myocardial infarction, unspecified",60 Minutes (Auto-Expiring Ephemeral Key),Emergency access granted; immediate HCS compliance event broadcasted,AES-256-GCM,vault-transit-key-0xd86cdb54,Qm0126a80feb5f18a0df03d50b121e1e51cb53e4060627,0.0.4891024,4974,2026-09-13 12:20:45 UTC,0x6b27268a60a0a27f7b423c573572cb7410cd4de50678e668a8d4cabf919616e9,0.0001
ENC-00975,Priyanka Gowda,849575,0xec5cc4cd60bed66efe2eee90b3a1b6a27571b610,57,male,B-,Dr. Rohan Patel,0x976EA74026E726554dB657fA54763abd0C3a0aa9,NMC-11029,Neurology,Care & Cure Pediatric & Maternity Hospital,0x937F51E09477BfD31E56c5e533038a8eEAc096b7,Dengue fever [classical dengue],A90,Infectious Disease,High,100/68 mmHg,96,98%,102,"Oral Rehydration Salts 1L/day, Paracetamol 650mg SOS",Low,Passed - Safe pediatric/geriatric dosage tier verified,FHIR_R4_Bundle_A90_Condition_MedicationRequest,All Clinical Records & Diagnostic Evidence,Active On-Chain Consent (Granted by Patient),NO,N/A,N/A,Direct patient consent validated via ConsentManager.sol,AES-256-GCM,vault-transit-key-0xec5cc4cd,Qm93541fa5e2f52fe6e058e799bc2160b53ce95ff78c4d,0.0.4891024,4975,2026-09-13 12:20:48 UTC,0x938010671c04d6189c19e0698efcc567a66b56944ca69c21a33a945b9ec0372e,0.0001
ENC-00976,Kiran Mishra,849576,0x1904c51357e041347c526c37819268809f6f8e45,58,female,AB-,Dr. Rajesh Sharma,0x3c44CdDdB6a900fa2b585dd299e03d12FA4293BC,NMC-78491,Gastroenterology,Apollo Multispecialty Hospital,0x155Af6ECaFb48861dA7d16Fb8Af2f6ce9d6DD779,Type 2 diabetes mellitus without complications,E11.9,Endocrinology,Moderate,130/82 mmHg,72,99%,142,"Metformin 500mg BID, Dapagliflozin 10mg QD",Low,Passed - Safe pediatric/geriatric dosage tier verified,FHIR_R4_Bundle_E11.9_Condition_MedicationRequest,All Clinical Records & Diagnostic Evidence,Active On-Chain Consent (Granted by Patient),NO,N/A,N/A,Direct patient consent validated via ConsentManager.sol,AES-256-GCM,vault-transit-key-0x1904c513,Qm83435a5e5ece2622f0f08b1f0c5540a4be09d23368b2,0.0.4891024,4976,2026-09-13 12:20:49 UTC,0x0987f966cf128bfa7105b15ceb616dbd91a63b2f09be869131bcfb62e40a5ca2,0.0001
ENC-00977,Madhav Gowda,849577,0x9d0f8dd9838155f4ad25a66a5ecada1802c99eb6,59,male,B+,Dr. Rajesh Sharma,0x3c44CdDdB6a900fa2b585dd299e03d12FA4293BC,NMC-78491,Gastroenterology,Care & Cure Pediatric & Maternity Hospital,0x937F51E09477BfD31E56c5e533038a8eEAc096b7,Gastro-esophageal reflux disease,K21.9,Gastroenterology,Low,120/80 mmHg,70,99%,98,"Pantoprazole 40mg QD pre-breakfast, Domperidone 30mg QD",Medium,Passed - Zero Drug-Drug Interaction Warning (Confidence 99.4%),FHIR_R4_Bundle_K21.9_Condition_MedicationRequest,All Clinical Records & Diagnostic Evidence,Active On-Chain Consent (Granted by Patient),NO,N/A,N/A,Direct patient consent validated via ConsentManager.sol,AES-256-GCM,vault-transit-key-0x9d0f8dd9,Qme4bace3918c740a2017d959d891cd189c9e66bf982fe,0.0.4891024,4977,2026-09-13 12:20:52 UTC,0x142cb1ddcf6fa1227034022553e3db00385b9bc07b77e9d23220ecc010bbb4fe,0.0001
ENC-00978,Kiran Mishra,849578,0x41407380a84497c0fe9b124489eb6f447191b746,60,female,AB-,Dr. Preeti Deshmukh,0x23618e81E3f5cdF7f54C3d65f7FBc0aBf5B21E8f,NMC-82194,Obstetrics & Pediatrics,Apex Diagnostic & Pathology Hub,0x04Fee3FD1B338d12FFD6dBD8d66dE1e8e0BB99cB,Gastro-esophageal reflux disease,K21.9,Gastroenterology,Low,120/80 mmHg,70,99%,98,"Pantoprazole 40mg QD pre-breakfast, Domperidone 30mg QD",High,Advisory: Monitor Serum Potassium & Renal Function with ACEi/ARB,FHIR_R4_Bundle_K21.9_Condition_MedicationRequest,All Clinical Records & Diagnostic Evidence,Active On-Chain Consent (Granted by Patient),NO,N/A,N/A,Direct patient consent validated via ConsentManager.sol,AES-256-GCM,vault-transit-key-0x41407380,Qm243ac97b7b9230cfcb8085309578af1bb975ee054415,0.0.4891024,4978,2026-09-13 12:20:54 UTC,0x48b16f3dafd2f306d44c9a0d3e34f9c59d8f920e044eaf0ea1ee0e5c1219199f,0.0001
ENC-00979,Kiran Swaminathan,849579,0xa76cb37410a215489ebf8cc08b0240f6f750fc88,61,male,O-,Dr. Rajesh Sharma,0x3c44CdDdB6a900fa2b585dd299e03d12FA4293BC,NMC-78491,Gastroenterology,Apollo Multispecialty Hospital,0x155Af6ECaFb48861dA7d16Fb8Af2f6ce9d6DD779,"Acute myocardial infarction, unspecified",I21.9,Cardiology,Emergency,95/60 mmHg,112,93%,165,"Ticagrelor 90mg BID, Aspirin 325mg, Atorvastatin 80mg, IV Heparin",Medium,Passed - Safe pediatric/geriatric dosage tier verified,FHIR_R4_Bundle_I21.9_Condition_MedicationRequest,All Clinical Records & Diagnostic Evidence,Break-Glass Emergency Invoked (Active Override),YES,"Acute Life-Threatening Presentation: Acute myocardial infarction, unspecified",60 Minutes (Auto-Expiring Ephemeral Key),Emergency access granted; immediate HCS compliance event broadcasted,AES-256-GCM,vault-transit-key-0xa76cb374,Qmc903e4ed407241b4c4fb0f7556b29b70b38617d9a486,0.0.4891024,4979,2026-09-13 12:20:56 UTC,0xff6f01245340b575f30e4c532a6282435e0ac355175a0567ae707763bfbc78b4,0.0001
ENC-00980,Nikhil Sharma,849580,0xec857f157a696087174b3104a4f6eed8d79a5885,62,female,A-,Dr. Rajesh Sharma,0x3c44CdDdB6a900fa2b585dd299e03d12FA4293BC,NMC-78491,Gastroenterology,Max Super Speciality Cancer Institute,0x28B7eA94B34C8F52D19E50Eb14769Da20F5D54b4,"Acute myocardial infarction, unspecified",I21.9,Cardiology,Emergency,95/60 mmHg,112,93%,165,"Ticagrelor 90mg BID, Aspirin 325mg, Atorvastatin 80mg, IV Heparin",High,Advisory: Monitor Serum Potassium & Renal Function with ACEi/ARB,FHIR_R4_Bundle_I21.9_Condition_MedicationRequest,All Clinical Records & Diagnostic Evidence,Break-Glass Emergency Invoked (Active Override),YES,"Acute Life-Threatening Presentation: Acute myocardial infarction, unspecified",60 Minutes (Auto-Expiring Ephemeral Key),Emergency access granted; immediate HCS compliance event broadcasted,AES-256-GCM,vault-transit-key-0xec857f15,Qm169b4060385486253f6b8fe98353d640e8ae216cf263,0.0.4891024,4980,2026-09-13 12:20:58 UTC,0x5723776f92c47768d0d596522e12164646067907b8415703a14722734eb9cec4,0.0001
ENC-00981,Deepak Bhatia,849581,0x5e6be3600ec8e6c0353bd61e499df62ea08856d5,63,male,O+,Dr. Sunita Narang,0xBcd4042DE499D14e55001CcbB24a551F3b954096,NMC-90812,Endocrinology & Internal Medicine,Fortis Memorial Neuro & Trauma Center,0x84f93618C1D541bB1Dcf1373A8eE500A7D439634,Dengue fever [classical dengue],A90,Infectious Disease,High,100/68 mmHg,96,98%,102,"Oral Rehydration Salts 1L/day, Paracetamol 650mg SOS",High,Advisory: Confirm Patient Creatinine Clearance prior to Metformin XR,FHIR_R4_Bundle_A90_Condition_MedicationRequest,All Clinical Records & Diagnostic Evidence,Pending Patient Authorization,NO,N/A,N/A,Access request pending approval from patient wallet,AES-256-GCM,vault-transit-key-0x5e6be360,Qme1060615ecf02eb30131d7cd97508fa0363d34748166,0.0.4891024,4981,2026-09-13 12:21:00 UTC,0x9e0c43f03f3435b07c20bd08e57e2ac4bc2223ceaf0d7ba8471d7a1856adfa9c,0.0001
ENC-00982,Yashwanth Hegde,849582,0xc8a0cf2461d7c06c58c7753c2459c1b6b6f89899,64,female,O-,Dr. Ananya Roy,0x9965507D1a55bcC2695C58ba16FB37d819B0A4dc,NMC-51203,Hematology,Apollo Multispecialty Hospital,0x155Af6ECaFb48861dA7d16Fb8Af2f6ce9d6DD779,Essential (primary) hypertension,I10,Cardiology,Moderate,148/92 mmHg,78,98%,110,"Amlodipine 5mg QD, Telmisartan 40mg QD",Medium,Passed - Safe pediatric/geriatric dosage tier verified,FHIR_R4_Bundle_I10_Condition_MedicationRequest,All Clinical Records & Diagnostic Evidence,Active On-Chain Consent (Granted by Patient),NO,N/A,N/A,Direct patient consent validated via ConsentManager.sol,AES-256-GCM,vault-transit-key-0xc8a0cf24,Qm53ae3d7e54e9097e18736c1b143b3283b9b6c298f25a,0.0.4891024,4982,2026-09-13 12:21:02 UTC,0x6dfb1aedf03e06e6d35052d9047ac57b03cbe54d9b82ebfcbbae59e6b56af535,0.0001
ENC-00983,Sneha Choudhury,849583,0x7338df95dc26215c9c59b7c3b59c676b60dfaddb,65,male,O-,Dr. Rohan Patel,0x976EA74026E726554dB657fA54763abd0C3a0aa9,NMC-11029,Neurology,Care & Cure Pediatric & Maternity Hospital,0x937F51E09477BfD31E56c5e533038a8eEAc096b7,Dengue fever [classical dengue],A90,Infectious Disease,High,100/68 mmHg,96,98%,102,"Oral Rehydration Salts 1L/day, Paracetamol 650mg SOS",Medium,Passed - Safe pediatric/geriatric dosage tier verified,FHIR_R4_Bundle_A90_Condition_MedicationRequest,All Clinical Records & Diagnostic Evidence,Active On-Chain Consent (Granted by Patient),NO,N/A,N/A,Direct patient consent validated via ConsentManager.sol,AES-256-GCM,vault-transit-key-0x7338df95,Qm785ed3cb4a9b0d506b58ac43939809235f0f77f53de8,0.0.4891024,4983,2026-09-13 12:21:05 UTC,0x12e9fef4c7c392fc35c23b2128986198655d4036bb1d9808199941c01dc822ae,0.0001
ENC-00984,Rohan Swaminathan,849584,0xfcd187364c42ab186d4b55e23a047e6a2e8640f1,66,female,A+,Dr. Ananya Roy,0x9965507D1a55bcC2695C58ba16FB37d819B0A4dc,NMC-51203,Hematology,Max Super Speciality Cancer Institute,0x28B7eA94B34C8F52D19E50Eb14769Da20F5D54b4,Gastro-esophageal reflux disease,K21.9,Gastroenterology,Low,120/80 mmHg,70,99%,98,"Pantoprazole 40mg QD pre-breakfast, Domperidone 30mg QD",Low,Passed - Safe pediatric/geriatric dosage tier verified,FHIR_R4_Bundle_K21.9_Condition_MedicationRequest,All Clinical Records & Diagnostic Evidence,Pending Patient Authorization,NO,N/A,N/A,Access request pending approval from patient wallet,AES-256-GCM,vault-transit-key-0xfcd18736,Qm0325a56f8012fdd1a1a7a418fdf87839b37015ff783c,0.0.4891024,4984,2026-09-13 12:21:07 UTC,0x30df1403808477e0986a79002d57d86ca67b12cf81f67136899e6952ece2e4b4,0.0001
ENC-00985,Rahul Mukherjee,849585,0x30f56ec5a28628878147a4657b28e449eb93d6c8,67,male,A-,Dr. Sarah Jenkins,0x04Fee3FD1B338d12FFD6dBD8d66dE1e8e0BB99cB,NMC-48192,Cardiology,Apollo Multispecialty Hospital,0x155Af6ECaFb48861dA7d16Fb8Af2f6ce9d6DD779,Gastro-esophageal reflux disease,K21.9,Gastroenterology,Low,120/80 mmHg,70,99%,98,"Pantoprazole 40mg QD pre-breakfast, Domperidone 30mg QD",Low,Advisory: Confirm Patient Creatinine Clearance prior to Metformin XR,FHIR_R4_Bundle_K21.9_Condition_MedicationRequest,All Clinical Records & Diagnostic Evidence,Active On-Chain Consent (Granted by Patient),NO,N/A,N/A,Direct patient consent validated via ConsentManager.sol,AES-256-GCM,vault-transit-key-0x30f56ec5,Qm28d4d59d93e461c6fe1baa9a7115d120783d4dea6964,0.0.4891024,4985,2026-09-13 12:21:09 UTC,0xf57924afff8f2f70eb103a7d3059beeacfe0fffc5cd8ccbfc39c0d62d5a920d4,0.0001
ENC-00986,Amit Iyer,849586,0x0d8bb07bf8f02230e5f9930208c8632c94a326b8,68,female,O+,Dr. Rohan Patel,0x976EA74026E726554dB657fA54763abd0C3a0aa9,NMC-11029,Neurology,Care & Cure Pediatric & Maternity Hospital,0x937F51E09477BfD31E56c5e533038a8eEAc096b7,"Epilepsy, unspecified, without status epilepticus",G40.909,Neurology,High,118/74 mmHg,76,99%,95,"Levetiracetam 500mg BID, Clobazam 10mg QHS",Medium,Advisory: Monitor Serum Potassium & Renal Function with ACEi/ARB,FHIR_R4_Bundle_G40.909_Condition_MedicationRequest,All Clinical Records & Diagnostic Evidence,Active On-Chain Consent (Granted by Patient),NO,N/A,N/A,Direct patient consent validated via ConsentManager.sol,AES-256-GCM,vault-transit-key-0x0d8bb07b,Qm0f08335a47931b8db103a8ae581644b088366285d040,0.0.4891024,4986,2026-09-13 12:21:11 UTC,0xa362234cb0cea1217d25fc186af4139a835e2c87c23ee3fd98322bc11f88a76f,0.0001
ENC-00987,Divya Reddy,849587,0xcdaff0deaff8c428983d45ddaf3bdb84e55c4545,69,male,A-,Dr. Rajesh Sharma,0x3c44CdDdB6a900fa2b585dd299e03d12FA4293BC,NMC-78491,Gastroenterology,Apex Diagnostic & Pathology Hub,0x04Fee3FD1B338d12FFD6dBD8d66dE1e8e0BB99cB,Gastro-esophageal reflux disease,K21.9,Gastroenterology,Low,120/80 mmHg,70,99%,98,"Pantoprazole 40mg QD pre-breakfast, Domperidone 30mg QD",High,Advisory: Monitor Serum Potassium & Renal Function with ACEi/ARB,FHIR_R4_Bundle_K21.9_Condition_MedicationRequest,All Clinical Records & Diagnostic Evidence,Active On-Chain Consent (Granted by Patient),NO,N/A,N/A,Direct patient consent validated via ConsentManager.sol,AES-256-GCM,vault-transit-key-0xcdaff0de,Qm7da3871362be797714e641677c2046d54c6a5b6b27be,0.0.4891024,4987,2026-09-13 12:21:12 UTC,0x1f40d325f47d7558b741a7801d56d09e55c55eb2088ebea5253668915c264954,0.0001
ENC-00988,Shreya Saxena,849588,0x9406361a281b452ffcf264f743c7074bc1eb4c5b,70,female,AB-,Dr. Preeti Deshmukh,0x23618e81E3f5cdF7f54C3d65f7FBc0aBf5B21E8f,NMC-82194,Obstetrics & Pediatrics,Apollo Multispecialty Hospital,0x155Af6ECaFb48861dA7d16Fb8Af2f6ce9d6DD779,Type 2 diabetes mellitus without complications,E11.9,Endocrinology,Moderate,130/82 mmHg,72,99%,142,"Metformin 500mg BID, Dapagliflozin 10mg QD",High,Passed - Zero Drug-Drug Interaction Warning (Confidence 99.4%),FHIR_R4_Bundle_E11.9_Condition_MedicationRequest,All Clinical Records & Diagnostic Evidence,Active On-Chain Consent (Granted by Patient),NO,N/A,N/A,Direct patient consent validated via ConsentManager.sol,AES-256-GCM,vault-transit-key-0x9406361a,Qm998607958a5751c0d2e6b6fa6d2f82b602622ed07585,0.0.4891024,4988,2026-09-13 12:21:15 UTC,0x2b19041eb202ef5b762f675110a2daf9614c0edd382d1da7285cf0d24604d31a,0.0001
ENC-00989,Meera Banerjee,849589,0x445de4d3caf909a7b898aa338a85d365af0ac757,71,male,B-,Dr. Preeti Deshmukh,0x23618e81E3f5cdF7f54C3d65f7FBc0aBf5B21E8f,NMC-82194,Obstetrics & Pediatrics,Max Super Speciality Cancer Institute,0x28B7eA94B34C8F52D19E50Eb14769Da20F5D54b4,Gastro-esophageal reflux disease,K21.9,Gastroenterology,Low,120/80 mmHg,70,99%,98,"Pantoprazole 40mg QD pre-breakfast, Domperidone 30mg QD",High,Passed - Zero Drug-Drug Interaction Warning (Confidence 99.4%),FHIR_R4_Bundle_K21.9_Condition_MedicationRequest,All Clinical Records & Diagnostic Evidence,Active On-Chain Consent (Granted by Patient),NO,N/A,N/A,Direct patient consent validated via ConsentManager.sol,AES-256-GCM,vault-transit-key-0x445de4d3,Qmbc9e3bb4c3bc49dc018e8b3b0d3e70a4bb2bab5dc896,0.0.4891024,4989,2026-09-13 12:21:17 UTC,0x3256265cabac1ed723ef858b16cf4323204efc4535e3e773d6c5e40cc59d9bb1,0.0001
ENC-00990,Riya Malhotra,849590,0xa9202ae9fab1db3a3f9c4fa922390c94e65996ae,72,female,A-,Dr. Rohan Patel,0x976EA74026E726554dB657fA54763abd0C3a0aa9,NMC-11029,Neurology,Care & Cure Pediatric & Maternity Hospital,0x937F51E09477BfD31E56c5e533038a8eEAc096b7,Unspecified intracranial injury / Concussion,S06.9X0A,Trauma & Emergency,Emergency,150/95 mmHg,64,97%,130,"Mannitol 20% 100mL IV, Phenytoin 100mg IV, Analgesics",Medium,Passed - Safe pediatric/geriatric dosage tier verified,FHIR_R4_Bundle_S06.9X0A_Condition_MedicationRequest,All Clinical Records & Diagnostic Evidence,Active On-Chain Consent (Granted by Patient),NO,N/A,N/A,Direct patient consent validated via ConsentManager.sol,AES-256-GCM,vault-transit-key-0xa9202ae9,Qm7bbc5b049ad6b3b38fbab9141100de84cce79d3e3318,0.0.4891024,4990,2026-09-13 12:21:19 UTC,0x960549526c5ce741bdf545fc6341edf75e1eb8c0ee559911a1b333e833ee979f,0.0001
ENC-00991,Sameer Gowda,849591,0xc04e95385d7a25b52293d5d5bcccc5ce03b68efb,73,male,O-,Dr. Sunita Narang,0xBcd4042DE499D14e55001CcbB24a551F3b954096,NMC-90812,Endocrinology & Internal Medicine,Fortis Memorial Neuro & Trauma Center,0x84f93618C1D541bB1Dcf1373A8eE500A7D439634,Malignant neoplasm of female breast,C50.919,Oncology,Critical,122/76 mmHg,84,98%,105,"Tamoxifen 20mg QD, Trastuzumab 6mg/kg IV Q3W, Paclitaxel",Medium,Advisory: Confirm Patient Creatinine Clearance prior to Metformin XR,FHIR_R4_Bundle_C50.919_Condition_MedicationRequest,All Clinical Records & Diagnostic Evidence,Active On-Chain Consent (Granted by Patient),NO,N/A,N/A,Direct patient consent validated via ConsentManager.sol,AES-256-GCM,vault-transit-key-0xc04e9538,Qm7735ac11dcc1ade07e99caa69330d4c4cbfee4114a06,0.0.4891024,4991,2026-09-13 12:21:21 UTC,0xbcf3fc7cefd292bc65285f762e7eebd6c63f1288e16cfa714c3b52d06dd09174,0.0001
ENC-00992,Nandini Reddy,849592,0x1f08f8573f16572bdb77baac1e8be179492b92e6,74,female,B-,Dr. Rohan Patel,0x976EA74026E726554dB657fA54763abd0C3a0aa9,NMC-11029,Neurology,Apex Diagnostic & Pathology Hub,0x04Fee3FD1B338d12FFD6dBD8d66dE1e8e0BB99cB,Malignant neoplasm of female breast,C50.919,Oncology,Critical,122/76 mmHg,84,98%,105,"Tamoxifen 20mg QD, Trastuzumab 6mg/kg IV Q3W, Paclitaxel",Medium,Advisory: Monitor Serum Potassium & Renal Function with ACEi/ARB,FHIR_R4_Bundle_C50.919_Condition_MedicationRequest,All Clinical Records & Diagnostic Evidence,Pending Patient Authorization,NO,N/A,N/A,Access request pending approval from patient wallet,AES-256-GCM,vault-transit-key-0x1f08f857,Qmdc1545000d350743811919aa0e74cc7f4caf4625246e,0.0.4891024,4992,2026-09-13 12:21:24 UTC,0x21dd235fea84bf7e945f08006a243b5f0d33414d94c3b42baeb76a981a51eabc,0.0001
ENC-00993,Rakesh Saxena,849593,0xad7ec2002580e7e3b388a1bd0d39cf907d79befb,75,male,AB-,Dr. Vikram Seth,0x15d34AAf54267DB7D7c367839AAf71A00a2C6A65,NMC-99014,Oncology,Max Super Speciality Cancer Institute,0x28B7eA94B34C8F52D19E50Eb14769Da20F5D54b4,"Epilepsy, unspecified, without status epilepticus",G40.909,Neurology,High,118/74 mmHg,76,99%,95,"Levetiracetam 500mg BID, Clobazam 10mg QHS",High,Advisory: Confirm Patient Creatinine Clearance prior to Metformin XR,FHIR_R4_Bundle_G40.909_Condition_MedicationRequest,All Clinical Records & Diagnostic Evidence,Pending Patient Authorization,NO,N/A,N/A,Access request pending approval from patient wallet,AES-256-GCM,vault-transit-key-0xad7ec200,Qm8f2226111a4d96b7694708604d90e7b104a9da32cc1b,0.0.4891024,4993,2026-09-13 12:21:25 UTC,0xd067fbc91911229f7793d4e95175be7d6a6554527883152e4cbfa91c0fb8bd40,0.0001
ENC-00994,Harish Nair,849594,0xea9b6ec5f802f2c5076f5b55968207b61d8d7359,76,female,B+,Dr. Rajesh Sharma,0x3c44CdDdB6a900fa2b585dd299e03d12FA4293BC,NMC-78491,Gastroenterology,Apollo Multispecialty Hospital,0x155Af6ECaFb48861dA7d16Fb8Af2f6ce9d6DD779,Unspecified intracranial injury / Concussion,S06.9X0A,Trauma & Emergency,Emergency,150/95 mmHg,64,97%,130,"Mannitol 20% 100mL IV, Phenytoin 100mg IV, Analgesics",High,Advisory: Monitor Serum Potassium & Renal Function with ACEi/ARB,FHIR_R4_Bundle_S06.9X0A_Condition_MedicationRequest,All Clinical Records & Diagnostic Evidence,Break-Glass Emergency Invoked (Active Override),YES,Acute Life-Threatening Presentation: Unspecified intracranial injury / Concussion,60 Minutes (Auto-Expiring Ephemeral Key),Emergency access granted; immediate HCS compliance event broadcasted,AES-256-GCM,vault-transit-key-0xea9b6ec5,Qm43e568a4077f7ff4b685a1c04d8b2af8438f03746e0b,0.0.4891024,4994,2026-09-13 12:21:28 UTC,0xa2a07905d76a1dc60fa8d6d1285b0d46206727a48a78354c103f69fd411f1e36,0.0001
ENC-00995,Amit Menon,849595,0x3a12d4528ac8ec3acd6d487e4881d10402c620b9,77,male,AB+,Dr. Rohan Patel,0x976EA74026E726554dB657fA54763abd0C3a0aa9,NMC-11029,Neurology,Apex Diagnostic & Pathology Hub,0x04Fee3FD1B338d12FFD6dBD8d66dE1e8e0BB99cB,"Epilepsy, unspecified, without status epilepticus",G40.909,Neurology,High,118/74 mmHg,76,99%,95,"Levetiracetam 500mg BID, Clobazam 10mg QHS",Low,Advisory: Monitor Serum Potassium & Renal Function with ACEi/ARB,FHIR_R4_Bundle_G40.909_Condition_MedicationRequest,All Clinical Records & Diagnostic Evidence,Active On-Chain Consent (Granted by Patient),NO,N/A,N/A,Direct patient consent validated via ConsentManager.sol,AES-256-GCM,vault-transit-key-0x3a12d452,Qmccd66988f21c77c9cab5dfc0123346c5653fe21e43d4,0.0.4891024,4995,2026-09-13 12:21:29 UTC,0xcd516f60b667d6b358df7d63e738b1aabfaa43ef5f122a81989986abfa0c4e9c,0.0001
ENC-00996,Kiran Banerjee,849596,0x24d84d0e72d61a6eafcec3ab46f59326db2f86d9,78,female,B+,Dr. Sarah Jenkins,0x04Fee3FD1B338d12FFD6dBD8d66dE1e8e0BB99cB,NMC-48192,Cardiology,Max Super Speciality Cancer Institute,0x28B7eA94B34C8F52D19E50Eb14769Da20F5D54b4,"Acute myocardial infarction, unspecified",I21.9,Cardiology,Emergency,95/60 mmHg,112,93%,165,"Ticagrelor 90mg BID, Aspirin 325mg, Atorvastatin 80mg, IV Heparin",Medium,Passed - Safe pediatric/geriatric dosage tier verified,FHIR_R4_Bundle_I21.9_Condition_MedicationRequest,All Clinical Records & Diagnostic Evidence,Pending Patient Authorization,NO,N/A,N/A,Access request pending approval from patient wallet,AES-256-GCM,vault-transit-key-0x24d84d0e,Qma066f014f8692eb82c709c11e193f361d80276a1e2f9,0.0.4891024,4996,2026-09-13 12:21:32 UTC,0x6ee6cfe6ee5daf1e740501be0c6df9a0731f77168eaae7604f9818f3b3ea2ee2,0.0001
ENC-00997,Chetan Bhatia,849597,0x82069f4beb8a54a6a27390e5663eebd09947c6bb,79,male,AB+,Dr. Vikram Seth,0x15d34AAf54267DB7D7c367839AAf71A00a2C6A65,NMC-99014,Oncology,Care & Cure Pediatric & Maternity Hospital,0x937F51E09477BfD31E56c5e533038a8eEAc096b7,Unspecified intracranial injury / Concussion,S06.9X0A,Trauma & Emergency,Emergency,150/95 mmHg,64,97%,130,"Mannitol 20% 100mL IV, Phenytoin 100mg IV, Analgesics",Low,Advisory: Monitor Serum Potassium & Renal Function with ACEi/ARB,FHIR_R4_Bundle_S06.9X0A_Condition_MedicationRequest,All Clinical Records & Diagnostic Evidence,Break-Glass Emergency Invoked (Active Override),YES,Acute Life-Threatening Presentation: Unspecified intracranial injury / Concussion,60 Minutes (Auto-Expiring Ephemeral Key),Emergency access granted; immediate HCS compliance event broadcasted,AES-256-GCM,vault-transit-key-0x82069f4b,Qm4b68835f3faad130913bf9d1adddf36054fa6d91c27a,0.0.4891024,4997,2026-09-13 12:21:34 UTC,0xfdd46058309daf467fb81853952a2d1022a0637782e587c64d0c1f7096504069,0.0001
ENC-00998,Ananya Rao,849598,0x661be7e670a27283e1e0886a2366341fde708333,80,female,O+,Dr. Sarah Jenkins,0x04Fee3FD1B338d12FFD6dBD8d66dE1e8e0BB99cB,NMC-48192,Cardiology,Fortis Memorial Neuro & Trauma Center,0x84f93618C1D541bB1Dcf1373A8eE500A7D439634,"Epilepsy, unspecified, without status epilepticus",G40.909,Neurology,High,118/74 mmHg,76,99%,95,"Levetiracetam 500mg BID, Clobazam 10mg QHS",Low,Advisory: Confirm Patient Creatinine Clearance prior to Metformin XR,FHIR_R4_Bundle_G40.909_Condition_MedicationRequest,All Clinical Records & Diagnostic Evidence,Active On-Chain Consent (Granted by Patient),NO,N/A,N/A,Direct patient consent validated via ConsentManager.sol,AES-256-GCM,vault-transit-key-0x661be7e6,Qm2cf1c3b2be02d9920a1b7d22829ae2679e98447e22ef,0.0.4891024,4998,2026-09-13 12:21:36 UTC,0xf1ca1810a76f0e122424c32f6089e53ccf6b9983234bf19092f27d82adbfc704,0.0001
ENC-00999,Manish Menon,849599,0x47570e0d35ea836e27f12c95600a99412a513e54,81,male,AB+,Dr. Rohan Patel,0x976EA74026E726554dB657fA54763abd0C3a0aa9,NMC-11029,Neurology,Apollo Multispecialty Hospital,0x155Af6ECaFb48861dA7d16Fb8Af2f6ce9d6DD779,Essential (primary) hypertension,I10,Cardiology,Moderate,148/92 mmHg,78,98%,110,"Amlodipine 5mg QD, Telmisartan 40mg QD",Low,Advisory: Confirm Patient Creatinine Clearance prior to Metformin XR,FHIR_R4_Bundle_I10_Condition_MedicationRequest,All Clinical Records & Diagnostic Evidence,Active On-Chain Consent (Granted by Patient),NO,N/A,N/A,Direct patient consent validated via ConsentManager.sol,AES-256-GCM,vault-transit-key-0x47570e0d,Qm24daa230e1ec6a07c2fea6a4a6f8fda3a5904e4ddc94,0.0.4891024,4999,2026-09-13 12:21:38 UTC,0xd8651e18808b86df605bc0326072435e0e6b1bb20ba170f47698eccc8cc52a45,0.0001
ENC-01000,Ishaan Iyer,849600,0x8609e972caddf2d65a898659e5c8b38c960c7064,82,female,AB-,Dr. Vikram Seth,0x15d34AAf54267DB7D7c367839AAf71A00a2C6A65,NMC-99014,Oncology,Care & Cure Pediatric & Maternity Hospital,0x937F51E09477BfD31E56c5e533038a8eEAc096b7,Unspecified intracranial injury / Concussion,S06.9X0A,Trauma & Emergency,Emergency,150/95 mmHg,64,97%,130,"Mannitol 20% 100mL IV, Phenytoin 100mg IV, Analgesics",Medium,Passed - Safe pediatric/geriatric dosage tier verified,FHIR_R4_Bundle_S06.9X0A_Condition_MedicationRequest,All Clinical Records & Diagnostic Evidence,Break-Glass Emergency Invoked (Active Override),YES,Acute Life-Threatening Presentation: Unspecified intracranial injury / Concussion,60 Minutes (Auto-Expiring Ephemeral Key),Emergency access granted; immediate HCS compliance event broadcasted,AES-256-GCM,vault-transit-key-0x8609e972,Qmb01f0e0fb37b83d52d0c858c25870f7ddf882aa1051a,0.0.4891024,5000,2026-09-13 12:21:40 UTC,0xb40bf5de56c492c05aabd2b5a068c7eb824cd64318e2986234e97a9bd96fb8e9,0.0001
