Claim_ID,Policy_Number,Insurance_Provider,Insurance_Wallet,IRDAI_License,Third_Party_Administrator,Patient_Name,Patient_Short_ID,Patient_Wallet,Treating_Hospital,Hospital_Wallet,Attending_Physician,Physician_Registration,ICD10_Code,Diagnosis_Title,Clinical_Category,Claim_Amount_INR,Approved_Amount_INR,Deductible_INR,Co_Pay_Percentage,Claim_Status,OnChain_Verification_Status,DPDP_Consent_Status,Requested_Data_Types,Consent_Purpose_Limitation,Consent_Duration_Window,Encryption_Cipher,Vault_Transit_Key_Handle,IPFS_Claim_Document_CID,HCS_Topic_ID,HCS_Sequence_Number,HCS_Consensus_Timestamp,HCS_Running_Hash,Hedera_Gas_Fee_HBAR
CLM-00001,POL-ICIC-849201-854,ICICI Lombard General Insurance,0x90F79bf6EB2c4f870365E785982E1f101E93b906,IRDAI-REG-115,Vidal Health TPA,Ishaan Sharma,849201,0x44a102b195f2f72423f8a92bb16c9f60796d9cbd,Max Super Speciality Cancer Institute,0x28B7eA94B34C8F52D19E50Eb14769Da20F5D54b4,Dr. Rajesh Sharma,NMC-78491,E11.9,Type 2 diabetes mellitus without complications,Endocrinology,17503.27,16628.11,875.16,0%,Approved & Settled,Ledger Verified & Payout Secured,Active - Full Disclosure,Lab Reports; Diagnosis; Treatment History; Discharge Summary,Insurance Claim Adjudication & Pre-Auth Verification,24 Hours (Statutory Emergency Window),AES-256-GCM,vault-transit-key-0x44a102b1,Qmf09d45af91d72bf1ffd178a8dc612693979c79f29701,0.0.4891024,3001,2026-09-13 11:46:42 UTC,0x9c315ed30fcec815fd2727944ed2f869be904835a7e4bab0e52621a53897c357,0.0001
CLM-00002,POL-HDFC-849202-674,HDFC ERGO Health Insurance,0x3C44CdDdB6a900fa2b585dd299e03d12FA4293BC,IRDAI-REG-146,Paramount TPA,Divya Iyer,849202,0xd46d5ae9b27b75383be1cbb6d13091449c16aab9,Apex Diagnostic & Pathology Hub,0x04Fee3FD1B338d12FFD6dBD8d66dE1e8e0BB99cB,Dr. Rohan Patel,NMC-11029,I10,Essential (primary) hypertension,Cardiology,28200.09,21150.07,1410.0,20%,Approved & Settled,Ledger Verified & Payout Secured,Active - Full Disclosure,Discharge Summary; Surgical Notes; Lab Reports,Insurance Claim Adjudication & Pre-Auth Verification,24 Hours (Statutory Emergency Window),AES-256-GCM,vault-transit-key-0xd46d5ae9,Qm4e24e9fab8786b0966b8367427e7ed99d9282a3788a6,0.0.4891024,3002,2026-09-13 11:46:43 UTC,0x7ef3713eaf20bf32584241ebfd9d806571def92885365ce2dac1a42c2576fe54,0.0001
CLM-00003,POL-CARE-849203-320,Care Health Insurance (Religare),0x15d34AAf54267DB7D7c367839AAf71A00a2C6A65,IRDAI-REG-148,Heritage Health TPA,Meera Pillai,849203,0x62c788d5a2cb51ccc2042d3ba23f1f29b843f8ea,Fortis Memorial Neuro & Trauma Center,0x84f93618C1D541bB1Dcf1373A8eE500A7D439634,Dr. Vikram Seth,NMC-99014,E11.9,Type 2 diabetes mellitus without complications,Endocrinology,24618.8,19695.04,1230.94,15%,Approved & Settled,Ledger Verified & Payout Secured,Active - Full Disclosure,Emergency Admission Record; Diagnostic Imaging CT/MRI,Insurance Claim Adjudication & Pre-Auth Verification,24 Hours (Statutory Emergency Window),AES-256-GCM,vault-transit-key-0x62c788d5,Qm52aada2e723ea97c0e9d4d9732759a1cb16864001f55,0.0.4891024,3003,2026-09-13 11:46:45 UTC,0x6d5a4481455dd940e9904cdac80a975f959d313dc1031245408a80eaa0b8826d,0.0001
CLM-00004,POL-ICIC-849204-847,ICICI Lombard General Insurance,0x90F79bf6EB2c4f870365E785982E1f101E93b906,IRDAI-REG-115,Vidal Health TPA,Sanjay Mukherjee,849204,0x7d18f5ede3082fd8182688ddbcd2a4f60bd247f9,Apex Diagnostic & Pathology Hub,0x04Fee3FD1B338d12FFD6dBD8d66dE1e8e0BB99cB,Dr. Vikram Seth,NMC-99014,I10,Essential (primary) hypertension,Cardiology,31542.12,0.0,1577.11,0%,Rejected - Policy Exclusion,Rejected with Ledger Audit Reason,Expired / Revoked,Emergency Admission Record; Diagnostic Imaging CT/MRI,Insurance Claim Adjudication & Pre-Auth Verification,24 Hours (Statutory Emergency Window),AES-256-GCM,vault-transit-key-0x7d18f5ed,Qm29704848f1a06b35d3d3ee6ee57b6366d0ad6c1e169d,0.0.4891024,3004,2026-09-13 11:46:47 UTC,0xffea82444b0f1a110885c6aceded60788eb551cbd2a37d3b46208c9f544448f3,0.0001
CLM-00005,POL-NIVA-849205-821,Niva Bupa Health Insurance,0x9965507D1a55bcC2695C58ba16FB37d819B0A4dc,IRDAI-REG-145,MDIndia Health TPA,Harish Choudhury,849205,0x51f43868eb300113a4be9ca8933b0e83827e6c7f,Fortis Memorial Neuro & Trauma Center,0x84f93618C1D541bB1Dcf1373A8eE500A7D439634,Dr. Rohan Patel,NMC-11029,C50.919,Malignant neoplasm of female breast,Oncology,353893.93,0.0,5000.0,10%,Pending Adjudication,Audit Logged - Under Verification,Active - Time-Bound Access,Lab Reports; Diagnosis; Treatment History; Discharge Summary,Insurance Claim Adjudication & Pre-Auth Verification,24 Hours (Statutory Emergency Window),AES-256-GCM,vault-transit-key-0x51f43868,Qmb8837489b78f5dcf33bbd9173901dad2a19f90bd8f90,0.0.4891024,3005,2026-09-13 11:46:49 UTC,0x8a5e313d683f2cf3cac35d29d7037b636369c11a05a3168938cfe8caeec57781,0.0001
CLM-00006,POL-ICIC-849206-266,ICICI Lombard General Insurance,0x90F79bf6EB2c4f870365E785982E1f101E93b906,IRDAI-REG-115,Vidal Health TPA,Gautam Joshi,849206,0x38d95edfcd5e0a5739fb151619635ec214c38836,Care & Cure Pediatric & Maternity Hospital,0x937F51E09477BfD31E56c5e533038a8eEAc096b7,Dr. Preeti Deshmukh,NMC-82194,S06.9X0A,Unspecified intracranial injury / Concussion,Trauma & Emergency,122656.87,0.0,5000.0,10%,Pending Adjudication,Audit Logged - Under Verification,Active - Time-Bound Access,Lab Reports; Diagnosis; Treatment History; Discharge Summary,Insurance Claim Adjudication & Pre-Auth Verification,24 Hours (Statutory Emergency Window),AES-256-GCM,vault-transit-key-0x38d95edf,Qm00587c48a37e3d5f0215eda83dc1731b83a197a80963,0.0.4891024,3006,2026-09-13 11:46:52 UTC,0x79f003f36e45258c8ce9132ac1dfebbe5704001c281d8ef65252f0a79eb4c93d,0.0001
CLM-00007,POL-HDFC-849207-376,HDFC ERGO Health Insurance,0x3C44CdDdB6a900fa2b585dd299e03d12FA4293BC,IRDAI-REG-146,Paramount TPA,Meera Pandey,849207,0x924019f59e739200485730bb43f36f1cf1c30152,Max Super Speciality Cancer Institute,0x28B7eA94B34C8F52D19E50Eb14769Da20F5D54b4,Dr. Ananya Roy,NMC-51203,K21.9,Gastro-esophageal reflux disease,Gastroenterology,16816.07,0.0,840.8,10%,Pending Adjudication,Audit Logged - Under Verification,Active - Time-Bound Access,Lab Reports; Diagnosis; Treatment History; Discharge Summary,Insurance Claim Adjudication & Pre-Auth Verification,24 Hours (Statutory Emergency Window),AES-256-GCM,vault-transit-key-0x924019f5,Qmeff5ef44dd25a7c3c21a35f534abe4b04482b68deed9,0.0.4891024,3007,2026-09-13 11:46:53 UTC,0x22c88518a2a1beb4ecb0ed2d5679a20c0b2e829b0ae7dab074578d274e34f82f,0.0001
CLM-00008,POL-ICIC-849208-316,ICICI Lombard General Insurance,0x90F79bf6EB2c4f870365E785982E1f101E93b906,IRDAI-REG-115,Vidal Health TPA,Ananya Hegde,849208,0xa155eb6079d479bddb429df7c09d5f9cc48ab887,Care & Cure Pediatric & Maternity Hospital,0x937F51E09477BfD31E56c5e533038a8eEAc096b7,Dr. Vikram Seth,NMC-99014,I21.9,"Acute myocardial infarction, unspecified",Cardiology,321173.26,267997.27,5000.0,15%,Approved & Settled,Ledger Verified & Payout Secured,Active - Full Disclosure,Emergency Admission Record; Diagnostic Imaging CT/MRI,Insurance Claim Adjudication & Pre-Auth Verification,24 Hours (Statutory Emergency Window),AES-256-GCM,vault-transit-key-0xa155eb60,Qmddc2296380f30601028067a959dc05cf48da6db36156,0.0.4891024,3008,2026-09-13 11:46:55 UTC,0xad941b4276c623705f03f1e017034c21143eec98039fedb192a6e64a0c599050,0.0001
CLM-00009,POL-ICIC-849209-864,ICICI Lombard General Insurance,0x90F79bf6EB2c4f870365E785982E1f101E93b906,IRDAI-REG-115,Vidal Health TPA,Yashwanth Gupta,849209,0x11d3d450ff0f0828a71a974ac85fb8581f6dd591,Max Super Speciality Cancer Institute,0x28B7eA94B34C8F52D19E50Eb14769Da20F5D54b4,Dr. Rajesh Sharma,NMC-78491,G40.909,"Epilepsy, unspecified, without status epilepticus",Neurology,48848.68,36636.51,2442.43,20%,Approved & Settled,Ledger Verified & Payout Secured,Active - Full Disclosure,Diagnosis; Lab Reports; Itemized Pharmacy Bill,Insurance Claim Adjudication & Pre-Auth Verification,24 Hours (Statutory Emergency Window),AES-256-GCM,vault-transit-key-0x11d3d450,Qmaa7ffdc8f41a34ebcdb8ba9b5df40d5e48331e5315bc,0.0.4891024,3009,2026-09-13 11:46:57 UTC,0xec3016d12d27f19f8caa61eee0dc91eff1527f156f782581182948dbc4852e8f,0.0001
CLM-00010,POL-STAR-849210-911,Star Health & Allied Insurance,0x70997970C51812dc3A010C7d01b50e0d17dc79C8,IRDAI-REG-129,MediAssist TPA,Anand Patel,849210,0x19d1559d34b43427ac0472b396bc9fb4542e0e46,Apollo Multispecialty Hospital,0x155Af6ECaFb48861dA7d16Fb8Af2f6ce9d6DD779,Dr. Rajesh Sharma,NMC-78491,E11.9,Type 2 diabetes mellitus without complications,Endocrinology,22315.01,21199.26,1115.75,0%,Approved & Settled,Ledger Verified & Payout Secured,Active - Full Disclosure,Emergency Admission Record; Diagnostic Imaging CT/MRI,Insurance Claim Adjudication & Pre-Auth Verification,24 Hours (Statutory Emergency Window),AES-256-GCM,vault-transit-key-0x19d1559d,Qm513e4effecc28dd63fad6d118c309fdfc0fb054cefb6,0.0.4891024,3010,2026-09-13 11:46:59 UTC,0x7fadb85b7630e915c22927c69cef31897275cc9a6ac77b7a87f08b015e4ee4ce,0.0001
CLM-00011,POL-STAR-849211-887,Star Health & Allied Insurance,0x70997970C51812dc3A010C7d01b50e0d17dc79C8,IRDAI-REG-129,MediAssist TPA,Rahul Pandey,849211,0xfcab5b33033a37800077bf91af6a9ca109aebc08,Apollo Multispecialty Hospital,0x155Af6ECaFb48861dA7d16Fb8Af2f6ce9d6DD779,Dr. Preeti Deshmukh,NMC-82194,G40.909,"Epilepsy, unspecified, without status epilepticus",Neurology,49914.18,47418.47,2495.71,0%,Approved & Settled,Ledger Verified & Payout Secured,Active - Full Disclosure,Diagnosis; Lab Reports; Itemized Pharmacy Bill,Insurance Claim Adjudication & Pre-Auth Verification,24 Hours (Statutory Emergency Window),AES-256-GCM,vault-transit-key-0xfcab5b33,Qm68dadb25494b3e1751f4301b590ead3519003f1778bc,0.0.4891024,3011,2026-09-13 11:47:01 UTC,0x23476feb9f5b08855c94ebcb631cdf7ddb7d349cf3bbc1ba95fd431714da54e2,0.0001
CLM-00012,POL-ICIC-849212-619,ICICI Lombard General Insurance,0x90F79bf6EB2c4f870365E785982E1f101E93b906,IRDAI-REG-115,Vidal Health TPA,Aarav Menon,849212,0xab73caaa703cf251efda2e99c0ff2d7680598976,Apex Diagnostic & Pathology Hub,0x04Fee3FD1B338d12FFD6dBD8d66dE1e8e0BB99cB,Dr. Sunita Narang,NMC-90812,E11.9,Type 2 diabetes mellitus without complications,Endocrinology,24247.63,0.0,1212.38,15%,Awaiting Patient Consent Approval,Access Requested via Ledger,Pending Patient Authorization,Diagnosis; Lab Reports; Itemized Pharmacy Bill,Insurance Claim Adjudication & Pre-Auth Verification,24 Hours (Statutory Emergency Window),AES-256-GCM,vault-transit-key-0xab73caaa,Qm94a81bf0abbd476d644ecd0681b97e0ad00fbc56df8a,0.0.4891024,3012,2026-09-13 11:47:03 UTC,0x0cb21ee233f1f9ee05f9e6defba046a84a4088b4f774b847151b3174dab29f8a,0.0001
CLM-00013,POL-HDFC-849213-713,HDFC ERGO Health Insurance,0x3C44CdDdB6a900fa2b585dd299e03d12FA4293BC,IRDAI-REG-146,Paramount TPA,Shreya Gowda,849213,0x549afa52d9fafc731326791ef40ad6125240e193,Apex Diagnostic & Pathology Hub,0x04Fee3FD1B338d12FFD6dBD8d66dE1e8e0BB99cB,Dr. Sunita Narang,NMC-90812,I10,Essential (primary) hypertension,Cardiology,29807.3,28316.93,1490.37,0%,Approved & Settled,Ledger Verified & Payout Secured,Active - Full Disclosure,Discharge Summary; Surgical Notes; Lab Reports,Insurance Claim Adjudication & Pre-Auth Verification,24 Hours (Statutory Emergency Window),AES-256-GCM,vault-transit-key-0x549afa52,Qm3a05e28ace1bf3e9493b30bb5d05c3562462cba3d341,0.0.4891024,3013,2026-09-13 11:47:05 UTC,0x1a2ba9c9ab6e9656314e0e836472f0e36a3d9a46be2321782da6cb3408bdef89,0.0001
CLM-00014,POL-HDFC-849214-849,HDFC ERGO Health Insurance,0x3C44CdDdB6a900fa2b585dd299e03d12FA4293BC,IRDAI-REG-146,Paramount TPA,Priyanka Verma,849214,0xd85876775ac598f830c193000f7c5f7be3294476,Apex Diagnostic & Pathology Hub,0x04Fee3FD1B338d12FFD6dBD8d66dE1e8e0BB99cB,Dr. Sarah Jenkins,NMC-48192,I21.9,"Acute myocardial infarction, unspecified",Cardiology,274080.45,0.0,5000.0,0%,Rejected - Policy Exclusion,Rejected with Ledger Audit Reason,Expired / Revoked,Diagnosis; Lab Reports; Itemized Pharmacy Bill,Insurance Claim Adjudication & Pre-Auth Verification,24 Hours (Statutory Emergency Window),AES-256-GCM,vault-transit-key-0xd8587677,Qm1727d4bdba8ed8c4e6b703179eedfc588349e5883062,0.0.4891024,3014,2026-09-13 11:47:07 UTC,0x37678ce0482a4c21de30076c2322139f8f99d6cfecb9fae574bccf39a7433734,0.0001
CLM-00015,POL-HDFC-849215-316,HDFC ERGO Health Insurance,0x3C44CdDdB6a900fa2b585dd299e03d12FA4293BC,IRDAI-REG-146,Paramount TPA,Amit Pandey,849215,0x203518cb8a0fb54b7f9dfd1428698b85dc41343a,Fortis Memorial Neuro & Trauma Center,0x84f93618C1D541bB1Dcf1373A8eE500A7D439634,Dr. Rohan Patel,NMC-11029,K21.9,Gastro-esophageal reflux disease,Gastroenterology,16475.14,0.0,823.76,10%,Pending Adjudication,Audit Logged - Under Verification,Active - Time-Bound Access,Emergency Admission Record; Diagnostic Imaging CT/MRI,Insurance Claim Adjudication & Pre-Auth Verification,24 Hours (Statutory Emergency Window),AES-256-GCM,vault-transit-key-0x203518cb,Qmec3a6c994a3ad32afefe05f5e3ee2ac76809c2b6e173,0.0.4891024,3015,2026-09-13 11:47:09 UTC,0x988a4c1ad5abc363023fa21810dadf27fbbc1482a3a44018c3a1a97750c6022e,0.0001
CLM-00016,POL-NIVA-849216-330,Niva Bupa Health Insurance,0x9965507D1a55bcC2695C58ba16FB37d819B0A4dc,IRDAI-REG-145,MDIndia Health TPA,Shreya Banerjee,849216,0x787f7775ebc6cbbadbcb938b0509680ab25a950a,Care & Cure Pediatric & Maternity Hospital,0x937F51E09477BfD31E56c5e533038a8eEAc096b7,Dr. Sarah Jenkins,NMC-48192,C50.919,Malignant neoplasm of female breast,Oncology,352948.43,347948.43,5000.0,0%,Approved & Settled,Ledger Verified & Payout Secured,Active - Full Disclosure,Diagnosis; Lab Reports; Itemized Pharmacy Bill,Insurance Claim Adjudication & Pre-Auth Verification,24 Hours (Statutory Emergency Window),AES-256-GCM,vault-transit-key-0x787f7775,Qmef7bda3b14962ff915ae7b71a519c8f20c539ef341a5,0.0.4891024,3016,2026-09-13 11:47:11 UTC,0xb0f0b55fc28f38278647168772e2356a9c11741a8e4c0631a13b2f60222a1f3f,0.0001
CLM-00017,POL-STAR-849217-132,Star Health & Allied Insurance,0x70997970C51812dc3A010C7d01b50e0d17dc79C8,IRDAI-REG-129,MediAssist TPA,Pranav Sharma,849217,0xb31bec4c1156757b84a6ff35e64b4e02705388b2,Apollo Multispecialty Hospital,0x155Af6ECaFb48861dA7d16Fb8Af2f6ce9d6DD779,Dr. Rajesh Sharma,NMC-78491,I21.9,"Acute myocardial infarction, unspecified",Cardiology,315274.8,310274.8,5000.0,0%,Approved & Settled,Ledger Verified & Payout Secured,Active - Full Disclosure,Discharge Summary; Surgical Notes; Lab Reports,Insurance Claim Adjudication & Pre-Auth Verification,24 Hours (Statutory Emergency Window),AES-256-GCM,vault-transit-key-0xb31bec4c,Qme0c2d7b5fc6f24358c31a17e5f45b40c4996d4adc5b9,0.0.4891024,3017,2026-09-13 11:47:13 UTC,0x00efc0f365bf96cd706063ad3348e6d6b2a6761a6e7a52ff07d25e46d748f861,0.0001
CLM-00018,POL-NIVA-849218-348,Niva Bupa Health Insurance,0x9965507D1a55bcC2695C58ba16FB37d819B0A4dc,IRDAI-REG-145,MDIndia Health TPA,Anand Iyer,849218,0x77c632f6b41ea0714c457de61fd500d77e1ded6d,Max Super Speciality Cancer Institute,0x28B7eA94B34C8F52D19E50Eb14769Da20F5D54b4,Dr. Preeti Deshmukh,NMC-82194,A90,Dengue fever [classical dengue],Infectious Disease,40098.52,30073.89,2004.93,20%,Approved & Settled,Ledger Verified & Payout Secured,Active - Full Disclosure,Lab Reports; Diagnosis; Treatment History; Discharge Summary,Insurance Claim Adjudication & Pre-Auth Verification,24 Hours (Statutory Emergency Window),AES-256-GCM,vault-transit-key-0x77c632f6,Qm3411adbcf2839727e1da34db0e33630f032d10bd6334,0.0.4891024,3018,2026-09-13 11:47:15 UTC,0xf7499253dcda485c67ff0c79e8f38ee55b250e07a2df22c1f47ea942532c6581,0.0001
CLM-00019,POL-CARE-849219-789,Care Health Insurance (Religare),0x15d34AAf54267DB7D7c367839AAf71A00a2C6A65,IRDAI-REG-148,Heritage Health TPA,Varun Bhatia,849219,0xe449996a0f0fbae98dd52de0e5ed5ded54983666,Care & Cure Pediatric & Maternity Hospital,0x937F51E09477BfD31E56c5e533038a8eEAc096b7,Dr. Ananya Roy,NMC-51203,I10,Essential (primary) hypertension,Cardiology,34030.57,32329.04,1701.53,0%,Approved & Settled,Ledger Verified & Payout Secured,Active - Full Disclosure,Discharge Summary; Surgical Notes; Lab Reports,Insurance Claim Adjudication & Pre-Auth Verification,24 Hours (Statutory Emergency Window),AES-256-GCM,vault-transit-key-0xe449996a,Qm762f0da6a142c7a41d4779e60ebaac1edef50b9d565a,0.0.4891024,3019,2026-09-13 11:47:16 UTC,0x29dc23abf3f8a0060edaccdd50bc74a3fe01259c282f67eef19ca72b24561996,0.0001
CLM-00020,POL-HDFC-849220-532,HDFC ERGO Health Insurance,0x3C44CdDdB6a900fa2b585dd299e03d12FA4293BC,IRDAI-REG-146,Paramount TPA,Priyanka Iyer,849220,0x9168e528241ad2e911508166ecbc7ec9b8c9f6a0,Apex Diagnostic & Pathology Hub,0x04Fee3FD1B338d12FFD6dBD8d66dE1e8e0BB99cB,Dr. Ananya Roy,NMC-51203,E11.9,Type 2 diabetes mellitus without complications,Endocrinology,18177.54,13633.15,908.88,20%,Approved & Settled,Ledger Verified & Payout Secured,Active - Full Disclosure,Lab Reports; Diagnosis; Treatment History; Discharge Summary,Insurance Claim Adjudication & Pre-Auth Verification,24 Hours (Statutory Emergency Window),AES-256-GCM,vault-transit-key-0x9168e528,Qm443e2d77ae215daf66bca3522d82d7fc01ac1cf3290a,0.0.4891024,3020,2026-09-13 11:47:18 UTC,0x008accf531597ba66e545e21b3153f96ed4eb9319f0a52b29318e0c653d3d93f,0.0001
CLM-00021,POL-STAR-849221-195,Star Health & Allied Insurance,0x70997970C51812dc3A010C7d01b50e0d17dc79C8,IRDAI-REG-129,MediAssist TPA,Harish Reddy,849221,0x2f04470b335f8b20d50f473ebb07df1cf803f972,Apex Diagnostic & Pathology Hub,0x04Fee3FD1B338d12FFD6dBD8d66dE1e8e0BB99cB,Dr. Sunita Narang,NMC-90812,I10,Essential (primary) hypertension,Cardiology,37530.66,31901.06,1876.53,10%,Approved & Settled,Ledger Verified & Payout Secured,Active - Full Disclosure,Emergency Admission Record; Diagnostic Imaging CT/MRI,Insurance Claim Adjudication & Pre-Auth Verification,24 Hours (Statutory Emergency Window),AES-256-GCM,vault-transit-key-0x2f04470b,Qmb953c19a187c428e39d90604948e8b75b3019c960730,0.0.4891024,3021,2026-09-13 11:47:20 UTC,0xe49883fc6fc045a9eba8a2299aba86dc666b9873b89bec230aa6237cca27260b,0.0001
CLM-00022,POL-CARE-849222-102,Care Health Insurance (Religare),0x15d34AAf54267DB7D7c367839AAf71A00a2C6A65,IRDAI-REG-148,Heritage Health TPA,Pooja Mukherjee,849222,0xcd6e195bfa4603054cbdbf83f8dcf024513b10d0,Apollo Multispecialty Hospital,0x155Af6ECaFb48861dA7d16Fb8Af2f6ce9d6DD779,Dr. Rajesh Sharma,NMC-78491,K21.9,Gastro-esophageal reflux disease,Gastroenterology,16792.36,0.0,839.62,15%,Awaiting Patient Consent Approval,Access Requested via Ledger,Pending Patient Authorization,Emergency Admission Record; Diagnostic Imaging CT/MRI,Insurance Claim Adjudication & Pre-Auth Verification,24 Hours (Statutory Emergency Window),AES-256-GCM,vault-transit-key-0xcd6e195b,Qm53a7ed39994be6697416cce961a6dbacd67f7feadbaf,0.0.4891024,3022,2026-09-13 11:47:22 UTC,0x8d386ae02a81b3548c11972685c7ca4f5b66a1b0cd0a4c1a17c7bc7ed41472ba,0.0001
CLM-00023,POL-NIVA-849223-403,Niva Bupa Health Insurance,0x9965507D1a55bcC2695C58ba16FB37d819B0A4dc,IRDAI-REG-145,MDIndia Health TPA,Varun Pillai,849223,0x84a6925b41e335edf735417ae9d031fcc6e9b86f,Care & Cure Pediatric & Maternity Hospital,0x937F51E09477BfD31E56c5e533038a8eEAc096b7,Dr. Rajesh Sharma,NMC-78491,C50.919,Malignant neoplasm of female breast,Oncology,379226.85,374226.85,5000.0,0%,Approved & Settled,Ledger Verified & Payout Secured,Active - Full Disclosure,Lab Reports; Diagnosis; Treatment History; Discharge Summary,Insurance Claim Adjudication & Pre-Auth Verification,24 Hours (Statutory Emergency Window),AES-256-GCM,vault-transit-key-0x84a6925b,Qm4207ce418facca55816735889850652f15b16e5cd695,0.0.4891024,3023,2026-09-13 11:47:24 UTC,0xc98863f2ee2c72b5b5c054ba3c2e0a7f309b9e097a9089212eb210b94d00b9ea,0.0001
CLM-00024,POL-NIVA-849224-158,Niva Bupa Health Insurance,0x9965507D1a55bcC2695C58ba16FB37d819B0A4dc,IRDAI-REG-145,MDIndia Health TPA,Arjun Verma,849224,0x6e7daeab2c117f2c10a50cc467f443f8cd9beb50,Care & Cure Pediatric & Maternity Hospital,0x937F51E09477BfD31E56c5e533038a8eEAc096b7,Dr. Rohan Patel,NMC-11029,E11.9,Type 2 diabetes mellitus without complications,Endocrinology,24648.48,0.0,1232.42,0%,Awaiting Patient Consent Approval,Access Requested via Ledger,Pending Patient Authorization,Lab Reports; Diagnosis; Treatment History; Discharge Summary,Insurance Claim Adjudication & Pre-Auth Verification,24 Hours (Statutory Emergency Window),AES-256-GCM,vault-transit-key-0x6e7daeab,Qmdb8a6618f56fca840c01113125886304347b17994d29,0.0.4891024,3024,2026-09-13 11:47:26 UTC,0x58dd08a09a41fbbe787b80f248f52f45b444ddd64f73ca6260fa19185e754c36,0.0001
CLM-00025,POL-HDFC-849225-692,HDFC ERGO Health Insurance,0x3C44CdDdB6a900fa2b585dd299e03d12FA4293BC,IRDAI-REG-146,Paramount TPA,Deepak Shetty,849225,0x11fe00c8b115cb338cdb1497015da266f64dda57,Care & Cure Pediatric & Maternity Hospital,0x937F51E09477BfD31E56c5e533038a8eEAc096b7,Dr. Sarah Jenkins,NMC-48192,C50.919,Malignant neoplasm of female breast,Oncology,443662.78,438662.78,5000.0,0%,Approved & Settled,Ledger Verified & Payout Secured,Active - Full Disclosure,Discharge Summary; Surgical Notes; Lab Reports,Insurance Claim Adjudication & Pre-Auth Verification,24 Hours (Statutory Emergency Window),AES-256-GCM,vault-transit-key-0x11fe00c8,Qm7125ecfaf2b717b52cbde978941f6e44ec2cc351a867,0.0.4891024,3025,2026-09-13 11:47:28 UTC,0x16a57ffd46ff0fbf8559df36dca1750aacc895acb7005514273d9a07ac7ab731,0.0001
CLM-00026,POL-ICIC-849226-234,ICICI Lombard General Insurance,0x90F79bf6EB2c4f870365E785982E1f101E93b906,IRDAI-REG-115,Vidal Health TPA,Pooja Shetty,849226,0x1a34547c35ff546b3dd176247d5919bad31b66f0,Max Super Speciality Cancer Institute,0x28B7eA94B34C8F52D19E50Eb14769Da20F5D54b4,Dr. Vikram Seth,NMC-99014,K21.9,Gastro-esophageal reflux disease,Gastroenterology,15028.26,12022.61,751.41,15%,Approved & Settled,Ledger Verified & Payout Secured,Active - Full Disclosure,Lab Reports; Diagnosis; Treatment History; Discharge Summary,Insurance Claim Adjudication & Pre-Auth Verification,24 Hours (Statutory Emergency Window),AES-256-GCM,vault-transit-key-0x1a34547c,Qm43c456f6086d916caf33839a7c630ed390a45fa5798c,0.0.4891024,3026,2026-09-13 11:47:30 UTC,0x9d56d5799f5ce612086a444efbc88dc6d13282fe9ffe1577a4d39e680f341e29,0.0001
CLM-00027,POL-NIVA-849227-618,Niva Bupa Health Insurance,0x9965507D1a55bcC2695C58ba16FB37d819B0A4dc,IRDAI-REG-145,MDIndia Health TPA,Yashwanth Agarwal,849227,0x5110c688af0592315ea3b80d4dd23de0287bb4a3,Apollo Multispecialty Hospital,0x155Af6ECaFb48861dA7d16Fb8Af2f6ce9d6DD779,Dr. Sarah Jenkins,NMC-48192,C50.919,Malignant neoplasm of female breast,Oncology,387349.27,0.0,5000.0,15%,Awaiting Patient Consent Approval,Access Requested via Ledger,Pending Patient Authorization,Diagnosis; Lab Reports; Itemized Pharmacy Bill,Insurance Claim Adjudication & Pre-Auth Verification,24 Hours (Statutory Emergency Window),AES-256-GCM,vault-transit-key-0x5110c688,Qm82cf46f85f2a9dfb5498fac9a03ec3e751f883fe11cc,0.0.4891024,3027,2026-09-13 11:47:32 UTC,0xaeb5a3bd9787d9f85b2a399de7316e72597749e5b279b211330799899d6ee951,0.0001
CLM-00028,POL-CARE-849228-726,Care Health Insurance (Religare),0x15d34AAf54267DB7D7c367839AAf71A00a2C6A65,IRDAI-REG-148,Heritage Health TPA,Riya Nair,849228,0x4f4921b283e0f1e17849da37ee1a0450ea65e647,Apex Diagnostic & Pathology Hub,0x04Fee3FD1B338d12FFD6dBD8d66dE1e8e0BB99cB,Dr. Preeti Deshmukh,NMC-82194,G40.909,"Epilepsy, unspecified, without status epilepticus",Neurology,56394.83,0.0,2819.74,0%,Pending Adjudication,Audit Logged - Under Verification,Active - Time-Bound Access,Discharge Summary; Surgical Notes; Lab Reports,Insurance Claim Adjudication & Pre-Auth Verification,24 Hours (Statutory Emergency Window),AES-256-GCM,vault-transit-key-0x4f4921b2,Qmdc48190377aa6b5d22d14aabc8f80907388cf70007e7,0.0.4891024,3028,2026-09-13 11:47:34 UTC,0x0699c05b65977c6e4cb340bc9f9926e7d3f0dae724057e67153eeccc0b70fe4b,0.0001
CLM-00029,POL-HDFC-849229-860,HDFC ERGO Health Insurance,0x3C44CdDdB6a900fa2b585dd299e03d12FA4293BC,IRDAI-REG-146,Paramount TPA,Gautam Swaminathan,849229,0x4062c9c901474d3e69dfeb7ec4bd79e62cd56c56,Fortis Memorial Neuro & Trauma Center,0x84f93618C1D541bB1Dcf1373A8eE500A7D439634,Dr. Sarah Jenkins,NMC-48192,I21.9,"Acute myocardial infarction, unspecified",Cardiology,281492.91,234268.97,5000.0,15%,Approved & Settled,Ledger Verified & Payout Secured,Active - Full Disclosure,Diagnosis; Lab Reports; Itemized Pharmacy Bill,Insurance Claim Adjudication & Pre-Auth Verification,24 Hours (Statutory Emergency Window),AES-256-GCM,vault-transit-key-0x4062c9c9,Qm149cf411b422b6608b1f357c763f1beca6bb6de10ae4,0.0.4891024,3029,2026-09-13 11:47:36 UTC,0xe7a53ff74c69b844e34b262b9583a77edb9e460850f3e7e225ff48e29274c00b,0.0001
CLM-00030,POL-ICIC-849230-966,ICICI Lombard General Insurance,0x90F79bf6EB2c4f870365E785982E1f101E93b906,IRDAI-REG-115,Vidal Health TPA,Pooja Shetty,849230,0xd2c7552a454caeebafc6d8639373b70e28acd492,Apex Diagnostic & Pathology Hub,0x04Fee3FD1B338d12FFD6dBD8d66dE1e8e0BB99cB,Dr. Ananya Roy,NMC-51203,G40.909,"Epilepsy, unspecified, without status epilepticus",Neurology,38760.1,0.0,1938.01,20%,Awaiting Patient Consent Approval,Access Requested via Ledger,Pending Patient Authorization,Lab Reports; Diagnosis; Treatment History; Discharge Summary,Insurance Claim Adjudication & Pre-Auth Verification,24 Hours (Statutory Emergency Window),AES-256-GCM,vault-transit-key-0xd2c7552a,Qmbf1b69d66807f5a1c4825d769dd440a37cf866239962,0.0.4891024,3030,2026-09-13 11:47:37 UTC,0x9877faff4bebb55a751173bb3fcc21c6f3e6f311843c33611f7d3c12caf06ca2,0.0001
CLM-00031,POL-HDFC-849231-664,HDFC ERGO Health Insurance,0x3C44CdDdB6a900fa2b585dd299e03d12FA4293BC,IRDAI-REG-146,Paramount TPA,Sameer Gowda,849231,0x586d4e6db80ad7cd019af598f7d4da227d0fc5f8,Fortis Memorial Neuro & Trauma Center,0x84f93618C1D541bB1Dcf1373A8eE500A7D439634,Dr. Rajesh Sharma,NMC-78491,A90,Dengue fever [classical dengue],Infectious Disease,38961.61,37013.53,1948.08,0%,Approved & Settled,Ledger Verified & Payout Secured,Active - Full Disclosure,Diagnosis; Lab Reports; Itemized Pharmacy Bill,Insurance Claim Adjudication & Pre-Auth Verification,24 Hours (Statutory Emergency Window),AES-256-GCM,vault-transit-key-0x586d4e6d,Qmfb15e76b7941758d12cc9de5584ce2d12b7b882122e0,0.0.4891024,3031,2026-09-13 11:47:40 UTC,0xd6332919d70738e49bee7dfc11e86b17dc5d5fbe76f16166910936f38e147fa0,0.0001
CLM-00032,POL-ICIC-849232-540,ICICI Lombard General Insurance,0x90F79bf6EB2c4f870365E785982E1f101E93b906,IRDAI-REG-115,Vidal Health TPA,Ananya Ghosh,849232,0x1690d71ce42f2179d73e373aff9e4e04dcf3255f,Apex Diagnostic & Pathology Hub,0x04Fee3FD1B338d12FFD6dBD8d66dE1e8e0BB99cB,Dr. Rohan Patel,NMC-11029,E11.9,Type 2 diabetes mellitus without complications,Endocrinology,17710.98,14168.78,885.55,15%,Approved & Settled,Ledger Verified & Payout Secured,Active - Full Disclosure,Lab Reports; Diagnosis; Treatment History; Discharge Summary,Insurance Claim Adjudication & Pre-Auth Verification,24 Hours (Statutory Emergency Window),AES-256-GCM,vault-transit-key-0x1690d71c,Qmdfe1de1e02796fc043ce14ece3a80d1887d664fd8bb2,0.0.4891024,3032,2026-09-13 11:47:41 UTC,0x7b866737324a0d629f8d513a6d2c17dce6575db57094a7aa66e6984432d5bd9e,0.0001
CLM-00033,POL-HDFC-849233-735,HDFC ERGO Health Insurance,0x3C44CdDdB6a900fa2b585dd299e03d12FA4293BC,IRDAI-REG-146,Paramount TPA,Pooja Shetty,849233,0x8b82f2742889b1988a13c35d2993569d5e16e286,Apollo Multispecialty Hospital,0x155Af6ECaFb48861dA7d16Fb8Af2f6ce9d6DD779,Dr. Vikram Seth,NMC-99014,K21.9,Gastro-esophageal reflux disease,Gastroenterology,15465.81,0.0,773.29,10%,Awaiting Patient Consent Approval,Access Requested via Ledger,Pending Patient Authorization,Diagnosis; Lab Reports; Itemized Pharmacy Bill,Insurance Claim Adjudication & Pre-Auth Verification,24 Hours (Statutory Emergency Window),AES-256-GCM,vault-transit-key-0x8b82f274,Qm644bb97531d40d486009e0ed5900486940ac6c8efed5,0.0.4891024,3033,2026-09-13 11:47:43 UTC,0x62c92f052ab93e0ff3f1a01cc03d5134df9cf5b76157c581841826414670acc4,0.0001
CLM-00034,POL-ICIC-849234-373,ICICI Lombard General Insurance,0x90F79bf6EB2c4f870365E785982E1f101E93b906,IRDAI-REG-115,Vidal Health TPA,Aditi Nair,849234,0xa8f8af9a18687e8cd670df827a6030f846d01389,Care & Cure Pediatric & Maternity Hospital,0x937F51E09477BfD31E56c5e533038a8eEAc096b7,Dr. Sunita Narang,NMC-90812,C50.919,Malignant neoplasm of female breast,Oncology,369222.83,364222.83,5000.0,0%,Approved & Settled,Ledger Verified & Payout Secured,Active - Full Disclosure,Lab Reports; Diagnosis; Treatment History; Discharge Summary,Insurance Claim Adjudication & Pre-Auth Verification,24 Hours (Statutory Emergency Window),AES-256-GCM,vault-transit-key-0xa8f8af9a,Qm993d6e5394485e4d5f490bd5863b2288f77f1e9efad5,0.0.4891024,3034,2026-09-13 11:47:45 UTC,0x3a5f3fc6ddac60b2e73e30bf0b955041e153ef5bbbdecf2440b0e43c04056422,0.0001
CLM-00035,POL-CARE-849235-328,Care Health Insurance (Religare),0x15d34AAf54267DB7D7c367839AAf71A00a2C6A65,IRDAI-REG-148,Heritage Health TPA,Pranav Iyer,849235,0x0c8998519b40d264438903c1b82a18d7b2877204,Fortis Memorial Neuro & Trauma Center,0x84f93618C1D541bB1Dcf1373A8eE500A7D439634,Dr. Vikram Seth,NMC-99014,C50.919,Malignant neoplasm of female breast,Oncology,346046.62,306441.96,5000.0,10%,Approved & Settled,Ledger Verified & Payout Secured,Active - Full Disclosure,Discharge Summary; Surgical Notes; Lab Reports,Insurance Claim Adjudication & Pre-Auth Verification,24 Hours (Statutory Emergency Window),AES-256-GCM,vault-transit-key-0x0c899851,Qma68d2d197fdb07911a7fcc20d8f7b06712425b5fd1f5,0.0.4891024,3035,2026-09-13 11:47:47 UTC,0x6de7cd98507b63df58b3026d8b3f88720852bbb56c981b7036bdc89391cd0b9c,0.0001
CLM-00036,POL-NIVA-849236-128,Niva Bupa Health Insurance,0x9965507D1a55bcC2695C58ba16FB37d819B0A4dc,IRDAI-REG-145,MDIndia Health TPA,Rakesh Bhatia,849236,0x766e08cc823f8e0c62a6da78990d1834a2f5dd1e,Care & Cure Pediatric & Maternity Hospital,0x937F51E09477BfD31E56c5e533038a8eEAc096b7,Dr. Preeti Deshmukh,NMC-82194,S06.9X0A,Unspecified intracranial injury / Concussion,Trauma & Emergency,109468.94,88048.6,5000.0,15%,Approved & Settled,Ledger Verified & Payout Secured,Active - Full Disclosure,Discharge Summary; Surgical Notes; Lab Reports,Insurance Claim Adjudication & Pre-Auth Verification,24 Hours (Statutory Emergency Window),AES-256-GCM,vault-transit-key-0x766e08cc,Qm2b5b243ea62c5c5c411e7df5c33629708ef9618392cb,0.0.4891024,3036,2026-09-13 11:47:49 UTC,0xd5520228e871847ffd3558e05cb6372d323e6d97959826ea517bad092bfbd019,0.0001
CLM-00037,POL-CARE-849237-546,Care Health Insurance (Religare),0x15d34AAf54267DB7D7c367839AAf71A00a2C6A65,IRDAI-REG-148,Heritage Health TPA,Gautam Agarwal,849237,0xfdf077e589b08948521ff061269b73343b496243,Fortis Memorial Neuro & Trauma Center,0x84f93618C1D541bB1Dcf1373A8eE500A7D439634,Dr. Preeti Deshmukh,NMC-82194,S06.9X0A,Unspecified intracranial injury / Concussion,Trauma & Emergency,134871.31,129871.31,5000.0,0%,Approved & Settled,Ledger Verified & Payout Secured,Active - Full Disclosure,Diagnosis; Lab Reports; Itemized Pharmacy Bill,Insurance Claim Adjudication & Pre-Auth Verification,24 Hours (Statutory Emergency Window),AES-256-GCM,vault-transit-key-0xfdf077e5,Qm43d12807f9f3e78425bc714f93a961a5346c64a31c2b,0.0.4891024,3037,2026-09-13 11:47:51 UTC,0x98720d0699ea80a00e27fc6ed43c03b5ceb864cc2d987881ab82eb1b732848c1,0.0001
CLM-00038,POL-CARE-849238-472,Care Health Insurance (Religare),0x15d34AAf54267DB7D7c367839AAf71A00a2C6A65,IRDAI-REG-148,Heritage Health TPA,Ananya Pillai,849238,0xaae8b25e2b9da1803adb3460080d8616865a0228,Apollo Multispecialty Hospital,0x155Af6ECaFb48861dA7d16Fb8Af2f6ce9d6DD779,Dr. Rohan Patel,NMC-11029,C50.919,Malignant neoplasm of female breast,Oncology,415751.86,0.0,5000.0,15%,Pending Adjudication,Audit Logged - Under Verification,Active - Time-Bound Access,Lab Reports; Diagnosis; Treatment History; Discharge Summary,Insurance Claim Adjudication & Pre-Auth Verification,24 Hours (Statutory Emergency Window),AES-256-GCM,vault-transit-key-0xaae8b25e,Qme8ef08d9d80ed9a3b5253b6a23e1b84af4830ec2a56e,0.0.4891024,3038,2026-09-13 11:47:53 UTC,0x5befbdecd247acd7b4cb2250f3d09fb0fdc98ffa3a64b1f36fd0ffa0f7f84701,0.0001
CLM-00039,POL-CARE-849239-667,Care Health Insurance (Religare),0x15d34AAf54267DB7D7c367839AAf71A00a2C6A65,IRDAI-REG-148,Heritage Health TPA,Bhavna Choudhury,849239,0x8812975a0c788dd20fe52876807a569d90776be3,Fortis Memorial Neuro & Trauma Center,0x84f93618C1D541bB1Dcf1373A8eE500A7D439634,Dr. Ananya Roy,NMC-51203,G40.909,"Epilepsy, unspecified, without status epilepticus",Neurology,40205.74,0.0,2010.29,20%,Pending Adjudication,Audit Logged - Under Verification,Active - Time-Bound Access,Emergency Admission Record; Diagnostic Imaging CT/MRI,Insurance Claim Adjudication & Pre-Auth Verification,24 Hours (Statutory Emergency Window),AES-256-GCM,vault-transit-key-0x8812975a,Qmaa958c47c14cba1a012e1ca3e54da803b7a023bb4372,0.0.4891024,3039,2026-09-13 11:47:55 UTC,0x6c30da50f048a3baf603270291448f78e5b0d9fe66e1d611ec85b6831aedd9a1,0.0001
CLM-00040,POL-NIVA-849240-411,Niva Bupa Health Insurance,0x9965507D1a55bcC2695C58ba16FB37d819B0A4dc,IRDAI-REG-145,MDIndia Health TPA,Neha Agarwal,849240,0x6ad4009ef8cdd6ffa32461732ab294ffa758759f,Fortis Memorial Neuro & Trauma Center,0x84f93618C1D541bB1Dcf1373A8eE500A7D439634,Dr. Ananya Roy,NMC-51203,I10,Essential (primary) hypertension,Cardiology,29329.67,0.0,1466.48,20%,Pending Adjudication,Audit Logged - Under Verification,Active - Time-Bound Access,Discharge Summary; Surgical Notes; Lab Reports,Insurance Claim Adjudication & Pre-Auth Verification,24 Hours (Statutory Emergency Window),AES-256-GCM,vault-transit-key-0x6ad4009e,Qmd65515c29cff7a40b96e4b1cbdeb05c9275390fd74d1,0.0.4891024,3040,2026-09-13 11:47:57 UTC,0x343f2e36a73193fdabee7f06cb8b71f9b80d4e03db3a7d879b65b17dedc25141,0.0001
CLM-00041,POL-HDFC-849241-774,HDFC ERGO Health Insurance,0x3C44CdDdB6a900fa2b585dd299e03d12FA4293BC,IRDAI-REG-146,Paramount TPA,Vikas Banerjee,849241,0xa5fd2549ef0bf2fa45e99db7f3f59fca4bbc8645,Apex Diagnostic & Pathology Hub,0x04Fee3FD1B338d12FFD6dBD8d66dE1e8e0BB99cB,Dr. Ananya Roy,NMC-51203,E11.9,Type 2 diabetes mellitus without complications,Endocrinology,17355.92,13884.73,867.8,15%,Approved & Settled,Ledger Verified & Payout Secured,Active - Full Disclosure,Diagnosis; Lab Reports; Itemized Pharmacy Bill,Insurance Claim Adjudication & Pre-Auth Verification,24 Hours (Statutory Emergency Window),AES-256-GCM,vault-transit-key-0xa5fd2549,Qm0d8b067d8051d04ae2469dcd1f0f7af70ca2abab0bf6,0.0.4891024,3041,2026-09-13 11:47:59 UTC,0x27d23e5ef279c2251b5ef029162312a85e61ad00cc66d740c630c92b84970de7,0.0001
CLM-00042,POL-HDFC-849242-350,HDFC ERGO Health Insurance,0x3C44CdDdB6a900fa2b585dd299e03d12FA4293BC,IRDAI-REG-146,Paramount TPA,Rohan Rao,849242,0x5fe80bb1115e6578d7c1ec05cd1b513e66042328,Max Super Speciality Cancer Institute,0x28B7eA94B34C8F52D19E50Eb14769Da20F5D54b4,Dr. Sarah Jenkins,NMC-48192,I10,Essential (primary) hypertension,Cardiology,38268.98,36355.53,1913.45,0%,Approved & Settled,Ledger Verified & Payout Secured,Active - Full Disclosure,Diagnosis; Lab Reports; Itemized Pharmacy Bill,Insurance Claim Adjudication & Pre-Auth Verification,24 Hours (Statutory Emergency Window),AES-256-GCM,vault-transit-key-0x5fe80bb1,Qm087197f6c0c53b79669b50924d81ab669f3a8e851e59,0.0.4891024,3042,2026-09-13 11:48:01 UTC,0xef08063533b9054af40f52db8d2c471b294a027c500277689cc8df7746d03bda,0.0001
CLM-00043,POL-HDFC-849243-868,HDFC ERGO Health Insurance,0x3C44CdDdB6a900fa2b585dd299e03d12FA4293BC,IRDAI-REG-146,Paramount TPA,Anand Joshi,849243,0x58d02528034ad062e9ab51bbedb5e7a7fbab6a91,Max Super Speciality Cancer Institute,0x28B7eA94B34C8F52D19E50Eb14769Da20F5D54b4,Dr. Preeti Deshmukh,NMC-82194,I10,Essential (primary) hypertension,Cardiology,36685.15,0.0,1834.26,0%,Pending Adjudication,Audit Logged - Under Verification,Active - Time-Bound Access,Diagnosis; Lab Reports; Itemized Pharmacy Bill,Insurance Claim Adjudication & Pre-Auth Verification,24 Hours (Statutory Emergency Window),AES-256-GCM,vault-transit-key-0x58d02528,Qmce4f3543ac9c41b32fa5f5620ea1999b6a5a7a77b40e,0.0.4891024,3043,2026-09-13 11:48:02 UTC,0xd0e1034c5e4669b078c9221cf45b67cdaabaa3f7dfc9f56223a6bae1327d3426,0.0001
CLM-00044,POL-STAR-849244-567,Star Health & Allied Insurance,0x70997970C51812dc3A010C7d01b50e0d17dc79C8,IRDAI-REG-129,MediAssist TPA,Chetan Banerjee,849244,0xb991072d96a65fa48de6d4f933bc5e3a1c9ffea0,Apex Diagnostic & Pathology Hub,0x04Fee3FD1B338d12FFD6dBD8d66dE1e8e0BB99cB,Dr. Rajesh Sharma,NMC-78491,I21.9,"Acute myocardial infarction, unspecified",Cardiology,235200.64,0.0,5000.0,20%,Pending Adjudication,Audit Logged - Under Verification,Active - Time-Bound Access,Discharge Summary; Surgical Notes; Lab Reports,Insurance Claim Adjudication & Pre-Auth Verification,24 Hours (Statutory Emergency Window),AES-256-GCM,vault-transit-key-0xb991072d,Qmd83572d29668a43e6c1493aae907c1db2a372d4f761a,0.0.4891024,3044,2026-09-13 11:48:05 UTC,0x36c9a5d15643235e91efe88276069878c8c5c8ad9e1fe4e4948731ef19f086cd,0.0001
CLM-00045,POL-NIVA-849245-262,Niva Bupa Health Insurance,0x9965507D1a55bcC2695C58ba16FB37d819B0A4dc,IRDAI-REG-145,MDIndia Health TPA,Nandini Ghosh,849245,0x023d3e02b1298e113e338f6a38d268d2b2077336,Care & Cure Pediatric & Maternity Hospital,0x937F51E09477BfD31E56c5e533038a8eEAc096b7,Dr. Sunita Narang,NMC-90812,A90,Dengue fever [classical dengue],Infectious Disease,39508.64,29631.48,1975.43,20%,Approved & Settled,Ledger Verified & Payout Secured,Active - Full Disclosure,Diagnosis; Lab Reports; Itemized Pharmacy Bill,Insurance Claim Adjudication & Pre-Auth Verification,24 Hours (Statutory Emergency Window),AES-256-GCM,vault-transit-key-0x023d3e02,Qmef9793012ca0fbe3be437e7c4b1d2a486d117363699a,0.0.4891024,3045,2026-09-13 11:48:07 UTC,0x50612450e9c140cb85d94a9fbbc4fe14f4cc8deb347e8cedb016d8e8d527bfb7,0.0001
CLM-00046,POL-NIVA-849246-381,Niva Bupa Health Insurance,0x9965507D1a55bcC2695C58ba16FB37d819B0A4dc,IRDAI-REG-145,MDIndia Health TPA,Rakesh Gowda,849246,0x7a8310260091c02a043929d4f1d8cd67fba04eb9,Care & Cure Pediatric & Maternity Hospital,0x937F51E09477BfD31E56c5e533038a8eEAc096b7,Dr. Preeti Deshmukh,NMC-82194,C50.919,Malignant neoplasm of female breast,Oncology,417218.21,349635.48,5000.0,15%,Approved & Settled,Ledger Verified & Payout Secured,Active - Full Disclosure,Discharge Summary; Surgical Notes; Lab Reports,Insurance Claim Adjudication & Pre-Auth Verification,24 Hours (Statutory Emergency Window),AES-256-GCM,vault-transit-key-0x7a831026,Qmdd4d99584498296b038e48b6414be275ff46d3dd82fe,0.0.4891024,3046,2026-09-13 11:48:08 UTC,0x6afcb1f24f5b5a99b764a4950980c10dd3a248b9c103e3d5e9510c900bb28654,0.0001
CLM-00047,POL-HDFC-849247-810,HDFC ERGO Health Insurance,0x3C44CdDdB6a900fa2b585dd299e03d12FA4293BC,IRDAI-REG-146,Paramount TPA,Geeta Patel,849247,0xd99d87749be9a1af0453d280aade4b9b14a63535,Max Super Speciality Cancer Institute,0x28B7eA94B34C8F52D19E50Eb14769Da20F5D54b4,Dr. Rajesh Sharma,NMC-78491,K21.9,Gastro-esophageal reflux disease,Gastroenterology,12109.53,10293.1,605.48,10%,Approved & Settled,Ledger Verified & Payout Secured,Active - Full Disclosure,Emergency Admission Record; Diagnostic Imaging CT/MRI,Insurance Claim Adjudication & Pre-Auth Verification,24 Hours (Statutory Emergency Window),AES-256-GCM,vault-transit-key-0xd99d8774,Qmf908b06c734c2df6d2a6152500e4b555ec02c35b4c54,0.0.4891024,3047,2026-09-13 11:48:10 UTC,0x8e9272cc3af9e19b51b6bee8f3b065590ed0f75d17cffc93c5bc208d7e796d76,0.0001
CLM-00048,POL-CARE-849248-498,Care Health Insurance (Religare),0x15d34AAf54267DB7D7c367839AAf71A00a2C6A65,IRDAI-REG-148,Heritage Health TPA,Geeta Banerjee,849248,0xc0b4f9a34e43305f8a3edf71ac192cf88eb259dc,Apollo Multispecialty Hospital,0x155Af6ECaFb48861dA7d16Fb8Af2f6ce9d6DD779,Dr. Rajesh Sharma,NMC-78491,K21.9,Gastro-esophageal reflux disease,Gastroenterology,16339.72,0.0,816.99,0%,Awaiting Patient Consent Approval,Access Requested via Ledger,Pending Patient Authorization,Emergency Admission Record; Diagnostic Imaging CT/MRI,Insurance Claim Adjudication & Pre-Auth Verification,24 Hours (Statutory Emergency Window),AES-256-GCM,vault-transit-key-0xc0b4f9a3,Qm25504ed5b805d4bbfce5d0a16fa43c26c1dd47f3aa7a,0.0.4891024,3048,2026-09-13 11:48:12 UTC,0x97f8a4e1535d629cff4ba4e204b3d09eb7e30a697bfa134ab59ef13bd4790843,0.0001
CLM-00049,POL-ICIC-849249-651,ICICI Lombard General Insurance,0x90F79bf6EB2c4f870365E785982E1f101E93b906,IRDAI-REG-115,Vidal Health TPA,Aarav Bhatia,849249,0x39373f820c9ebba0cce53676482d96c91c91fb25,Care & Cure Pediatric & Maternity Hospital,0x937F51E09477BfD31E56c5e533038a8eEAc096b7,Dr. Sunita Narang,NMC-90812,K21.9,Gastro-esophageal reflux disease,Gastroenterology,15454.78,13136.56,772.74,10%,Approved & Settled,Ledger Verified & Payout Secured,Active - Full Disclosure,Discharge Summary; Surgical Notes; Lab Reports,Insurance Claim Adjudication & Pre-Auth Verification,24 Hours (Statutory Emergency Window),AES-256-GCM,vault-transit-key-0x39373f82,Qm0becdca28b4ca14bc64f5bbaebf062e57be51b9d53d0,0.0.4891024,3049,2026-09-13 11:48:14 UTC,0x8ab8fcc84c9698e3564f2b7d4de81b6a0c47d2b4b7b0fc2e3485a7baa1243436,0.0001
CLM-00050,POL-CARE-849250-841,Care Health Insurance (Religare),0x15d34AAf54267DB7D7c367839AAf71A00a2C6A65,IRDAI-REG-148,Heritage Health TPA,Anand Sharma,849250,0x68f46a355dc1783370256167455027f6a44cd547,Fortis Memorial Neuro & Trauma Center,0x84f93618C1D541bB1Dcf1373A8eE500A7D439634,Dr. Preeti Deshmukh,NMC-82194,K21.9,Gastro-esophageal reflux disease,Gastroenterology,12178.38,0.0,608.92,20%,Awaiting Patient Consent Approval,Access Requested via Ledger,Pending Patient Authorization,Lab Reports; Diagnosis; Treatment History; Discharge Summary,Insurance Claim Adjudication & Pre-Auth Verification,24 Hours (Statutory Emergency Window),AES-256-GCM,vault-transit-key-0x68f46a35,Qm4297a54cd34dc6e74700609af0fbea678c58a67210d4,0.0.4891024,3050,2026-09-13 11:48:16 UTC,0x55b47ce934e74af3ff64f8c84a2764d0249c8bec5ef29a9dba178fcb6f706dce,0.0001
CLM-00051,POL-STAR-849251-238,Star Health & Allied Insurance,0x70997970C51812dc3A010C7d01b50e0d17dc79C8,IRDAI-REG-129,MediAssist TPA,Lata Saxena,849251,0x1ebf2ac0804076be94977ad9a37a14e6c2469f7d,Apollo Multispecialty Hospital,0x155Af6ECaFb48861dA7d16Fb8Af2f6ce9d6DD779,Dr. Preeti Deshmukh,NMC-82194,K21.9,Gastro-esophageal reflux disease,Gastroenterology,16126.04,13707.14,806.3,10%,Approved & Settled,Ledger Verified & Payout Secured,Active - Full Disclosure,Emergency Admission Record; Diagnostic Imaging CT/MRI,Insurance Claim Adjudication & Pre-Auth Verification,24 Hours (Statutory Emergency Window),AES-256-GCM,vault-transit-key-0x1ebf2ac0,Qm6d239ef878f7b6b8462efad0ca3fde0fc5ffb65f413d,0.0.4891024,3051,2026-09-13 11:48:18 UTC,0x965b212c174e1d76873fc8cc40494667c3f38eeb71fce6465eceb013a667a37a,0.0001
CLM-00052,POL-ICIC-849252-384,ICICI Lombard General Insurance,0x90F79bf6EB2c4f870365E785982E1f101E93b906,IRDAI-REG-115,Vidal Health TPA,Pooja Banerjee,849252,0xacb6a923b5324ecf82b6a3c664a1f849d63f0aa6,Fortis Memorial Neuro & Trauma Center,0x84f93618C1D541bB1Dcf1373A8eE500A7D439634,Dr. Sunita Narang,NMC-90812,K21.9,Gastro-esophageal reflux disease,Gastroenterology,15480.06,11610.05,774.0,20%,Approved & Settled,Ledger Verified & Payout Secured,Active - Full Disclosure,Lab Reports; Diagnosis; Treatment History; Discharge Summary,Insurance Claim Adjudication & Pre-Auth Verification,24 Hours (Statutory Emergency Window),AES-256-GCM,vault-transit-key-0xacb6a923,Qm93310d09bc343130a9dc21dd1a95ac0ed0712f05a4c1,0.0.4891024,3052,2026-09-13 11:48:20 UTC,0x155ec3405de07ded46147d00e3435094103f80cbdfa36b3f4b53b1e6dfc33de3,0.0001
CLM-00053,POL-NIVA-849253-765,Niva Bupa Health Insurance,0x9965507D1a55bcC2695C58ba16FB37d819B0A4dc,IRDAI-REG-145,MDIndia Health TPA,Aditi Menon,849253,0xe6109727629059961be0d17a6b367bbfd7128f05,Apollo Multispecialty Hospital,0x155Af6ECaFb48861dA7d16Fb8Af2f6ce9d6DD779,Dr. Vikram Seth,NMC-99014,C50.919,Malignant neoplasm of female breast,Oncology,353733.74,0.0,5000.0,0%,Pending Adjudication,Audit Logged - Under Verification,Active - Time-Bound Access,Diagnosis; Lab Reports; Itemized Pharmacy Bill,Insurance Claim Adjudication & Pre-Auth Verification,24 Hours (Statutory Emergency Window),AES-256-GCM,vault-transit-key-0xe6109727,Qm7cd870ef2187bd0470c39476b813255cebb84d9d6e2d,0.0.4891024,3053,2026-09-13 11:48:22 UTC,0xb834869b4af7547376e9b0cc1366d6dc694d96fabe698856ecd8546e82de9e07,0.0001
CLM-00054,POL-HDFC-849254-785,HDFC ERGO Health Insurance,0x3C44CdDdB6a900fa2b585dd299e03d12FA4293BC,IRDAI-REG-146,Paramount TPA,Aditi Agarwal,849254,0xfc19773f9bc257b63d5f9fec8a9c69a0c32ce05e,Max Super Speciality Cancer Institute,0x28B7eA94B34C8F52D19E50Eb14769Da20F5D54b4,Dr. Rajesh Sharma,NMC-78491,A90,Dengue fever [classical dengue],Infectious Disease,30447.21,25880.13,1522.36,10%,Approved & Settled,Ledger Verified & Payout Secured,Active - Full Disclosure,Discharge Summary; Surgical Notes; Lab Reports,Insurance Claim Adjudication & Pre-Auth Verification,24 Hours (Statutory Emergency Window),AES-256-GCM,vault-transit-key-0xfc19773f,Qmaccf934aa26d7a0e7c4d03aa1f164a3ad8c5cf6580cd,0.0.4891024,3054,2026-09-13 11:48:24 UTC,0xdef5e64f6200c4ed6e8b00587c085066722f4a9fcea1dedd6818cfd7f3d318a2,0.0001
CLM-00055,POL-NIVA-849255-418,Niva Bupa Health Insurance,0x9965507D1a55bcC2695C58ba16FB37d819B0A4dc,IRDAI-REG-145,MDIndia Health TPA,Meera Agarwal,849255,0xe719f42dd1269e776ecb10c209e9353ccfd53f65,Apollo Multispecialty Hospital,0x155Af6ECaFb48861dA7d16Fb8Af2f6ce9d6DD779,Dr. Sunita Narang,NMC-90812,E11.9,Type 2 diabetes mellitus without complications,Endocrinology,17549.92,0.0,877.5,0%,Awaiting Patient Consent Approval,Access Requested via Ledger,Pending Patient Authorization,Emergency Admission Record; Diagnostic Imaging CT/MRI,Insurance Claim Adjudication & Pre-Auth Verification,24 Hours (Statutory Emergency Window),AES-256-GCM,vault-transit-key-0xe719f42d,Qm35b495c140121b0557d804edc6f6264b30ff14759471,0.0.4891024,3055,2026-09-13 11:48:26 UTC,0x5445c3f0e8cff6cd6ad097662066990b87e42d2b1fa256d59a0cd47f65e7a9fe,0.0001
CLM-00056,POL-NIVA-849256-970,Niva Bupa Health Insurance,0x9965507D1a55bcC2695C58ba16FB37d819B0A4dc,IRDAI-REG-145,MDIndia Health TPA,Nikhil Patel,849256,0x46d41c61c96bc701b6871f01e42d89bf004da490,Max Super Speciality Cancer Institute,0x28B7eA94B34C8F52D19E50Eb14769Da20F5D54b4,Dr. Sarah Jenkins,NMC-48192,G40.909,"Epilepsy, unspecified, without status epilepticus",Neurology,50732.5,0.0,2536.62,0%,Pending Adjudication,Audit Logged - Under Verification,Active - Time-Bound Access,Lab Reports; Diagnosis; Treatment History; Discharge Summary,Insurance Claim Adjudication & Pre-Auth Verification,24 Hours (Statutory Emergency Window),AES-256-GCM,vault-transit-key-0x46d41c61,Qmd15f36ac3b0ef95f5850db2671cc8d4023520f93cde2,0.0.4891024,3056,2026-09-13 11:48:27 UTC,0x969e7dd64386b2c98be11f1e4ea6a367c074665982bcc3da9358486f4e9d9fee,0.0001
CLM-00057,POL-ICIC-849257-112,ICICI Lombard General Insurance,0x90F79bf6EB2c4f870365E785982E1f101E93b906,IRDAI-REG-115,Vidal Health TPA,Geeta Kapoor,849257,0xe4dd020dce2e6f4da4037778bb1ea3534d93233a,Apollo Multispecialty Hospital,0x155Af6ECaFb48861dA7d16Fb8Af2f6ce9d6DD779,Dr. Rohan Patel,NMC-11029,S06.9X0A,Unspecified intracranial injury / Concussion,Trauma & Emergency,147465.54,112972.43,5000.0,20%,Approved & Settled,Ledger Verified & Payout Secured,Active - Full Disclosure,Discharge Summary; Surgical Notes; Lab Reports,Insurance Claim Adjudication & Pre-Auth Verification,24 Hours (Statutory Emergency Window),AES-256-GCM,vault-transit-key-0xe4dd020d,Qma00a340f44afab20fc0826b440f82aaff14c83c6169c,0.0.4891024,3057,2026-09-13 11:48:30 UTC,0x6755d14cdad0bac64caf141f3ca543a48514792e5d9af7ec1f112942d7754afe,0.0001
CLM-00058,POL-HDFC-849258-730,HDFC ERGO Health Insurance,0x3C44CdDdB6a900fa2b585dd299e03d12FA4293BC,IRDAI-REG-146,Paramount TPA,Yashwanth Pillai,849258,0xb0692afe2b71dc0f271d8b943cfb342c1e765a37,Care & Cure Pediatric & Maternity Hospital,0x937F51E09477BfD31E56c5e533038a8eEAc096b7,Dr. Rajesh Sharma,NMC-78491,G40.909,"Epilepsy, unspecified, without status epilepticus",Neurology,53074.97,39806.23,2653.75,20%,Approved & Settled,Ledger Verified & Payout Secured,Active - Full Disclosure,Discharge Summary; Surgical Notes; Lab Reports,Insurance Claim Adjudication & Pre-Auth Verification,24 Hours (Statutory Emergency Window),AES-256-GCM,vault-transit-key-0xb0692afe,Qm8fee4c1a329ef4628fdb4523ba1dac2a103867c80d0c,0.0.4891024,3058,2026-09-13 11:48:31 UTC,0x64d6e1dcf9dbfc685c7a3654e826ff9d9809f0ff0600d6d4f29e19d1a617d851,0.0001
CLM-00059,POL-STAR-849259-868,Star Health & Allied Insurance,0x70997970C51812dc3A010C7d01b50e0d17dc79C8,IRDAI-REG-129,MediAssist TPA,Priyanka Ghosh,849259,0x60bba5f14493981e86a700ac06da35a940320c49,Fortis Memorial Neuro & Trauma Center,0x84f93618C1D541bB1Dcf1373A8eE500A7D439634,Dr. Ananya Roy,NMC-51203,C50.919,Malignant neoplasm of female breast,Oncology,421465.15,332172.12,5000.0,20%,Approved & Settled,Ledger Verified & Payout Secured,Active - Full Disclosure,Emergency Admission Record; Diagnostic Imaging CT/MRI,Insurance Claim Adjudication & Pre-Auth Verification,24 Hours (Statutory Emergency Window),AES-256-GCM,vault-transit-key-0x60bba5f1,Qm9077dd20a035ac3cba346e0fa1f43d81a5ae68a4ae7d,0.0.4891024,3059,2026-09-13 11:48:33 UTC,0x5fe29ea2fe064c2ad418445c4174a6935e127b19184480ce6ab8d5c1923fdddf,0.0001
CLM-00060,POL-HDFC-849260-448,HDFC ERGO Health Insurance,0x3C44CdDdB6a900fa2b585dd299e03d12FA4293BC,IRDAI-REG-146,Paramount TPA,Neha Chatterjee,849260,0x3f9a37934c06ed7fe50496da8d8715c57928e427,Fortis Memorial Neuro & Trauma Center,0x84f93618C1D541bB1Dcf1373A8eE500A7D439634,Dr. Sunita Narang,NMC-90812,G40.909,"Epilepsy, unspecified, without status epilepticus",Neurology,43085.55,34468.44,2154.28,15%,Approved & Settled,Ledger Verified & Payout Secured,Active - Full Disclosure,Diagnosis; Lab Reports; Itemized Pharmacy Bill,Insurance Claim Adjudication & Pre-Auth Verification,24 Hours (Statutory Emergency Window),AES-256-GCM,vault-transit-key-0x3f9a3793,Qm8fff272e3c22891ff294e8baa16283c0acf9babd4274,0.0.4891024,3060,2026-09-13 11:48:35 UTC,0x970f8642b27280aa8a9578e92f6981c25e14d2ecf713e1a77a098018691521b3,0.0001
CLM-00061,POL-CARE-849261-807,Care Health Insurance (Religare),0x15d34AAf54267DB7D7c367839AAf71A00a2C6A65,IRDAI-REG-148,Heritage Health TPA,Priyanka Menon,849261,0x416516b468604c4ec6ab8a54bef80658517faa49,Care & Cure Pediatric & Maternity Hospital,0x937F51E09477BfD31E56c5e533038a8eEAc096b7,Dr. Rohan Patel,NMC-11029,C50.919,Malignant neoplasm of female breast,Oncology,423411.92,333729.54,5000.0,20%,Approved & Settled,Ledger Verified & Payout Secured,Active - Full Disclosure,Lab Reports; Diagnosis; Treatment History; Discharge Summary,Insurance Claim Adjudication & Pre-Auth Verification,24 Hours (Statutory Emergency Window),AES-256-GCM,vault-transit-key-0x416516b4,Qmb237aae371cd70ae56e880ef0e6048ffcf00769d6e48,0.0.4891024,3061,2026-09-13 11:48:37 UTC,0x98c92de62de10f94e25a598a6afb48a81de584cf745e9e65a537b0a6ee5bf11f,0.0001
CLM-00062,POL-CARE-849262-584,Care Health Insurance (Religare),0x15d34AAf54267DB7D7c367839AAf71A00a2C6A65,IRDAI-REG-148,Heritage Health TPA,Riya Rao,849262,0x10d06db5305c727ebf35416b8b56620bfb4917be,Max Super Speciality Cancer Institute,0x28B7eA94B34C8F52D19E50Eb14769Da20F5D54b4,Dr. Vikram Seth,NMC-99014,S06.9X0A,Unspecified intracranial injury / Concussion,Trauma & Emergency,132142.23,107320.9,5000.0,15%,Approved & Settled,Ledger Verified & Payout Secured,Active - Full Disclosure,Discharge Summary; Surgical Notes; Lab Reports,Insurance Claim Adjudication & Pre-Auth Verification,24 Hours (Statutory Emergency Window),AES-256-GCM,vault-transit-key-0x10d06db5,Qmfb9e068381485dc86550cb6bca00f3e166437fc11698,0.0.4891024,3062,2026-09-13 11:48:39 UTC,0x0a70cc2572adb64107c853304d0954e40f9d8b1bfc46288301ffec56bf164141,0.0001
CLM-00063,POL-ICIC-849263-838,ICICI Lombard General Insurance,0x90F79bf6EB2c4f870365E785982E1f101E93b906,IRDAI-REG-115,Vidal Health TPA,Yashwanth Deshmukh,849263,0x0bafb27750616d34a87fff4867f24bae9ec346a2,Fortis Memorial Neuro & Trauma Center,0x84f93618C1D541bB1Dcf1373A8eE500A7D439634,Dr. Rajesh Sharma,NMC-78491,I21.9,"Acute myocardial infarction, unspecified",Cardiology,241732.42,0.0,5000.0,0%,Pending Adjudication,Audit Logged - Under Verification,Active - Time-Bound Access,Diagnosis; Lab Reports; Itemized Pharmacy Bill,Insurance Claim Adjudication & Pre-Auth Verification,24 Hours (Statutory Emergency Window),AES-256-GCM,vault-transit-key-0x0bafb277,Qm2102684ab797527f3c2e859cf2d750fe2b1139bc761a,0.0.4891024,3063,2026-09-13 11:48:41 UTC,0x5065049f71e7663ac8c68453b7547b0c1f0db178aee57a011bcd284152934c30,0.0001
CLM-00064,POL-CARE-849264-202,Care Health Insurance (Religare),0x15d34AAf54267DB7D7c367839AAf71A00a2C6A65,IRDAI-REG-148,Heritage Health TPA,Pooja Menon,849264,0xe5bbfc7e47ae9aaff0caead1f4f00ec94a3aacad,Fortis Memorial Neuro & Trauma Center,0x84f93618C1D541bB1Dcf1373A8eE500A7D439634,Dr. Preeti Deshmukh,NMC-82194,G40.909,"Epilepsy, unspecified, without status epilepticus",Neurology,53536.68,42829.35,2676.83,15%,Approved & Settled,Ledger Verified & Payout Secured,Active - Full Disclosure,Diagnosis; Lab Reports; Itemized Pharmacy Bill,Insurance Claim Adjudication & Pre-Auth Verification,24 Hours (Statutory Emergency Window),AES-256-GCM,vault-transit-key-0xe5bbfc7e,Qmadf69e6d6ddd8b1eb012de4a2b72a496d9d0c9108766,0.0.4891024,3064,2026-09-13 11:48:43 UTC,0x91ad938a43efbe9a0bd9ccbe8ab84656d83efc2cafa8de6650696c55446574fc,0.0001
CLM-00065,POL-NIVA-849265-155,Niva Bupa Health Insurance,0x9965507D1a55bcC2695C58ba16FB37d819B0A4dc,IRDAI-REG-145,MDIndia Health TPA,Aarav Pillai,849265,0x49ebaf3e457d1215d2303b736b314d0779a82955,Max Super Speciality Cancer Institute,0x28B7eA94B34C8F52D19E50Eb14769Da20F5D54b4,Dr. Vikram Seth,NMC-99014,I10,Essential (primary) hypertension,Cardiology,32746.83,0.0,1637.34,10%,Pending Adjudication,Audit Logged - Under Verification,Active - Time-Bound Access,Emergency Admission Record; Diagnostic Imaging CT/MRI,Insurance Claim Adjudication & Pre-Auth Verification,24 Hours (Statutory Emergency Window),AES-256-GCM,vault-transit-key-0x49ebaf3e,Qm3f2187f8fcef8d92b38ea2ba0df28de8b5634dd09e8a,0.0.4891024,3065,2026-09-13 11:48:45 UTC,0x4684b1bf72ca11271fd9df786aa036400fc1088d51578854da4e72e25d1e07bb,0.0001
CLM-00066,POL-ICIC-849266-448,ICICI Lombard General Insurance,0x90F79bf6EB2c4f870365E785982E1f101E93b906,IRDAI-REG-115,Vidal Health TPA,Aarav Saxena,849266,0xd42c7df62dfbf6abf594c9ad64812e65191805cf,Care & Cure Pediatric & Maternity Hospital,0x937F51E09477BfD31E56c5e533038a8eEAc096b7,Dr. Ananya Roy,NMC-51203,A90,Dengue fever [classical dengue],Infectious Disease,31454.84,29882.1,1572.74,0%,Approved & Settled,Ledger Verified & Payout Secured,Active - Full Disclosure,Emergency Admission Record; Diagnostic Imaging CT/MRI,Insurance Claim Adjudication & Pre-Auth Verification,24 Hours (Statutory Emergency Window),AES-256-GCM,vault-transit-key-0xd42c7df6,Qm825f5b65e5035efcf90817a9e5915e6ee437b68cfef6,0.0.4891024,3066,2026-09-13 11:48:46 UTC,0xad2f4d7dfd0155f989dff17cac7177a4f3f6984f7ef234fe4d4592695fb4fc29,0.0001
CLM-00067,POL-CARE-849267-255,Care Health Insurance (Religare),0x15d34AAf54267DB7D7c367839AAf71A00a2C6A65,IRDAI-REG-148,Heritage Health TPA,Deepak Joshi,849267,0x186109c2b46b8de2b6ee0de1567b3ca541fa0ddc,Apollo Multispecialty Hospital,0x155Af6ECaFb48861dA7d16Fb8Af2f6ce9d6DD779,Dr. Rohan Patel,NMC-11029,I10,Essential (primary) hypertension,Cardiology,27563.46,22050.77,1378.17,15%,Approved & Settled,Ledger Verified & Payout Secured,Active - Full Disclosure,Diagnosis; Lab Reports; Itemized Pharmacy Bill,Insurance Claim Adjudication & Pre-Auth Verification,24 Hours (Statutory Emergency Window),AES-256-GCM,vault-transit-key-0x186109c2,Qm53746f7b8d1053ebace3522c63a0202a43495e4d4688,0.0.4891024,3067,2026-09-13 11:48:48 UTC,0xe87751112b8f91396fe8d2ca9d4b244273f90b709d6ec55deafc0409e36cd409,0.0001
CLM-00068,POL-CARE-849268-894,Care Health Insurance (Religare),0x15d34AAf54267DB7D7c367839AAf71A00a2C6A65,IRDAI-REG-148,Heritage Health TPA,Harish Gowda,849268,0xae609e2925658ccab862600e0628e6f09342401e,Apex Diagnostic & Pathology Hub,0x04Fee3FD1B338d12FFD6dBD8d66dE1e8e0BB99cB,Dr. Rohan Patel,NMC-11029,C50.919,Malignant neoplasm of female breast,Oncology,431359.9,0.0,5000.0,20%,Awaiting Patient Consent Approval,Access Requested via Ledger,Pending Patient Authorization,Discharge Summary; Surgical Notes; Lab Reports,Insurance Claim Adjudication & Pre-Auth Verification,24 Hours (Statutory Emergency Window),AES-256-GCM,vault-transit-key-0xae609e29,Qmc246aac63e07da51439e52938afd48eaf51ffba9f1ac,0.0.4891024,3068,2026-09-13 11:48:51 UTC,0xa6b2f2ccf7625174978ddb5055fe3b825071c204c4d25603dd693a7982651454,0.0001
CLM-00069,POL-NIVA-849269-881,Niva Bupa Health Insurance,0x9965507D1a55bcC2695C58ba16FB37d819B0A4dc,IRDAI-REG-145,MDIndia Health TPA,Varun Choudhury,849269,0xdbfd8486907241fc5a9b8388d451c55794e980f6,Apex Diagnostic & Pathology Hub,0x04Fee3FD1B338d12FFD6dBD8d66dE1e8e0BB99cB,Dr. Sarah Jenkins,NMC-48192,I21.9,"Acute myocardial infarction, unspecified",Cardiology,243408.62,214067.76,5000.0,10%,Approved & Settled,Ledger Verified & Payout Secured,Active - Full Disclosure,Lab Reports; Diagnosis; Treatment History; Discharge Summary,Insurance Claim Adjudication & Pre-Auth Verification,24 Hours (Statutory Emergency Window),AES-256-GCM,vault-transit-key-0xdbfd8486,Qmc5602b1d96c98a1d1035d20a404ed65c8a67f553a3d2,0.0.4891024,3069,2026-09-13 11:48:52 UTC,0x2649767fe3631a7115621697fcd97ae4d145d42c0712f9de2d387e1354c7d65d,0.0001
CLM-00070,POL-NIVA-849270-518,Niva Bupa Health Insurance,0x9965507D1a55bcC2695C58ba16FB37d819B0A4dc,IRDAI-REG-145,MDIndia Health TPA,Priyanka Nair,849270,0x80e728a785e9b1868feb08e94f6345c53006850b,Apollo Multispecialty Hospital,0x155Af6ECaFb48861dA7d16Fb8Af2f6ce9d6DD779,Dr. Rajesh Sharma,NMC-78491,I10,Essential (primary) hypertension,Cardiology,31427.71,23570.78,1571.39,20%,Approved & Settled,Ledger Verified & Payout Secured,Active - Full Disclosure,Diagnosis; Lab Reports; Itemized Pharmacy Bill,Insurance Claim Adjudication & Pre-Auth Verification,24 Hours (Statutory Emergency Window),AES-256-GCM,vault-transit-key-0x80e728a7,Qm5bbd001aff9689411efb3507e9e11b74f250eb71f56c,0.0.4891024,3070,2026-09-13 11:48:54 UTC,0x3bc3933cfdd98afc5ca85582dfa987917f6f5ffb07c8f49aa96170588723dbf8,0.0001
CLM-00071,POL-CARE-849271-370,Care Health Insurance (Religare),0x15d34AAf54267DB7D7c367839AAf71A00a2C6A65,IRDAI-REG-148,Heritage Health TPA,Riya Pillai,849271,0xbe88affc9a74c72c103a9a8fdacbc4000cafb8ac,Apollo Multispecialty Hospital,0x155Af6ECaFb48861dA7d16Fb8Af2f6ce9d6DD779,Dr. Preeti Deshmukh,NMC-82194,C50.919,Malignant neoplasm of female breast,Oncology,476718.59,424046.73,5000.0,10%,Approved & Settled,Ledger Verified & Payout Secured,Active - Full Disclosure,Diagnosis; Lab Reports; Itemized Pharmacy Bill,Insurance Claim Adjudication & Pre-Auth Verification,24 Hours (Statutory Emergency Window),AES-256-GCM,vault-transit-key-0xbe88affc,Qmf9f5dba844691694bffb36f6526db07b178e63090082,0.0.4891024,3071,2026-09-13 11:48:57 UTC,0x1c07079541003295446d3f7c18d4951f8223cdfb8ebe94916b2fc1a7a01ac0db,0.0001
CLM-00072,POL-ICIC-849272-269,ICICI Lombard General Insurance,0x90F79bf6EB2c4f870365E785982E1f101E93b906,IRDAI-REG-115,Vidal Health TPA,Manish Malhotra,849272,0xbf8aa4808f3d8916edbf509263fb814552778d10,Max Super Speciality Cancer Institute,0x28B7eA94B34C8F52D19E50Eb14769Da20F5D54b4,Dr. Sarah Jenkins,NMC-48192,I10,Essential (primary) hypertension,Cardiology,35815.46,28652.37,1790.77,15%,Approved & Settled,Ledger Verified & Payout Secured,Active - Full Disclosure,Emergency Admission Record; Diagnostic Imaging CT/MRI,Insurance Claim Adjudication & Pre-Auth Verification,24 Hours (Statutory Emergency Window),AES-256-GCM,vault-transit-key-0xbf8aa480,Qm1840a7a3008f8014b91be5b8488aecc37629a0a8da9e,0.0.4891024,3072,2026-09-13 11:48:58 UTC,0xacebd4d9e8ab2520cc45c5f7931dd44cdc853bb04feb532e7cd5b0aba861d61f,0.0001
CLM-00073,POL-NIVA-849273-182,Niva Bupa Health Insurance,0x9965507D1a55bcC2695C58ba16FB37d819B0A4dc,IRDAI-REG-145,MDIndia Health TPA,Sneha Deshmukh,849273,0xe9f11b060a0a4cd3b491f19ce21679bf302b57da,Apex Diagnostic & Pathology Hub,0x04Fee3FD1B338d12FFD6dBD8d66dE1e8e0BB99cB,Dr. Ananya Roy,NMC-51203,A90,Dengue fever [classical dengue],Infectious Disease,37411.73,0.0,1870.59,20%,Pending Adjudication,Audit Logged - Under Verification,Active - Time-Bound Access,Discharge Summary; Surgical Notes; Lab Reports,Insurance Claim Adjudication & Pre-Auth Verification,24 Hours (Statutory Emergency Window),AES-256-GCM,vault-transit-key-0xe9f11b06,Qm97ff86433df47367134b8f577b5bb1b60f4a6b337cf2,0.0.4891024,3073,2026-09-13 11:49:00 UTC,0xa5729815f26ade64f7c867d9ef4136e1ea3cd79201575d7d65011a2dee0ef1fe,0.0001
CLM-00074,POL-NIVA-849274-690,Niva Bupa Health Insurance,0x9965507D1a55bcC2695C58ba16FB37d819B0A4dc,IRDAI-REG-145,MDIndia Health TPA,Divya Rao,849274,0x468413a0724794380a2657cb9ac5f9426605f215,Apex Diagnostic & Pathology Hub,0x04Fee3FD1B338d12FFD6dBD8d66dE1e8e0BB99cB,Dr. Sarah Jenkins,NMC-48192,G40.909,"Epilepsy, unspecified, without status epilepticus",Neurology,38560.38,32776.32,1928.02,10%,Approved & Settled,Ledger Verified & Payout Secured,Active - Full Disclosure,Emergency Admission Record; Diagnostic Imaging CT/MRI,Insurance Claim Adjudication & Pre-Auth Verification,24 Hours (Statutory Emergency Window),AES-256-GCM,vault-transit-key-0x468413a0,Qm17e2ea63c022d59465701db737f00c554dac437a315a,0.0.4891024,3074,2026-09-13 11:49:02 UTC,0xbbcc91bdecacc307c98aad19ed03a4844d16b6154fc27ecaf38471c8522925e8,0.0001
CLM-00075,POL-CARE-849275-456,Care Health Insurance (Religare),0x15d34AAf54267DB7D7c367839AAf71A00a2C6A65,IRDAI-REG-148,Heritage Health TPA,Neha Saxena,849275,0xc0a5e174e26adc8960be0a29ac504749737a3bff,Care & Cure Pediatric & Maternity Hospital,0x937F51E09477BfD31E56c5e533038a8eEAc096b7,Dr. Sarah Jenkins,NMC-48192,A90,Dengue fever [classical dengue],Infectious Disease,34680.21,0.0,1734.01,15%,Pending Adjudication,Audit Logged - Under Verification,Active - Time-Bound Access,Diagnosis; Lab Reports; Itemized Pharmacy Bill,Insurance Claim Adjudication & Pre-Auth Verification,24 Hours (Statutory Emergency Window),AES-256-GCM,vault-transit-key-0xc0a5e174,Qm4c857309150beb9c75673d3af7cc81b341542c5a1e32,0.0.4891024,3075,2026-09-13 11:49:04 UTC,0x43334f34b07806731d3c59b0276960aa14c0e978fbfe10ea386184cc9d396f32,0.0001
CLM-00076,POL-CARE-849276-933,Care Health Insurance (Religare),0x15d34AAf54267DB7D7c367839AAf71A00a2C6A65,IRDAI-REG-148,Heritage Health TPA,Tanvi Pillai,849276,0x0191f3a003d6f062dccc7432596dec3587c7b48d,Fortis Memorial Neuro & Trauma Center,0x84f93618C1D541bB1Dcf1373A8eE500A7D439634,Dr. Preeti Deshmukh,NMC-82194,K21.9,Gastro-esophageal reflux disease,Gastroenterology,15527.81,14751.42,776.39,0%,Approved & Settled,Ledger Verified & Payout Secured,Active - Full Disclosure,Discharge Summary; Surgical Notes; Lab Reports,Insurance Claim Adjudication & Pre-Auth Verification,24 Hours (Statutory Emergency Window),AES-256-GCM,vault-transit-key-0x0191f3a0,Qm1df364d231aa6c77c28223b18bb996ccdaaabd9a92e0,0.0.4891024,3076,2026-09-13 11:49:06 UTC,0xa13906e9095bba59f49b52af19e4c3eb24a227d112ba71cae819f07eb4d6b47b,0.0001
CLM-00077,POL-CARE-849277-773,Care Health Insurance (Religare),0x15d34AAf54267DB7D7c367839AAf71A00a2C6A65,IRDAI-REG-148,Heritage Health TPA,Sakshi Reddy,849277,0xc88eb67383879145c522bbedb5b3e68d29d45249,Apex Diagnostic & Pathology Hub,0x04Fee3FD1B338d12FFD6dBD8d66dE1e8e0BB99cB,Dr. Sunita Narang,NMC-90812,I10,Essential (primary) hypertension,Cardiology,36799.64,27599.73,1839.98,20%,Approved & Settled,Ledger Verified & Payout Secured,Active - Full Disclosure,Diagnosis; Lab Reports; Itemized Pharmacy Bill,Insurance Claim Adjudication & Pre-Auth Verification,24 Hours (Statutory Emergency Window),AES-256-GCM,vault-transit-key-0xc88eb673,Qmdc807ff4f908874cc6ba7fac90af8f1c2be9822896af,0.0.4891024,3077,2026-09-13 11:49:08 UTC,0x9990d5bdfe59afcaf95cb01a646521c878901af8427f822038f54a17c6b7c6f0,0.0001
CLM-00078,POL-CARE-849278-308,Care Health Insurance (Religare),0x15d34AAf54267DB7D7c367839AAf71A00a2C6A65,IRDAI-REG-148,Heritage Health TPA,Shreya Agarwal,849278,0x81b111ba671d54a470dd28ac31e5b3dcdaa199af,Care & Cure Pediatric & Maternity Hospital,0x937F51E09477BfD31E56c5e533038a8eEAc096b7,Dr. Sunita Narang,NMC-90812,I10,Essential (primary) hypertension,Cardiology,29075.0,0.0,1453.75,10%,Awaiting Patient Consent Approval,Access Requested via Ledger,Pending Patient Authorization,Emergency Admission Record; Diagnostic Imaging CT/MRI,Insurance Claim Adjudication & Pre-Auth Verification,24 Hours (Statutory Emergency Window),AES-256-GCM,vault-transit-key-0x81b111ba,Qm84e1efd8e9d208ae99e9282592f0addfc1147dc746bb,0.0.4891024,3078,2026-09-13 11:49:10 UTC,0xc00f64233427665e0538c6a384b2804c98dbe2f662cb670798f8fcf0959d0abc,0.0001
CLM-00079,POL-NIVA-849279-418,Niva Bupa Health Insurance,0x9965507D1a55bcC2695C58ba16FB37d819B0A4dc,IRDAI-REG-145,MDIndia Health TPA,Ishaan Sharma,849279,0x6255f6ddf0cee995a6d78723729139c0ea4152c2,Max Super Speciality Cancer Institute,0x28B7eA94B34C8F52D19E50Eb14769Da20F5D54b4,Dr. Preeti Deshmukh,NMC-82194,E11.9,Type 2 diabetes mellitus without complications,Endocrinology,21235.73,15926.79,1061.79,20%,Approved & Settled,Ledger Verified & Payout Secured,Active - Full Disclosure,Lab Reports; Diagnosis; Treatment History; Discharge Summary,Insurance Claim Adjudication & Pre-Auth Verification,24 Hours (Statutory Emergency Window),AES-256-GCM,vault-transit-key-0x6255f6dd,Qm980d1015ed055045496680cdd2cd61ec8219ed8bf087,0.0.4891024,3079,2026-09-13 11:49:12 UTC,0xda5132268470846b10ba5b19a7d67c1a8b05294f337a07c2f0b57444a4cd2112,0.0001
CLM-00080,POL-HDFC-849280-621,HDFC ERGO Health Insurance,0x3C44CdDdB6a900fa2b585dd299e03d12FA4293BC,IRDAI-REG-146,Paramount TPA,Ishaan Kulkarni,849280,0xf3a04364e0ffb794ce0799715f5b287f4a8afdfd,Care & Cure Pediatric & Maternity Hospital,0x937F51E09477BfD31E56c5e533038a8eEAc096b7,Dr. Preeti Deshmukh,NMC-82194,G40.909,"Epilepsy, unspecified, without status epilepticus",Neurology,51132.28,0.0,2556.61,20%,Awaiting Patient Consent Approval,Access Requested via Ledger,Pending Patient Authorization,Emergency Admission Record; Diagnostic Imaging CT/MRI,Insurance Claim Adjudication & Pre-Auth Verification,24 Hours (Statutory Emergency Window),AES-256-GCM,vault-transit-key-0xf3a04364,Qm6d8d8dabe4cbc74f8dc2c4dc92247759785f3a7f23dc,0.0.4891024,3080,2026-09-13 11:49:13 UTC,0x133a8756f2d2548e0f6141e91fe663bd4519803ae30cc91486a66a9bdd49bd5d,0.0001
CLM-00081,POL-HDFC-849281-984,HDFC ERGO Health Insurance,0x3C44CdDdB6a900fa2b585dd299e03d12FA4293BC,IRDAI-REG-146,Paramount TPA,Yashwanth Pandey,849281,0x1fc754f3ff69a3eb54bb7e46d9de132e1a12cc8c,Care & Cure Pediatric & Maternity Hospital,0x937F51E09477BfD31E56c5e533038a8eEAc096b7,Dr. Rajesh Sharma,NMC-78491,E11.9,Type 2 diabetes mellitus without complications,Endocrinology,17231.17,12923.38,861.56,20%,Approved & Settled,Ledger Verified & Payout Secured,Active - Full Disclosure,Discharge Summary; Surgical Notes; Lab Reports,Insurance Claim Adjudication & Pre-Auth Verification,24 Hours (Statutory Emergency Window),AES-256-GCM,vault-transit-key-0x1fc754f3,Qm42d1e63a78eca2f4c05ef3c239ae424820b45eebc6a0,0.0.4891024,3081,2026-09-13 11:49:15 UTC,0xa2e08f97aee6040c64c5fd52b27c8191fd901fa93a8df9139c8c10cc43442625,0.0001
CLM-00082,POL-ICIC-849282-986,ICICI Lombard General Insurance,0x90F79bf6EB2c4f870365E785982E1f101E93b906,IRDAI-REG-115,Vidal Health TPA,Riya Menon,849282,0x140dc429ae46fe469adeda0a7eb2a3bc484e9be4,Apex Diagnostic & Pathology Hub,0x04Fee3FD1B338d12FFD6dBD8d66dE1e8e0BB99cB,Dr. Rohan Patel,NMC-11029,A90,Dengue fever [classical dengue],Infectious Disease,30939.77,23204.83,1546.99,20%,Approved & Settled,Ledger Verified & Payout Secured,Active - Full Disclosure,Emergency Admission Record; Diagnostic Imaging CT/MRI,Insurance Claim Adjudication & Pre-Auth Verification,24 Hours (Statutory Emergency Window),AES-256-GCM,vault-transit-key-0x140dc429,Qm3ebe7839dc2fd88cdd3fbcad440284661111d0dcdc5c,0.0.4891024,3082,2026-09-13 11:49:18 UTC,0x46861b39000d2f3a1be8c7af590865a816ed933264b73ac7d18fd0d1714a7432,0.0001
CLM-00083,POL-HDFC-849283-339,HDFC ERGO Health Insurance,0x3C44CdDdB6a900fa2b585dd299e03d12FA4293BC,IRDAI-REG-146,Paramount TPA,Sakshi Mukherjee,849283,0xabf27e346550469dee67c2fb8e92533d96058bc8,Max Super Speciality Cancer Institute,0x28B7eA94B34C8F52D19E50Eb14769Da20F5D54b4,Dr. Rohan Patel,NMC-11029,K21.9,Gastro-esophageal reflux disease,Gastroenterology,16065.07,12048.81,803.25,20%,Approved & Settled,Ledger Verified & Payout Secured,Active - Full Disclosure,Emergency Admission Record; Diagnostic Imaging CT/MRI,Insurance Claim Adjudication & Pre-Auth Verification,24 Hours (Statutory Emergency Window),AES-256-GCM,vault-transit-key-0xabf27e34,Qm2a309e989d5329d9166568c2442bcea4bf190e997fa9,0.0.4891024,3083,2026-09-13 11:49:19 UTC,0x84d7b0013a17a90c3dc6a9cc18e9b25d57d4d534f527f9433a19192ac6e49e75,0.0001
CLM-00084,POL-HDFC-849284-614,HDFC ERGO Health Insurance,0x3C44CdDdB6a900fa2b585dd299e03d12FA4293BC,IRDAI-REG-146,Paramount TPA,Siddharth Shetty,849284,0x96515872eeeb2e8da8b36d6f3139d1edb5418e92,Care & Cure Pediatric & Maternity Hospital,0x937F51E09477BfD31E56c5e533038a8eEAc096b7,Dr. Sarah Jenkins,NMC-48192,E11.9,Type 2 diabetes mellitus without complications,Endocrinology,24686.57,0.0,1234.33,15%,Awaiting Patient Consent Approval,Access Requested via Ledger,Pending Patient Authorization,Emergency Admission Record; Diagnostic Imaging CT/MRI,Insurance Claim Adjudication & Pre-Auth Verification,24 Hours (Statutory Emergency Window),AES-256-GCM,vault-transit-key-0x96515872,Qm5e79fa872f0245fd2e13b05a31ddb863c02fae0ef024,0.0.4891024,3084,2026-09-13 11:49:21 UTC,0xe644d9ea40d36d9ce89280798b6bd2a6c185a0c00a596240ee1f489811238b93,0.0001
CLM-00085,POL-CARE-849285-519,Care Health Insurance (Religare),0x15d34AAf54267DB7D7c367839AAf71A00a2C6A65,IRDAI-REG-148,Heritage Health TPA,Chetan Malhotra,849285,0x2ee749a7d263da2a41f3dd29b3bb46a0c7373b22,Apollo Multispecialty Hospital,0x155Af6ECaFb48861dA7d16Fb8Af2f6ce9d6DD779,Dr. Preeti Deshmukh,NMC-82194,E11.9,Type 2 diabetes mellitus without complications,Endocrinology,23900.52,20315.44,1195.03,10%,Approved & Settled,Ledger Verified & Payout Secured,Active - Full Disclosure,Discharge Summary; Surgical Notes; Lab Reports,Insurance Claim Adjudication & Pre-Auth Verification,24 Hours (Statutory Emergency Window),AES-256-GCM,vault-transit-key-0x2ee749a7,Qm2973406d466b142fad1570ca5181a05a4a94dc20fc54,0.0.4891024,3085,2026-09-13 11:49:23 UTC,0xc2fe3985569b4da5894e6522c586bece32b210f59932eb63068b05a517f0a7dd,0.0001
CLM-00086,POL-CARE-849286-972,Care Health Insurance (Religare),0x15d34AAf54267DB7D7c367839AAf71A00a2C6A65,IRDAI-REG-148,Heritage Health TPA,Nandini Pillai,849286,0x417b8edbd84a91d1bde5797f8c9e1dcda221f5c0,Apollo Multispecialty Hospital,0x155Af6ECaFb48861dA7d16Fb8Af2f6ce9d6DD779,Dr. Sunita Narang,NMC-90812,S06.9X0A,Unspecified intracranial injury / Concussion,Trauma & Emergency,138398.0,0.0,5000.0,20%,Rejected - Policy Exclusion,Rejected with Ledger Audit Reason,Expired / Revoked,Emergency Admission Record; Diagnostic Imaging CT/MRI,Insurance Claim Adjudication & Pre-Auth Verification,24 Hours (Statutory Emergency Window),AES-256-GCM,vault-transit-key-0x417b8edb,Qmd483f7ced75ac97b15ad5e55bbc553ada2c806d9e259,0.0.4891024,3086,2026-09-13 11:49:25 UTC,0xe922acbb444ba54233e88851190d3c614279d02d8b36554453f5d5ccc9605aa1,0.0001
CLM-00087,POL-STAR-849287-332,Star Health & Allied Insurance,0x70997970C51812dc3A010C7d01b50e0d17dc79C8,IRDAI-REG-129,MediAssist TPA,Ananya Agarwal,849287,0x3b5eca969db46731e7ad7088be47cc69242f6738,Max Super Speciality Cancer Institute,0x28B7eA94B34C8F52D19E50Eb14769Da20F5D54b4,Dr. Preeti Deshmukh,NMC-82194,G40.909,"Epilepsy, unspecified, without status epilepticus",Neurology,51913.88,0.0,2595.69,20%,Rejected - Policy Exclusion,Rejected with Ledger Audit Reason,Expired / Revoked,Lab Reports; Diagnosis; Treatment History; Discharge Summary,Insurance Claim Adjudication & Pre-Auth Verification,24 Hours (Statutory Emergency Window),AES-256-GCM,vault-transit-key-0x3b5eca96,Qm03e0dc58a293fa9c2de6b6473a54c9a9a78c08b85178,0.0.4891024,3087,2026-09-13 11:49:27 UTC,0x24f2683ed53c4936d4a4d219968fcdcefed53a9506a0133091027e0b6b39adf9,0.0001
CLM-00088,POL-ICIC-849288-915,ICICI Lombard General Insurance,0x90F79bf6EB2c4f870365E785982E1f101E93b906,IRDAI-REG-115,Vidal Health TPA,Meera Pillai,849288,0x32506db59f79cbb5f9dccf3d5ecc40a4369e67c3,Apollo Multispecialty Hospital,0x155Af6ECaFb48861dA7d16Fb8Af2f6ce9d6DD779,Dr. Sarah Jenkins,NMC-48192,S06.9X0A,Unspecified intracranial injury / Concussion,Trauma & Emergency,106404.17,85443.54,5000.0,15%,Approved & Settled,Ledger Verified & Payout Secured,Active - Full Disclosure,Diagnosis; Lab Reports; Itemized Pharmacy Bill,Insurance Claim Adjudication & Pre-Auth Verification,24 Hours (Statutory Emergency Window),AES-256-GCM,vault-transit-key-0x32506db5,Qm20d252a6909a49176ffa64e0f3d7c1c73a43a3b1e794,0.0.4891024,3088,2026-09-13 11:49:29 UTC,0xac1942ca3839477e782661bee14415b36d00cc2e8f07779c8054a17b642c3f49,0.0001
CLM-00089,POL-NIVA-849289-180,Niva Bupa Health Insurance,0x9965507D1a55bcC2695C58ba16FB37d819B0A4dc,IRDAI-REG-145,MDIndia Health TPA,Chetan Kapoor,849289,0x69af8f19237140012ec8454f6922f6d43341a8bd,Max Super Speciality Cancer Institute,0x28B7eA94B34C8F52D19E50Eb14769Da20F5D54b4,Dr. Rajesh Sharma,NMC-78491,E11.9,Type 2 diabetes mellitus without complications,Endocrinology,21724.02,0.0,1086.2,20%,Pending Adjudication,Audit Logged - Under Verification,Active - Time-Bound Access,Diagnosis; Lab Reports; Itemized Pharmacy Bill,Insurance Claim Adjudication & Pre-Auth Verification,24 Hours (Statutory Emergency Window),AES-256-GCM,vault-transit-key-0x69af8f19,Qmb8044ded4533de358cbc89d81158b24b8333390b3c8a,0.0.4891024,3089,2026-09-13 11:49:31 UTC,0x6f5c3e0175f3ef9033d744a3fd48db6acf031fd6bd975886bc29bb06331cb1b2,0.0001
CLM-00090,POL-HDFC-849290-570,HDFC ERGO Health Insurance,0x3C44CdDdB6a900fa2b585dd299e03d12FA4293BC,IRDAI-REG-146,Paramount TPA,Lata Gupta,849290,0xf7065f9ee7e3b991600ba954f140fc7f67dff962,Care & Cure Pediatric & Maternity Hospital,0x937F51E09477BfD31E56c5e533038a8eEAc096b7,Dr. Preeti Deshmukh,NMC-82194,G40.909,"Epilepsy, unspecified, without status epilepticus",Neurology,42625.67,0.0,2131.28,0%,Awaiting Patient Consent Approval,Access Requested via Ledger,Pending Patient Authorization,Emergency Admission Record; Diagnostic Imaging CT/MRI,Insurance Claim Adjudication & Pre-Auth Verification,24 Hours (Statutory Emergency Window),AES-256-GCM,vault-transit-key-0xf7065f9e,Qm947e4d220b9a2e8156f780d3ffacf18f25eb968fa3ee,0.0.4891024,3090,2026-09-13 11:49:33 UTC,0x08651c5c52194578b6e821f25c063472f21b027c6a9574cc9c090eacfb5138c2,0.0001
CLM-00091,POL-STAR-849291-754,Star Health & Allied Insurance,0x70997970C51812dc3A010C7d01b50e0d17dc79C8,IRDAI-REG-129,MediAssist TPA,Geeta Nair,849291,0xd63d6772d6b6d12e7d3374f7ed42a8eaedb7f515,Care & Cure Pediatric & Maternity Hospital,0x937F51E09477BfD31E56c5e533038a8eEAc096b7,Dr. Vikram Seth,NMC-99014,G40.909,"Epilepsy, unspecified, without status epilepticus",Neurology,55982.35,44785.88,2799.12,15%,Approved & Settled,Ledger Verified & Payout Secured,Active - Full Disclosure,Discharge Summary; Surgical Notes; Lab Reports,Insurance Claim Adjudication & Pre-Auth Verification,24 Hours (Statutory Emergency Window),AES-256-GCM,vault-transit-key-0xd63d6772,Qmedbd15e1128be48666d312e97855ef2a64dc76b0db2a,0.0.4891024,3091,2026-09-13 11:49:35 UTC,0x9bbf4402ab9ae0485e7b61cfa8bdc64b018874784e3a65d874deca070481eff2,0.0001
CLM-00092,POL-CARE-849292-685,Care Health Insurance (Religare),0x15d34AAf54267DB7D7c367839AAf71A00a2C6A65,IRDAI-REG-148,Heritage Health TPA,Siddharth Mukherjee,849292,0xb2879ed4e0c221cf9bea4b98ac8430d89469821a,Apollo Multispecialty Hospital,0x155Af6ECaFb48861dA7d16Fb8Af2f6ce9d6DD779,Dr. Rajesh Sharma,NMC-78491,K21.9,Gastro-esophageal reflux disease,Gastroenterology,13269.15,0.0,663.46,15%,Rejected - Policy Exclusion,Rejected with Ledger Audit Reason,Expired / Revoked,Discharge Summary; Surgical Notes; Lab Reports,Insurance Claim Adjudication & Pre-Auth Verification,24 Hours (Statutory Emergency Window),AES-256-GCM,vault-transit-key-0xb2879ed4,Qmab17b5a0a308037642677fdf53e4b9b7bc89195db5c9,0.0.4891024,3092,2026-09-13 11:49:36 UTC,0x41a26fa29902209ce1b305da5a0b1607e3988f2549adc7199cac7419f560cd59,0.0001
CLM-00093,POL-STAR-849293-720,Star Health & Allied Insurance,0x70997970C51812dc3A010C7d01b50e0d17dc79C8,IRDAI-REG-129,MediAssist TPA,Sneha Deshmukh,849293,0x13303353c3dc995a481288abce5d2c11f76cd17f,Apex Diagnostic & Pathology Hub,0x04Fee3FD1B338d12FFD6dBD8d66dE1e8e0BB99cB,Dr. Sunita Narang,NMC-90812,I10,Essential (primary) hypertension,Cardiology,35206.83,0.0,1760.34,15%,Pending Adjudication,Audit Logged - Under Verification,Active - Time-Bound Access,Diagnosis; Lab Reports; Itemized Pharmacy Bill,Insurance Claim Adjudication & Pre-Auth Verification,24 Hours (Statutory Emergency Window),AES-256-GCM,vault-transit-key-0x13303353,Qm7756308a4b9af6f3998826b722723d6952bee46d02b9,0.0.4891024,3093,2026-09-13 11:49:39 UTC,0x1e47710e99ba7352ce3f08771eb381104cc1df91f1c1e70c0742446fc52b71c5,0.0001
CLM-00094,POL-HDFC-849294-743,HDFC ERGO Health Insurance,0x3C44CdDdB6a900fa2b585dd299e03d12FA4293BC,IRDAI-REG-146,Paramount TPA,Sanjay Rao,849294,0xea1a1a52e9f59db33747818303c347da5e6b71eb,Apex Diagnostic & Pathology Hub,0x04Fee3FD1B338d12FFD6dBD8d66dE1e8e0BB99cB,Dr. Vikram Seth,NMC-99014,E11.9,Type 2 diabetes mellitus without complications,Endocrinology,17458.89,16585.95,872.94,0%,Approved & Settled,Ledger Verified & Payout Secured,Active - Full Disclosure,Emergency Admission Record; Diagnostic Imaging CT/MRI,Insurance Claim Adjudication & Pre-Auth Verification,24 Hours (Statutory Emergency Window),AES-256-GCM,vault-transit-key-0xea1a1a52,Qmba82c7c96795b7db804ff174bf76175f413c8083d350,0.0.4891024,3094,2026-09-13 11:49:40 UTC,0x88e01b6428d44777642a9a8238bc2421d831185ab7b8c998dcc79337507b9c8f,0.0001
CLM-00095,POL-HDFC-849295-865,HDFC ERGO Health Insurance,0x3C44CdDdB6a900fa2b585dd299e03d12FA4293BC,IRDAI-REG-146,Paramount TPA,Lata Bhatia,849295,0xb4b4df14a42cba0ee68b5d6a38ac467dd347e822,Apollo Multispecialty Hospital,0x155Af6ECaFb48861dA7d16Fb8Af2f6ce9d6DD779,Dr. Vikram Seth,NMC-99014,S06.9X0A,Unspecified intracranial injury / Concussion,Trauma & Emergency,125002.29,107502.06,5000.0,10%,Approved & Settled,Ledger Verified & Payout Secured,Active - Full Disclosure,Discharge Summary; Surgical Notes; Lab Reports,Insurance Claim Adjudication & Pre-Auth Verification,24 Hours (Statutory Emergency Window),AES-256-GCM,vault-transit-key-0xb4b4df14,Qmbe8961f329a5a6b95d60a987e7facf24e05d0e6c640c,0.0.4891024,3095,2026-09-13 11:49:43 UTC,0x0cab1973a3c171db8ffb9d2c858156fd5531e93eea6f8e0e24643aa00e62e008,0.0001
CLM-00096,POL-ICIC-849296-925,ICICI Lombard General Insurance,0x90F79bf6EB2c4f870365E785982E1f101E93b906,IRDAI-REG-115,Vidal Health TPA,Bhavna Malhotra,849296,0x61327cc2c59c949aa78d73f958857fb98051b0b4,Max Super Speciality Cancer Institute,0x28B7eA94B34C8F52D19E50Eb14769Da20F5D54b4,Dr. Vikram Seth,NMC-99014,A90,Dengue fever [classical dengue],Infectious Disease,33050.04,0.0,1652.5,15%,Pending Adjudication,Audit Logged - Under Verification,Active - Time-Bound Access,Emergency Admission Record; Diagnostic Imaging CT/MRI,Insurance Claim Adjudication & Pre-Auth Verification,24 Hours (Statutory Emergency Window),AES-256-GCM,vault-transit-key-0x61327cc2,Qmd8856c37a1bf5653bc92bb1d82f378012c0537e18796,0.0.4891024,3096,2026-09-13 11:49:44 UTC,0x6c7131d6bbec2c56db90f324a277e78da02445599b6be41b58313763a69a9458,0.0001
CLM-00097,POL-HDFC-849297-192,HDFC ERGO Health Insurance,0x3C44CdDdB6a900fa2b585dd299e03d12FA4293BC,IRDAI-REG-146,Paramount TPA,Manish Gowda,849297,0x13235779321a5a00624ede2ffb9954283917d15b,Care & Cure Pediatric & Maternity Hospital,0x937F51E09477BfD31E56c5e533038a8eEAc096b7,Dr. Sunita Narang,NMC-90812,S06.9X0A,Unspecified intracranial injury / Concussion,Trauma & Emergency,144417.79,139417.79,5000.0,0%,Approved & Settled,Ledger Verified & Payout Secured,Active - Full Disclosure,Lab Reports; Diagnosis; Treatment History; Discharge Summary,Insurance Claim Adjudication & Pre-Auth Verification,24 Hours (Statutory Emergency Window),AES-256-GCM,vault-transit-key-0x13235779,Qm7b85740d43c866c879a039d6b146041c9f56c7462556,0.0.4891024,3097,2026-09-13 11:49:46 UTC,0x8bac3879a93247cf8e9607cdbcf97f51f82aee815087a0e8305422cb7347abb6,0.0001
CLM-00098,POL-ICIC-849298-210,ICICI Lombard General Insurance,0x90F79bf6EB2c4f870365E785982E1f101E93b906,IRDAI-REG-115,Vidal Health TPA,Shreya Shetty,849298,0x8aac228c6dd2af32fb9530591486b0e4ef532225,Apex Diagnostic & Pathology Hub,0x04Fee3FD1B338d12FFD6dBD8d66dE1e8e0BB99cB,Dr. Ananya Roy,NMC-51203,S06.9X0A,Unspecified intracranial injury / Concussion,Trauma & Emergency,138422.79,105738.23,5000.0,20%,Approved & Settled,Ledger Verified & Payout Secured,Active - Full Disclosure,Discharge Summary; Surgical Notes; Lab Reports,Insurance Claim Adjudication & Pre-Auth Verification,24 Hours (Statutory Emergency Window),AES-256-GCM,vault-transit-key-0x8aac228c,Qm5bb37e97d1baca1748767f7ddfa9d424566b7c61424b,0.0.4891024,3098,2026-09-13 11:49:48 UTC,0xff9cf08e58442579557833475095bc3bc2e4daecd9cd48f6e5537b9052f3e915,0.0001
CLM-00099,POL-STAR-849299-764,Star Health & Allied Insurance,0x70997970C51812dc3A010C7d01b50e0d17dc79C8,IRDAI-REG-129,MediAssist TPA,Pranav Kulkarni,849299,0x73182de13e1f840781902995371324128d8e83f7,Care & Cure Pediatric & Maternity Hospital,0x937F51E09477BfD31E56c5e533038a8eEAc096b7,Dr. Preeti Deshmukh,NMC-82194,G40.909,"Epilepsy, unspecified, without status epilepticus",Neurology,45516.79,38689.27,2275.84,10%,Approved & Settled,Ledger Verified & Payout Secured,Active - Full Disclosure,Lab Reports; Diagnosis; Treatment History; Discharge Summary,Insurance Claim Adjudication & Pre-Auth Verification,24 Hours (Statutory Emergency Window),AES-256-GCM,vault-transit-key-0x73182de1,Qm0904235a309af110094fd16435504280b0eda42b98cc,0.0.4891024,3099,2026-09-13 11:49:50 UTC,0xc846e7d8bc066a5f9cd6725777a0a157ec8e14dc95a8aa5ccd7ab46375434ac3,0.0001
CLM-00100,POL-STAR-849300-497,Star Health & Allied Insurance,0x70997970C51812dc3A010C7d01b50e0d17dc79C8,IRDAI-REG-129,MediAssist TPA,Anand Reddy,849300,0xda7f88bdb3f2a3d96acc8e049b5db6b8d4511ff4,Max Super Speciality Cancer Institute,0x28B7eA94B34C8F52D19E50Eb14769Da20F5D54b4,Dr. Rohan Patel,NMC-11029,E11.9,Type 2 diabetes mellitus without complications,Endocrinology,20426.58,15319.93,1021.33,20%,Approved & Settled,Ledger Verified & Payout Secured,Active - Full Disclosure,Diagnosis; Lab Reports; Itemized Pharmacy Bill,Insurance Claim Adjudication & Pre-Auth Verification,24 Hours (Statutory Emergency Window),AES-256-GCM,vault-transit-key-0xda7f88bd,Qme0fb68f83e161b8c2bec70f8664b1fa0bca9d4d3ba68,0.0.4891024,3100,2026-09-13 11:49:52 UTC,0xd83d173aa7712c23d3d8b5003204919cfe0eb3cdf85325aec0452228485181ae,0.0001
CLM-00101,POL-CARE-849301-133,Care Health Insurance (Religare),0x15d34AAf54267DB7D7c367839AAf71A00a2C6A65,IRDAI-REG-148,Heritage Health TPA,Gautam Ghosh,849301,0x9c871ce47cb2b886ca39150c1802d40a6b11d907,Apex Diagnostic & Pathology Hub,0x04Fee3FD1B338d12FFD6dBD8d66dE1e8e0BB99cB,Dr. Ananya Roy,NMC-51203,G40.909,"Epilepsy, unspecified, without status epilepticus",Neurology,50846.3,43219.35,2542.32,10%,Approved & Settled,Ledger Verified & Payout Secured,Active - Full Disclosure,Diagnosis; Lab Reports; Itemized Pharmacy Bill,Insurance Claim Adjudication & Pre-Auth Verification,24 Hours (Statutory Emergency Window),AES-256-GCM,vault-transit-key-0x9c871ce4,Qm7354efc86527e233d23c07f4c1b210dda0063c7569c7,0.0.4891024,3101,2026-09-13 11:49:54 UTC,0x53c32220479f88268a5e4d177083c07d302c93c552e0a6fc4dd7536984c4d177,0.0001
CLM-00102,POL-ICIC-849302-162,ICICI Lombard General Insurance,0x90F79bf6EB2c4f870365E785982E1f101E93b906,IRDAI-REG-115,Vidal Health TPA,Gautam Shetty,849302,0xa2e05a1bd773075eae3a77c794899667b4ab70b3,Apex Diagnostic & Pathology Hub,0x04Fee3FD1B338d12FFD6dBD8d66dE1e8e0BB99cB,Dr. Preeti Deshmukh,NMC-82194,S06.9X0A,Unspecified intracranial injury / Concussion,Trauma & Emergency,124103.73,0.0,5000.0,10%,Rejected - Policy Exclusion,Rejected with Ledger Audit Reason,Expired / Revoked,Emergency Admission Record; Diagnostic Imaging CT/MRI,Insurance Claim Adjudication & Pre-Auth Verification,24 Hours (Statutory Emergency Window),AES-256-GCM,vault-transit-key-0xa2e05a1b,Qm1598ed0efb23c80f2d02195b369b6d0f5941c5fe27a6,0.0.4891024,3102,2026-09-13 11:49:56 UTC,0x6e167e2188aa5203b10809e9526b2b3bdb08ac6a7f7dc13b1e196e3d565d8b85,0.0001
CLM-00103,POL-NIVA-849303-349,Niva Bupa Health Insurance,0x9965507D1a55bcC2695C58ba16FB37d819B0A4dc,IRDAI-REG-145,MDIndia Health TPA,Pooja Kulkarni,849303,0x66da8e19e8e9fb7a34a01241ac96056d9cd0cd7b,Apollo Multispecialty Hospital,0x155Af6ECaFb48861dA7d16Fb8Af2f6ce9d6DD779,Dr. Sarah Jenkins,NMC-48192,S06.9X0A,Unspecified intracranial injury / Concussion,Trauma & Emergency,154671.48,134204.33,5000.0,10%,Approved & Settled,Ledger Verified & Payout Secured,Active - Full Disclosure,Diagnosis; Lab Reports; Itemized Pharmacy Bill,Insurance Claim Adjudication & Pre-Auth Verification,24 Hours (Statutory Emergency Window),AES-256-GCM,vault-transit-key-0x66da8e19,Qmc2a12d5d938826df85047519364cc326af6806d63f00,0.0.4891024,3103,2026-09-13 11:49:58 UTC,0x9af70edf188894ac2ddbbda24032b85b99cad3f8ff91b9f4b114a997cb22fe14,0.0001
CLM-00104,POL-HDFC-849304-907,HDFC ERGO Health Insurance,0x3C44CdDdB6a900fa2b585dd299e03d12FA4293BC,IRDAI-REG-146,Paramount TPA,Pooja Ghosh,849304,0x51bc2ebc123c1cccc9b1ebd9e248e20cb3c88b67,Fortis Memorial Neuro & Trauma Center,0x84f93618C1D541bB1Dcf1373A8eE500A7D439634,Dr. Sunita Narang,NMC-90812,E11.9,Type 2 diabetes mellitus without complications,Endocrinology,24146.92,22939.57,1207.35,0%,Approved & Settled,Ledger Verified & Payout Secured,Active - Full Disclosure,Diagnosis; Lab Reports; Itemized Pharmacy Bill,Insurance Claim Adjudication & Pre-Auth Verification,24 Hours (Statutory Emergency Window),AES-256-GCM,vault-transit-key-0x51bc2ebc,Qme7eb0a595789135208c857d7b62a36307bf81520db39,0.0.4891024,3104,2026-09-13 11:49:59 UTC,0x94ec73a246337eb22160819d8dc6f57dfe7eb55a7ad253c9b850ec0928108532,0.0001
CLM-00105,POL-HDFC-849305-234,HDFC ERGO Health Insurance,0x3C44CdDdB6a900fa2b585dd299e03d12FA4293BC,IRDAI-REG-146,Paramount TPA,Geeta Deshmukh,849305,0x58ef7a78a490028fdafdd55cfa1556f0de448469,Apollo Multispecialty Hospital,0x155Af6ECaFb48861dA7d16Fb8Af2f6ce9d6DD779,Dr. Preeti Deshmukh,NMC-82194,I10,Essential (primary) hypertension,Cardiology,25840.58,21964.49,1292.03,10%,Approved & Settled,Ledger Verified & Payout Secured,Active - Full Disclosure,Lab Reports; Diagnosis; Treatment History; Discharge Summary,Insurance Claim Adjudication & Pre-Auth Verification,24 Hours (Statutory Emergency Window),AES-256-GCM,vault-transit-key-0x58ef7a78,Qm6f29dcde8f2634c9d450262d6523e56e412a49a4f7ca,0.0.4891024,3105,2026-09-13 11:50:01 UTC,0x8219cb524fcbc8f427168c986852a518f27fd372034e2959fe6d2eb699d694c9,0.0001
CLM-00106,POL-HDFC-849306-863,HDFC ERGO Health Insurance,0x3C44CdDdB6a900fa2b585dd299e03d12FA4293BC,IRDAI-REG-146,Paramount TPA,Rahul Verma,849306,0x97d0498d993ac58c81a42b07ca52f8b3f168076b,Care & Cure Pediatric & Maternity Hospital,0x937F51E09477BfD31E56c5e533038a8eEAc096b7,Dr. Rohan Patel,NMC-11029,I21.9,"Acute myocardial infarction, unspecified",Cardiology,227507.27,0.0,5000.0,20%,Pending Adjudication,Audit Logged - Under Verification,Active - Time-Bound Access,Lab Reports; Diagnosis; Treatment History; Discharge Summary,Insurance Claim Adjudication & Pre-Auth Verification,24 Hours (Statutory Emergency Window),AES-256-GCM,vault-transit-key-0x97d0498d,Qmd756cd5b509c5395a646746a681048206b2255b8d964,0.0.4891024,3106,2026-09-13 11:50:04 UTC,0x97d90165c7c846a54f8e98734161dbaa0737bac9cf17154118a5fb9387e3ecee,0.0001
CLM-00107,POL-NIVA-849307-569,Niva Bupa Health Insurance,0x9965507D1a55bcC2695C58ba16FB37d819B0A4dc,IRDAI-REG-145,MDIndia Health TPA,Bhavna Rao,849307,0x7e84d927627bfe4171cfb5237ec25cc39fb6c391,Apollo Multispecialty Hospital,0x155Af6ECaFb48861dA7d16Fb8Af2f6ce9d6DD779,Dr. Preeti Deshmukh,NMC-82194,G40.909,"Epilepsy, unspecified, without status epilepticus",Neurology,49959.14,47461.18,2497.96,0%,Approved & Settled,Ledger Verified & Payout Secured,Active - Full Disclosure,Emergency Admission Record; Diagnostic Imaging CT/MRI,Insurance Claim Adjudication & Pre-Auth Verification,24 Hours (Statutory Emergency Window),AES-256-GCM,vault-transit-key-0x7e84d927,Qmbf36436c2779fe84f9af1f86bf5e8edd68b5e3d3c64f,0.0.4891024,3107,2026-09-13 11:50:05 UTC,0xd13c4d0f7728256903db57df1027c020bfe62d4957303ef56175d2d17afd1396,0.0001
CLM-00108,POL-STAR-849308-175,Star Health & Allied Insurance,0x70997970C51812dc3A010C7d01b50e0d17dc79C8,IRDAI-REG-129,MediAssist TPA,Varun Shetty,849308,0xb95c692ec7d083a91c7173a89f8acfbc249a8e79,Care & Cure Pediatric & Maternity Hospital,0x937F51E09477BfD31E56c5e533038a8eEAc096b7,Dr. Preeti Deshmukh,NMC-82194,A90,Dengue fever [classical dengue],Infectious Disease,41749.44,0.0,2087.47,15%,Pending Adjudication,Audit Logged - Under Verification,Active - Time-Bound Access,Lab Reports; Diagnosis; Treatment History; Discharge Summary,Insurance Claim Adjudication & Pre-Auth Verification,24 Hours (Statutory Emergency Window),AES-256-GCM,vault-transit-key-0xb95c692e,Qma139f31a5cc9aa1c1a85eac547709d0c0af5c7cbaa9e,0.0.4891024,3108,2026-09-13 11:50:07 UTC,0x04058c88f72478e27ddd91e94707b495b5ce7bf47b825e866d23469c901e187f,0.0001
CLM-00109,POL-NIVA-849309-490,Niva Bupa Health Insurance,0x9965507D1a55bcC2695C58ba16FB37d819B0A4dc,IRDAI-REG-145,MDIndia Health TPA,Rakesh Agarwal,849309,0x1de01a9a06aa8773bdf75edd348db893c35ec99c,Apex Diagnostic & Pathology Hub,0x04Fee3FD1B338d12FFD6dBD8d66dE1e8e0BB99cB,Dr. Preeti Deshmukh,NMC-82194,S06.9X0A,Unspecified intracranial injury / Concussion,Trauma & Emergency,154971.99,126726.19,5000.0,15%,Approved & Settled,Ledger Verified & Payout Secured,Active - Full Disclosure,Emergency Admission Record; Diagnostic Imaging CT/MRI,Insurance Claim Adjudication & Pre-Auth Verification,24 Hours (Statutory Emergency Window),AES-256-GCM,vault-transit-key-0x1de01a9a,Qm066d631bae6c5b2b10beeeadd126e31659bf1cf3d3a6,0.0.4891024,3109,2026-09-13 11:50:09 UTC,0x6311971a7d41ca924efa511b7bb07e8182d79729da734cee22d6e342b1e2902c,0.0001
CLM-00110,POL-NIVA-849310-333,Niva Bupa Health Insurance,0x9965507D1a55bcC2695C58ba16FB37d819B0A4dc,IRDAI-REG-145,MDIndia Health TPA,Ishaan Mukherjee,849310,0xce712ab3234cd575429ebf26d351ef8a0b5d8b81,Max Super Speciality Cancer Institute,0x28B7eA94B34C8F52D19E50Eb14769Da20F5D54b4,Dr. Ananya Roy,NMC-51203,A90,Dengue fever [classical dengue],Infectious Disease,34758.92,26069.19,1737.95,20%,Approved & Settled,Ledger Verified & Payout Secured,Active - Full Disclosure,Lab Reports; Diagnosis; Treatment History; Discharge Summary,Insurance Claim Adjudication & Pre-Auth Verification,24 Hours (Statutory Emergency Window),AES-256-GCM,vault-transit-key-0xce712ab3,Qm488be3c28e716e2b651c9dbadef59da8254216d84775,0.0.4891024,3110,2026-09-13 11:50:11 UTC,0x7560847963eb9f08ed6ec4b5ff96279940a8724b62b1f7b3c0a15869ae3b81a5,0.0001
CLM-00111,POL-ICIC-849311-168,ICICI Lombard General Insurance,0x90F79bf6EB2c4f870365E785982E1f101E93b906,IRDAI-REG-115,Vidal Health TPA,Varun Mehta,849311,0x77e24567bb56e195efbdcc547edf3a87dfe3b62a,Fortis Memorial Neuro & Trauma Center,0x84f93618C1D541bB1Dcf1373A8eE500A7D439634,Dr. Rajesh Sharma,NMC-78491,A90,Dengue fever [classical dengue],Infectious Disease,30113.64,28607.96,1505.68,0%,Approved & Settled,Ledger Verified & Payout Secured,Active - Full Disclosure,Lab Reports; Diagnosis; Treatment History; Discharge Summary,Insurance Claim Adjudication & Pre-Auth Verification,24 Hours (Statutory Emergency Window),AES-256-GCM,vault-transit-key-0x77e24567,Qmb82841aa89b92cda6872164ce5a6644fb9eefe384872,0.0.4891024,3111,2026-09-13 11:50:13 UTC,0x073cd58bf39ebbd193eac025dde96b6e77e35edef30c725db372aecbeaff07e6,0.0001
CLM-00112,POL-STAR-849312-786,Star Health & Allied Insurance,0x70997970C51812dc3A010C7d01b50e0d17dc79C8,IRDAI-REG-129,MediAssist TPA,Kavya Pandey,849312,0xd45dd4b63d7c745aa507922a5f564c93043595cf,Apex Diagnostic & Pathology Hub,0x04Fee3FD1B338d12FFD6dBD8d66dE1e8e0BB99cB,Dr. Rohan Patel,NMC-11029,S06.9X0A,Unspecified intracranial injury / Concussion,Trauma & Emergency,109825.47,0.0,5000.0,15%,Awaiting Patient Consent Approval,Access Requested via Ledger,Pending Patient Authorization,Emergency Admission Record; Diagnostic Imaging CT/MRI,Insurance Claim Adjudication & Pre-Auth Verification,24 Hours (Statutory Emergency Window),AES-256-GCM,vault-transit-key-0xd45dd4b6,Qm460c4c043d4c55033a4f159b0ad83966233ce7b5bd3d,0.0.4891024,3112,2026-09-13 11:50:15 UTC,0x563951af9e41e938cee3799354db6ed19c3bac29960433f58d044cd3a522a3f0,0.0001
CLM-00113,POL-ICIC-849313-258,ICICI Lombard General Insurance,0x90F79bf6EB2c4f870365E785982E1f101E93b906,IRDAI-REG-115,Vidal Health TPA,Riya Agarwal,849313,0x8d9bb5c87de4337895244917f8a9d475e309d407,Fortis Memorial Neuro & Trauma Center,0x84f93618C1D541bB1Dcf1373A8eE500A7D439634,Dr. Sarah Jenkins,NMC-48192,C50.919,Malignant neoplasm of female breast,Oncology,454301.91,0.0,5000.0,10%,Awaiting Patient Consent Approval,Access Requested via Ledger,Pending Patient Authorization,Discharge Summary; Surgical Notes; Lab Reports,Insurance Claim Adjudication & Pre-Auth Verification,24 Hours (Statutory Emergency Window),AES-256-GCM,vault-transit-key-0x8d9bb5c8,Qm6b42a642067cdbbb5bae8733ccdc0f546d1378a2bb1a,0.0.4891024,3113,2026-09-13 11:50:17 UTC,0xaba6b5bb20f1b15884b9589bd9203e7317eaf1e98e7d81d37733609b5c13f936,0.0001
CLM-00114,POL-ICIC-849314-965,ICICI Lombard General Insurance,0x90F79bf6EB2c4f870365E785982E1f101E93b906,IRDAI-REG-115,Vidal Health TPA,Shreya Reddy,849314,0x6a50356d4dfd28c3a02d2943559ed58610455c6a,Apex Diagnostic & Pathology Hub,0x04Fee3FD1B338d12FFD6dBD8d66dE1e8e0BB99cB,Dr. Rajesh Sharma,NMC-78491,K21.9,Gastro-esophageal reflux disease,Gastroenterology,14405.43,0.0,720.27,0%,Pending Adjudication,Audit Logged - Under Verification,Active - Time-Bound Access,Discharge Summary; Surgical Notes; Lab Reports,Insurance Claim Adjudication & Pre-Auth Verification,24 Hours (Statutory Emergency Window),AES-256-GCM,vault-transit-key-0x6a50356d,Qmaaef960525533f2c5bb184633457de6527f5fb84667a,0.0.4891024,3114,2026-09-13 11:50:19 UTC,0xa39931f439927962930fd2b73f125ad6c58510757f317d455e09d2cc107188f0,0.0001
CLM-00115,POL-ICIC-849315-285,ICICI Lombard General Insurance,0x90F79bf6EB2c4f870365E785982E1f101E93b906,IRDAI-REG-115,Vidal Health TPA,Neha Deshmukh,849315,0xfba438f2341d3858cd015d9999bfc3c8a5ec885c,Fortis Memorial Neuro & Trauma Center,0x84f93618C1D541bB1Dcf1373A8eE500A7D439634,Dr. Vikram Seth,NMC-99014,I10,Essential (primary) hypertension,Cardiology,36805.99,27604.49,1840.3,20%,Approved & Settled,Ledger Verified & Payout Secured,Active - Full Disclosure,Lab Reports; Diagnosis; Treatment History; Discharge Summary,Insurance Claim Adjudication & Pre-Auth Verification,24 Hours (Statutory Emergency Window),AES-256-GCM,vault-transit-key-0xfba438f2,Qm4f00602612093e1d7de9d48cf0b0a2aec7e0f4766207,0.0.4891024,3115,2026-09-13 11:50:20 UTC,0x5ba2149906feb839b9ada322f5822b8a40b8f0157a2c862df3e4a35f3be24ef1,0.0001
CLM-00116,POL-CARE-849316-261,Care Health Insurance (Religare),0x15d34AAf54267DB7D7c367839AAf71A00a2C6A65,IRDAI-REG-148,Heritage Health TPA,Chetan Iyer,849316,0x5241135c9d7f690ff42f07ed36b2f421cd39922f,Care & Cure Pediatric & Maternity Hospital,0x937F51E09477BfD31E56c5e533038a8eEAc096b7,Dr. Ananya Roy,NMC-51203,S06.9X0A,Unspecified intracranial injury / Concussion,Trauma & Emergency,122650.25,0.0,5000.0,15%,Pending Adjudication,Audit Logged - Under Verification,Active - Time-Bound Access,Lab Reports; Diagnosis; Treatment History; Discharge Summary,Insurance Claim Adjudication & Pre-Auth Verification,24 Hours (Statutory Emergency Window),AES-256-GCM,vault-transit-key-0x5241135c,Qm7f27b6b30122e33e8d85b256d1df96c54b65381b4371,0.0.4891024,3116,2026-09-13 11:50:22 UTC,0xfe7c7085d15d0983e4f03c9a274dbf117c7b72501677a5fa821fb996017422d7,0.0001
CLM-00117,POL-NIVA-849317-378,Niva Bupa Health Insurance,0x9965507D1a55bcC2695C58ba16FB37d819B0A4dc,IRDAI-REG-145,MDIndia Health TPA,Manish Nair,849317,0xeb88a827c0e2867cdc41f119697937af4d954345,Apollo Multispecialty Hospital,0x155Af6ECaFb48861dA7d16Fb8Af2f6ce9d6DD779,Dr. Preeti Deshmukh,NMC-82194,I21.9,"Acute myocardial infarction, unspecified",Cardiology,269353.21,210482.57,5000.0,20%,Approved & Settled,Ledger Verified & Payout Secured,Active - Full Disclosure,Emergency Admission Record; Diagnostic Imaging CT/MRI,Insurance Claim Adjudication & Pre-Auth Verification,24 Hours (Statutory Emergency Window),AES-256-GCM,vault-transit-key-0xeb88a827,Qm62e420f7a41a9d8ad26b5ff1198fa64e186094e7d31a,0.0.4891024,3117,2026-09-13 11:50:25 UTC,0x42566f4235ab2cd72c639f50d295a1ea0d2d5dca83cb80daea39c8be3a21086e,0.0001
CLM-00118,POL-NIVA-849318-213,Niva Bupa Health Insurance,0x9965507D1a55bcC2695C58ba16FB37d819B0A4dc,IRDAI-REG-145,MDIndia Health TPA,Rakesh Iyer,849318,0x0b930b00a514d348b84c16af9619c623e5729d40,Apollo Multispecialty Hospital,0x155Af6ECaFb48861dA7d16Fb8Af2f6ce9d6DD779,Dr. Vikram Seth,NMC-99014,K21.9,Gastro-esophageal reflux disease,Gastroenterology,12843.26,9632.45,642.16,20%,Approved & Settled,Ledger Verified & Payout Secured,Active - Full Disclosure,Discharge Summary; Surgical Notes; Lab Reports,Insurance Claim Adjudication & Pre-Auth Verification,24 Hours (Statutory Emergency Window),AES-256-GCM,vault-transit-key-0x0b930b00,Qme0d4a36837258b1bc8e439b5033fa2f041151735e5ad,0.0.4891024,3118,2026-09-13 11:50:26 UTC,0x5bb69ce70a6a4ab459055adb0775812373ef880216c624d65e8e8ae5d3a4dbb6,0.0001
CLM-00119,POL-NIVA-849319-408,Niva Bupa Health Insurance,0x9965507D1a55bcC2695C58ba16FB37d819B0A4dc,IRDAI-REG-145,MDIndia Health TPA,Pranav Joshi,849319,0x2772317123e3c6ba0caa3cede221c6c9573190b1,Apollo Multispecialty Hospital,0x155Af6ECaFb48861dA7d16Fb8Af2f6ce9d6DD779,Dr. Sarah Jenkins,NMC-48192,C50.919,Malignant neoplasm of female breast,Oncology,503650.42,0.0,5000.0,10%,Pending Adjudication,Audit Logged - Under Verification,Active - Time-Bound Access,Discharge Summary; Surgical Notes; Lab Reports,Insurance Claim Adjudication & Pre-Auth Verification,24 Hours (Statutory Emergency Window),AES-256-GCM,vault-transit-key-0x27723171,Qm829ceb8f4c790449c29f69d6204e3f296e83d28c3ace,0.0.4891024,3119,2026-09-13 11:50:28 UTC,0xee77f11b1ad2aa6a1ff49858f61260f0a352ca9f48f06225c22f67bf6467f877,0.0001
CLM-00120,POL-CARE-849320-489,Care Health Insurance (Religare),0x15d34AAf54267DB7D7c367839AAf71A00a2C6A65,IRDAI-REG-148,Heritage Health TPA,Ishaan Sharma,849320,0x0b7fc3e2439a6c3f3a81ccf9b849e61e15b2133a,Care & Cure Pediatric & Maternity Hospital,0x937F51E09477BfD31E56c5e533038a8eEAc096b7,Dr. Rajesh Sharma,NMC-78491,E11.9,Type 2 diabetes mellitus without complications,Endocrinology,21083.75,17921.19,1054.19,10%,Approved & Settled,Ledger Verified & Payout Secured,Active - Full Disclosure,Discharge Summary; Surgical Notes; Lab Reports,Insurance Claim Adjudication & Pre-Auth Verification,24 Hours (Statutory Emergency Window),AES-256-GCM,vault-transit-key-0x0b7fc3e2,Qm438a11aaedab7994918f1be6ff2c601a8deb3c17797b,0.0.4891024,3120,2026-09-13 11:50:30 UTC,0x98aa3d414ccd33241bad1e4611441dd2ed8a623f6206c996ad676f6a6135330a,0.0001
CLM-00121,POL-STAR-849321-179,Star Health & Allied Insurance,0x70997970C51812dc3A010C7d01b50e0d17dc79C8,IRDAI-REG-129,MediAssist TPA,Sneha Mukherjee,849321,0xb1b11947c2c44b27d535c5a4832f75a290ca69bf,Care & Cure Pediatric & Maternity Hospital,0x937F51E09477BfD31E56c5e533038a8eEAc096b7,Dr. Sarah Jenkins,NMC-48192,A90,Dengue fever [classical dengue],Infectious Disease,41214.38,30910.78,2060.72,20%,Approved & Settled,Ledger Verified & Payout Secured,Active - Full Disclosure,Emergency Admission Record; Diagnostic Imaging CT/MRI,Insurance Claim Adjudication & Pre-Auth Verification,24 Hours (Statutory Emergency Window),AES-256-GCM,vault-transit-key-0xb1b11947,Qmdef6e4760fe6828cd870e9ce80abd632bf029c9add67,0.0.4891024,3121,2026-09-13 11:50:32 UTC,0x634d9e2002c1490b9646cf70fa00ca7f4bbce1cf9928d7cf0dbd5e5bf9c910a5,0.0001
CLM-00122,POL-STAR-849322-951,Star Health & Allied Insurance,0x70997970C51812dc3A010C7d01b50e0d17dc79C8,IRDAI-REG-129,MediAssist TPA,Ishaan Joshi,849322,0x661931d151b964f692387df95009e40c2c4f2f73,Fortis Memorial Neuro & Trauma Center,0x84f93618C1D541bB1Dcf1373A8eE500A7D439634,Dr. Rajesh Sharma,NMC-78491,A90,Dengue fever [classical dengue],Infectious Disease,38730.38,30984.3,1936.52,15%,Approved & Settled,Ledger Verified & Payout Secured,Active - Full Disclosure,Lab Reports; Diagnosis; Treatment History; Discharge Summary,Insurance Claim Adjudication & Pre-Auth Verification,24 Hours (Statutory Emergency Window),AES-256-GCM,vault-transit-key-0x661931d1,Qme79d12cb7934fa060b11e3a53b72c9466141e1ebcef8,0.0.4891024,3122,2026-09-13 11:50:34 UTC,0x87cd154963380868072ee771012864396cc4d0072c3b14d8a1f7cbde39a11556,0.0001
CLM-00123,POL-CARE-849323-991,Care Health Insurance (Religare),0x15d34AAf54267DB7D7c367839AAf71A00a2C6A65,IRDAI-REG-148,Heritage Health TPA,Varun Saxena,849323,0xd3b1b393ac00fcec46a0b6b092829d385ac6ce3f,Apex Diagnostic & Pathology Hub,0x04Fee3FD1B338d12FFD6dBD8d66dE1e8e0BB99cB,Dr. Sarah Jenkins,NMC-48192,K21.9,Gastro-esophageal reflux disease,Gastroenterology,12995.29,10396.24,649.76,15%,Approved & Settled,Ledger Verified & Payout Secured,Active - Full Disclosure,Diagnosis; Lab Reports; Itemized Pharmacy Bill,Insurance Claim Adjudication & Pre-Auth Verification,24 Hours (Statutory Emergency Window),AES-256-GCM,vault-transit-key-0xd3b1b393,Qma104534b643dbeeff9bb8d24f0ee139177cf46a360c9,0.0.4891024,3123,2026-09-13 11:50:36 UTC,0x3df8fc6af7e58632c953cedae523a549df1780be4ce47a43c5fbd22fdd874c58,0.0001
CLM-00124,POL-STAR-849324-894,Star Health & Allied Insurance,0x70997970C51812dc3A010C7d01b50e0d17dc79C8,IRDAI-REG-129,MediAssist TPA,Bhavna Kulkarni,849324,0xe6a39113c07f6efcaa09fc71dcbe9a850fcc38a4,Apex Diagnostic & Pathology Hub,0x04Fee3FD1B338d12FFD6dBD8d66dE1e8e0BB99cB,Dr. Rohan Patel,NMC-11029,C50.919,Malignant neoplasm of female breast,Oncology,401743.17,356568.85,5000.0,10%,Approved & Settled,Ledger Verified & Payout Secured,Active - Full Disclosure,Diagnosis; Lab Reports; Itemized Pharmacy Bill,Insurance Claim Adjudication & Pre-Auth Verification,24 Hours (Statutory Emergency Window),AES-256-GCM,vault-transit-key-0xe6a39113,Qm66a81a55aa9490bed918f72f7c83c2eb597496bfef9a,0.0.4891024,3124,2026-09-13 11:50:38 UTC,0x15d8f939024f6caa99475e0c1a360765681153a78d1a392a541b86981a7e85a0,0.0001
CLM-00125,POL-NIVA-849325-281,Niva Bupa Health Insurance,0x9965507D1a55bcC2695C58ba16FB37d819B0A4dc,IRDAI-REG-145,MDIndia Health TPA,Nikhil Nair,849325,0xeb8ddcf006cbd525fd8dad4c8bb3fae7d00e2371,Max Super Speciality Cancer Institute,0x28B7eA94B34C8F52D19E50Eb14769Da20F5D54b4,Dr. Sunita Narang,NMC-90812,I21.9,"Acute myocardial infarction, unspecified",Cardiology,325379.96,255303.97,5000.0,20%,Approved & Settled,Ledger Verified & Payout Secured,Active - Full Disclosure,Emergency Admission Record; Diagnostic Imaging CT/MRI,Insurance Claim Adjudication & Pre-Auth Verification,24 Hours (Statutory Emergency Window),AES-256-GCM,vault-transit-key-0xeb8ddcf0,Qm90a2ddfbb82685bd9fe517c4be4e2d5491e7656ed388,0.0.4891024,3125,2026-09-13 11:50:40 UTC,0x71b4d42efca329203be5130cf982d5e82293af07c88a4216fecc905920c970f9,0.0001
CLM-00126,POL-NIVA-849326-254,Niva Bupa Health Insurance,0x9965507D1a55bcC2695C58ba16FB37d819B0A4dc,IRDAI-REG-145,MDIndia Health TPA,Kiran Kulkarni,849326,0xcf8116d8683788df24b1ae09e9ddf10f73ede160,Fortis Memorial Neuro & Trauma Center,0x84f93618C1D541bB1Dcf1373A8eE500A7D439634,Dr. Sunita Narang,NMC-90812,S06.9X0A,Unspecified intracranial injury / Concussion,Trauma & Emergency,126257.73,96006.18,5000.0,20%,Approved & Settled,Ledger Verified & Payout Secured,Active - Full Disclosure,Discharge Summary; Surgical Notes; Lab Reports,Insurance Claim Adjudication & Pre-Auth Verification,24 Hours (Statutory Emergency Window),AES-256-GCM,vault-transit-key-0xcf8116d8,Qmc1b886414a14e101221cfc15e18659435bb2b653943f,0.0.4891024,3126,2026-09-13 11:50:42 UTC,0x2d717b0add00a7df78a5c86ecea48ca3c1975c4aad954df551e0c1cc1273b07a,0.0001
CLM-00127,POL-ICIC-849327-572,ICICI Lombard General Insurance,0x90F79bf6EB2c4f870365E785982E1f101E93b906,IRDAI-REG-115,Vidal Health TPA,Lata Verma,849327,0xdfa93fc3582089f71258e6657155444995367dca,Apex Diagnostic & Pathology Hub,0x04Fee3FD1B338d12FFD6dBD8d66dE1e8e0BB99cB,Dr. Sarah Jenkins,NMC-48192,G40.909,"Epilepsy, unspecified, without status epilepticus",Neurology,46341.17,44024.11,2317.06,0%,Approved & Settled,Ledger Verified & Payout Secured,Active - Full Disclosure,Discharge Summary; Surgical Notes; Lab Reports,Insurance Claim Adjudication & Pre-Auth Verification,24 Hours (Statutory Emergency Window),AES-256-GCM,vault-transit-key-0xdfa93fc3,Qmdefda4a527d79fe6da8edd7b8d147d447bf739c69df5,0.0.4891024,3127,2026-09-13 11:50:44 UTC,0xa877b06f208110981afbae1c9dea52b2c1c6d0e16d5619b6edd9e6cad5ef8415,0.0001
CLM-00128,POL-NIVA-849328-694,Niva Bupa Health Insurance,0x9965507D1a55bcC2695C58ba16FB37d819B0A4dc,IRDAI-REG-145,MDIndia Health TPA,Divya Agarwal,849328,0x3d35945bf47874994d5fd982869f22b050378de6,Apex Diagnostic & Pathology Hub,0x04Fee3FD1B338d12FFD6dBD8d66dE1e8e0BB99cB,Dr. Ananya Roy,NMC-51203,A90,Dengue fever [classical dengue],Infectious Disease,36782.16,34943.05,1839.11,0%,Approved & Settled,Ledger Verified & Payout Secured,Active - Full Disclosure,Diagnosis; Lab Reports; Itemized Pharmacy Bill,Insurance Claim Adjudication & Pre-Auth Verification,24 Hours (Statutory Emergency Window),AES-256-GCM,vault-transit-key-0x3d35945b,Qm4842d0c9c31992ee33ce5144bf84fac239623f009492,0.0.4891024,3128,2026-09-13 11:50:46 UTC,0x492c98a37c8e9e713287906391b4d9ab38967bead8d3aa56b430be01756186cc,0.0001
CLM-00129,POL-NIVA-849329-205,Niva Bupa Health Insurance,0x9965507D1a55bcC2695C58ba16FB37d819B0A4dc,IRDAI-REG-145,MDIndia Health TPA,Madhav Chatterjee,849329,0x8b481d18581582b6be67e1416e4a976bdcf38159,Max Super Speciality Cancer Institute,0x28B7eA94B34C8F52D19E50Eb14769Da20F5D54b4,Dr. Sarah Jenkins,NMC-48192,A90,Dengue fever [classical dengue],Infectious Disease,40477.92,0.0,2023.9,15%,Rejected - Policy Exclusion,Rejected with Ledger Audit Reason,Expired / Revoked,Lab Reports; Diagnosis; Treatment History; Discharge Summary,Insurance Claim Adjudication & Pre-Auth Verification,24 Hours (Statutory Emergency Window),AES-256-GCM,vault-transit-key-0x8b481d18,Qmb478945b99f0bf37c28261f020a637d79bf15babe777,0.0.4891024,3129,2026-09-13 11:50:48 UTC,0x38a1dfba8db6640e9516a91d82343694fbc6ba96e09010b2423f1f83ef01f4b7,0.0001
CLM-00130,POL-HDFC-849330-472,HDFC ERGO Health Insurance,0x3C44CdDdB6a900fa2b585dd299e03d12FA4293BC,IRDAI-REG-146,Paramount TPA,Neha Verma,849330,0x6851a3a01912a5936d1f3151293935e077c6cadc,Care & Cure Pediatric & Maternity Hospital,0x937F51E09477BfD31E56c5e533038a8eEAc096b7,Dr. Ananya Roy,NMC-51203,E11.9,Type 2 diabetes mellitus without complications,Endocrinology,19753.99,15803.19,987.7,15%,Approved & Settled,Ledger Verified & Payout Secured,Active - Full Disclosure,Discharge Summary; Surgical Notes; Lab Reports,Insurance Claim Adjudication & Pre-Auth Verification,24 Hours (Statutory Emergency Window),AES-256-GCM,vault-transit-key-0x6851a3a0,Qm55ba1e10e16bb9bbefbfe963bb6c483f5801bda9d346,0.0.4891024,3130,2026-09-13 11:50:50 UTC,0xc9b8254624d35425e86bcabc2e6bdc08d336a73c46598b744a45afa59ebcb671,0.0001
CLM-00131,POL-ICIC-849331-671,ICICI Lombard General Insurance,0x90F79bf6EB2c4f870365E785982E1f101E93b906,IRDAI-REG-115,Vidal Health TPA,Madhav Verma,849331,0x1858b34083ef4127e35e6a82b3b53e8e1e768275,Apollo Multispecialty Hospital,0x155Af6ECaFb48861dA7d16Fb8Af2f6ce9d6DD779,Dr. Vikram Seth,NMC-99014,I21.9,"Acute myocardial infarction, unspecified",Cardiology,295291.32,245997.62,5000.0,15%,Approved & Settled,Ledger Verified & Payout Secured,Active - Full Disclosure,Diagnosis; Lab Reports; Itemized Pharmacy Bill,Insurance Claim Adjudication & Pre-Auth Verification,24 Hours (Statutory Emergency Window),AES-256-GCM,vault-transit-key-0x1858b340,Qm16995cbd2a1e9e918977c6f60fd27fb1e05677b9b894,0.0.4891024,3131,2026-09-13 11:50:51 UTC,0xafa056fb81c2bef0d4ca2c87e2abbd0c66788d2b6d675fa1c3a9b8da855104a4,0.0001
CLM-00132,POL-HDFC-849332-232,HDFC ERGO Health Insurance,0x3C44CdDdB6a900fa2b585dd299e03d12FA4293BC,IRDAI-REG-146,Paramount TPA,Divya Saxena,849332,0x70747972cdc54f7da90f3644a5759ff9f7a97c4c,Fortis Memorial Neuro & Trauma Center,0x84f93618C1D541bB1Dcf1373A8eE500A7D439634,Dr. Vikram Seth,NMC-99014,K21.9,Gastro-esophageal reflux disease,Gastroenterology,14597.11,13867.25,729.86,0%,Approved & Settled,Ledger Verified & Payout Secured,Active - Full Disclosure,Emergency Admission Record; Diagnostic Imaging CT/MRI,Insurance Claim Adjudication & Pre-Auth Verification,24 Hours (Statutory Emergency Window),AES-256-GCM,vault-transit-key-0x70747972,Qm6802f0913288b57702cfdec2d17da1ecb5c989f1ad28,0.0.4891024,3132,2026-09-13 11:50:54 UTC,0x1f7613f6fb7c319bf3c69e2550a84b15a49e15ccaf97d1d3bd09b9a5dd7c4d13,0.0001
CLM-00133,POL-HDFC-849333-620,HDFC ERGO Health Insurance,0x3C44CdDdB6a900fa2b585dd299e03d12FA4293BC,IRDAI-REG-146,Paramount TPA,Sameer Ghosh,849333,0xd4fe7f0e69d759da0bbf418e6f254c9642a2f0b9,Apex Diagnostic & Pathology Hub,0x04Fee3FD1B338d12FFD6dBD8d66dE1e8e0BB99cB,Dr. Sarah Jenkins,NMC-48192,K21.9,Gastro-esophageal reflux disease,Gastroenterology,13285.28,10628.23,664.26,15%,Approved & Settled,Ledger Verified & Payout Secured,Active - Full Disclosure,Diagnosis; Lab Reports; Itemized Pharmacy Bill,Insurance Claim Adjudication & Pre-Auth Verification,24 Hours (Statutory Emergency Window),AES-256-GCM,vault-transit-key-0xd4fe7f0e,Qmd5988201cdb44db9f0db8f91272db50a765cd7ff49c1,0.0.4891024,3133,2026-09-13 11:50:55 UTC,0xc6a7ccd89ef045489ab03177b57f411f93aba786541c2e112a82c93c3612b6bb,0.0001
CLM-00134,POL-HDFC-849334-402,HDFC ERGO Health Insurance,0x3C44CdDdB6a900fa2b585dd299e03d12FA4293BC,IRDAI-REG-146,Paramount TPA,Anand Iyer,849334,0x416449c531f9ae5f14c00622edda93ceaa02d389,Max Super Speciality Cancer Institute,0x28B7eA94B34C8F52D19E50Eb14769Da20F5D54b4,Dr. Rajesh Sharma,NMC-78491,I21.9,"Acute myocardial infarction, unspecified",Cardiology,313598.23,308598.23,5000.0,0%,Approved & Settled,Ledger Verified & Payout Secured,Active - Full Disclosure,Lab Reports; Diagnosis; Treatment History; Discharge Summary,Insurance Claim Adjudication & Pre-Auth Verification,24 Hours (Statutory Emergency Window),AES-256-GCM,vault-transit-key-0x416449c5,Qm37571d8e7609f57b7ecd9150ebc1b30bc0131ca2ebb4,0.0.4891024,3134,2026-09-13 11:50:58 UTC,0x8b44ab9bc3ba4e4f1d13a7d229a814db439de5fb35d2cf3de5a0adc26552c779,0.0001
CLM-00135,POL-NIVA-849335-257,Niva Bupa Health Insurance,0x9965507D1a55bcC2695C58ba16FB37d819B0A4dc,IRDAI-REG-145,MDIndia Health TPA,Sameer Swaminathan,849335,0x512e7625a85b5c75a84d6768e6e50ae48c3a503b,Max Super Speciality Cancer Institute,0x28B7eA94B34C8F52D19E50Eb14769Da20F5D54b4,Dr. Rohan Patel,NMC-11029,K21.9,Gastro-esophageal reflux disease,Gastroenterology,12162.64,0.0,608.13,10%,Pending Adjudication,Audit Logged - Under Verification,Active - Time-Bound Access,Lab Reports; Diagnosis; Treatment History; Discharge Summary,Insurance Claim Adjudication & Pre-Auth Verification,24 Hours (Statutory Emergency Window),AES-256-GCM,vault-transit-key-0x512e7625,Qm8df930a0e4e9b085f36ac8b9eec205e8b51b661c6af3,0.0.4891024,3135,2026-09-13 11:50:59 UTC,0x4c3302cdc8435e68e5f674c2112121d2a4635d352f23c895d1030b55e42650dd,0.0001
CLM-00136,POL-HDFC-849336-870,HDFC ERGO Health Insurance,0x3C44CdDdB6a900fa2b585dd299e03d12FA4293BC,IRDAI-REG-146,Paramount TPA,Shreya Shetty,849336,0x97f806fbe95b5de12511dadcc1b2fe644dcdd0f7,Care & Cure Pediatric & Maternity Hospital,0x937F51E09477BfD31E56c5e533038a8eEAc096b7,Dr. Rohan Patel,NMC-11029,G40.909,"Epilepsy, unspecified, without status epilepticus",Neurology,51947.34,38960.5,2597.37,20%,Approved & Settled,Ledger Verified & Payout Secured,Active - Full Disclosure,Diagnosis; Lab Reports; Itemized Pharmacy Bill,Insurance Claim Adjudication & Pre-Auth Verification,24 Hours (Statutory Emergency Window),AES-256-GCM,vault-transit-key-0x97f806fb,Qm3938598dc533053559d6ecc46ea96d02c65128e800bd,0.0.4891024,3136,2026-09-13 11:51:01 UTC,0xc24e61e502c126507b539b9dc4516a5cb6c8ff609a6e4a57989416ded4f597c1,0.0001
CLM-00137,POL-HDFC-849337-572,HDFC ERGO Health Insurance,0x3C44CdDdB6a900fa2b585dd299e03d12FA4293BC,IRDAI-REG-146,Paramount TPA,Amit Swaminathan,849337,0x9ceb095eba14300f47326afe41279d89e04abefe,Fortis Memorial Neuro & Trauma Center,0x84f93618C1D541bB1Dcf1373A8eE500A7D439634,Dr. Preeti Deshmukh,NMC-82194,A90,Dengue fever [classical dengue],Infectious Disease,39879.92,29909.94,1994.0,20%,Approved & Settled,Ledger Verified & Payout Secured,Active - Full Disclosure,Emergency Admission Record; Diagnostic Imaging CT/MRI,Insurance Claim Adjudication & Pre-Auth Verification,24 Hours (Statutory Emergency Window),AES-256-GCM,vault-transit-key-0x9ceb095e,Qm0d1b348820498865a7c78be63ded4375ee3ea02cc9a1,0.0.4891024,3137,2026-09-13 11:51:03 UTC,0xc79a0f647579c9f3d624377d35ff2cdee3c197f4cf442be96810bde133fbb61a,0.0001
CLM-00138,POL-NIVA-849338-153,Niva Bupa Health Insurance,0x9965507D1a55bcC2695C58ba16FB37d819B0A4dc,IRDAI-REG-145,MDIndia Health TPA,Nikhil Hegde,849338,0xcf4f43b186d7bb041f89978fab37d83e76032b6b,Max Super Speciality Cancer Institute,0x28B7eA94B34C8F52D19E50Eb14769Da20F5D54b4,Dr. Sunita Narang,NMC-90812,G40.909,"Epilepsy, unspecified, without status epilepticus",Neurology,49918.28,39934.63,2495.91,15%,Approved & Settled,Ledger Verified & Payout Secured,Active - Full Disclosure,Lab Reports; Diagnosis; Treatment History; Discharge Summary,Insurance Claim Adjudication & Pre-Auth Verification,24 Hours (Statutory Emergency Window),AES-256-GCM,vault-transit-key-0xcf4f43b1,Qm02321b7eacbbb3597a364401aa400976b16e06764fe6,0.0.4891024,3138,2026-09-13 11:51:05 UTC,0x1881cbe04933060dfe4ab1292add71fac2de326a43aace3718e4c8267515d15b,0.0001
CLM-00139,POL-STAR-849339-625,Star Health & Allied Insurance,0x70997970C51812dc3A010C7d01b50e0d17dc79C8,IRDAI-REG-129,MediAssist TPA,Ishaan Choudhury,849339,0xd56e2f068c7215683440a89439cf0b10382bd122,Max Super Speciality Cancer Institute,0x28B7eA94B34C8F52D19E50Eb14769Da20F5D54b4,Dr. Vikram Seth,NMC-99014,A90,Dengue fever [classical dengue],Infectious Disease,30921.82,23191.37,1546.09,20%,Approved & Settled,Ledger Verified & Payout Secured,Active - Full Disclosure,Diagnosis; Lab Reports; Itemized Pharmacy Bill,Insurance Claim Adjudication & Pre-Auth Verification,24 Hours (Statutory Emergency Window),AES-256-GCM,vault-transit-key-0xd56e2f06,Qm3c3a84aad715bb2ee52f1495ff4b7019122fc15900aa,0.0.4891024,3139,2026-09-13 11:51:07 UTC,0xa8032058233a597316948781df2a75bf1ebae7253df0fd918c554910b46f5794,0.0001
CLM-00140,POL-STAR-849340-614,Star Health & Allied Insurance,0x70997970C51812dc3A010C7d01b50e0d17dc79C8,IRDAI-REG-129,MediAssist TPA,Sanjay Malhotra,849340,0x009422078b81935395ed00beebd09750b29e9f4e,Care & Cure Pediatric & Maternity Hospital,0x937F51E09477BfD31E56c5e533038a8eEAc096b7,Dr. Sarah Jenkins,NMC-48192,K21.9,Gastro-esophageal reflux disease,Gastroenterology,13353.53,0.0,667.68,20%,Rejected - Policy Exclusion,Rejected with Ledger Audit Reason,Expired / Revoked,Discharge Summary; Surgical Notes; Lab Reports,Insurance Claim Adjudication & Pre-Auth Verification,24 Hours (Statutory Emergency Window),AES-256-GCM,vault-transit-key-0x00942207,Qm6ab69769d786ffd689fed8ec3a41a33fc486979070b2,0.0.4891024,3140,2026-09-13 11:51:09 UTC,0x11ae9ff358d24563133d3f4ab6d3c6ca891c4de136beb89045e01cc60996ade2,0.0001
CLM-00141,POL-STAR-849341-240,Star Health & Allied Insurance,0x70997970C51812dc3A010C7d01b50e0d17dc79C8,IRDAI-REG-129,MediAssist TPA,Aditi Mehta,849341,0xe4cae0d1ebeca9b4adc56f5e062fc33253b6c268,Fortis Memorial Neuro & Trauma Center,0x84f93618C1D541bB1Dcf1373A8eE500A7D439634,Dr. Sunita Narang,NMC-90812,E11.9,Type 2 diabetes mellitus without complications,Endocrinology,16968.87,0.0,848.44,20%,Pending Adjudication,Audit Logged - Under Verification,Active - Time-Bound Access,Diagnosis; Lab Reports; Itemized Pharmacy Bill,Insurance Claim Adjudication & Pre-Auth Verification,24 Hours (Statutory Emergency Window),AES-256-GCM,vault-transit-key-0xe4cae0d1,Qmd8fbc96cc2738df016c0bc684dc51491dd6eca26e4d6,0.0.4891024,3141,2026-09-13 11:51:11 UTC,0xa50a711a8ce5532ec5bb0ecbe0e9388b0a544cf37737d1521f72f22a13c09bfb,0.0001
CLM-00142,POL-STAR-849342-320,Star Health & Allied Insurance,0x70997970C51812dc3A010C7d01b50e0d17dc79C8,IRDAI-REG-129,MediAssist TPA,Vikas Agarwal,849342,0x75d8e545f35527da61b75cda4db1f48a449e9459,Apollo Multispecialty Hospital,0x155Af6ECaFb48861dA7d16Fb8Af2f6ce9d6DD779,Dr. Sarah Jenkins,NMC-48192,G40.909,"Epilepsy, unspecified, without status epilepticus",Neurology,53580.8,40185.6,2679.04,20%,Approved & Settled,Ledger Verified & Payout Secured,Active - Full Disclosure,Discharge Summary; Surgical Notes; Lab Reports,Insurance Claim Adjudication & Pre-Auth Verification,24 Hours (Statutory Emergency Window),AES-256-GCM,vault-transit-key-0x75d8e545,Qm2a47759adc81a53657fc054b988400d8aeb3cee604b9,0.0.4891024,3142,2026-09-13 11:51:12 UTC,0x5d35947a139eb5906b7a1d584d867aa6b6b2d10d629b4e6faee96f13d7ed118d,0.0001
CLM-00143,POL-STAR-849343-164,Star Health & Allied Insurance,0x70997970C51812dc3A010C7d01b50e0d17dc79C8,IRDAI-REG-129,MediAssist TPA,Rohan Reddy,849343,0x317d5faca8f4a4486aef6b41948cfa264bac3339,Max Super Speciality Cancer Institute,0x28B7eA94B34C8F52D19E50Eb14769Da20F5D54b4,Dr. Ananya Roy,NMC-51203,A90,Dengue fever [classical dengue],Infectious Disease,30396.35,22797.26,1519.82,20%,Approved & Settled,Ledger Verified & Payout Secured,Active - Full Disclosure,Lab Reports; Diagnosis; Treatment History; Discharge Summary,Insurance Claim Adjudication & Pre-Auth Verification,24 Hours (Statutory Emergency Window),AES-256-GCM,vault-transit-key-0x317d5fac,Qm91795fcd3245e020f579511d84cd5905ba1b57e701ab,0.0.4891024,3143,2026-09-13 11:51:15 UTC,0x17151d3da31108d5310ac7319a45eaf5ba699d3a89b9520cac0f1ac7ec8cf4f4,0.0001
CLM-00144,POL-HDFC-849344-101,HDFC ERGO Health Insurance,0x3C44CdDdB6a900fa2b585dd299e03d12FA4293BC,IRDAI-REG-146,Paramount TPA,Bhavna Saxena,849344,0xf556e256d6e403874027aa970f9fd2c8192e681a,Max Super Speciality Cancer Institute,0x28B7eA94B34C8F52D19E50Eb14769Da20F5D54b4,Dr. Vikram Seth,NMC-99014,K21.9,Gastro-esophageal reflux disease,Gastroenterology,14708.3,12502.06,735.41,10%,Approved & Settled,Ledger Verified & Payout Secured,Active - Full Disclosure,Diagnosis; Lab Reports; Itemized Pharmacy Bill,Insurance Claim Adjudication & Pre-Auth Verification,24 Hours (Statutory Emergency Window),AES-256-GCM,vault-transit-key-0xf556e256,Qm56355ef742f1eb450ee999c06ebc9252da6cc52e9375,0.0.4891024,3144,2026-09-13 11:51:17 UTC,0xa26bf4462e2bf48cf4c23d9b140c64a789c865520fae78107d2fba5e919054af,0.0001
CLM-00145,POL-ICIC-849345-499,ICICI Lombard General Insurance,0x90F79bf6EB2c4f870365E785982E1f101E93b906,IRDAI-REG-115,Vidal Health TPA,Divya Mishra,849345,0xef2a2ebb361d7d947c918ec6620441ef79a8d2ab,Apollo Multispecialty Hospital,0x155Af6ECaFb48861dA7d16Fb8Af2f6ce9d6DD779,Dr. Rohan Patel,NMC-11029,I10,Essential (primary) hypertension,Cardiology,36850.48,0.0,1842.52,0%,Pending Adjudication,Audit Logged - Under Verification,Active - Time-Bound Access,Discharge Summary; Surgical Notes; Lab Reports,Insurance Claim Adjudication & Pre-Auth Verification,24 Hours (Statutory Emergency Window),AES-256-GCM,vault-transit-key-0xef2a2ebb,Qma19b264e57253718155e8b2f353837f420af23e7717e,0.0.4891024,3145,2026-09-13 11:51:18 UTC,0x7ad69a835451eb9d6567209b5526e2bcc96bdb24a69474385af6d64a8729d91f,0.0001
CLM-00146,POL-STAR-849346-890,Star Health & Allied Insurance,0x70997970C51812dc3A010C7d01b50e0d17dc79C8,IRDAI-REG-129,MediAssist TPA,Aditi Bhatia,849346,0x2b62180522a9406ffcb388cbf6cd34eec498426c,Fortis Memorial Neuro & Trauma Center,0x84f93618C1D541bB1Dcf1373A8eE500A7D439634,Dr. Rajesh Sharma,NMC-78491,I21.9,"Acute myocardial infarction, unspecified",Cardiology,284654.84,236956.61,5000.0,15%,Approved & Settled,Ledger Verified & Payout Secured,Active - Full Disclosure,Discharge Summary; Surgical Notes; Lab Reports,Insurance Claim Adjudication & Pre-Auth Verification,24 Hours (Statutory Emergency Window),AES-256-GCM,vault-transit-key-0x2b621805,Qm7596eb3221ed416166fefb4ef45e521e0462d5655044,0.0.4891024,3146,2026-09-13 11:51:20 UTC,0x504dd6266d7576f566e743bf735c8d7150a06aa99beabe7a38298b94e8148836,0.0001
CLM-00147,POL-HDFC-849347-746,HDFC ERGO Health Insurance,0x3C44CdDdB6a900fa2b585dd299e03d12FA4293BC,IRDAI-REG-146,Paramount TPA,Sameer Ghosh,849347,0x72031955cbb6ede255291291a42bc84f68b34293,Care & Cure Pediatric & Maternity Hospital,0x937F51E09477BfD31E56c5e533038a8eEAc096b7,Dr. Preeti Deshmukh,NMC-82194,A90,Dengue fever [classical dengue],Infectious Disease,31424.8,26711.08,1571.24,10%,Approved & Settled,Ledger Verified & Payout Secured,Active - Full Disclosure,Emergency Admission Record; Diagnostic Imaging CT/MRI,Insurance Claim Adjudication & Pre-Auth Verification,24 Hours (Statutory Emergency Window),AES-256-GCM,vault-transit-key-0x72031955,Qm46f2fad2e938e9aee732510add8daa642c5f55c40c30,0.0.4891024,3147,2026-09-13 11:51:22 UTC,0x1274899d69566b0ef3c4f8fa602cdcfacf15f9a5970be1851c03b6c9b3d4b3e2,0.0001
CLM-00148,POL-STAR-849348-417,Star Health & Allied Insurance,0x70997970C51812dc3A010C7d01b50e0d17dc79C8,IRDAI-REG-129,MediAssist TPA,Riya Iyer,849348,0xfabcb5656fe6f704d1469d7e8d11a24bd3da3af8,Max Super Speciality Cancer Institute,0x28B7eA94B34C8F52D19E50Eb14769Da20F5D54b4,Dr. Sarah Jenkins,NMC-48192,S06.9X0A,Unspecified intracranial injury / Concussion,Trauma & Emergency,130171.1,99136.88,5000.0,20%,Approved & Settled,Ledger Verified & Payout Secured,Active - Full Disclosure,Diagnosis; Lab Reports; Itemized Pharmacy Bill,Insurance Claim Adjudication & Pre-Auth Verification,24 Hours (Statutory Emergency Window),AES-256-GCM,vault-transit-key-0xfabcb565,Qmc899371530ded8bdc6dd52c190905fc4f2392cb0d306,0.0.4891024,3148,2026-09-13 11:51:24 UTC,0x79cd49705437ff6e2a1169a1d82b18bd760c79486219fb303839f22188c0ed14,0.0001
CLM-00149,POL-STAR-849349-918,Star Health & Allied Insurance,0x70997970C51812dc3A010C7d01b50e0d17dc79C8,IRDAI-REG-129,MediAssist TPA,Sanjay Mukherjee,849349,0xe6f4c170fba07f462b1b6bcc6ac46ed1e3277eed,Fortis Memorial Neuro & Trauma Center,0x84f93618C1D541bB1Dcf1373A8eE500A7D439634,Dr. Vikram Seth,NMC-99014,I21.9,"Acute myocardial infarction, unspecified",Cardiology,261074.11,0.0,5000.0,20%,Pending Adjudication,Audit Logged - Under Verification,Active - Time-Bound Access,Emergency Admission Record; Diagnostic Imaging CT/MRI,Insurance Claim Adjudication & Pre-Auth Verification,24 Hours (Statutory Emergency Window),AES-256-GCM,vault-transit-key-0xe6f4c170,Qm1b4587b487e45954bdb2b02f4b98e71de1c60325839c,0.0.4891024,3149,2026-09-13 11:51:26 UTC,0x2cca47b3b9b9437db961200fea3796775caad2bedfd031186dcdefbdd6d4955f,0.0001
CLM-00150,POL-CARE-849350-920,Care Health Insurance (Religare),0x15d34AAf54267DB7D7c367839AAf71A00a2C6A65,IRDAI-REG-148,Heritage Health TPA,Neha Chatterjee,849350,0x35456b76217b6fc36bbef143528dd348d1da47c1,Fortis Memorial Neuro & Trauma Center,0x84f93618C1D541bB1Dcf1373A8eE500A7D439634,Dr. Sunita Narang,NMC-90812,G40.909,"Epilepsy, unspecified, without status epilepticus",Neurology,39361.36,29521.02,1968.07,20%,Approved & Settled,Ledger Verified & Payout Secured,Active - Full Disclosure,Diagnosis; Lab Reports; Itemized Pharmacy Bill,Insurance Claim Adjudication & Pre-Auth Verification,24 Hours (Statutory Emergency Window),AES-256-GCM,vault-transit-key-0x35456b76,Qmd504c31382c5f6603a3923821815f4250cf96d91af28,0.0.4891024,3150,2026-09-13 11:51:28 UTC,0xe140338fcc3e5bc26302c06eb08fa8e0b53e5d6932a1bafbfa89bc638ca084d3,0.0001
CLM-00151,POL-STAR-849351-413,Star Health & Allied Insurance,0x70997970C51812dc3A010C7d01b50e0d17dc79C8,IRDAI-REG-129,MediAssist TPA,Riya Mehta,849351,0xb3c0ec433e7e17cf6fc81235b581944f9059d6a5,Apollo Multispecialty Hospital,0x155Af6ECaFb48861dA7d16Fb8Af2f6ce9d6DD779,Dr. Vikram Seth,NMC-99014,G40.909,"Epilepsy, unspecified, without status epilepticus",Neurology,46227.81,34670.86,2311.39,20%,Approved & Settled,Ledger Verified & Payout Secured,Active - Full Disclosure,Emergency Admission Record; Diagnostic Imaging CT/MRI,Insurance Claim Adjudication & Pre-Auth Verification,24 Hours (Statutory Emergency Window),AES-256-GCM,vault-transit-key-0xb3c0ec43,Qm530696ca5a797015b1fb65898bcc0190020bfda2541c,0.0.4891024,3151,2026-09-13 11:51:30 UTC,0x3b9c0d89dc0cd5675a476a19a4557ef22504fbff766238499414971d37853763,0.0001
CLM-00152,POL-ICIC-849352-754,ICICI Lombard General Insurance,0x90F79bf6EB2c4f870365E785982E1f101E93b906,IRDAI-REG-115,Vidal Health TPA,Vikas Verma,849352,0x4a4983f9a8436bc73501af52213f48bfdbb62f3b,Apex Diagnostic & Pathology Hub,0x04Fee3FD1B338d12FFD6dBD8d66dE1e8e0BB99cB,Dr. Ananya Roy,NMC-51203,G40.909,"Epilepsy, unspecified, without status epilepticus",Neurology,56322.52,53506.39,2816.13,0%,Approved & Settled,Ledger Verified & Payout Secured,Active - Full Disclosure,Emergency Admission Record; Diagnostic Imaging CT/MRI,Insurance Claim Adjudication & Pre-Auth Verification,24 Hours (Statutory Emergency Window),AES-256-GCM,vault-transit-key-0x4a4983f9,Qmf5a960a44e41b23f0b1ed550b63f8d0eaf3d69866b92,0.0.4891024,3152,2026-09-13 11:51:32 UTC,0xccf9fe2ac0867becc0b2dcb2bee37e99632fee61c56ac7fb667dacb15f3481ec,0.0001
CLM-00153,POL-HDFC-849353-135,HDFC ERGO Health Insurance,0x3C44CdDdB6a900fa2b585dd299e03d12FA4293BC,IRDAI-REG-146,Paramount TPA,Bhavna Hegde,849353,0x8c276342644e324b4a9be7380afa0e188818622f,Apollo Multispecialty Hospital,0x155Af6ECaFb48861dA7d16Fb8Af2f6ce9d6DD779,Dr. Rajesh Sharma,NMC-78491,A90,Dengue fever [classical dengue],Infectious Disease,30617.71,0.0,1530.89,10%,Pending Adjudication,Audit Logged - Under Verification,Active - Time-Bound Access,Discharge Summary; Surgical Notes; Lab Reports,Insurance Claim Adjudication & Pre-Auth Verification,24 Hours (Statutory Emergency Window),AES-256-GCM,vault-transit-key-0x8c276342,Qm6ac456b62f7fe74719d2272d6bdda73686c4df7b22af,0.0.4891024,3153,2026-09-13 11:51:34 UTC,0xf90f33cbee2f3909e06f15f438932d7536e0eece922ace751384fa5fec700bf8,0.0001
CLM-00154,POL-STAR-849354-479,Star Health & Allied Insurance,0x70997970C51812dc3A010C7d01b50e0d17dc79C8,IRDAI-REG-129,MediAssist TPA,Siddharth Saxena,849354,0xb3c863d679df01c05b03a6e4aa122b0f88844e1e,Apex Diagnostic & Pathology Hub,0x04Fee3FD1B338d12FFD6dBD8d66dE1e8e0BB99cB,Dr. Rajesh Sharma,NMC-78491,A90,Dengue fever [classical dengue],Infectious Disease,34156.99,32449.14,1707.85,0%,Approved & Settled,Ledger Verified & Payout Secured,Active - Full Disclosure,Discharge Summary; Surgical Notes; Lab Reports,Insurance Claim Adjudication & Pre-Auth Verification,24 Hours (Statutory Emergency Window),AES-256-GCM,vault-transit-key-0xb3c863d6,Qm7f355f53167df4570d4939d84d526b420627031883ac,0.0.4891024,3154,2026-09-13 11:51:36 UTC,0xfbe638bc396c9229143cc8f23059413c442d9cac3744cdb34d0249bdaaef9b73,0.0001
CLM-00155,POL-ICIC-849355-853,ICICI Lombard General Insurance,0x90F79bf6EB2c4f870365E785982E1f101E93b906,IRDAI-REG-115,Vidal Health TPA,Sakshi Kulkarni,849355,0xb25db74a888eb4be5d380d88fc438aa59cf700ff,Max Super Speciality Cancer Institute,0x28B7eA94B34C8F52D19E50Eb14769Da20F5D54b4,Dr. Sarah Jenkins,NMC-48192,I10,Essential (primary) hypertension,Cardiology,28036.07,0.0,1401.8,20%,Awaiting Patient Consent Approval,Access Requested via Ledger,Pending Patient Authorization,Lab Reports; Diagnosis; Treatment History; Discharge Summary,Insurance Claim Adjudication & Pre-Auth Verification,24 Hours (Statutory Emergency Window),AES-256-GCM,vault-transit-key-0xb25db74a,Qm4e472db79c27ab218d0cd316ed946d5a91f1d59ee8af,0.0.4891024,3155,2026-09-13 11:51:37 UTC,0x227d6df3120f0f4ea77832b572c258a8baef5c4deb3d84d42789d1e5ebe4b8e4,0.0001
CLM-00156,POL-CARE-849356-810,Care Health Insurance (Religare),0x15d34AAf54267DB7D7c367839AAf71A00a2C6A65,IRDAI-REG-148,Heritage Health TPA,Rahul Pillai,849356,0x8457ed9d4320ff2a65ee474a78a71544f46a5ef5,Max Super Speciality Cancer Institute,0x28B7eA94B34C8F52D19E50Eb14769Da20F5D54b4,Dr. Rohan Patel,NMC-11029,G40.909,"Epilepsy, unspecified, without status epilepticus",Neurology,55121.45,41341.09,2756.07,20%,Approved & Settled,Ledger Verified & Payout Secured,Active - Full Disclosure,Diagnosis; Lab Reports; Itemized Pharmacy Bill,Insurance Claim Adjudication & Pre-Auth Verification,24 Hours (Statutory Emergency Window),AES-256-GCM,vault-transit-key-0x8457ed9d,Qm7b48fad13222deaecb132e64c71ecebeca282554a96f,0.0.4891024,3156,2026-09-13 11:51:39 UTC,0x3a485eed4e8dd99af118807a0d707a398c24abc9c54369c89054909661ce4f4c,0.0001
CLM-00157,POL-CARE-849357-783,Care Health Insurance (Religare),0x15d34AAf54267DB7D7c367839AAf71A00a2C6A65,IRDAI-REG-148,Heritage Health TPA,Vikas Nair,849357,0x690bea749b3724927f40edd02a2689c70e28f140,Apollo Multispecialty Hospital,0x155Af6ECaFb48861dA7d16Fb8Af2f6ce9d6DD779,Dr. Sunita Narang,NMC-90812,S06.9X0A,Unspecified intracranial injury / Concussion,Trauma & Emergency,121479.26,116479.26,5000.0,0%,Approved & Settled,Ledger Verified & Payout Secured,Active - Full Disclosure,Discharge Summary; Surgical Notes; Lab Reports,Insurance Claim Adjudication & Pre-Auth Verification,24 Hours (Statutory Emergency Window),AES-256-GCM,vault-transit-key-0x690bea74,Qma4f83d51370085c40744e623857ac86e43d581c6b6d0,0.0.4891024,3157,2026-09-13 11:51:41 UTC,0x31a79aba4a102a9230906e7482cd1783d4e89c3e08ccc5d5ed2df0e33f1f9a1d,0.0001
CLM-00158,POL-HDFC-849358-224,HDFC ERGO Health Insurance,0x3C44CdDdB6a900fa2b585dd299e03d12FA4293BC,IRDAI-REG-146,Paramount TPA,Meera Pillai,849358,0xa958acbe41da1379894472df3893d7415a4f0da2,Fortis Memorial Neuro & Trauma Center,0x84f93618C1D541bB1Dcf1373A8eE500A7D439634,Dr. Rohan Patel,NMC-11029,C50.919,Malignant neoplasm of female breast,Oncology,510457.67,454411.9,5000.0,10%,Approved & Settled,Ledger Verified & Payout Secured,Active - Full Disclosure,Emergency Admission Record; Diagnostic Imaging CT/MRI,Insurance Claim Adjudication & Pre-Auth Verification,24 Hours (Statutory Emergency Window),AES-256-GCM,vault-transit-key-0xa958acbe,Qmeeb2ba273436ab136bccfc4a62e30635afb6402f8fca,0.0.4891024,3158,2026-09-13 11:51:43 UTC,0xebf8e6facd21a3087969ac393da35255ac95c5c2afbbe1421e5c7cd10b469012,0.0001
CLM-00159,POL-NIVA-849359-726,Niva Bupa Health Insurance,0x9965507D1a55bcC2695C58ba16FB37d819B0A4dc,IRDAI-REG-145,MDIndia Health TPA,Shreya Pandey,849359,0xd268d3e47f475739acf52812b53b8ed3583cc767,Fortis Memorial Neuro & Trauma Center,0x84f93618C1D541bB1Dcf1373A8eE500A7D439634,Dr. Ananya Roy,NMC-51203,E11.9,Type 2 diabetes mellitus without complications,Endocrinology,24011.35,22810.78,1200.57,0%,Approved & Settled,Ledger Verified & Payout Secured,Active - Full Disclosure,Emergency Admission Record; Diagnostic Imaging CT/MRI,Insurance Claim Adjudication & Pre-Auth Verification,24 Hours (Statutory Emergency Window),AES-256-GCM,vault-transit-key-0xd268d3e4,Qm30861a9236276d4a3a4188a63126fd23620dc804f7d5,0.0.4891024,3159,2026-09-13 11:51:45 UTC,0x4bed1bfc79f42858eff6869ac2f687a401c8600b5d552c0d48b08442ccdb55c9,0.0001
CLM-00160,POL-CARE-849360-424,Care Health Insurance (Religare),0x15d34AAf54267DB7D7c367839AAf71A00a2C6A65,IRDAI-REG-148,Heritage Health TPA,Tanvi Gowda,849360,0x7fe56e685c9d16809f1cf12de0bc08fb7edb44eb,Apex Diagnostic & Pathology Hub,0x04Fee3FD1B338d12FFD6dBD8d66dE1e8e0BB99cB,Dr. Sarah Jenkins,NMC-48192,E11.9,Type 2 diabetes mellitus without complications,Endocrinology,21997.47,16498.11,1099.87,20%,Approved & Settled,Ledger Verified & Payout Secured,Active - Full Disclosure,Discharge Summary; Surgical Notes; Lab Reports,Insurance Claim Adjudication & Pre-Auth Verification,24 Hours (Statutory Emergency Window),AES-256-GCM,vault-transit-key-0x7fe56e68,Qmcc58edeb08a08ecd6707b04fb25981984fc2c0c917ce,0.0.4891024,3160,2026-09-13 11:51:47 UTC,0xe36b83e7632838a092c8b9efb579aff6fff1308cb4aa901622a3607ba331ead7,0.0001
CLM-00161,POL-NIVA-849361-543,Niva Bupa Health Insurance,0x9965507D1a55bcC2695C58ba16FB37d819B0A4dc,IRDAI-REG-145,MDIndia Health TPA,Harish Kulkarni,849361,0xcc3b9b866de4aa40c96d61bfce21e7d1a692182a,Max Super Speciality Cancer Institute,0x28B7eA94B34C8F52D19E50Eb14769Da20F5D54b4,Dr. Sunita Narang,NMC-90812,E11.9,Type 2 diabetes mellitus without complications,Endocrinology,20836.34,0.0,1041.82,0%,Awaiting Patient Consent Approval,Access Requested via Ledger,Pending Patient Authorization,Diagnosis; Lab Reports; Itemized Pharmacy Bill,Insurance Claim Adjudication & Pre-Auth Verification,24 Hours (Statutory Emergency Window),AES-256-GCM,vault-transit-key-0xcc3b9b86,Qm77c5618362a1806ed1a52e4c6014b2d7346d7c905286,0.0.4891024,3161,2026-09-13 11:51:49 UTC,0x22c7b2931acf964bf40f190d64e70a7c601169ffeff66d715cc9d1d03c611bf5,0.0001
CLM-00162,POL-ICIC-849362-966,ICICI Lombard General Insurance,0x90F79bf6EB2c4f870365E785982E1f101E93b906,IRDAI-REG-115,Vidal Health TPA,Meera Nair,849362,0x06b8a3a4eaa240f9a68cb5889ee6d1d354852a39,Max Super Speciality Cancer Institute,0x28B7eA94B34C8F52D19E50Eb14769Da20F5D54b4,Dr. Vikram Seth,NMC-99014,G40.909,"Epilepsy, unspecified, without status epilepticus",Neurology,39290.45,0.0,1964.52,10%,Pending Adjudication,Audit Logged - Under Verification,Active - Time-Bound Access,Discharge Summary; Surgical Notes; Lab Reports,Insurance Claim Adjudication & Pre-Auth Verification,24 Hours (Statutory Emergency Window),AES-256-GCM,vault-transit-key-0x06b8a3a4,Qm7597fe7144d362252341379f500ee1fe9c4083c54ade,0.0.4891024,3162,2026-09-13 11:51:51 UTC,0x6b3d006adf4d0f6349fb56f429d73427db036b518d9779a42c5182fbec6e3d1c,0.0001
CLM-00163,POL-NIVA-849363-706,Niva Bupa Health Insurance,0x9965507D1a55bcC2695C58ba16FB37d819B0A4dc,IRDAI-REG-145,MDIndia Health TPA,Rohan Agarwal,849363,0x5d12fa83286238adf6700c5dd66ce9a4ee1feb07,Apollo Multispecialty Hospital,0x155Af6ECaFb48861dA7d16Fb8Af2f6ce9d6DD779,Dr. Rohan Patel,NMC-11029,E11.9,Type 2 diabetes mellitus without complications,Endocrinology,24488.88,20815.55,1224.44,10%,Approved & Settled,Ledger Verified & Payout Secured,Active - Full Disclosure,Discharge Summary; Surgical Notes; Lab Reports,Insurance Claim Adjudication & Pre-Auth Verification,24 Hours (Statutory Emergency Window),AES-256-GCM,vault-transit-key-0x5d12fa83,Qm18369e6861b242e2374b6f686563dbbfad00270c3bae,0.0.4891024,3163,2026-09-13 11:51:53 UTC,0x213439c17369146e136175db81f8709df40eda8db02c50fcbafe88da26d7c3af,0.0001
CLM-00164,POL-STAR-849364-766,Star Health & Allied Insurance,0x70997970C51812dc3A010C7d01b50e0d17dc79C8,IRDAI-REG-129,MediAssist TPA,Ananya Ghosh,849364,0x56565a31463a342dc04e0b944260157841cd87f7,Apollo Multispecialty Hospital,0x155Af6ECaFb48861dA7d16Fb8Af2f6ce9d6DD779,Dr. Sarah Jenkins,NMC-48192,G40.909,"Epilepsy, unspecified, without status epilepticus",Neurology,41784.28,0.0,2089.21,20%,Pending Adjudication,Audit Logged - Under Verification,Active - Time-Bound Access,Lab Reports; Diagnosis; Treatment History; Discharge Summary,Insurance Claim Adjudication & Pre-Auth Verification,24 Hours (Statutory Emergency Window),AES-256-GCM,vault-transit-key-0x56565a31,Qm9916e328ca4a6390eb37461fe6ab9fd3ea4809945393,0.0.4891024,3164,2026-09-13 11:51:55 UTC,0x197a0d92611b80ba9d8e4533ae5e5263c41ed3b21d4c59a4f8483faf91f79dd8,0.0001
CLM-00165,POL-ICIC-849365-404,ICICI Lombard General Insurance,0x90F79bf6EB2c4f870365E785982E1f101E93b906,IRDAI-REG-115,Vidal Health TPA,Geeta Choudhury,849365,0x83a274b2902312cf6b3babd097a965c8526d53e6,Care & Cure Pediatric & Maternity Hospital,0x937F51E09477BfD31E56c5e533038a8eEAc096b7,Dr. Rajesh Sharma,NMC-78491,K21.9,Gastro-esophageal reflux disease,Gastroenterology,13801.19,13111.13,690.06,0%,Approved & Settled,Ledger Verified & Payout Secured,Active - Full Disclosure,Emergency Admission Record; Diagnostic Imaging CT/MRI,Insurance Claim Adjudication & Pre-Auth Verification,24 Hours (Statutory Emergency Window),AES-256-GCM,vault-transit-key-0x83a274b2,Qme1bf608b513cdf3a3e99328be748c655f63aae91116b,0.0.4891024,3165,2026-09-13 11:51:57 UTC,0x3ed93b451e9ef4603fe27beb87cc2171a3552839f343890959a5ba9b036872db,0.0001
CLM-00166,POL-ICIC-849366-982,ICICI Lombard General Insurance,0x90F79bf6EB2c4f870365E785982E1f101E93b906,IRDAI-REG-115,Vidal Health TPA,Yashwanth Iyer,849366,0x823dd4296a3e75710af17f05483ac04e0c4b18e4,Apex Diagnostic & Pathology Hub,0x04Fee3FD1B338d12FFD6dBD8d66dE1e8e0BB99cB,Dr. Rajesh Sharma,NMC-78491,S06.9X0A,Unspecified intracranial injury / Concussion,Trauma & Emergency,140675.28,0.0,5000.0,15%,Rejected - Policy Exclusion,Rejected with Ledger Audit Reason,Expired / Revoked,Diagnosis; Lab Reports; Itemized Pharmacy Bill,Insurance Claim Adjudication & Pre-Auth Verification,24 Hours (Statutory Emergency Window),AES-256-GCM,vault-transit-key-0x823dd429,Qmf4f948f9243c15ac1ea1d737b55f5c2c969ef005f81b,0.0.4891024,3166,2026-09-13 11:51:59 UTC,0xba0ea14716dde62fd94a35a562437c27454ecdf5efdcc0cee309d0256191b994,0.0001
CLM-00167,POL-STAR-849367-225,Star Health & Allied Insurance,0x70997970C51812dc3A010C7d01b50e0d17dc79C8,IRDAI-REG-129,MediAssist TPA,Bhavna Pandey,849367,0x52f001920f260da6153f853ff75c5445f17a33f1,Fortis Memorial Neuro & Trauma Center,0x84f93618C1D541bB1Dcf1373A8eE500A7D439634,Dr. Rajesh Sharma,NMC-78491,A90,Dengue fever [classical dengue],Infectious Disease,32651.59,27753.85,1632.58,10%,Approved & Settled,Ledger Verified & Payout Secured,Active - Full Disclosure,Lab Reports; Diagnosis; Treatment History; Discharge Summary,Insurance Claim Adjudication & Pre-Auth Verification,24 Hours (Statutory Emergency Window),AES-256-GCM,vault-transit-key-0x52f00192,Qmfa8f051b2e24ad2cc238e193d964a6bbe78e79d0e0c7,0.0.4891024,3167,2026-09-13 11:52:01 UTC,0xb3b9bf8d9f2ffff4602eee30adbcf7e8abc987567f4ff5228365adea53299f4e,0.0001
CLM-00168,POL-NIVA-849368-933,Niva Bupa Health Insurance,0x9965507D1a55bcC2695C58ba16FB37d819B0A4dc,IRDAI-REG-145,MDIndia Health TPA,Siddharth Mukherjee,849368,0x9b0aee722d8c0859793692e500bf58b17271a32b,Care & Cure Pediatric & Maternity Hospital,0x937F51E09477BfD31E56c5e533038a8eEAc096b7,Dr. Rajesh Sharma,NMC-78491,E11.9,Type 2 diabetes mellitus without complications,Endocrinology,19375.9,15500.72,968.8,15%,Approved & Settled,Ledger Verified & Payout Secured,Active - Full Disclosure,Diagnosis; Lab Reports; Itemized Pharmacy Bill,Insurance Claim Adjudication & Pre-Auth Verification,24 Hours (Statutory Emergency Window),AES-256-GCM,vault-transit-key-0x9b0aee72,Qmcf194bd9f748f2f1c817792fb4c8b9200e18c094ef7f,0.0.4891024,3168,2026-09-13 11:52:03 UTC,0x26033d77191e2ec508f8b990fab5a5ab245bb908daec47a139537796eb112442,0.0001
CLM-00169,POL-CARE-849369-192,Care Health Insurance (Religare),0x15d34AAf54267DB7D7c367839AAf71A00a2C6A65,IRDAI-REG-148,Heritage Health TPA,Bhavna Banerjee,849369,0x427648cd0ca4d9625f9809f9a2e279259340dee9,Fortis Memorial Neuro & Trauma Center,0x84f93618C1D541bB1Dcf1373A8eE500A7D439634,Dr. Ananya Roy,NMC-51203,I10,Essential (primary) hypertension,Cardiology,37772.61,0.0,1888.63,20%,Rejected - Policy Exclusion,Rejected with Ledger Audit Reason,Expired / Revoked,Diagnosis; Lab Reports; Itemized Pharmacy Bill,Insurance Claim Adjudication & Pre-Auth Verification,24 Hours (Statutory Emergency Window),AES-256-GCM,vault-transit-key-0x427648cd,Qmb5e43a5ce4bc1ac949c58f38c81a46ef126599dd4477,0.0.4891024,3169,2026-09-13 11:52:05 UTC,0x312370e0e3d3de1d12b45bb05d7626b0211f52ff4c885c45519b41589b50756b,0.0001
CLM-00170,POL-STAR-849370-392,Star Health & Allied Insurance,0x70997970C51812dc3A010C7d01b50e0d17dc79C8,IRDAI-REG-129,MediAssist TPA,Sanjay Verma,849370,0xd6fba5dc1cf0a034d2b8ac1967d99ea34b9750bd,Fortis Memorial Neuro & Trauma Center,0x84f93618C1D541bB1Dcf1373A8eE500A7D439634,Dr. Ananya Roy,NMC-51203,A90,Dengue fever [classical dengue],Infectious Disease,36528.35,34701.93,1826.42,0%,Approved & Settled,Ledger Verified & Payout Secured,Active - Full Disclosure,Discharge Summary; Surgical Notes; Lab Reports,Insurance Claim Adjudication & Pre-Auth Verification,24 Hours (Statutory Emergency Window),AES-256-GCM,vault-transit-key-0xd6fba5dc,Qm6f7747e2c17780abc93e605de3a8904bfb87124b15da,0.0.4891024,3170,2026-09-13 11:52:06 UTC,0x42711fc871975039145119f9e27b0b55bb7a0e13ed08082211ac15a85c0fe633,0.0001
CLM-00171,POL-STAR-849371-471,Star Health & Allied Insurance,0x70997970C51812dc3A010C7d01b50e0d17dc79C8,IRDAI-REG-129,MediAssist TPA,Sneha Bhatia,849371,0x717ea896ce45621634ebf87961f392dfab858747,Care & Cure Pediatric & Maternity Hospital,0x937F51E09477BfD31E56c5e533038a8eEAc096b7,Dr. Sarah Jenkins,NMC-48192,C50.919,Malignant neoplasm of female breast,Oncology,436601.12,431601.12,5000.0,0%,Approved & Settled,Ledger Verified & Payout Secured,Active - Full Disclosure,Emergency Admission Record; Diagnostic Imaging CT/MRI,Insurance Claim Adjudication & Pre-Auth Verification,24 Hours (Statutory Emergency Window),AES-256-GCM,vault-transit-key-0x717ea896,Qm8965a3e33b20268db463c3b57297796fd23102ffbdec,0.0.4891024,3171,2026-09-13 11:52:08 UTC,0x85d6837754f4b4fbd8ccc534b7bfac817de777cf5e7ca4deb076a05651c8ea29,0.0001
CLM-00172,POL-NIVA-849372-199,Niva Bupa Health Insurance,0x9965507D1a55bcC2695C58ba16FB37d819B0A4dc,IRDAI-REG-145,MDIndia Health TPA,Rakesh Ghosh,849372,0x213c085114850990a67b76b223150dc4670c13c4,Apex Diagnostic & Pathology Hub,0x04Fee3FD1B338d12FFD6dBD8d66dE1e8e0BB99cB,Dr. Sarah Jenkins,NMC-48192,E11.9,Type 2 diabetes mellitus without complications,Endocrinology,19929.25,15943.4,996.46,15%,Approved & Settled,Ledger Verified & Payout Secured,Active - Full Disclosure,Discharge Summary; Surgical Notes; Lab Reports,Insurance Claim Adjudication & Pre-Auth Verification,24 Hours (Statutory Emergency Window),AES-256-GCM,vault-transit-key-0x213c0851,Qm5531b6e8d942506048feaa1a90367f72b741571337f1,0.0.4891024,3172,2026-09-13 11:52:10 UTC,0x0066c476a229b191b32a6dc635265ee40da6e53cc84edeae37aa9c9725fec3cd,0.0001
CLM-00173,POL-NIVA-849373-146,Niva Bupa Health Insurance,0x9965507D1a55bcC2695C58ba16FB37d819B0A4dc,IRDAI-REG-145,MDIndia Health TPA,Nikhil Agarwal,849373,0xf658a5c2367a6753f574f430f39d0ba3e712b23b,Care & Cure Pediatric & Maternity Hospital,0x937F51E09477BfD31E56c5e533038a8eEAc096b7,Dr. Rohan Patel,NMC-11029,I10,Essential (primary) hypertension,Cardiology,26149.07,0.0,1307.45,15%,Pending Adjudication,Audit Logged - Under Verification,Active - Time-Bound Access,Emergency Admission Record; Diagnostic Imaging CT/MRI,Insurance Claim Adjudication & Pre-Auth Verification,24 Hours (Statutory Emergency Window),AES-256-GCM,vault-transit-key-0xf658a5c2,Qme167f6c69cb1a7ab48ac117551adfca7c984d9683352,0.0.4891024,3173,2026-09-13 11:52:12 UTC,0x71c0407680156daac1459bae57322239732688bfe1d00854fa97fcf168024583,0.0001
CLM-00174,POL-NIVA-849374-266,Niva Bupa Health Insurance,0x9965507D1a55bcC2695C58ba16FB37d819B0A4dc,IRDAI-REG-145,MDIndia Health TPA,Madhav Swaminathan,849374,0x1e826c3a810cc7865883348187f555b6a3101d71,Max Super Speciality Cancer Institute,0x28B7eA94B34C8F52D19E50Eb14769Da20F5D54b4,Dr. Vikram Seth,NMC-99014,S06.9X0A,Unspecified intracranial injury / Concussion,Trauma & Emergency,123835.4,100260.09,5000.0,15%,Approved & Settled,Ledger Verified & Payout Secured,Active - Full Disclosure,Emergency Admission Record; Diagnostic Imaging CT/MRI,Insurance Claim Adjudication & Pre-Auth Verification,24 Hours (Statutory Emergency Window),AES-256-GCM,vault-transit-key-0x1e826c3a,Qm70b0abca7c2ecf60c27cb5f82335479a58473dcc7403,0.0.4891024,3174,2026-09-13 11:52:14 UTC,0xc29761c55438a3ac86c7a67046df46d55886dd4e21392a14e68bd3da59162aad,0.0001
CLM-00175,POL-STAR-849375-526,Star Health & Allied Insurance,0x70997970C51812dc3A010C7d01b50e0d17dc79C8,IRDAI-REG-129,MediAssist TPA,Rohan Chatterjee,849375,0xf18ae59aefc0b67134558fc02e44feea0636dd0a,Fortis Memorial Neuro & Trauma Center,0x84f93618C1D541bB1Dcf1373A8eE500A7D439634,Dr. Vikram Seth,NMC-99014,I21.9,"Acute myocardial infarction, unspecified",Cardiology,284853.16,279853.16,5000.0,0%,Approved & Settled,Ledger Verified & Payout Secured,Active - Full Disclosure,Discharge Summary; Surgical Notes; Lab Reports,Insurance Claim Adjudication & Pre-Auth Verification,24 Hours (Statutory Emergency Window),AES-256-GCM,vault-transit-key-0xf18ae59a,Qm00dfd13886784fcb5acc3a2fcd6b0414b05dbe8d4d35,0.0.4891024,3175,2026-09-13 11:52:16 UTC,0xfc09f04e2744408641d1354e9f9821f46974c22a46463640ed17c8f4e2af73ca,0.0001
CLM-00176,POL-HDFC-849376-274,HDFC ERGO Health Insurance,0x3C44CdDdB6a900fa2b585dd299e03d12FA4293BC,IRDAI-REG-146,Paramount TPA,Lata Saxena,849376,0x16acdafc948028707dfb67f98420a9fdd88c695c,Apollo Multispecialty Hospital,0x155Af6ECaFb48861dA7d16Fb8Af2f6ce9d6DD779,Dr. Rohan Patel,NMC-11029,A90,Dengue fever [classical dengue],Infectious Disease,36348.95,27261.71,1817.45,20%,Approved & Settled,Ledger Verified & Payout Secured,Active - Full Disclosure,Diagnosis; Lab Reports; Itemized Pharmacy Bill,Insurance Claim Adjudication & Pre-Auth Verification,24 Hours (Statutory Emergency Window),AES-256-GCM,vault-transit-key-0x16acdafc,Qm6dc792ce4df77223a9ae1ee4a4892812d8e2ffc48af9,0.0.4891024,3176,2026-09-13 11:52:18 UTC,0x8733dc4ab226030bf2129bc34666bc5587c3d7dfd156359721bd2ce2ce6871d0,0.0001
CLM-00177,POL-STAR-849377-421,Star Health & Allied Insurance,0x70997970C51812dc3A010C7d01b50e0d17dc79C8,IRDAI-REG-129,MediAssist TPA,Kiran Pillai,849377,0x2707e2a546a09cef92eca3b8f59b28dd36a637c5,Max Super Speciality Cancer Institute,0x28B7eA94B34C8F52D19E50Eb14769Da20F5D54b4,Dr. Sarah Jenkins,NMC-48192,A90,Dengue fever [classical dengue],Infectious Disease,34830.44,0.0,1741.52,20%,Pending Adjudication,Audit Logged - Under Verification,Active - Time-Bound Access,Emergency Admission Record; Diagnostic Imaging CT/MRI,Insurance Claim Adjudication & Pre-Auth Verification,24 Hours (Statutory Emergency Window),AES-256-GCM,vault-transit-key-0x2707e2a5,Qm6f83501e127bfdf506d981dceaa67ce3a87a42f9458a,0.0.4891024,3177,2026-09-13 11:52:20 UTC,0xa954f160b6e343e3d3c1a37bc51ca456d704e56ef71626053b65b4eff4cdfc0d,0.0001
CLM-00178,POL-CARE-849378-631,Care Health Insurance (Religare),0x15d34AAf54267DB7D7c367839AAf71A00a2C6A65,IRDAI-REG-148,Heritage Health TPA,Nandini Malhotra,849378,0x3f90efaf5904e64b07fc99c0fb2f64e6e7013b40,Apollo Multispecialty Hospital,0x155Af6ECaFb48861dA7d16Fb8Af2f6ce9d6DD779,Dr. Preeti Deshmukh,NMC-82194,E11.9,Type 2 diabetes mellitus without complications,Endocrinology,18376.12,0.0,918.81,15%,Rejected - Policy Exclusion,Rejected with Ledger Audit Reason,Expired / Revoked,Emergency Admission Record; Diagnostic Imaging CT/MRI,Insurance Claim Adjudication & Pre-Auth Verification,24 Hours (Statutory Emergency Window),AES-256-GCM,vault-transit-key-0x3f90efaf,Qm1dd6ad093b2c838256487e98f14c40490e1e252ecf55,0.0.4891024,3178,2026-09-13 11:52:22 UTC,0x89762a836092a3ffade173e682f01f3d9d3d677471af336f3176ba8982c116a2,0.0001
CLM-00179,POL-HDFC-849379-659,HDFC ERGO Health Insurance,0x3C44CdDdB6a900fa2b585dd299e03d12FA4293BC,IRDAI-REG-146,Paramount TPA,Siddharth Mehta,849379,0xbfb14cfcd382fe536224361d7311698fbf7e48fc,Care & Cure Pediatric & Maternity Hospital,0x937F51E09477BfD31E56c5e533038a8eEAc096b7,Dr. Rohan Patel,NMC-11029,S06.9X0A,Unspecified intracranial injury / Concussion,Trauma & Emergency,121834.35,0.0,5000.0,15%,Pending Adjudication,Audit Logged - Under Verification,Active - Time-Bound Access,Diagnosis; Lab Reports; Itemized Pharmacy Bill,Insurance Claim Adjudication & Pre-Auth Verification,24 Hours (Statutory Emergency Window),AES-256-GCM,vault-transit-key-0xbfb14cfc,Qm18d5d41ae6a13959cb6e32db6899a34a0e521517f2f2,0.0.4891024,3179,2026-09-13 11:52:24 UTC,0x1bbd93d40bfbf3aa7d35bf043b45e25a14957e164ac5a7f6c1a36372027dfa47,0.0001
CLM-00180,POL-ICIC-849380-821,ICICI Lombard General Insurance,0x90F79bf6EB2c4f870365E785982E1f101E93b906,IRDAI-REG-115,Vidal Health TPA,Rakesh Pandey,849380,0xd37637516b14b38532e091d0cfe3bb006a60b6a3,Max Super Speciality Cancer Institute,0x28B7eA94B34C8F52D19E50Eb14769Da20F5D54b4,Dr. Vikram Seth,NMC-99014,G40.909,"Epilepsy, unspecified, without status epilepticus",Neurology,41717.55,31288.16,2085.88,20%,Approved & Settled,Ledger Verified & Payout Secured,Active - Full Disclosure,Discharge Summary; Surgical Notes; Lab Reports,Insurance Claim Adjudication & Pre-Auth Verification,24 Hours (Statutory Emergency Window),AES-256-GCM,vault-transit-key-0xd3763751,Qm31797f9ddde0aa32a9b82cd6f8f256e4987864db7c24,0.0.4891024,3180,2026-09-13 11:52:26 UTC,0x8ead4e055c823f271fb9e3eab0eab0bac94bbdf3af6177e7265815698aee89c2,0.0001
CLM-00181,POL-STAR-849381-504,Star Health & Allied Insurance,0x70997970C51812dc3A010C7d01b50e0d17dc79C8,IRDAI-REG-129,MediAssist TPA,Rakesh Choudhury,849381,0x32d59a35e4590ed9511ba92226e81cf034099817,Apex Diagnostic & Pathology Hub,0x04Fee3FD1B338d12FFD6dBD8d66dE1e8e0BB99cB,Dr. Preeti Deshmukh,NMC-82194,K21.9,Gastro-esophageal reflux disease,Gastroenterology,15853.37,13475.36,792.67,10%,Approved & Settled,Ledger Verified & Payout Secured,Active - Full Disclosure,Discharge Summary; Surgical Notes; Lab Reports,Insurance Claim Adjudication & Pre-Auth Verification,24 Hours (Statutory Emergency Window),AES-256-GCM,vault-transit-key-0x32d59a35,Qmdb4ba8fd97fe332c6718b9b97d9313959fb9967e42bc,0.0.4891024,3181,2026-09-13 11:52:27 UTC,0x8483ae0db464d4135e04308512ad834fba9a5f666c10284e268a13df3cb8bf3d,0.0001
CLM-00182,POL-CARE-849382-319,Care Health Insurance (Religare),0x15d34AAf54267DB7D7c367839AAf71A00a2C6A65,IRDAI-REG-148,Heritage Health TPA,Sanjay Malhotra,849382,0x87cba44f258fa4d77c2e97e2c6ba1eec09ab247a,Fortis Memorial Neuro & Trauma Center,0x84f93618C1D541bB1Dcf1373A8eE500A7D439634,Dr. Preeti Deshmukh,NMC-82194,A90,Dengue fever [classical dengue],Infectious Disease,31709.78,0.0,1585.49,15%,Rejected - Policy Exclusion,Rejected with Ledger Audit Reason,Expired / Revoked,Discharge Summary; Surgical Notes; Lab Reports,Insurance Claim Adjudication & Pre-Auth Verification,24 Hours (Statutory Emergency Window),AES-256-GCM,vault-transit-key-0x87cba44f,Qm47579a593a20b564575101f9ccfd6e9f16f2e1054f57,0.0.4891024,3182,2026-09-13 11:52:29 UTC,0x7340530463fac29df1be329f3b7f9083d1172de10ff0757da97ff2a241f7bc4e,0.0001
CLM-00183,POL-NIVA-849383-785,Niva Bupa Health Insurance,0x9965507D1a55bcC2695C58ba16FB37d819B0A4dc,IRDAI-REG-145,MDIndia Health TPA,Gautam Agarwal,849383,0x4b3cb72afb3738deddb17d43f161057c66441e0e,Max Super Speciality Cancer Institute,0x28B7eA94B34C8F52D19E50Eb14769Da20F5D54b4,Dr. Rajesh Sharma,NMC-78491,I10,Essential (primary) hypertension,Cardiology,37258.99,0.0,1862.95,10%,Pending Adjudication,Audit Logged - Under Verification,Active - Time-Bound Access,Lab Reports; Diagnosis; Treatment History; Discharge Summary,Insurance Claim Adjudication & Pre-Auth Verification,24 Hours (Statutory Emergency Window),AES-256-GCM,vault-transit-key-0x4b3cb72a,Qm7c131572a3fac34ba86a587eeceb478e9db763c43101,0.0.4891024,3183,2026-09-13 11:52:31 UTC,0xc6102aa4ee8f4fe51a587a4c3396f119c89d97365e79322de00871b68037a5da,0.0001
CLM-00184,POL-CARE-849384-105,Care Health Insurance (Religare),0x15d34AAf54267DB7D7c367839AAf71A00a2C6A65,IRDAI-REG-148,Heritage Health TPA,Tanvi Mehta,849384,0xe0ad651bdfd9671e91f781c73a3e93a0babd7544,Apollo Multispecialty Hospital,0x155Af6ECaFb48861dA7d16Fb8Af2f6ce9d6DD779,Dr. Preeti Deshmukh,NMC-82194,E11.9,Type 2 diabetes mellitus without complications,Endocrinology,24679.62,20977.68,1233.98,10%,Approved & Settled,Ledger Verified & Payout Secured,Active - Full Disclosure,Emergency Admission Record; Diagnostic Imaging CT/MRI,Insurance Claim Adjudication & Pre-Auth Verification,24 Hours (Statutory Emergency Window),AES-256-GCM,vault-transit-key-0xe0ad651b,Qm1717538dc625ea9fe518ea72cbcafa9e7510a70cf97d,0.0.4891024,3184,2026-09-13 11:52:33 UTC,0x338009b47b6e2572642611243b7409ca52df84f5d513643854b10663ca9fb913,0.0001
CLM-00185,POL-ICIC-849385-887,ICICI Lombard General Insurance,0x90F79bf6EB2c4f870365E785982E1f101E93b906,IRDAI-REG-115,Vidal Health TPA,Nikhil Gowda,849385,0xd2b96a3c63dbbf9aa1efb47de2a641721c2ac7a9,Fortis Memorial Neuro & Trauma Center,0x84f93618C1D541bB1Dcf1373A8eE500A7D439634,Dr. Vikram Seth,NMC-99014,I10,Essential (primary) hypertension,Cardiology,26797.33,22777.73,1339.87,10%,Approved & Settled,Ledger Verified & Payout Secured,Active - Full Disclosure,Lab Reports; Diagnosis; Treatment History; Discharge Summary,Insurance Claim Adjudication & Pre-Auth Verification,24 Hours (Statutory Emergency Window),AES-256-GCM,vault-transit-key-0xd2b96a3c,Qme4c19d70b0a0f9022c242a05cb565bf9cdc5a29c49ce,0.0.4891024,3185,2026-09-13 11:52:35 UTC,0x247fe8584a650ad233394cd54d66780d19a11901f3f6a07735e8e1abf03e3cdc,0.0001
CLM-00186,POL-HDFC-849386-906,HDFC ERGO Health Insurance,0x3C44CdDdB6a900fa2b585dd299e03d12FA4293BC,IRDAI-REG-146,Paramount TPA,Tanvi Swaminathan,849386,0x5b995b342eceebf2583c62f9474e0605db1995fd,Apollo Multispecialty Hospital,0x155Af6ECaFb48861dA7d16Fb8Af2f6ce9d6DD779,Dr. Sunita Narang,NMC-90812,K21.9,Gastro-esophageal reflux disease,Gastroenterology,14036.53,0.0,701.83,15%,Awaiting Patient Consent Approval,Access Requested via Ledger,Pending Patient Authorization,Lab Reports; Diagnosis; Treatment History; Discharge Summary,Insurance Claim Adjudication & Pre-Auth Verification,24 Hours (Statutory Emergency Window),AES-256-GCM,vault-transit-key-0x5b995b34,Qmfb84b204d78cd896be722012119427c9df6a795b6e0c,0.0.4891024,3186,2026-09-13 11:52:37 UTC,0x948cb53f8082e60388baeebaaab1b832b6639131efe32eee9d43368babdcde86,0.0001
CLM-00187,POL-STAR-849387-756,Star Health & Allied Insurance,0x70997970C51812dc3A010C7d01b50e0d17dc79C8,IRDAI-REG-129,MediAssist TPA,Kiran Agarwal,849387,0xe2bb7ed5c41e37503e03d7dfd30f1f5284b1e970,Fortis Memorial Neuro & Trauma Center,0x84f93618C1D541bB1Dcf1373A8eE500A7D439634,Dr. Vikram Seth,NMC-99014,A90,Dengue fever [classical dengue],Infectious Disease,36623.53,0.0,1831.18,20%,Awaiting Patient Consent Approval,Access Requested via Ledger,Pending Patient Authorization,Diagnosis; Lab Reports; Itemized Pharmacy Bill,Insurance Claim Adjudication & Pre-Auth Verification,24 Hours (Statutory Emergency Window),AES-256-GCM,vault-transit-key-0xe2bb7ed5,Qmeb2575e118fb68c20d528a84381c4360d5d4dd0ebb8b,0.0.4891024,3187,2026-09-13 11:52:39 UTC,0xd717baad5f815dddf9c60a38832e02de576e494e11549dea569201dfb4745578,0.0001
CLM-00188,POL-HDFC-849388-848,HDFC ERGO Health Insurance,0x3C44CdDdB6a900fa2b585dd299e03d12FA4293BC,IRDAI-REG-146,Paramount TPA,Yashwanth Deshmukh,849388,0xc1ff16eaa24ae0e7a5928232ae639e86d09a084d,Apollo Multispecialty Hospital,0x155Af6ECaFb48861dA7d16Fb8Af2f6ce9d6DD779,Dr. Vikram Seth,NMC-99014,E11.9,Type 2 diabetes mellitus without complications,Endocrinology,20470.46,0.0,1023.52,15%,Pending Adjudication,Audit Logged - Under Verification,Active - Time-Bound Access,Lab Reports; Diagnosis; Treatment History; Discharge Summary,Insurance Claim Adjudication & Pre-Auth Verification,24 Hours (Statutory Emergency Window),AES-256-GCM,vault-transit-key-0xc1ff16ea,Qm85e768a8b511481df080fbb4f6c3c36f9e78974ac0e9,0.0.4891024,3188,2026-09-13 11:52:41 UTC,0x321630a7cf0782faeace7bae794bf4464d821dfa114c0ec0c9a420df738018e1,0.0001
CLM-00189,POL-HDFC-849389-946,HDFC ERGO Health Insurance,0x3C44CdDdB6a900fa2b585dd299e03d12FA4293BC,IRDAI-REG-146,Paramount TPA,Riya Saxena,849389,0x2ffb96552ac637492af8c8dabe20d01f5aad98f5,Max Super Speciality Cancer Institute,0x28B7eA94B34C8F52D19E50Eb14769Da20F5D54b4,Dr. Rohan Patel,NMC-11029,K21.9,Gastro-esophageal reflux disease,Gastroenterology,13655.83,10924.67,682.79,15%,Approved & Settled,Ledger Verified & Payout Secured,Active - Full Disclosure,Lab Reports; Diagnosis; Treatment History; Discharge Summary,Insurance Claim Adjudication & Pre-Auth Verification,24 Hours (Statutory Emergency Window),AES-256-GCM,vault-transit-key-0x2ffb9655,Qm0ed3cff4b99087ca3f6c49e2344137703402bcf8ddba,0.0.4891024,3189,2026-09-13 11:52:43 UTC,0x1c6cfa781401225d3f78a367c59b81f3c9804196f9ac6e69772d7febf4139877,0.0001
CLM-00190,POL-ICIC-849390-492,ICICI Lombard General Insurance,0x90F79bf6EB2c4f870365E785982E1f101E93b906,IRDAI-REG-115,Vidal Health TPA,Kavya Chatterjee,849390,0xeec55bbd981156ec61a0345fee1e40c07ecfe648,Max Super Speciality Cancer Institute,0x28B7eA94B34C8F52D19E50Eb14769Da20F5D54b4,Dr. Sarah Jenkins,NMC-48192,G40.909,"Epilepsy, unspecified, without status epilepticus",Neurology,42251.35,0.0,2112.57,15%,Rejected - Policy Exclusion,Rejected with Ledger Audit Reason,Expired / Revoked,Discharge Summary; Surgical Notes; Lab Reports,Insurance Claim Adjudication & Pre-Auth Verification,24 Hours (Statutory Emergency Window),AES-256-GCM,vault-transit-key-0xeec55bbd,Qmf377282f62cd998c94b5ea5869edf636597d2503367e,0.0.4891024,3190,2026-09-13 11:52:45 UTC,0x9b7134fe677431d600858741931fcefa1ab6da5dcbab0132ebc873b2d679a898,0.0001
CLM-00191,POL-ICIC-849391-163,ICICI Lombard General Insurance,0x90F79bf6EB2c4f870365E785982E1f101E93b906,IRDAI-REG-115,Vidal Health TPA,Kiran Sharma,849391,0x22db7c82bdc4936f98051db4978199eaaa84dac7,Fortis Memorial Neuro & Trauma Center,0x84f93618C1D541bB1Dcf1373A8eE500A7D439634,Dr. Preeti Deshmukh,NMC-82194,C50.919,Malignant neoplasm of female breast,Oncology,456191.43,359953.14,5000.0,20%,Approved & Settled,Ledger Verified & Payout Secured,Active - Full Disclosure,Emergency Admission Record; Diagnostic Imaging CT/MRI,Insurance Claim Adjudication & Pre-Auth Verification,24 Hours (Statutory Emergency Window),AES-256-GCM,vault-transit-key-0x22db7c82,Qm4aec165d008714e394cbb8ef9eff6eecb545f52bee57,0.0.4891024,3191,2026-09-13 11:52:47 UTC,0x555c1e7e263b3fd9cff6a7a321c6a81861c479a92a0d9e59f4d8c9667724edee,0.0001
CLM-00192,POL-STAR-849392-324,Star Health & Allied Insurance,0x70997970C51812dc3A010C7d01b50e0d17dc79C8,IRDAI-REG-129,MediAssist TPA,Rohan Pillai,849392,0x1b8692641013eea5efa18d3499569f8120ea49c1,Fortis Memorial Neuro & Trauma Center,0x84f93618C1D541bB1Dcf1373A8eE500A7D439634,Dr. Vikram Seth,NMC-99014,C50.919,Malignant neoplasm of female breast,Oncology,505708.65,399566.92,5000.0,20%,Approved & Settled,Ledger Verified & Payout Secured,Active - Full Disclosure,Discharge Summary; Surgical Notes; Lab Reports,Insurance Claim Adjudication & Pre-Auth Verification,24 Hours (Statutory Emergency Window),AES-256-GCM,vault-transit-key-0x1b869264,Qmf09ec18728e1561ac74dd98a57adc7f777869aebbc10,0.0.4891024,3192,2026-09-13 11:52:49 UTC,0xb3352e40a3ca13ad7ceb0eb75350bf39f6843e25855c98671d2a24b76b7e93bb,0.0001
CLM-00193,POL-CARE-849393-880,Care Health Insurance (Religare),0x15d34AAf54267DB7D7c367839AAf71A00a2C6A65,IRDAI-REG-148,Heritage Health TPA,Harish Malhotra,849393,0xd27e780b23770c119c62dbb9ede8c3864590fef6,Apex Diagnostic & Pathology Hub,0x04Fee3FD1B338d12FFD6dBD8d66dE1e8e0BB99cB,Dr. Sunita Narang,NMC-90812,C50.919,Malignant neoplasm of female breast,Oncology,384316.59,379316.59,5000.0,0%,Approved & Settled,Ledger Verified & Payout Secured,Active - Full Disclosure,Discharge Summary; Surgical Notes; Lab Reports,Insurance Claim Adjudication & Pre-Auth Verification,24 Hours (Statutory Emergency Window),AES-256-GCM,vault-transit-key-0xd27e780b,Qm7c6f6a73ffda1d95840f95ba3c8b59903ddef061cb2e,0.0.4891024,3193,2026-09-13 11:52:50 UTC,0x5807ed8c538f3ffc4fa56b52ba967cc7ad69b59f599ce268ac304c92f5c5abdb,0.0001
CLM-00194,POL-STAR-849394-686,Star Health & Allied Insurance,0x70997970C51812dc3A010C7d01b50e0d17dc79C8,IRDAI-REG-129,MediAssist TPA,Kiran Reddy,849394,0x4210a1afadbd5b9378f7febacddb5545bdd25cde,Apex Diagnostic & Pathology Hub,0x04Fee3FD1B338d12FFD6dBD8d66dE1e8e0BB99cB,Dr. Rohan Patel,NMC-11029,C50.919,Malignant neoplasm of female breast,Oncology,433768.89,385392.0,5000.0,10%,Approved & Settled,Ledger Verified & Payout Secured,Active - Full Disclosure,Emergency Admission Record; Diagnostic Imaging CT/MRI,Insurance Claim Adjudication & Pre-Auth Verification,24 Hours (Statutory Emergency Window),AES-256-GCM,vault-transit-key-0x4210a1af,Qm0030d742d7eda85a2260693c3fd165ddc5658b94e035,0.0.4891024,3194,2026-09-13 11:52:52 UTC,0x33624759732371e102b23b7dfc325c9548025b901c551cf3483a3e8b2f2c6d75,0.0001
CLM-00195,POL-NIVA-849395-928,Niva Bupa Health Insurance,0x9965507D1a55bcC2695C58ba16FB37d819B0A4dc,IRDAI-REG-145,MDIndia Health TPA,Pooja Pillai,849395,0xe2cdd14a08d20cbd7a3ddb24e5d1f30d0f570b3f,Care & Cure Pediatric & Maternity Hospital,0x937F51E09477BfD31E56c5e533038a8eEAc096b7,Dr. Sarah Jenkins,NMC-48192,A90,Dengue fever [classical dengue],Infectious Disease,29601.16,25160.98,1480.06,10%,Approved & Settled,Ledger Verified & Payout Secured,Active - Full Disclosure,Emergency Admission Record; Diagnostic Imaging CT/MRI,Insurance Claim Adjudication & Pre-Auth Verification,24 Hours (Statutory Emergency Window),AES-256-GCM,vault-transit-key-0xe2cdd14a,Qmc9c7b9acd6e1118dc77626a407ee71d0aac47f9a8c5f,0.0.4891024,3195,2026-09-13 11:52:55 UTC,0x1f7593719ce748b06817a4cf634f5c20ec0af069e1cf896aee48adc7d6f7b16a,0.0001
CLM-00196,POL-CARE-849396-505,Care Health Insurance (Religare),0x15d34AAf54267DB7D7c367839AAf71A00a2C6A65,IRDAI-REG-148,Heritage Health TPA,Arjun Pandey,849396,0x2b2ba3c295f8b7362d4995ec67cdc254def244e6,Fortis Memorial Neuro & Trauma Center,0x84f93618C1D541bB1Dcf1373A8eE500A7D439634,Dr. Preeti Deshmukh,NMC-82194,I10,Essential (primary) hypertension,Cardiology,28913.41,0.0,1445.67,0%,Pending Adjudication,Audit Logged - Under Verification,Active - Time-Bound Access,Lab Reports; Diagnosis; Treatment History; Discharge Summary,Insurance Claim Adjudication & Pre-Auth Verification,24 Hours (Statutory Emergency Window),AES-256-GCM,vault-transit-key-0x2b2ba3c2,Qm622cab1ace1784bfd87887c5132c8685e8896548ce1c,0.0.4891024,3196,2026-09-13 11:52:56 UTC,0xb93995515b249c325836605056022009e6a66a6f32fa6098236cfde6e849fb72,0.0001
CLM-00197,POL-STAR-849397-583,Star Health & Allied Insurance,0x70997970C51812dc3A010C7d01b50e0d17dc79C8,IRDAI-REG-129,MediAssist TPA,Varun Bhatia,849397,0x9ff7206d37fd603a2f18dc935ededa415bc62da8,Apex Diagnostic & Pathology Hub,0x04Fee3FD1B338d12FFD6dBD8d66dE1e8e0BB99cB,Dr. Sarah Jenkins,NMC-48192,I21.9,"Acute myocardial infarction, unspecified",Cardiology,223998.77,174199.02,5000.0,20%,Approved & Settled,Ledger Verified & Payout Secured,Active - Full Disclosure,Diagnosis; Lab Reports; Itemized Pharmacy Bill,Insurance Claim Adjudication & Pre-Auth Verification,24 Hours (Statutory Emergency Window),AES-256-GCM,vault-transit-key-0x9ff7206d,Qme7d69cc1c3d325c38571f25267a9de5b2fb32fe39a59,0.0.4891024,3197,2026-09-13 11:52:58 UTC,0xe4ee8af1fb9f03a8b6233a214f1cd9401227bcd021ef25e24451e9fe69db20a7,0.0001
CLM-00198,POL-CARE-849398-484,Care Health Insurance (Religare),0x15d34AAf54267DB7D7c367839AAf71A00a2C6A65,IRDAI-REG-148,Heritage Health TPA,Tanvi Bhatia,849398,0xda4552d3c27a1e39348002c3cb85c30cccad5304,Care & Cure Pediatric & Maternity Hospital,0x937F51E09477BfD31E56c5e533038a8eEAc096b7,Dr. Sunita Narang,NMC-90812,K21.9,Gastro-esophageal reflux disease,Gastroenterology,11701.41,0.0,585.07,10%,Pending Adjudication,Audit Logged - Under Verification,Active - Time-Bound Access,Discharge Summary; Surgical Notes; Lab Reports,Insurance Claim Adjudication & Pre-Auth Verification,24 Hours (Statutory Emergency Window),AES-256-GCM,vault-transit-key-0xda4552d3,Qme1b0d31502b6c6665b506a77637cf3afbbe698d03b93,0.0.4891024,3198,2026-09-13 11:53:00 UTC,0xb4470bf37120431a64777f8ba9c59d52c5931811cb0e9c76b24481a74a4525e4,0.0001
CLM-00199,POL-CARE-849399-954,Care Health Insurance (Religare),0x15d34AAf54267DB7D7c367839AAf71A00a2C6A65,IRDAI-REG-148,Heritage Health TPA,Neha Pandey,849399,0x02694f246353e300f09c14557099eda9b9755e8f,Apex Diagnostic & Pathology Hub,0x04Fee3FD1B338d12FFD6dBD8d66dE1e8e0BB99cB,Dr. Rajesh Sharma,NMC-78491,C50.919,Malignant neoplasm of female breast,Oncology,342593.93,0.0,5000.0,0%,Rejected - Policy Exclusion,Rejected with Ledger Audit Reason,Expired / Revoked,Emergency Admission Record; Diagnostic Imaging CT/MRI,Insurance Claim Adjudication & Pre-Auth Verification,24 Hours (Statutory Emergency Window),AES-256-GCM,vault-transit-key-0x02694f24,Qma79ce6b9b9f50f8d81217034225930c102b6a74942ca,0.0.4891024,3199,2026-09-13 11:53:02 UTC,0x44f1bdb99afbb8da38c95a7555b706387eb21dfdf39d6013272bab16c1e7a30a,0.0001
CLM-00200,POL-NIVA-849400-353,Niva Bupa Health Insurance,0x9965507D1a55bcC2695C58ba16FB37d819B0A4dc,IRDAI-REG-145,MDIndia Health TPA,Geeta Kapoor,849400,0xcce001d378a6ccab3e083c8cebc617b502ca1673,Care & Cure Pediatric & Maternity Hospital,0x937F51E09477BfD31E56c5e533038a8eEAc096b7,Dr. Sunita Narang,NMC-90812,C50.919,Malignant neoplasm of female breast,Oncology,420766.92,373690.23,5000.0,10%,Approved & Settled,Ledger Verified & Payout Secured,Active - Full Disclosure,Lab Reports; Diagnosis; Treatment History; Discharge Summary,Insurance Claim Adjudication & Pre-Auth Verification,24 Hours (Statutory Emergency Window),AES-256-GCM,vault-transit-key-0xcce001d3,Qm022df95dc8974108d0c882c3385b71573b87d522d376,0.0.4891024,3200,2026-09-13 11:53:04 UTC,0xe3e87fcf493f574b8edf0a5a06fb7d4c8c9e4bf2c7569c995983f9e8f9e53eec,0.0001
CLM-00201,POL-STAR-849401-203,Star Health & Allied Insurance,0x70997970C51812dc3A010C7d01b50e0d17dc79C8,IRDAI-REG-129,MediAssist TPA,Tanvi Agarwal,849401,0x6bf3f1289da0ae975adf858eca174b1660b20697,Max Super Speciality Cancer Institute,0x28B7eA94B34C8F52D19E50Eb14769Da20F5D54b4,Dr. Rajesh Sharma,NMC-78491,I21.9,"Acute myocardial infarction, unspecified",Cardiology,285982.34,223785.87,5000.0,20%,Approved & Settled,Ledger Verified & Payout Secured,Active - Full Disclosure,Lab Reports; Diagnosis; Treatment History; Discharge Summary,Insurance Claim Adjudication & Pre-Auth Verification,24 Hours (Statutory Emergency Window),AES-256-GCM,vault-transit-key-0x6bf3f128,Qm9818eb8a7277c4af97ab1967d68529818f0560ac2164,0.0.4891024,3201,2026-09-13 11:53:06 UTC,0xcc9b7e3141b12686f739977c313869019413c7a0b980731b6ef946b19a97e260,0.0001
CLM-00202,POL-CARE-849402-872,Care Health Insurance (Religare),0x15d34AAf54267DB7D7c367839AAf71A00a2C6A65,IRDAI-REG-148,Heritage Health TPA,Ananya Joshi,849402,0x5cd10b34ccaabcd552898c545ecb31318205b9b6,Max Super Speciality Cancer Institute,0x28B7eA94B34C8F52D19E50Eb14769Da20F5D54b4,Dr. Rohan Patel,NMC-11029,C50.919,Malignant neoplasm of female breast,Oncology,489697.87,484697.87,5000.0,0%,Approved & Settled,Ledger Verified & Payout Secured,Active - Full Disclosure,Discharge Summary; Surgical Notes; Lab Reports,Insurance Claim Adjudication & Pre-Auth Verification,24 Hours (Statutory Emergency Window),AES-256-GCM,vault-transit-key-0x5cd10b34,Qmc8b12fd3e9ea95119d91753c6e80a26636c741a7fdb7,0.0.4891024,3202,2026-09-13 11:53:08 UTC,0xcc0becdaf9fa7c9eb8f56bd10bf197e6641a46bcfa2eff97a026ab26da2b9e1a,0.0001
CLM-00203,POL-NIVA-849403-342,Niva Bupa Health Insurance,0x9965507D1a55bcC2695C58ba16FB37d819B0A4dc,IRDAI-REG-145,MDIndia Health TPA,Kiran Mehta,849403,0x22798fe7c5574fed372a4fad4e810783af2db315,Apex Diagnostic & Pathology Hub,0x04Fee3FD1B338d12FFD6dBD8d66dE1e8e0BB99cB,Dr. Sunita Narang,NMC-90812,S06.9X0A,Unspecified intracranial injury / Concussion,Trauma & Emergency,119116.31,0.0,5000.0,10%,Rejected - Policy Exclusion,Rejected with Ledger Audit Reason,Expired / Revoked,Diagnosis; Lab Reports; Itemized Pharmacy Bill,Insurance Claim Adjudication & Pre-Auth Verification,24 Hours (Statutory Emergency Window),AES-256-GCM,vault-transit-key-0x22798fe7,Qmffea85726b5184df75cc7de643c3ef70195baa01fd48,0.0.4891024,3203,2026-09-13 11:53:10 UTC,0x86c138c195bd631dccbff620e25e0bb1582e8594c0ee726fdd27be57e54cdac1,0.0001
CLM-00204,POL-STAR-849404-741,Star Health & Allied Insurance,0x70997970C51812dc3A010C7d01b50e0d17dc79C8,IRDAI-REG-129,MediAssist TPA,Rohan Deshmukh,849404,0xbe89802aa762ed0d6ff91fc0c06587fbf693c7ba,Apex Diagnostic & Pathology Hub,0x04Fee3FD1B338d12FFD6dBD8d66dE1e8e0BB99cB,Dr. Rohan Patel,NMC-11029,E11.9,Type 2 diabetes mellitus without complications,Endocrinology,22300.59,16725.44,1115.03,20%,Approved & Settled,Ledger Verified & Payout Secured,Active - Full Disclosure,Discharge Summary; Surgical Notes; Lab Reports,Insurance Claim Adjudication & Pre-Auth Verification,24 Hours (Statutory Emergency Window),AES-256-GCM,vault-transit-key-0xbe89802a,Qm525d2221c6a81c0a28f08f4b7a0c1e24f4b01e0dfb90,0.0.4891024,3204,2026-09-13 11:53:12 UTC,0xfed82f554bd69c1a7feb98eb8bc67142613c94cc57e716176ea7dd9d4c1b8294,0.0001
CLM-00205,POL-NIVA-849405-518,Niva Bupa Health Insurance,0x9965507D1a55bcC2695C58ba16FB37d819B0A4dc,IRDAI-REG-145,MDIndia Health TPA,Siddharth Hegde,849405,0x163fde44457026665a4d85e689d57f0e1302b0a9,Fortis Memorial Neuro & Trauma Center,0x84f93618C1D541bB1Dcf1373A8eE500A7D439634,Dr. Preeti Deshmukh,NMC-82194,K21.9,Gastro-esophageal reflux disease,Gastroenterology,12089.35,9067.01,604.47,20%,Approved & Settled,Ledger Verified & Payout Secured,Active - Full Disclosure,Emergency Admission Record; Diagnostic Imaging CT/MRI,Insurance Claim Adjudication & Pre-Auth Verification,24 Hours (Statutory Emergency Window),AES-256-GCM,vault-transit-key-0x163fde44,Qm749808f8cf03cddc062d9a798397f49815414a97cd13,0.0.4891024,3205,2026-09-13 11:53:13 UTC,0x1887f9c6772c5d5c72bc4995ee4ce16f305d6d6224448fbae7d42fcb45a8a1fa,0.0001
CLM-00206,POL-HDFC-849406-526,HDFC ERGO Health Insurance,0x3C44CdDdB6a900fa2b585dd299e03d12FA4293BC,IRDAI-REG-146,Paramount TPA,Pranav Choudhury,849406,0x60af6a8e5ff8060830bfef110ac9f8ebd4e1e30e,Care & Cure Pediatric & Maternity Hospital,0x937F51E09477BfD31E56c5e533038a8eEAc096b7,Dr. Sarah Jenkins,NMC-48192,K21.9,Gastro-esophageal reflux disease,Gastroenterology,14384.74,12227.03,719.24,10%,Approved & Settled,Ledger Verified & Payout Secured,Active - Full Disclosure,Discharge Summary; Surgical Notes; Lab Reports,Insurance Claim Adjudication & Pre-Auth Verification,24 Hours (Statutory Emergency Window),AES-256-GCM,vault-transit-key-0x60af6a8e,Qm7ff2bdbd7aecb1962b0528cdf4d2b448df408cf87f52,0.0.4891024,3206,2026-09-13 11:53:15 UTC,0xfb2eb3c3ba4ae0700c2dd073b363661c95bc2360b94f3b152752695de84e5ad6,0.0001
CLM-00207,POL-STAR-849407-194,Star Health & Allied Insurance,0x70997970C51812dc3A010C7d01b50e0d17dc79C8,IRDAI-REG-129,MediAssist TPA,Sameer Kulkarni,849407,0x69fa6d8d14a4220ccac13bcd6694ad0fb51a4979,Care & Cure Pediatric & Maternity Hospital,0x937F51E09477BfD31E56c5e533038a8eEAc096b7,Dr. Sunita Narang,NMC-90812,S06.9X0A,Unspecified intracranial injury / Concussion,Trauma & Emergency,131219.14,113097.23,5000.0,10%,Approved & Settled,Ledger Verified & Payout Secured,Active - Full Disclosure,Emergency Admission Record; Diagnostic Imaging CT/MRI,Insurance Claim Adjudication & Pre-Auth Verification,24 Hours (Statutory Emergency Window),AES-256-GCM,vault-transit-key-0x69fa6d8d,Qm2e5751e16a7ec661245027fa3f2501cab9441789c2a0,0.0.4891024,3207,2026-09-13 11:53:18 UTC,0xd528e2cab6e1d27751bc152e00c48eefc99d277f1917e11bf5c25f6d88fccf09,0.0001
CLM-00208,POL-STAR-849408-590,Star Health & Allied Insurance,0x70997970C51812dc3A010C7d01b50e0d17dc79C8,IRDAI-REG-129,MediAssist TPA,Madhav Agarwal,849408,0x40028eff988c319496e2985e36d0f4cad0d78ab9,Apollo Multispecialty Hospital,0x155Af6ECaFb48861dA7d16Fb8Af2f6ce9d6DD779,Dr. Rajesh Sharma,NMC-78491,C50.919,Malignant neoplasm of female breast,Oncology,377720.03,316062.03,5000.0,15%,Approved & Settled,Ledger Verified & Payout Secured,Active - Full Disclosure,Lab Reports; Diagnosis; Treatment History; Discharge Summary,Insurance Claim Adjudication & Pre-Auth Verification,24 Hours (Statutory Emergency Window),AES-256-GCM,vault-transit-key-0x40028eff,Qm790cdf04608a829194d87b6483751cead2096289093a,0.0.4891024,3208,2026-09-13 11:53:19 UTC,0xafa2dd1220926cf317912433ad91327b279c601ef03d572a1429ddff9e5593e6,0.0001
CLM-00209,POL-STAR-849409-506,Star Health & Allied Insurance,0x70997970C51812dc3A010C7d01b50e0d17dc79C8,IRDAI-REG-129,MediAssist TPA,Nikhil Menon,849409,0x057c84dd8283ee9bfc785bee4a0c5b0a9a135ab9,Care & Cure Pediatric & Maternity Hospital,0x937F51E09477BfD31E56c5e533038a8eEAc096b7,Dr. Rajesh Sharma,NMC-78491,C50.919,Malignant neoplasm of female breast,Oncology,498486.62,0.0,5000.0,15%,Pending Adjudication,Audit Logged - Under Verification,Active - Time-Bound Access,Emergency Admission Record; Diagnostic Imaging CT/MRI,Insurance Claim Adjudication & Pre-Auth Verification,24 Hours (Statutory Emergency Window),AES-256-GCM,vault-transit-key-0x057c84dd,Qm16c2fd9e665f95673e80a3fdd1c4e74d22fe53e04c54,0.0.4891024,3209,2026-09-13 11:53:21 UTC,0xd8e46638e16f796b3c27d23e47dae9c9b75d4c2f3e730e058f479be031b9653d,0.0001
CLM-00210,POL-ICIC-849410-625,ICICI Lombard General Insurance,0x90F79bf6EB2c4f870365E785982E1f101E93b906,IRDAI-REG-115,Vidal Health TPA,Geeta Kulkarni,849410,0xf9889ba278d5befcf7811f419dcbd81504bd822d,Fortis Memorial Neuro & Trauma Center,0x84f93618C1D541bB1Dcf1373A8eE500A7D439634,Dr. Vikram Seth,NMC-99014,S06.9X0A,Unspecified intracranial injury / Concussion,Trauma & Emergency,149185.52,114348.42,5000.0,20%,Approved & Settled,Ledger Verified & Payout Secured,Active - Full Disclosure,Emergency Admission Record; Diagnostic Imaging CT/MRI,Insurance Claim Adjudication & Pre-Auth Verification,24 Hours (Statutory Emergency Window),AES-256-GCM,vault-transit-key-0xf9889ba2,Qm281abcbb9a93c974ac3c7dfef6d5033612113586a992,0.0.4891024,3210,2026-09-13 11:53:23 UTC,0x14b9f6f5914084b3a5b22b764c7fe0812e58f57481489abb8946928f12e0787e,0.0001
CLM-00211,POL-ICIC-849411-859,ICICI Lombard General Insurance,0x90F79bf6EB2c4f870365E785982E1f101E93b906,IRDAI-REG-115,Vidal Health TPA,Pooja Bhatia,849411,0x29b658eafede0f05c54217dbbb977a12c5a997e9,Care & Cure Pediatric & Maternity Hospital,0x937F51E09477BfD31E56c5e533038a8eEAc096b7,Dr. Sarah Jenkins,NMC-48192,C50.919,Malignant neoplasm of female breast,Oncology,366952.78,306909.86,5000.0,15%,Approved & Settled,Ledger Verified & Payout Secured,Active - Full Disclosure,Emergency Admission Record; Diagnostic Imaging CT/MRI,Insurance Claim Adjudication & Pre-Auth Verification,24 Hours (Statutory Emergency Window),AES-256-GCM,vault-transit-key-0x29b658ea,Qma9ce3b27e83b01ecebf9480512db17d95a1c0413c7c9,0.0.4891024,3211,2026-09-13 11:53:25 UTC,0x11a7a4a795244c88bae91b09b9d4e32f19196e1e7637292725f1cc4dd6f2e1ac,0.0001
CLM-00212,POL-ICIC-849412-611,ICICI Lombard General Insurance,0x90F79bf6EB2c4f870365E785982E1f101E93b906,IRDAI-REG-115,Vidal Health TPA,Manish Iyer,849412,0x1823710b0b6f2c435303d831c774f077b19e09aa,Max Super Speciality Cancer Institute,0x28B7eA94B34C8F52D19E50Eb14769Da20F5D54b4,Dr. Ananya Roy,NMC-51203,C50.919,Malignant neoplasm of female breast,Oncology,436159.87,365735.89,5000.0,15%,Approved & Settled,Ledger Verified & Payout Secured,Active - Full Disclosure,Emergency Admission Record; Diagnostic Imaging CT/MRI,Insurance Claim Adjudication & Pre-Auth Verification,24 Hours (Statutory Emergency Window),AES-256-GCM,vault-transit-key-0x1823710b,Qmdb22965d94c70831ae1624a90aae7eeb386290c8002a,0.0.4891024,3212,2026-09-13 11:53:27 UTC,0xda464fe54c8f278fd2471eec2e8e6c84fdbfbe22712e94c3fc337c83662fe6da,0.0001
CLM-00213,POL-HDFC-849413-837,HDFC ERGO Health Insurance,0x3C44CdDdB6a900fa2b585dd299e03d12FA4293BC,IRDAI-REG-146,Paramount TPA,Anand Banerjee,849413,0xb177edcb76776c6d9db45d96e9b9130f4ec6e920,Fortis Memorial Neuro & Trauma Center,0x84f93618C1D541bB1Dcf1373A8eE500A7D439634,Dr. Rajesh Sharma,NMC-78491,E11.9,Type 2 diabetes mellitus without complications,Endocrinology,21200.0,0.0,1060.0,10%,Awaiting Patient Consent Approval,Access Requested via Ledger,Pending Patient Authorization,Lab Reports; Diagnosis; Treatment History; Discharge Summary,Insurance Claim Adjudication & Pre-Auth Verification,24 Hours (Statutory Emergency Window),AES-256-GCM,vault-transit-key-0xb177edcb,Qmbf5d42e4a81b973a7ed9bc6f06917e092d19df962cc4,0.0.4891024,3213,2026-09-13 11:53:29 UTC,0x62d11c553e60115def3bd44f402927967c0f8ef8ff976989183bb0d567fbff18,0.0001
CLM-00214,POL-STAR-849414-522,Star Health & Allied Insurance,0x70997970C51812dc3A010C7d01b50e0d17dc79C8,IRDAI-REG-129,MediAssist TPA,Ananya Ghosh,849414,0x63419933b128ce9e4def3482dfebeacae09f2716,Apollo Multispecialty Hospital,0x155Af6ECaFb48861dA7d16Fb8Af2f6ce9d6DD779,Dr. Sunita Narang,NMC-90812,I10,Essential (primary) hypertension,Cardiology,27413.33,23301.33,1370.67,10%,Approved & Settled,Ledger Verified & Payout Secured,Active - Full Disclosure,Diagnosis; Lab Reports; Itemized Pharmacy Bill,Insurance Claim Adjudication & Pre-Auth Verification,24 Hours (Statutory Emergency Window),AES-256-GCM,vault-transit-key-0x63419933,Qm559db22fc365329aebb90286c65ae49fc84c7926c518,0.0.4891024,3214,2026-09-13 11:53:30 UTC,0xf68a0be3f32a0ab504564a2f2cdf9986c4e72165c62d3b2e393858d9a9b2e873,0.0001
CLM-00215,POL-CARE-849415-775,Care Health Insurance (Religare),0x15d34AAf54267DB7D7c367839AAf71A00a2C6A65,IRDAI-REG-148,Heritage Health TPA,Pooja Mishra,849415,0xaa606620f322f7ecd84dd299af4660a2b6624090,Fortis Memorial Neuro & Trauma Center,0x84f93618C1D541bB1Dcf1373A8eE500A7D439634,Dr. Sarah Jenkins,NMC-48192,A90,Dengue fever [classical dengue],Infectious Disease,35825.1,34033.84,1791.26,0%,Approved & Settled,Ledger Verified & Payout Secured,Active - Full Disclosure,Emergency Admission Record; Diagnostic Imaging CT/MRI,Insurance Claim Adjudication & Pre-Auth Verification,24 Hours (Statutory Emergency Window),AES-256-GCM,vault-transit-key-0xaa606620,Qmf4dd3340dd0394a7344621bee6a0cb7ad93364e9a0d0,0.0.4891024,3215,2026-09-13 11:53:32 UTC,0x68a07cfa93e72bf7bcafc0a75e65d3744e014b48f2e87b38e52c4e2801e32b41,0.0001
CLM-00216,POL-ICIC-849416-614,ICICI Lombard General Insurance,0x90F79bf6EB2c4f870365E785982E1f101E93b906,IRDAI-REG-115,Vidal Health TPA,Aditi Mishra,849416,0x3dd49f64bae4d8926f764966d7ab9809a16325d5,Apex Diagnostic & Pathology Hub,0x04Fee3FD1B338d12FFD6dBD8d66dE1e8e0BB99cB,Dr. Vikram Seth,NMC-99014,I10,Essential (primary) hypertension,Cardiology,36078.74,0.0,1803.94,20%,Pending Adjudication,Audit Logged - Under Verification,Active - Time-Bound Access,Diagnosis; Lab Reports; Itemized Pharmacy Bill,Insurance Claim Adjudication & Pre-Auth Verification,24 Hours (Statutory Emergency Window),AES-256-GCM,vault-transit-key-0x3dd49f64,Qm55678cae615e13cb525d45bbc1341a81e67b3ddafbde,0.0.4891024,3216,2026-09-13 11:53:34 UTC,0x25c04ddf742245199bba2f4a0bc68113250e4bd60a858e3ed344e6581b640229,0.0001
CLM-00217,POL-HDFC-849417-934,HDFC ERGO Health Insurance,0x3C44CdDdB6a900fa2b585dd299e03d12FA4293BC,IRDAI-REG-146,Paramount TPA,Gautam Mishra,849417,0xab420b1e5904660acca6f9538633f3189f87b060,Max Super Speciality Cancer Institute,0x28B7eA94B34C8F52D19E50Eb14769Da20F5D54b4,Dr. Rajesh Sharma,NMC-78491,G40.909,"Epilepsy, unspecified, without status epilepticus",Neurology,44498.94,33374.2,2224.95,20%,Approved & Settled,Ledger Verified & Payout Secured,Active - Full Disclosure,Emergency Admission Record; Diagnostic Imaging CT/MRI,Insurance Claim Adjudication & Pre-Auth Verification,24 Hours (Statutory Emergency Window),AES-256-GCM,vault-transit-key-0xab420b1e,Qm0529cbf39b304895f374195510d84b4bc81c658d710a,0.0.4891024,3217,2026-09-13 11:53:37 UTC,0x18c736a6fa19df48364a3a71ffbd0057b9f5548f44db460e2203179f181bb1cd,0.0001
CLM-00218,POL-HDFC-849418-769,HDFC ERGO Health Insurance,0x3C44CdDdB6a900fa2b585dd299e03d12FA4293BC,IRDAI-REG-146,Paramount TPA,Kiran Rao,849418,0xd101ff498aa1941a95460e74c50d582e6a6f25a4,Fortis Memorial Neuro & Trauma Center,0x84f93618C1D541bB1Dcf1373A8eE500A7D439634,Dr. Preeti Deshmukh,NMC-82194,I21.9,"Acute myocardial infarction, unspecified",Cardiology,329832.14,324832.14,5000.0,0%,Approved & Settled,Ledger Verified & Payout Secured,Active - Full Disclosure,Emergency Admission Record; Diagnostic Imaging CT/MRI,Insurance Claim Adjudication & Pre-Auth Verification,24 Hours (Statutory Emergency Window),AES-256-GCM,vault-transit-key-0xd101ff49,Qm799a02e7fb11f84f7e9790942cba62d5448f2a5a4f93,0.0.4891024,3218,2026-09-13 11:53:39 UTC,0xa5cba5c62aa712213c966e40c427bc4af75033a08567786a59e5d9924b1cd352,0.0001
CLM-00219,POL-STAR-849419-184,Star Health & Allied Insurance,0x70997970C51812dc3A010C7d01b50e0d17dc79C8,IRDAI-REG-129,MediAssist TPA,Harish Chatterjee,849419,0xbd9e69def29da47b6d170dab6820305a12ce82c3,Apollo Multispecialty Hospital,0x155Af6ECaFb48861dA7d16Fb8Af2f6ce9d6DD779,Dr. Preeti Deshmukh,NMC-82194,E11.9,Type 2 diabetes mellitus without complications,Endocrinology,20811.32,0.0,1040.57,20%,Pending Adjudication,Audit Logged - Under Verification,Active - Time-Bound Access,Discharge Summary; Surgical Notes; Lab Reports,Insurance Claim Adjudication & Pre-Auth Verification,24 Hours (Statutory Emergency Window),AES-256-GCM,vault-transit-key-0xbd9e69de,Qm85d0be3d3cb021c39adaa3d46f3e905d0d55e18b8272,0.0.4891024,3219,2026-09-13 11:53:41 UTC,0x3f190941b18e2078215e4d644c96fb856d8a9e8c50cb9ee825ec0df50b8f0b05,0.0001
CLM-00220,POL-NIVA-849420-988,Niva Bupa Health Insurance,0x9965507D1a55bcC2695C58ba16FB37d819B0A4dc,IRDAI-REG-145,MDIndia Health TPA,Gautam Swaminathan,849420,0x2231560be8f8830dfc3c018b63b9f9d81c15d704,Apollo Multispecialty Hospital,0x155Af6ECaFb48861dA7d16Fb8Af2f6ce9d6DD779,Dr. Rajesh Sharma,NMC-78491,C50.919,Malignant neoplasm of female breast,Oncology,460381.2,363304.96,5000.0,20%,Approved & Settled,Ledger Verified & Payout Secured,Active - Full Disclosure,Lab Reports; Diagnosis; Treatment History; Discharge Summary,Insurance Claim Adjudication & Pre-Auth Verification,24 Hours (Statutory Emergency Window),AES-256-GCM,vault-transit-key-0x2231560b,Qm2c6967a26351452dbc777d111a25201e45290f18075f,0.0.4891024,3220,2026-09-13 11:53:43 UTC,0xf1e4ebb21009b14d2acf50694dede99e0da37de60702f985fbc38a5a4233403e,0.0001
CLM-00221,POL-NIVA-849421-283,Niva Bupa Health Insurance,0x9965507D1a55bcC2695C58ba16FB37d819B0A4dc,IRDAI-REG-145,MDIndia Health TPA,Rakesh Swaminathan,849421,0xaf78d7013deda50e250572de9e27b9103923c45c,Apex Diagnostic & Pathology Hub,0x04Fee3FD1B338d12FFD6dBD8d66dE1e8e0BB99cB,Dr. Preeti Deshmukh,NMC-82194,I10,Essential (primary) hypertension,Cardiology,37561.43,30049.15,1878.07,15%,Approved & Settled,Ledger Verified & Payout Secured,Active - Full Disclosure,Diagnosis; Lab Reports; Itemized Pharmacy Bill,Insurance Claim Adjudication & Pre-Auth Verification,24 Hours (Statutory Emergency Window),AES-256-GCM,vault-transit-key-0xaf78d701,Qm458ecf321e588c4a2b5486792e61b87b19487d42b6dc,0.0.4891024,3221,2026-09-13 11:53:45 UTC,0xbfa802cdefd21d2f2f024741c50e37d074491fd2016496b4d49718d39b97edf0,0.0001
CLM-00222,POL-CARE-849422-677,Care Health Insurance (Religare),0x15d34AAf54267DB7D7c367839AAf71A00a2C6A65,IRDAI-REG-148,Heritage Health TPA,Manish Gowda,849422,0xc1ec39e9e11dca7f18c8658a3869d602272cc668,Apollo Multispecialty Hospital,0x155Af6ECaFb48861dA7d16Fb8Af2f6ce9d6DD779,Dr. Vikram Seth,NMC-99014,E11.9,Type 2 diabetes mellitus without complications,Endocrinology,18651.93,0.0,932.6,20%,Pending Adjudication,Audit Logged - Under Verification,Active - Time-Bound Access,Discharge Summary; Surgical Notes; Lab Reports,Insurance Claim Adjudication & Pre-Auth Verification,24 Hours (Statutory Emergency Window),AES-256-GCM,vault-transit-key-0xc1ec39e9,Qm6ba7e6092d6e11666a46d884f5983b7fd3f0c16e001b,0.0.4891024,3222,2026-09-13 11:53:46 UTC,0x6ec8ad0e59439b255161c267ef0c6343aab12ce8189c452e2c3ef451789fc393,0.0001
CLM-00223,POL-STAR-849423-154,Star Health & Allied Insurance,0x70997970C51812dc3A010C7d01b50e0d17dc79C8,IRDAI-REG-129,MediAssist TPA,Kavya Hegde,849423,0xf4f9913d5c4b810acce316c2f673aa5a2b48b766,Apex Diagnostic & Pathology Hub,0x04Fee3FD1B338d12FFD6dBD8d66dE1e8e0BB99cB,Dr. Preeti Deshmukh,NMC-82194,S06.9X0A,Unspecified intracranial injury / Concussion,Trauma & Emergency,108555.24,0.0,5000.0,10%,Awaiting Patient Consent Approval,Access Requested via Ledger,Pending Patient Authorization,Discharge Summary; Surgical Notes; Lab Reports,Insurance Claim Adjudication & Pre-Auth Verification,24 Hours (Statutory Emergency Window),AES-256-GCM,vault-transit-key-0xf4f9913d,Qmd2096949ac34a74758715021cafcbc0d5dd19daed784,0.0.4891024,3223,2026-09-13 11:53:48 UTC,0xfb12fb7551e059b6a0a28dfca7901ee151a571a414de014fa64aa9824847ca07,0.0001
CLM-00224,POL-CARE-849424-902,Care Health Insurance (Religare),0x15d34AAf54267DB7D7c367839AAf71A00a2C6A65,IRDAI-REG-148,Heritage Health TPA,Nandini Agarwal,849424,0xfa465b79f7ed5ad12d5ade54ef0dea9e7d87ffe6,Fortis Memorial Neuro & Trauma Center,0x84f93618C1D541bB1Dcf1373A8eE500A7D439634,Dr. Sarah Jenkins,NMC-48192,G40.909,"Epilepsy, unspecified, without status epilepticus",Neurology,56559.87,42419.91,2827.99,20%,Approved & Settled,Ledger Verified & Payout Secured,Active - Full Disclosure,Emergency Admission Record; Diagnostic Imaging CT/MRI,Insurance Claim Adjudication & Pre-Auth Verification,24 Hours (Statutory Emergency Window),AES-256-GCM,vault-transit-key-0xfa465b79,Qm04f23790764a3c07a33819cbe27f9071592e8c3c45e6,0.0.4891024,3224,2026-09-13 11:53:50 UTC,0x42a8c028b602d96d110a0e2a098f5828bc74445170651e8b30e04949f840f087,0.0001
CLM-00225,POL-NIVA-849425-917,Niva Bupa Health Insurance,0x9965507D1a55bcC2695C58ba16FB37d819B0A4dc,IRDAI-REG-145,MDIndia Health TPA,Neha Shetty,849425,0x422955d1c83d82f949ae6ec51ca45aedd1a9adfe,Care & Cure Pediatric & Maternity Hospital,0x937F51E09477BfD31E56c5e533038a8eEAc096b7,Dr. Sarah Jenkins,NMC-48192,G40.909,"Epilepsy, unspecified, without status epilepticus",Neurology,42457.9,40335.01,2122.89,0%,Approved & Settled,Ledger Verified & Payout Secured,Active - Full Disclosure,Diagnosis; Lab Reports; Itemized Pharmacy Bill,Insurance Claim Adjudication & Pre-Auth Verification,24 Hours (Statutory Emergency Window),AES-256-GCM,vault-transit-key-0x422955d1,Qm1347069e0de61237d2633aa1e722557a10485d963e65,0.0.4891024,3225,2026-09-13 11:53:52 UTC,0xdf69364e69aa1642fbf1bc29db65e0761bc25e6c7c3796e131313ea7ba78328c,0.0001
CLM-00226,POL-CARE-849426-193,Care Health Insurance (Religare),0x15d34AAf54267DB7D7c367839AAf71A00a2C6A65,IRDAI-REG-148,Heritage Health TPA,Manish Menon,849426,0x447f572171a146c5f09528dd8057e3bbf93dfbec,Fortis Memorial Neuro & Trauma Center,0x84f93618C1D541bB1Dcf1373A8eE500A7D439634,Dr. Vikram Seth,NMC-99014,I21.9,"Acute myocardial infarction, unspecified",Cardiology,221072.77,182911.85,5000.0,15%,Approved & Settled,Ledger Verified & Payout Secured,Active - Full Disclosure,Discharge Summary; Surgical Notes; Lab Reports,Insurance Claim Adjudication & Pre-Auth Verification,24 Hours (Statutory Emergency Window),AES-256-GCM,vault-transit-key-0x447f5721,Qmcb33e4240ce1fcb09c3974e0cdf45f5fdec2619c2099,0.0.4891024,3226,2026-09-13 11:53:54 UTC,0x866f0960ef8788a8cb38290749818acbab0e27f6530735bc6ce13b1fd0308bbc,0.0001
CLM-00227,POL-HDFC-849427-205,HDFC ERGO Health Insurance,0x3C44CdDdB6a900fa2b585dd299e03d12FA4293BC,IRDAI-REG-146,Paramount TPA,Kavya Patel,849427,0x7ba9b6edad81b016ffa1e0a9e8d53db8892518ec,Care & Cure Pediatric & Maternity Hospital,0x937F51E09477BfD31E56c5e533038a8eEAc096b7,Dr. Ananya Roy,NMC-51203,K21.9,Gastro-esophageal reflux disease,Gastroenterology,11397.72,9118.17,569.89,15%,Approved & Settled,Ledger Verified & Payout Secured,Active - Full Disclosure,Discharge Summary; Surgical Notes; Lab Reports,Insurance Claim Adjudication & Pre-Auth Verification,24 Hours (Statutory Emergency Window),AES-256-GCM,vault-transit-key-0x7ba9b6ed,Qm697057fddea499e365a12d7ba5dbfab1a91d9d9b403e,0.0.4891024,3227,2026-09-13 11:53:56 UTC,0xe709dd33213cc4c43f611bc22f0c50f7a106ab134a004534e0355cf41c3cfd86,0.0001
CLM-00228,POL-CARE-849428-842,Care Health Insurance (Religare),0x15d34AAf54267DB7D7c367839AAf71A00a2C6A65,IRDAI-REG-148,Heritage Health TPA,Aarav Choudhury,849428,0x7aa42a2687d60209cfd1305b23e1e8fba2527450,Care & Cure Pediatric & Maternity Hospital,0x937F51E09477BfD31E56c5e533038a8eEAc096b7,Dr. Sunita Narang,NMC-90812,I21.9,"Acute myocardial infarction, unspecified",Cardiology,319850.25,282865.22,5000.0,10%,Approved & Settled,Ledger Verified & Payout Secured,Active - Full Disclosure,Diagnosis; Lab Reports; Itemized Pharmacy Bill,Insurance Claim Adjudication & Pre-Auth Verification,24 Hours (Statutory Emergency Window),AES-256-GCM,vault-transit-key-0x7aa42a26,Qm705eb7424e2d67d57520101e1346a5637901c011b294,0.0.4891024,3228,2026-09-13 11:53:58 UTC,0xf70425e31058b2c52d1e02d83b30d917a9484c7797291e746f04c6a64713d67f,0.0001
CLM-00229,POL-ICIC-849429-249,ICICI Lombard General Insurance,0x90F79bf6EB2c4f870365E785982E1f101E93b906,IRDAI-REG-115,Vidal Health TPA,Meera Gupta,849429,0x1ae0da1d33c0c067579de9e7fd111686f7910f68,Fortis Memorial Neuro & Trauma Center,0x84f93618C1D541bB1Dcf1373A8eE500A7D439634,Dr. Vikram Seth,NMC-99014,A90,Dengue fever [classical dengue],Infectious Disease,29711.05,22283.29,1485.55,20%,Approved & Settled,Ledger Verified & Payout Secured,Active - Full Disclosure,Discharge Summary; Surgical Notes; Lab Reports,Insurance Claim Adjudication & Pre-Auth Verification,24 Hours (Statutory Emergency Window),AES-256-GCM,vault-transit-key-0x1ae0da1d,Qm212ea0ab33d1212a6ddb6579b34322dcabd410c98c1a,0.0.4891024,3229,2026-09-13 11:54:00 UTC,0xf0ba0b16bdbac37cf5f443d92c9e6adc8b52df3c9fa6e2a77f3b0e75432a412b,0.0001
CLM-00230,POL-ICIC-849430-708,ICICI Lombard General Insurance,0x90F79bf6EB2c4f870365E785982E1f101E93b906,IRDAI-REG-115,Vidal Health TPA,Deepak Bhatia,849430,0xee87d3247640e6258af9b99937adaae2cce9047e,Max Super Speciality Cancer Institute,0x28B7eA94B34C8F52D19E50Eb14769Da20F5D54b4,Dr. Preeti Deshmukh,NMC-82194,A90,Dengue fever [classical dengue],Infectious Disease,37680.03,28260.02,1884.0,20%,Approved & Settled,Ledger Verified & Payout Secured,Active - Full Disclosure,Discharge Summary; Surgical Notes; Lab Reports,Insurance Claim Adjudication & Pre-Auth Verification,24 Hours (Statutory Emergency Window),AES-256-GCM,vault-transit-key-0xee87d324,Qm84e4187e6415ab55caaa75b6e011aa70f9b9590925d2,0.0.4891024,3230,2026-09-13 11:54:01 UTC,0x72796b12d449eb171a7340f77c9dad7c580b64f57d8ab1ecd36b2eb5fe6c52ed,0.0001
CLM-00231,POL-NIVA-849431-550,Niva Bupa Health Insurance,0x9965507D1a55bcC2695C58ba16FB37d819B0A4dc,IRDAI-REG-145,MDIndia Health TPA,Sneha Mehta,849431,0x62ac0a0ce05e3240fad8f1dad5927cbff791bb5d,Care & Cure Pediatric & Maternity Hospital,0x937F51E09477BfD31E56c5e533038a8eEAc096b7,Dr. Sunita Narang,NMC-90812,S06.9X0A,Unspecified intracranial injury / Concussion,Trauma & Emergency,120822.6,103740.34,5000.0,10%,Approved & Settled,Ledger Verified & Payout Secured,Active - Full Disclosure,Diagnosis; Lab Reports; Itemized Pharmacy Bill,Insurance Claim Adjudication & Pre-Auth Verification,24 Hours (Statutory Emergency Window),AES-256-GCM,vault-transit-key-0x62ac0a0c,Qmb3d23d503ed4d3a01ad489faeb67fcb317523e21c26b,0.0.4891024,3231,2026-09-13 11:54:04 UTC,0x9b64297b864ebbb48f026f18a1571b4d8df04e75609d24e23675b78de454c073,0.0001
CLM-00232,POL-CARE-849432-689,Care Health Insurance (Religare),0x15d34AAf54267DB7D7c367839AAf71A00a2C6A65,IRDAI-REG-148,Heritage Health TPA,Sakshi Nair,849432,0xe01b64448893587f228b2c77bf66115bb674bc61,Fortis Memorial Neuro & Trauma Center,0x84f93618C1D541bB1Dcf1373A8eE500A7D439634,Dr. Vikram Seth,NMC-99014,A90,Dengue fever [classical dengue],Infectious Disease,40060.43,32048.35,2003.02,15%,Approved & Settled,Ledger Verified & Payout Secured,Active - Full Disclosure,Emergency Admission Record; Diagnostic Imaging CT/MRI,Insurance Claim Adjudication & Pre-Auth Verification,24 Hours (Statutory Emergency Window),AES-256-GCM,vault-transit-key-0xe01b6444,Qm3275a999fcb48893a91817980644f054befe482ae9ce,0.0.4891024,3232,2026-09-13 11:54:05 UTC,0x2c539eb75e8d3cf07ee2952760bc9dc74ed7f2c3f94766414b3b7be581911f26,0.0001
CLM-00233,POL-NIVA-849433-798,Niva Bupa Health Insurance,0x9965507D1a55bcC2695C58ba16FB37d819B0A4dc,IRDAI-REG-145,MDIndia Health TPA,Ishaan Malhotra,849433,0xa8207c274b9c6b0d452688b68b0b046f94d6117f,Max Super Speciality Cancer Institute,0x28B7eA94B34C8F52D19E50Eb14769Da20F5D54b4,Dr. Rohan Patel,NMC-11029,E11.9,Type 2 diabetes mellitus without complications,Endocrinology,23040.42,0.0,1152.02,0%,Rejected - Policy Exclusion,Rejected with Ledger Audit Reason,Expired / Revoked,Emergency Admission Record; Diagnostic Imaging CT/MRI,Insurance Claim Adjudication & Pre-Auth Verification,24 Hours (Statutory Emergency Window),AES-256-GCM,vault-transit-key-0xa8207c27,Qmf2863b22141e0ef414380e4625513862ceb2e52d4ca2,0.0.4891024,3233,2026-09-13 11:54:07 UTC,0x451fe1f5e84048cbba6e2e0e0e6b88d389f489e52c4bfd0ea88a06bf1f2bb447,0.0001
CLM-00234,POL-ICIC-849434-789,ICICI Lombard General Insurance,0x90F79bf6EB2c4f870365E785982E1f101E93b906,IRDAI-REG-115,Vidal Health TPA,Vikas Hegde,849434,0xb1e60fc077963b47c21ebc0a929485822c18df03,Apollo Multispecialty Hospital,0x155Af6ECaFb48861dA7d16Fb8Af2f6ce9d6DD779,Dr. Sunita Narang,NMC-90812,K21.9,Gastro-esophageal reflux disease,Gastroenterology,14058.58,11246.86,702.93,15%,Approved & Settled,Ledger Verified & Payout Secured,Active - Full Disclosure,Diagnosis; Lab Reports; Itemized Pharmacy Bill,Insurance Claim Adjudication & Pre-Auth Verification,24 Hours (Statutory Emergency Window),AES-256-GCM,vault-transit-key-0xb1e60fc0,Qm2b94d7fdb49944956d596bdb50fda893e80983d007d3,0.0.4891024,3234,2026-09-13 11:54:09 UTC,0xc603459d9f399c8d7d83254fa8d7133364a4269ee8c2e47da234ae49a0c15fcc,0.0001
CLM-00235,POL-CARE-849435-647,Care Health Insurance (Religare),0x15d34AAf54267DB7D7c367839AAf71A00a2C6A65,IRDAI-REG-148,Heritage Health TPA,Siddharth Patel,849435,0xc7e90f66f2eb130d5db472b71c20448088eac35d,Apex Diagnostic & Pathology Hub,0x04Fee3FD1B338d12FFD6dBD8d66dE1e8e0BB99cB,Dr. Ananya Roy,NMC-51203,K21.9,Gastro-esophageal reflux disease,Gastroenterology,14099.7,10574.77,704.99,20%,Approved & Settled,Ledger Verified & Payout Secured,Active - Full Disclosure,Discharge Summary; Surgical Notes; Lab Reports,Insurance Claim Adjudication & Pre-Auth Verification,24 Hours (Statutory Emergency Window),AES-256-GCM,vault-transit-key-0xc7e90f66,Qm8aa58ef86fa32f6ec89324aeab2cc244b333354c43d4,0.0.4891024,3235,2026-09-13 11:54:11 UTC,0x4ce74602b4d2c68f367e190105c06b8784fbe4f4870da26a57aea599ab439c13,0.0001
CLM-00236,POL-STAR-849436-773,Star Health & Allied Insurance,0x70997970C51812dc3A010C7d01b50e0d17dc79C8,IRDAI-REG-129,MediAssist TPA,Madhav Kulkarni,849436,0xd3f750e65f22685bbb09db14cca71ea693e15e4b,Apollo Multispecialty Hospital,0x155Af6ECaFb48861dA7d16Fb8Af2f6ce9d6DD779,Dr. Sunita Narang,NMC-90812,C50.919,Malignant neoplasm of female breast,Oncology,455662.65,0.0,5000.0,10%,Pending Adjudication,Audit Logged - Under Verification,Active - Time-Bound Access,Lab Reports; Diagnosis; Treatment History; Discharge Summary,Insurance Claim Adjudication & Pre-Auth Verification,24 Hours (Statutory Emergency Window),AES-256-GCM,vault-transit-key-0xd3f750e6,Qmdfab1372968b2b8e6e4e5079e7751d7ff8e883434ec0,0.0.4891024,3236,2026-09-13 11:54:13 UTC,0xc94470c43793a68a61d423bf0b153785db7ed8fd9b271dddfd9bf03ed5b4aafe,0.0001
CLM-00237,POL-ICIC-849437-200,ICICI Lombard General Insurance,0x90F79bf6EB2c4f870365E785982E1f101E93b906,IRDAI-REG-115,Vidal Health TPA,Sneha Gowda,849437,0x6fa80ded708156fb411248f1d428b4bf0f100c82,Care & Cure Pediatric & Maternity Hospital,0x937F51E09477BfD31E56c5e533038a8eEAc096b7,Dr. Sarah Jenkins,NMC-48192,I10,Essential (primary) hypertension,Cardiology,28968.32,24623.07,1448.42,10%,Approved & Settled,Ledger Verified & Payout Secured,Active - Full Disclosure,Emergency Admission Record; Diagnostic Imaging CT/MRI,Insurance Claim Adjudication & Pre-Auth Verification,24 Hours (Statutory Emergency Window),AES-256-GCM,vault-transit-key-0x6fa80ded,Qm877b35c5f272635d55337f332d7daeb99db42fc97aba,0.0.4891024,3237,2026-09-13 11:54:15 UTC,0xa27198189172504ff4ea361ba13c556970ea71ff86032ae17c84335be1809407,0.0001
CLM-00238,POL-NIVA-849438-594,Niva Bupa Health Insurance,0x9965507D1a55bcC2695C58ba16FB37d819B0A4dc,IRDAI-REG-145,MDIndia Health TPA,Lata Pillai,849438,0x74d2f86bc4aefd0478c85957d444fd4d70f1fd3c,Max Super Speciality Cancer Institute,0x28B7eA94B34C8F52D19E50Eb14769Da20F5D54b4,Dr. Vikram Seth,NMC-99014,I10,Essential (primary) hypertension,Cardiology,26990.85,0.0,1349.54,20%,Awaiting Patient Consent Approval,Access Requested via Ledger,Pending Patient Authorization,Lab Reports; Diagnosis; Treatment History; Discharge Summary,Insurance Claim Adjudication & Pre-Auth Verification,24 Hours (Statutory Emergency Window),AES-256-GCM,vault-transit-key-0x74d2f86b,Qm06e6794b3a41dd9d73fe864d93e1987db190d0df8110,0.0.4891024,3238,2026-09-13 11:54:17 UTC,0xb43e39f13d254c65a2a7b5ddbc2c414ca2da109f21ec7c29e8d6ebfd1c72211c,0.0001
CLM-00239,POL-ICIC-849439-633,ICICI Lombard General Insurance,0x90F79bf6EB2c4f870365E785982E1f101E93b906,IRDAI-REG-115,Vidal Health TPA,Manish Bhatia,849439,0xfb93c53a6d872f7fca3ab68c75453490e02a71cf,Fortis Memorial Neuro & Trauma Center,0x84f93618C1D541bB1Dcf1373A8eE500A7D439634,Dr. Ananya Roy,NMC-51203,C50.919,Malignant neoplasm of female breast,Oncology,424580.35,334664.28,5000.0,20%,Approved & Settled,Ledger Verified & Payout Secured,Active - Full Disclosure,Emergency Admission Record; Diagnostic Imaging CT/MRI,Insurance Claim Adjudication & Pre-Auth Verification,24 Hours (Statutory Emergency Window),AES-256-GCM,vault-transit-key-0xfb93c53a,Qm58c6299707d892194a0cd412f49cafd80c6abe5db2e4,0.0.4891024,3239,2026-09-13 11:54:19 UTC,0xb6dc08ccbdec5377a23d3551d61630b78ae151671b8c398aa755d318484f1281,0.0001
CLM-00240,POL-STAR-849440-763,Star Health & Allied Insurance,0x70997970C51812dc3A010C7d01b50e0d17dc79C8,IRDAI-REG-129,MediAssist TPA,Deepak Choudhury,849440,0xe1193eea20695aa723e7e24d63cb1dcc1b411422,Apollo Multispecialty Hospital,0x155Af6ECaFb48861dA7d16Fb8Af2f6ce9d6DD779,Dr. Sarah Jenkins,NMC-48192,S06.9X0A,Unspecified intracranial injury / Concussion,Trauma & Emergency,109159.52,0.0,5000.0,10%,Awaiting Patient Consent Approval,Access Requested via Ledger,Pending Patient Authorization,Diagnosis; Lab Reports; Itemized Pharmacy Bill,Insurance Claim Adjudication & Pre-Auth Verification,24 Hours (Statutory Emergency Window),AES-256-GCM,vault-transit-key-0xe1193eea,Qme28fe8851e5f1a4e7907bd05d8d83d644424d6ff35db,0.0.4891024,3240,2026-09-13 11:54:21 UTC,0x57ca344bedab0106a01b13fb6dd18fc4345c1410d0a826e8b97a31d944fa930b,0.0001
CLM-00241,POL-HDFC-849441-573,HDFC ERGO Health Insurance,0x3C44CdDdB6a900fa2b585dd299e03d12FA4293BC,IRDAI-REG-146,Paramount TPA,Neha Pandey,849441,0x4472407c79c8560d233a080ae9bf3ea6f975be29,Fortis Memorial Neuro & Trauma Center,0x84f93618C1D541bB1Dcf1373A8eE500A7D439634,Dr. Rohan Patel,NMC-11029,K21.9,Gastro-esophageal reflux disease,Gastroenterology,12554.19,0.0,627.71,20%,Pending Adjudication,Audit Logged - Under Verification,Active - Time-Bound Access,Diagnosis; Lab Reports; Itemized Pharmacy Bill,Insurance Claim Adjudication & Pre-Auth Verification,24 Hours (Statutory Emergency Window),AES-256-GCM,vault-transit-key-0x4472407c,Qma9c2898a741430882d67fed785fa8c68cc0db7b6e315,0.0.4891024,3241,2026-09-13 11:54:23 UTC,0x22d2bb4b39ca6605befa75110b338496abd5aaef417bd278001fe2521496caa5,0.0001
CLM-00242,POL-STAR-849442-706,Star Health & Allied Insurance,0x70997970C51812dc3A010C7d01b50e0d17dc79C8,IRDAI-REG-129,MediAssist TPA,Varun Joshi,849442,0x799886b7c0c46f556d97cf61999261466e51689a,Apex Diagnostic & Pathology Hub,0x04Fee3FD1B338d12FFD6dBD8d66dE1e8e0BB99cB,Dr. Rajesh Sharma,NMC-78491,A90,Dengue fever [classical dengue],Infectious Disease,34985.56,0.0,1749.28,0%,Pending Adjudication,Audit Logged - Under Verification,Active - Time-Bound Access,Diagnosis; Lab Reports; Itemized Pharmacy Bill,Insurance Claim Adjudication & Pre-Auth Verification,24 Hours (Statutory Emergency Window),AES-256-GCM,vault-transit-key-0x799886b7,Qm81886ed190dcd828dbdab51f1e79836c08ebc55d18da,0.0.4891024,3242,2026-09-13 11:54:25 UTC,0xc90cde44132bbc8f32350874d3a46a11eb3c097c6f9d2849cc4ef4425125b7e5,0.0001
CLM-00243,POL-STAR-849443-433,Star Health & Allied Insurance,0x70997970C51812dc3A010C7d01b50e0d17dc79C8,IRDAI-REG-129,MediAssist TPA,Deepak Saxena,849443,0xd87bd51214954a092fc7fc686c6c9e2e98652fd6,Apex Diagnostic & Pathology Hub,0x04Fee3FD1B338d12FFD6dBD8d66dE1e8e0BB99cB,Dr. Rajesh Sharma,NMC-78491,S06.9X0A,Unspecified intracranial injury / Concussion,Trauma & Emergency,113698.59,108698.59,5000.0,0%,Approved & Settled,Ledger Verified & Payout Secured,Active - Full Disclosure,Emergency Admission Record; Diagnostic Imaging CT/MRI,Insurance Claim Adjudication & Pre-Auth Verification,24 Hours (Statutory Emergency Window),AES-256-GCM,vault-transit-key-0xd87bd512,Qm0f3878cda92a2ddefd68059261d08d3017e0ac88084d,0.0.4891024,3243,2026-09-13 11:54:27 UTC,0xae1159ad363b129bbb699b800e22f956c5dfe9637c0230b240fe41ae7222056b,0.0001
CLM-00244,POL-CARE-849444-456,Care Health Insurance (Religare),0x15d34AAf54267DB7D7c367839AAf71A00a2C6A65,IRDAI-REG-148,Heritage Health TPA,Sakshi Agarwal,849444,0x57c92fe84d48b494887105f12e65d1e1f0c851d3,Apex Diagnostic & Pathology Hub,0x04Fee3FD1B338d12FFD6dBD8d66dE1e8e0BB99cB,Dr. Ananya Roy,NMC-51203,I21.9,"Acute myocardial infarction, unspecified",Cardiology,259306.34,0.0,5000.0,20%,Pending Adjudication,Audit Logged - Under Verification,Active - Time-Bound Access,Discharge Summary; Surgical Notes; Lab Reports,Insurance Claim Adjudication & Pre-Auth Verification,24 Hours (Statutory Emergency Window),AES-256-GCM,vault-transit-key-0x57c92fe8,Qm1df94d447da30d4a5b9f947c588686c3219991ef84f1,0.0.4891024,3244,2026-09-13 11:54:29 UTC,0xb629f221243fce3ccddbf1be7ee871fc08b6900d0ea18d4f79ee083e3cfa66d8,0.0001
CLM-00245,POL-HDFC-849445-412,HDFC ERGO Health Insurance,0x3C44CdDdB6a900fa2b585dd299e03d12FA4293BC,IRDAI-REG-146,Paramount TPA,Lata Patel,849445,0xfeb8d92dcf0bb4817e0935441981edb50cb7b893,Fortis Memorial Neuro & Trauma Center,0x84f93618C1D541bB1Dcf1373A8eE500A7D439634,Dr. Sarah Jenkins,NMC-48192,C50.919,Malignant neoplasm of female breast,Oncology,361998.26,0.0,5000.0,15%,Pending Adjudication,Audit Logged - Under Verification,Active - Time-Bound Access,Emergency Admission Record; Diagnostic Imaging CT/MRI,Insurance Claim Adjudication & Pre-Auth Verification,24 Hours (Statutory Emergency Window),AES-256-GCM,vault-transit-key-0xfeb8d92d,Qme18ba7e3a0b954cbbc64c3bfdf1a3930cfcf3ceb073c,0.0.4891024,3245,2026-09-13 11:54:30 UTC,0x6202143cc5016dc57c549db324dc3589d731d21c9c864b50c1a3e526395b6de3,0.0001
CLM-00246,POL-NIVA-849446-598,Niva Bupa Health Insurance,0x9965507D1a55bcC2695C58ba16FB37d819B0A4dc,IRDAI-REG-145,MDIndia Health TPA,Madhav Gupta,849446,0x8901a4b0cd4ffb2b2aea378c98882dd3258eafd3,Care & Cure Pediatric & Maternity Hospital,0x937F51E09477BfD31E56c5e533038a8eEAc096b7,Dr. Ananya Roy,NMC-51203,E11.9,Type 2 diabetes mellitus without complications,Endocrinology,21940.55,18649.47,1097.03,10%,Approved & Settled,Ledger Verified & Payout Secured,Active - Full Disclosure,Emergency Admission Record; Diagnostic Imaging CT/MRI,Insurance Claim Adjudication & Pre-Auth Verification,24 Hours (Statutory Emergency Window),AES-256-GCM,vault-transit-key-0x8901a4b0,Qm5ea6d136e0b67d575c5e7bca347eb5902e3b405f84c3,0.0.4891024,3246,2026-09-13 11:54:32 UTC,0x04cbea49264f833f01d470f90c38443a551ad2db95548cd93bbf5609c6b5f6c7,0.0001
CLM-00247,POL-ICIC-849447-986,ICICI Lombard General Insurance,0x90F79bf6EB2c4f870365E785982E1f101E93b906,IRDAI-REG-115,Vidal Health TPA,Kavya Nair,849447,0x14b7a89a8503879987691c2bf7457b16d6d312fd,Care & Cure Pediatric & Maternity Hospital,0x937F51E09477BfD31E56c5e533038a8eEAc096b7,Dr. Rohan Patel,NMC-11029,I10,Essential (primary) hypertension,Cardiology,30254.68,28741.95,1512.73,0%,Approved & Settled,Ledger Verified & Payout Secured,Active - Full Disclosure,Diagnosis; Lab Reports; Itemized Pharmacy Bill,Insurance Claim Adjudication & Pre-Auth Verification,24 Hours (Statutory Emergency Window),AES-256-GCM,vault-transit-key-0x14b7a89a,Qmce7f58b7229d6d6360d09768f01bc8960e53057d7f09,0.0.4891024,3247,2026-09-13 11:54:34 UTC,0x80f846669d63fafd6de1a4bcfe5db402e46911e453b5daab035eb89f66b8fc47,0.0001
CLM-00248,POL-CARE-849448-525,Care Health Insurance (Religare),0x15d34AAf54267DB7D7c367839AAf71A00a2C6A65,IRDAI-REG-148,Heritage Health TPA,Harish Mishra,849448,0x1d7149c3bf3a4087735e7570b5929d048412c604,Care & Cure Pediatric & Maternity Hospital,0x937F51E09477BfD31E56c5e533038a8eEAc096b7,Dr. Preeti Deshmukh,NMC-82194,A90,Dengue fever [classical dengue],Infectious Disease,39026.05,29269.54,1951.3,20%,Approved & Settled,Ledger Verified & Payout Secured,Active - Full Disclosure,Lab Reports; Diagnosis; Treatment History; Discharge Summary,Insurance Claim Adjudication & Pre-Auth Verification,24 Hours (Statutory Emergency Window),AES-256-GCM,vault-transit-key-0x1d7149c3,Qm747f0e9c8690b602adb9c52315267c1a062933e75819,0.0.4891024,3248,2026-09-13 11:54:36 UTC,0x9ed7dbfa44aeafb4c21c522fcf00db97f1f8b06f1e8ed2bea6efd778f3528ce5,0.0001
CLM-00249,POL-HDFC-849449-330,HDFC ERGO Health Insurance,0x3C44CdDdB6a900fa2b585dd299e03d12FA4293BC,IRDAI-REG-146,Paramount TPA,Aditi Hegde,849449,0xc276a186cd3c6d8cffb6b55e7233bd7a5578f7b2,Fortis Memorial Neuro & Trauma Center,0x84f93618C1D541bB1Dcf1373A8eE500A7D439634,Dr. Sarah Jenkins,NMC-48192,G40.909,"Epilepsy, unspecified, without status epilepticus",Neurology,47960.8,0.0,2398.04,10%,Pending Adjudication,Audit Logged - Under Verification,Active - Time-Bound Access,Emergency Admission Record; Diagnostic Imaging CT/MRI,Insurance Claim Adjudication & Pre-Auth Verification,24 Hours (Statutory Emergency Window),AES-256-GCM,vault-transit-key-0xc276a186,Qm6f3ec123a7c0c3d6adf38d7da6ee7fabe4d1c0ba64a5,0.0.4891024,3249,2026-09-13 11:54:38 UTC,0xcecbf275dd82cb19640f0908b56ff7501555d4cf67ef72780450ef141f7b5f9f,0.0001
CLM-00250,POL-NIVA-849450-655,Niva Bupa Health Insurance,0x9965507D1a55bcC2695C58ba16FB37d819B0A4dc,IRDAI-REG-145,MDIndia Health TPA,Bhavna Reddy,849450,0xb9e2dd4cb31148e16ba4ee9b9b76f2c35a2992eb,Apollo Multispecialty Hospital,0x155Af6ECaFb48861dA7d16Fb8Af2f6ce9d6DD779,Dr. Vikram Seth,NMC-99014,S06.9X0A,Unspecified intracranial injury / Concussion,Trauma & Emergency,146070.12,0.0,5000.0,0%,Pending Adjudication,Audit Logged - Under Verification,Active - Time-Bound Access,Emergency Admission Record; Diagnostic Imaging CT/MRI,Insurance Claim Adjudication & Pre-Auth Verification,24 Hours (Statutory Emergency Window),AES-256-GCM,vault-transit-key-0xb9e2dd4c,Qm8452c598be3b5ee0587a5877fa7a2d039cab639b9d60,0.0.4891024,3250,2026-09-13 11:54:40 UTC,0x0357c3037a14de2d0afbfe21ca5369fc34671227bccd3ad7ab208b326d5c77cb,0.0001
CLM-00251,POL-STAR-849451-560,Star Health & Allied Insurance,0x70997970C51812dc3A010C7d01b50e0d17dc79C8,IRDAI-REG-129,MediAssist TPA,Pooja Kapoor,849451,0xb420be77852e44b52dfc6a165dc4b5d82efd2c37,Max Super Speciality Cancer Institute,0x28B7eA94B34C8F52D19E50Eb14769Da20F5D54b4,Dr. Vikram Seth,NMC-99014,I10,Essential (primary) hypertension,Cardiology,29020.61,27569.58,1451.03,0%,Approved & Settled,Ledger Verified & Payout Secured,Active - Full Disclosure,Lab Reports; Diagnosis; Treatment History; Discharge Summary,Insurance Claim Adjudication & Pre-Auth Verification,24 Hours (Statutory Emergency Window),AES-256-GCM,vault-transit-key-0xb420be77,Qm8f9ab49130f8b7bcda17c55680634f6f8e72f0775c45,0.0.4891024,3251,2026-09-13 11:54:42 UTC,0xfba3280dc1c4940b1fd6b589d823fd4035a109ea93537a8cff0594ea3d06468b,0.0001
CLM-00252,POL-NIVA-849452-269,Niva Bupa Health Insurance,0x9965507D1a55bcC2695C58ba16FB37d819B0A4dc,IRDAI-REG-145,MDIndia Health TPA,Pooja Hegde,849452,0xba5a06e1ddf9bbb586b352099b5226e176340b51,Fortis Memorial Neuro & Trauma Center,0x84f93618C1D541bB1Dcf1373A8eE500A7D439634,Dr. Sunita Narang,NMC-90812,K21.9,Gastro-esophageal reflux disease,Gastroenterology,14715.85,0.0,735.79,10%,Pending Adjudication,Audit Logged - Under Verification,Active - Time-Bound Access,Lab Reports; Diagnosis; Treatment History; Discharge Summary,Insurance Claim Adjudication & Pre-Auth Verification,24 Hours (Statutory Emergency Window),AES-256-GCM,vault-transit-key-0xba5a06e1,Qm15c83fef62a8db21317ee174f05a1ab079bf2b70d3cb,0.0.4891024,3252,2026-09-13 11:54:44 UTC,0x3cdcc71b51f7542e7c956619b4d9409c53820828549df2257a93c3c22211fb47,0.0001
CLM-00253,POL-ICIC-849453-431,ICICI Lombard General Insurance,0x90F79bf6EB2c4f870365E785982E1f101E93b906,IRDAI-REG-115,Vidal Health TPA,Sanjay Pandey,849453,0x5b755e30adcae954f380af3d65e6d4d3480f0a18,Apex Diagnostic & Pathology Hub,0x04Fee3FD1B338d12FFD6dBD8d66dE1e8e0BB99cB,Dr. Rohan Patel,NMC-11029,E11.9,Type 2 diabetes mellitus without complications,Endocrinology,24800.18,19840.14,1240.01,15%,Approved & Settled,Ledger Verified & Payout Secured,Active - Full Disclosure,Discharge Summary; Surgical Notes; Lab Reports,Insurance Claim Adjudication & Pre-Auth Verification,24 Hours (Statutory Emergency Window),AES-256-GCM,vault-transit-key-0x5b755e30,Qmd2339f9754105dced50d229972e2c4a82e763ccd6a77,0.0.4891024,3253,2026-09-13 11:54:46 UTC,0x9e26d8b1d675a0b4009983cec54ca1d51d0b2ccfc9612676f4f4c7d12b059158,0.0001
CLM-00254,POL-CARE-849454-818,Care Health Insurance (Religare),0x15d34AAf54267DB7D7c367839AAf71A00a2C6A65,IRDAI-REG-148,Heritage Health TPA,Gautam Gupta,849454,0x28a9eb976c21b93805c0f4b8a2c26bf2e3563d3a,Apollo Multispecialty Hospital,0x155Af6ECaFb48861dA7d16Fb8Af2f6ce9d6DD779,Dr. Vikram Seth,NMC-99014,E11.9,Type 2 diabetes mellitus without complications,Endocrinology,23860.11,20281.09,1193.01,10%,Approved & Settled,Ledger Verified & Payout Secured,Active - Full Disclosure,Discharge Summary; Surgical Notes; Lab Reports,Insurance Claim Adjudication & Pre-Auth Verification,24 Hours (Statutory Emergency Window),AES-256-GCM,vault-transit-key-0x28a9eb97,Qma48f3f9a4a1a2fc9a7a2fe54cdf0964edad18ab13798,0.0.4891024,3254,2026-09-13 11:54:48 UTC,0x130f569975fcedf1e57f5caf5f66777a2c5abbab8bf7368f1b26f21dfa5e0692,0.0001
CLM-00255,POL-HDFC-849455-742,HDFC ERGO Health Insurance,0x3C44CdDdB6a900fa2b585dd299e03d12FA4293BC,IRDAI-REG-146,Paramount TPA,Sneha Chatterjee,849455,0xa2382f8969b2ce561f49ad5b3175012039d13dba,Apex Diagnostic & Pathology Hub,0x04Fee3FD1B338d12FFD6dBD8d66dE1e8e0BB99cB,Dr. Preeti Deshmukh,NMC-82194,G40.909,"Epilepsy, unspecified, without status epilepticus",Neurology,45628.85,34221.64,2281.44,20%,Approved & Settled,Ledger Verified & Payout Secured,Active - Full Disclosure,Lab Reports; Diagnosis; Treatment History; Discharge Summary,Insurance Claim Adjudication & Pre-Auth Verification,24 Hours (Statutory Emergency Window),AES-256-GCM,vault-transit-key-0xa2382f89,Qm9b361dfcbc01f69ede42162174e4fb44333c8283eb11,0.0.4891024,3255,2026-09-13 11:54:50 UTC,0x3d001d4662acbcfdf906b3b015575290658d3803658e299cc0e85af280b79747,0.0001
CLM-00256,POL-ICIC-849456-435,ICICI Lombard General Insurance,0x90F79bf6EB2c4f870365E785982E1f101E93b906,IRDAI-REG-115,Vidal Health TPA,Bhavna Menon,849456,0x845dce50186aebd7d3525ff1b1cc5bc5ae709fc4,Fortis Memorial Neuro & Trauma Center,0x84f93618C1D541bB1Dcf1373A8eE500A7D439634,Dr. Ananya Roy,NMC-51203,A90,Dengue fever [classical dengue],Infectious Disease,37180.16,0.0,1859.01,0%,Pending Adjudication,Audit Logged - Under Verification,Active - Time-Bound Access,Emergency Admission Record; Diagnostic Imaging CT/MRI,Insurance Claim Adjudication & Pre-Auth Verification,24 Hours (Statutory Emergency Window),AES-256-GCM,vault-transit-key-0x845dce50,Qm9df312bdaa13ddf04638dc81c07ad3424f36c53344e7,0.0.4891024,3256,2026-09-13 11:54:52 UTC,0x5aeff4537719223311d4112c32db314a6425ef9ff1ffe0f7270d86d243034040,0.0001
CLM-00257,POL-STAR-849457-539,Star Health & Allied Insurance,0x70997970C51812dc3A010C7d01b50e0d17dc79C8,IRDAI-REG-129,MediAssist TPA,Sanjay Mukherjee,849457,0xdc2df72716087357b161002945d0cd1ec5435498,Apex Diagnostic & Pathology Hub,0x04Fee3FD1B338d12FFD6dBD8d66dE1e8e0BB99cB,Dr. Ananya Roy,NMC-51203,C50.919,Malignant neoplasm of female breast,Oncology,483048.95,381439.16,5000.0,20%,Approved & Settled,Ledger Verified & Payout Secured,Active - Full Disclosure,Discharge Summary; Surgical Notes; Lab Reports,Insurance Claim Adjudication & Pre-Auth Verification,24 Hours (Statutory Emergency Window),AES-256-GCM,vault-transit-key-0xdc2df727,Qmf1612f413036c2299ece184785dcad01941e02ea9f1c,0.0.4891024,3257,2026-09-13 11:54:53 UTC,0xecfa34d6628ab6f447934514a924a2c25ed43ee78ca9d2e8808639f01c898593,0.0001
CLM-00258,POL-HDFC-849458-907,HDFC ERGO Health Insurance,0x3C44CdDdB6a900fa2b585dd299e03d12FA4293BC,IRDAI-REG-146,Paramount TPA,Harish Saxena,849458,0x3d2f3330363988b9b0fd710c82a450efd1feb4d0,Apex Diagnostic & Pathology Hub,0x04Fee3FD1B338d12FFD6dBD8d66dE1e8e0BB99cB,Dr. Sunita Narang,NMC-90812,A90,Dengue fever [classical dengue],Infectious Disease,33749.85,32062.36,1687.49,0%,Approved & Settled,Ledger Verified & Payout Secured,Active - Full Disclosure,Emergency Admission Record; Diagnostic Imaging CT/MRI,Insurance Claim Adjudication & Pre-Auth Verification,24 Hours (Statutory Emergency Window),AES-256-GCM,vault-transit-key-0x3d2f3330,Qm04e27caa35e3916126284716e0f32c74c676aeb1d069,0.0.4891024,3258,2026-09-13 11:54:55 UTC,0x669c07eebc7935cbbfde330b27db82e9b6c8df6c765ad9b3699ed90c132e121b,0.0001
CLM-00259,POL-HDFC-849459-538,HDFC ERGO Health Insurance,0x3C44CdDdB6a900fa2b585dd299e03d12FA4293BC,IRDAI-REG-146,Paramount TPA,Ishaan Malhotra,849459,0x301c46a941dde9046c253a3ece0d9bdc71a68a3c,Care & Cure Pediatric & Maternity Hospital,0x937F51E09477BfD31E56c5e533038a8eEAc096b7,Dr. Ananya Roy,NMC-51203,I10,Essential (primary) hypertension,Cardiology,28244.73,0.0,1412.24,10%,Awaiting Patient Consent Approval,Access Requested via Ledger,Pending Patient Authorization,Discharge Summary; Surgical Notes; Lab Reports,Insurance Claim Adjudication & Pre-Auth Verification,24 Hours (Statutory Emergency Window),AES-256-GCM,vault-transit-key-0x301c46a9,Qmb50b1f35753fee10fef291abc525098b247d2aa91180,0.0.4891024,3259,2026-09-13 11:54:57 UTC,0x0e13fc9687be89a469f0f3e7823f61739202755beccabd51507fa4c8ba80cca8,0.0001
CLM-00260,POL-ICIC-849460-780,ICICI Lombard General Insurance,0x90F79bf6EB2c4f870365E785982E1f101E93b906,IRDAI-REG-115,Vidal Health TPA,Rakesh Patel,849460,0x42e57f10da2368b1f91e66e2825697b888dc5254,Fortis Memorial Neuro & Trauma Center,0x84f93618C1D541bB1Dcf1373A8eE500A7D439634,Dr. Sarah Jenkins,NMC-48192,S06.9X0A,Unspecified intracranial injury / Concussion,Trauma & Emergency,150271.66,130244.49,5000.0,10%,Approved & Settled,Ledger Verified & Payout Secured,Active - Full Disclosure,Discharge Summary; Surgical Notes; Lab Reports,Insurance Claim Adjudication & Pre-Auth Verification,24 Hours (Statutory Emergency Window),AES-256-GCM,vault-transit-key-0x42e57f10,Qm712140b53c9d68c8f0c5f2d28c1fce39e1621ee8d18f,0.0.4891024,3260,2026-09-13 11:54:59 UTC,0xf59c8e7d3616bbdd940b16734119e6d6112fae949127f747aae1e049e224e423,0.0001
CLM-00261,POL-STAR-849461-588,Star Health & Allied Insurance,0x70997970C51812dc3A010C7d01b50e0d17dc79C8,IRDAI-REG-129,MediAssist TPA,Varun Kulkarni,849461,0xd6276d3993d3404f4b09762548739f1944eed205,Apollo Multispecialty Hospital,0x155Af6ECaFb48861dA7d16Fb8Af2f6ce9d6DD779,Dr. Sarah Jenkins,NMC-48192,C50.919,Malignant neoplasm of female breast,Oncology,355327.52,314794.77,5000.0,10%,Approved & Settled,Ledger Verified & Payout Secured,Active - Full Disclosure,Emergency Admission Record; Diagnostic Imaging CT/MRI,Insurance Claim Adjudication & Pre-Auth Verification,24 Hours (Statutory Emergency Window),AES-256-GCM,vault-transit-key-0xd6276d39,Qm65f2218b309b909898938e0340092d136deba9c4790e,0.0.4891024,3261,2026-09-13 11:55:01 UTC,0x36bf5a107db77dd06b792db99e9eb53efd730dbce8d77e0144e26145174240d7,0.0001
CLM-00262,POL-ICIC-849462-810,ICICI Lombard General Insurance,0x90F79bf6EB2c4f870365E785982E1f101E93b906,IRDAI-REG-115,Vidal Health TPA,Aarav Pillai,849462,0xc0ab683e3f14c5ec95ad197353dc93a3b2854be0,Apollo Multispecialty Hospital,0x155Af6ECaFb48861dA7d16Fb8Af2f6ce9d6DD779,Dr. Sunita Narang,NMC-90812,K21.9,Gastro-esophageal reflux disease,Gastroenterology,11993.49,11393.82,599.67,0%,Approved & Settled,Ledger Verified & Payout Secured,Active - Full Disclosure,Lab Reports; Diagnosis; Treatment History; Discharge Summary,Insurance Claim Adjudication & Pre-Auth Verification,24 Hours (Statutory Emergency Window),AES-256-GCM,vault-transit-key-0xc0ab683e,Qm87332f7e57e27e1705e7385f1f6d9b8f649ea2c14b40,0.0.4891024,3262,2026-09-13 11:55:03 UTC,0xccff5113837ebac5debe2d593a77312b4b95da04e6ff8ab91d11c4ba719c3952,0.0001
CLM-00263,POL-ICIC-849463-892,ICICI Lombard General Insurance,0x90F79bf6EB2c4f870365E785982E1f101E93b906,IRDAI-REG-115,Vidal Health TPA,Gautam Mehta,849463,0x7395dc1b7a49265ea72d22acc9442e7d14258a36,Fortis Memorial Neuro & Trauma Center,0x84f93618C1D541bB1Dcf1373A8eE500A7D439634,Dr. Rajesh Sharma,NMC-78491,K21.9,Gastro-esophageal reflux disease,Gastroenterology,15825.19,0.0,791.26,10%,Pending Adjudication,Audit Logged - Under Verification,Active - Time-Bound Access,Diagnosis; Lab Reports; Itemized Pharmacy Bill,Insurance Claim Adjudication & Pre-Auth Verification,24 Hours (Statutory Emergency Window),AES-256-GCM,vault-transit-key-0x7395dc1b,Qmc73b92e3e091be76e52c8cd341b90d67ae05bee9ef35,0.0.4891024,3263,2026-09-13 11:55:05 UTC,0x4caafeef0aae76f8712aa5ea91530b97dd034fe4868337eedc8bcd104629deae,0.0001
CLM-00264,POL-STAR-849464-550,Star Health & Allied Insurance,0x70997970C51812dc3A010C7d01b50e0d17dc79C8,IRDAI-REG-129,MediAssist TPA,Chetan Saxena,849464,0x77e545e5c79f658bdc59e25e0e0319d1d6a36b7b,Apex Diagnostic & Pathology Hub,0x04Fee3FD1B338d12FFD6dBD8d66dE1e8e0BB99cB,Dr. Preeti Deshmukh,NMC-82194,E11.9,Type 2 diabetes mellitus without complications,Endocrinology,19573.64,0.0,978.68,10%,Pending Adjudication,Audit Logged - Under Verification,Active - Time-Bound Access,Diagnosis; Lab Reports; Itemized Pharmacy Bill,Insurance Claim Adjudication & Pre-Auth Verification,24 Hours (Statutory Emergency Window),AES-256-GCM,vault-transit-key-0x77e545e5,Qm967630ddaf5da367e071280573efac60db9dac1b7c1b,0.0.4891024,3264,2026-09-13 11:55:07 UTC,0x4c38736fce6fd6467205a148bc7d124e4fc8c1727e4fa04e69d698ddd1aad537,0.0001
CLM-00265,POL-CARE-849465-243,Care Health Insurance (Religare),0x15d34AAf54267DB7D7c367839AAf71A00a2C6A65,IRDAI-REG-148,Heritage Health TPA,Nandini Shetty,849465,0x0859bb949846c5c4f3a87b805a8fc21998969463,Max Super Speciality Cancer Institute,0x28B7eA94B34C8F52D19E50Eb14769Da20F5D54b4,Dr. Sarah Jenkins,NMC-48192,I21.9,"Acute myocardial infarction, unspecified",Cardiology,303457.13,237765.7,5000.0,20%,Approved & Settled,Ledger Verified & Payout Secured,Active - Full Disclosure,Emergency Admission Record; Diagnostic Imaging CT/MRI,Insurance Claim Adjudication & Pre-Auth Verification,24 Hours (Statutory Emergency Window),AES-256-GCM,vault-transit-key-0x0859bb94,Qme718ab22fa864b10983d8b2e856a5e7bf507fbf6ca5c,0.0.4891024,3265,2026-09-13 11:55:09 UTC,0x01710a14c275d6e130f701e5658b395b0fb426ba762a5226f59adb16f096c920,0.0001
CLM-00266,POL-ICIC-849466-897,ICICI Lombard General Insurance,0x90F79bf6EB2c4f870365E785982E1f101E93b906,IRDAI-REG-115,Vidal Health TPA,Kavya Rao,849466,0x209f56d531acb9a38f10205b786b069c28f33ec2,Apollo Multispecialty Hospital,0x155Af6ECaFb48861dA7d16Fb8Af2f6ce9d6DD779,Dr. Rajesh Sharma,NMC-78491,G40.909,"Epilepsy, unspecified, without status epilepticus",Neurology,55590.18,0.0,2779.51,0%,Awaiting Patient Consent Approval,Access Requested via Ledger,Pending Patient Authorization,Discharge Summary; Surgical Notes; Lab Reports,Insurance Claim Adjudication & Pre-Auth Verification,24 Hours (Statutory Emergency Window),AES-256-GCM,vault-transit-key-0x209f56d5,Qm733a9d55d23e91d66ac1f9019e748640b1ba05e790b5,0.0.4891024,3266,2026-09-13 11:55:11 UTC,0xe2842a57577a02ea9a44b7f5211a37d7d4400b6667960d133ec64e1071fcf279,0.0001
CLM-00267,POL-NIVA-849467-402,Niva Bupa Health Insurance,0x9965507D1a55bcC2695C58ba16FB37d819B0A4dc,IRDAI-REG-145,MDIndia Health TPA,Chetan Agarwal,849467,0xf3535fd9b5e98cfa56b993f202afa7ae6d1e35cf,Max Super Speciality Cancer Institute,0x28B7eA94B34C8F52D19E50Eb14769Da20F5D54b4,Dr. Preeti Deshmukh,NMC-82194,K21.9,Gastro-esophageal reflux disease,Gastroenterology,14884.7,12651.99,744.24,10%,Approved & Settled,Ledger Verified & Payout Secured,Active - Full Disclosure,Lab Reports; Diagnosis; Treatment History; Discharge Summary,Insurance Claim Adjudication & Pre-Auth Verification,24 Hours (Statutory Emergency Window),AES-256-GCM,vault-transit-key-0xf3535fd9,Qm55f99100631b843182f8661cbe463d262cb016889927,0.0.4891024,3267,2026-09-13 11:55:12 UTC,0x3bdbc32a976cd3b7aedab297ae0dbc76e6653d2d494ea39188e9c1b16d68a7f7,0.0001
CLM-00268,POL-NIVA-849468-469,Niva Bupa Health Insurance,0x9965507D1a55bcC2695C58ba16FB37d819B0A4dc,IRDAI-REG-145,MDIndia Health TPA,Anand Kulkarni,849468,0xeb87bb8e5b978a169fb419275e8c7af5127406bd,Apollo Multispecialty Hospital,0x155Af6ECaFb48861dA7d16Fb8Af2f6ce9d6DD779,Dr. Rohan Patel,NMC-11029,I10,Essential (primary) hypertension,Cardiology,37627.58,31983.44,1881.38,10%,Approved & Settled,Ledger Verified & Payout Secured,Active - Full Disclosure,Emergency Admission Record; Diagnostic Imaging CT/MRI,Insurance Claim Adjudication & Pre-Auth Verification,24 Hours (Statutory Emergency Window),AES-256-GCM,vault-transit-key-0xeb87bb8e,Qm87e7bbaf0d933a7f7bb629e58e63e6ac69ccc5801b1b,0.0.4891024,3268,2026-09-13 11:55:15 UTC,0xcc226b1354ce3b0acc6090bad6ac4950ff1d4454c99c38dc722a7dd3b7f2b3fe,0.0001
CLM-00269,POL-HDFC-849469-117,HDFC ERGO Health Insurance,0x3C44CdDdB6a900fa2b585dd299e03d12FA4293BC,IRDAI-REG-146,Paramount TPA,Geeta Shetty,849469,0xd098bc3051dc8a0b862f6a7631b9214c0075db29,Care & Cure Pediatric & Maternity Hospital,0x937F51E09477BfD31E56c5e533038a8eEAc096b7,Dr. Sunita Narang,NMC-90812,I21.9,"Acute myocardial infarction, unspecified",Cardiology,285256.83,280256.83,5000.0,0%,Approved & Settled,Ledger Verified & Payout Secured,Active - Full Disclosure,Lab Reports; Diagnosis; Treatment History; Discharge Summary,Insurance Claim Adjudication & Pre-Auth Verification,24 Hours (Statutory Emergency Window),AES-256-GCM,vault-transit-key-0xd098bc30,Qm859948801d3e6e5a104364c979e00cb7b43b307701fc,0.0.4891024,3269,2026-09-13 11:55:16 UTC,0x8031f49d41237102ec416ce1d1f5f843b42b9bd09d4a38f2277dc2241845bde2,0.0001
CLM-00270,POL-ICIC-849470-533,ICICI Lombard General Insurance,0x90F79bf6EB2c4f870365E785982E1f101E93b906,IRDAI-REG-115,Vidal Health TPA,Sneha Mishra,849470,0xc3eea83de853440993b99d1f385aa933c9e2ffbb,Apex Diagnostic & Pathology Hub,0x04Fee3FD1B338d12FFD6dBD8d66dE1e8e0BB99cB,Dr. Sunita Narang,NMC-90812,K21.9,Gastro-esophageal reflux disease,Gastroenterology,15197.68,0.0,759.88,0%,Pending Adjudication,Audit Logged - Under Verification,Active - Time-Bound Access,Diagnosis; Lab Reports; Itemized Pharmacy Bill,Insurance Claim Adjudication & Pre-Auth Verification,24 Hours (Statutory Emergency Window),AES-256-GCM,vault-transit-key-0xc3eea83d,Qm5e4e192a764a8e52903765757ebf89632d3e3d6b6877,0.0.4891024,3270,2026-09-13 11:55:18 UTC,0xb908e8163cbfc5b3f0194b53299d9429c77b373be422c50c5a2333aec32308fb,0.0001
CLM-00271,POL-STAR-849471-649,Star Health & Allied Insurance,0x70997970C51812dc3A010C7d01b50e0d17dc79C8,IRDAI-REG-129,MediAssist TPA,Divya Choudhury,849471,0x01b08b94b2c0c00649d75e8997c1a57ebdd6ef10,Apex Diagnostic & Pathology Hub,0x04Fee3FD1B338d12FFD6dBD8d66dE1e8e0BB99cB,Dr. Rajesh Sharma,NMC-78491,E11.9,Type 2 diabetes mellitus without complications,Endocrinology,19370.2,18401.69,968.51,0%,Approved & Settled,Ledger Verified & Payout Secured,Active - Full Disclosure,Emergency Admission Record; Diagnostic Imaging CT/MRI,Insurance Claim Adjudication & Pre-Auth Verification,24 Hours (Statutory Emergency Window),AES-256-GCM,vault-transit-key-0x01b08b94,Qm23a5fd0bc7adabecb9a15ff7858c32e2056b7ebacc2f,0.0.4891024,3271,2026-09-13 11:55:20 UTC,0x4fcc916ba08e4ed66919348f9c1bb5df6eb41483161cd4fbbd90d815bbd3fd05,0.0001
CLM-00272,POL-STAR-849472-726,Star Health & Allied Insurance,0x70997970C51812dc3A010C7d01b50e0d17dc79C8,IRDAI-REG-129,MediAssist TPA,Arjun Rao,849472,0xc74a1f2b275622137137fc0a89e397f0075ae51a,Care & Cure Pediatric & Maternity Hospital,0x937F51E09477BfD31E56c5e533038a8eEAc096b7,Dr. Sarah Jenkins,NMC-48192,A90,Dengue fever [classical dengue],Infectious Disease,37567.19,0.0,1878.36,15%,Pending Adjudication,Audit Logged - Under Verification,Active - Time-Bound Access,Diagnosis; Lab Reports; Itemized Pharmacy Bill,Insurance Claim Adjudication & Pre-Auth Verification,24 Hours (Statutory Emergency Window),AES-256-GCM,vault-transit-key-0xc74a1f2b,Qm5cae3e9e121f7a146fd55881f00a093cdb2e7b68abef,0.0.4891024,3272,2026-09-13 11:55:22 UTC,0xa45a8f0467417d4ffeb388a10e6b6131936858c8417e48d1fac916c5c7a7882e,0.0001
CLM-00273,POL-HDFC-849473-455,HDFC ERGO Health Insurance,0x3C44CdDdB6a900fa2b585dd299e03d12FA4293BC,IRDAI-REG-146,Paramount TPA,Aarav Pillai,849473,0xf186b000b52c12f4c0abc6dd40e935ac9e0873c6,Apollo Multispecialty Hospital,0x155Af6ECaFb48861dA7d16Fb8Af2f6ce9d6DD779,Dr. Rajesh Sharma,NMC-78491,A90,Dengue fever [classical dengue],Infectious Disease,36331.28,29065.03,1816.56,15%,Approved & Settled,Ledger Verified & Payout Secured,Active - Full Disclosure,Diagnosis; Lab Reports; Itemized Pharmacy Bill,Insurance Claim Adjudication & Pre-Auth Verification,24 Hours (Statutory Emergency Window),AES-256-GCM,vault-transit-key-0xf186b000,Qm49635bdafbfe7422f860b1acf9a2dec30f89fecd6275,0.0.4891024,3273,2026-09-13 11:55:24 UTC,0x831b947385da2c758a6b8101c519ce2fca23a8949bc5f6d2c3932b7b6d925fb1,0.0001
CLM-00274,POL-STAR-849474-378,Star Health & Allied Insurance,0x70997970C51812dc3A010C7d01b50e0d17dc79C8,IRDAI-REG-129,MediAssist TPA,Ishaan Gowda,849474,0x9b6934a0e7c033cae8d51a80bdbd3575218bf397,Fortis Memorial Neuro & Trauma Center,0x84f93618C1D541bB1Dcf1373A8eE500A7D439634,Dr. Sunita Narang,NMC-90812,K21.9,Gastro-esophageal reflux disease,Gastroenterology,14196.68,0.0,709.83,15%,Pending Adjudication,Audit Logged - Under Verification,Active - Time-Bound Access,Lab Reports; Diagnosis; Treatment History; Discharge Summary,Insurance Claim Adjudication & Pre-Auth Verification,24 Hours (Statutory Emergency Window),AES-256-GCM,vault-transit-key-0x9b6934a0,Qm4282f4e04cb999e9f40aa3ae46f33028027daeca288f,0.0.4891024,3274,2026-09-13 11:55:26 UTC,0xdfdd1a5723c4534498b4da6d6f86f96c705cc8aa73a0b2bd7bb6ec7abd5e2c7e,0.0001
CLM-00275,POL-ICIC-849475-476,ICICI Lombard General Insurance,0x90F79bf6EB2c4f870365E785982E1f101E93b906,IRDAI-REG-115,Vidal Health TPA,Yashwanth Mishra,849475,0xa68c49277ff3ebed793472a90e61dbf7ba33be65,Apollo Multispecialty Hospital,0x155Af6ECaFb48861dA7d16Fb8Af2f6ce9d6DD779,Dr. Ananya Roy,NMC-51203,E11.9,Type 2 diabetes mellitus without complications,Endocrinology,17959.61,0.0,897.98,0%,Awaiting Patient Consent Approval,Access Requested via Ledger,Pending Patient Authorization,Lab Reports; Diagnosis; Treatment History; Discharge Summary,Insurance Claim Adjudication & Pre-Auth Verification,24 Hours (Statutory Emergency Window),AES-256-GCM,vault-transit-key-0xa68c4927,Qm5a1f1c6071b4cabe178b4764e2b283f01ea5dc48b22c,0.0.4891024,3275,2026-09-13 11:55:28 UTC,0x2d4778873eeacfa51ba042fdeef5858eac2d154a1033b901700caa27da2c81cf,0.0001
CLM-00276,POL-STAR-849476-583,Star Health & Allied Insurance,0x70997970C51812dc3A010C7d01b50e0d17dc79C8,IRDAI-REG-129,MediAssist TPA,Bhavna Sharma,849476,0x90893925e24bcbae6859c5dc6ab9602cc8f64efe,Apollo Multispecialty Hospital,0x155Af6ECaFb48861dA7d16Fb8Af2f6ce9d6DD779,Dr. Rajesh Sharma,NMC-78491,I10,Essential (primary) hypertension,Cardiology,30318.0,25770.3,1515.9,10%,Approved & Settled,Ledger Verified & Payout Secured,Active - Full Disclosure,Lab Reports; Diagnosis; Treatment History; Discharge Summary,Insurance Claim Adjudication & Pre-Auth Verification,24 Hours (Statutory Emergency Window),AES-256-GCM,vault-transit-key-0x90893925,Qmc9ce7516f574b40b506b24e58edb8d43bd28e3697362,0.0.4891024,3276,2026-09-13 11:55:30 UTC,0x8e97c4f0ee91355a5d054b75182b8cc6f65f8a4c8e7f1c12026265add70fdc98,0.0001
CLM-00277,POL-ICIC-849477-377,ICICI Lombard General Insurance,0x90F79bf6EB2c4f870365E785982E1f101E93b906,IRDAI-REG-115,Vidal Health TPA,Tanvi Rao,849477,0xfcc5aeef162b55eec6679f549271e7165c848e44,Max Super Speciality Cancer Institute,0x28B7eA94B34C8F52D19E50Eb14769Da20F5D54b4,Dr. Ananya Roy,NMC-51203,S06.9X0A,Unspecified intracranial injury / Concussion,Trauma & Emergency,146245.34,119308.54,5000.0,15%,Approved & Settled,Ledger Verified & Payout Secured,Active - Full Disclosure,Lab Reports; Diagnosis; Treatment History; Discharge Summary,Insurance Claim Adjudication & Pre-Auth Verification,24 Hours (Statutory Emergency Window),AES-256-GCM,vault-transit-key-0xfcc5aeef,Qm6a42a51e7eac5f871e9f1cd054be9b7def0c53c61128,0.0.4891024,3277,2026-09-13 11:55:32 UTC,0xcb2b305cfd311f2114849c358deb66fb08dac283982916a9bf4e375eab10209d,0.0001
CLM-00278,POL-NIVA-849478-998,Niva Bupa Health Insurance,0x9965507D1a55bcC2695C58ba16FB37d819B0A4dc,IRDAI-REG-145,MDIndia Health TPA,Pranav Hegde,849478,0x752bbc725cf32cf1a6036c80c43d26bd335549a6,Apollo Multispecialty Hospital,0x155Af6ECaFb48861dA7d16Fb8Af2f6ce9d6DD779,Dr. Ananya Roy,NMC-51203,I21.9,"Acute myocardial infarction, unspecified",Cardiology,271776.63,0.0,5000.0,15%,Pending Adjudication,Audit Logged - Under Verification,Active - Time-Bound Access,Discharge Summary; Surgical Notes; Lab Reports,Insurance Claim Adjudication & Pre-Auth Verification,24 Hours (Statutory Emergency Window),AES-256-GCM,vault-transit-key-0x752bbc72,Qm5703194e1ca45bafbb792174483dfd0e0cb5ce713b80,0.0.4891024,3278,2026-09-13 11:55:34 UTC,0xbb9d8078e55df1548c225e7f456e1bec71437be270bc43bbdea065ba8446d9bc,0.0001
CLM-00279,POL-CARE-849479-398,Care Health Insurance (Religare),0x15d34AAf54267DB7D7c367839AAf71A00a2C6A65,IRDAI-REG-148,Heritage Health TPA,Divya Pandey,849479,0xa1afcade2b03acf992ddad6916c52046b4ced1a6,Apollo Multispecialty Hospital,0x155Af6ECaFb48861dA7d16Fb8Af2f6ce9d6DD779,Dr. Vikram Seth,NMC-99014,C50.919,Malignant neoplasm of female breast,Oncology,438410.95,0.0,5000.0,15%,Pending Adjudication,Audit Logged - Under Verification,Active - Time-Bound Access,Diagnosis; Lab Reports; Itemized Pharmacy Bill,Insurance Claim Adjudication & Pre-Auth Verification,24 Hours (Statutory Emergency Window),AES-256-GCM,vault-transit-key-0xa1afcade,Qm6f9d5807358f4cf6f3828906dad6eea023c914226b5a,0.0.4891024,3279,2026-09-13 11:55:36 UTC,0x56eac25019228d57597d7e13b85cf2103ddb39bf7e274d3c6c56f8389c32b2fe,0.0001
CLM-00280,POL-CARE-849480-254,Care Health Insurance (Religare),0x15d34AAf54267DB7D7c367839AAf71A00a2C6A65,IRDAI-REG-148,Heritage Health TPA,Shreya Saxena,849480,0x6aaeef06be90047cf972af23b90b8a7a6772b01d,Max Super Speciality Cancer Institute,0x28B7eA94B34C8F52D19E50Eb14769Da20F5D54b4,Dr. Preeti Deshmukh,NMC-82194,C50.919,Malignant neoplasm of female breast,Oncology,343090.62,269472.5,5000.0,20%,Approved & Settled,Ledger Verified & Payout Secured,Active - Full Disclosure,Discharge Summary; Surgical Notes; Lab Reports,Insurance Claim Adjudication & Pre-Auth Verification,24 Hours (Statutory Emergency Window),AES-256-GCM,vault-transit-key-0x6aaeef06,Qm0e30b274c97e3f2becfcced57a18f81d24c43a01d0b3,0.0.4891024,3280,2026-09-13 11:55:38 UTC,0x41d0d9e930df05a31d905f3a73f0efb4f5cda8fe0f2105db084f8507363ea89a,0.0001
CLM-00281,POL-STAR-849481-206,Star Health & Allied Insurance,0x70997970C51812dc3A010C7d01b50e0d17dc79C8,IRDAI-REG-129,MediAssist TPA,Aarav Mehta,849481,0x2c8353bf38abe75a19695afe9c45e90ef4bf4829,Care & Cure Pediatric & Maternity Hospital,0x937F51E09477BfD31E56c5e533038a8eEAc096b7,Dr. Sunita Narang,NMC-90812,G40.909,"Epilepsy, unspecified, without status epilepticus",Neurology,41678.17,35426.44,2083.91,10%,Approved & Settled,Ledger Verified & Payout Secured,Active - Full Disclosure,Lab Reports; Diagnosis; Treatment History; Discharge Summary,Insurance Claim Adjudication & Pre-Auth Verification,24 Hours (Statutory Emergency Window),AES-256-GCM,vault-transit-key-0x2c8353bf,Qm8b4f43d2a5c040a179dc1498f16da7b3766aac907d63,0.0.4891024,3281,2026-09-13 11:55:39 UTC,0x874ca26c8463acb922eb7e151e37f4dd000dc0bdafd330f586d157d7f23283f9,0.0001
CLM-00282,POL-STAR-849482-817,Star Health & Allied Insurance,0x70997970C51812dc3A010C7d01b50e0d17dc79C8,IRDAI-REG-129,MediAssist TPA,Rakesh Patel,849482,0x4b29132a55e02bd678580d9593e952ed99c18098,Max Super Speciality Cancer Institute,0x28B7eA94B34C8F52D19E50Eb14769Da20F5D54b4,Dr. Sunita Narang,NMC-90812,K21.9,Gastro-esophageal reflux disease,Gastroenterology,16287.63,0.0,814.38,20%,Rejected - Policy Exclusion,Rejected with Ledger Audit Reason,Expired / Revoked,Lab Reports; Diagnosis; Treatment History; Discharge Summary,Insurance Claim Adjudication & Pre-Auth Verification,24 Hours (Statutory Emergency Window),AES-256-GCM,vault-transit-key-0x4b29132a,Qmf8d264f064c136bcc28aa5130e88329c8f5aa0fbfd15,0.0.4891024,3282,2026-09-13 11:55:42 UTC,0x249c7aa96c4c2cb43141058867b84a3044f4fb30570b3ffe3bae32901dd1c23e,0.0001
CLM-00283,POL-HDFC-849483-545,HDFC ERGO Health Insurance,0x3C44CdDdB6a900fa2b585dd299e03d12FA4293BC,IRDAI-REG-146,Paramount TPA,Gautam Mishra,849483,0xdd50e7cd964e22afc4a78b269f2a373ba0269ea9,Care & Cure Pediatric & Maternity Hospital,0x937F51E09477BfD31E56c5e533038a8eEAc096b7,Dr. Sarah Jenkins,NMC-48192,I10,Essential (primary) hypertension,Cardiology,34145.84,29023.97,1707.29,10%,Approved & Settled,Ledger Verified & Payout Secured,Active - Full Disclosure,Discharge Summary; Surgical Notes; Lab Reports,Insurance Claim Adjudication & Pre-Auth Verification,24 Hours (Statutory Emergency Window),AES-256-GCM,vault-transit-key-0xdd50e7cd,Qmec8abf50aa3a5dd0e1880eb67dcd412d884b439ff162,0.0.4891024,3283,2026-09-13 11:55:43 UTC,0x6876d99bd71f6f83f179bdd3e0ed53fc3784b540a2477fd297b60296d23f8724,0.0001
CLM-00284,POL-ICIC-849484-339,ICICI Lombard General Insurance,0x90F79bf6EB2c4f870365E785982E1f101E93b906,IRDAI-REG-115,Vidal Health TPA,Sneha Pillai,849484,0x92a9122762316a8e1828d387a87e4d658c5bfeb2,Fortis Memorial Neuro & Trauma Center,0x84f93618C1D541bB1Dcf1373A8eE500A7D439634,Dr. Ananya Roy,NMC-51203,G40.909,"Epilepsy, unspecified, without status epilepticus",Neurology,39211.59,33329.85,1960.58,10%,Approved & Settled,Ledger Verified & Payout Secured,Active - Full Disclosure,Lab Reports; Diagnosis; Treatment History; Discharge Summary,Insurance Claim Adjudication & Pre-Auth Verification,24 Hours (Statutory Emergency Window),AES-256-GCM,vault-transit-key-0x92a91227,Qm435303761e772e9f7483a4b3d7455869d3a5f02c8dc9,0.0.4891024,3284,2026-09-13 11:55:45 UTC,0x743b454907c0da1fa639cbb8d2586ab8f6a803bf8c8bb7026c776345b21ca5e9,0.0001
CLM-00285,POL-CARE-849485-223,Care Health Insurance (Religare),0x15d34AAf54267DB7D7c367839AAf71A00a2C6A65,IRDAI-REG-148,Heritage Health TPA,Gautam Nair,849485,0xfae0d2755a14bd7b6e70549a97b0ca888d2d02f6,Care & Cure Pediatric & Maternity Hospital,0x937F51E09477BfD31E56c5e533038a8eEAc096b7,Dr. Vikram Seth,NMC-99014,K21.9,Gastro-esophageal reflux disease,Gastroenterology,14264.58,12124.89,713.23,10%,Approved & Settled,Ledger Verified & Payout Secured,Active - Full Disclosure,Emergency Admission Record; Diagnostic Imaging CT/MRI,Insurance Claim Adjudication & Pre-Auth Verification,24 Hours (Statutory Emergency Window),AES-256-GCM,vault-transit-key-0xfae0d275,Qm41d75ff794922ba25087678572b6257abd84e54c715f,0.0.4891024,3285,2026-09-13 11:55:47 UTC,0x272641c3dd9b0d330e25cb5c0021024254bb4ddb9da21fbaa8c47d8d4cda86c2,0.0001
CLM-00286,POL-HDFC-849486-320,HDFC ERGO Health Insurance,0x3C44CdDdB6a900fa2b585dd299e03d12FA4293BC,IRDAI-REG-146,Paramount TPA,Ishaan Patel,849486,0x76a29e588997b7dda2da2839d61d6862c4a358fe,Fortis Memorial Neuro & Trauma Center,0x84f93618C1D541bB1Dcf1373A8eE500A7D439634,Dr. Sunita Narang,NMC-90812,I10,Essential (primary) hypertension,Cardiology,36370.73,29096.58,1818.54,15%,Approved & Settled,Ledger Verified & Payout Secured,Active - Full Disclosure,Diagnosis; Lab Reports; Itemized Pharmacy Bill,Insurance Claim Adjudication & Pre-Auth Verification,24 Hours (Statutory Emergency Window),AES-256-GCM,vault-transit-key-0x76a29e58,Qma626cd04677460d593d8198beb3c4745c61d550a685e,0.0.4891024,3286,2026-09-13 11:55:49 UTC,0x83f0cd81b493b7d148d114813aa78c06a3ebdac2706436c9b5d315513e4c6184,0.0001
CLM-00287,POL-STAR-849487-131,Star Health & Allied Insurance,0x70997970C51812dc3A010C7d01b50e0d17dc79C8,IRDAI-REG-129,MediAssist TPA,Sneha Mishra,849487,0x9c42337d20cb6f477a5f4a1bce439cdbf55db3d2,Fortis Memorial Neuro & Trauma Center,0x84f93618C1D541bB1Dcf1373A8eE500A7D439634,Dr. Vikram Seth,NMC-99014,E11.9,Type 2 diabetes mellitus without complications,Endocrinology,24576.2,18432.15,1228.81,20%,Approved & Settled,Ledger Verified & Payout Secured,Active - Full Disclosure,Diagnosis; Lab Reports; Itemized Pharmacy Bill,Insurance Claim Adjudication & Pre-Auth Verification,24 Hours (Statutory Emergency Window),AES-256-GCM,vault-transit-key-0x9c42337d,Qmda4504439c363257359ded64a612f89e836a84f84eba,0.0.4891024,3287,2026-09-13 11:55:51 UTC,0x6140b2c38b8d131fe5236096d27a2f9d2535bb9ba00d171a9bf0649330420b62,0.0001
CLM-00288,POL-HDFC-849488-950,HDFC ERGO Health Insurance,0x3C44CdDdB6a900fa2b585dd299e03d12FA4293BC,IRDAI-REG-146,Paramount TPA,Yashwanth Reddy,849488,0xe13d90b1b93a28cc8bc6b3423ddc7432daa5b76f,Apollo Multispecialty Hospital,0x155Af6ECaFb48861dA7d16Fb8Af2f6ce9d6DD779,Dr. Sarah Jenkins,NMC-48192,I10,Essential (primary) hypertension,Cardiology,35665.81,30315.94,1783.29,10%,Approved & Settled,Ledger Verified & Payout Secured,Active - Full Disclosure,Emergency Admission Record; Diagnostic Imaging CT/MRI,Insurance Claim Adjudication & Pre-Auth Verification,24 Hours (Statutory Emergency Window),AES-256-GCM,vault-transit-key-0xe13d90b1,Qm6b981299e7ee91148d95cc52c675b7180b80a9faf396,0.0.4891024,3288,2026-09-13 11:55:53 UTC,0x886d9ecad2404012d3f905903e2e11130e9565eb563dc3c97878de2f8af03317,0.0001
CLM-00289,POL-NIVA-849489-122,Niva Bupa Health Insurance,0x9965507D1a55bcC2695C58ba16FB37d819B0A4dc,IRDAI-REG-145,MDIndia Health TPA,Divya Saxena,849489,0x51b99f7eebfe7ce18b79c39de4e8c149c8c3d498,Fortis Memorial Neuro & Trauma Center,0x84f93618C1D541bB1Dcf1373A8eE500A7D439634,Dr. Sunita Narang,NMC-90812,I21.9,"Acute myocardial infarction, unspecified",Cardiology,330437.05,0.0,5000.0,10%,Awaiting Patient Consent Approval,Access Requested via Ledger,Pending Patient Authorization,Emergency Admission Record; Diagnostic Imaging CT/MRI,Insurance Claim Adjudication & Pre-Auth Verification,24 Hours (Statutory Emergency Window),AES-256-GCM,vault-transit-key-0x51b99f7e,Qm0efde8fa7b4f4d6d22891861e383c6c21b00d96fe031,0.0.4891024,3289,2026-09-13 11:55:55 UTC,0xd54cf3ede7aad28e8b1c2e25312aa401464c9ee067ad2accc03137cbd702bfd2,0.0001
CLM-00290,POL-ICIC-849490-151,ICICI Lombard General Insurance,0x90F79bf6EB2c4f870365E785982E1f101E93b906,IRDAI-REG-115,Vidal Health TPA,Divya Swaminathan,849490,0x1ea2c8f9828304d7abedca85f024761c79f561e2,Apollo Multispecialty Hospital,0x155Af6ECaFb48861dA7d16Fb8Af2f6ce9d6DD779,Dr. Sarah Jenkins,NMC-48192,A90,Dengue fever [classical dengue],Infectious Disease,31219.04,0.0,1560.95,20%,Awaiting Patient Consent Approval,Access Requested via Ledger,Pending Patient Authorization,Emergency Admission Record; Diagnostic Imaging CT/MRI,Insurance Claim Adjudication & Pre-Auth Verification,24 Hours (Statutory Emergency Window),AES-256-GCM,vault-transit-key-0x1ea2c8f9,Qmfb04b0a49aeae5fcc6b337b633abd5befad46a6b15ab,0.0.4891024,3290,2026-09-13 11:55:57 UTC,0xe022e428dfe17b1d75a0b5ad12873f91605f542e87732ec14415cab49b0a7b8f,0.0001
CLM-00291,POL-CARE-849491-291,Care Health Insurance (Religare),0x15d34AAf54267DB7D7c367839AAf71A00a2C6A65,IRDAI-REG-148,Heritage Health TPA,Aditi Joshi,849491,0xa310835edc748345bceacb7399a0694beebf7c99,Max Super Speciality Cancer Institute,0x28B7eA94B34C8F52D19E50Eb14769Da20F5D54b4,Dr. Vikram Seth,NMC-99014,C50.919,Malignant neoplasm of female breast,Oncology,389021.88,0.0,5000.0,20%,Awaiting Patient Consent Approval,Access Requested via Ledger,Pending Patient Authorization,Lab Reports; Diagnosis; Treatment History; Discharge Summary,Insurance Claim Adjudication & Pre-Auth Verification,24 Hours (Statutory Emergency Window),AES-256-GCM,vault-transit-key-0xa310835e,Qmdac4102eac40934071236c6497006b4835090ba2a109,0.0.4891024,3291,2026-09-13 11:55:59 UTC,0xeb94fa4ba46c7ef97c10360589a723b0918e6180cb42d7ee053337d4fec691bf,0.0001
CLM-00292,POL-HDFC-849492-663,HDFC ERGO Health Insurance,0x3C44CdDdB6a900fa2b585dd299e03d12FA4293BC,IRDAI-REG-146,Paramount TPA,Nandini Agarwal,849492,0x996e5bb67b1bde567c4f329f6c28d791afca9328,Fortis Memorial Neuro & Trauma Center,0x84f93618C1D541bB1Dcf1373A8eE500A7D439634,Dr. Ananya Roy,NMC-51203,K21.9,Gastro-esophageal reflux disease,Gastroenterology,13944.55,13247.32,697.23,0%,Approved & Settled,Ledger Verified & Payout Secured,Active - Full Disclosure,Diagnosis; Lab Reports; Itemized Pharmacy Bill,Insurance Claim Adjudication & Pre-Auth Verification,24 Hours (Statutory Emergency Window),AES-256-GCM,vault-transit-key-0x996e5bb6,Qm588accb53964e2c226dff006b2cec2532b75e89aea01,0.0.4891024,3292,2026-09-13 11:56:01 UTC,0x3b64a55027015cafc7f286a452cddb71be1f78683d954185f8b349c0d9e767f2,0.0001
CLM-00293,POL-NIVA-849493-491,Niva Bupa Health Insurance,0x9965507D1a55bcC2695C58ba16FB37d819B0A4dc,IRDAI-REG-145,MDIndia Health TPA,Nikhil Kulkarni,849493,0x635e699075124df33466a987546c1da1ed2cbc44,Max Super Speciality Cancer Institute,0x28B7eA94B34C8F52D19E50Eb14769Da20F5D54b4,Dr. Preeti Deshmukh,NMC-82194,I10,Essential (primary) hypertension,Cardiology,35678.07,28542.46,1783.9,15%,Approved & Settled,Ledger Verified & Payout Secured,Active - Full Disclosure,Emergency Admission Record; Diagnostic Imaging CT/MRI,Insurance Claim Adjudication & Pre-Auth Verification,24 Hours (Statutory Emergency Window),AES-256-GCM,vault-transit-key-0x635e6990,Qm3c3d71639c31ff9e490c724f966b9b37bb66f9a242ff,0.0.4891024,3293,2026-09-13 11:56:03 UTC,0xeffd0e40d02957de9e84aac8c4e52b1fb8e95b86c82843505ee1ed4a14f4c3cb,0.0001
CLM-00294,POL-ICIC-849494-126,ICICI Lombard General Insurance,0x90F79bf6EB2c4f870365E785982E1f101E93b906,IRDAI-REG-115,Vidal Health TPA,Kiran Mishra,849494,0x7a2da4020bd38cf9290b91d3db62fc8b587aac28,Care & Cure Pediatric & Maternity Hospital,0x937F51E09477BfD31E56c5e533038a8eEAc096b7,Dr. Vikram Seth,NMC-99014,E11.9,Type 2 diabetes mellitus without complications,Endocrinology,19304.66,16408.96,965.23,10%,Approved & Settled,Ledger Verified & Payout Secured,Active - Full Disclosure,Discharge Summary; Surgical Notes; Lab Reports,Insurance Claim Adjudication & Pre-Auth Verification,24 Hours (Statutory Emergency Window),AES-256-GCM,vault-transit-key-0x7a2da402,Qm20283408d9f503872056928faea48e0194635e2ee34d,0.0.4891024,3294,2026-09-13 11:56:04 UTC,0xb2996fa7f719f186a3eaae330d8a67b034c92e70770022ca1f76dd501f6696ca,0.0001
CLM-00295,POL-ICIC-849495-202,ICICI Lombard General Insurance,0x90F79bf6EB2c4f870365E785982E1f101E93b906,IRDAI-REG-115,Vidal Health TPA,Amit Mishra,849495,0xa313334f7a8b3b469178b4393cdbf498f33acb27,Apex Diagnostic & Pathology Hub,0x04Fee3FD1B338d12FFD6dBD8d66dE1e8e0BB99cB,Dr. Rajesh Sharma,NMC-78491,E11.9,Type 2 diabetes mellitus without complications,Endocrinology,18713.41,15906.4,935.67,10%,Approved & Settled,Ledger Verified & Payout Secured,Active - Full Disclosure,Lab Reports; Diagnosis; Treatment History; Discharge Summary,Insurance Claim Adjudication & Pre-Auth Verification,24 Hours (Statutory Emergency Window),AES-256-GCM,vault-transit-key-0xa313334f,Qm9b5f2a5ecd6ed482c4b859b0acb48fef588a2ab234b1,0.0.4891024,3295,2026-09-13 11:56:06 UTC,0xda4640c97598ebae6a9d4990b5c811639476f5b10bda5d341d241364cb439d76,0.0001
CLM-00296,POL-CARE-849496-280,Care Health Insurance (Religare),0x15d34AAf54267DB7D7c367839AAf71A00a2C6A65,IRDAI-REG-148,Heritage Health TPA,Kiran Mukherjee,849496,0xd7cb28bdbe3e4d83c07bf9dec57ded9a6dc0cede,Fortis Memorial Neuro & Trauma Center,0x84f93618C1D541bB1Dcf1373A8eE500A7D439634,Dr. Sunita Narang,NMC-90812,E11.9,Type 2 diabetes mellitus without complications,Endocrinology,18619.29,0.0,930.96,15%,Pending Adjudication,Audit Logged - Under Verification,Active - Time-Bound Access,Discharge Summary; Surgical Notes; Lab Reports,Insurance Claim Adjudication & Pre-Auth Verification,24 Hours (Statutory Emergency Window),AES-256-GCM,vault-transit-key-0xd7cb28bd,Qm2a5778097be4639513b7c3c4a583bd0ef5d9489ae3a7,0.0.4891024,3296,2026-09-13 11:56:09 UTC,0x3a37fb1806363ca0ae0ff5670d53d86544ae91cf994d220157ae76548193ebf8,0.0001
CLM-00297,POL-ICIC-849497-676,ICICI Lombard General Insurance,0x90F79bf6EB2c4f870365E785982E1f101E93b906,IRDAI-REG-115,Vidal Health TPA,Aditi Pillai,849497,0x2bd11c93c8ca908dea6141e621ae8dceb44879e6,Apex Diagnostic & Pathology Hub,0x04Fee3FD1B338d12FFD6dBD8d66dE1e8e0BB99cB,Dr. Rohan Patel,NMC-11029,E11.9,Type 2 diabetes mellitus without complications,Endocrinology,24545.17,18408.88,1227.26,20%,Approved & Settled,Ledger Verified & Payout Secured,Active - Full Disclosure,Diagnosis; Lab Reports; Itemized Pharmacy Bill,Insurance Claim Adjudication & Pre-Auth Verification,24 Hours (Statutory Emergency Window),AES-256-GCM,vault-transit-key-0x2bd11c93,Qm414df6ed583f3162c057579f0fc5557b31e8984ceb16,0.0.4891024,3297,2026-09-13 11:56:10 UTC,0x769ba1587620894639bb8f9d89a77a5663ab61a4501811953ac5e5a72d2ed603,0.0001
CLM-00298,POL-STAR-849498-120,Star Health & Allied Insurance,0x70997970C51812dc3A010C7d01b50e0d17dc79C8,IRDAI-REG-129,MediAssist TPA,Ananya Patel,849498,0x8cb98a2d66b203907be6e8e2f38e4fc8440b7afb,Max Super Speciality Cancer Institute,0x28B7eA94B34C8F52D19E50Eb14769Da20F5D54b4,Dr. Rohan Patel,NMC-11029,C50.919,Malignant neoplasm of female breast,Oncology,432022.7,427022.7,5000.0,0%,Approved & Settled,Ledger Verified & Payout Secured,Active - Full Disclosure,Diagnosis; Lab Reports; Itemized Pharmacy Bill,Insurance Claim Adjudication & Pre-Auth Verification,24 Hours (Statutory Emergency Window),AES-256-GCM,vault-transit-key-0x8cb98a2d,Qm9b56dce769ad921cebc96db97e7b66d6dda19453c8fa,0.0.4891024,3298,2026-09-13 11:56:12 UTC,0x9cfd6af0ba60f9848796bc83418f1764f41d1eea144eadac076362b7aabf70f4,0.0001
CLM-00299,POL-HDFC-849499-251,HDFC ERGO Health Insurance,0x3C44CdDdB6a900fa2b585dd299e03d12FA4293BC,IRDAI-REG-146,Paramount TPA,Sameer Pillai,849499,0xb7fc31161e82b2630033b2997269fc915d6f7086,Fortis Memorial Neuro & Trauma Center,0x84f93618C1D541bB1Dcf1373A8eE500A7D439634,Dr. Sarah Jenkins,NMC-48192,I10,Essential (primary) hypertension,Cardiology,33173.26,0.0,1658.66,10%,Pending Adjudication,Audit Logged - Under Verification,Active - Time-Bound Access,Discharge Summary; Surgical Notes; Lab Reports,Insurance Claim Adjudication & Pre-Auth Verification,24 Hours (Statutory Emergency Window),AES-256-GCM,vault-transit-key-0xb7fc3116,Qm79109e05d5260321f6d6901c40a05038f3c38508a1aa,0.0.4891024,3299,2026-09-13 11:56:14 UTC,0x07a49849abd49638fe8acff8d2f7a383b5c0d5c42228295588f3f1a96c6f5181,0.0001
CLM-00300,POL-CARE-849500-409,Care Health Insurance (Religare),0x15d34AAf54267DB7D7c367839AAf71A00a2C6A65,IRDAI-REG-148,Heritage Health TPA,Shreya Pillai,849500,0x52dfc84668d999d192ffc3006094e6408ea6aa5f,Apex Diagnostic & Pathology Hub,0x04Fee3FD1B338d12FFD6dBD8d66dE1e8e0BB99cB,Dr. Sarah Jenkins,NMC-48192,S06.9X0A,Unspecified intracranial injury / Concussion,Trauma & Emergency,120194.72,0.0,5000.0,10%,Pending Adjudication,Audit Logged - Under Verification,Active - Time-Bound Access,Emergency Admission Record; Diagnostic Imaging CT/MRI,Insurance Claim Adjudication & Pre-Auth Verification,24 Hours (Statutory Emergency Window),AES-256-GCM,vault-transit-key-0x52dfc846,Qm478357f46bd90251d3071fac5bc402921be9f57c1e71,0.0.4891024,3300,2026-09-13 11:56:16 UTC,0x8ff597efb71178d128d0beb2d066dca43dea613ba89643a0dc38e0ff7f3ef411,0.0001
CLM-00301,POL-ICIC-849501-328,ICICI Lombard General Insurance,0x90F79bf6EB2c4f870365E785982E1f101E93b906,IRDAI-REG-115,Vidal Health TPA,Anand Kulkarni,849501,0xcc858b8861ec08fea6a039904ca34a39b3906e4f,Max Super Speciality Cancer Institute,0x28B7eA94B34C8F52D19E50Eb14769Da20F5D54b4,Dr. Preeti Deshmukh,NMC-82194,S06.9X0A,Unspecified intracranial injury / Concussion,Trauma & Emergency,137941.26,119147.13,5000.0,10%,Approved & Settled,Ledger Verified & Payout Secured,Active - Full Disclosure,Discharge Summary; Surgical Notes; Lab Reports,Insurance Claim Adjudication & Pre-Auth Verification,24 Hours (Statutory Emergency Window),AES-256-GCM,vault-transit-key-0xcc858b88,Qm96b7a3de44059fcf44d34e8ec622f0f73348e562bb86,0.0.4891024,3301,2026-09-13 11:56:18 UTC,0x011412790e04609660e230fc28a0e8a5ffdce805f6527878d90851e8561b2ce6,0.0001
CLM-00302,POL-STAR-849502-286,Star Health & Allied Insurance,0x70997970C51812dc3A010C7d01b50e0d17dc79C8,IRDAI-REG-129,MediAssist TPA,Neha Menon,849502,0xe5a9f6736fdeb439b2a32d2e153391bbebeebe6f,Apex Diagnostic & Pathology Hub,0x04Fee3FD1B338d12FFD6dBD8d66dE1e8e0BB99cB,Dr. Ananya Roy,NMC-51203,I10,Essential (primary) hypertension,Cardiology,33375.63,0.0,1668.78,10%,Pending Adjudication,Audit Logged - Under Verification,Active - Time-Bound Access,Lab Reports; Diagnosis; Treatment History; Discharge Summary,Insurance Claim Adjudication & Pre-Auth Verification,24 Hours (Statutory Emergency Window),AES-256-GCM,vault-transit-key-0xe5a9f673,Qmef58c4b7078fde9c343b4934255b2f9fa35381a1ac75,0.0.4891024,3302,2026-09-13 11:56:20 UTC,0xa1520d7d0c53f937f44ff0b598b66a5269b03535c5a0dce306594fd9be36e199,0.0001
CLM-00303,POL-STAR-849503-271,Star Health & Allied Insurance,0x70997970C51812dc3A010C7d01b50e0d17dc79C8,IRDAI-REG-129,MediAssist TPA,Manish Mehta,849503,0x82c0d583f91d84a7e09b5133b9d681d51f99b462,Max Super Speciality Cancer Institute,0x28B7eA94B34C8F52D19E50Eb14769Da20F5D54b4,Dr. Vikram Seth,NMC-99014,S06.9X0A,Unspecified intracranial injury / Concussion,Trauma & Emergency,136422.67,0.0,5000.0,0%,Awaiting Patient Consent Approval,Access Requested via Ledger,Pending Patient Authorization,Discharge Summary; Surgical Notes; Lab Reports,Insurance Claim Adjudication & Pre-Auth Verification,24 Hours (Statutory Emergency Window),AES-256-GCM,vault-transit-key-0x82c0d583,Qmcc30569b6ae001a5191cd06ea146d89c20e543102288,0.0.4891024,3303,2026-09-13 11:56:22 UTC,0x6935e55675af90e5f87d7ea65505844097ed361ad7ea5dd7e73dd8f05a7ddf08,0.0001
CLM-00304,POL-HDFC-849504-458,HDFC ERGO Health Insurance,0x3C44CdDdB6a900fa2b585dd299e03d12FA4293BC,IRDAI-REG-146,Paramount TPA,Aarav Deshmukh,849504,0x87d0f18d37ee93406cb48be42a36783e8810868b,Max Super Speciality Cancer Institute,0x28B7eA94B34C8F52D19E50Eb14769Da20F5D54b4,Dr. Preeti Deshmukh,NMC-82194,I21.9,"Acute myocardial infarction, unspecified",Cardiology,248796.54,0.0,5000.0,0%,Pending Adjudication,Audit Logged - Under Verification,Active - Time-Bound Access,Lab Reports; Diagnosis; Treatment History; Discharge Summary,Insurance Claim Adjudication & Pre-Auth Verification,24 Hours (Statutory Emergency Window),AES-256-GCM,vault-transit-key-0x87d0f18d,Qm8f150c755854ed9b5efe21b79374ad8ba3809737052c,0.0.4891024,3304,2026-09-13 11:56:24 UTC,0xf1ac31cc4196e51516b0076d8822eba0c6f4e7a85b30d29cfc37b60037efa24e,0.0001
CLM-00305,POL-CARE-849505-487,Care Health Insurance (Religare),0x15d34AAf54267DB7D7c367839AAf71A00a2C6A65,IRDAI-REG-148,Heritage Health TPA,Vikas Menon,849505,0xc0f1dfce599993f57e05b39e1324de032b7c3675,Max Super Speciality Cancer Institute,0x28B7eA94B34C8F52D19E50Eb14769Da20F5D54b4,Dr. Ananya Roy,NMC-51203,A90,Dengue fever [classical dengue],Infectious Disease,33857.73,25393.29,1692.89,20%,Approved & Settled,Ledger Verified & Payout Secured,Active - Full Disclosure,Emergency Admission Record; Diagnostic Imaging CT/MRI,Insurance Claim Adjudication & Pre-Auth Verification,24 Hours (Statutory Emergency Window),AES-256-GCM,vault-transit-key-0xc0f1dfce,Qmc7799f1020ff6fac2486a03526b46a9efcdd31b1c729,0.0.4891024,3305,2026-09-13 11:56:26 UTC,0x850a357c3e975542aa4b7a46d1711c070403a4a16015d4dbed36fb1ecd0cb43c,0.0001
CLM-00306,POL-CARE-849506-401,Care Health Insurance (Religare),0x15d34AAf54267DB7D7c367839AAf71A00a2C6A65,IRDAI-REG-148,Heritage Health TPA,Pranav Nair,849506,0x8b84bca96944065530552500673cf85c7de3a983,Apollo Multispecialty Hospital,0x155Af6ECaFb48861dA7d16Fb8Af2f6ce9d6DD779,Dr. Sunita Narang,NMC-90812,I10,Essential (primary) hypertension,Cardiology,25907.5,0.0,1295.38,15%,Rejected - Policy Exclusion,Rejected with Ledger Audit Reason,Expired / Revoked,Lab Reports; Diagnosis; Treatment History; Discharge Summary,Insurance Claim Adjudication & Pre-Auth Verification,24 Hours (Statutory Emergency Window),AES-256-GCM,vault-transit-key-0x8b84bca9,Qm9b425ec7a3f862419d65feb0b261cec692aa9620c53e,0.0.4891024,3306,2026-09-13 11:56:27 UTC,0xa149e7789f089b17dc1e766264051e4e447e46f5820e9d203e2c508c123bb84c,0.0001
CLM-00307,POL-CARE-849507-660,Care Health Insurance (Religare),0x15d34AAf54267DB7D7c367839AAf71A00a2C6A65,IRDAI-REG-148,Heritage Health TPA,Meera Swaminathan,849507,0x9e50efd53ab19393f9dc586a9d38762150d372fc,Max Super Speciality Cancer Institute,0x28B7eA94B34C8F52D19E50Eb14769Da20F5D54b4,Dr. Preeti Deshmukh,NMC-82194,I21.9,"Acute myocardial infarction, unspecified",Cardiology,324337.21,319337.21,5000.0,0%,Approved & Settled,Ledger Verified & Payout Secured,Active - Full Disclosure,Emergency Admission Record; Diagnostic Imaging CT/MRI,Insurance Claim Adjudication & Pre-Auth Verification,24 Hours (Statutory Emergency Window),AES-256-GCM,vault-transit-key-0x9e50efd5,Qm80b5fa77247cbc0e7e4cce409498213b29517f3a7b89,0.0.4891024,3307,2026-09-13 11:56:29 UTC,0x7000cba9a9bd0a34369987874fbec819ae61d89784e33b3425685ef4235ce4dc,0.0001
CLM-00308,POL-HDFC-849508-154,HDFC ERGO Health Insurance,0x3C44CdDdB6a900fa2b585dd299e03d12FA4293BC,IRDAI-REG-146,Paramount TPA,Varun Kulkarni,849508,0xc0d29420c90820e17afa74f8f49a643f9837279e,Apex Diagnostic & Pathology Hub,0x04Fee3FD1B338d12FFD6dBD8d66dE1e8e0BB99cB,Dr. Ananya Roy,NMC-51203,E11.9,Type 2 diabetes mellitus without complications,Endocrinology,17492.97,0.0,874.65,10%,Rejected - Policy Exclusion,Rejected with Ledger Audit Reason,Expired / Revoked,Emergency Admission Record; Diagnostic Imaging CT/MRI,Insurance Claim Adjudication & Pre-Auth Verification,24 Hours (Statutory Emergency Window),AES-256-GCM,vault-transit-key-0xc0d29420,Qm87c79f47002c5c6e9a94016be7469c9da3d00e38be4c,0.0.4891024,3308,2026-09-13 11:56:32 UTC,0x26924615c6a4f8e0dc537bbd57750183b5421a8b6d3e0a17960ccd2e9d7e64b0,0.0001
CLM-00309,POL-ICIC-849509-150,ICICI Lombard General Insurance,0x90F79bf6EB2c4f870365E785982E1f101E93b906,IRDAI-REG-115,Vidal Health TPA,Geeta Deshmukh,849509,0x00c9bceb6ab9eddc44b64656f802197d2bb6feef,Fortis Memorial Neuro & Trauma Center,0x84f93618C1D541bB1Dcf1373A8eE500A7D439634,Dr. Rajesh Sharma,NMC-78491,I21.9,"Acute myocardial infarction, unspecified",Cardiology,263817.47,206053.98,5000.0,20%,Approved & Settled,Ledger Verified & Payout Secured,Active - Full Disclosure,Discharge Summary; Surgical Notes; Lab Reports,Insurance Claim Adjudication & Pre-Auth Verification,24 Hours (Statutory Emergency Window),AES-256-GCM,vault-transit-key-0x00c9bceb,Qmb2c52a65b479b86fa688d2b1345a4bddf8701a717a6a,0.0.4891024,3309,2026-09-13 11:56:33 UTC,0xc517225f90f6e3d475fb65f9e02978b3de4b3713e46cfcb0300b8477ba0537de,0.0001
CLM-00310,POL-ICIC-849510-199,ICICI Lombard General Insurance,0x90F79bf6EB2c4f870365E785982E1f101E93b906,IRDAI-REG-115,Vidal Health TPA,Varun Patel,849510,0xbb96e2717f9b45323f090a4b1668038ae1daa004,Apex Diagnostic & Pathology Hub,0x04Fee3FD1B338d12FFD6dBD8d66dE1e8e0BB99cB,Dr. Ananya Roy,NMC-51203,C50.919,Malignant neoplasm of female breast,Oncology,346400.8,0.0,5000.0,10%,Pending Adjudication,Audit Logged - Under Verification,Active - Time-Bound Access,Lab Reports; Diagnosis; Treatment History; Discharge Summary,Insurance Claim Adjudication & Pre-Auth Verification,24 Hours (Statutory Emergency Window),AES-256-GCM,vault-transit-key-0xbb96e271,Qmcc61b239d73b35b8c9bfb9d5a306322b130fcbada068,0.0.4891024,3310,2026-09-13 11:56:35 UTC,0x3f6c7e5488f0b8065ba9477bce3d1a629183fe6a6da26958b24f340e3de41434,0.0001
CLM-00311,POL-CARE-849511-193,Care Health Insurance (Religare),0x15d34AAf54267DB7D7c367839AAf71A00a2C6A65,IRDAI-REG-148,Heritage Health TPA,Ishaan Choudhury,849511,0x8ec7e76ec30738e5855cf9e5e266511f670e1f39,Care & Cure Pediatric & Maternity Hospital,0x937F51E09477BfD31E56c5e533038a8eEAc096b7,Dr. Ananya Roy,NMC-51203,G40.909,"Epilepsy, unspecified, without status epilepticus",Neurology,49931.27,37448.46,2496.56,20%,Approved & Settled,Ledger Verified & Payout Secured,Active - Full Disclosure,Emergency Admission Record; Diagnostic Imaging CT/MRI,Insurance Claim Adjudication & Pre-Auth Verification,24 Hours (Statutory Emergency Window),AES-256-GCM,vault-transit-key-0x8ec7e76e,Qm7e82f14cd1902d889ec85d15e06139ccbb57a056d981,0.0.4891024,3311,2026-09-13 11:56:37 UTC,0xc68073ba9622d15f1ac9f8be8394b1df779dde6b0589a903fb3900146e01cd31,0.0001
CLM-00312,POL-STAR-849512-369,Star Health & Allied Insurance,0x70997970C51812dc3A010C7d01b50e0d17dc79C8,IRDAI-REG-129,MediAssist TPA,Neha Banerjee,849512,0xde17e70d9412522917569b9a657eb96cad0b511d,Fortis Memorial Neuro & Trauma Center,0x84f93618C1D541bB1Dcf1373A8eE500A7D439634,Dr. Ananya Roy,NMC-51203,A90,Dengue fever [classical dengue],Infectious Disease,32057.89,25646.32,1602.89,15%,Approved & Settled,Ledger Verified & Payout Secured,Active - Full Disclosure,Diagnosis; Lab Reports; Itemized Pharmacy Bill,Insurance Claim Adjudication & Pre-Auth Verification,24 Hours (Statutory Emergency Window),AES-256-GCM,vault-transit-key-0xde17e70d,Qm159e71ebb2e70c7c357fb44d45f169823d2d7538bdc1,0.0.4891024,3312,2026-09-13 11:56:39 UTC,0x97111c009862093baf338f456cc3f2d5896d595b27748abe0202284f51e3d674,0.0001
CLM-00313,POL-ICIC-849513-666,ICICI Lombard General Insurance,0x90F79bf6EB2c4f870365E785982E1f101E93b906,IRDAI-REG-115,Vidal Health TPA,Gautam Patel,849513,0xf8ba8b9d040b6e8591c5338e292481b18917fdde,Apex Diagnostic & Pathology Hub,0x04Fee3FD1B338d12FFD6dBD8d66dE1e8e0BB99cB,Dr. Ananya Roy,NMC-51203,C50.919,Malignant neoplasm of female breast,Oncology,352428.22,0.0,5000.0,20%,Pending Adjudication,Audit Logged - Under Verification,Active - Time-Bound Access,Emergency Admission Record; Diagnostic Imaging CT/MRI,Insurance Claim Adjudication & Pre-Auth Verification,24 Hours (Statutory Emergency Window),AES-256-GCM,vault-transit-key-0xf8ba8b9d,Qmb930dc80031fbb46e55576b47a8262c40f5f3f60a9e1,0.0.4891024,3313,2026-09-13 11:56:41 UTC,0x820408dc3172a7d5ce78b581f62d88d3e52a7b0a926d606a7989eb2b40b98d13,0.0001
CLM-00314,POL-HDFC-849514-504,HDFC ERGO Health Insurance,0x3C44CdDdB6a900fa2b585dd299e03d12FA4293BC,IRDAI-REG-146,Paramount TPA,Amit Saxena,849514,0x0c68a9b7efaf09203811caaaedc431f54f898f9d,Care & Cure Pediatric & Maternity Hospital,0x937F51E09477BfD31E56c5e533038a8eEAc096b7,Dr. Vikram Seth,NMC-99014,I21.9,"Acute myocardial infarction, unspecified",Cardiology,320031.19,315031.19,5000.0,0%,Approved & Settled,Ledger Verified & Payout Secured,Active - Full Disclosure,Diagnosis; Lab Reports; Itemized Pharmacy Bill,Insurance Claim Adjudication & Pre-Auth Verification,24 Hours (Statutory Emergency Window),AES-256-GCM,vault-transit-key-0x0c68a9b7,Qmc8ba31883e713a9f066f97646797deefd1eaa23c107c,0.0.4891024,3314,2026-09-13 11:56:43 UTC,0x5cff9ce904eec3e89f8b45a3338e02164d0d70b89fb8913c0fd345a95c274143,0.0001
CLM-00315,POL-HDFC-849515-229,HDFC ERGO Health Insurance,0x3C44CdDdB6a900fa2b585dd299e03d12FA4293BC,IRDAI-REG-146,Paramount TPA,Vikas Nair,849515,0x9c03b27d663f2232355430a292669db8fc727845,Max Super Speciality Cancer Institute,0x28B7eA94B34C8F52D19E50Eb14769Da20F5D54b4,Dr. Sunita Narang,NMC-90812,C50.919,Malignant neoplasm of female breast,Oncology,349297.58,0.0,5000.0,0%,Rejected - Policy Exclusion,Rejected with Ledger Audit Reason,Expired / Revoked,Emergency Admission Record; Diagnostic Imaging CT/MRI,Insurance Claim Adjudication & Pre-Auth Verification,24 Hours (Statutory Emergency Window),AES-256-GCM,vault-transit-key-0x9c03b27d,Qmfbdf64cf2c37259ce58d594a59debba72c1ee9dc7f3f,0.0.4891024,3315,2026-09-13 11:56:45 UTC,0x439b6d06cf510370d779111aa752d195c86b2bfbbd81ed52746b78cc5f7fc02c,0.0001
CLM-00316,POL-NIVA-849516-189,Niva Bupa Health Insurance,0x9965507D1a55bcC2695C58ba16FB37d819B0A4dc,IRDAI-REG-145,MDIndia Health TPA,Manish Ghosh,849516,0xaaf579756bde4a055bbf5404d749723199b7e6f4,Fortis Memorial Neuro & Trauma Center,0x84f93618C1D541bB1Dcf1373A8eE500A7D439634,Dr. Vikram Seth,NMC-99014,I21.9,"Acute myocardial infarction, unspecified",Cardiology,263287.93,205630.34,5000.0,20%,Approved & Settled,Ledger Verified & Payout Secured,Active - Full Disclosure,Discharge Summary; Surgical Notes; Lab Reports,Insurance Claim Adjudication & Pre-Auth Verification,24 Hours (Statutory Emergency Window),AES-256-GCM,vault-transit-key-0xaaf57975,Qm206fa68b3509481edb68e014906efa955866be225c6d,0.0.4891024,3316,2026-09-13 11:56:47 UTC,0x38002d2ec18c3b70c166ad56d0f927732bb8ec5fd8c7ba131a7a4c3d5b88833f,0.0001
CLM-00317,POL-STAR-849517-215,Star Health & Allied Insurance,0x70997970C51812dc3A010C7d01b50e0d17dc79C8,IRDAI-REG-129,MediAssist TPA,Yashwanth Malhotra,849517,0x50a7a9228e1573827d71be483940cd29b6c3ec59,Apex Diagnostic & Pathology Hub,0x04Fee3FD1B338d12FFD6dBD8d66dE1e8e0BB99cB,Dr. Rohan Patel,NMC-11029,K21.9,Gastro-esophageal reflux disease,Gastroenterology,13581.24,11544.06,679.06,10%,Approved & Settled,Ledger Verified & Payout Secured,Active - Full Disclosure,Lab Reports; Diagnosis; Treatment History; Discharge Summary,Insurance Claim Adjudication & Pre-Auth Verification,24 Hours (Statutory Emergency Window),AES-256-GCM,vault-transit-key-0x50a7a922,Qm98d94792878688390062e8e32f513a214de4e8d4aad0,0.0.4891024,3317,2026-09-13 11:56:48 UTC,0x591b9db9b905b36ae795678c49c6e4456ea02b347e2506bf66088a52f30a9eec,0.0001
CLM-00318,POL-STAR-849518-998,Star Health & Allied Insurance,0x70997970C51812dc3A010C7d01b50e0d17dc79C8,IRDAI-REG-129,MediAssist TPA,Kiran Gowda,849518,0x8330285e657bf09469520d6bf30f269eb6f8b369,Fortis Memorial Neuro & Trauma Center,0x84f93618C1D541bB1Dcf1373A8eE500A7D439634,Dr. Sunita Narang,NMC-90812,S06.9X0A,Unspecified intracranial injury / Concussion,Trauma & Emergency,124763.56,0.0,5000.0,20%,Pending Adjudication,Audit Logged - Under Verification,Active - Time-Bound Access,Emergency Admission Record; Diagnostic Imaging CT/MRI,Insurance Claim Adjudication & Pre-Auth Verification,24 Hours (Statutory Emergency Window),AES-256-GCM,vault-transit-key-0x8330285e,Qm33d12e06bade9a99b0c03e3754e5efd0e60e505f5756,0.0.4891024,3318,2026-09-13 11:56:50 UTC,0x7f911a18ab8230b10506f4849e160ab1e4415599ffaadd0b579407cf2d95201b,0.0001
CLM-00319,POL-CARE-849519-139,Care Health Insurance (Religare),0x15d34AAf54267DB7D7c367839AAf71A00a2C6A65,IRDAI-REG-148,Heritage Health TPA,Neha Deshmukh,849519,0x4a9d258208f9c230a8cf2f3c5121eac3f4ca9e20,Max Super Speciality Cancer Institute,0x28B7eA94B34C8F52D19E50Eb14769Da20F5D54b4,Dr. Rohan Patel,NMC-11029,K21.9,Gastro-esophageal reflux disease,Gastroenterology,13476.33,0.0,673.82,15%,Pending Adjudication,Audit Logged - Under Verification,Active - Time-Bound Access,Lab Reports; Diagnosis; Treatment History; Discharge Summary,Insurance Claim Adjudication & Pre-Auth Verification,24 Hours (Statutory Emergency Window),AES-256-GCM,vault-transit-key-0x4a9d2582,Qm55d6d2e15a4d6a31d6663b221fa8f7d9b943cb55a44b,0.0.4891024,3319,2026-09-13 11:56:53 UTC,0x6311149b664be2e5a40b28391a7d5c1e310cfa2e7da535cce7384fd6680b96dc,0.0001
CLM-00320,POL-ICIC-849520-418,ICICI Lombard General Insurance,0x90F79bf6EB2c4f870365E785982E1f101E93b906,IRDAI-REG-115,Vidal Health TPA,Rakesh Swaminathan,849520,0xb771fbbb93f7ead44c6eccf43f49dfd5aefd3bbb,Apollo Multispecialty Hospital,0x155Af6ECaFb48861dA7d16Fb8Af2f6ce9d6DD779,Dr. Vikram Seth,NMC-99014,G40.909,"Epilepsy, unspecified, without status epilepticus",Neurology,43098.55,0.0,2154.93,20%,Awaiting Patient Consent Approval,Access Requested via Ledger,Pending Patient Authorization,Lab Reports; Diagnosis; Treatment History; Discharge Summary,Insurance Claim Adjudication & Pre-Auth Verification,24 Hours (Statutory Emergency Window),AES-256-GCM,vault-transit-key-0xb771fbbb,Qm8aed970e46c74e62ff97f18aa3a82182ef84b414b270,0.0.4891024,3320,2026-09-13 11:56:54 UTC,0x98220033cd1c863dd7b99c502fb9b926927f3ead9b4e38130fa3a11059ad6c87,0.0001
CLM-00321,POL-CARE-849521-719,Care Health Insurance (Religare),0x15d34AAf54267DB7D7c367839AAf71A00a2C6A65,IRDAI-REG-148,Heritage Health TPA,Kavya Choudhury,849521,0xc0681718cb1f9714e506951d000119fae77a8024,Fortis Memorial Neuro & Trauma Center,0x84f93618C1D541bB1Dcf1373A8eE500A7D439634,Dr. Vikram Seth,NMC-99014,K21.9,Gastro-esophageal reflux disease,Gastroenterology,14881.25,12649.07,744.06,10%,Approved & Settled,Ledger Verified & Payout Secured,Active - Full Disclosure,Emergency Admission Record; Diagnostic Imaging CT/MRI,Insurance Claim Adjudication & Pre-Auth Verification,24 Hours (Statutory Emergency Window),AES-256-GCM,vault-transit-key-0xc0681718,Qm3d0ab2af251efa76dea71b31ef4b42cdecb14e14ae66,0.0.4891024,3321,2026-09-13 11:56:56 UTC,0xe39c0e42ac67e9a02e2be861c26517785d5b3e0030f1251ecbf72c635e331a14,0.0001
CLM-00322,POL-ICIC-849522-167,ICICI Lombard General Insurance,0x90F79bf6EB2c4f870365E785982E1f101E93b906,IRDAI-REG-115,Vidal Health TPA,Chetan Mukherjee,849522,0x0c765fd30404306437396a8ddbb85e507c76e6de,Apollo Multispecialty Hospital,0x155Af6ECaFb48861dA7d16Fb8Af2f6ce9d6DD779,Dr. Rohan Patel,NMC-11029,E11.9,Type 2 diabetes mellitus without complications,Endocrinology,19240.1,14430.08,962.0,20%,Approved & Settled,Ledger Verified & Payout Secured,Active - Full Disclosure,Lab Reports; Diagnosis; Treatment History; Discharge Summary,Insurance Claim Adjudication & Pre-Auth Verification,24 Hours (Statutory Emergency Window),AES-256-GCM,vault-transit-key-0x0c765fd3,Qmb311f38933d395d777bdbd9e0aebf6cc54c49183f491,0.0.4891024,3322,2026-09-13 11:56:58 UTC,0x50e41efefd31f32cb9adc71f7f87859f16fe2de5bbed18a576a2585e43c5a24e,0.0001
CLM-00323,POL-HDFC-849523-567,HDFC ERGO Health Insurance,0x3C44CdDdB6a900fa2b585dd299e03d12FA4293BC,IRDAI-REG-146,Paramount TPA,Nikhil Swaminathan,849523,0xa6338cf3b7f22b2d73e1b0a3f155950a344b9a23,Apollo Multispecialty Hospital,0x155Af6ECaFb48861dA7d16Fb8Af2f6ce9d6DD779,Dr. Rajesh Sharma,NMC-78491,I10,Essential (primary) hypertension,Cardiology,26298.42,0.0,1314.92,15%,Pending Adjudication,Audit Logged - Under Verification,Active - Time-Bound Access,Discharge Summary; Surgical Notes; Lab Reports,Insurance Claim Adjudication & Pre-Auth Verification,24 Hours (Statutory Emergency Window),AES-256-GCM,vault-transit-key-0xa6338cf3,Qmd031a8a1b753ccbfb1afc5d93d13cfd2c4e1d02f4580,0.0.4891024,3323,2026-09-13 11:57:00 UTC,0x04c7fb3265c2340b4aaf2f5041095438827ee07844a5649353281e1fa8a88ce6,0.0001
CLM-00324,POL-CARE-849524-347,Care Health Insurance (Religare),0x15d34AAf54267DB7D7c367839AAf71A00a2C6A65,IRDAI-REG-148,Heritage Health TPA,Yashwanth Mishra,849524,0x26f22eee5a9d44d4a5512bfc14f7b64e4cd9d5e5,Apollo Multispecialty Hospital,0x155Af6ECaFb48861dA7d16Fb8Af2f6ce9d6DD779,Dr. Preeti Deshmukh,NMC-82194,I10,Essential (primary) hypertension,Cardiology,30426.89,22820.17,1521.34,20%,Approved & Settled,Ledger Verified & Payout Secured,Active - Full Disclosure,Emergency Admission Record; Diagnostic Imaging CT/MRI,Insurance Claim Adjudication & Pre-Auth Verification,24 Hours (Statutory Emergency Window),AES-256-GCM,vault-transit-key-0x26f22eee,Qmf3143dc32ce9c97ca736758ff70e3da0a6ae40bb5659,0.0.4891024,3324,2026-09-13 11:57:02 UTC,0x662984427a9ec41bd29d281405d5cc5bd5ec88742ad3f0dc4347cb31127764dc,0.0001
CLM-00325,POL-ICIC-849525-866,ICICI Lombard General Insurance,0x90F79bf6EB2c4f870365E785982E1f101E93b906,IRDAI-REG-115,Vidal Health TPA,Harish Bhatia,849525,0x151c0b224ee2c517fa5c84109762b044e1732567,Max Super Speciality Cancer Institute,0x28B7eA94B34C8F52D19E50Eb14769Da20F5D54b4,Dr. Sunita Narang,NMC-90812,G40.909,"Epilepsy, unspecified, without status epilepticus",Neurology,53503.45,50828.28,2675.17,0%,Approved & Settled,Ledger Verified & Payout Secured,Active - Full Disclosure,Emergency Admission Record; Diagnostic Imaging CT/MRI,Insurance Claim Adjudication & Pre-Auth Verification,24 Hours (Statutory Emergency Window),AES-256-GCM,vault-transit-key-0x151c0b22,Qm345e694b4559155c10cb2ace759d2df3a824b3236349,0.0.4891024,3325,2026-09-13 11:57:04 UTC,0x3b158521414af108eb86421de3932328ae9b729b19fec6cfdf0e13af22bef6dd,0.0001
CLM-00326,POL-NIVA-849526-762,Niva Bupa Health Insurance,0x9965507D1a55bcC2695C58ba16FB37d819B0A4dc,IRDAI-REG-145,MDIndia Health TPA,Meera Mukherjee,849526,0x3ae75abda0dc17e19a284684764724d6cde9048f,Max Super Speciality Cancer Institute,0x28B7eA94B34C8F52D19E50Eb14769Da20F5D54b4,Dr. Sunita Narang,NMC-90812,C50.919,Malignant neoplasm of female breast,Oncology,380494.16,337444.74,5000.0,10%,Approved & Settled,Ledger Verified & Payout Secured,Active - Full Disclosure,Emergency Admission Record; Diagnostic Imaging CT/MRI,Insurance Claim Adjudication & Pre-Auth Verification,24 Hours (Statutory Emergency Window),AES-256-GCM,vault-transit-key-0x3ae75abd,Qmc4304fcee7bff216bac49ab52d65e2982ea23596bc97,0.0.4891024,3326,2026-09-13 11:57:06 UTC,0xace96c9723387350411ea6a7d57ecb919f3ad635cac6e8ec0dae115b05c38b6c,0.0001
CLM-00327,POL-STAR-849527-715,Star Health & Allied Insurance,0x70997970C51812dc3A010C7d01b50e0d17dc79C8,IRDAI-REG-129,MediAssist TPA,Aditi Mukherjee,849527,0x868970ec13712b54917859403586d69601edcc4a,Care & Cure Pediatric & Maternity Hospital,0x937F51E09477BfD31E56c5e533038a8eEAc096b7,Dr. Rajesh Sharma,NMC-78491,E11.9,Type 2 diabetes mellitus without complications,Endocrinology,23317.2,19819.62,1165.86,10%,Approved & Settled,Ledger Verified & Payout Secured,Active - Full Disclosure,Discharge Summary; Surgical Notes; Lab Reports,Insurance Claim Adjudication & Pre-Auth Verification,24 Hours (Statutory Emergency Window),AES-256-GCM,vault-transit-key-0x868970ec,Qm26ae25533a45a40022506a55ff7d967924db09a4c9cb,0.0.4891024,3327,2026-09-13 11:57:08 UTC,0xf0f70f326a51eb4d739ff433bee214b36b14f1bcca47d35e2581437af5a9ea34,0.0001
CLM-00328,POL-CARE-849528-323,Care Health Insurance (Religare),0x15d34AAf54267DB7D7c367839AAf71A00a2C6A65,IRDAI-REG-148,Heritage Health TPA,Rakesh Kapoor,849528,0xb7a4fa2ac7b9ccdeaf22de2d99dbb730acde1673,Fortis Memorial Neuro & Trauma Center,0x84f93618C1D541bB1Dcf1373A8eE500A7D439634,Dr. Ananya Roy,NMC-51203,G40.909,"Epilepsy, unspecified, without status epilepticus",Neurology,46620.59,34965.44,2331.03,20%,Approved & Settled,Ledger Verified & Payout Secured,Active - Full Disclosure,Lab Reports; Diagnosis; Treatment History; Discharge Summary,Insurance Claim Adjudication & Pre-Auth Verification,24 Hours (Statutory Emergency Window),AES-256-GCM,vault-transit-key-0xb7a4fa2a,Qm4f6b62a7148b64d186424601f92e3fa3da8c49ca0706,0.0.4891024,3328,2026-09-13 11:57:10 UTC,0x3304f85a4842cb7d783754e9d8d7b2883a30dcf4fae7c87fbfdcb7e62c8a8713,0.0001
CLM-00329,POL-NIVA-849529-800,Niva Bupa Health Insurance,0x9965507D1a55bcC2695C58ba16FB37d819B0A4dc,IRDAI-REG-145,MDIndia Health TPA,Shreya Pandey,849529,0x24e886be216182fb6559365e806040d6ed858923,Apex Diagnostic & Pathology Hub,0x04Fee3FD1B338d12FFD6dBD8d66dE1e8e0BB99cB,Dr. Vikram Seth,NMC-99014,G40.909,"Epilepsy, unspecified, without status epilepticus",Neurology,39843.18,37851.02,1992.16,0%,Approved & Settled,Ledger Verified & Payout Secured,Active - Full Disclosure,Discharge Summary; Surgical Notes; Lab Reports,Insurance Claim Adjudication & Pre-Auth Verification,24 Hours (Statutory Emergency Window),AES-256-GCM,vault-transit-key-0x24e886be,Qm0981599b92b45e7a876d87e2398cbeb8f3aeb9b7f2d6,0.0.4891024,3329,2026-09-13 11:57:12 UTC,0x6f74f063e7dcd0d1e48ead0f7fb91edd0595f596421a345c9a3817ba7dc3e4fd,0.0001
CLM-00330,POL-ICIC-849530-292,ICICI Lombard General Insurance,0x90F79bf6EB2c4f870365E785982E1f101E93b906,IRDAI-REG-115,Vidal Health TPA,Sakshi Mukherjee,849530,0x99ee6c3ac1133ae941d9804b36309913ce8e27ad,Fortis Memorial Neuro & Trauma Center,0x84f93618C1D541bB1Dcf1373A8eE500A7D439634,Dr. Preeti Deshmukh,NMC-82194,G40.909,"Epilepsy, unspecified, without status epilepticus",Neurology,40633.66,0.0,2031.68,10%,Awaiting Patient Consent Approval,Access Requested via Ledger,Pending Patient Authorization,Emergency Admission Record; Diagnostic Imaging CT/MRI,Insurance Claim Adjudication & Pre-Auth Verification,24 Hours (Statutory Emergency Window),AES-256-GCM,vault-transit-key-0x99ee6c3a,Qmc408cc03ba8c40ba8956f7429918a4a70fb207d841f5,0.0.4891024,3330,2026-09-13 11:57:14 UTC,0x1f4dc23cb1f08414099239708b515bc2541495f516e08c374ce0fcbf1a0cca75,0.0001
CLM-00331,POL-HDFC-849531-402,HDFC ERGO Health Insurance,0x3C44CdDdB6a900fa2b585dd299e03d12FA4293BC,IRDAI-REG-146,Paramount TPA,Sakshi Shetty,849531,0x617c00782a79cc0543ad3ad4888d9e091928cf78,Apollo Multispecialty Hospital,0x155Af6ECaFb48861dA7d16Fb8Af2f6ce9d6DD779,Dr. Preeti Deshmukh,NMC-82194,A90,Dengue fever [classical dengue],Infectious Disease,32535.74,24401.8,1626.79,20%,Approved & Settled,Ledger Verified & Payout Secured,Active - Full Disclosure,Lab Reports; Diagnosis; Treatment History; Discharge Summary,Insurance Claim Adjudication & Pre-Auth Verification,24 Hours (Statutory Emergency Window),AES-256-GCM,vault-transit-key-0x617c0078,Qm68038000d6b1870ce7a44ee6bbeef7a9913bfecbb875,0.0.4891024,3331,2026-09-13 11:57:16 UTC,0x22bdde53e3f0da24ab6b8668585a131c04179517e9be74396e2292d6a3de29d1,0.0001
CLM-00332,POL-HDFC-849532-802,HDFC ERGO Health Insurance,0x3C44CdDdB6a900fa2b585dd299e03d12FA4293BC,IRDAI-REG-146,Paramount TPA,Kiran Ghosh,849532,0x3a903dfc76126373770ffe1f94571b74661091a1,Fortis Memorial Neuro & Trauma Center,0x84f93618C1D541bB1Dcf1373A8eE500A7D439634,Dr. Preeti Deshmukh,NMC-82194,C50.919,Malignant neoplasm of female breast,Oncology,433422.6,0.0,5000.0,20%,Awaiting Patient Consent Approval,Access Requested via Ledger,Pending Patient Authorization,Discharge Summary; Surgical Notes; Lab Reports,Insurance Claim Adjudication & Pre-Auth Verification,24 Hours (Statutory Emergency Window),AES-256-GCM,vault-transit-key-0x3a903dfc,Qm94848ed0ae477740518003c6a72a60058d3b37762968,0.0.4891024,3332,2026-09-13 11:57:18 UTC,0x5742d6c2cbc6d4e11a61f6e8d65b15750e5a96b27778e3554aac9ddf8ad0d19a,0.0001
CLM-00333,POL-HDFC-849533-199,HDFC ERGO Health Insurance,0x3C44CdDdB6a900fa2b585dd299e03d12FA4293BC,IRDAI-REG-146,Paramount TPA,Rohan Mukherjee,849533,0xa3a0e314182b9574b5a633ead0d6cfa3383e774f,Apex Diagnostic & Pathology Hub,0x04Fee3FD1B338d12FFD6dBD8d66dE1e8e0BB99cB,Dr. Rajesh Sharma,NMC-78491,G40.909,"Epilepsy, unspecified, without status epilepticus",Neurology,46697.76,0.0,2334.89,15%,Pending Adjudication,Audit Logged - Under Verification,Active - Time-Bound Access,Diagnosis; Lab Reports; Itemized Pharmacy Bill,Insurance Claim Adjudication & Pre-Auth Verification,24 Hours (Statutory Emergency Window),AES-256-GCM,vault-transit-key-0xa3a0e314,Qma3c604d823701a83a289acfcf4d06d84655b26068bee,0.0.4891024,3333,2026-09-13 11:57:20 UTC,0x1a171651e518f1bee9ef8f95f12ac724d4ca54fd7a2e39d3e28eb496fb653335,0.0001
CLM-00334,POL-STAR-849534-862,Star Health & Allied Insurance,0x70997970C51812dc3A010C7d01b50e0d17dc79C8,IRDAI-REG-129,MediAssist TPA,Sameer Kulkarni,849534,0xc1f9438534cd910dc0c2196800a31eb61a1eec10,Max Super Speciality Cancer Institute,0x28B7eA94B34C8F52D19E50Eb14769Da20F5D54b4,Dr. Vikram Seth,NMC-99014,C50.919,Malignant neoplasm of female breast,Oncology,491014.91,0.0,5000.0,20%,Pending Adjudication,Audit Logged - Under Verification,Active - Time-Bound Access,Discharge Summary; Surgical Notes; Lab Reports,Insurance Claim Adjudication & Pre-Auth Verification,24 Hours (Statutory Emergency Window),AES-256-GCM,vault-transit-key-0xc1f94385,Qm3e91210cd86301be031c4837526227d2fd31019094fc,0.0.4891024,3334,2026-09-13 11:57:21 UTC,0x0397f33b490fafae843d7498154ccdb04515d89c951c8a8b9306799d37c13f1b,0.0001
CLM-00335,POL-ICIC-849535-581,ICICI Lombard General Insurance,0x90F79bf6EB2c4f870365E785982E1f101E93b906,IRDAI-REG-115,Vidal Health TPA,Rahul Saxena,849535,0x9da529b381e3ad3b8c5c5fdbcd6d243cbc3d2667,Care & Cure Pediatric & Maternity Hospital,0x937F51E09477BfD31E56c5e533038a8eEAc096b7,Dr. Sunita Narang,NMC-90812,I21.9,"Acute myocardial infarction, unspecified",Cardiology,226417.88,221417.88,5000.0,0%,Approved & Settled,Ledger Verified & Payout Secured,Active - Full Disclosure,Diagnosis; Lab Reports; Itemized Pharmacy Bill,Insurance Claim Adjudication & Pre-Auth Verification,24 Hours (Statutory Emergency Window),AES-256-GCM,vault-transit-key-0x9da529b3,Qmfd86f53b70acdeddf191aad2b73143405d472c2e9007,0.0.4891024,3335,2026-09-13 11:57:23 UTC,0xb49d4db81286832b0645d582c1a95b3b0423f53d3baebe301c50afd646fe6148,0.0001
CLM-00336,POL-CARE-849536-155,Care Health Insurance (Religare),0x15d34AAf54267DB7D7c367839AAf71A00a2C6A65,IRDAI-REG-148,Heritage Health TPA,Ishaan Mukherjee,849536,0x8e89a469ada54c82956a3fe3135ab3f09652be1f,Apex Diagnostic & Pathology Hub,0x04Fee3FD1B338d12FFD6dBD8d66dE1e8e0BB99cB,Dr. Vikram Seth,NMC-99014,K21.9,Gastro-esophageal reflux disease,Gastroenterology,16148.53,13726.25,807.43,10%,Approved & Settled,Ledger Verified & Payout Secured,Active - Full Disclosure,Diagnosis; Lab Reports; Itemized Pharmacy Bill,Insurance Claim Adjudication & Pre-Auth Verification,24 Hours (Statutory Emergency Window),AES-256-GCM,vault-transit-key-0x8e89a469,Qmb2531bf5d0b5abe2e54506099a445fa60c2a26589cbf,0.0.4891024,3336,2026-09-13 11:57:25 UTC,0xc2aa72be63b9bd8c474cbc27fbbbb55f58bb95582caca2bde4beff3ae5c4da72,0.0001
CLM-00337,POL-CARE-849537-897,Care Health Insurance (Religare),0x15d34AAf54267DB7D7c367839AAf71A00a2C6A65,IRDAI-REG-148,Heritage Health TPA,Tanvi Saxena,849537,0x7e163c66cdbcb783d420dee07c56e917b7ecd619,Max Super Speciality Cancer Institute,0x28B7eA94B34C8F52D19E50Eb14769Da20F5D54b4,Dr. Vikram Seth,NMC-99014,E11.9,Type 2 diabetes mellitus without complications,Endocrinology,17322.76,0.0,866.14,15%,Pending Adjudication,Audit Logged - Under Verification,Active - Time-Bound Access,Diagnosis; Lab Reports; Itemized Pharmacy Bill,Insurance Claim Adjudication & Pre-Auth Verification,24 Hours (Statutory Emergency Window),AES-256-GCM,vault-transit-key-0x7e163c66,Qm8ca65068397a744bcc1a944673f4e6ad0371705c667b,0.0.4891024,3337,2026-09-13 11:57:27 UTC,0xf0c2b69d1b5c0f6bf3f68b4dd96ba1b355fe3811f29a2591b99b5afd73c9e111,0.0001
CLM-00338,POL-CARE-849538-690,Care Health Insurance (Religare),0x15d34AAf54267DB7D7c367839AAf71A00a2C6A65,IRDAI-REG-148,Heritage Health TPA,Arjun Sharma,849538,0xf2ca7a413621cf1644bac2f91bceec23391dc115,Fortis Memorial Neuro & Trauma Center,0x84f93618C1D541bB1Dcf1373A8eE500A7D439634,Dr. Rajesh Sharma,NMC-78491,E11.9,Type 2 diabetes mellitus without complications,Endocrinology,23014.33,0.0,1150.72,20%,Pending Adjudication,Audit Logged - Under Verification,Active - Time-Bound Access,Lab Reports; Diagnosis; Treatment History; Discharge Summary,Insurance Claim Adjudication & Pre-Auth Verification,24 Hours (Statutory Emergency Window),AES-256-GCM,vault-transit-key-0xf2ca7a41,Qmbf24bf9c035ddaa49b404ee6b77453824bf01e9c7639,0.0.4891024,3338,2026-09-13 11:57:29 UTC,0x43cbc9f75fba6096bad4a2e7731041235fcd0b087a528dec47a3681948615165,0.0001
CLM-00339,POL-CARE-849539-492,Care Health Insurance (Religare),0x15d34AAf54267DB7D7c367839AAf71A00a2C6A65,IRDAI-REG-148,Heritage Health TPA,Nandini Kapoor,849539,0x72dd8302b4f0f954e4759354a5bdb73cccc64cc9,Care & Cure Pediatric & Maternity Hospital,0x937F51E09477BfD31E56c5e533038a8eEAc096b7,Dr. Ananya Roy,NMC-51203,A90,Dengue fever [classical dengue],Infectious Disease,28867.24,0.0,1443.36,10%,Pending Adjudication,Audit Logged - Under Verification,Active - Time-Bound Access,Lab Reports; Diagnosis; Treatment History; Discharge Summary,Insurance Claim Adjudication & Pre-Auth Verification,24 Hours (Statutory Emergency Window),AES-256-GCM,vault-transit-key-0x72dd8302,Qmdc7db3401c5650283ad6c5beda46ae3a1fe638a6c297,0.0.4891024,3339,2026-09-13 11:57:31 UTC,0xbab8c1e548b163a323ec536e13a62a8c0f2d7231fb0b68abfc8f863aa26f6694,0.0001
CLM-00340,POL-STAR-849540-331,Star Health & Allied Insurance,0x70997970C51812dc3A010C7d01b50e0d17dc79C8,IRDAI-REG-129,MediAssist TPA,Chetan Iyer,849540,0xf719a6f3d489147e3b5bf8d2fe111caa1e8f7474,Apollo Multispecialty Hospital,0x155Af6ECaFb48861dA7d16Fb8Af2f6ce9d6DD779,Dr. Preeti Deshmukh,NMC-82194,C50.919,Malignant neoplasm of female breast,Oncology,460592.73,386503.82,5000.0,15%,Approved & Settled,Ledger Verified & Payout Secured,Active - Full Disclosure,Lab Reports; Diagnosis; Treatment History; Discharge Summary,Insurance Claim Adjudication & Pre-Auth Verification,24 Hours (Statutory Emergency Window),AES-256-GCM,vault-transit-key-0xf719a6f3,Qm1cb7f078cba98a8a0529fc1c5d4895a6693de42cfd68,0.0.4891024,3340,2026-09-13 11:57:33 UTC,0x40cc8ae7c979d4601af472cc859d991b3b65aa92281390b156e4bd5ccc00f47f,0.0001
CLM-00341,POL-ICIC-849541-405,ICICI Lombard General Insurance,0x90F79bf6EB2c4f870365E785982E1f101E93b906,IRDAI-REG-115,Vidal Health TPA,Bhavna Saxena,849541,0xca665f0bfbf83f5f39fcc86e4a9e2c1255bb3288,Max Super Speciality Cancer Institute,0x28B7eA94B34C8F52D19E50Eb14769Da20F5D54b4,Dr. Sarah Jenkins,NMC-48192,I10,Essential (primary) hypertension,Cardiology,37814.04,0.0,1890.7,20%,Pending Adjudication,Audit Logged - Under Verification,Active - Time-Bound Access,Discharge Summary; Surgical Notes; Lab Reports,Insurance Claim Adjudication & Pre-Auth Verification,24 Hours (Statutory Emergency Window),AES-256-GCM,vault-transit-key-0xca665f0b,Qm7f2dca3ce711921ff8607eea95404d641918ab85e4d0,0.0.4891024,3341,2026-09-13 11:57:35 UTC,0x38c099510e96d49cd0d88c061ce8b83ae4f8f633ec78e3a3d1d763050aa0f8b3,0.0001
CLM-00342,POL-CARE-849542-268,Care Health Insurance (Religare),0x15d34AAf54267DB7D7c367839AAf71A00a2C6A65,IRDAI-REG-148,Heritage Health TPA,Kavya Mehta,849542,0xe3f1e12b62c75eedca5d35e43b0f4d95fbfca220,Fortis Memorial Neuro & Trauma Center,0x84f93618C1D541bB1Dcf1373A8eE500A7D439634,Dr. Sunita Narang,NMC-90812,C50.919,Malignant neoplasm of female breast,Oncology,504122.42,398297.94,5000.0,20%,Approved & Settled,Ledger Verified & Payout Secured,Active - Full Disclosure,Diagnosis; Lab Reports; Itemized Pharmacy Bill,Insurance Claim Adjudication & Pre-Auth Verification,24 Hours (Statutory Emergency Window),AES-256-GCM,vault-transit-key-0xe3f1e12b,Qm34eabbb461ad5fbf76c8784d0a79cd61748815932066,0.0.4891024,3342,2026-09-13 11:57:36 UTC,0xc6cb23fe6a66c25464a0a3b690b49c0d81be00fbc5d54540ab0566d55d52e336,0.0001
CLM-00343,POL-STAR-849543-226,Star Health & Allied Insurance,0x70997970C51812dc3A010C7d01b50e0d17dc79C8,IRDAI-REG-129,MediAssist TPA,Pooja Menon,849543,0x479c694b8b5672b204450eaf157d2b432394889d,Apex Diagnostic & Pathology Hub,0x04Fee3FD1B338d12FFD6dBD8d66dE1e8e0BB99cB,Dr. Rohan Patel,NMC-11029,E11.9,Type 2 diabetes mellitus without complications,Endocrinology,19701.87,18716.78,985.09,0%,Approved & Settled,Ledger Verified & Payout Secured,Active - Full Disclosure,Discharge Summary; Surgical Notes; Lab Reports,Insurance Claim Adjudication & Pre-Auth Verification,24 Hours (Statutory Emergency Window),AES-256-GCM,vault-transit-key-0x479c694b,Qm54a1ba37b26795fb1640d27f70d90a39c5cc44dd5f44,0.0.4891024,3343,2026-09-13 11:57:39 UTC,0xad3cd44329f242116e6c80295393cda43ff2f196d7411573f5b64dfcdb56fd4e,0.0001
CLM-00344,POL-NIVA-849544-769,Niva Bupa Health Insurance,0x9965507D1a55bcC2695C58ba16FB37d819B0A4dc,IRDAI-REG-145,MDIndia Health TPA,Nandini Verma,849544,0x0bd6a6f58e374d9f4d9c3c9fbff9376d570aa4e5,Apollo Multispecialty Hospital,0x155Af6ECaFb48861dA7d16Fb8Af2f6ce9d6DD779,Dr. Preeti Deshmukh,NMC-82194,I21.9,"Acute myocardial infarction, unspecified",Cardiology,312682.23,0.0,5000.0,0%,Pending Adjudication,Audit Logged - Under Verification,Active - Time-Bound Access,Emergency Admission Record; Diagnostic Imaging CT/MRI,Insurance Claim Adjudication & Pre-Auth Verification,24 Hours (Statutory Emergency Window),AES-256-GCM,vault-transit-key-0x0bd6a6f5,Qm74446a06e8f731003c41de1e8073608e267fc9ed1ab5,0.0.4891024,3344,2026-09-13 11:57:41 UTC,0xabc22464885c68cd20de983562b132ed352578e306d854fa6d74b8f5b3fb4f42,0.0001
CLM-00345,POL-NIVA-849545-310,Niva Bupa Health Insurance,0x9965507D1a55bcC2695C58ba16FB37d819B0A4dc,IRDAI-REG-145,MDIndia Health TPA,Siddharth Reddy,849545,0xbc70333445a323a99f89d213034fbb7350fcdcae,Fortis Memorial Neuro & Trauma Center,0x84f93618C1D541bB1Dcf1373A8eE500A7D439634,Dr. Ananya Roy,NMC-51203,E11.9,Type 2 diabetes mellitus without complications,Endocrinology,22437.47,21315.6,1121.87,0%,Approved & Settled,Ledger Verified & Payout Secured,Active - Full Disclosure,Lab Reports; Diagnosis; Treatment History; Discharge Summary,Insurance Claim Adjudication & Pre-Auth Verification,24 Hours (Statutory Emergency Window),AES-256-GCM,vault-transit-key-0xbc703334,Qmfd51a3f553fc502bc8df014a2ab04f6099515692138d,0.0.4891024,3345,2026-09-13 11:57:43 UTC,0xe7c68cafba2f88804b294d248e589d5032adc7097483e6a5f43dc58eda44d5e3,0.0001
CLM-00346,POL-NIVA-849546-528,Niva Bupa Health Insurance,0x9965507D1a55bcC2695C58ba16FB37d819B0A4dc,IRDAI-REG-145,MDIndia Health TPA,Chetan Deshmukh,849546,0x5a3d5cbb36537f9a066215503c51d4e5f39e351e,Apex Diagnostic & Pathology Hub,0x04Fee3FD1B338d12FFD6dBD8d66dE1e8e0BB99cB,Dr. Preeti Deshmukh,NMC-82194,E11.9,Type 2 diabetes mellitus without complications,Endocrinology,23565.18,22386.92,1178.26,0%,Approved & Settled,Ledger Verified & Payout Secured,Active - Full Disclosure,Lab Reports; Diagnosis; Treatment History; Discharge Summary,Insurance Claim Adjudication & Pre-Auth Verification,24 Hours (Statutory Emergency Window),AES-256-GCM,vault-transit-key-0x5a3d5cbb,Qm257ce4062e7da794d849bd1c8a539cb8f2e9b346fa56,0.0.4891024,3346,2026-09-13 11:57:44 UTC,0x831d98cbd6949c2ca5441b1b085f2246e6d3836bd50b25fd71d0f39461ae6e85,0.0001
CLM-00347,POL-STAR-849547-896,Star Health & Allied Insurance,0x70997970C51812dc3A010C7d01b50e0d17dc79C8,IRDAI-REG-129,MediAssist TPA,Ishaan Hegde,849547,0x7e85014929d51f527ace32ee5a5ed9d5cf9215f7,Care & Cure Pediatric & Maternity Hospital,0x937F51E09477BfD31E56c5e533038a8eEAc096b7,Dr. Rajesh Sharma,NMC-78491,C50.919,Malignant neoplasm of female breast,Oncology,386971.96,343274.76,5000.0,10%,Approved & Settled,Ledger Verified & Payout Secured,Active - Full Disclosure,Emergency Admission Record; Diagnostic Imaging CT/MRI,Insurance Claim Adjudication & Pre-Auth Verification,24 Hours (Statutory Emergency Window),AES-256-GCM,vault-transit-key-0x7e850149,Qmf8fc7913921a62c874bfd2e6e12987c7289effcdda51,0.0.4891024,3347,2026-09-13 11:57:46 UTC,0x6bf8d377010ec92cd7a0469a9d77f9db9230d206dcae4f54de0af88e789648d9,0.0001
CLM-00348,POL-NIVA-849548-438,Niva Bupa Health Insurance,0x9965507D1a55bcC2695C58ba16FB37d819B0A4dc,IRDAI-REG-145,MDIndia Health TPA,Meera Verma,849548,0x8e089bd2e2152b646c04810d6735a4fdb5ff6099,Care & Cure Pediatric & Maternity Hospital,0x937F51E09477BfD31E56c5e533038a8eEAc096b7,Dr. Rajesh Sharma,NMC-78491,A90,Dengue fever [classical dengue],Infectious Disease,32176.88,0.0,1608.84,0%,Pending Adjudication,Audit Logged - Under Verification,Active - Time-Bound Access,Lab Reports; Diagnosis; Treatment History; Discharge Summary,Insurance Claim Adjudication & Pre-Auth Verification,24 Hours (Statutory Emergency Window),AES-256-GCM,vault-transit-key-0x8e089bd2,Qmae50be3bf445fa6bd26c1dd8b3fa25d0203f366a2d0f,0.0.4891024,3348,2026-09-13 11:57:48 UTC,0x7c7d8ff79f74f88d9abbc710e1ce957879eb81a178bbfd338f1b66fdfc4d7ae1,0.0001
CLM-00349,POL-STAR-849549-362,Star Health & Allied Insurance,0x70997970C51812dc3A010C7d01b50e0d17dc79C8,IRDAI-REG-129,MediAssist TPA,Anand Gupta,849549,0xca0cc134de5b5567857a3d32f5ee7470d18bf300,Apex Diagnostic & Pathology Hub,0x04Fee3FD1B338d12FFD6dBD8d66dE1e8e0BB99cB,Dr. Sarah Jenkins,NMC-48192,I21.9,"Acute myocardial infarction, unspecified",Cardiology,291538.13,0.0,5000.0,20%,Rejected - Policy Exclusion,Rejected with Ledger Audit Reason,Expired / Revoked,Discharge Summary; Surgical Notes; Lab Reports,Insurance Claim Adjudication & Pre-Auth Verification,24 Hours (Statutory Emergency Window),AES-256-GCM,vault-transit-key-0xca0cc134,Qm1651d26ffdf5e078282a3b3a027d86c1e0b741dd62cb,0.0.4891024,3349,2026-09-13 11:57:50 UTC,0x895b17a33550593be6556835b8bc36e2525fa6a7d45329971793578f0e47de03,0.0001
CLM-00350,POL-STAR-849550-972,Star Health & Allied Insurance,0x70997970C51812dc3A010C7d01b50e0d17dc79C8,IRDAI-REG-129,MediAssist TPA,Yashwanth Verma,849550,0x8fa3cda20369300ad3b66b73732f2304eeece6d3,Max Super Speciality Cancer Institute,0x28B7eA94B34C8F52D19E50Eb14769Da20F5D54b4,Dr. Sunita Narang,NMC-90812,I10,Essential (primary) hypertension,Cardiology,29376.52,23501.21,1468.83,15%,Approved & Settled,Ledger Verified & Payout Secured,Active - Full Disclosure,Lab Reports; Diagnosis; Treatment History; Discharge Summary,Insurance Claim Adjudication & Pre-Auth Verification,24 Hours (Statutory Emergency Window),AES-256-GCM,vault-transit-key-0x8fa3cda2,Qm25e04307243aad3a2efa740d1035dc28b1601e79aaa5,0.0.4891024,3350,2026-09-13 11:57:52 UTC,0x2dea109805adfbc26c45a2a4791475b583aa8e6779821633f4bbebd9efc8f70b,0.0001
CLM-00351,POL-HDFC-849551-548,HDFC ERGO Health Insurance,0x3C44CdDdB6a900fa2b585dd299e03d12FA4293BC,IRDAI-REG-146,Paramount TPA,Ananya Sharma,849551,0x4283f701b8d065524960b64ff973aa2fb83c3c28,Max Super Speciality Cancer Institute,0x28B7eA94B34C8F52D19E50Eb14769Da20F5D54b4,Dr. Vikram Seth,NMC-99014,S06.9X0A,Unspecified intracranial injury / Concussion,Trauma & Emergency,152925.86,0.0,5000.0,15%,Awaiting Patient Consent Approval,Access Requested via Ledger,Pending Patient Authorization,Lab Reports; Diagnosis; Treatment History; Discharge Summary,Insurance Claim Adjudication & Pre-Auth Verification,24 Hours (Statutory Emergency Window),AES-256-GCM,vault-transit-key-0x4283f701,Qm7112439717995cbc20a4a0abe78ae72358b7af139822,0.0.4891024,3351,2026-09-13 11:57:54 UTC,0xa24c4539e65b2a617fce9b3be21d687eeff19ecd1afb83c8299efb30d3bcae44,0.0001
CLM-00352,POL-STAR-849552-378,Star Health & Allied Insurance,0x70997970C51812dc3A010C7d01b50e0d17dc79C8,IRDAI-REG-129,MediAssist TPA,Sameer Nair,849552,0x6b645977a49e3b65f6490970a0aac0ddb5ed41f3,Care & Cure Pediatric & Maternity Hospital,0x937F51E09477BfD31E56c5e533038a8eEAc096b7,Dr. Ananya Roy,NMC-51203,A90,Dengue fever [classical dengue],Infectious Disease,40834.2,0.0,2041.71,20%,Pending Adjudication,Audit Logged - Under Verification,Active - Time-Bound Access,Diagnosis; Lab Reports; Itemized Pharmacy Bill,Insurance Claim Adjudication & Pre-Auth Verification,24 Hours (Statutory Emergency Window),AES-256-GCM,vault-transit-key-0x6b645977,Qm8361c72fb48e3ae7fe3c3f110ad5d5bc25f40b803063,0.0.4891024,3352,2026-09-13 11:57:56 UTC,0x4b2e0f2d38c496e60cc0aad83f4d990f058dc11eece186e88a30a4cd9115ab54,0.0001
CLM-00353,POL-STAR-849553-704,Star Health & Allied Insurance,0x70997970C51812dc3A010C7d01b50e0d17dc79C8,IRDAI-REG-129,MediAssist TPA,Kavya Pillai,849553,0xaa56ec6c7fb0295ddd91aa8954e0265089e1cd89,Max Super Speciality Cancer Institute,0x28B7eA94B34C8F52D19E50Eb14769Da20F5D54b4,Dr. Sarah Jenkins,NMC-48192,K21.9,Gastro-esophageal reflux disease,Gastroenterology,13965.05,10473.79,698.25,20%,Approved & Settled,Ledger Verified & Payout Secured,Active - Full Disclosure,Emergency Admission Record; Diagnostic Imaging CT/MRI,Insurance Claim Adjudication & Pre-Auth Verification,24 Hours (Statutory Emergency Window),AES-256-GCM,vault-transit-key-0xaa56ec6c,Qm79b586fa19bda8fce71b384d42db31e77d309f493d65,0.0.4891024,3353,2026-09-13 11:57:58 UTC,0x4b18e9f62ad73e5a295ec7c403fd7237e9d7785941e6ba9e19aaff6841137c47,0.0001
CLM-00354,POL-HDFC-849554-521,HDFC ERGO Health Insurance,0x3C44CdDdB6a900fa2b585dd299e03d12FA4293BC,IRDAI-REG-146,Paramount TPA,Nandini Sharma,849554,0x88b84eda546923a34f15e157bb6bf68ab49fa15c,Care & Cure Pediatric & Maternity Hospital,0x937F51E09477BfD31E56c5e533038a8eEAc096b7,Dr. Ananya Roy,NMC-51203,I21.9,"Acute myocardial infarction, unspecified",Cardiology,269085.84,264085.84,5000.0,0%,Approved & Settled,Ledger Verified & Payout Secured,Active - Full Disclosure,Discharge Summary; Surgical Notes; Lab Reports,Insurance Claim Adjudication & Pre-Auth Verification,24 Hours (Statutory Emergency Window),AES-256-GCM,vault-transit-key-0x88b84eda,Qmd57aa0cc60b387281fe3b47954a11af00657f6b2e861,0.0.4891024,3354,2026-09-13 11:57:59 UTC,0x3833820bd0e69c91ea7a39648a22f0cb041118b172f29cb0a06594b7e8080c58,0.0001
CLM-00355,POL-NIVA-849555-631,Niva Bupa Health Insurance,0x9965507D1a55bcC2695C58ba16FB37d819B0A4dc,IRDAI-REG-145,MDIndia Health TPA,Chetan Gowda,849555,0xa47fdaf6bdc28446bc0cb8ec58f185e5aa4fddb1,Apex Diagnostic & Pathology Hub,0x04Fee3FD1B338d12FFD6dBD8d66dE1e8e0BB99cB,Dr. Rajesh Sharma,NMC-78491,S06.9X0A,Unspecified intracranial injury / Concussion,Trauma & Emergency,130570.59,125570.59,5000.0,0%,Approved & Settled,Ledger Verified & Payout Secured,Active - Full Disclosure,Diagnosis; Lab Reports; Itemized Pharmacy Bill,Insurance Claim Adjudication & Pre-Auth Verification,24 Hours (Statutory Emergency Window),AES-256-GCM,vault-transit-key-0xa47fdaf6,Qmf0a82dbd8257f37323d3c29942476a5ad08922c6ffcf,0.0.4891024,3355,2026-09-13 11:58:02 UTC,0xd2a7392ed868e88e658a305ded218e74fe16e2653592e5c901b23794659995ec,0.0001
CLM-00356,POL-CARE-849556-111,Care Health Insurance (Religare),0x15d34AAf54267DB7D7c367839AAf71A00a2C6A65,IRDAI-REG-148,Heritage Health TPA,Sanjay Shetty,849556,0x19cfd0f7a2c235e42649b4f49a2231bad392fc17,Max Super Speciality Cancer Institute,0x28B7eA94B34C8F52D19E50Eb14769Da20F5D54b4,Dr. Sunita Narang,NMC-90812,I10,Essential (primary) hypertension,Cardiology,33901.59,28816.35,1695.08,10%,Approved & Settled,Ledger Verified & Payout Secured,Active - Full Disclosure,Emergency Admission Record; Diagnostic Imaging CT/MRI,Insurance Claim Adjudication & Pre-Auth Verification,24 Hours (Statutory Emergency Window),AES-256-GCM,vault-transit-key-0x19cfd0f7,Qmb364b7968f8f02dcb7bcee3b7d7e694f903765adfd52,0.0.4891024,3356,2026-09-13 11:58:04 UTC,0xf6bf1139dc96573478dc25cbedb937e0695bd28b07784e3624801333489ad817,0.0001
CLM-00357,POL-CARE-849557-384,Care Health Insurance (Religare),0x15d34AAf54267DB7D7c367839AAf71A00a2C6A65,IRDAI-REG-148,Heritage Health TPA,Meera Patel,849557,0xa1b3c9a20aca24394c0bebffb05fed2d02fb98ff,Fortis Memorial Neuro & Trauma Center,0x84f93618C1D541bB1Dcf1373A8eE500A7D439634,Dr. Rajesh Sharma,NMC-78491,S06.9X0A,Unspecified intracranial injury / Concussion,Trauma & Emergency,106105.65,90495.08,5000.0,10%,Approved & Settled,Ledger Verified & Payout Secured,Active - Full Disclosure,Emergency Admission Record; Diagnostic Imaging CT/MRI,Insurance Claim Adjudication & Pre-Auth Verification,24 Hours (Statutory Emergency Window),AES-256-GCM,vault-transit-key-0xa1b3c9a2,Qm15be864960e24c795ae9bc8f50163c178e4325fd0e5d,0.0.4891024,3357,2026-09-13 11:58:05 UTC,0x299943f31c5f729baf07be0fbfc1735fe1c1f0e5f00cb7e5c94add7f2c9413b7,0.0001
CLM-00358,POL-CARE-849558-190,Care Health Insurance (Religare),0x15d34AAf54267DB7D7c367839AAf71A00a2C6A65,IRDAI-REG-148,Heritage Health TPA,Priyanka Patel,849558,0x28135b1342e4d6105a63acbcb7a3ff4e5eae9ad2,Care & Cure Pediatric & Maternity Hospital,0x937F51E09477BfD31E56c5e533038a8eEAc096b7,Dr. Sunita Narang,NMC-90812,A90,Dengue fever [classical dengue],Infectious Disease,41134.88,30851.16,2056.74,20%,Approved & Settled,Ledger Verified & Payout Secured,Active - Full Disclosure,Emergency Admission Record; Diagnostic Imaging CT/MRI,Insurance Claim Adjudication & Pre-Auth Verification,24 Hours (Statutory Emergency Window),AES-256-GCM,vault-transit-key-0x28135b13,Qmca38b07f4a06fb9147c46a4407a42f511dcd3e343517,0.0.4891024,3358,2026-09-13 11:58:08 UTC,0xb1193fb437ba202e08c592bf7723344f9dd46865063a625232c6a2ef7e62a49f,0.0001
CLM-00359,POL-CARE-849559-945,Care Health Insurance (Religare),0x15d34AAf54267DB7D7c367839AAf71A00a2C6A65,IRDAI-REG-148,Heritage Health TPA,Aditi Reddy,849559,0x0385985e28692d02025b3a6bf46c2517df9fcde0,Care & Cure Pediatric & Maternity Hospital,0x937F51E09477BfD31E56c5e533038a8eEAc096b7,Dr. Sarah Jenkins,NMC-48192,I10,Essential (primary) hypertension,Cardiology,26815.74,0.0,1340.79,15%,Awaiting Patient Consent Approval,Access Requested via Ledger,Pending Patient Authorization,Diagnosis; Lab Reports; Itemized Pharmacy Bill,Insurance Claim Adjudication & Pre-Auth Verification,24 Hours (Statutory Emergency Window),AES-256-GCM,vault-transit-key-0x0385985e,Qmb0711118882b6345852bb8a11f109d35e796272f1833,0.0.4891024,3359,2026-09-13 11:58:10 UTC,0x4e3a580c290079d5f11bac9a080ee8f3e3672dbff8217f89d7205031e63c4d44,0.0001
CLM-00360,POL-ICIC-849560-964,ICICI Lombard General Insurance,0x90F79bf6EB2c4f870365E785982E1f101E93b906,IRDAI-REG-115,Vidal Health TPA,Yashwanth Mehta,849560,0x882cb8de0bf68df1b71292c3a65f1bdc96bab2b0,Apollo Multispecialty Hospital,0x155Af6ECaFb48861dA7d16Fb8Af2f6ce9d6DD779,Dr. Sunita Narang,NMC-90812,C50.919,Malignant neoplasm of female breast,Oncology,419712.66,0.0,5000.0,20%,Pending Adjudication,Audit Logged - Under Verification,Active - Time-Bound Access,Discharge Summary; Surgical Notes; Lab Reports,Insurance Claim Adjudication & Pre-Auth Verification,24 Hours (Statutory Emergency Window),AES-256-GCM,vault-transit-key-0x882cb8de,Qm0b55bbf5623529e72ad16d5d89a3a45dda34005ded67,0.0.4891024,3360,2026-09-13 11:58:11 UTC,0x72153b2e4a10a2885bc073739d1a2dfc4ae03c76970ece38947c86f2ace2bd4c,0.0001
CLM-00361,POL-HDFC-849561-949,HDFC ERGO Health Insurance,0x3C44CdDdB6a900fa2b585dd299e03d12FA4293BC,IRDAI-REG-146,Paramount TPA,Ishaan Reddy,849561,0xb18c1fd0e186e8b1d606f3a33f7efcc0f4e2d40f,Apollo Multispecialty Hospital,0x155Af6ECaFb48861dA7d16Fb8Af2f6ce9d6DD779,Dr. Vikram Seth,NMC-99014,S06.9X0A,Unspecified intracranial injury / Concussion,Trauma & Emergency,136291.97,110848.17,5000.0,15%,Approved & Settled,Ledger Verified & Payout Secured,Active - Full Disclosure,Discharge Summary; Surgical Notes; Lab Reports,Insurance Claim Adjudication & Pre-Auth Verification,24 Hours (Statutory Emergency Window),AES-256-GCM,vault-transit-key-0xb18c1fd0,Qmc053c223523f2df145193c008dc97a768d5f358d53f5,0.0.4891024,3361,2026-09-13 11:58:13 UTC,0x4c33e2abe1e5d165c86a4042b51b930923f27dbf7dacc26053dc30d0726584fb,0.0001
CLM-00362,POL-HDFC-849562-209,HDFC ERGO Health Insurance,0x3C44CdDdB6a900fa2b585dd299e03d12FA4293BC,IRDAI-REG-146,Paramount TPA,Ananya Swaminathan,849562,0xc32ca7fea12b1d701fdd2f7a789ae96ab4396fd6,Care & Cure Pediatric & Maternity Hospital,0x937F51E09477BfD31E56c5e533038a8eEAc096b7,Dr. Rajesh Sharma,NMC-78491,K21.9,Gastro-esophageal reflux disease,Gastroenterology,12680.38,10778.32,634.02,10%,Approved & Settled,Ledger Verified & Payout Secured,Active - Full Disclosure,Emergency Admission Record; Diagnostic Imaging CT/MRI,Insurance Claim Adjudication & Pre-Auth Verification,24 Hours (Statutory Emergency Window),AES-256-GCM,vault-transit-key-0xc32ca7fe,Qmc391b5e36e9acb73c36687dbe94d0f7450a62a16649a,0.0.4891024,3362,2026-09-13 11:58:15 UTC,0xde1e06e2ff6df8cec6f96d28aa85e3099c7911f1b24365c650951eb133972af9,0.0001
CLM-00363,POL-HDFC-849563-147,HDFC ERGO Health Insurance,0x3C44CdDdB6a900fa2b585dd299e03d12FA4293BC,IRDAI-REG-146,Paramount TPA,Yashwanth Ghosh,849563,0x6638a44b5c09200ba2ee7681ccde33eab1a21ec6,Fortis Memorial Neuro & Trauma Center,0x84f93618C1D541bB1Dcf1373A8eE500A7D439634,Dr. Sarah Jenkins,NMC-48192,K21.9,Gastro-esophageal reflux disease,Gastroenterology,16462.27,0.0,823.11,0%,Pending Adjudication,Audit Logged - Under Verification,Active - Time-Bound Access,Emergency Admission Record; Diagnostic Imaging CT/MRI,Insurance Claim Adjudication & Pre-Auth Verification,24 Hours (Statutory Emergency Window),AES-256-GCM,vault-transit-key-0x6638a44b,Qm371ac8e0f81305382c98515574ba3a13ccb1118f0e58,0.0.4891024,3363,2026-09-13 11:58:17 UTC,0xbfcaea411b3925444b310bd837f90ecc62972f91e02f1bfc29188f7bed14cb2a,0.0001
CLM-00364,POL-HDFC-849564-666,HDFC ERGO Health Insurance,0x3C44CdDdB6a900fa2b585dd299e03d12FA4293BC,IRDAI-REG-146,Paramount TPA,Lata Mishra,849564,0x8e7ac15f14ca28b71b81d4cf5e29dda5188ea498,Care & Cure Pediatric & Maternity Hospital,0x937F51E09477BfD31E56c5e533038a8eEAc096b7,Dr. Sarah Jenkins,NMC-48192,I10,Essential (primary) hypertension,Cardiology,37645.33,0.0,1882.27,20%,Awaiting Patient Consent Approval,Access Requested via Ledger,Pending Patient Authorization,Diagnosis; Lab Reports; Itemized Pharmacy Bill,Insurance Claim Adjudication & Pre-Auth Verification,24 Hours (Statutory Emergency Window),AES-256-GCM,vault-transit-key-0x8e7ac15f,Qmd7144dbba5a35a4c7251de3e16d427c64a90238011c7,0.0.4891024,3364,2026-09-13 11:58:19 UTC,0x7497f3acdee06873b25a102746bb61a81037d8899c2229391d52e2512c4626a4,0.0001
CLM-00365,POL-HDFC-849565-616,HDFC ERGO Health Insurance,0x3C44CdDdB6a900fa2b585dd299e03d12FA4293BC,IRDAI-REG-146,Paramount TPA,Neha Menon,849565,0xc24509ca2496feae05fb75472e3ee62bbaff5a2e,Apollo Multispecialty Hospital,0x155Af6ECaFb48861dA7d16Fb8Af2f6ce9d6DD779,Dr. Ananya Roy,NMC-51203,S06.9X0A,Unspecified intracranial injury / Concussion,Trauma & Emergency,149111.96,0.0,5000.0,20%,Rejected - Policy Exclusion,Rejected with Ledger Audit Reason,Expired / Revoked,Diagnosis; Lab Reports; Itemized Pharmacy Bill,Insurance Claim Adjudication & Pre-Auth Verification,24 Hours (Statutory Emergency Window),AES-256-GCM,vault-transit-key-0xc24509ca,Qmbba9e8960216924acc34918866f1f68991536cb292bd,0.0.4891024,3365,2026-09-13 11:58:21 UTC,0xb018e5d5159ae2ce54e64e7b6619437b496a1a9e89d879ba6314777db2b11fae,0.0001
CLM-00366,POL-ICIC-849566-241,ICICI Lombard General Insurance,0x90F79bf6EB2c4f870365E785982E1f101E93b906,IRDAI-REG-115,Vidal Health TPA,Sneha Mehta,849566,0x28218d042215a633dca6702333cf0ec54f5ffb2d,Care & Cure Pediatric & Maternity Hospital,0x937F51E09477BfD31E56c5e533038a8eEAc096b7,Dr. Sunita Narang,NMC-90812,E11.9,Type 2 diabetes mellitus without complications,Endocrinology,20086.11,0.0,1004.31,15%,Awaiting Patient Consent Approval,Access Requested via Ledger,Pending Patient Authorization,Discharge Summary; Surgical Notes; Lab Reports,Insurance Claim Adjudication & Pre-Auth Verification,24 Hours (Statutory Emergency Window),AES-256-GCM,vault-transit-key-0x28218d04,Qm1921354c58e36070283e4b65f029a139b4177b2128aa,0.0.4891024,3366,2026-09-13 11:58:23 UTC,0x90bd23853e53226f9e26ab34f38fe5d01ba5523695231918b72331229a3a2820,0.0001
CLM-00367,POL-HDFC-849567-803,HDFC ERGO Health Insurance,0x3C44CdDdB6a900fa2b585dd299e03d12FA4293BC,IRDAI-REG-146,Paramount TPA,Pooja Iyer,849567,0x36bd39f1024aadbe8363a850797e18146ad4b729,Apex Diagnostic & Pathology Hub,0x04Fee3FD1B338d12FFD6dBD8d66dE1e8e0BB99cB,Dr. Preeti Deshmukh,NMC-82194,G40.909,"Epilepsy, unspecified, without status epilepticus",Neurology,44326.05,0.0,2216.3,10%,Rejected - Policy Exclusion,Rejected with Ledger Audit Reason,Expired / Revoked,Diagnosis; Lab Reports; Itemized Pharmacy Bill,Insurance Claim Adjudication & Pre-Auth Verification,24 Hours (Statutory Emergency Window),AES-256-GCM,vault-transit-key-0x36bd39f1,Qm01a5a34d53980b4208f110ce37448b861ae9c6bdddca,0.0.4891024,3367,2026-09-13 11:58:25 UTC,0x0f3b9af451a7ef72d58ce4785ee348a28e9b43d34811c2a560856e83b1a85857,0.0001
CLM-00368,POL-ICIC-849568-675,ICICI Lombard General Insurance,0x90F79bf6EB2c4f870365E785982E1f101E93b906,IRDAI-REG-115,Vidal Health TPA,Geeta Pillai,849568,0xeaa6de6dfbce5587650eed6cac6234ce10b2ae3f,Apollo Multispecialty Hospital,0x155Af6ECaFb48861dA7d16Fb8Af2f6ce9d6DD779,Dr. Sunita Narang,NMC-90812,S06.9X0A,Unspecified intracranial injury / Concussion,Trauma & Emergency,128359.14,0.0,5000.0,20%,Pending Adjudication,Audit Logged - Under Verification,Active - Time-Bound Access,Discharge Summary; Surgical Notes; Lab Reports,Insurance Claim Adjudication & Pre-Auth Verification,24 Hours (Statutory Emergency Window),AES-256-GCM,vault-transit-key-0xeaa6de6d,Qmf741cf279eefb53305a8595b2b958619403219437ff2,0.0.4891024,3368,2026-09-13 11:58:27 UTC,0x6bbd9900d0df24f0307a3a3033229e1ed6e4bcfe13c9fa17c7afa6146269f79c,0.0001
CLM-00369,POL-STAR-849569-154,Star Health & Allied Insurance,0x70997970C51812dc3A010C7d01b50e0d17dc79C8,IRDAI-REG-129,MediAssist TPA,Aarav Mishra,849569,0x52567c65fb3e60c2ac7e8459954b8ce4975dba74,Apollo Multispecialty Hospital,0x155Af6ECaFb48861dA7d16Fb8Af2f6ce9d6DD779,Dr. Ananya Roy,NMC-51203,E11.9,Type 2 diabetes mellitus without complications,Endocrinology,22229.87,18895.39,1111.49,10%,Approved & Settled,Ledger Verified & Payout Secured,Active - Full Disclosure,Diagnosis; Lab Reports; Itemized Pharmacy Bill,Insurance Claim Adjudication & Pre-Auth Verification,24 Hours (Statutory Emergency Window),AES-256-GCM,vault-transit-key-0x52567c65,Qm47460a9963f8baaa0774da1c9c3b79bb38ff59437057,0.0.4891024,3369,2026-09-13 11:58:28 UTC,0x5cda214b9eb7e61b143cd69e4ca6c50e65ff58c0afc8e76810c95d2b73141cdf,0.0001
CLM-00370,POL-STAR-849570-467,Star Health & Allied Insurance,0x70997970C51812dc3A010C7d01b50e0d17dc79C8,IRDAI-REG-129,MediAssist TPA,Rahul Gupta,849570,0xc380af753136ad9373c062ecf6d05b71084ac851,Fortis Memorial Neuro & Trauma Center,0x84f93618C1D541bB1Dcf1373A8eE500A7D439634,Dr. Rajesh Sharma,NMC-78491,I10,Essential (primary) hypertension,Cardiology,36089.89,0.0,1804.49,0%,Pending Adjudication,Audit Logged - Under Verification,Active - Time-Bound Access,Diagnosis; Lab Reports; Itemized Pharmacy Bill,Insurance Claim Adjudication & Pre-Auth Verification,24 Hours (Statutory Emergency Window),AES-256-GCM,vault-transit-key-0xc380af75,Qm19d7f2ddbb1357a9d3d6e96afea65ccc6b6d447d8fdd,0.0.4891024,3370,2026-09-13 11:58:31 UTC,0xf7f24d3edb2d5fc91298997a18c4e1f5cff958f4ab28e9c5f773b183b1cadc5d,0.0001
CLM-00371,POL-HDFC-849571-809,HDFC ERGO Health Insurance,0x3C44CdDdB6a900fa2b585dd299e03d12FA4293BC,IRDAI-REG-146,Paramount TPA,Harish Joshi,849571,0x7e453767879ca17b3c54b534e957ca720b76fb9d,Apex Diagnostic & Pathology Hub,0x04Fee3FD1B338d12FFD6dBD8d66dE1e8e0BB99cB,Dr. Sunita Narang,NMC-90812,G40.909,"Epilepsy, unspecified, without status epilepticus",Neurology,50358.93,37769.19,2517.95,20%,Approved & Settled,Ledger Verified & Payout Secured,Active - Full Disclosure,Discharge Summary; Surgical Notes; Lab Reports,Insurance Claim Adjudication & Pre-Auth Verification,24 Hours (Statutory Emergency Window),AES-256-GCM,vault-transit-key-0x7e453767,Qmddb4a6c17187004ddc2cf831864492a4c797617137e7,0.0.4891024,3371,2026-09-13 11:58:32 UTC,0x6ef22688d8fe726716532c1c3114871a76404833e8a8e385cb78a17ccf42eff4,0.0001
CLM-00372,POL-ICIC-849572-949,ICICI Lombard General Insurance,0x90F79bf6EB2c4f870365E785982E1f101E93b906,IRDAI-REG-115,Vidal Health TPA,Arjun Sharma,849572,0x11b66dbd257e6e4d791024cf90cc52f9e82b5d78,Max Super Speciality Cancer Institute,0x28B7eA94B34C8F52D19E50Eb14769Da20F5D54b4,Dr. Rohan Patel,NMC-11029,A90,Dengue fever [classical dengue],Infectious Disease,32047.9,0.0,1602.4,15%,Pending Adjudication,Audit Logged - Under Verification,Active - Time-Bound Access,Diagnosis; Lab Reports; Itemized Pharmacy Bill,Insurance Claim Adjudication & Pre-Auth Verification,24 Hours (Statutory Emergency Window),AES-256-GCM,vault-transit-key-0x11b66dbd,Qm43c628a4c3a4fe9c582cf18232d10f73d0dcf893be41,0.0.4891024,3372,2026-09-13 11:58:34 UTC,0xe05f35f8cd7c5d69b8df0d421b0a502054b142c3efaff4b76303d2598a3d1db3,0.0001
CLM-00373,POL-HDFC-849573-852,HDFC ERGO Health Insurance,0x3C44CdDdB6a900fa2b585dd299e03d12FA4293BC,IRDAI-REG-146,Paramount TPA,Riya Banerjee,849573,0xf2e147f2588f64221a6e3c22b8e8f350f107f8e9,Apollo Multispecialty Hospital,0x155Af6ECaFb48861dA7d16Fb8Af2f6ce9d6DD779,Dr. Rajesh Sharma,NMC-78491,E11.9,Type 2 diabetes mellitus without complications,Endocrinology,20927.78,15695.83,1046.39,20%,Approved & Settled,Ledger Verified & Payout Secured,Active - Full Disclosure,Discharge Summary; Surgical Notes; Lab Reports,Insurance Claim Adjudication & Pre-Auth Verification,24 Hours (Statutory Emergency Window),AES-256-GCM,vault-transit-key-0xf2e147f2,Qmaeaac0a05143496850925b76780b69f3ca0337f09428,0.0.4891024,3373,2026-09-13 11:58:36 UTC,0x431c8a28592b2f0bd214cd89d4e4c9072ddcd47175c73e7842368f1ff8937f2c,0.0001
CLM-00374,POL-HDFC-849574-105,HDFC ERGO Health Insurance,0x3C44CdDdB6a900fa2b585dd299e03d12FA4293BC,IRDAI-REG-146,Paramount TPA,Rahul Gupta,849574,0xa4b314c0a782978d1c63edc76c52efb6672220e6,Apex Diagnostic & Pathology Hub,0x04Fee3FD1B338d12FFD6dBD8d66dE1e8e0BB99cB,Dr. Sunita Narang,NMC-90812,G40.909,"Epilepsy, unspecified, without status epilepticus",Neurology,44047.64,37440.5,2202.38,10%,Approved & Settled,Ledger Verified & Payout Secured,Active - Full Disclosure,Discharge Summary; Surgical Notes; Lab Reports,Insurance Claim Adjudication & Pre-Auth Verification,24 Hours (Statutory Emergency Window),AES-256-GCM,vault-transit-key-0xa4b314c0,Qmb8f7e51fd8bde529b25c3177c8ae69d949b568b942e0,0.0.4891024,3374,2026-09-13 11:58:38 UTC,0x8ca1b9ef6045d13d8dc6bffbb1310a8984910a53eee03bddc54eee42de00f1cd,0.0001
CLM-00375,POL-NIVA-849575-174,Niva Bupa Health Insurance,0x9965507D1a55bcC2695C58ba16FB37d819B0A4dc,IRDAI-REG-145,MDIndia Health TPA,Arjun Gowda,849575,0x057c891d11a4badbdddfac730eb78d0d288d796c,Fortis Memorial Neuro & Trauma Center,0x84f93618C1D541bB1Dcf1373A8eE500A7D439634,Dr. Ananya Roy,NMC-51203,S06.9X0A,Unspecified intracranial injury / Concussion,Trauma & Emergency,144073.63,117462.59,5000.0,15%,Approved & Settled,Ledger Verified & Payout Secured,Active - Full Disclosure,Diagnosis; Lab Reports; Itemized Pharmacy Bill,Insurance Claim Adjudication & Pre-Auth Verification,24 Hours (Statutory Emergency Window),AES-256-GCM,vault-transit-key-0x057c891d,Qm7779cd407af69fbf889c48a3e08fd229ec0567b5f813,0.0.4891024,3375,2026-09-13 11:58:40 UTC,0x52763f173a93dd579bede4eb135a18cfb0e35d2411a0ea652a45d4cff9588bf2,0.0001
CLM-00376,POL-NIVA-849576-194,Niva Bupa Health Insurance,0x9965507D1a55bcC2695C58ba16FB37d819B0A4dc,IRDAI-REG-145,MDIndia Health TPA,Deepak Hegde,849576,0x0bba4696c4613fee5d02188a2a979ae967436b64,Max Super Speciality Cancer Institute,0x28B7eA94B34C8F52D19E50Eb14769Da20F5D54b4,Dr. Ananya Roy,NMC-51203,K21.9,Gastro-esophageal reflux disease,Gastroenterology,13215.39,0.0,660.77,10%,Pending Adjudication,Audit Logged - Under Verification,Active - Time-Bound Access,Discharge Summary; Surgical Notes; Lab Reports,Insurance Claim Adjudication & Pre-Auth Verification,24 Hours (Statutory Emergency Window),AES-256-GCM,vault-transit-key-0x0bba4696,Qm1128d16d29087fe7968237279072f1be1f38135b952d,0.0.4891024,3376,2026-09-13 11:58:42 UTC,0x3b45660bb11767014f148fb54dd12ec794724d11f542334ee7e3df92d4aa5a61,0.0001
CLM-00377,POL-NIVA-849577-217,Niva Bupa Health Insurance,0x9965507D1a55bcC2695C58ba16FB37d819B0A4dc,IRDAI-REG-145,MDIndia Health TPA,Riya Iyer,849577,0x5e5c3f661f9dd22eaff7ba583e3d710bc705ecb6,Apex Diagnostic & Pathology Hub,0x04Fee3FD1B338d12FFD6dBD8d66dE1e8e0BB99cB,Dr. Ananya Roy,NMC-51203,I10,Essential (primary) hypertension,Cardiology,34229.14,25671.85,1711.46,20%,Approved & Settled,Ledger Verified & Payout Secured,Active - Full Disclosure,Diagnosis; Lab Reports; Itemized Pharmacy Bill,Insurance Claim Adjudication & Pre-Auth Verification,24 Hours (Statutory Emergency Window),AES-256-GCM,vault-transit-key-0x5e5c3f66,Qm2105988c068c664d8b34f4279ca0e4fae7b818fc49c8,0.0.4891024,3377,2026-09-13 11:58:43 UTC,0xaca5fdf570f573c955cdead80cb1f21e823721d30dee14125fe74e61539d0c93,0.0001
CLM-00378,POL-STAR-849578-125,Star Health & Allied Insurance,0x70997970C51812dc3A010C7d01b50e0d17dc79C8,IRDAI-REG-129,MediAssist TPA,Sakshi Joshi,849578,0x41bc7d3633acbd5360db0d264f9c598d0b708446,Care & Cure Pediatric & Maternity Hospital,0x937F51E09477BfD31E56c5e533038a8eEAc096b7,Dr. Vikram Seth,NMC-99014,G40.909,"Epilepsy, unspecified, without status epilepticus",Neurology,55024.25,44019.4,2751.21,15%,Approved & Settled,Ledger Verified & Payout Secured,Active - Full Disclosure,Emergency Admission Record; Diagnostic Imaging CT/MRI,Insurance Claim Adjudication & Pre-Auth Verification,24 Hours (Statutory Emergency Window),AES-256-GCM,vault-transit-key-0x41bc7d36,Qm85e30a217a0be9e8739fe38a956bc11f6a96ba978c5a,0.0.4891024,3378,2026-09-13 11:58:46 UTC,0xf428c78c5d51188658dd92e5d3620af9e3b88bff167fe0a9aa7996f0ea4d63b9,0.0001
CLM-00379,POL-HDFC-849579-198,HDFC ERGO Health Insurance,0x3C44CdDdB6a900fa2b585dd299e03d12FA4293BC,IRDAI-REG-146,Paramount TPA,Ananya Choudhury,849579,0xd9a2ee65795f472ac3d6f3cf9524fe7b6d9e4af8,Fortis Memorial Neuro & Trauma Center,0x84f93618C1D541bB1Dcf1373A8eE500A7D439634,Dr. Rohan Patel,NMC-11029,I21.9,"Acute myocardial infarction, unspecified",Cardiology,238955.28,0.0,5000.0,0%,Pending Adjudication,Audit Logged - Under Verification,Active - Time-Bound Access,Diagnosis; Lab Reports; Itemized Pharmacy Bill,Insurance Claim Adjudication & Pre-Auth Verification,24 Hours (Statutory Emergency Window),AES-256-GCM,vault-transit-key-0xd9a2ee65,Qm0978bff59891af551298856bd00ea1efef5448f615c5,0.0.4891024,3379,2026-09-13 11:58:48 UTC,0x3c486cd01296d67599781a01ade509888a932ea5f1752a7aa1a31cedbe0e1b51,0.0001
CLM-00380,POL-CARE-849580-762,Care Health Insurance (Religare),0x15d34AAf54267DB7D7c367839AAf71A00a2C6A65,IRDAI-REG-148,Heritage Health TPA,Pooja Mukherjee,849580,0x8e36ea380fb370adf1bb16f3ca171e9c45bda72b,Apollo Multispecialty Hospital,0x155Af6ECaFb48861dA7d16Fb8Af2f6ce9d6DD779,Dr. Rajesh Sharma,NMC-78491,K21.9,Gastro-esophageal reflux disease,Gastroenterology,15844.24,0.0,792.21,0%,Pending Adjudication,Audit Logged - Under Verification,Active - Time-Bound Access,Diagnosis; Lab Reports; Itemized Pharmacy Bill,Insurance Claim Adjudication & Pre-Auth Verification,24 Hours (Statutory Emergency Window),AES-256-GCM,vault-transit-key-0x8e36ea38,Qmc13d6d5e0814ffffe2ff017266912b666adc3e00444b,0.0.4891024,3380,2026-09-13 11:58:49 UTC,0x1f8a187e65d8432e151c1c690cf0f11a037e82fe6af996ddde337670dcc44957,0.0001
CLM-00381,POL-ICIC-849581-155,ICICI Lombard General Insurance,0x90F79bf6EB2c4f870365E785982E1f101E93b906,IRDAI-REG-115,Vidal Health TPA,Yashwanth Pillai,849581,0x992b6ac19f84621ca79d54a9a42532d341b6b9dd,Apollo Multispecialty Hospital,0x155Af6ECaFb48861dA7d16Fb8Af2f6ce9d6DD779,Dr. Sarah Jenkins,NMC-48192,I21.9,"Acute myocardial infarction, unspecified",Cardiology,240123.64,199105.09,5000.0,15%,Approved & Settled,Ledger Verified & Payout Secured,Active - Full Disclosure,Diagnosis; Lab Reports; Itemized Pharmacy Bill,Insurance Claim Adjudication & Pre-Auth Verification,24 Hours (Statutory Emergency Window),AES-256-GCM,vault-transit-key-0x992b6ac1,Qm07815f3a7a238fdec56f2a183db8eae94e2a9ef4e6e9,0.0.4891024,3381,2026-09-13 11:58:51 UTC,0x9873c229015b75cbd35bbacc003cefc53ede6a46849495ef9b7f7c52445311a4,0.0001
CLM-00382,POL-CARE-849582-117,Care Health Insurance (Religare),0x15d34AAf54267DB7D7c367839AAf71A00a2C6A65,IRDAI-REG-148,Heritage Health TPA,Tanvi Joshi,849582,0xb28480e2e9441f888382643dc664a26c7bd10268,Care & Cure Pediatric & Maternity Hospital,0x937F51E09477BfD31E56c5e533038a8eEAc096b7,Dr. Ananya Roy,NMC-51203,S06.9X0A,Unspecified intracranial injury / Concussion,Trauma & Emergency,123656.72,118656.72,5000.0,0%,Approved & Settled,Ledger Verified & Payout Secured,Active - Full Disclosure,Lab Reports; Diagnosis; Treatment History; Discharge Summary,Insurance Claim Adjudication & Pre-Auth Verification,24 Hours (Statutory Emergency Window),AES-256-GCM,vault-transit-key-0xb28480e2,Qm6d8ac0758a8bbeb5cc1b093a370a2fb7d94eaa5482e1,0.0.4891024,3382,2026-09-13 11:58:54 UTC,0xd3ca1f4ac1d0171befbd7b006a385e68acedf5ad58b4f06d48bd3bb6c9f34ea6,0.0001
CLM-00383,POL-STAR-849583-396,Star Health & Allied Insurance,0x70997970C51812dc3A010C7d01b50e0d17dc79C8,IRDAI-REG-129,MediAssist TPA,Ananya Pillai,849583,0x3b6d28dce012c09eeb70e170932bbbfd1f52d7fb,Fortis Memorial Neuro & Trauma Center,0x84f93618C1D541bB1Dcf1373A8eE500A7D439634,Dr. Rohan Patel,NMC-11029,I21.9,"Acute myocardial infarction, unspecified",Cardiology,307254.83,0.0,5000.0,15%,Pending Adjudication,Audit Logged - Under Verification,Active - Time-Bound Access,Discharge Summary; Surgical Notes; Lab Reports,Insurance Claim Adjudication & Pre-Auth Verification,24 Hours (Statutory Emergency Window),AES-256-GCM,vault-transit-key-0x3b6d28dc,Qm16bb1772beec5a5c6859fb3c63f257e565f22597d250,0.0.4891024,3383,2026-09-13 11:58:55 UTC,0x9b6943076f8e2f4586497fdb5e668f0dd9a0f0d7324b58ed0dd774367c11471e,0.0001
CLM-00384,POL-STAR-849584-239,Star Health & Allied Insurance,0x70997970C51812dc3A010C7d01b50e0d17dc79C8,IRDAI-REG-129,MediAssist TPA,Siddharth Joshi,849584,0x5a0aab54f6551f2c98ecb7888a8c9361335d4d38,Care & Cure Pediatric & Maternity Hospital,0x937F51E09477BfD31E56c5e533038a8eEAc096b7,Dr. Rajesh Sharma,NMC-78491,C50.919,Malignant neoplasm of female breast,Oncology,469694.92,0.0,5000.0,15%,Rejected - Policy Exclusion,Rejected with Ledger Audit Reason,Expired / Revoked,Diagnosis; Lab Reports; Itemized Pharmacy Bill,Insurance Claim Adjudication & Pre-Auth Verification,24 Hours (Statutory Emergency Window),AES-256-GCM,vault-transit-key-0x5a0aab54,Qm5cb8fdf8060afd46a858f76e4ed18557a6d266b84a5e,0.0.4891024,3384,2026-09-13 11:58:57 UTC,0x3a18aedf7e3ccef2908eccbbd0dd054199e408adf27f84a579f0537ae8a3fde3,0.0001
CLM-00385,POL-NIVA-849585-142,Niva Bupa Health Insurance,0x9965507D1a55bcC2695C58ba16FB37d819B0A4dc,IRDAI-REG-145,MDIndia Health TPA,Shreya Sharma,849585,0x96edce58f3bb57fdc46dd8aecdc9c5f93d089f71,Apex Diagnostic & Pathology Hub,0x04Fee3FD1B338d12FFD6dBD8d66dE1e8e0BB99cB,Dr. Rajesh Sharma,NMC-78491,I21.9,"Acute myocardial infarction, unspecified",Cardiology,221054.54,171843.63,5000.0,20%,Approved & Settled,Ledger Verified & Payout Secured,Active - Full Disclosure,Lab Reports; Diagnosis; Treatment History; Discharge Summary,Insurance Claim Adjudication & Pre-Auth Verification,24 Hours (Statutory Emergency Window),AES-256-GCM,vault-transit-key-0x96edce58,Qm244958f30d92c26f839497e672fac0487f97b096720e,0.0.4891024,3385,2026-09-13 11:58:59 UTC,0x19d7496942f1386b84fd525ccdce77a79a7e8d9e1e75bd49f4a46c12744df4b7,0.0001
CLM-00386,POL-ICIC-849586-264,ICICI Lombard General Insurance,0x90F79bf6EB2c4f870365E785982E1f101E93b906,IRDAI-REG-115,Vidal Health TPA,Pooja Menon,849586,0x5cda4612f2b713f8385b85d268580c7420ce8e66,Max Super Speciality Cancer Institute,0x28B7eA94B34C8F52D19E50Eb14769Da20F5D54b4,Dr. Ananya Roy,NMC-51203,E11.9,Type 2 diabetes mellitus without complications,Endocrinology,18181.74,14545.39,909.09,15%,Approved & Settled,Ledger Verified & Payout Secured,Active - Full Disclosure,Diagnosis; Lab Reports; Itemized Pharmacy Bill,Insurance Claim Adjudication & Pre-Auth Verification,24 Hours (Statutory Emergency Window),AES-256-GCM,vault-transit-key-0x5cda4612,Qm31e5f86992c7f3f501b46b0f589e7fa70fca878100e4,0.0.4891024,3386,2026-09-13 11:59:01 UTC,0x6e27a4def26453f1ea3911facf9f858e1fbe26ac38b1ae4064c5dbcbb3b574cd,0.0001
CLM-00387,POL-STAR-849587-397,Star Health & Allied Insurance,0x70997970C51812dc3A010C7d01b50e0d17dc79C8,IRDAI-REG-129,MediAssist TPA,Kiran Mukherjee,849587,0xdc4db6abaa86b6543c018c4c340dca65034f3be1,Apex Diagnostic & Pathology Hub,0x04Fee3FD1B338d12FFD6dBD8d66dE1e8e0BB99cB,Dr. Ananya Roy,NMC-51203,I21.9,"Acute myocardial infarction, unspecified",Cardiology,294553.3,245370.3,5000.0,15%,Approved & Settled,Ledger Verified & Payout Secured,Active - Full Disclosure,Emergency Admission Record; Diagnostic Imaging CT/MRI,Insurance Claim Adjudication & Pre-Auth Verification,24 Hours (Statutory Emergency Window),AES-256-GCM,vault-transit-key-0xdc4db6ab,Qm8e3c42b6c7829d1ca79cce60f855bc11decc11fc26ef,0.0.4891024,3387,2026-09-13 11:59:03 UTC,0x09a3250810e208ab0b5e041bc2b6cee3a5d00138d4d56b21075e8ca41e3a7955,0.0001
CLM-00388,POL-HDFC-849588-298,HDFC ERGO Health Insurance,0x3C44CdDdB6a900fa2b585dd299e03d12FA4293BC,IRDAI-REG-146,Paramount TPA,Sanjay Gupta,849588,0xc3f4821f86b8d9d55a0431379975187be8ed5976,Apollo Multispecialty Hospital,0x155Af6ECaFb48861dA7d16Fb8Af2f6ce9d6DD779,Dr. Vikram Seth,NMC-99014,I21.9,"Acute myocardial infarction, unspecified",Cardiology,255535.9,199428.72,5000.0,20%,Approved & Settled,Ledger Verified & Payout Secured,Active - Full Disclosure,Discharge Summary; Surgical Notes; Lab Reports,Insurance Claim Adjudication & Pre-Auth Verification,24 Hours (Statutory Emergency Window),AES-256-GCM,vault-transit-key-0xc3f4821f,Qmfd4a6742ba9472e1de086a518be5089d52d436c105e5,0.0.4891024,3388,2026-09-13 11:59:05 UTC,0xc2864f49f99f76e7374737d023f34c1cbc4000ec570d0cdc3adbae433d100297,0.0001
CLM-00389,POL-NIVA-849589-538,Niva Bupa Health Insurance,0x9965507D1a55bcC2695C58ba16FB37d819B0A4dc,IRDAI-REG-145,MDIndia Health TPA,Manish Saxena,849589,0x6a15878bf8cf3841c2bc77e3ea17cd7e16e36d86,Fortis Memorial Neuro & Trauma Center,0x84f93618C1D541bB1Dcf1373A8eE500A7D439634,Dr. Sunita Narang,NMC-90812,S06.9X0A,Unspecified intracranial injury / Concussion,Trauma & Emergency,112227.09,90393.03,5000.0,15%,Approved & Settled,Ledger Verified & Payout Secured,Active - Full Disclosure,Diagnosis; Lab Reports; Itemized Pharmacy Bill,Insurance Claim Adjudication & Pre-Auth Verification,24 Hours (Statutory Emergency Window),AES-256-GCM,vault-transit-key-0x6a15878b,Qm0867289435efafb6aac5a269390648d65d9f53b6611e,0.0.4891024,3389,2026-09-13 11:59:07 UTC,0xb50019c00209b76c3591f194e5b0b1b2fce6dad2d39c7392ddf8f1411eb12c02,0.0001
CLM-00390,POL-ICIC-849590-998,ICICI Lombard General Insurance,0x90F79bf6EB2c4f870365E785982E1f101E93b906,IRDAI-REG-115,Vidal Health TPA,Varun Deshmukh,849590,0x75c763680469652f22a5b755b3953bc9d19bf41a,Max Super Speciality Cancer Institute,0x28B7eA94B34C8F52D19E50Eb14769Da20F5D54b4,Dr. Preeti Deshmukh,NMC-82194,S06.9X0A,Unspecified intracranial injury / Concussion,Trauma & Emergency,128337.62,97670.1,5000.0,20%,Approved & Settled,Ledger Verified & Payout Secured,Active - Full Disclosure,Discharge Summary; Surgical Notes; Lab Reports,Insurance Claim Adjudication & Pre-Auth Verification,24 Hours (Statutory Emergency Window),AES-256-GCM,vault-transit-key-0x75c76368,Qm19404aca09f477e1520f33aacdc16bbe43d039a7c6aa,0.0.4891024,3390,2026-09-13 11:59:09 UTC,0x5bcc6e53ffe89974e59faad92125cd25b8bae0dfc11f320568fa4bcc70914346,0.0001
CLM-00391,POL-HDFC-849591-979,HDFC ERGO Health Insurance,0x3C44CdDdB6a900fa2b585dd299e03d12FA4293BC,IRDAI-REG-146,Paramount TPA,Harish Reddy,849591,0xd37b6bb708bf3f98d6b0713c5ec274263f15b0fb,Apex Diagnostic & Pathology Hub,0x04Fee3FD1B338d12FFD6dBD8d66dE1e8e0BB99cB,Dr. Sarah Jenkins,NMC-48192,G40.909,"Epilepsy, unspecified, without status epilepticus",Neurology,53419.79,45406.82,2670.99,10%,Approved & Settled,Ledger Verified & Payout Secured,Active - Full Disclosure,Lab Reports; Diagnosis; Treatment History; Discharge Summary,Insurance Claim Adjudication & Pre-Auth Verification,24 Hours (Statutory Emergency Window),AES-256-GCM,vault-transit-key-0xd37b6bb7,Qm0448646361aefb82ec4cbe7913cd2ef2138bae3e020b,0.0.4891024,3391,2026-09-13 11:59:10 UTC,0xca5f22db646aa9bb70c82fb58cd43a9a36b0b0a0a4841017cc525ff63da9056a,0.0001
CLM-00392,POL-NIVA-849592-887,Niva Bupa Health Insurance,0x9965507D1a55bcC2695C58ba16FB37d819B0A4dc,IRDAI-REG-145,MDIndia Health TPA,Aditi Mukherjee,849592,0x8bb693fb3ca1cf24a199c3f4911e83704a36561d,Apollo Multispecialty Hospital,0x155Af6ECaFb48861dA7d16Fb8Af2f6ce9d6DD779,Dr. Sunita Narang,NMC-90812,K21.9,Gastro-esophageal reflux disease,Gastroenterology,14568.95,13840.5,728.45,0%,Approved & Settled,Ledger Verified & Payout Secured,Active - Full Disclosure,Emergency Admission Record; Diagnostic Imaging CT/MRI,Insurance Claim Adjudication & Pre-Auth Verification,24 Hours (Statutory Emergency Window),AES-256-GCM,vault-transit-key-0x8bb693fb,Qm42c70acfc0ec5dd7b268e7471b57427c0d9aa6000072,0.0.4891024,3392,2026-09-13 11:59:13 UTC,0x778d73ef5a3a65bf582aeeafd3ecddd78aba74d8d8e37a47ef23bc25b30339e0,0.0001
CLM-00393,POL-CARE-849593-237,Care Health Insurance (Religare),0x15d34AAf54267DB7D7c367839AAf71A00a2C6A65,IRDAI-REG-148,Heritage Health TPA,Manish Bhatia,849593,0x925e59e34375addb5b519954bc7fb9a33421d868,Max Super Speciality Cancer Institute,0x28B7eA94B34C8F52D19E50Eb14769Da20F5D54b4,Dr. Sunita Narang,NMC-90812,G40.909,"Epilepsy, unspecified, without status epilepticus",Neurology,46582.85,44253.71,2329.14,0%,Approved & Settled,Ledger Verified & Payout Secured,Active - Full Disclosure,Lab Reports; Diagnosis; Treatment History; Discharge Summary,Insurance Claim Adjudication & Pre-Auth Verification,24 Hours (Statutory Emergency Window),AES-256-GCM,vault-transit-key-0x925e59e3,Qma915b5f63239af3c8c42e790b80ae1d0c604b55eb62d,0.0.4891024,3393,2026-09-13 11:59:15 UTC,0xf4e8e22c5c3f930c336255e86c1c5aba4392ec9056a88f9ff93f2c37f9714ac1,0.0001
CLM-00394,POL-NIVA-849594-556,Niva Bupa Health Insurance,0x9965507D1a55bcC2695C58ba16FB37d819B0A4dc,IRDAI-REG-145,MDIndia Health TPA,Priyanka Mukherjee,849594,0x40f284c077cd3bfb8560b621793f1bc9a9846db0,Max Super Speciality Cancer Institute,0x28B7eA94B34C8F52D19E50Eb14769Da20F5D54b4,Dr. Sunita Narang,NMC-90812,E11.9,Type 2 diabetes mellitus without complications,Endocrinology,17975.53,0.0,898.78,10%,Pending Adjudication,Audit Logged - Under Verification,Active - Time-Bound Access,Emergency Admission Record; Diagnostic Imaging CT/MRI,Insurance Claim Adjudication & Pre-Auth Verification,24 Hours (Statutory Emergency Window),AES-256-GCM,vault-transit-key-0x40f284c0,Qm65e090aea3df6b12686f20a59560e491f2952e164d78,0.0.4891024,3394,2026-09-13 11:59:16 UTC,0x6af705295bdb1cfc54a614957d35bbd54cd5f765607d2a0fb5a1063bb9ec4ead,0.0001
CLM-00395,POL-CARE-849595-478,Care Health Insurance (Religare),0x15d34AAf54267DB7D7c367839AAf71A00a2C6A65,IRDAI-REG-148,Heritage Health TPA,Ananya Rao,849595,0xc4b62e0d5de86b19f1a921d7c6abfda606dcb8bd,Max Super Speciality Cancer Institute,0x28B7eA94B34C8F52D19E50Eb14769Da20F5D54b4,Dr. Sarah Jenkins,NMC-48192,G40.909,"Epilepsy, unspecified, without status epilepticus",Neurology,42222.95,35889.5,2111.15,10%,Approved & Settled,Ledger Verified & Payout Secured,Active - Full Disclosure,Discharge Summary; Surgical Notes; Lab Reports,Insurance Claim Adjudication & Pre-Auth Verification,24 Hours (Statutory Emergency Window),AES-256-GCM,vault-transit-key-0xc4b62e0d,Qm8b31343b7ecb34ac209323c1ddf0c7d84216d281bb69,0.0.4891024,3395,2026-09-13 11:59:18 UTC,0x231ad66c7fb0706184beee6c41b0f3f41fa51a84ea1d3adec2e32981730c7908,0.0001
CLM-00396,POL-CARE-849596-205,Care Health Insurance (Religare),0x15d34AAf54267DB7D7c367839AAf71A00a2C6A65,IRDAI-REG-148,Heritage Health TPA,Amit Malhotra,849596,0x35c6dcb40a34d9492ab68aabcb03ec652fc5998a,Apollo Multispecialty Hospital,0x155Af6ECaFb48861dA7d16Fb8Af2f6ce9d6DD779,Dr. Sarah Jenkins,NMC-48192,S06.9X0A,Unspecified intracranial injury / Concussion,Trauma & Emergency,139918.35,0.0,5000.0,15%,Awaiting Patient Consent Approval,Access Requested via Ledger,Pending Patient Authorization,Discharge Summary; Surgical Notes; Lab Reports,Insurance Claim Adjudication & Pre-Auth Verification,24 Hours (Statutory Emergency Window),AES-256-GCM,vault-transit-key-0x35c6dcb4,Qm24b5dfe4ba35768f7c9ce4f2a94e950d385b9fac8182,0.0.4891024,3396,2026-09-13 11:59:21 UTC,0xf0d2de717bd7a159313d1e78aa084806f927898c2beb804c1bac889c9d400281,0.0001
CLM-00397,POL-HDFC-849597-474,HDFC ERGO Health Insurance,0x3C44CdDdB6a900fa2b585dd299e03d12FA4293BC,IRDAI-REG-146,Paramount TPA,Geeta Saxena,849597,0x45c52394295a67f4d90b852e0935647161d498d6,Care & Cure Pediatric & Maternity Hospital,0x937F51E09477BfD31E56c5e533038a8eEAc096b7,Dr. Preeti Deshmukh,NMC-82194,K21.9,Gastro-esophageal reflux disease,Gastroenterology,14555.69,13827.91,727.78,0%,Approved & Settled,Ledger Verified & Payout Secured,Active - Full Disclosure,Emergency Admission Record; Diagnostic Imaging CT/MRI,Insurance Claim Adjudication & Pre-Auth Verification,24 Hours (Statutory Emergency Window),AES-256-GCM,vault-transit-key-0x45c52394,Qm9b420f7a0caf181de47aceaf258f94b1ea5e348630c6,0.0.4891024,3397,2026-09-13 11:59:22 UTC,0xe510b58f4ee96e33ab3b740e4ba24b3e97c3b8008c5abbca376b502e4f8c4f22,0.0001
CLM-00398,POL-ICIC-849598-718,ICICI Lombard General Insurance,0x90F79bf6EB2c4f870365E785982E1f101E93b906,IRDAI-REG-115,Vidal Health TPA,Chetan Joshi,849598,0x6a18aa038bc55ce4b0143c58a7955423d03f05e1,Fortis Memorial Neuro & Trauma Center,0x84f93618C1D541bB1Dcf1373A8eE500A7D439634,Dr. Ananya Roy,NMC-51203,A90,Dengue fever [classical dengue],Infectious Disease,28895.01,24560.76,1444.75,10%,Approved & Settled,Ledger Verified & Payout Secured,Active - Full Disclosure,Diagnosis; Lab Reports; Itemized Pharmacy Bill,Insurance Claim Adjudication & Pre-Auth Verification,24 Hours (Statutory Emergency Window),AES-256-GCM,vault-transit-key-0x6a18aa03,Qm835d2f470075f3eb460c35fc0f5fdcb10549d7c8eafd,0.0.4891024,3398,2026-09-13 11:59:24 UTC,0x21113959297c43a911e36adc2d19707a594386100ef0a70173e553b6c23d695e,0.0001
CLM-00399,POL-ICIC-849599-261,ICICI Lombard General Insurance,0x90F79bf6EB2c4f870365E785982E1f101E93b906,IRDAI-REG-115,Vidal Health TPA,Bhavna Kulkarni,849599,0xc7bf25b079d50ca16d2b30009d3302905c96fefe,Max Super Speciality Cancer Institute,0x28B7eA94B34C8F52D19E50Eb14769Da20F5D54b4,Dr. Rajesh Sharma,NMC-78491,E11.9,Type 2 diabetes mellitus without complications,Endocrinology,19665.51,0.0,983.28,0%,Pending Adjudication,Audit Logged - Under Verification,Active - Time-Bound Access,Emergency Admission Record; Diagnostic Imaging CT/MRI,Insurance Claim Adjudication & Pre-Auth Verification,24 Hours (Statutory Emergency Window),AES-256-GCM,vault-transit-key-0xc7bf25b0,Qm2bc23a3cc13e56a3dea6d7ac2ad12e971b5f9eeb94a3,0.0.4891024,3399,2026-09-13 11:59:26 UTC,0x397ecef47599f39f22470ff3dc50b8d691ef418331753ce6b46e8832966c58f2,0.0001
CLM-00400,POL-CARE-849600-762,Care Health Insurance (Religare),0x15d34AAf54267DB7D7c367839AAf71A00a2C6A65,IRDAI-REG-148,Heritage Health TPA,Ishaan Chatterjee,849600,0xb35e838222fc1df047601557f6cfcae507daf4ca,Care & Cure Pediatric & Maternity Hospital,0x937F51E09477BfD31E56c5e533038a8eEAc096b7,Dr. Rajesh Sharma,NMC-78491,E11.9,Type 2 diabetes mellitus without complications,Endocrinology,23587.76,22408.37,1179.39,0%,Approved & Settled,Ledger Verified & Payout Secured,Active - Full Disclosure,Diagnosis; Lab Reports; Itemized Pharmacy Bill,Insurance Claim Adjudication & Pre-Auth Verification,24 Hours (Statutory Emergency Window),AES-256-GCM,vault-transit-key-0xb35e8382,Qm78fa202d20bdd1ce618b9203194875bb9028ecc676c1,0.0.4891024,3400,2026-09-13 11:59:28 UTC,0xa191662e590ef858f5462f02be5ff1a63c2a0b41da911c875a42619d2b9d3f05,0.0001
CLM-00401,POL-HDFC-849601-157,HDFC ERGO Health Insurance,0x3C44CdDdB6a900fa2b585dd299e03d12FA4293BC,IRDAI-REG-146,Paramount TPA,Lata Nair,849601,0x268be212e90f76cd0f8381329f323faec91e416c,Apex Diagnostic & Pathology Hub,0x04Fee3FD1B338d12FFD6dBD8d66dE1e8e0BB99cB,Dr. Sarah Jenkins,NMC-48192,E11.9,Type 2 diabetes mellitus without complications,Endocrinology,18034.79,15329.57,901.74,10%,Approved & Settled,Ledger Verified & Payout Secured,Active - Full Disclosure,Emergency Admission Record; Diagnostic Imaging CT/MRI,Insurance Claim Adjudication & Pre-Auth Verification,24 Hours (Statutory Emergency Window),AES-256-GCM,vault-transit-key-0x268be212,Qmfa6cbc916283b6e7faf4b8b902f328f54169569d14e2,0.0.4891024,3401,2026-09-13 11:59:30 UTC,0x895055737ae2697216b6351f0367db00390fb567990921dcac7e93f64cfdb1c8,0.0001
CLM-00402,POL-STAR-849602-559,Star Health & Allied Insurance,0x70997970C51812dc3A010C7d01b50e0d17dc79C8,IRDAI-REG-129,MediAssist TPA,Kiran Kulkarni,849602,0xda5026583af5b22d2c6d4a3617576620022044c3,Fortis Memorial Neuro & Trauma Center,0x84f93618C1D541bB1Dcf1373A8eE500A7D439634,Dr. Sarah Jenkins,NMC-48192,C50.919,Malignant neoplasm of female breast,Oncology,445715.93,0.0,5000.0,20%,Awaiting Patient Consent Approval,Access Requested via Ledger,Pending Patient Authorization,Diagnosis; Lab Reports; Itemized Pharmacy Bill,Insurance Claim Adjudication & Pre-Auth Verification,24 Hours (Statutory Emergency Window),AES-256-GCM,vault-transit-key-0xda502658,Qma9141b10eb8b4e762da1ed34fc744c05b3d974b5394e,0.0.4891024,3402,2026-09-13 11:59:32 UTC,0x5a8e4616550d69b62b40857998cfd9bcc8eee0819de2dbe1fc21a55e029717cd,0.0001
CLM-00403,POL-HDFC-849603-738,HDFC ERGO Health Insurance,0x3C44CdDdB6a900fa2b585dd299e03d12FA4293BC,IRDAI-REG-146,Paramount TPA,Tanvi Agarwal,849603,0x72068ec308246ed59a59c7b96566289216259fc9,Apex Diagnostic & Pathology Hub,0x04Fee3FD1B338d12FFD6dBD8d66dE1e8e0BB99cB,Dr. Sunita Narang,NMC-90812,E11.9,Type 2 diabetes mellitus without complications,Endocrinology,22141.58,17713.26,1107.08,15%,Approved & Settled,Ledger Verified & Payout Secured,Active - Full Disclosure,Discharge Summary; Surgical Notes; Lab Reports,Insurance Claim Adjudication & Pre-Auth Verification,24 Hours (Statutory Emergency Window),AES-256-GCM,vault-transit-key-0x72068ec3,Qm624e9f95afa354e0a35671f02b61a7382c3393b467b3,0.0.4891024,3403,2026-09-13 11:59:34 UTC,0x6cca8b059d1dedd8c462c0392ce4fec37254f96b49e6e7b3c8ca257d0ee2c4a2,0.0001
CLM-00404,POL-STAR-849604-235,Star Health & Allied Insurance,0x70997970C51812dc3A010C7d01b50e0d17dc79C8,IRDAI-REG-129,MediAssist TPA,Madhav Saxena,849604,0xf29ff420028b5b6dda51406a55b60e90a94f098e,Max Super Speciality Cancer Institute,0x28B7eA94B34C8F52D19E50Eb14769Da20F5D54b4,Dr. Ananya Roy,NMC-51203,K21.9,Gastro-esophageal reflux disease,Gastroenterology,11860.71,10081.6,593.04,10%,Approved & Settled,Ledger Verified & Payout Secured,Active - Full Disclosure,Emergency Admission Record; Diagnostic Imaging CT/MRI,Insurance Claim Adjudication & Pre-Auth Verification,24 Hours (Statutory Emergency Window),AES-256-GCM,vault-transit-key-0xf29ff420,Qm73279b55e77cf72a268336c99441ffd30284e5d1258b,0.0.4891024,3404,2026-09-13 11:59:35 UTC,0xd7227702d43f8d5914c3cf097ae9732ebcc859936710ddbad9863b67aa439d13,0.0001
CLM-00405,POL-HDFC-849605-998,HDFC ERGO Health Insurance,0x3C44CdDdB6a900fa2b585dd299e03d12FA4293BC,IRDAI-REG-146,Paramount TPA,Madhav Reddy,849605,0xd5933932a99f60bddc78489e4ec9e198e8089311,Care & Cure Pediatric & Maternity Hospital,0x937F51E09477BfD31E56c5e533038a8eEAc096b7,Dr. Rohan Patel,NMC-11029,I10,Essential (primary) hypertension,Cardiology,35703.11,33917.95,1785.16,0%,Approved & Settled,Ledger Verified & Payout Secured,Active - Full Disclosure,Diagnosis; Lab Reports; Itemized Pharmacy Bill,Insurance Claim Adjudication & Pre-Auth Verification,24 Hours (Statutory Emergency Window),AES-256-GCM,vault-transit-key-0xd5933932,Qm252f435b80c2c36732db8e0bd46d28cbcb72e932a031,0.0.4891024,3405,2026-09-13 11:59:38 UTC,0x0b98212cd086dc532f91b254394c9bfaeb7aa7dde9d08cab3c3d0e7ba09ced61,0.0001
CLM-00406,POL-STAR-849606-479,Star Health & Allied Insurance,0x70997970C51812dc3A010C7d01b50e0d17dc79C8,IRDAI-REG-129,MediAssist TPA,Geeta Ghosh,849606,0x1a737028609b5aeb2606c39c96bd9060bdcc0192,Care & Cure Pediatric & Maternity Hospital,0x937F51E09477BfD31E56c5e533038a8eEAc096b7,Dr. Rohan Patel,NMC-11029,K21.9,Gastro-esophageal reflux disease,Gastroenterology,16170.89,12128.17,808.54,20%,Approved & Settled,Ledger Verified & Payout Secured,Active - Full Disclosure,Emergency Admission Record; Diagnostic Imaging CT/MRI,Insurance Claim Adjudication & Pre-Auth Verification,24 Hours (Statutory Emergency Window),AES-256-GCM,vault-transit-key-0x1a737028,Qm35af12b97b4742348ee8ce0bb91295c4ef971eca988d,0.0.4891024,3406,2026-09-13 11:59:40 UTC,0xce6aebf56cb570359ea7537443fe2b4c646f610fe519af16dc998338b423f853,0.0001
CLM-00407,POL-NIVA-849607-360,Niva Bupa Health Insurance,0x9965507D1a55bcC2695C58ba16FB37d819B0A4dc,IRDAI-REG-145,MDIndia Health TPA,Sanjay Saxena,849607,0x0916fb3da4514e4ed6ef08838e1b4476124df513,Apollo Multispecialty Hospital,0x155Af6ECaFb48861dA7d16Fb8Af2f6ce9d6DD779,Dr. Ananya Roy,NMC-51203,E11.9,Type 2 diabetes mellitus without complications,Endocrinology,20622.2,0.0,1031.11,10%,Awaiting Patient Consent Approval,Access Requested via Ledger,Pending Patient Authorization,Lab Reports; Diagnosis; Treatment History; Discharge Summary,Insurance Claim Adjudication & Pre-Auth Verification,24 Hours (Statutory Emergency Window),AES-256-GCM,vault-transit-key-0x0916fb3d,Qm2155b5b3b752d84912973745b67628f873384796c260,0.0.4891024,3407,2026-09-13 11:59:41 UTC,0x5b23032064f93691341848ee5373e30e601a49d7a7b007f7061c88217ee4f039,0.0001
CLM-00408,POL-NIVA-849608-105,Niva Bupa Health Insurance,0x9965507D1a55bcC2695C58ba16FB37d819B0A4dc,IRDAI-REG-145,MDIndia Health TPA,Madhav Swaminathan,849608,0xef07c341d07382fe3b08c8cc9c001cfeca7c3e0f,Care & Cure Pediatric & Maternity Hospital,0x937F51E09477BfD31E56c5e533038a8eEAc096b7,Dr. Vikram Seth,NMC-99014,C50.919,Malignant neoplasm of female breast,Oncology,463264.45,458264.45,5000.0,0%,Approved & Settled,Ledger Verified & Payout Secured,Active - Full Disclosure,Lab Reports; Diagnosis; Treatment History; Discharge Summary,Insurance Claim Adjudication & Pre-Auth Verification,24 Hours (Statutory Emergency Window),AES-256-GCM,vault-transit-key-0xef07c341,Qm22d11d98fdbd390f5065194470c5bb722f45563d6186,0.0.4891024,3408,2026-09-13 11:59:43 UTC,0xb6d1f8f4ceb33d1268855129a4509a55c07cbbf16c36abf8aac1ecb8a1d63c7a,0.0001
CLM-00409,POL-HDFC-849609-209,HDFC ERGO Health Insurance,0x3C44CdDdB6a900fa2b585dd299e03d12FA4293BC,IRDAI-REG-146,Paramount TPA,Aarav Joshi,849609,0xc31e0a305867c6f1d1062e971625e6a7eb782617,Fortis Memorial Neuro & Trauma Center,0x84f93618C1D541bB1Dcf1373A8eE500A7D439634,Dr. Ananya Roy,NMC-51203,S06.9X0A,Unspecified intracranial injury / Concussion,Trauma & Emergency,111509.79,89783.32,5000.0,15%,Approved & Settled,Ledger Verified & Payout Secured,Active - Full Disclosure,Emergency Admission Record; Diagnostic Imaging CT/MRI,Insurance Claim Adjudication & Pre-Auth Verification,24 Hours (Statutory Emergency Window),AES-256-GCM,vault-transit-key-0xc31e0a30,Qmfbab1070c18c95d3ed6cdced6a3273cb641598c8c22c,0.0.4891024,3409,2026-09-13 11:59:45 UTC,0xb800a4b473d863628cb3c0ad46f0dfcd4b620e0ac893683d46efe451d3aaf9ba,0.0001
CLM-00410,POL-ICIC-849610-523,ICICI Lombard General Insurance,0x90F79bf6EB2c4f870365E785982E1f101E93b906,IRDAI-REG-115,Vidal Health TPA,Shreya Agarwal,849610,0x783a7525fc788ba7ba69dbca6ee89a6704bce8bc,Care & Cure Pediatric & Maternity Hospital,0x937F51E09477BfD31E56c5e533038a8eEAc096b7,Dr. Sunita Narang,NMC-90812,C50.919,Malignant neoplasm of female breast,Oncology,436409.95,344127.96,5000.0,20%,Approved & Settled,Ledger Verified & Payout Secured,Active - Full Disclosure,Emergency Admission Record; Diagnostic Imaging CT/MRI,Insurance Claim Adjudication & Pre-Auth Verification,24 Hours (Statutory Emergency Window),AES-256-GCM,vault-transit-key-0x783a7525,Qm4ce90cb635adceb6c61966a685f93dec98afd70ff47c,0.0.4891024,3410,2026-09-13 11:59:47 UTC,0xd97256f32ee95a9241c4878098ddb98972d6ac0716694a2d0cb52e6a3b4273fd,0.0001
CLM-00411,POL-ICIC-849611-975,ICICI Lombard General Insurance,0x90F79bf6EB2c4f870365E785982E1f101E93b906,IRDAI-REG-115,Vidal Health TPA,Rohan Saxena,849611,0x9f02c694e2028342060c96feac843402b738904d,Care & Cure Pediatric & Maternity Hospital,0x937F51E09477BfD31E56c5e533038a8eEAc096b7,Dr. Preeti Deshmukh,NMC-82194,E11.9,Type 2 diabetes mellitus without complications,Endocrinology,23841.39,0.0,1192.07,0%,Pending Adjudication,Audit Logged - Under Verification,Active - Time-Bound Access,Emergency Admission Record; Diagnostic Imaging CT/MRI,Insurance Claim Adjudication & Pre-Auth Verification,24 Hours (Statutory Emergency Window),AES-256-GCM,vault-transit-key-0x9f02c694,Qm7b476cc7e10b085334661682cd9700ae1feb68ef93e5,0.0.4891024,3411,2026-09-13 11:59:49 UTC,0x5467f1d01054fc8f70e8abe39f5b22124922c0e8e6833ebdd8d159076161f885,0.0001
CLM-00412,POL-NIVA-849612-920,Niva Bupa Health Insurance,0x9965507D1a55bcC2695C58ba16FB37d819B0A4dc,IRDAI-REG-145,MDIndia Health TPA,Gautam Iyer,849612,0xfeb1a6fe836f42489b4009cc7ac5c44c60cb2155,Care & Cure Pediatric & Maternity Hospital,0x937F51E09477BfD31E56c5e533038a8eEAc096b7,Dr. Sunita Narang,NMC-90812,S06.9X0A,Unspecified intracranial injury / Concussion,Trauma & Emergency,131992.32,126992.32,5000.0,0%,Approved & Settled,Ledger Verified & Payout Secured,Active - Full Disclosure,Lab Reports; Diagnosis; Treatment History; Discharge Summary,Insurance Claim Adjudication & Pre-Auth Verification,24 Hours (Statutory Emergency Window),AES-256-GCM,vault-transit-key-0xfeb1a6fe,Qmfd9d1a155fb47111c69f5fe302dca38495337e8d3ee5,0.0.4891024,3412,2026-09-13 11:59:51 UTC,0xe44e04cc7a9cb99c71d741d317dac9a89ba84fd206bfbeab0cd79b5e49a6a59e,0.0001
CLM-00413,POL-NIVA-849613-369,Niva Bupa Health Insurance,0x9965507D1a55bcC2695C58ba16FB37d819B0A4dc,IRDAI-REG-145,MDIndia Health TPA,Manish Chatterjee,849613,0xeb9b261c0f56c07ec1ce5850966f0e3d00cbd31c,Care & Cure Pediatric & Maternity Hospital,0x937F51E09477BfD31E56c5e533038a8eEAc096b7,Dr. Sarah Jenkins,NMC-48192,I21.9,"Acute myocardial infarction, unspecified",Cardiology,244950.17,0.0,5000.0,0%,Pending Adjudication,Audit Logged - Under Verification,Active - Time-Bound Access,Emergency Admission Record; Diagnostic Imaging CT/MRI,Insurance Claim Adjudication & Pre-Auth Verification,24 Hours (Statutory Emergency Window),AES-256-GCM,vault-transit-key-0xeb9b261c,Qm8445ef9da12a59ae57b1ab69deb8807c5936e2610432,0.0.4891024,3413,2026-09-13 11:59:53 UTC,0x9658a0f66e5e97ae8fdce4798217ebd8b1d101fe42bc02672915a44b578cf7bd,0.0001
CLM-00414,POL-NIVA-849614-892,Niva Bupa Health Insurance,0x9965507D1a55bcC2695C58ba16FB37d819B0A4dc,IRDAI-REG-145,MDIndia Health TPA,Nandini Kulkarni,849614,0xc20ea80e34a4aefb0516c54f8f64dd9229d64009,Fortis Memorial Neuro & Trauma Center,0x84f93618C1D541bB1Dcf1373A8eE500A7D439634,Dr. Preeti Deshmukh,NMC-82194,I10,Essential (primary) hypertension,Cardiology,36169.43,27127.07,1808.47,20%,Approved & Settled,Ledger Verified & Payout Secured,Active - Full Disclosure,Diagnosis; Lab Reports; Itemized Pharmacy Bill,Insurance Claim Adjudication & Pre-Auth Verification,24 Hours (Statutory Emergency Window),AES-256-GCM,vault-transit-key-0xc20ea80e,Qm26a52286dc6810b3556f019617e7f7bf7634ffdb42a9,0.0.4891024,3414,2026-09-13 11:59:55 UTC,0xe6e53f24dd0eb7a82f4ce20d31983a68247eb8c284bfed44ef4a07f473f0b084,0.0001
CLM-00415,POL-HDFC-849615-729,HDFC ERGO Health Insurance,0x3C44CdDdB6a900fa2b585dd299e03d12FA4293BC,IRDAI-REG-146,Paramount TPA,Chetan Choudhury,849615,0xe0bd6d3d9609d9341e06d417976853a17134f608,Apollo Multispecialty Hospital,0x155Af6ECaFb48861dA7d16Fb8Af2f6ce9d6DD779,Dr. Sunita Narang,NMC-90812,C50.919,Malignant neoplasm of female breast,Oncology,370981.57,365981.57,5000.0,0%,Approved & Settled,Ledger Verified & Payout Secured,Active - Full Disclosure,Lab Reports; Diagnosis; Treatment History; Discharge Summary,Insurance Claim Adjudication & Pre-Auth Verification,24 Hours (Statutory Emergency Window),AES-256-GCM,vault-transit-key-0xe0bd6d3d,Qm2f6b2c2a79d897a2ad7927e0f7f19b51c1e658a87dda,0.0.4891024,3415,2026-09-13 11:59:57 UTC,0xd5b533da72f134b24046c9ae3624aec7a9e610a0dd29f47c9ea451b673dae673,0.0001
CLM-00416,POL-CARE-849616-515,Care Health Insurance (Religare),0x15d34AAf54267DB7D7c367839AAf71A00a2C6A65,IRDAI-REG-148,Heritage Health TPA,Divya Deshmukh,849616,0xaecbd00d3722bd4f99c3204538f28f44dddc44ac,Fortis Memorial Neuro & Trauma Center,0x84f93618C1D541bB1Dcf1373A8eE500A7D439634,Dr. Preeti Deshmukh,NMC-82194,K21.9,Gastro-esophageal reflux disease,Gastroenterology,14546.7,0.0,727.34,0%,Pending Adjudication,Audit Logged - Under Verification,Active - Time-Bound Access,Lab Reports; Diagnosis; Treatment History; Discharge Summary,Insurance Claim Adjudication & Pre-Auth Verification,24 Hours (Statutory Emergency Window),AES-256-GCM,vault-transit-key-0xaecbd00d,Qmb0c61dcd709282e75e685cf2e8734a49406b53c4f4ad,0.0.4891024,3416,2026-09-13 11:59:58 UTC,0x2ccef92ec3275cdbb96772030eac026f9e56881c0f4dbd8ccd1e00c1e08692f0,0.0001
CLM-00417,POL-NIVA-849617-935,Niva Bupa Health Insurance,0x9965507D1a55bcC2695C58ba16FB37d819B0A4dc,IRDAI-REG-145,MDIndia Health TPA,Harish Choudhury,849617,0xbb48f72dbe0c3e833052e7b57beb5147a681cb68,Apex Diagnostic & Pathology Hub,0x04Fee3FD1B338d12FFD6dBD8d66dE1e8e0BB99cB,Dr. Vikram Seth,NMC-99014,S06.9X0A,Unspecified intracranial injury / Concussion,Trauma & Emergency,117809.28,101028.35,5000.0,10%,Approved & Settled,Ledger Verified & Payout Secured,Active - Full Disclosure,Emergency Admission Record; Diagnostic Imaging CT/MRI,Insurance Claim Adjudication & Pre-Auth Verification,24 Hours (Statutory Emergency Window),AES-256-GCM,vault-transit-key-0xbb48f72d,Qm7176d3b533f64caa8f602b82ac5f84630a941da8f37c,0.0.4891024,3417,2026-09-13 12:00:01 UTC,0x91f4133ed07bb4b9de87377404d75a8950b2c198a7222cbf34f80255560af681,0.0001
CLM-00418,POL-HDFC-849618-672,HDFC ERGO Health Insurance,0x3C44CdDdB6a900fa2b585dd299e03d12FA4293BC,IRDAI-REG-146,Paramount TPA,Aarav Deshmukh,849618,0xabfc717030fc32d7305ca3ae0d76fc020b1154a3,Care & Cure Pediatric & Maternity Hospital,0x937F51E09477BfD31E56c5e533038a8eEAc096b7,Dr. Rohan Patel,NMC-11029,I21.9,"Acute myocardial infarction, unspecified",Cardiology,228480.55,189208.47,5000.0,15%,Approved & Settled,Ledger Verified & Payout Secured,Active - Full Disclosure,Lab Reports; Diagnosis; Treatment History; Discharge Summary,Insurance Claim Adjudication & Pre-Auth Verification,24 Hours (Statutory Emergency Window),AES-256-GCM,vault-transit-key-0xabfc7170,Qm9da82aa8946a78117b21248eb4f0eabe775c3be9ed1c,0.0.4891024,3418,2026-09-13 12:00:03 UTC,0x599d1871a60d95d5bcb0be3dfdae145db90f00c341abddc03ff4b96debb4ad10,0.0001
CLM-00419,POL-NIVA-849619-486,Niva Bupa Health Insurance,0x9965507D1a55bcC2695C58ba16FB37d819B0A4dc,IRDAI-REG-145,MDIndia Health TPA,Rahul Swaminathan,849619,0x2bffbb8743afa267003b90923d018dc4983ac01b,Apex Diagnostic & Pathology Hub,0x04Fee3FD1B338d12FFD6dBD8d66dE1e8e0BB99cB,Dr. Vikram Seth,NMC-99014,A90,Dengue fever [classical dengue],Infectious Disease,36909.63,0.0,1845.48,10%,Pending Adjudication,Audit Logged - Under Verification,Active - Time-Bound Access,Emergency Admission Record; Diagnostic Imaging CT/MRI,Insurance Claim Adjudication & Pre-Auth Verification,24 Hours (Statutory Emergency Window),AES-256-GCM,vault-transit-key-0x2bffbb87,Qmfa9ec08552ccce261755f09bef02798a5265d6844fc9,0.0.4891024,3419,2026-09-13 12:00:05 UTC,0xcd2ff6c0af906f687e4f3e1958c657640eeedbd53182f11231219ded8d384c86,0.0001
CLM-00420,POL-NIVA-849620-364,Niva Bupa Health Insurance,0x9965507D1a55bcC2695C58ba16FB37d819B0A4dc,IRDAI-REG-145,MDIndia Health TPA,Yashwanth Swaminathan,849620,0x5d3bb384e7cb5ec93f984c0c5376018de01f7d68,Apollo Multispecialty Hospital,0x155Af6ECaFb48861dA7d16Fb8Af2f6ce9d6DD779,Dr. Ananya Roy,NMC-51203,I21.9,"Acute myocardial infarction, unspecified",Cardiology,227947.86,0.0,5000.0,10%,Pending Adjudication,Audit Logged - Under Verification,Active - Time-Bound Access,Diagnosis; Lab Reports; Itemized Pharmacy Bill,Insurance Claim Adjudication & Pre-Auth Verification,24 Hours (Statutory Emergency Window),AES-256-GCM,vault-transit-key-0x5d3bb384,Qm4bb4e3a0dc1f3db4634bffe4576b172ec2aedb667d10,0.0.4891024,3420,2026-09-13 12:00:06 UTC,0x2c35d3f35914884ac9336619215472b9295de0c0e49eff1b5249887afd5bca64,0.0001
CLM-00421,POL-NIVA-849621-354,Niva Bupa Health Insurance,0x9965507D1a55bcC2695C58ba16FB37d819B0A4dc,IRDAI-REG-145,MDIndia Health TPA,Tanvi Bhatia,849621,0xd68829003cea264438c5ebcc23d020974424fd10,Apex Diagnostic & Pathology Hub,0x04Fee3FD1B338d12FFD6dBD8d66dE1e8e0BB99cB,Dr. Sarah Jenkins,NMC-48192,G40.909,"Epilepsy, unspecified, without status epilepticus",Neurology,43229.77,0.0,2161.49,20%,Pending Adjudication,Audit Logged - Under Verification,Active - Time-Bound Access,Discharge Summary; Surgical Notes; Lab Reports,Insurance Claim Adjudication & Pre-Auth Verification,24 Hours (Statutory Emergency Window),AES-256-GCM,vault-transit-key-0xd6882900,Qmf95fa3dece92936219e80bf954e41a7911669475055d,0.0.4891024,3421,2026-09-13 12:00:08 UTC,0x957f4d053dfdd2faaaec8f321b4631013703e380ffd8223d3a60e964c4da333f,0.0001
CLM-00422,POL-HDFC-849622-323,HDFC ERGO Health Insurance,0x3C44CdDdB6a900fa2b585dd299e03d12FA4293BC,IRDAI-REG-146,Paramount TPA,Harish Malhotra,849622,0x63ee02cd38176fa5eba66faa01190491b65810d2,Care & Cure Pediatric & Maternity Hospital,0x937F51E09477BfD31E56c5e533038a8eEAc096b7,Dr. Vikram Seth,NMC-99014,S06.9X0A,Unspecified intracranial injury / Concussion,Trauma & Emergency,149780.87,122313.74,5000.0,15%,Approved & Settled,Ledger Verified & Payout Secured,Active - Full Disclosure,Diagnosis; Lab Reports; Itemized Pharmacy Bill,Insurance Claim Adjudication & Pre-Auth Verification,24 Hours (Statutory Emergency Window),AES-256-GCM,vault-transit-key-0x63ee02cd,Qm90e541227cf8128c9c4ba64d603021b4c27990bc5796,0.0.4891024,3422,2026-09-13 12:00:10 UTC,0xb89d0287e18ee01f16dea1a20b4fc7a6a62691d6bd09962651c563f6c9d93b43,0.0001
CLM-00423,POL-HDFC-849623-307,HDFC ERGO Health Insurance,0x3C44CdDdB6a900fa2b585dd299e03d12FA4293BC,IRDAI-REG-146,Paramount TPA,Nikhil Rao,849623,0xa1806d164f3ad1d65e145540e334300ac1b961db,Fortis Memorial Neuro & Trauma Center,0x84f93618C1D541bB1Dcf1373A8eE500A7D439634,Dr. Rajesh Sharma,NMC-78491,C50.919,Malignant neoplasm of female breast,Oncology,484774.82,407058.6,5000.0,15%,Approved & Settled,Ledger Verified & Payout Secured,Active - Full Disclosure,Lab Reports; Diagnosis; Treatment History; Discharge Summary,Insurance Claim Adjudication & Pre-Auth Verification,24 Hours (Statutory Emergency Window),AES-256-GCM,vault-transit-key-0xa1806d16,Qm9cf43c9a17e3dd626b57249e2c1063cf705bdcd4c46d,0.0.4891024,3423,2026-09-13 12:00:12 UTC,0x87bdb5838a1da1eb6ae30e0ba1093af6aa5b908d53586487acb35ec1ca450992,0.0001
CLM-00424,POL-CARE-849624-968,Care Health Insurance (Religare),0x15d34AAf54267DB7D7c367839AAf71A00a2C6A65,IRDAI-REG-148,Heritage Health TPA,Divya Shetty,849624,0x67ad35706b108211a2e06f9d0f57e1fc7ddd0c5b,Apex Diagnostic & Pathology Hub,0x04Fee3FD1B338d12FFD6dBD8d66dE1e8e0BB99cB,Dr. Sarah Jenkins,NMC-48192,I10,Essential (primary) hypertension,Cardiology,31835.4,25468.32,1591.77,15%,Approved & Settled,Ledger Verified & Payout Secured,Active - Full Disclosure,Discharge Summary; Surgical Notes; Lab Reports,Insurance Claim Adjudication & Pre-Auth Verification,24 Hours (Statutory Emergency Window),AES-256-GCM,vault-transit-key-0x67ad3570,Qmc869e51e2c4348ba531efe98d565a7cf926fe3c6691a,0.0.4891024,3424,2026-09-13 12:00:14 UTC,0xb0c6e4ebf752b906e601c7400725ffa0fdb02cd89fa65f2a36d55e55044db339,0.0001
CLM-00425,POL-NIVA-849625-868,Niva Bupa Health Insurance,0x9965507D1a55bcC2695C58ba16FB37d819B0A4dc,IRDAI-REG-145,MDIndia Health TPA,Neha Gowda,849625,0x627583576dc8e5d1c46caa5a4e72836586a418d3,Fortis Memorial Neuro & Trauma Center,0x84f93618C1D541bB1Dcf1373A8eE500A7D439634,Dr. Ananya Roy,NMC-51203,C50.919,Malignant neoplasm of female breast,Oncology,440609.75,435609.75,5000.0,0%,Approved & Settled,Ledger Verified & Payout Secured,Active - Full Disclosure,Emergency Admission Record; Diagnostic Imaging CT/MRI,Insurance Claim Adjudication & Pre-Auth Verification,24 Hours (Statutory Emergency Window),AES-256-GCM,vault-transit-key-0x62758357,Qmc8579548eb219cf0c65c01a03c09b137b1159b3bb905,0.0.4891024,3425,2026-09-13 12:00:16 UTC,0x5c03fe86a5a29066e7fcecb8d43651d7c3b6295a7de171532698811265ace7dc,0.0001
CLM-00426,POL-NIVA-849626-568,Niva Bupa Health Insurance,0x9965507D1a55bcC2695C58ba16FB37d819B0A4dc,IRDAI-REG-145,MDIndia Health TPA,Geeta Verma,849626,0xd3758bc2be0031dd12cf55b12ebb70ae3073dc96,Fortis Memorial Neuro & Trauma Center,0x84f93618C1D541bB1Dcf1373A8eE500A7D439634,Dr. Ananya Roy,NMC-51203,E11.9,Type 2 diabetes mellitus without complications,Endocrinology,24779.42,18584.57,1238.97,20%,Approved & Settled,Ledger Verified & Payout Secured,Active - Full Disclosure,Lab Reports; Diagnosis; Treatment History; Discharge Summary,Insurance Claim Adjudication & Pre-Auth Verification,24 Hours (Statutory Emergency Window),AES-256-GCM,vault-transit-key-0xd3758bc2,Qmbd9f480ede46e5162554cfaed35411a3bd4b5f47e48f,0.0.4891024,3426,2026-09-13 12:00:18 UTC,0xb1580bf184d7b2792b1db809c02b2492a5b9da88ddaf22341aea15e6e9eba99b,0.0001
CLM-00427,POL-NIVA-849627-727,Niva Bupa Health Insurance,0x9965507D1a55bcC2695C58ba16FB37d819B0A4dc,IRDAI-REG-145,MDIndia Health TPA,Pooja Joshi,849627,0x62483b0520920a654b7344169343f624f2d7ab0b,Apollo Multispecialty Hospital,0x155Af6ECaFb48861dA7d16Fb8Af2f6ce9d6DD779,Dr. Vikram Seth,NMC-99014,S06.9X0A,Unspecified intracranial injury / Concussion,Trauma & Emergency,148100.32,128290.29,5000.0,10%,Approved & Settled,Ledger Verified & Payout Secured,Active - Full Disclosure,Diagnosis; Lab Reports; Itemized Pharmacy Bill,Insurance Claim Adjudication & Pre-Auth Verification,24 Hours (Statutory Emergency Window),AES-256-GCM,vault-transit-key-0x62483b05,Qm0f9a7f2ffcde7dc2aeb445d59b86122ca44f7f115a96,0.0.4891024,3427,2026-09-13 12:00:20 UTC,0xc6f1165d892d7860f43ff649e1202c6d9c03de83418f1190b106413a4ad0adc7,0.0001
CLM-00428,POL-ICIC-849628-534,ICICI Lombard General Insurance,0x90F79bf6EB2c4f870365E785982E1f101E93b906,IRDAI-REG-115,Vidal Health TPA,Amit Agarwal,849628,0x471fbf50865d8bd31dffca67a3ee48838d2a6c5c,Fortis Memorial Neuro & Trauma Center,0x84f93618C1D541bB1Dcf1373A8eE500A7D439634,Dr. Rajesh Sharma,NMC-78491,A90,Dengue fever [classical dengue],Infectious Disease,31831.67,25465.34,1591.58,15%,Approved & Settled,Ledger Verified & Payout Secured,Active - Full Disclosure,Emergency Admission Record; Diagnostic Imaging CT/MRI,Insurance Claim Adjudication & Pre-Auth Verification,24 Hours (Statutory Emergency Window),AES-256-GCM,vault-transit-key-0x471fbf50,Qm3c035a5772ff3d4b735501909d7babf924583214dedc,0.0.4891024,3428,2026-09-13 12:00:22 UTC,0xfd3ac8f5065242fa15b3cac04dce58688f782c1e3ac6a6dbac83ef2557a19cb6,0.0001
CLM-00429,POL-NIVA-849629-933,Niva Bupa Health Insurance,0x9965507D1a55bcC2695C58ba16FB37d819B0A4dc,IRDAI-REG-145,MDIndia Health TPA,Vikas Nair,849629,0x66c46c37c8a3c3265c13bac8202588f171027325,Max Super Speciality Cancer Institute,0x28B7eA94B34C8F52D19E50Eb14769Da20F5D54b4,Dr. Rohan Patel,NMC-11029,C50.919,Malignant neoplasm of female breast,Oncology,359077.73,0.0,5000.0,15%,Pending Adjudication,Audit Logged - Under Verification,Active - Time-Bound Access,Emergency Admission Record; Diagnostic Imaging CT/MRI,Insurance Claim Adjudication & Pre-Auth Verification,24 Hours (Statutory Emergency Window),AES-256-GCM,vault-transit-key-0x66c46c37,Qm70d87ce69f28613d1f37858a35230ec872007d1b31ea,0.0.4891024,3429,2026-09-13 12:00:24 UTC,0x24bf32b750e4b04f17f3fced7adfa6d9a14fa781c02bc7bc5250cbe87fc9b481,0.0001
CLM-00430,POL-HDFC-849630-280,HDFC ERGO Health Insurance,0x3C44CdDdB6a900fa2b585dd299e03d12FA4293BC,IRDAI-REG-146,Paramount TPA,Nikhil Gupta,849630,0x368f4990df6393a2d9571ec29eb33f5e51682d6f,Care & Cure Pediatric & Maternity Hospital,0x937F51E09477BfD31E56c5e533038a8eEAc096b7,Dr. Sunita Narang,NMC-90812,I10,Essential (primary) hypertension,Cardiology,31056.0,0.0,1552.8,10%,Rejected - Policy Exclusion,Rejected with Ledger Audit Reason,Expired / Revoked,Discharge Summary; Surgical Notes; Lab Reports,Insurance Claim Adjudication & Pre-Auth Verification,24 Hours (Statutory Emergency Window),AES-256-GCM,vault-transit-key-0x368f4990,Qmf5b8aaa1d7782d46a7b14d66f3cf7c40d8bb06b4bc6c,0.0.4891024,3430,2026-09-13 12:00:26 UTC,0xdc2d682072d2d3afc8786b19527f5fd3a5703b2fa7e96132606372f3edf1e15a,0.0001
CLM-00431,POL-NIVA-849631-201,Niva Bupa Health Insurance,0x9965507D1a55bcC2695C58ba16FB37d819B0A4dc,IRDAI-REG-145,MDIndia Health TPA,Rohan Deshmukh,849631,0xa63c2c917a9978bbaae9317ef4d4f1ace438bcb2,Apex Diagnostic & Pathology Hub,0x04Fee3FD1B338d12FFD6dBD8d66dE1e8e0BB99cB,Dr. Sarah Jenkins,NMC-48192,K21.9,Gastro-esophageal reflux disease,Gastroenterology,15134.31,14377.59,756.72,0%,Approved & Settled,Ledger Verified & Payout Secured,Active - Full Disclosure,Discharge Summary; Surgical Notes; Lab Reports,Insurance Claim Adjudication & Pre-Auth Verification,24 Hours (Statutory Emergency Window),AES-256-GCM,vault-transit-key-0xa63c2c91,Qm8727749ab23bcdf669fd40153c5aee03547eeb4277da,0.0.4891024,3431,2026-09-13 12:00:28 UTC,0x7c3582bc24551624ef8f5131e223d05b96a372d7f75a8a4b50e6660f1f784d0d,0.0001
CLM-00432,POL-ICIC-849632-673,ICICI Lombard General Insurance,0x90F79bf6EB2c4f870365E785982E1f101E93b906,IRDAI-REG-115,Vidal Health TPA,Gautam Banerjee,849632,0x28a5b1d4c5f412b6f43ceb4fc9e8776df4617f83,Fortis Memorial Neuro & Trauma Center,0x84f93618C1D541bB1Dcf1373A8eE500A7D439634,Dr. Vikram Seth,NMC-99014,S06.9X0A,Unspecified intracranial injury / Concussion,Trauma & Emergency,132350.18,107497.65,5000.0,15%,Approved & Settled,Ledger Verified & Payout Secured,Active - Full Disclosure,Emergency Admission Record; Diagnostic Imaging CT/MRI,Insurance Claim Adjudication & Pre-Auth Verification,24 Hours (Statutory Emergency Window),AES-256-GCM,vault-transit-key-0x28a5b1d4,Qm500383ef6abc4d640aad1b0a969ae8a97e6cf732d28c,0.0.4891024,3432,2026-09-13 12:00:29 UTC,0xf7a47cb6f49b7872dc4141689c5979894f1ba26833b5a0e90d31040ff6454a04,0.0001
CLM-00433,POL-NIVA-849633-899,Niva Bupa Health Insurance,0x9965507D1a55bcC2695C58ba16FB37d819B0A4dc,IRDAI-REG-145,MDIndia Health TPA,Sanjay Mukherjee,849633,0x78aa6bd6d7fd695e055fe78c551620b2acd13212,Max Super Speciality Cancer Institute,0x28B7eA94B34C8F52D19E50Eb14769Da20F5D54b4,Dr. Rohan Patel,NMC-11029,E11.9,Type 2 diabetes mellitus without complications,Endocrinology,19019.37,0.0,950.97,15%,Pending Adjudication,Audit Logged - Under Verification,Active - Time-Bound Access,Emergency Admission Record; Diagnostic Imaging CT/MRI,Insurance Claim Adjudication & Pre-Auth Verification,24 Hours (Statutory Emergency Window),AES-256-GCM,vault-transit-key-0x78aa6bd6,Qm5ecae60f9b33600df4b35e5a30fd963cd4876621e887,0.0.4891024,3433,2026-09-13 12:00:31 UTC,0x9e7fbd4d323b5778e5730b3e1872c863808a09aed7ae01e0d1181c9fe7ac9ef5,0.0001
CLM-00434,POL-NIVA-849634-989,Niva Bupa Health Insurance,0x9965507D1a55bcC2695C58ba16FB37d819B0A4dc,IRDAI-REG-145,MDIndia Health TPA,Divya Joshi,849634,0x32d202b8ac21195e257ba6d57108a5d433e32215,Fortis Memorial Neuro & Trauma Center,0x84f93618C1D541bB1Dcf1373A8eE500A7D439634,Dr. Ananya Roy,NMC-51203,E11.9,Type 2 diabetes mellitus without complications,Endocrinology,18045.07,14436.06,902.25,15%,Approved & Settled,Ledger Verified & Payout Secured,Active - Full Disclosure,Emergency Admission Record; Diagnostic Imaging CT/MRI,Insurance Claim Adjudication & Pre-Auth Verification,24 Hours (Statutory Emergency Window),AES-256-GCM,vault-transit-key-0x32d202b8,Qm59bb7ea41d2b7f6d80fd1c455e2dbe56cf2458dfed23,0.0.4891024,3434,2026-09-13 12:00:33 UTC,0x35520b091f3edb319d279e9d9b0fd2e0d7e5b62a9ec61461fc7eb68420be5689,0.0001
CLM-00435,POL-ICIC-849635-768,ICICI Lombard General Insurance,0x90F79bf6EB2c4f870365E785982E1f101E93b906,IRDAI-REG-115,Vidal Health TPA,Divya Nair,849635,0xe59af805860f5852b988cebd63d363b0c7317925,Max Super Speciality Cancer Institute,0x28B7eA94B34C8F52D19E50Eb14769Da20F5D54b4,Dr. Vikram Seth,NMC-99014,S06.9X0A,Unspecified intracranial injury / Concussion,Trauma & Emergency,118577.69,0.0,5000.0,15%,Pending Adjudication,Audit Logged - Under Verification,Active - Time-Bound Access,Emergency Admission Record; Diagnostic Imaging CT/MRI,Insurance Claim Adjudication & Pre-Auth Verification,24 Hours (Statutory Emergency Window),AES-256-GCM,vault-transit-key-0xe59af805,Qm38865cf7867dadbab8953902cc4181796c9490f14e87,0.0.4891024,3435,2026-09-13 12:00:35 UTC,0xe736c560a45829b7f5726115e345920f1d05693ed407afd9a973cfeb2caccc83,0.0001
CLM-00436,POL-ICIC-849636-523,ICICI Lombard General Insurance,0x90F79bf6EB2c4f870365E785982E1f101E93b906,IRDAI-REG-115,Vidal Health TPA,Vikas Gowda,849636,0x5999941bf04bb30658126b88ecb1c0f1b63ee6f8,Apex Diagnostic & Pathology Hub,0x04Fee3FD1B338d12FFD6dBD8d66dE1e8e0BB99cB,Dr. Rohan Patel,NMC-11029,A90,Dengue fever [classical dengue],Infectious Disease,31209.38,29648.91,1560.47,0%,Approved & Settled,Ledger Verified & Payout Secured,Active - Full Disclosure,Diagnosis; Lab Reports; Itemized Pharmacy Bill,Insurance Claim Adjudication & Pre-Auth Verification,24 Hours (Statutory Emergency Window),AES-256-GCM,vault-transit-key-0x5999941b,Qm3401bac9e2bca0f9f9221ef338366b32d8c66a1f8e96,0.0.4891024,3436,2026-09-13 12:00:37 UTC,0x8ae9b6a84aba5fc8d442e490d3d9058fbc913f376604208c12de2508c093940a,0.0001
CLM-00437,POL-STAR-849637-205,Star Health & Allied Insurance,0x70997970C51812dc3A010C7d01b50e0d17dc79C8,IRDAI-REG-129,MediAssist TPA,Rahul Menon,849637,0x98ca98a81a4a9b1fd559454915c44c368dd1a8c2,Max Super Speciality Cancer Institute,0x28B7eA94B34C8F52D19E50Eb14769Da20F5D54b4,Dr. Rajesh Sharma,NMC-78491,K21.9,Gastro-esophageal reflux disease,Gastroenterology,11787.49,8840.62,589.37,20%,Approved & Settled,Ledger Verified & Payout Secured,Active - Full Disclosure,Lab Reports; Diagnosis; Treatment History; Discharge Summary,Insurance Claim Adjudication & Pre-Auth Verification,24 Hours (Statutory Emergency Window),AES-256-GCM,vault-transit-key-0x98ca98a8,Qm34be9386a1c4aa505358be2d42695542f6dfea1afc6f,0.0.4891024,3437,2026-09-13 12:00:39 UTC,0xc8f5ff3638b44a5d3b5bc1d1dbb731f66fe106887eca1d369f3c1f81edd54bed,0.0001
CLM-00438,POL-STAR-849638-186,Star Health & Allied Insurance,0x70997970C51812dc3A010C7d01b50e0d17dc79C8,IRDAI-REG-129,MediAssist TPA,Chetan Gowda,849638,0xd1732598776282c66a5429f7111c59432eb00412,Apollo Multispecialty Hospital,0x155Af6ECaFb48861dA7d16Fb8Af2f6ce9d6DD779,Dr. Vikram Seth,NMC-99014,E11.9,Type 2 diabetes mellitus without complications,Endocrinology,22101.48,16576.11,1105.07,20%,Approved & Settled,Ledger Verified & Payout Secured,Active - Full Disclosure,Diagnosis; Lab Reports; Itemized Pharmacy Bill,Insurance Claim Adjudication & Pre-Auth Verification,24 Hours (Statutory Emergency Window),AES-256-GCM,vault-transit-key-0xd1732598,Qm8a9352d354ed36d674d5d8cc5f219df2a3a67420a069,0.0.4891024,3438,2026-09-13 12:00:41 UTC,0x590f27aa34b2a942a4bdf0a7816e8e7efd7cda1eb9573da7d5d15db29b879cd7,0.0001
CLM-00439,POL-HDFC-849639-129,HDFC ERGO Health Insurance,0x3C44CdDdB6a900fa2b585dd299e03d12FA4293BC,IRDAI-REG-146,Paramount TPA,Vikas Kulkarni,849639,0x094f607c45a87ed112b4b57ff0d4453ac20ae128,Max Super Speciality Cancer Institute,0x28B7eA94B34C8F52D19E50Eb14769Da20F5D54b4,Dr. Rohan Patel,NMC-11029,E11.9,Type 2 diabetes mellitus without complications,Endocrinology,16942.67,0.0,847.13,15%,Awaiting Patient Consent Approval,Access Requested via Ledger,Pending Patient Authorization,Discharge Summary; Surgical Notes; Lab Reports,Insurance Claim Adjudication & Pre-Auth Verification,24 Hours (Statutory Emergency Window),AES-256-GCM,vault-transit-key-0x094f607c,Qm828a1eb5e1d18708f059978f1b135b736492b0aec07e,0.0.4891024,3439,2026-09-13 12:00:43 UTC,0x815d8cec6e82cc597bac706ae8f4a5ce5732d5502964751db6ebf7570d7f80a5,0.0001
CLM-00440,POL-NIVA-849640-238,Niva Bupa Health Insurance,0x9965507D1a55bcC2695C58ba16FB37d819B0A4dc,IRDAI-REG-145,MDIndia Health TPA,Yashwanth Mukherjee,849640,0xe204dbe9939396b52cb4558ee184f7adec1f7d18,Fortis Memorial Neuro & Trauma Center,0x84f93618C1D541bB1Dcf1373A8eE500A7D439634,Dr. Rohan Patel,NMC-11029,A90,Dengue fever [classical dengue],Infectious Disease,42761.41,36347.2,2138.07,10%,Approved & Settled,Ledger Verified & Payout Secured,Active - Full Disclosure,Emergency Admission Record; Diagnostic Imaging CT/MRI,Insurance Claim Adjudication & Pre-Auth Verification,24 Hours (Statutory Emergency Window),AES-256-GCM,vault-transit-key-0xe204dbe9,Qmec54709eac626fab04c8c97df7b8e6c8be28182efae5,0.0.4891024,3440,2026-09-13 12:00:45 UTC,0x072b4f76a7634497381316c80dba8a56491f90569270748f076f903a80b3438f,0.0001
CLM-00441,POL-NIVA-849641-593,Niva Bupa Health Insurance,0x9965507D1a55bcC2695C58ba16FB37d819B0A4dc,IRDAI-REG-145,MDIndia Health TPA,Kiran Kapoor,849641,0x7bf8b6298c2d026c7cd66cdea66a3482bcbf303a,Apex Diagnostic & Pathology Hub,0x04Fee3FD1B338d12FFD6dBD8d66dE1e8e0BB99cB,Dr. Vikram Seth,NMC-99014,S06.9X0A,Unspecified intracranial injury / Concussion,Trauma & Emergency,131427.83,126427.83,5000.0,0%,Approved & Settled,Ledger Verified & Payout Secured,Active - Full Disclosure,Discharge Summary; Surgical Notes; Lab Reports,Insurance Claim Adjudication & Pre-Auth Verification,24 Hours (Statutory Emergency Window),AES-256-GCM,vault-transit-key-0x7bf8b629,Qm2ac8c08a24aceb88af0c63e9972982faf1ed8c328673,0.0.4891024,3441,2026-09-13 12:00:47 UTC,0x304528fc2fe9dbcfe7e89446369e885b0fcb090c342fc6092a45ad6ba95d789d,0.0001
CLM-00442,POL-ICIC-849642-452,ICICI Lombard General Insurance,0x90F79bf6EB2c4f870365E785982E1f101E93b906,IRDAI-REG-115,Vidal Health TPA,Rahul Gupta,849642,0xc205fdd82d3802234503995059634d49d7cd8ecb,Apollo Multispecialty Hospital,0x155Af6ECaFb48861dA7d16Fb8Af2f6ce9d6DD779,Dr. Sarah Jenkins,NMC-48192,E11.9,Type 2 diabetes mellitus without complications,Endocrinology,19037.3,0.0,951.87,0%,Pending Adjudication,Audit Logged - Under Verification,Active - Time-Bound Access,Emergency Admission Record; Diagnostic Imaging CT/MRI,Insurance Claim Adjudication & Pre-Auth Verification,24 Hours (Statutory Emergency Window),AES-256-GCM,vault-transit-key-0xc205fdd8,Qm277d52de2c01c1751107ca272092250c6f6cffdd3558,0.0.4891024,3442,2026-09-13 12:00:49 UTC,0x2fc7731a1e089df15b1d09c001555a60beccc822f18bde36bd9dd45d9673676d,0.0001
CLM-00443,POL-CARE-849643-915,Care Health Insurance (Religare),0x15d34AAf54267DB7D7c367839AAf71A00a2C6A65,IRDAI-REG-148,Heritage Health TPA,Rohan Sharma,849643,0x836ed7568ed5c38c929e8e2c19dc5a578b2765a0,Fortis Memorial Neuro & Trauma Center,0x84f93618C1D541bB1Dcf1373A8eE500A7D439634,Dr. Rohan Patel,NMC-11029,C50.919,Malignant neoplasm of female breast,Oncology,343234.28,286749.14,5000.0,15%,Approved & Settled,Ledger Verified & Payout Secured,Active - Full Disclosure,Emergency Admission Record; Diagnostic Imaging CT/MRI,Insurance Claim Adjudication & Pre-Auth Verification,24 Hours (Statutory Emergency Window),AES-256-GCM,vault-transit-key-0x836ed756,Qm90006e3fbbfdabbcb32049703914c3fb9639d9c24a23,0.0.4891024,3443,2026-09-13 12:00:51 UTC,0x53069b0477037163a47f59b05b0a38f96b8b8f364c49df011cb30d4c9ddd5810,0.0001
CLM-00444,POL-CARE-849644-181,Care Health Insurance (Religare),0x15d34AAf54267DB7D7c367839AAf71A00a2C6A65,IRDAI-REG-148,Heritage Health TPA,Priyanka Nair,849644,0x4e0665b608aa6aaf8afb2d205c3eb2effce0837f,Care & Cure Pediatric & Maternity Hospital,0x937F51E09477BfD31E56c5e533038a8eEAc096b7,Dr. Rajesh Sharma,NMC-78491,G40.909,"Epilepsy, unspecified, without status epilepticus",Neurology,45780.32,38913.27,2289.02,10%,Approved & Settled,Ledger Verified & Payout Secured,Active - Full Disclosure,Discharge Summary; Surgical Notes; Lab Reports,Insurance Claim Adjudication & Pre-Auth Verification,24 Hours (Statutory Emergency Window),AES-256-GCM,vault-transit-key-0x4e0665b6,Qmcd31cfdf48401da19b8d3509dce6f0b453e22950b3eb,0.0.4891024,3444,2026-09-13 12:00:52 UTC,0x077108152dbcad79ce597521c29c0772404c1c1cb9a2e3beeb5afa8361ca8c82,0.0001
CLM-00445,POL-ICIC-849645-286,ICICI Lombard General Insurance,0x90F79bf6EB2c4f870365E785982E1f101E93b906,IRDAI-REG-115,Vidal Health TPA,Geeta Hegde,849645,0x59e658c84d5098f35dbea120d1c7764ad90b9db3,Care & Cure Pediatric & Maternity Hospital,0x937F51E09477BfD31E56c5e533038a8eEAc096b7,Dr. Rajesh Sharma,NMC-78491,I21.9,"Acute myocardial infarction, unspecified",Cardiology,235562.8,0.0,5000.0,0%,Pending Adjudication,Audit Logged - Under Verification,Active - Time-Bound Access,Emergency Admission Record; Diagnostic Imaging CT/MRI,Insurance Claim Adjudication & Pre-Auth Verification,24 Hours (Statutory Emergency Window),AES-256-GCM,vault-transit-key-0x59e658c8,Qmc0b5126b56e8b7fa9d6bba620a775458587c86dc7861,0.0.4891024,3445,2026-09-13 12:00:54 UTC,0x258a7f9644f30e31c63f669b56f5d1bc66ddc99fcb33a023c7893c2a56f2fe2a,0.0001
CLM-00446,POL-HDFC-849646-150,HDFC ERGO Health Insurance,0x3C44CdDdB6a900fa2b585dd299e03d12FA4293BC,IRDAI-REG-146,Paramount TPA,Nandini Chatterjee,849646,0x5407cb8be339a61fc1ac60da1a5d71b2a8b91581,Fortis Memorial Neuro & Trauma Center,0x84f93618C1D541bB1Dcf1373A8eE500A7D439634,Dr. Sarah Jenkins,NMC-48192,E11.9,Type 2 diabetes mellitus without complications,Endocrinology,24722.89,23486.75,1236.14,0%,Approved & Settled,Ledger Verified & Payout Secured,Active - Full Disclosure,Lab Reports; Diagnosis; Treatment History; Discharge Summary,Insurance Claim Adjudication & Pre-Auth Verification,24 Hours (Statutory Emergency Window),AES-256-GCM,vault-transit-key-0x5407cb8b,Qmb06b6aad3446312bbd64e88cb68e0bebad44fb352c2f,0.0.4891024,3446,2026-09-13 12:00:56 UTC,0xb6dd17ae22349d29b4bfb0183c70c82b1569b68cc145c443e0ba215ea68c8436,0.0001
CLM-00447,POL-CARE-849647-254,Care Health Insurance (Religare),0x15d34AAf54267DB7D7c367839AAf71A00a2C6A65,IRDAI-REG-148,Heritage Health TPA,Rakesh Gupta,849647,0x5e9b7f491ec85cb3021de2768deb37ace6c5b7e0,Apollo Multispecialty Hospital,0x155Af6ECaFb48861dA7d16Fb8Af2f6ce9d6DD779,Dr. Rajesh Sharma,NMC-78491,I21.9,"Acute myocardial infarction, unspecified",Cardiology,222123.41,194911.07,5000.0,10%,Approved & Settled,Ledger Verified & Payout Secured,Active - Full Disclosure,Discharge Summary; Surgical Notes; Lab Reports,Insurance Claim Adjudication & Pre-Auth Verification,24 Hours (Statutory Emergency Window),AES-256-GCM,vault-transit-key-0x5e9b7f49,Qm7e289941133b8a0b8153ac7055bc6bd9998a7f3996a4,0.0.4891024,3447,2026-09-13 12:00:58 UTC,0x52baac225ba4a1c1c5e845a1dc2d7acddc699ca6e3ae4be1d425823ccffe0e0e,0.0001
CLM-00448,POL-STAR-849648-157,Star Health & Allied Insurance,0x70997970C51812dc3A010C7d01b50e0d17dc79C8,IRDAI-REG-129,MediAssist TPA,Shreya Banerjee,849648,0x93227db9a19402a0fe9866da342c5f77ac53a413,Fortis Memorial Neuro & Trauma Center,0x84f93618C1D541bB1Dcf1373A8eE500A7D439634,Dr. Sarah Jenkins,NMC-48192,E11.9,Type 2 diabetes mellitus without complications,Endocrinology,18868.64,14151.48,943.43,20%,Approved & Settled,Ledger Verified & Payout Secured,Active - Full Disclosure,Emergency Admission Record; Diagnostic Imaging CT/MRI,Insurance Claim Adjudication & Pre-Auth Verification,24 Hours (Statutory Emergency Window),AES-256-GCM,vault-transit-key-0x93227db9,Qm57c49fc6658de2e3dcaff328add6713cbbc699f362cc,0.0.4891024,3448,2026-09-13 12:01:00 UTC,0x6040c1792a1104b54c2278a1f3efecaafa488079c2e61bcf843c85c937b81824,0.0001
CLM-00449,POL-ICIC-849649-224,ICICI Lombard General Insurance,0x90F79bf6EB2c4f870365E785982E1f101E93b906,IRDAI-REG-115,Vidal Health TPA,Nikhil Swaminathan,849649,0x703303acb364175295ad7a112ba4a7cb299a2bb9,Care & Cure Pediatric & Maternity Hospital,0x937F51E09477BfD31E56c5e533038a8eEAc096b7,Dr. Sunita Narang,NMC-90812,I10,Essential (primary) hypertension,Cardiology,38149.23,32426.85,1907.46,10%,Approved & Settled,Ledger Verified & Payout Secured,Active - Full Disclosure,Emergency Admission Record; Diagnostic Imaging CT/MRI,Insurance Claim Adjudication & Pre-Auth Verification,24 Hours (Statutory Emergency Window),AES-256-GCM,vault-transit-key-0x703303ac,Qme446bfaa39ad1c8bb49de0465c5b8b28dd9bdcc17668,0.0.4891024,3449,2026-09-13 12:01:02 UTC,0x65dcd6001ab6ee1b283ad97899fa095577f1f33dc78d58fb2ae6aa53704b3160,0.0001
CLM-00450,POL-CARE-849650-584,Care Health Insurance (Religare),0x15d34AAf54267DB7D7c367839AAf71A00a2C6A65,IRDAI-REG-148,Heritage Health TPA,Ananya Iyer,849650,0x13e81069268caff4a6af4aaff7856866337c6b36,Apollo Multispecialty Hospital,0x155Af6ECaFb48861dA7d16Fb8Af2f6ce9d6DD779,Dr. Rohan Patel,NMC-11029,C50.919,Malignant neoplasm of female breast,Oncology,408540.03,0.0,5000.0,15%,Rejected - Policy Exclusion,Rejected with Ledger Audit Reason,Expired / Revoked,Diagnosis; Lab Reports; Itemized Pharmacy Bill,Insurance Claim Adjudication & Pre-Auth Verification,24 Hours (Statutory Emergency Window),AES-256-GCM,vault-transit-key-0x13e81069,Qm4b29e1c436eb1e13051c1f26261a0edc53a90ef642b2,0.0.4891024,3450,2026-09-13 12:01:04 UTC,0x1b7031b907283d332945eef39e7f83ba2a02c73caee8dadcfe74f7291fc33774,0.0001
CLM-00451,POL-NIVA-849651-592,Niva Bupa Health Insurance,0x9965507D1a55bcC2695C58ba16FB37d819B0A4dc,IRDAI-REG-145,MDIndia Health TPA,Ananya Menon,849651,0xfd864f06b4dbd6a4da668b777ff8cba94eb37ad8,Apex Diagnostic & Pathology Hub,0x04Fee3FD1B338d12FFD6dBD8d66dE1e8e0BB99cB,Dr. Sarah Jenkins,NMC-48192,G40.909,"Epilepsy, unspecified, without status epilepticus",Neurology,49868.03,42387.83,2493.4,10%,Approved & Settled,Ledger Verified & Payout Secured,Active - Full Disclosure,Lab Reports; Diagnosis; Treatment History; Discharge Summary,Insurance Claim Adjudication & Pre-Auth Verification,24 Hours (Statutory Emergency Window),AES-256-GCM,vault-transit-key-0xfd864f06,Qm8a9595861a6586ea9a18b733a81acf6ff37b1e343c4c,0.0.4891024,3451,2026-09-13 12:01:06 UTC,0x9f7dbf36b7ed7578b6f5baf1874e587b235f8317188afe0f01ba43397d5d08b4,0.0001
CLM-00452,POL-HDFC-849652-271,HDFC ERGO Health Insurance,0x3C44CdDdB6a900fa2b585dd299e03d12FA4293BC,IRDAI-REG-146,Paramount TPA,Pooja Reddy,849652,0x0bf0b1544858233e9b8f157f073140e1abf93e59,Care & Cure Pediatric & Maternity Hospital,0x937F51E09477BfD31E56c5e533038a8eEAc096b7,Dr. Vikram Seth,NMC-99014,I10,Essential (primary) hypertension,Cardiology,35838.06,34046.16,1791.9,0%,Approved & Settled,Ledger Verified & Payout Secured,Active - Full Disclosure,Diagnosis; Lab Reports; Itemized Pharmacy Bill,Insurance Claim Adjudication & Pre-Auth Verification,24 Hours (Statutory Emergency Window),AES-256-GCM,vault-transit-key-0x0bf0b154,Qm9a19fed33d917c8d6b2324f700688f3aa75bf6f8bc5d,0.0.4891024,3452,2026-09-13 12:01:07 UTC,0x021fcd3d398381709117ce62b45f0212104a87c68409cf6dde24f4b1b45fadb2,0.0001
CLM-00453,POL-CARE-849653-889,Care Health Insurance (Religare),0x15d34AAf54267DB7D7c367839AAf71A00a2C6A65,IRDAI-REG-148,Heritage Health TPA,Ananya Saxena,849653,0xaea9000c30a1eb15013726ab7b1711f75453461e,Apex Diagnostic & Pathology Hub,0x04Fee3FD1B338d12FFD6dBD8d66dE1e8e0BB99cB,Dr. Rajesh Sharma,NMC-78491,S06.9X0A,Unspecified intracranial injury / Concussion,Trauma & Emergency,108130.58,92317.52,5000.0,10%,Approved & Settled,Ledger Verified & Payout Secured,Active - Full Disclosure,Discharge Summary; Surgical Notes; Lab Reports,Insurance Claim Adjudication & Pre-Auth Verification,24 Hours (Statutory Emergency Window),AES-256-GCM,vault-transit-key-0xaea9000c,Qme521a348735997c9744333575788a582f7327619c134,0.0.4891024,3453,2026-09-13 12:01:10 UTC,0x33d92d34abd55d86e299eb314549712757b6095ab73241b972efb678175f7aea,0.0001
CLM-00454,POL-ICIC-849654-228,ICICI Lombard General Insurance,0x90F79bf6EB2c4f870365E785982E1f101E93b906,IRDAI-REG-115,Vidal Health TPA,Arjun Verma,849654,0x12f56bb276871b1c763e4932669d1a6937a2a25c,Max Super Speciality Cancer Institute,0x28B7eA94B34C8F52D19E50Eb14769Da20F5D54b4,Dr. Preeti Deshmukh,NMC-82194,I21.9,"Acute myocardial infarction, unspecified",Cardiology,274284.68,0.0,5000.0,15%,Rejected - Policy Exclusion,Rejected with Ledger Audit Reason,Expired / Revoked,Discharge Summary; Surgical Notes; Lab Reports,Insurance Claim Adjudication & Pre-Auth Verification,24 Hours (Statutory Emergency Window),AES-256-GCM,vault-transit-key-0x12f56bb2,Qm8159ac389ec766f167daceda106d8d0fb634a8ad4cbe,0.0.4891024,3454,2026-09-13 12:01:12 UTC,0x1e151f353cc2de8b3a8f26779cd375768dfde6e219e12ddce13c96f329f408f1,0.0001
CLM-00455,POL-CARE-849655-356,Care Health Insurance (Religare),0x15d34AAf54267DB7D7c367839AAf71A00a2C6A65,IRDAI-REG-148,Heritage Health TPA,Nikhil Sharma,849655,0xd78a713268e0a2502a54828dd01584b7f608f303,Fortis Memorial Neuro & Trauma Center,0x84f93618C1D541bB1Dcf1373A8eE500A7D439634,Dr. Preeti Deshmukh,NMC-82194,E11.9,Type 2 diabetes mellitus without complications,Endocrinology,24131.37,0.0,1206.57,20%,Pending Adjudication,Audit Logged - Under Verification,Active - Time-Bound Access,Discharge Summary; Surgical Notes; Lab Reports,Insurance Claim Adjudication & Pre-Auth Verification,24 Hours (Statutory Emergency Window),AES-256-GCM,vault-transit-key-0xd78a7132,Qmb96cad3a80f22f733d45418de01403776633e25a8d02,0.0.4891024,3455,2026-09-13 12:01:14 UTC,0x98a2630156817ad798e47dcfc091f93921244677de09f2203e32b01b32b79d4f,0.0001
CLM-00456,POL-NIVA-849656-431,Niva Bupa Health Insurance,0x9965507D1a55bcC2695C58ba16FB37d819B0A4dc,IRDAI-REG-145,MDIndia Health TPA,Anand Iyer,849656,0xe4017b313fd668390bac6161fcfdd2447b11ca25,Max Super Speciality Cancer Institute,0x28B7eA94B34C8F52D19E50Eb14769Da20F5D54b4,Dr. Rohan Patel,NMC-11029,S06.9X0A,Unspecified intracranial injury / Concussion,Trauma & Emergency,141401.82,0.0,5000.0,15%,Awaiting Patient Consent Approval,Access Requested via Ledger,Pending Patient Authorization,Diagnosis; Lab Reports; Itemized Pharmacy Bill,Insurance Claim Adjudication & Pre-Auth Verification,24 Hours (Statutory Emergency Window),AES-256-GCM,vault-transit-key-0xe4017b31,Qm9434ec9057fe510b6e4c8b076ef04226723cbc9d62fa,0.0.4891024,3456,2026-09-13 12:01:15 UTC,0xeab2a1c91f3d824cce3823addd926a1ad1fa9f94630833d54413285c9307dad5,0.0001
CLM-00457,POL-CARE-849657-654,Care Health Insurance (Religare),0x15d34AAf54267DB7D7c367839AAf71A00a2C6A65,IRDAI-REG-148,Heritage Health TPA,Chetan Gupta,849657,0xfc0faea101e868ba6311baefd14f664745dd0cd3,Fortis Memorial Neuro & Trauma Center,0x84f93618C1D541bB1Dcf1373A8eE500A7D439634,Dr. Sunita Narang,NMC-90812,G40.909,"Epilepsy, unspecified, without status epilepticus",Neurology,44738.43,0.0,2236.92,0%,Pending Adjudication,Audit Logged - Under Verification,Active - Time-Bound Access,Emergency Admission Record; Diagnostic Imaging CT/MRI,Insurance Claim Adjudication & Pre-Auth Verification,24 Hours (Statutory Emergency Window),AES-256-GCM,vault-transit-key-0xfc0faea1,Qm1ae0e3656bb17cc178174d318374ee5fe96fd5b56c2a,0.0.4891024,3457,2026-09-13 12:01:17 UTC,0xed6a92092187f8d4e3a60bb6a38b0527896449d6b2cc783e02014338cd83c179,0.0001
CLM-00458,POL-ICIC-849658-838,ICICI Lombard General Insurance,0x90F79bf6EB2c4f870365E785982E1f101E93b906,IRDAI-REG-115,Vidal Health TPA,Aditi Agarwal,849658,0xe913387be75bb8828e8b06ec77e5bedb16c011e6,Apex Diagnostic & Pathology Hub,0x04Fee3FD1B338d12FFD6dBD8d66dE1e8e0BB99cB,Dr. Rajesh Sharma,NMC-78491,S06.9X0A,Unspecified intracranial injury / Concussion,Trauma & Emergency,106777.94,80422.35,5000.0,20%,Approved & Settled,Ledger Verified & Payout Secured,Active - Full Disclosure,Emergency Admission Record; Diagnostic Imaging CT/MRI,Insurance Claim Adjudication & Pre-Auth Verification,24 Hours (Statutory Emergency Window),AES-256-GCM,vault-transit-key-0xe913387b,Qmb49124ef0a9881a14ff06b3352cbcb0fe4985d4be93b,0.0.4891024,3458,2026-09-13 12:01:20 UTC,0x187842ed58d1c7340682c8a4a4cd907313673e8a2f214fecf19aa782f99b759b,0.0001
CLM-00459,POL-ICIC-849659-213,ICICI Lombard General Insurance,0x90F79bf6EB2c4f870365E785982E1f101E93b906,IRDAI-REG-115,Vidal Health TPA,Manish Agarwal,849659,0x5010f79cf632864cfade241d7617267ee62f0fc4,Fortis Memorial Neuro & Trauma Center,0x84f93618C1D541bB1Dcf1373A8eE500A7D439634,Dr. Ananya Roy,NMC-51203,S06.9X0A,Unspecified intracranial injury / Concussion,Trauma & Emergency,108481.26,103481.26,5000.0,0%,Approved & Settled,Ledger Verified & Payout Secured,Active - Full Disclosure,Diagnosis; Lab Reports; Itemized Pharmacy Bill,Insurance Claim Adjudication & Pre-Auth Verification,24 Hours (Statutory Emergency Window),AES-256-GCM,vault-transit-key-0x5010f79c,Qm5056a621cdf6e458f6b42b2f274454cd3b2ca93719d3,0.0.4891024,3459,2026-09-13 12:01:21 UTC,0x1ba632cbd7130e847020ce70bcfd3e66dfb45e45941a124f066399c9d4c7f19e,0.0001
CLM-00460,POL-STAR-849660-132,Star Health & Allied Insurance,0x70997970C51812dc3A010C7d01b50e0d17dc79C8,IRDAI-REG-129,MediAssist TPA,Ananya Iyer,849660,0xa958c0a59bf1f5e736f98cd4067f13abbc0fa91c,Care & Cure Pediatric & Maternity Hospital,0x937F51E09477BfD31E56c5e533038a8eEAc096b7,Dr. Rajesh Sharma,NMC-78491,I21.9,"Acute myocardial infarction, unspecified",Cardiology,283454.09,0.0,5000.0,20%,Pending Adjudication,Audit Logged - Under Verification,Active - Time-Bound Access,Discharge Summary; Surgical Notes; Lab Reports,Insurance Claim Adjudication & Pre-Auth Verification,24 Hours (Statutory Emergency Window),AES-256-GCM,vault-transit-key-0xa958c0a5,Qm3c85161c80bc77f0bdfb3f18ed6af8d0aed4abbffdc9,0.0.4891024,3460,2026-09-13 12:01:23 UTC,0xd2fe52cde84f1debf5a04aa22fbf942acf3d82dc6035092397757cdcc3f8fffa,0.0001
CLM-00461,POL-NIVA-849661-771,Niva Bupa Health Insurance,0x9965507D1a55bcC2695C58ba16FB37d819B0A4dc,IRDAI-REG-145,MDIndia Health TPA,Shreya Rao,849661,0x18b72eb7e2378d50913a9ddedd5ba850f136b429,Apollo Multispecialty Hospital,0x155Af6ECaFb48861dA7d16Fb8Af2f6ce9d6DD779,Dr. Sarah Jenkins,NMC-48192,C50.919,Malignant neoplasm of female breast,Oncology,426030.34,421030.34,5000.0,0%,Approved & Settled,Ledger Verified & Payout Secured,Active - Full Disclosure,Lab Reports; Diagnosis; Treatment History; Discharge Summary,Insurance Claim Adjudication & Pre-Auth Verification,24 Hours (Statutory Emergency Window),AES-256-GCM,vault-transit-key-0x18b72eb7,Qma884fedee5bf520ccd1cf86c9353b5744918baa27e44,0.0.4891024,3461,2026-09-13 12:01:25 UTC,0xf27b190595beb7650ecd7b643fe14a0238622f7227de4628e99cdc48112808fb,0.0001
CLM-00462,POL-CARE-849662-943,Care Health Insurance (Religare),0x15d34AAf54267DB7D7c367839AAf71A00a2C6A65,IRDAI-REG-148,Heritage Health TPA,Harish Menon,849662,0xa4fdb5ba71c9339b4a28bc9428513d479ef5a5d3,Fortis Memorial Neuro & Trauma Center,0x84f93618C1D541bB1Dcf1373A8eE500A7D439634,Dr. Sunita Narang,NMC-90812,I10,Essential (primary) hypertension,Cardiology,33562.17,0.0,1678.11,0%,Pending Adjudication,Audit Logged - Under Verification,Active - Time-Bound Access,Discharge Summary; Surgical Notes; Lab Reports,Insurance Claim Adjudication & Pre-Auth Verification,24 Hours (Statutory Emergency Window),AES-256-GCM,vault-transit-key-0xa4fdb5ba,Qm1707e7a1eb251115ff4bf842b5980ff0e2dd15fff579,0.0.4891024,3462,2026-09-13 12:01:27 UTC,0x25e1eaed3428245f33d392fc8c1449be88b50ec12407b8a108468db0dcae3aba,0.0001
CLM-00463,POL-STAR-849663-644,Star Health & Allied Insurance,0x70997970C51812dc3A010C7d01b50e0d17dc79C8,IRDAI-REG-129,MediAssist TPA,Pooja Mishra,849663,0x98814937524dc350e8b4211cfe4b64d924ab4c6b,Apollo Multispecialty Hospital,0x155Af6ECaFb48861dA7d16Fb8Af2f6ce9d6DD779,Dr. Preeti Deshmukh,NMC-82194,C50.919,Malignant neoplasm of female breast,Oncology,407891.62,362102.46,5000.0,10%,Approved & Settled,Ledger Verified & Payout Secured,Active - Full Disclosure,Diagnosis; Lab Reports; Itemized Pharmacy Bill,Insurance Claim Adjudication & Pre-Auth Verification,24 Hours (Statutory Emergency Window),AES-256-GCM,vault-transit-key-0x98814937,Qm886f7e102ea87120c2266ab367bfed7ee16ebd9749cb,0.0.4891024,3463,2026-09-13 12:01:29 UTC,0xef9212ac0ab1e77bb01345d6ad219fa0433f8ad8eb93c7146b3ff06bc32cdd4d,0.0001
CLM-00464,POL-NIVA-849664-884,Niva Bupa Health Insurance,0x9965507D1a55bcC2695C58ba16FB37d819B0A4dc,IRDAI-REG-145,MDIndia Health TPA,Neha Pandey,849664,0xad74237a335741b20b57df5333879d884fb565c3,Care & Cure Pediatric & Maternity Hospital,0x937F51E09477BfD31E56c5e533038a8eEAc096b7,Dr. Preeti Deshmukh,NMC-82194,I21.9,"Acute myocardial infarction, unspecified",Cardiology,290908.33,0.0,5000.0,15%,Pending Adjudication,Audit Logged - Under Verification,Active - Time-Bound Access,Emergency Admission Record; Diagnostic Imaging CT/MRI,Insurance Claim Adjudication & Pre-Auth Verification,24 Hours (Statutory Emergency Window),AES-256-GCM,vault-transit-key-0xad74237a,Qm5aa98fde9538bc18bb870d5c538e676d717dd4c0d54e,0.0.4891024,3464,2026-09-13 12:01:31 UTC,0x532ada2f2c8f519a2100d296469f20cafe3a18591424564599e87efb017c06b5,0.0001
CLM-00465,POL-HDFC-849665-773,HDFC ERGO Health Insurance,0x3C44CdDdB6a900fa2b585dd299e03d12FA4293BC,IRDAI-REG-146,Paramount TPA,Meera Hegde,849665,0xf9e218cf10a88d5aea7c7fc2d78d88954f74cb1d,Apex Diagnostic & Pathology Hub,0x04Fee3FD1B338d12FFD6dBD8d66dE1e8e0BB99cB,Dr. Ananya Roy,NMC-51203,S06.9X0A,Unspecified intracranial injury / Concussion,Trauma & Emergency,111685.63,0.0,5000.0,20%,Rejected - Policy Exclusion,Rejected with Ledger Audit Reason,Expired / Revoked,Discharge Summary; Surgical Notes; Lab Reports,Insurance Claim Adjudication & Pre-Auth Verification,24 Hours (Statutory Emergency Window),AES-256-GCM,vault-transit-key-0xf9e218cf,Qm743f2187a3f7437a8e99e1539af0d37078f5a04dfcd0,0.0.4891024,3465,2026-09-13 12:01:33 UTC,0x0bbd0477e6796cdb1100dd0b479ece41f2b5779d2635cd2ec224a8c639c91d98,0.0001
CLM-00466,POL-ICIC-849666-945,ICICI Lombard General Insurance,0x90F79bf6EB2c4f870365E785982E1f101E93b906,IRDAI-REG-115,Vidal Health TPA,Sakshi Mukherjee,849666,0xf8451de8ea4cf9069c2d27a68979f33f5fc01d21,Care & Cure Pediatric & Maternity Hospital,0x937F51E09477BfD31E56c5e533038a8eEAc096b7,Dr. Sunita Narang,NMC-90812,K21.9,Gastro-esophageal reflux disease,Gastroenterology,15333.01,13033.06,766.65,10%,Approved & Settled,Ledger Verified & Payout Secured,Active - Full Disclosure,Diagnosis; Lab Reports; Itemized Pharmacy Bill,Insurance Claim Adjudication & Pre-Auth Verification,24 Hours (Statutory Emergency Window),AES-256-GCM,vault-transit-key-0xf8451de8,Qmf3b79758c2791723d1cd4fb833cbd27a1120b5893731,0.0.4891024,3466,2026-09-13 12:01:35 UTC,0x39e9d76cf75c93f03484dddff77e08c44bcca5235491fba6b8d5ad3b75032595,0.0001
CLM-00467,POL-ICIC-849667-506,ICICI Lombard General Insurance,0x90F79bf6EB2c4f870365E785982E1f101E93b906,IRDAI-REG-115,Vidal Health TPA,Harish Malhotra,849667,0x2ae151a4bfdfe5cf3fbd3b82aa0fc70c63a88126,Fortis Memorial Neuro & Trauma Center,0x84f93618C1D541bB1Dcf1373A8eE500A7D439634,Dr. Ananya Roy,NMC-51203,A90,Dengue fever [classical dengue],Infectious Disease,28802.82,0.0,1440.14,0%,Rejected - Policy Exclusion,Rejected with Ledger Audit Reason,Expired / Revoked,Lab Reports; Diagnosis; Treatment History; Discharge Summary,Insurance Claim Adjudication & Pre-Auth Verification,24 Hours (Statutory Emergency Window),AES-256-GCM,vault-transit-key-0x2ae151a4,Qm5a396326daa7e3785f1d84e8fe607e1f6d61b5534d53,0.0.4891024,3467,2026-09-13 12:01:37 UTC,0xa24bb025c87ef2e23da4f6261d8ec55e06cb2f38c97bb1a40ca680dad2b7d2ed,0.0001
CLM-00468,POL-ICIC-849668-319,ICICI Lombard General Insurance,0x90F79bf6EB2c4f870365E785982E1f101E93b906,IRDAI-REG-115,Vidal Health TPA,Kavya Swaminathan,849668,0x8f0090e6c2b7b4ee2728eb646aeea56dee2b5cad,Apollo Multispecialty Hospital,0x155Af6ECaFb48861dA7d16Fb8Af2f6ce9d6DD779,Dr. Vikram Seth,NMC-99014,C50.919,Malignant neoplasm of female breast,Oncology,488328.19,0.0,5000.0,0%,Pending Adjudication,Audit Logged - Under Verification,Active - Time-Bound Access,Discharge Summary; Surgical Notes; Lab Reports,Insurance Claim Adjudication & Pre-Auth Verification,24 Hours (Statutory Emergency Window),AES-256-GCM,vault-transit-key-0x8f0090e6,Qme5e18f724d9385e1f910ff3b3c3056124ab4cce974e8,0.0.4891024,3468,2026-09-13 12:01:39 UTC,0x4134d71f1d46c78d445c8a83ce77e1ee1aee399554b97e672ea792b9644f4d82,0.0001
CLM-00469,POL-NIVA-849669-138,Niva Bupa Health Insurance,0x9965507D1a55bcC2695C58ba16FB37d819B0A4dc,IRDAI-REG-145,MDIndia Health TPA,Bhavna Pandey,849669,0x6f2131a0d753ccd52f86460593d89bbd774eab14,Apex Diagnostic & Pathology Hub,0x04Fee3FD1B338d12FFD6dBD8d66dE1e8e0BB99cB,Dr. Rajesh Sharma,NMC-78491,I21.9,"Acute myocardial infarction, unspecified",Cardiology,271255.77,239130.19,5000.0,10%,Approved & Settled,Ledger Verified & Payout Secured,Active - Full Disclosure,Discharge Summary; Surgical Notes; Lab Reports,Insurance Claim Adjudication & Pre-Auth Verification,24 Hours (Statutory Emergency Window),AES-256-GCM,vault-transit-key-0x6f2131a0,Qmf1312a0850a3768e03f4b14325755b1da5c959e50856,0.0.4891024,3469,2026-09-13 12:01:41 UTC,0x7b241e9c07b108dc72e775ae722d78ebcaec4c881131cb89fed7bbc09f963d50,0.0001
CLM-00470,POL-ICIC-849670-682,ICICI Lombard General Insurance,0x90F79bf6EB2c4f870365E785982E1f101E93b906,IRDAI-REG-115,Vidal Health TPA,Priyanka Rao,849670,0x7fd085e08f52880681f96fd61fc126215154f625,Fortis Memorial Neuro & Trauma Center,0x84f93618C1D541bB1Dcf1373A8eE500A7D439634,Dr. Sarah Jenkins,NMC-48192,K21.9,Gastro-esophageal reflux disease,Gastroenterology,16413.09,0.0,820.65,0%,Pending Adjudication,Audit Logged - Under Verification,Active - Time-Bound Access,Emergency Admission Record; Diagnostic Imaging CT/MRI,Insurance Claim Adjudication & Pre-Auth Verification,24 Hours (Statutory Emergency Window),AES-256-GCM,vault-transit-key-0x7fd085e0,Qm715b7e78080d9b2d95e31ac90fbeb2016698879e7f04,0.0.4891024,3470,2026-09-13 12:01:42 UTC,0x4b48d5bea842bab6032d63d3020d8430a4a1c0b2fd63f0c8259d2d990550bf4d,0.0001
CLM-00471,POL-NIVA-849671-138,Niva Bupa Health Insurance,0x9965507D1a55bcC2695C58ba16FB37d819B0A4dc,IRDAI-REG-145,MDIndia Health TPA,Anand Ghosh,849671,0x467a5e3e88916aa5da9f178468a95df2243b9a99,Apollo Multispecialty Hospital,0x155Af6ECaFb48861dA7d16Fb8Af2f6ce9d6DD779,Dr. Rohan Patel,NMC-11029,G40.909,"Epilepsy, unspecified, without status epilepticus",Neurology,51611.92,38708.94,2580.6,20%,Approved & Settled,Ledger Verified & Payout Secured,Active - Full Disclosure,Lab Reports; Diagnosis; Treatment History; Discharge Summary,Insurance Claim Adjudication & Pre-Auth Verification,24 Hours (Statutory Emergency Window),AES-256-GCM,vault-transit-key-0x467a5e3e,Qm7951e2c4ef7f5d78954a5ae67322e7d072d100c0fb77,0.0.4891024,3471,2026-09-13 12:01:44 UTC,0xdfe365263a33dfaa224c3b7e8e4c04854f264d43fd85fc3624d09d37aae3d2b8,0.0001
CLM-00472,POL-CARE-849672-990,Care Health Insurance (Religare),0x15d34AAf54267DB7D7c367839AAf71A00a2C6A65,IRDAI-REG-148,Heritage Health TPA,Sanjay Swaminathan,849672,0xfbb78b9248cb567ecee08e1f495f05910ab20fdd,Care & Cure Pediatric & Maternity Hospital,0x937F51E09477BfD31E56c5e533038a8eEAc096b7,Dr. Sunita Narang,NMC-90812,I21.9,"Acute myocardial infarction, unspecified",Cardiology,305435.5,0.0,5000.0,0%,Pending Adjudication,Audit Logged - Under Verification,Active - Time-Bound Access,Emergency Admission Record; Diagnostic Imaging CT/MRI,Insurance Claim Adjudication & Pre-Auth Verification,24 Hours (Statutory Emergency Window),AES-256-GCM,vault-transit-key-0xfbb78b92,Qm17490f3254bc72b00080d673d0514f8d9966c9feff73,0.0.4891024,3472,2026-09-13 12:01:46 UTC,0xed958ce3b93f6cb8290860ef7f7b8d9952c1c85748800ad9e2fecb0cb46683f1,0.0001
CLM-00473,POL-STAR-849673-434,Star Health & Allied Insurance,0x70997970C51812dc3A010C7d01b50e0d17dc79C8,IRDAI-REG-129,MediAssist TPA,Rohan Mishra,849673,0x6a235f7a605c3a42522a4fb11eee502cc4079e0e,Fortis Memorial Neuro & Trauma Center,0x84f93618C1D541bB1Dcf1373A8eE500A7D439634,Dr. Rohan Patel,NMC-11029,E11.9,Type 2 diabetes mellitus without complications,Endocrinology,20832.49,17707.62,1041.62,10%,Approved & Settled,Ledger Verified & Payout Secured,Active - Full Disclosure,Emergency Admission Record; Diagnostic Imaging CT/MRI,Insurance Claim Adjudication & Pre-Auth Verification,24 Hours (Statutory Emergency Window),AES-256-GCM,vault-transit-key-0x6a235f7a,Qmffd704defa8f8231bbeb358c441c239e9e8794d40001,0.0.4891024,3473,2026-09-13 12:01:48 UTC,0x503c83bcec70aeb0a69822a863f1196610dbffae1ba095bdc514e5fb2800c995,0.0001
CLM-00474,POL-NIVA-849674-396,Niva Bupa Health Insurance,0x9965507D1a55bcC2695C58ba16FB37d819B0A4dc,IRDAI-REG-145,MDIndia Health TPA,Madhav Saxena,849674,0xd0f6e165b73152c40a8752625849c98eb1191701,Apollo Multispecialty Hospital,0x155Af6ECaFb48861dA7d16Fb8Af2f6ce9d6DD779,Dr. Rajesh Sharma,NMC-78491,K21.9,Gastro-esophageal reflux disease,Gastroenterology,15673.32,13322.32,783.67,10%,Approved & Settled,Ledger Verified & Payout Secured,Active - Full Disclosure,Lab Reports; Diagnosis; Treatment History; Discharge Summary,Insurance Claim Adjudication & Pre-Auth Verification,24 Hours (Statutory Emergency Window),AES-256-GCM,vault-transit-key-0xd0f6e165,Qm9916c4da55081881c7d4fe372e731a6b871abda8f6da,0.0.4891024,3474,2026-09-13 12:01:50 UTC,0x677cc66da46f83c1c459652f2e90d40677095ab708a5217ac2ba171e279f16ec,0.0001
CLM-00475,POL-STAR-849675-187,Star Health & Allied Insurance,0x70997970C51812dc3A010C7d01b50e0d17dc79C8,IRDAI-REG-129,MediAssist TPA,Kiran Menon,849675,0xca7cb4213345190923353dfa64a9c6af6f887188,Apex Diagnostic & Pathology Hub,0x04Fee3FD1B338d12FFD6dBD8d66dE1e8e0BB99cB,Dr. Ananya Roy,NMC-51203,G40.909,"Epilepsy, unspecified, without status epilepticus",Neurology,45332.16,0.0,2266.61,20%,Pending Adjudication,Audit Logged - Under Verification,Active - Time-Bound Access,Diagnosis; Lab Reports; Itemized Pharmacy Bill,Insurance Claim Adjudication & Pre-Auth Verification,24 Hours (Statutory Emergency Window),AES-256-GCM,vault-transit-key-0xca7cb421,Qm498c8814ad52dcfd3ccfe58c8db0c1cfab7263df7399,0.0.4891024,3475,2026-09-13 12:01:52 UTC,0x27a4937ee655591f7084791fac879ca758690f787ad8f72bf28af67783d38dee,0.0001
CLM-00476,POL-HDFC-849676-674,HDFC ERGO Health Insurance,0x3C44CdDdB6a900fa2b585dd299e03d12FA4293BC,IRDAI-REG-146,Paramount TPA,Amit Pandey,849676,0xd1960ed68cceef2fa8a8b61e2e1e3c4ec1662bfb,Care & Cure Pediatric & Maternity Hospital,0x937F51E09477BfD31E56c5e533038a8eEAc096b7,Dr. Ananya Roy,NMC-51203,C50.919,Malignant neoplasm of female breast,Oncology,447335.46,397601.91,5000.0,10%,Approved & Settled,Ledger Verified & Payout Secured,Active - Full Disclosure,Discharge Summary; Surgical Notes; Lab Reports,Insurance Claim Adjudication & Pre-Auth Verification,24 Hours (Statutory Emergency Window),AES-256-GCM,vault-transit-key-0xd1960ed6,Qm4488445f9cc7a7e446c8ffaffa0bb1e2570d487d006b,0.0.4891024,3476,2026-09-13 12:01:54 UTC,0xe95c903d9185da56bc71da497dd51da4d03ee4e79a4ff318c750a48bc84add57,0.0001
CLM-00477,POL-NIVA-849677-533,Niva Bupa Health Insurance,0x9965507D1a55bcC2695C58ba16FB37d819B0A4dc,IRDAI-REG-145,MDIndia Health TPA,Sakshi Shetty,849677,0x7e16dbc077fe87f9b99a1e11bbade32e84c101ae,Apollo Multispecialty Hospital,0x155Af6ECaFb48861dA7d16Fb8Af2f6ce9d6DD779,Dr. Sarah Jenkins,NMC-48192,K21.9,Gastro-esophageal reflux disease,Gastroenterology,13304.63,11308.94,665.23,10%,Approved & Settled,Ledger Verified & Payout Secured,Active - Full Disclosure,Lab Reports; Diagnosis; Treatment History; Discharge Summary,Insurance Claim Adjudication & Pre-Auth Verification,24 Hours (Statutory Emergency Window),AES-256-GCM,vault-transit-key-0x7e16dbc0,Qm1d1edf8a3ae7b404779fb25d058ec25fe872eae30995,0.0.4891024,3477,2026-09-13 12:01:56 UTC,0x2ff16d6823f8b766e35e2b3912e832d4659992d16214b02cdfda2c530e72830d,0.0001
CLM-00478,POL-NIVA-849678-551,Niva Bupa Health Insurance,0x9965507D1a55bcC2695C58ba16FB37d819B0A4dc,IRDAI-REG-145,MDIndia Health TPA,Meera Bhatia,849678,0x4c0d8e903f44a2abd818bb8b26fd744dad4ed993,Care & Cure Pediatric & Maternity Hospital,0x937F51E09477BfD31E56c5e533038a8eEAc096b7,Dr. Rohan Patel,NMC-11029,E11.9,Type 2 diabetes mellitus without complications,Endocrinology,17023.61,14470.07,851.18,10%,Approved & Settled,Ledger Verified & Payout Secured,Active - Full Disclosure,Discharge Summary; Surgical Notes; Lab Reports,Insurance Claim Adjudication & Pre-Auth Verification,24 Hours (Statutory Emergency Window),AES-256-GCM,vault-transit-key-0x4c0d8e90,Qm2dd71c0fb0c8a7c1d6aab3a43ad152ddc9e9200c4e8e,0.0.4891024,3478,2026-09-13 12:01:58 UTC,0xc90f80f49e96764ab3e4ef29068c6cebffb1d07a4e2d2efb99ddc88925fa7baf,0.0001
CLM-00479,POL-STAR-849679-989,Star Health & Allied Insurance,0x70997970C51812dc3A010C7d01b50e0d17dc79C8,IRDAI-REG-129,MediAssist TPA,Divya Reddy,849679,0x4ba2559382c5126b94daac5ed0dae90ce4324ff8,Max Super Speciality Cancer Institute,0x28B7eA94B34C8F52D19E50Eb14769Da20F5D54b4,Dr. Rohan Patel,NMC-11029,E11.9,Type 2 diabetes mellitus without complications,Endocrinology,23580.1,18864.08,1179.0,15%,Approved & Settled,Ledger Verified & Payout Secured,Active - Full Disclosure,Lab Reports; Diagnosis; Treatment History; Discharge Summary,Insurance Claim Adjudication & Pre-Auth Verification,24 Hours (Statutory Emergency Window),AES-256-GCM,vault-transit-key-0x4ba25593,Qm18c4616f5813beb055590e9101582e8238907dee2fe4,0.0.4891024,3479,2026-09-13 12:02:00 UTC,0xaee2b00d928fc4ac98d6d0aa1369739a6aea0fa11618bad32f94ad8996e386db,0.0001
CLM-00480,POL-STAR-849680-308,Star Health & Allied Insurance,0x70997970C51812dc3A010C7d01b50e0d17dc79C8,IRDAI-REG-129,MediAssist TPA,Vikas Chatterjee,849680,0x6b8640fff3f165b875f03707a1ee2fba640593f9,Fortis Memorial Neuro & Trauma Center,0x84f93618C1D541bB1Dcf1373A8eE500A7D439634,Dr. Rajesh Sharma,NMC-78491,C50.919,Malignant neoplasm of female breast,Oncology,435438.54,365122.76,5000.0,15%,Approved & Settled,Ledger Verified & Payout Secured,Active - Full Disclosure,Diagnosis; Lab Reports; Itemized Pharmacy Bill,Insurance Claim Adjudication & Pre-Auth Verification,24 Hours (Statutory Emergency Window),AES-256-GCM,vault-transit-key-0x6b8640ff,Qm82fd574ab9182d339de96cd3bc2f7a533d794d2eb755,0.0.4891024,3480,2026-09-13 12:02:02 UTC,0x41c491536473821915b3faa0fcdab30070402f2ffcec000889a95a8aeb694adb,0.0001
CLM-00481,POL-NIVA-849681-274,Niva Bupa Health Insurance,0x9965507D1a55bcC2695C58ba16FB37d819B0A4dc,IRDAI-REG-145,MDIndia Health TPA,Aditi Joshi,849681,0x44f3a700aa66cd863d7d26188320757e0a49bd91,Apex Diagnostic & Pathology Hub,0x04Fee3FD1B338d12FFD6dBD8d66dE1e8e0BB99cB,Dr. Sarah Jenkins,NMC-48192,G40.909,"Epilepsy, unspecified, without status epilepticus",Neurology,38936.08,0.0,1946.8,10%,Pending Adjudication,Audit Logged - Under Verification,Active - Time-Bound Access,Discharge Summary; Surgical Notes; Lab Reports,Insurance Claim Adjudication & Pre-Auth Verification,24 Hours (Statutory Emergency Window),AES-256-GCM,vault-transit-key-0x44f3a700,Qm04c257c9cf46602898c168301d343ee30ddcf61ec286,0.0.4891024,3481,2026-09-13 12:02:03 UTC,0x638858b5903fb00562ddccd5a1bf98de9a34961c2b6f83ebadba070c2b5bf87b,0.0001
CLM-00482,POL-STAR-849682-778,Star Health & Allied Insurance,0x70997970C51812dc3A010C7d01b50e0d17dc79C8,IRDAI-REG-129,MediAssist TPA,Yashwanth Kulkarni,849682,0x02916890dd3e6db8932fd4bf456b18dcbc0b470f,Apollo Multispecialty Hospital,0x155Af6ECaFb48861dA7d16Fb8Af2f6ce9d6DD779,Dr. Ananya Roy,NMC-51203,G40.909,"Epilepsy, unspecified, without status epilepticus",Neurology,53904.37,0.0,2695.22,15%,Awaiting Patient Consent Approval,Access Requested via Ledger,Pending Patient Authorization,Lab Reports; Diagnosis; Treatment History; Discharge Summary,Insurance Claim Adjudication & Pre-Auth Verification,24 Hours (Statutory Emergency Window),AES-256-GCM,vault-transit-key-0x02916890,Qm59bb0be96cd395631b4e20e4117536a94ff0d415f12a,0.0.4891024,3482,2026-09-13 12:02:05 UTC,0xd7018b930f5da5efa68a3733fa146f092689d56c38ddef4668930da11c136d42,0.0001
CLM-00483,POL-CARE-849683-423,Care Health Insurance (Religare),0x15d34AAf54267DB7D7c367839AAf71A00a2C6A65,IRDAI-REG-148,Heritage Health TPA,Siddharth Rao,849683,0xbea18dab84530db76eb2767eddd1fec0c4b22312,Apex Diagnostic & Pathology Hub,0x04Fee3FD1B338d12FFD6dBD8d66dE1e8e0BB99cB,Dr. Preeti Deshmukh,NMC-82194,I21.9,"Acute myocardial infarction, unspecified",Cardiology,273934.0,268934.0,5000.0,0%,Approved & Settled,Ledger Verified & Payout Secured,Active - Full Disclosure,Emergency Admission Record; Diagnostic Imaging CT/MRI,Insurance Claim Adjudication & Pre-Auth Verification,24 Hours (Statutory Emergency Window),AES-256-GCM,vault-transit-key-0xbea18dab,Qmc022bf0d68de476b72d5de99e9a73b8c8a145f812c2e,0.0.4891024,3483,2026-09-13 12:02:08 UTC,0xde8f685ff7c8b49bf60d1c624d1b810993feaa486ed0313b8b0c578897472a27,0.0001
CLM-00484,POL-HDFC-849684-601,HDFC ERGO Health Insurance,0x3C44CdDdB6a900fa2b585dd299e03d12FA4293BC,IRDAI-REG-146,Paramount TPA,Aditi Verma,849684,0xea6ede637b358bfae712e9d58c88d90f6dcf2550,Apex Diagnostic & Pathology Hub,0x04Fee3FD1B338d12FFD6dBD8d66dE1e8e0BB99cB,Dr. Vikram Seth,NMC-99014,S06.9X0A,Unspecified intracranial injury / Concussion,Trauma & Emergency,123858.44,106472.6,5000.0,10%,Approved & Settled,Ledger Verified & Payout Secured,Active - Full Disclosure,Discharge Summary; Surgical Notes; Lab Reports,Insurance Claim Adjudication & Pre-Auth Verification,24 Hours (Statutory Emergency Window),AES-256-GCM,vault-transit-key-0xea6ede63,Qm74700ec691d29f440176bb5ded8f1ca932193e5982b1,0.0.4891024,3484,2026-09-13 12:02:09 UTC,0x9447ebf181e296bab8843fa98e0d6ff91fc6d79f921a57a691e038f0b4f45407,0.0001
CLM-00485,POL-NIVA-849685-740,Niva Bupa Health Insurance,0x9965507D1a55bcC2695C58ba16FB37d819B0A4dc,IRDAI-REG-145,MDIndia Health TPA,Rohan Rao,849685,0x2324c0e7cdf989217172bdc9c0675ec913d23aa1,Fortis Memorial Neuro & Trauma Center,0x84f93618C1D541bB1Dcf1373A8eE500A7D439634,Dr. Sunita Narang,NMC-90812,I10,Essential (primary) hypertension,Cardiology,28954.74,0.0,1447.74,20%,Awaiting Patient Consent Approval,Access Requested via Ledger,Pending Patient Authorization,Lab Reports; Diagnosis; Treatment History; Discharge Summary,Insurance Claim Adjudication & Pre-Auth Verification,24 Hours (Statutory Emergency Window),AES-256-GCM,vault-transit-key-0x2324c0e7,Qmf6f87479a9362b2ea7eb59dbd4f0ee648ae2c223ffba,0.0.4891024,3485,2026-09-13 12:02:11 UTC,0xa391519a07b1c41a33b464a2cc444f14dc999110bc72d23d6905c2840fb5993e,0.0001
CLM-00486,POL-HDFC-849686-189,HDFC ERGO Health Insurance,0x3C44CdDdB6a900fa2b585dd299e03d12FA4293BC,IRDAI-REG-146,Paramount TPA,Rakesh Rao,849686,0x5f55c7c5458bbac86a20367a048c42759b4ddcc7,Fortis Memorial Neuro & Trauma Center,0x84f93618C1D541bB1Dcf1373A8eE500A7D439634,Dr. Ananya Roy,NMC-51203,E11.9,Type 2 diabetes mellitus without complications,Endocrinology,22726.33,19317.38,1136.32,10%,Approved & Settled,Ledger Verified & Payout Secured,Active - Full Disclosure,Diagnosis; Lab Reports; Itemized Pharmacy Bill,Insurance Claim Adjudication & Pre-Auth Verification,24 Hours (Statutory Emergency Window),AES-256-GCM,vault-transit-key-0x5f55c7c5,Qmacd0a88566b4eb249d1e7b41d2774fcc3afce8f1135f,0.0.4891024,3486,2026-09-13 12:02:13 UTC,0x97cf5404129f18c9929535467407ea9fc57bf723a23ffe3870aea657e2ba7694,0.0001
CLM-00487,POL-NIVA-849687-311,Niva Bupa Health Insurance,0x9965507D1a55bcC2695C58ba16FB37d819B0A4dc,IRDAI-REG-145,MDIndia Health TPA,Rohan Malhotra,849687,0xdfbfff35796dd189d270d11c10a2b08ca500ab13,Fortis Memorial Neuro & Trauma Center,0x84f93618C1D541bB1Dcf1373A8eE500A7D439634,Dr. Ananya Roy,NMC-51203,E11.9,Type 2 diabetes mellitus without complications,Endocrinology,22081.83,0.0,1104.09,10%,Awaiting Patient Consent Approval,Access Requested via Ledger,Pending Patient Authorization,Discharge Summary; Surgical Notes; Lab Reports,Insurance Claim Adjudication & Pre-Auth Verification,24 Hours (Statutory Emergency Window),AES-256-GCM,vault-transit-key-0xdfbfff35,Qmc5577fbcfbfc43980464d86af03efbe93908540b7cd2,0.0.4891024,3487,2026-09-13 12:02:15 UTC,0xa4eb2c5960660f39ccb1563b2d4191501b952f453f065954cff21c52562dd0f6,0.0001
CLM-00488,POL-HDFC-849688-169,HDFC ERGO Health Insurance,0x3C44CdDdB6a900fa2b585dd299e03d12FA4293BC,IRDAI-REG-146,Paramount TPA,Kavya Kapoor,849688,0x4f17e464af12bb0c780c1dc4d4c824e8caf55384,Apex Diagnostic & Pathology Hub,0x04Fee3FD1B338d12FFD6dBD8d66dE1e8e0BB99cB,Dr. Rajesh Sharma,NMC-78491,S06.9X0A,Unspecified intracranial injury / Concussion,Trauma & Emergency,132342.36,127342.36,5000.0,0%,Approved & Settled,Ledger Verified & Payout Secured,Active - Full Disclosure,Diagnosis; Lab Reports; Itemized Pharmacy Bill,Insurance Claim Adjudication & Pre-Auth Verification,24 Hours (Statutory Emergency Window),AES-256-GCM,vault-transit-key-0x4f17e464,Qmc070ce4959046c3bdfc59ef8974a0bcc6b0d610b9a8c,0.0.4891024,3488,2026-09-13 12:02:17 UTC,0x677e23bf0a09973f0339061880fa2f38f4aaba7573e209383d44543d939e9e93,0.0001
CLM-00489,POL-CARE-849689-863,Care Health Insurance (Religare),0x15d34AAf54267DB7D7c367839AAf71A00a2C6A65,IRDAI-REG-148,Heritage Health TPA,Sakshi Swaminathan,849689,0x5183b8d9d2fc800e1ab69f5de83f2c0a0904b691,Care & Cure Pediatric & Maternity Hospital,0x937F51E09477BfD31E56c5e533038a8eEAc096b7,Dr. Vikram Seth,NMC-99014,A90,Dengue fever [classical dengue],Infectious Disease,42246.27,33797.02,2112.31,15%,Approved & Settled,Ledger Verified & Payout Secured,Active - Full Disclosure,Diagnosis; Lab Reports; Itemized Pharmacy Bill,Insurance Claim Adjudication & Pre-Auth Verification,24 Hours (Statutory Emergency Window),AES-256-GCM,vault-transit-key-0x5183b8d9,Qme83e2ac7ef69bd0526e9b50afc69a86ff90f9797a9c7,0.0.4891024,3489,2026-09-13 12:02:19 UTC,0xb7e9eb0f1b4e92ac0c9574826055bead6a9c289b0c27b9ec5b1c2ad3d306ee71,0.0001
CLM-00490,POL-STAR-849690-720,Star Health & Allied Insurance,0x70997970C51812dc3A010C7d01b50e0d17dc79C8,IRDAI-REG-129,MediAssist TPA,Kavya Nair,849690,0x5f8565a23c17fd2b6d5434ab569531cbc480dbba,Apex Diagnostic & Pathology Hub,0x04Fee3FD1B338d12FFD6dBD8d66dE1e8e0BB99cB,Dr. Rohan Patel,NMC-11029,G40.909,"Epilepsy, unspecified, without status epilepticus",Neurology,48517.11,41239.54,2425.86,10%,Approved & Settled,Ledger Verified & Payout Secured,Active - Full Disclosure,Diagnosis; Lab Reports; Itemized Pharmacy Bill,Insurance Claim Adjudication & Pre-Auth Verification,24 Hours (Statutory Emergency Window),AES-256-GCM,vault-transit-key-0x5f8565a2,Qm41b4ff58b2713e92adb26357d696a1f0f76f32697ce2,0.0.4891024,3490,2026-09-13 12:02:20 UTC,0x615200b49b2c071c18f2b581e3be6b2ece74339667633edb084676b598d9512f,0.0001
CLM-00491,POL-CARE-849691-829,Care Health Insurance (Religare),0x15d34AAf54267DB7D7c367839AAf71A00a2C6A65,IRDAI-REG-148,Heritage Health TPA,Sanjay Patel,849691,0x03c69c6d201ea82a1270ce311f6cfbb495eaa829,Max Super Speciality Cancer Institute,0x28B7eA94B34C8F52D19E50Eb14769Da20F5D54b4,Dr. Rohan Patel,NMC-11029,A90,Dengue fever [classical dengue],Infectious Disease,38153.79,0.0,1907.69,10%,Awaiting Patient Consent Approval,Access Requested via Ledger,Pending Patient Authorization,Emergency Admission Record; Diagnostic Imaging CT/MRI,Insurance Claim Adjudication & Pre-Auth Verification,24 Hours (Statutory Emergency Window),AES-256-GCM,vault-transit-key-0x03c69c6d,Qmd9e30e73ae1fa28bcf514eda11f9d84234ff26e2f908,0.0.4891024,3491,2026-09-13 12:02:23 UTC,0xdf34afeef466c600e7b693a2b3ccc7d391f2726e6be4f47c30a4a79e9d87c528,0.0001
CLM-00492,POL-HDFC-849692-882,HDFC ERGO Health Insurance,0x3C44CdDdB6a900fa2b585dd299e03d12FA4293BC,IRDAI-REG-146,Paramount TPA,Kavya Nair,849692,0x1136bb78446f0ab68feb488ab227c9d2141fed03,Max Super Speciality Cancer Institute,0x28B7eA94B34C8F52D19E50Eb14769Da20F5D54b4,Dr. Sarah Jenkins,NMC-48192,K21.9,Gastro-esophageal reflux disease,Gastroenterology,16699.58,0.0,834.98,15%,Rejected - Policy Exclusion,Rejected with Ledger Audit Reason,Expired / Revoked,Diagnosis; Lab Reports; Itemized Pharmacy Bill,Insurance Claim Adjudication & Pre-Auth Verification,24 Hours (Statutory Emergency Window),AES-256-GCM,vault-transit-key-0x1136bb78,Qm96aec28902bddccef19b7d33ec435af3d30d43a760fd,0.0.4891024,3492,2026-09-13 12:02:25 UTC,0x744dd7c14198eb9500d994d16608d6a8da28920df5b2f44fe0fe835123a23e4d,0.0001
CLM-00493,POL-HDFC-849693-987,HDFC ERGO Health Insurance,0x3C44CdDdB6a900fa2b585dd299e03d12FA4293BC,IRDAI-REG-146,Paramount TPA,Nikhil Gowda,849693,0x369d7ad0485f64cb25ac2dfefadb7ab5ee3caf56,Apollo Multispecialty Hospital,0x155Af6ECaFb48861dA7d16Fb8Af2f6ce9d6DD779,Dr. Rajesh Sharma,NMC-78491,A90,Dengue fever [classical dengue],Infectious Disease,37685.65,0.0,1884.28,15%,Awaiting Patient Consent Approval,Access Requested via Ledger,Pending Patient Authorization,Diagnosis; Lab Reports; Itemized Pharmacy Bill,Insurance Claim Adjudication & Pre-Auth Verification,24 Hours (Statutory Emergency Window),AES-256-GCM,vault-transit-key-0x369d7ad0,Qme7d1f8b0257e72057bff821acafccf8dbea66016b26b,0.0.4891024,3493,2026-09-13 12:02:27 UTC,0xfbd61504e32f05e738b246c0f1e55907da445732df7c48d5f0e1b6a2a9f62d00,0.0001
CLM-00494,POL-STAR-849694-837,Star Health & Allied Insurance,0x70997970C51812dc3A010C7d01b50e0d17dc79C8,IRDAI-REG-129,MediAssist TPA,Sneha Gowda,849694,0x5c1db90b7a6c135225449c020515173b9cb19857,Apex Diagnostic & Pathology Hub,0x04Fee3FD1B338d12FFD6dBD8d66dE1e8e0BB99cB,Dr. Preeti Deshmukh,NMC-82194,K21.9,Gastro-esophageal reflux disease,Gastroenterology,13010.05,12359.55,650.5,0%,Approved & Settled,Ledger Verified & Payout Secured,Active - Full Disclosure,Emergency Admission Record; Diagnostic Imaging CT/MRI,Insurance Claim Adjudication & Pre-Auth Verification,24 Hours (Statutory Emergency Window),AES-256-GCM,vault-transit-key-0x5c1db90b,Qmf9a8fd7d2ec9290104543d986bffc0d0d42b1149b90d,0.0.4891024,3494,2026-09-13 12:02:29 UTC,0x9b376787d95608d1bf04a3fa5e26e98e117175df60638909622ca207ff2b90e9,0.0001
CLM-00495,POL-HDFC-849695-852,HDFC ERGO Health Insurance,0x3C44CdDdB6a900fa2b585dd299e03d12FA4293BC,IRDAI-REG-146,Paramount TPA,Ananya Swaminathan,849695,0x2e6e9860103b86a425ac678735eab1b4522413d7,Apex Diagnostic & Pathology Hub,0x04Fee3FD1B338d12FFD6dBD8d66dE1e8e0BB99cB,Dr. Rohan Patel,NMC-11029,K21.9,Gastro-esophageal reflux disease,Gastroenterology,11470.79,8603.09,573.54,20%,Approved & Settled,Ledger Verified & Payout Secured,Active - Full Disclosure,Lab Reports; Diagnosis; Treatment History; Discharge Summary,Insurance Claim Adjudication & Pre-Auth Verification,24 Hours (Statutory Emergency Window),AES-256-GCM,vault-transit-key-0x2e6e9860,Qmcc2fd58c9604b747ee8ed7f0521df04418115736c561,0.0.4891024,3495,2026-09-13 12:02:30 UTC,0x76eed93c5e2833f723d52aea449d694a6b35218e2d3d04cadc2c71776d8fc1b2,0.0001
CLM-00496,POL-CARE-849696-572,Care Health Insurance (Religare),0x15d34AAf54267DB7D7c367839AAf71A00a2C6A65,IRDAI-REG-148,Heritage Health TPA,Riya Banerjee,849696,0xe9956bd741992d6d9054711c903243dd5ddbce22,Fortis Memorial Neuro & Trauma Center,0x84f93618C1D541bB1Dcf1373A8eE500A7D439634,Dr. Sunita Narang,NMC-90812,G40.909,"Epilepsy, unspecified, without status epilepticus",Neurology,40946.6,0.0,2047.33,15%,Pending Adjudication,Audit Logged - Under Verification,Active - Time-Bound Access,Lab Reports; Diagnosis; Treatment History; Discharge Summary,Insurance Claim Adjudication & Pre-Auth Verification,24 Hours (Statutory Emergency Window),AES-256-GCM,vault-transit-key-0xe9956bd7,Qmbe96fb48c8457e87aafe0762ddd2f1274756f18d97a9,0.0.4891024,3496,2026-09-13 12:02:32 UTC,0x78469716d671b771686efd3e8ef9835d9e749011f212d89936ab9685624a2845,0.0001
CLM-00497,POL-CARE-849697-284,Care Health Insurance (Religare),0x15d34AAf54267DB7D7c367839AAf71A00a2C6A65,IRDAI-REG-148,Heritage Health TPA,Manish Banerjee,849697,0x849d633f758b3a6841199505c0714af25a7dfa77,Apollo Multispecialty Hospital,0x155Af6ECaFb48861dA7d16Fb8Af2f6ce9d6DD779,Dr. Preeti Deshmukh,NMC-82194,I21.9,"Acute myocardial infarction, unspecified",Cardiology,306355.11,270719.6,5000.0,10%,Approved & Settled,Ledger Verified & Payout Secured,Active - Full Disclosure,Discharge Summary; Surgical Notes; Lab Reports,Insurance Claim Adjudication & Pre-Auth Verification,24 Hours (Statutory Emergency Window),AES-256-GCM,vault-transit-key-0x849d633f,Qmbddb92079fce17f1e503a1a4492ab1a9827427241769,0.0.4891024,3497,2026-09-13 12:02:34 UTC,0x328dc4d1e52670389c9646e4fefa86cccb4dad4d1c5363ce3e26d4685b3e7102,0.0001
CLM-00498,POL-CARE-849698-565,Care Health Insurance (Religare),0x15d34AAf54267DB7D7c367839AAf71A00a2C6A65,IRDAI-REG-148,Heritage Health TPA,Aditi Nair,849698,0x35496ffdab29f4a83a3722f3d6195e96533fe4f8,Apex Diagnostic & Pathology Hub,0x04Fee3FD1B338d12FFD6dBD8d66dE1e8e0BB99cB,Dr. Preeti Deshmukh,NMC-82194,C50.919,Malignant neoplasm of female breast,Oncology,357420.72,0.0,5000.0,15%,Pending Adjudication,Audit Logged - Under Verification,Active - Time-Bound Access,Diagnosis; Lab Reports; Itemized Pharmacy Bill,Insurance Claim Adjudication & Pre-Auth Verification,24 Hours (Statutory Emergency Window),AES-256-GCM,vault-transit-key-0x35496ffd,Qm08b861c977c8f30adb4f8117a4a2b334f181d5d9c53a,0.0.4891024,3498,2026-09-13 12:02:36 UTC,0xf39dfcd2e1ad9b18d3864d8ea4d50e14697837f40d1e505e567c3e1879f65f98,0.0001
CLM-00499,POL-CARE-849699-844,Care Health Insurance (Religare),0x15d34AAf54267DB7D7c367839AAf71A00a2C6A65,IRDAI-REG-148,Heritage Health TPA,Divya Reddy,849699,0x3b406a98e036a251155296c2e5c32871099b660c,Fortis Memorial Neuro & Trauma Center,0x84f93618C1D541bB1Dcf1373A8eE500A7D439634,Dr. Sarah Jenkins,NMC-48192,K21.9,Gastro-esophageal reflux disease,Gastroenterology,15699.75,13344.78,784.99,10%,Approved & Settled,Ledger Verified & Payout Secured,Active - Full Disclosure,Emergency Admission Record; Diagnostic Imaging CT/MRI,Insurance Claim Adjudication & Pre-Auth Verification,24 Hours (Statutory Emergency Window),AES-256-GCM,vault-transit-key-0x3b406a98,Qm7bcc9700d4e1779fbdfa6b402fe0a5279f28f4faa6fd,0.0.4891024,3499,2026-09-13 12:02:38 UTC,0xf583a6cf9179f26939b573122efe74de6913e3092309f21d5e29c0798f05fae8,0.0001
CLM-00500,POL-ICIC-849700-266,ICICI Lombard General Insurance,0x90F79bf6EB2c4f870365E785982E1f101E93b906,IRDAI-REG-115,Vidal Health TPA,Meera Malhotra,849700,0xcab7a23a67c4f4c9417457fd51fa1f084cf6df24,Apex Diagnostic & Pathology Hub,0x04Fee3FD1B338d12FFD6dBD8d66dE1e8e0BB99cB,Dr. Sunita Narang,NMC-90812,E11.9,Type 2 diabetes mellitus without complications,Endocrinology,23882.91,0.0,1194.15,10%,Pending Adjudication,Audit Logged - Under Verification,Active - Time-Bound Access,Lab Reports; Diagnosis; Treatment History; Discharge Summary,Insurance Claim Adjudication & Pre-Auth Verification,24 Hours (Statutory Emergency Window),AES-256-GCM,vault-transit-key-0xcab7a23a,Qm09a9e00649fe322c3cec3dd4ecb86508f4e3efd8567f,0.0.4891024,3500,2026-09-13 12:02:40 UTC,0x4a5c7ffad25757c9feabd4b8f53c69957e76e020191a11013a5023bc321490a7,0.0001
CLM-00501,POL-CARE-849701-220,Care Health Insurance (Religare),0x15d34AAf54267DB7D7c367839AAf71A00a2C6A65,IRDAI-REG-148,Heritage Health TPA,Rohan Choudhury,849701,0x9ab1247879b27faf5ca6fd9be81592c30edad28b,Fortis Memorial Neuro & Trauma Center,0x84f93618C1D541bB1Dcf1373A8eE500A7D439634,Dr. Preeti Deshmukh,NMC-82194,E11.9,Type 2 diabetes mellitus without complications,Endocrinology,24130.36,20510.8,1206.52,10%,Approved & Settled,Ledger Verified & Payout Secured,Active - Full Disclosure,Discharge Summary; Surgical Notes; Lab Reports,Insurance Claim Adjudication & Pre-Auth Verification,24 Hours (Statutory Emergency Window),AES-256-GCM,vault-transit-key-0x9ab12478,Qm52fbb977a56a78c7f3b94703b847ed39e074a83d1e1a,0.0.4891024,3501,2026-09-13 12:02:42 UTC,0xbf6eb78e6c97fc80b82bb2b73b1d7e254584a4c207b407d37c585735b0c9cfea,0.0001
CLM-00502,POL-CARE-849702-722,Care Health Insurance (Religare),0x15d34AAf54267DB7D7c367839AAf71A00a2C6A65,IRDAI-REG-148,Heritage Health TPA,Yashwanth Chatterjee,849702,0x1d04f762105b0bfbd63cf37a7ff826056a091094,Apex Diagnostic & Pathology Hub,0x04Fee3FD1B338d12FFD6dBD8d66dE1e8e0BB99cB,Dr. Sunita Narang,NMC-90812,I10,Essential (primary) hypertension,Cardiology,36970.66,31425.06,1848.53,10%,Approved & Settled,Ledger Verified & Payout Secured,Active - Full Disclosure,Emergency Admission Record; Diagnostic Imaging CT/MRI,Insurance Claim Adjudication & Pre-Auth Verification,24 Hours (Statutory Emergency Window),AES-256-GCM,vault-transit-key-0x1d04f762,Qm9c52e4cad921a41640b712608a29f970f373eadcc9c6,0.0.4891024,3502,2026-09-13 12:02:44 UTC,0x6661a0ba60e95ffacaa78a238ae47dfdd452ea138972e39806d6ce30ab67a2c1,0.0001
CLM-00503,POL-STAR-849703-350,Star Health & Allied Insurance,0x70997970C51812dc3A010C7d01b50e0d17dc79C8,IRDAI-REG-129,MediAssist TPA,Tanvi Banerjee,849703,0xd2774dc645f29cbf41630cbce3cc74032f8f9fdf,Apex Diagnostic & Pathology Hub,0x04Fee3FD1B338d12FFD6dBD8d66dE1e8e0BB99cB,Dr. Rohan Patel,NMC-11029,I10,Essential (primary) hypertension,Cardiology,36963.8,0.0,1848.19,15%,Pending Adjudication,Audit Logged - Under Verification,Active - Time-Bound Access,Diagnosis; Lab Reports; Itemized Pharmacy Bill,Insurance Claim Adjudication & Pre-Auth Verification,24 Hours (Statutory Emergency Window),AES-256-GCM,vault-transit-key-0xd2774dc6,Qmb503d23372bd2e525d224aaffedb9ff988025b210550,0.0.4891024,3503,2026-09-13 12:02:45 UTC,0x11728899f6d848e010b3f5c44d4c50bf9ce9ecb534e721f40184d9498c9b98cf,0.0001
CLM-00504,POL-STAR-849704-974,Star Health & Allied Insurance,0x70997970C51812dc3A010C7d01b50e0d17dc79C8,IRDAI-REG-129,MediAssist TPA,Neha Gupta,849704,0xe2cea3a8a6bc4efe6010ad1f1d8f115c621b14e5,Fortis Memorial Neuro & Trauma Center,0x84f93618C1D541bB1Dcf1373A8eE500A7D439634,Dr. Sarah Jenkins,NMC-48192,E11.9,Type 2 diabetes mellitus without complications,Endocrinology,16920.0,13536.0,846.0,15%,Approved & Settled,Ledger Verified & Payout Secured,Active - Full Disclosure,Lab Reports; Diagnosis; Treatment History; Discharge Summary,Insurance Claim Adjudication & Pre-Auth Verification,24 Hours (Statutory Emergency Window),AES-256-GCM,vault-transit-key-0xe2cea3a8,Qm4e4b047d33a242299b3115090674345f6dd64aa94459,0.0.4891024,3504,2026-09-13 12:02:47 UTC,0x5978656bd38e214be1db2e7a7cc9da9e4a1fa9fdf00267381c7ad75033156f3f,0.0001
CLM-00505,POL-HDFC-849705-725,HDFC ERGO Health Insurance,0x3C44CdDdB6a900fa2b585dd299e03d12FA4293BC,IRDAI-REG-146,Paramount TPA,Gautam Kapoor,849705,0x3f008f7f22d2229f0ee63c08b2e8445631dc1ae3,Max Super Speciality Cancer Institute,0x28B7eA94B34C8F52D19E50Eb14769Da20F5D54b4,Dr. Preeti Deshmukh,NMC-82194,G40.909,"Epilepsy, unspecified, without status epilepticus",Neurology,50291.48,0.0,2514.57,10%,Rejected - Policy Exclusion,Rejected with Ledger Audit Reason,Expired / Revoked,Discharge Summary; Surgical Notes; Lab Reports,Insurance Claim Adjudication & Pre-Auth Verification,24 Hours (Statutory Emergency Window),AES-256-GCM,vault-transit-key-0x3f008f7f,Qm823c5894ba4c096596c19f315a599832b26618519314,0.0.4891024,3505,2026-09-13 12:02:49 UTC,0x901468169104fe34688ee0c853853e22c88803c9967635fad3cda8522a288436,0.0001
CLM-00506,POL-ICIC-849706-939,ICICI Lombard General Insurance,0x90F79bf6EB2c4f870365E785982E1f101E93b906,IRDAI-REG-115,Vidal Health TPA,Divya Gowda,849706,0xb294e2c75a005baef294943c614fd3e3094415fc,Fortis Memorial Neuro & Trauma Center,0x84f93618C1D541bB1Dcf1373A8eE500A7D439634,Dr. Vikram Seth,NMC-99014,K21.9,Gastro-esophageal reflux disease,Gastroenterology,11630.63,0.0,581.53,20%,Awaiting Patient Consent Approval,Access Requested via Ledger,Pending Patient Authorization,Lab Reports; Diagnosis; Treatment History; Discharge Summary,Insurance Claim Adjudication & Pre-Auth Verification,24 Hours (Statutory Emergency Window),AES-256-GCM,vault-transit-key-0xb294e2c7,Qm28d074d08137163beed64912c7e617a196ab28c9ff20,0.0.4891024,3506,2026-09-13 12:02:51 UTC,0xef39052ad9583b0a3f251299c8ca90556993d8e7b6237a4a7e05d4d00d505821,0.0001
CLM-00507,POL-STAR-849707-637,Star Health & Allied Insurance,0x70997970C51812dc3A010C7d01b50e0d17dc79C8,IRDAI-REG-129,MediAssist TPA,Amit Gupta,849707,0x331008eec352c98259e9d380f0ca3c50871015d0,Fortis Memorial Neuro & Trauma Center,0x84f93618C1D541bB1Dcf1373A8eE500A7D439634,Dr. Vikram Seth,NMC-99014,K21.9,Gastro-esophageal reflux disease,Gastroenterology,12430.38,0.0,621.52,10%,Pending Adjudication,Audit Logged - Under Verification,Active - Time-Bound Access,Lab Reports; Diagnosis; Treatment History; Discharge Summary,Insurance Claim Adjudication & Pre-Auth Verification,24 Hours (Statutory Emergency Window),AES-256-GCM,vault-transit-key-0x331008ee,Qmbfb538fd98c146b8719c7dae3e1804411bc48a70bfe0,0.0.4891024,3507,2026-09-13 12:02:54 UTC,0x138b655d9d6ee39c3c08eaaf2996467c25cda01aa1a89b3e5bc048624f397c9b,0.0001
CLM-00508,POL-CARE-849708-537,Care Health Insurance (Religare),0x15d34AAf54267DB7D7c367839AAf71A00a2C6A65,IRDAI-REG-148,Heritage Health TPA,Chetan Patel,849708,0x6d7185f5a5e47ba2ccd4f9125a0e9e10a574992f,Apex Diagnostic & Pathology Hub,0x04Fee3FD1B338d12FFD6dBD8d66dE1e8e0BB99cB,Dr. Sunita Narang,NMC-90812,G40.909,"Epilepsy, unspecified, without status epilepticus",Neurology,49307.16,39445.73,2465.36,15%,Approved & Settled,Ledger Verified & Payout Secured,Active - Full Disclosure,Discharge Summary; Surgical Notes; Lab Reports,Insurance Claim Adjudication & Pre-Auth Verification,24 Hours (Statutory Emergency Window),AES-256-GCM,vault-transit-key-0x6d7185f5,Qm19dada19010bd7a22c4b5170a7ebb97ed6c81ceb53ce,0.0.4891024,3508,2026-09-13 12:02:55 UTC,0x258d395b167e211ac066bfc57d2e665156cff87503357b6ec93eb14b282f3a68,0.0001
CLM-00509,POL-CARE-849709-604,Care Health Insurance (Religare),0x15d34AAf54267DB7D7c367839AAf71A00a2C6A65,IRDAI-REG-148,Heritage Health TPA,Nandini Saxena,849709,0x9137162872a57de6789da3cb67dd975879c6e9ba,Apex Diagnostic & Pathology Hub,0x04Fee3FD1B338d12FFD6dBD8d66dE1e8e0BB99cB,Dr. Preeti Deshmukh,NMC-82194,A90,Dengue fever [classical dengue],Infectious Disease,40434.92,0.0,2021.75,10%,Pending Adjudication,Audit Logged - Under Verification,Active - Time-Bound Access,Diagnosis; Lab Reports; Itemized Pharmacy Bill,Insurance Claim Adjudication & Pre-Auth Verification,24 Hours (Statutory Emergency Window),AES-256-GCM,vault-transit-key-0x91371628,Qmc82039c422022d2441f28984900b60d30aad42214b31,0.0.4891024,3509,2026-09-13 12:02:57 UTC,0x3b3573e5baf9d4149fe27e5f142ff24539ce4a3f50e5ac57685582a3659be97f,0.0001
CLM-00510,POL-CARE-849710-918,Care Health Insurance (Religare),0x15d34AAf54267DB7D7c367839AAf71A00a2C6A65,IRDAI-REG-148,Heritage Health TPA,Ishaan Sharma,849710,0xddd1e419cf574138c1c8f4a319af02d952d7f660,Apollo Multispecialty Hospital,0x155Af6ECaFb48861dA7d16Fb8Af2f6ce9d6DD779,Dr. Preeti Deshmukh,NMC-82194,C50.919,Malignant neoplasm of female breast,Oncology,447217.67,352774.14,5000.0,20%,Approved & Settled,Ledger Verified & Payout Secured,Active - Full Disclosure,Discharge Summary; Surgical Notes; Lab Reports,Insurance Claim Adjudication & Pre-Auth Verification,24 Hours (Statutory Emergency Window),AES-256-GCM,vault-transit-key-0xddd1e419,Qmd966fa17a753a7e0a072e08aa328ad1c40995cf70df3,0.0.4891024,3510,2026-09-13 12:02:59 UTC,0xaa320a8727994057bd3dd579fe335ded3e9b62cca0191f4487f472030020548a,0.0001
CLM-00511,POL-HDFC-849711-806,HDFC ERGO Health Insurance,0x3C44CdDdB6a900fa2b585dd299e03d12FA4293BC,IRDAI-REG-146,Paramount TPA,Harish Hegde,849711,0x46e9391d4622d70fefb9b90cf8a4c81668b35a28,Apollo Multispecialty Hospital,0x155Af6ECaFb48861dA7d16Fb8Af2f6ce9d6DD779,Dr. Preeti Deshmukh,NMC-82194,C50.919,Malignant neoplasm of female breast,Oncology,390158.17,385158.17,5000.0,0%,Approved & Settled,Ledger Verified & Payout Secured,Active - Full Disclosure,Discharge Summary; Surgical Notes; Lab Reports,Insurance Claim Adjudication & Pre-Auth Verification,24 Hours (Statutory Emergency Window),AES-256-GCM,vault-transit-key-0x46e9391d,Qm3f4bc01a5edeb8e8ae2c4b749f60b22a4ef1646b7f6f,0.0.4891024,3511,2026-09-13 12:03:01 UTC,0x5a26d5dc7aa95d25bd95e7a26b018a1b6d09e93c6a69c038443425d105a6b45c,0.0001
CLM-00512,POL-ICIC-849712-952,ICICI Lombard General Insurance,0x90F79bf6EB2c4f870365E785982E1f101E93b906,IRDAI-REG-115,Vidal Health TPA,Ishaan Shetty,849712,0x42e536c6d73e05a084155233bd90efd06e741f4a,Fortis Memorial Neuro & Trauma Center,0x84f93618C1D541bB1Dcf1373A8eE500A7D439634,Dr. Ananya Roy,NMC-51203,I10,Essential (primary) hypertension,Cardiology,27902.44,0.0,1395.12,15%,Awaiting Patient Consent Approval,Access Requested via Ledger,Pending Patient Authorization,Emergency Admission Record; Diagnostic Imaging CT/MRI,Insurance Claim Adjudication & Pre-Auth Verification,24 Hours (Statutory Emergency Window),AES-256-GCM,vault-transit-key-0x42e536c6,Qmac5152a447cfb9b93aa3d5d87a80f925091599f18177,0.0.4891024,3512,2026-09-13 12:03:03 UTC,0xfa1921bece6e000a6741072d26a9d296073ebcc83dc40f2c76672bbc453ba75d,0.0001
CLM-00513,POL-HDFC-849713-985,HDFC ERGO Health Insurance,0x3C44CdDdB6a900fa2b585dd299e03d12FA4293BC,IRDAI-REG-146,Paramount TPA,Ananya Kulkarni,849713,0xeb9e12ad56b968119fe67389cb1a689ed9c35f46,Care & Cure Pediatric & Maternity Hospital,0x937F51E09477BfD31E56c5e533038a8eEAc096b7,Dr. Rajesh Sharma,NMC-78491,A90,Dengue fever [classical dengue],Infectious Disease,36532.33,29225.86,1826.62,15%,Approved & Settled,Ledger Verified & Payout Secured,Active - Full Disclosure,Emergency Admission Record; Diagnostic Imaging CT/MRI,Insurance Claim Adjudication & Pre-Auth Verification,24 Hours (Statutory Emergency Window),AES-256-GCM,vault-transit-key-0xeb9e12ad,Qme3caddb22d1794552b4f31e5b6122c1dc01e68d56b54,0.0.4891024,3513,2026-09-13 12:03:05 UTC,0xc8333dcc1c60e37cf6d87bddb2ff9c84f036a6988b4af6e715e7b12d0fffe1a2,0.0001
CLM-00514,POL-NIVA-849714-313,Niva Bupa Health Insurance,0x9965507D1a55bcC2695C58ba16FB37d819B0A4dc,IRDAI-REG-145,MDIndia Health TPA,Chetan Choudhury,849714,0xc38d7b459a53c2688b0388202b7ef801e5275953,Fortis Memorial Neuro & Trauma Center,0x84f93618C1D541bB1Dcf1373A8eE500A7D439634,Dr. Rohan Patel,NMC-11029,I10,Essential (primary) hypertension,Cardiology,33055.12,0.0,1652.76,15%,Pending Adjudication,Audit Logged - Under Verification,Active - Time-Bound Access,Discharge Summary; Surgical Notes; Lab Reports,Insurance Claim Adjudication & Pre-Auth Verification,24 Hours (Statutory Emergency Window),AES-256-GCM,vault-transit-key-0xc38d7b45,Qm8a67708f95a487f3f604503d128e954b2905b3a2d6f6,0.0.4891024,3514,2026-09-13 12:03:07 UTC,0xbabbd4040f501d4da2114c738ab436b3b6b1d321ee03c523db6ebe8e458af0a3,0.0001
CLM-00515,POL-STAR-849715-684,Star Health & Allied Insurance,0x70997970C51812dc3A010C7d01b50e0d17dc79C8,IRDAI-REG-129,MediAssist TPA,Manish Deshmukh,849715,0x7f24db411bd62ccb34c9059e5584c8a1f7939ed5,Fortis Memorial Neuro & Trauma Center,0x84f93618C1D541bB1Dcf1373A8eE500A7D439634,Dr. Ananya Roy,NMC-51203,E11.9,Type 2 diabetes mellitus without complications,Endocrinology,21692.36,18438.5,1084.62,10%,Approved & Settled,Ledger Verified & Payout Secured,Active - Full Disclosure,Discharge Summary; Surgical Notes; Lab Reports,Insurance Claim Adjudication & Pre-Auth Verification,24 Hours (Statutory Emergency Window),AES-256-GCM,vault-transit-key-0x7f24db41,Qmca286b1640de199276707806046809aac31985d669f1,0.0.4891024,3515,2026-09-13 12:03:09 UTC,0x9b99ede9a742d1aae94d6ac508764b548675d40e15db4a96cf7e95587b2cfef1,0.0001
CLM-00516,POL-CARE-849716-480,Care Health Insurance (Religare),0x15d34AAf54267DB7D7c367839AAf71A00a2C6A65,IRDAI-REG-148,Heritage Health TPA,Ananya Deshmukh,849716,0x913a6631f741b79ff8e327adebaca790bb848e7a,Apollo Multispecialty Hospital,0x155Af6ECaFb48861dA7d16Fb8Af2f6ce9d6DD779,Dr. Ananya Roy,NMC-51203,C50.919,Malignant neoplasm of female breast,Oncology,419275.98,351384.58,5000.0,15%,Approved & Settled,Ledger Verified & Payout Secured,Active - Full Disclosure,Discharge Summary; Surgical Notes; Lab Reports,Insurance Claim Adjudication & Pre-Auth Verification,24 Hours (Statutory Emergency Window),AES-256-GCM,vault-transit-key-0x913a6631,Qmba350d0f5ae7c69b60c7f984c44e46c403e8550a6fd8,0.0.4891024,3516,2026-09-13 12:03:10 UTC,0x074a382d2b0b11b3deebc200064f2cb36782e1f268a5b1d23938b14252921eed,0.0001
CLM-00517,POL-STAR-849717-618,Star Health & Allied Insurance,0x70997970C51812dc3A010C7d01b50e0d17dc79C8,IRDAI-REG-129,MediAssist TPA,Ishaan Bhatia,849717,0xd4d0b69038768a455f6e828b32e4b0c15f24dac8,Max Super Speciality Cancer Institute,0x28B7eA94B34C8F52D19E50Eb14769Da20F5D54b4,Dr. Sarah Jenkins,NMC-48192,A90,Dengue fever [classical dengue],Infectious Disease,29159.06,0.0,1457.95,20%,Awaiting Patient Consent Approval,Access Requested via Ledger,Pending Patient Authorization,Diagnosis; Lab Reports; Itemized Pharmacy Bill,Insurance Claim Adjudication & Pre-Auth Verification,24 Hours (Statutory Emergency Window),AES-256-GCM,vault-transit-key-0xd4d0b690,Qmcd810bdf6178d9108d78efabfc3c5356b4a216fdaeb3,0.0.4891024,3517,2026-09-13 12:03:12 UTC,0x3f688cd497ca3d70ddac0454be6e78a757a50dd1c2834604000cd569dbba1c75,0.0001
CLM-00518,POL-CARE-849718-246,Care Health Insurance (Religare),0x15d34AAf54267DB7D7c367839AAf71A00a2C6A65,IRDAI-REG-148,Heritage Health TPA,Sameer Malhotra,849718,0x3a4c3bdb00ec60bdbe6a0f6be48348027a583fac,Apex Diagnostic & Pathology Hub,0x04Fee3FD1B338d12FFD6dBD8d66dE1e8e0BB99cB,Dr. Vikram Seth,NMC-99014,S06.9X0A,Unspecified intracranial injury / Concussion,Trauma & Emergency,143320.66,0.0,5000.0,0%,Awaiting Patient Consent Approval,Access Requested via Ledger,Pending Patient Authorization,Diagnosis; Lab Reports; Itemized Pharmacy Bill,Insurance Claim Adjudication & Pre-Auth Verification,24 Hours (Statutory Emergency Window),AES-256-GCM,vault-transit-key-0x3a4c3bdb,Qm49216968a039e31f10edf3a8be7e85f9f6fa2d1358ad,0.0.4891024,3518,2026-09-13 12:03:14 UTC,0x1fbf3b558df15bb47b08c8f473cb4e30533bf1dca3b8b5aa5244e4de84ed1b0a,0.0001
CLM-00519,POL-CARE-849719-418,Care Health Insurance (Religare),0x15d34AAf54267DB7D7c367839AAf71A00a2C6A65,IRDAI-REG-148,Heritage Health TPA,Ananya Banerjee,849719,0x8acdb5aee22194c8fc6568b5da9afb3b6c27c72d,Apex Diagnostic & Pathology Hub,0x04Fee3FD1B338d12FFD6dBD8d66dE1e8e0BB99cB,Dr. Sarah Jenkins,NMC-48192,I10,Essential (primary) hypertension,Cardiology,37607.23,35726.87,1880.36,0%,Approved & Settled,Ledger Verified & Payout Secured,Active - Full Disclosure,Lab Reports; Diagnosis; Treatment History; Discharge Summary,Insurance Claim Adjudication & Pre-Auth Verification,24 Hours (Statutory Emergency Window),AES-256-GCM,vault-transit-key-0x8acdb5ae,Qm5970d8a86318d4b736dae5c6c4a46018813364abac44,0.0.4891024,3519,2026-09-13 12:03:16 UTC,0x17b1370fe6f122bc89a3a382248a615e01ac587369967f3ebf0df332cabf0785,0.0001
CLM-00520,POL-ICIC-849720-754,ICICI Lombard General Insurance,0x90F79bf6EB2c4f870365E785982E1f101E93b906,IRDAI-REG-115,Vidal Health TPA,Chetan Gowda,849720,0x8ad7a96eedd9c9080af477680e3069be2dbb4c23,Apollo Multispecialty Hospital,0x155Af6ECaFb48861dA7d16Fb8Af2f6ce9d6DD779,Dr. Rohan Patel,NMC-11029,G40.909,"Epilepsy, unspecified, without status epilepticus",Neurology,54661.36,43729.09,2733.07,15%,Approved & Settled,Ledger Verified & Payout Secured,Active - Full Disclosure,Discharge Summary; Surgical Notes; Lab Reports,Insurance Claim Adjudication & Pre-Auth Verification,24 Hours (Statutory Emergency Window),AES-256-GCM,vault-transit-key-0x8ad7a96e,Qmad187798a434d6616ff9bdfcabaaf995b8c52fc1e7f1,0.0.4891024,3520,2026-09-13 12:03:18 UTC,0x00b843274cded4814e5254a9e72da9576214053b7637c4ed9acbdac4c5dbfa52,0.0001
CLM-00521,POL-CARE-849721-261,Care Health Insurance (Religare),0x15d34AAf54267DB7D7c367839AAf71A00a2C6A65,IRDAI-REG-148,Heritage Health TPA,Geeta Mehta,849721,0xbdb57c82564aeb2065dfeabaff95f16e09e595b4,Apollo Multispecialty Hospital,0x155Af6ECaFb48861dA7d16Fb8Af2f6ce9d6DD779,Dr. Vikram Seth,NMC-99014,E11.9,Type 2 diabetes mellitus without complications,Endocrinology,18928.03,0.0,946.4,0%,Rejected - Policy Exclusion,Rejected with Ledger Audit Reason,Expired / Revoked,Lab Reports; Diagnosis; Treatment History; Discharge Summary,Insurance Claim Adjudication & Pre-Auth Verification,24 Hours (Statutory Emergency Window),AES-256-GCM,vault-transit-key-0xbdb57c82,Qmfd5f106b0167db1f1df9b5e25977e8c440ba47547b55,0.0.4891024,3521,2026-09-13 12:03:20 UTC,0x3cd48a17f6bc0acfb4fdb1e402438f71ec7f900d052233b8252cb1fe241db57f,0.0001
CLM-00522,POL-NIVA-849722-821,Niva Bupa Health Insurance,0x9965507D1a55bcC2695C58ba16FB37d819B0A4dc,IRDAI-REG-145,MDIndia Health TPA,Geeta Bhatia,849722,0xbc7465aca7f6d7eb8c0dd35124babaa78f452106,Fortis Memorial Neuro & Trauma Center,0x84f93618C1D541bB1Dcf1373A8eE500A7D439634,Dr. Vikram Seth,NMC-99014,E11.9,Type 2 diabetes mellitus without complications,Endocrinology,23343.32,19841.82,1167.17,10%,Approved & Settled,Ledger Verified & Payout Secured,Active - Full Disclosure,Discharge Summary; Surgical Notes; Lab Reports,Insurance Claim Adjudication & Pre-Auth Verification,24 Hours (Statutory Emergency Window),AES-256-GCM,vault-transit-key-0xbc7465ac,Qm9bdf0d53af787110126d29e54d0a63479c60d3f3b85d,0.0.4891024,3522,2026-09-13 12:03:22 UTC,0x178bb2fcf5c3172a71db98975d27c3fc62d8c20eb83224ed427b2dd1e017bfa5,0.0001
CLM-00523,POL-CARE-849723-582,Care Health Insurance (Religare),0x15d34AAf54267DB7D7c367839AAf71A00a2C6A65,IRDAI-REG-148,Heritage Health TPA,Sameer Pandey,849723,0x41400d397db9b59f0484e43a42519b9e255d82a3,Apollo Multispecialty Hospital,0x155Af6ECaFb48861dA7d16Fb8Af2f6ce9d6DD779,Dr. Rajesh Sharma,NMC-78491,I10,Essential (primary) hypertension,Cardiology,37234.73,35372.99,1861.74,0%,Approved & Settled,Ledger Verified & Payout Secured,Active - Full Disclosure,Lab Reports; Diagnosis; Treatment History; Discharge Summary,Insurance Claim Adjudication & Pre-Auth Verification,24 Hours (Statutory Emergency Window),AES-256-GCM,vault-transit-key-0x41400d39,Qm583d3eb7c87b92d89923ec0eccb1e60ed9d1c73e4e6f,0.0.4891024,3523,2026-09-13 12:03:24 UTC,0x9115e4ad5f30adc41d1304b3fd42f0fa7f48f53f241ae1667dd89f8d804c4ec6,0.0001
CLM-00524,POL-HDFC-849724-731,HDFC ERGO Health Insurance,0x3C44CdDdB6a900fa2b585dd299e03d12FA4293BC,IRDAI-REG-146,Paramount TPA,Varun Joshi,849724,0x5d999d552d1667d475a8457169cbaf75d0081ecc,Apex Diagnostic & Pathology Hub,0x04Fee3FD1B338d12FFD6dBD8d66dE1e8e0BB99cB,Dr. Rohan Patel,NMC-11029,A90,Dengue fever [classical dengue],Infectious Disease,33920.99,0.0,1696.05,15%,Pending Adjudication,Audit Logged - Under Verification,Active - Time-Bound Access,Lab Reports; Diagnosis; Treatment History; Discharge Summary,Insurance Claim Adjudication & Pre-Auth Verification,24 Hours (Statutory Emergency Window),AES-256-GCM,vault-transit-key-0x5d999d55,Qm9b769be336f123ccbf460d7a3553089bfc3528a76076,0.0.4891024,3524,2026-09-13 12:03:26 UTC,0x1c5fbae81ddbc750f9c9390ac2e7602849a3e98e5bb98d384131a307e2d9608f,0.0001
CLM-00525,POL-STAR-849725-417,Star Health & Allied Insurance,0x70997970C51812dc3A010C7d01b50e0d17dc79C8,IRDAI-REG-129,MediAssist TPA,Kiran Gupta,849725,0xaf2cdc6a0a0c9f5f43035dbe613631139a84143e,Care & Cure Pediatric & Maternity Hospital,0x937F51E09477BfD31E56c5e533038a8eEAc096b7,Dr. Sarah Jenkins,NMC-48192,A90,Dengue fever [classical dengue],Infectious Disease,38656.48,28992.36,1932.82,20%,Approved & Settled,Ledger Verified & Payout Secured,Active - Full Disclosure,Diagnosis; Lab Reports; Itemized Pharmacy Bill,Insurance Claim Adjudication & Pre-Auth Verification,24 Hours (Statutory Emergency Window),AES-256-GCM,vault-transit-key-0xaf2cdc6a,Qm69f4e90138c644fca4a1bcdc7b60f40b860ad08f7cab,0.0.4891024,3525,2026-09-13 12:03:28 UTC,0xab1d1e4bf76e80b25bf3d11ec09b8035966e11421a9ae6c556b94aebccc2f954,0.0001
CLM-00526,POL-ICIC-849726-907,ICICI Lombard General Insurance,0x90F79bf6EB2c4f870365E785982E1f101E93b906,IRDAI-REG-115,Vidal Health TPA,Nandini Deshmukh,849726,0xc3300dfaae10b5c2313fcf84adc83320057b9ac2,Care & Cure Pediatric & Maternity Hospital,0x937F51E09477BfD31E56c5e533038a8eEAc096b7,Dr. Rajesh Sharma,NMC-78491,S06.9X0A,Unspecified intracranial injury / Concussion,Trauma & Emergency,148045.96,120839.07,5000.0,15%,Approved & Settled,Ledger Verified & Payout Secured,Active - Full Disclosure,Lab Reports; Diagnosis; Treatment History; Discharge Summary,Insurance Claim Adjudication & Pre-Auth Verification,24 Hours (Statutory Emergency Window),AES-256-GCM,vault-transit-key-0xc3300dfa,Qmbd0f55e0a58c2aa54f82a00a3c519dc2175f5e6f5974,0.0.4891024,3526,2026-09-13 12:03:30 UTC,0x66eaf429fb137cdab2fcfe108aae8a403ec22f99b8adf32d4fec1b2440427448,0.0001
CLM-00527,POL-ICIC-849727-389,ICICI Lombard General Insurance,0x90F79bf6EB2c4f870365E785982E1f101E93b906,IRDAI-REG-115,Vidal Health TPA,Amit Reddy,849727,0x2f59f998ea7b6dd2a6365b9c11ddfaf1b5ed315c,Care & Cure Pediatric & Maternity Hospital,0x937F51E09477BfD31E56c5e533038a8eEAc096b7,Dr. Ananya Roy,NMC-51203,E11.9,Type 2 diabetes mellitus without complications,Endocrinology,23043.11,19586.64,1152.16,10%,Approved & Settled,Ledger Verified & Payout Secured,Active - Full Disclosure,Emergency Admission Record; Diagnostic Imaging CT/MRI,Insurance Claim Adjudication & Pre-Auth Verification,24 Hours (Statutory Emergency Window),AES-256-GCM,vault-transit-key-0x2f59f998,Qm1b36c8b56477bbdb2f902c6db8c7ed91b757a08d2d68,0.0.4891024,3527,2026-09-13 12:03:32 UTC,0x643a2f72c2f7e89399b91814c1ef7f2508b3665c68fe37b3676dbdc862a0006c,0.0001
CLM-00528,POL-STAR-849728-510,Star Health & Allied Insurance,0x70997970C51812dc3A010C7d01b50e0d17dc79C8,IRDAI-REG-129,MediAssist TPA,Sakshi Pandey,849728,0x1d9fca935872c1b8c19efb4d5c59ca9d39a0cd1d,Fortis Memorial Neuro & Trauma Center,0x84f93618C1D541bB1Dcf1373A8eE500A7D439634,Dr. Rohan Patel,NMC-11029,A90,Dengue fever [classical dengue],Infectious Disease,37303.72,0.0,1865.19,10%,Pending Adjudication,Audit Logged - Under Verification,Active - Time-Bound Access,Diagnosis; Lab Reports; Itemized Pharmacy Bill,Insurance Claim Adjudication & Pre-Auth Verification,24 Hours (Statutory Emergency Window),AES-256-GCM,vault-transit-key-0x1d9fca93,Qmbc33f8f1d26f0f1146bc46fb63b88c1062b7ca221f0d,0.0.4891024,3528,2026-09-13 12:03:34 UTC,0x4f66b9aa45c1f2e677f6d1d362613af1a348f60fdcc298cacc61990996c89b8c,0.0001
CLM-00529,POL-ICIC-849729-903,ICICI Lombard General Insurance,0x90F79bf6EB2c4f870365E785982E1f101E93b906,IRDAI-REG-115,Vidal Health TPA,Siddharth Patel,849729,0x57b6c7e025ed5d463018d4af3b0ae474f61561f2,Max Super Speciality Cancer Institute,0x28B7eA94B34C8F52D19E50Eb14769Da20F5D54b4,Dr. Sunita Narang,NMC-90812,K21.9,Gastro-esophageal reflux disease,Gastroenterology,16763.65,13410.92,838.18,15%,Approved & Settled,Ledger Verified & Payout Secured,Active - Full Disclosure,Diagnosis; Lab Reports; Itemized Pharmacy Bill,Insurance Claim Adjudication & Pre-Auth Verification,24 Hours (Statutory Emergency Window),AES-256-GCM,vault-transit-key-0x57b6c7e0,Qme827541347032f53ea8e49a16a3f32351b851730e2f3,0.0.4891024,3529,2026-09-13 12:03:35 UTC,0xdcf105d2ba63429685ec87c9dc36511b785e9bffe0f05dd7cb2e9e66df95d72d,0.0001
CLM-00530,POL-NIVA-849730-433,Niva Bupa Health Insurance,0x9965507D1a55bcC2695C58ba16FB37d819B0A4dc,IRDAI-REG-145,MDIndia Health TPA,Deepak Menon,849730,0x88477e79224aaca43839c69885e7d9cb2b3127e9,Care & Cure Pediatric & Maternity Hospital,0x937F51E09477BfD31E56c5e533038a8eEAc096b7,Dr. Sarah Jenkins,NMC-48192,A90,Dengue fever [classical dengue],Infectious Disease,36793.26,27594.95,1839.66,20%,Approved & Settled,Ledger Verified & Payout Secured,Active - Full Disclosure,Emergency Admission Record; Diagnostic Imaging CT/MRI,Insurance Claim Adjudication & Pre-Auth Verification,24 Hours (Statutory Emergency Window),AES-256-GCM,vault-transit-key-0x88477e79,Qme91ac0b1f9f847a5fd5aa47507fb64bbcdff1ae326ed,0.0.4891024,3530,2026-09-13 12:03:37 UTC,0x3a899a8e3b30b04678d523449a31ae3b5162a68475eb72e1db51f79bdd8c5de0,0.0001
CLM-00531,POL-NIVA-849731-760,Niva Bupa Health Insurance,0x9965507D1a55bcC2695C58ba16FB37d819B0A4dc,IRDAI-REG-145,MDIndia Health TPA,Madhav Reddy,849731,0xd280b66c0f20103180ca2ba4b3fad5dd1fc0dfa5,Care & Cure Pediatric & Maternity Hospital,0x937F51E09477BfD31E56c5e533038a8eEAc096b7,Dr. Vikram Seth,NMC-99014,A90,Dengue fever [classical dengue],Infectious Disease,38306.37,36391.05,1915.32,0%,Approved & Settled,Ledger Verified & Payout Secured,Active - Full Disclosure,Diagnosis; Lab Reports; Itemized Pharmacy Bill,Insurance Claim Adjudication & Pre-Auth Verification,24 Hours (Statutory Emergency Window),AES-256-GCM,vault-transit-key-0xd280b66c,Qm20211b1e385e55ad24934a4abcdabba9d0e34e2741aa,0.0.4891024,3531,2026-09-13 12:03:40 UTC,0xbd7f7f05754c5b0da9dfa19784f2e04f375cf614138af84fb478ad1fa45ed6d9,0.0001
CLM-00532,POL-HDFC-849732-499,HDFC ERGO Health Insurance,0x3C44CdDdB6a900fa2b585dd299e03d12FA4293BC,IRDAI-REG-146,Paramount TPA,Aarav Gowda,849732,0xd3dad1ff0bca6e6f18146ecfc94417629024d1c7,Max Super Speciality Cancer Institute,0x28B7eA94B34C8F52D19E50Eb14769Da20F5D54b4,Dr. Ananya Roy,NMC-51203,G40.909,"Epilepsy, unspecified, without status epilepticus",Neurology,49434.31,37075.73,2471.72,20%,Approved & Settled,Ledger Verified & Payout Secured,Active - Full Disclosure,Discharge Summary; Surgical Notes; Lab Reports,Insurance Claim Adjudication & Pre-Auth Verification,24 Hours (Statutory Emergency Window),AES-256-GCM,vault-transit-key-0xd3dad1ff,Qm5b1285109dd922ebd54855dd39f70f265958ee0281d6,0.0.4891024,3532,2026-09-13 12:03:41 UTC,0x7d6c33ba6b762c97c6df978923a4a7b9935fc4a8654111f3f4c3f66084216ed4,0.0001
CLM-00533,POL-ICIC-849733-191,ICICI Lombard General Insurance,0x90F79bf6EB2c4f870365E785982E1f101E93b906,IRDAI-REG-115,Vidal Health TPA,Kiran Hegde,849733,0x2d3599e51011521d1e19860179b407f3a8f89fe7,Care & Cure Pediatric & Maternity Hospital,0x937F51E09477BfD31E56c5e533038a8eEAc096b7,Dr. Preeti Deshmukh,NMC-82194,S06.9X0A,Unspecified intracranial injury / Concussion,Trauma & Emergency,133656.12,0.0,5000.0,20%,Awaiting Patient Consent Approval,Access Requested via Ledger,Pending Patient Authorization,Discharge Summary; Surgical Notes; Lab Reports,Insurance Claim Adjudication & Pre-Auth Verification,24 Hours (Statutory Emergency Window),AES-256-GCM,vault-transit-key-0x2d3599e5,Qm6d2b38621110f177182901842e1b74e03929d60751cd,0.0.4891024,3533,2026-09-13 12:03:43 UTC,0x17591a79d0cc5733bbc06bf1ebcf1194c7301f9a4b6d235b94c3f056c373f162,0.0001
CLM-00534,POL-NIVA-849734-212,Niva Bupa Health Insurance,0x9965507D1a55bcC2695C58ba16FB37d819B0A4dc,IRDAI-REG-145,MDIndia Health TPA,Shreya Swaminathan,849734,0xb2ca5521d62647919db719e56d7d936fa98664fd,Apollo Multispecialty Hospital,0x155Af6ECaFb48861dA7d16Fb8Af2f6ce9d6DD779,Dr. Sarah Jenkins,NMC-48192,S06.9X0A,Unspecified intracranial injury / Concussion,Trauma & Emergency,148069.58,143069.58,5000.0,0%,Approved & Settled,Ledger Verified & Payout Secured,Active - Full Disclosure,Emergency Admission Record; Diagnostic Imaging CT/MRI,Insurance Claim Adjudication & Pre-Auth Verification,24 Hours (Statutory Emergency Window),AES-256-GCM,vault-transit-key-0xb2ca5521,Qmcc6d69787edd7a1dd87ed056e96366f3d22bab505862,0.0.4891024,3534,2026-09-13 12:03:46 UTC,0x330d1c281c5516c7cec5c2556af11320060ae36f0ff6adc46d76e04d0972640b,0.0001
CLM-00535,POL-CARE-849735-658,Care Health Insurance (Religare),0x15d34AAf54267DB7D7c367839AAf71A00a2C6A65,IRDAI-REG-148,Heritage Health TPA,Sakshi Pillai,849735,0xb50eefb877c4e2ac871f8b552298e4d8473da8fc,Care & Cure Pediatric & Maternity Hospital,0x937F51E09477BfD31E56c5e533038a8eEAc096b7,Dr. Ananya Roy,NMC-51203,K21.9,Gastro-esophageal reflux disease,Gastroenterology,12438.09,10572.38,621.9,10%,Approved & Settled,Ledger Verified & Payout Secured,Active - Full Disclosure,Diagnosis; Lab Reports; Itemized Pharmacy Bill,Insurance Claim Adjudication & Pre-Auth Verification,24 Hours (Statutory Emergency Window),AES-256-GCM,vault-transit-key-0xb50eefb8,Qmba736282657bcf2e31eb309c5e5afcfe94fbe8aca0e2,0.0.4891024,3535,2026-09-13 12:03:47 UTC,0xbddc4966f53ea1f757698a83564f71c133781270ed4a63e28c721ba2c0a2503c,0.0001
CLM-00536,POL-ICIC-849736-993,ICICI Lombard General Insurance,0x90F79bf6EB2c4f870365E785982E1f101E93b906,IRDAI-REG-115,Vidal Health TPA,Siddharth Ghosh,849736,0xddfcc14a2b13916dc25c1b5b7e807b60a9d44a3e,Care & Cure Pediatric & Maternity Hospital,0x937F51E09477BfD31E56c5e533038a8eEAc096b7,Dr. Rajesh Sharma,NMC-78491,G40.909,"Epilepsy, unspecified, without status epilepticus",Neurology,50464.25,42894.61,2523.21,10%,Approved & Settled,Ledger Verified & Payout Secured,Active - Full Disclosure,Lab Reports; Diagnosis; Treatment History; Discharge Summary,Insurance Claim Adjudication & Pre-Auth Verification,24 Hours (Statutory Emergency Window),AES-256-GCM,vault-transit-key-0xddfcc14a,Qmbe3d7d822bfe1e147c9fdfee78f4e4b031b2a18e2f03,0.0.4891024,3536,2026-09-13 12:03:49 UTC,0x6bdbc513f9a533c1abd9036e3e9465a3b158150a074899957ca12fae8d6c1d81,0.0001
CLM-00537,POL-CARE-849737-757,Care Health Insurance (Religare),0x15d34AAf54267DB7D7c367839AAf71A00a2C6A65,IRDAI-REG-148,Heritage Health TPA,Anand Shetty,849737,0x1f9ab0d98c9c40b4b4615f6844a94a1b9ccffc0e,Max Super Speciality Cancer Institute,0x28B7eA94B34C8F52D19E50Eb14769Da20F5D54b4,Dr. Sarah Jenkins,NMC-48192,E11.9,Type 2 diabetes mellitus without complications,Endocrinology,23359.46,0.0,1167.97,20%,Awaiting Patient Consent Approval,Access Requested via Ledger,Pending Patient Authorization,Emergency Admission Record; Diagnostic Imaging CT/MRI,Insurance Claim Adjudication & Pre-Auth Verification,24 Hours (Statutory Emergency Window),AES-256-GCM,vault-transit-key-0x1f9ab0d9,Qm8c384c263b3aeacb2af9edfefc24c6064b81ae9bdaca,0.0.4891024,3537,2026-09-13 12:03:51 UTC,0x7d98575568133bf1c59a19241b6f3cb34fbd66120e07df9ad1efc7a61ebbec5b,0.0001
CLM-00538,POL-NIVA-849738-493,Niva Bupa Health Insurance,0x9965507D1a55bcC2695C58ba16FB37d819B0A4dc,IRDAI-REG-145,MDIndia Health TPA,Neha Banerjee,849738,0x3ab51abffe74cd4a9c6e4762db5f3a903b59b268,Care & Cure Pediatric & Maternity Hospital,0x937F51E09477BfD31E56c5e533038a8eEAc096b7,Dr. Rohan Patel,NMC-11029,A90,Dengue fever [classical dengue],Infectious Disease,33916.42,28828.96,1695.82,10%,Approved & Settled,Ledger Verified & Payout Secured,Active - Full Disclosure,Lab Reports; Diagnosis; Treatment History; Discharge Summary,Insurance Claim Adjudication & Pre-Auth Verification,24 Hours (Statutory Emergency Window),AES-256-GCM,vault-transit-key-0x3ab51abf,Qmbf2333f0dec67fa321a4116467309666be240d8e2107,0.0.4891024,3538,2026-09-13 12:03:53 UTC,0x356a0d56e111f50a4fd0835369d7ce934a0ffe2e49e126b229b8fa9bf5a2dbbe,0.0001
CLM-00539,POL-HDFC-849739-659,HDFC ERGO Health Insurance,0x3C44CdDdB6a900fa2b585dd299e03d12FA4293BC,IRDAI-REG-146,Paramount TPA,Anand Mukherjee,849739,0x30e6ec26ddc7303ee987ba02b44dd0d03f1fc601,Apex Diagnostic & Pathology Hub,0x04Fee3FD1B338d12FFD6dBD8d66dE1e8e0BB99cB,Dr. Vikram Seth,NMC-99014,K21.9,Gastro-esophageal reflux disease,Gastroenterology,14491.98,0.0,724.6,0%,Rejected - Policy Exclusion,Rejected with Ledger Audit Reason,Expired / Revoked,Emergency Admission Record; Diagnostic Imaging CT/MRI,Insurance Claim Adjudication & Pre-Auth Verification,24 Hours (Statutory Emergency Window),AES-256-GCM,vault-transit-key-0x30e6ec26,Qmf4447dfa157477346841c25d8d8de8fb2bae6dd41a66,0.0.4891024,3539,2026-09-13 12:03:55 UTC,0x8d9b2750d1f7eeab4da0204aa451006aa45413a876f9af9096579b88e646b778,0.0001
CLM-00540,POL-CARE-849740-576,Care Health Insurance (Religare),0x15d34AAf54267DB7D7c367839AAf71A00a2C6A65,IRDAI-REG-148,Heritage Health TPA,Ishaan Saxena,849740,0xa78f8785620e6d1997f620167a7930bbccc75d78,Apollo Multispecialty Hospital,0x155Af6ECaFb48861dA7d16Fb8Af2f6ce9d6DD779,Dr. Rajesh Sharma,NMC-78491,G40.909,"Epilepsy, unspecified, without status epilepticus",Neurology,47570.35,45191.83,2378.52,0%,Approved & Settled,Ledger Verified & Payout Secured,Active - Full Disclosure,Lab Reports; Diagnosis; Treatment History; Discharge Summary,Insurance Claim Adjudication & Pre-Auth Verification,24 Hours (Statutory Emergency Window),AES-256-GCM,vault-transit-key-0xa78f8785,Qmc34bab07b26d14c0a5cd8b1564ecd7cf23162e7d6009,0.0.4891024,3540,2026-09-13 12:03:57 UTC,0x61d475ada3bf5cd71302b57c6a2c9fd99ace7f470e348e06fcbbe5920968ee4e,0.0001
CLM-00541,POL-NIVA-849741-451,Niva Bupa Health Insurance,0x9965507D1a55bcC2695C58ba16FB37d819B0A4dc,IRDAI-REG-145,MDIndia Health TPA,Geeta Hegde,849741,0x997af6023a85b064abfa14c6b88ceef58aa4fa1b,Fortis Memorial Neuro & Trauma Center,0x84f93618C1D541bB1Dcf1373A8eE500A7D439634,Dr. Rohan Patel,NMC-11029,I10,Essential (primary) hypertension,Cardiology,32511.8,30886.21,1625.59,0%,Approved & Settled,Ledger Verified & Payout Secured,Active - Full Disclosure,Emergency Admission Record; Diagnostic Imaging CT/MRI,Insurance Claim Adjudication & Pre-Auth Verification,24 Hours (Statutory Emergency Window),AES-256-GCM,vault-transit-key-0x997af602,Qm7b66cafc84bcf6153b45fc8dec0674e631794da33f3c,0.0.4891024,3541,2026-09-13 12:03:59 UTC,0xbffa3cea9a7e1afc3ae2347fb28a9863176e5803e27e5fa733c8411ad2f2146d,0.0001
CLM-00542,POL-ICIC-849742-136,ICICI Lombard General Insurance,0x90F79bf6EB2c4f870365E785982E1f101E93b906,IRDAI-REG-115,Vidal Health TPA,Sameer Kapoor,849742,0x6aec243f026655e7fa4c18edb8f6fa21c1a1c921,Fortis Memorial Neuro & Trauma Center,0x84f93618C1D541bB1Dcf1373A8eE500A7D439634,Dr. Vikram Seth,NMC-99014,E11.9,Type 2 diabetes mellitus without complications,Endocrinology,22436.3,0.0,1121.82,15%,Pending Adjudication,Audit Logged - Under Verification,Active - Time-Bound Access,Discharge Summary; Surgical Notes; Lab Reports,Insurance Claim Adjudication & Pre-Auth Verification,24 Hours (Statutory Emergency Window),AES-256-GCM,vault-transit-key-0x6aec243f,Qmfb34f0f4707920e99ec5c0f26b5867862110a56ae5d2,0.0.4891024,3542,2026-09-13 12:04:00 UTC,0x06a519f091e1732783c3d81144f4340d5aa36f18d7688104a2aed4fbf3045bb0,0.0001
CLM-00543,POL-HDFC-849743-928,HDFC ERGO Health Insurance,0x3C44CdDdB6a900fa2b585dd299e03d12FA4293BC,IRDAI-REG-146,Paramount TPA,Amit Saxena,849743,0x65d4063aeb63ada948d767ff699fed53d82bc177,Apex Diagnostic & Pathology Hub,0x04Fee3FD1B338d12FFD6dBD8d66dE1e8e0BB99cB,Dr. Sarah Jenkins,NMC-48192,G40.909,"Epilepsy, unspecified, without status epilepticus",Neurology,51736.48,49149.66,2586.82,0%,Approved & Settled,Ledger Verified & Payout Secured,Active - Full Disclosure,Lab Reports; Diagnosis; Treatment History; Discharge Summary,Insurance Claim Adjudication & Pre-Auth Verification,24 Hours (Statutory Emergency Window),AES-256-GCM,vault-transit-key-0x65d4063a,Qm84eabe8927583662c0a414e546b2ad0297856441f565,0.0.4891024,3543,2026-09-13 12:04:02 UTC,0xf6308376d84883b936ea5700a71dc093c183924e63b250de373785667d4fe26a,0.0001
CLM-00544,POL-ICIC-849744-381,ICICI Lombard General Insurance,0x90F79bf6EB2c4f870365E785982E1f101E93b906,IRDAI-REG-115,Vidal Health TPA,Bhavna Patel,849744,0xfaf39ef0daaf18157e24a2a48e22bcb742a80b87,Fortis Memorial Neuro & Trauma Center,0x84f93618C1D541bB1Dcf1373A8eE500A7D439634,Dr. Rajesh Sharma,NMC-78491,G40.909,"Epilepsy, unspecified, without status epilepticus",Neurology,54013.52,0.0,2700.68,0%,Pending Adjudication,Audit Logged - Under Verification,Active - Time-Bound Access,Diagnosis; Lab Reports; Itemized Pharmacy Bill,Insurance Claim Adjudication & Pre-Auth Verification,24 Hours (Statutory Emergency Window),AES-256-GCM,vault-transit-key-0xfaf39ef0,Qm77e2c912142c888f02a513018396fcd569ff58cf949f,0.0.4891024,3544,2026-09-13 12:04:05 UTC,0x51ed32da02ae0bd55c477c5281ae9f02542b3f1c06eb84064a1c8a103fd185cc,0.0001
CLM-00545,POL-CARE-849745-367,Care Health Insurance (Religare),0x15d34AAf54267DB7D7c367839AAf71A00a2C6A65,IRDAI-REG-148,Heritage Health TPA,Manish Shetty,849745,0x1c9add9bdd78ffed9de38f601e0a82ecb0ad1f81,Fortis Memorial Neuro & Trauma Center,0x84f93618C1D541bB1Dcf1373A8eE500A7D439634,Dr. Sunita Narang,NMC-90812,E11.9,Type 2 diabetes mellitus without complications,Endocrinology,23164.54,19689.86,1158.23,10%,Approved & Settled,Ledger Verified & Payout Secured,Active - Full Disclosure,Lab Reports; Diagnosis; Treatment History; Discharge Summary,Insurance Claim Adjudication & Pre-Auth Verification,24 Hours (Statutory Emergency Window),AES-256-GCM,vault-transit-key-0x1c9add9b,Qmc71a8f1118d35c04c6ec574f4fe5e9adee8e99b0d9fe,0.0.4891024,3545,2026-09-13 12:04:06 UTC,0xed3e3ac0565aeb26be1e15023d66ca57bfbd429cb2eebe8ad6eec7ea8dca0444,0.0001
CLM-00546,POL-NIVA-849746-870,Niva Bupa Health Insurance,0x9965507D1a55bcC2695C58ba16FB37d819B0A4dc,IRDAI-REG-145,MDIndia Health TPA,Divya Gupta,849746,0x927f1c270093b5f199c35a94e0f84a9e6ac85768,Max Super Speciality Cancer Institute,0x28B7eA94B34C8F52D19E50Eb14769Da20F5D54b4,Dr. Sunita Narang,NMC-90812,A90,Dengue fever [classical dengue],Infectious Disease,43107.63,32330.72,2155.38,20%,Approved & Settled,Ledger Verified & Payout Secured,Active - Full Disclosure,Emergency Admission Record; Diagnostic Imaging CT/MRI,Insurance Claim Adjudication & Pre-Auth Verification,24 Hours (Statutory Emergency Window),AES-256-GCM,vault-transit-key-0x927f1c27,Qmdba587938aa850b24130d3f92bbbc202f9a41e71675f,0.0.4891024,3546,2026-09-13 12:04:09 UTC,0x539ae9fb3e81f98dc8fc73169fabb8048ab38595ae94f4a1bf0ee6afd16f037e,0.0001
CLM-00547,POL-NIVA-849747-873,Niva Bupa Health Insurance,0x9965507D1a55bcC2695C58ba16FB37d819B0A4dc,IRDAI-REG-145,MDIndia Health TPA,Meera Iyer,849747,0xe1044b2e885cb1f25c9799881cf0d93f667ac8e8,Fortis Memorial Neuro & Trauma Center,0x84f93618C1D541bB1Dcf1373A8eE500A7D439634,Dr. Sarah Jenkins,NMC-48192,G40.909,"Epilepsy, unspecified, without status epilepticus",Neurology,53289.14,50624.68,2664.46,0%,Approved & Settled,Ledger Verified & Payout Secured,Active - Full Disclosure,Emergency Admission Record; Diagnostic Imaging CT/MRI,Insurance Claim Adjudication & Pre-Auth Verification,24 Hours (Statutory Emergency Window),AES-256-GCM,vault-transit-key-0xe1044b2e,Qmba28a77b8173b1d6124350531700265b1253ef256714,0.0.4891024,3547,2026-09-13 12:04:10 UTC,0x26cb2369e62a7f918b2af483584405612ceec7bf5d7b0533e8d78e7e3d39e9b9,0.0001
CLM-00548,POL-NIVA-849748-585,Niva Bupa Health Insurance,0x9965507D1a55bcC2695C58ba16FB37d819B0A4dc,IRDAI-REG-145,MDIndia Health TPA,Rohan Chatterjee,849748,0x1c23dba9cf049a41e44a69938c3d117e8673b0c3,Max Super Speciality Cancer Institute,0x28B7eA94B34C8F52D19E50Eb14769Da20F5D54b4,Dr. Ananya Roy,NMC-51203,K21.9,Gastro-esophageal reflux disease,Gastroenterology,12727.27,9545.46,636.36,20%,Approved & Settled,Ledger Verified & Payout Secured,Active - Full Disclosure,Emergency Admission Record; Diagnostic Imaging CT/MRI,Insurance Claim Adjudication & Pre-Auth Verification,24 Hours (Statutory Emergency Window),AES-256-GCM,vault-transit-key-0x1c23dba9,Qmacd2cca17f9141e122c88282560c41c3f68604deb4c7,0.0.4891024,3548,2026-09-13 12:04:12 UTC,0x8992a6baf668cedc4093153c87fdeb36fded72cef0a2fd7d6e4e90033d3b792f,0.0001
CLM-00549,POL-STAR-849749-964,Star Health & Allied Insurance,0x70997970C51812dc3A010C7d01b50e0d17dc79C8,IRDAI-REG-129,MediAssist TPA,Sakshi Mishra,849749,0xf06203eb64476870bf84e8d42496e498e3ecbb1f,Apollo Multispecialty Hospital,0x155Af6ECaFb48861dA7d16Fb8Af2f6ce9d6DD779,Dr. Rohan Patel,NMC-11029,S06.9X0A,Unspecified intracranial injury / Concussion,Trauma & Emergency,125844.92,101968.18,5000.0,15%,Approved & Settled,Ledger Verified & Payout Secured,Active - Full Disclosure,Discharge Summary; Surgical Notes; Lab Reports,Insurance Claim Adjudication & Pre-Auth Verification,24 Hours (Statutory Emergency Window),AES-256-GCM,vault-transit-key-0xf06203eb,Qmfb2ab78608fe3e90e710c67ae8974160bfe22b5212bd,0.0.4891024,3549,2026-09-13 12:04:14 UTC,0x2ae59e347ef74eee278ce7df30a96f9f4a7566b4a255ec0b2c297e6db4fe856a,0.0001
CLM-00550,POL-NIVA-849750-851,Niva Bupa Health Insurance,0x9965507D1a55bcC2695C58ba16FB37d819B0A4dc,IRDAI-REG-145,MDIndia Health TPA,Rahul Kulkarni,849750,0x3288d1ff030979708891b6e6d66fe4eb961c77b1,Care & Cure Pediatric & Maternity Hospital,0x937F51E09477BfD31E56c5e533038a8eEAc096b7,Dr. Ananya Roy,NMC-51203,C50.919,Malignant neoplasm of female breast,Oncology,456893.16,406203.84,5000.0,10%,Approved & Settled,Ledger Verified & Payout Secured,Active - Full Disclosure,Diagnosis; Lab Reports; Itemized Pharmacy Bill,Insurance Claim Adjudication & Pre-Auth Verification,24 Hours (Statutory Emergency Window),AES-256-GCM,vault-transit-key-0x3288d1ff,Qm7c110fd01316bc054e07335649a623fc0affa530e114,0.0.4891024,3550,2026-09-13 12:04:16 UTC,0x753a245df17af396b0a42ed474f75248708096a4c574e0fc3dee00363c9b9dfd,0.0001
CLM-00551,POL-STAR-849751-200,Star Health & Allied Insurance,0x70997970C51812dc3A010C7d01b50e0d17dc79C8,IRDAI-REG-129,MediAssist TPA,Harish Sharma,849751,0x412a740c0d220715c0649cbd3d271f79c509338f,Apollo Multispecialty Hospital,0x155Af6ECaFb48861dA7d16Fb8Af2f6ce9d6DD779,Dr. Sarah Jenkins,NMC-48192,K21.9,Gastro-esophageal reflux disease,Gastroenterology,14204.61,10653.46,710.23,20%,Approved & Settled,Ledger Verified & Payout Secured,Active - Full Disclosure,Discharge Summary; Surgical Notes; Lab Reports,Insurance Claim Adjudication & Pre-Auth Verification,24 Hours (Statutory Emergency Window),AES-256-GCM,vault-transit-key-0x412a740c,Qm769d764f0490f920b640f9b12d97e54c3aa9d591f05c,0.0.4891024,3551,2026-09-13 12:04:18 UTC,0xb5e50d985092d87b013e371a2ce3ef1869572c0ac7f0c89bec9b8dc2bd3def07,0.0001
CLM-00552,POL-STAR-849752-708,Star Health & Allied Insurance,0x70997970C51812dc3A010C7d01b50e0d17dc79C8,IRDAI-REG-129,MediAssist TPA,Nikhil Verma,849752,0x34777232298f80cb82dd7dcb56f5d3e916852f67,Apex Diagnostic & Pathology Hub,0x04Fee3FD1B338d12FFD6dBD8d66dE1e8e0BB99cB,Dr. Sarah Jenkins,NMC-48192,I10,Essential (primary) hypertension,Cardiology,34070.97,0.0,1703.55,10%,Rejected - Policy Exclusion,Rejected with Ledger Audit Reason,Expired / Revoked,Lab Reports; Diagnosis; Treatment History; Discharge Summary,Insurance Claim Adjudication & Pre-Auth Verification,24 Hours (Statutory Emergency Window),AES-256-GCM,vault-transit-key-0x34777232,Qm83b33b5ae13b7313b3c926b9af391bf5cd075b1378fc,0.0.4891024,3552,2026-09-13 12:04:20 UTC,0xa95b67a8aeb0de49fda7b3fce7851fb11d0050c4ba1e61077ee8d1f85b9c1e66,0.0001
CLM-00553,POL-NIVA-849753-213,Niva Bupa Health Insurance,0x9965507D1a55bcC2695C58ba16FB37d819B0A4dc,IRDAI-REG-145,MDIndia Health TPA,Divya Mukherjee,849753,0x4c7b4ee0af0b0ae715b86a564c1b7eb33d9fbbae,Max Super Speciality Cancer Institute,0x28B7eA94B34C8F52D19E50Eb14769Da20F5D54b4,Dr. Ananya Roy,NMC-51203,E11.9,Type 2 diabetes mellitus without complications,Endocrinology,22441.32,17953.05,1122.07,15%,Approved & Settled,Ledger Verified & Payout Secured,Active - Full Disclosure,Lab Reports; Diagnosis; Treatment History; Discharge Summary,Insurance Claim Adjudication & Pre-Auth Verification,24 Hours (Statutory Emergency Window),AES-256-GCM,vault-transit-key-0x4c7b4ee0,Qm144712cc38b287aaa5e9045a6a51067fe930b1ef7cac,0.0.4891024,3553,2026-09-13 12:04:22 UTC,0xb9f40ab2fb34918467a70477797f353202abe567d4289e675f7875a0c400ed35,0.0001
CLM-00554,POL-ICIC-849754-363,ICICI Lombard General Insurance,0x90F79bf6EB2c4f870365E785982E1f101E93b906,IRDAI-REG-115,Vidal Health TPA,Yashwanth Malhotra,849754,0x2f46ee6c7aef1de8de3a7129cd5f29c32512d24a,Care & Cure Pediatric & Maternity Hospital,0x937F51E09477BfD31E56c5e533038a8eEAc096b7,Dr. Preeti Deshmukh,NMC-82194,S06.9X0A,Unspecified intracranial injury / Concussion,Trauma & Emergency,111881.74,106881.74,5000.0,0%,Approved & Settled,Ledger Verified & Payout Secured,Active - Full Disclosure,Lab Reports; Diagnosis; Treatment History; Discharge Summary,Insurance Claim Adjudication & Pre-Auth Verification,24 Hours (Statutory Emergency Window),AES-256-GCM,vault-transit-key-0x2f46ee6c,Qm4f0e70d21551f20b9d8d8f1707fe435332e161bff3e1,0.0.4891024,3554,2026-09-13 12:04:24 UTC,0xfa66eec7324dec304a150cb776255fc0c37e83fdbe065d811965e8d367ea52f2,0.0001
CLM-00555,POL-STAR-849755-282,Star Health & Allied Insurance,0x70997970C51812dc3A010C7d01b50e0d17dc79C8,IRDAI-REG-129,MediAssist TPA,Siddharth Mehta,849755,0xc784a44f47f9f5553cd8c54c6157f4bda90ebb00,Fortis Memorial Neuro & Trauma Center,0x84f93618C1D541bB1Dcf1373A8eE500A7D439634,Dr. Sunita Narang,NMC-90812,G40.909,"Epilepsy, unspecified, without status epilepticus",Neurology,46126.86,0.0,2306.34,20%,Rejected - Policy Exclusion,Rejected with Ledger Audit Reason,Expired / Revoked,Diagnosis; Lab Reports; Itemized Pharmacy Bill,Insurance Claim Adjudication & Pre-Auth Verification,24 Hours (Statutory Emergency Window),AES-256-GCM,vault-transit-key-0xc784a44f,Qmea191eaf7fd83e196a0d3e4284cc68d921fb83f22a8c,0.0.4891024,3555,2026-09-13 12:04:26 UTC,0x109e484321270961f6e393e543d16707f0ca26927119be2078d45718473e5521,0.0001
CLM-00556,POL-CARE-849756-323,Care Health Insurance (Religare),0x15d34AAf54267DB7D7c367839AAf71A00a2C6A65,IRDAI-REG-148,Heritage Health TPA,Sneha Nair,849756,0xbdf42c8f22d29b4f8386a7945713ad55e7cb5cb1,Apollo Multispecialty Hospital,0x155Af6ECaFb48861dA7d16Fb8Af2f6ce9d6DD779,Dr. Rajesh Sharma,NMC-78491,K21.9,Gastro-esophageal reflux disease,Gastroenterology,14703.56,0.0,735.18,0%,Awaiting Patient Consent Approval,Access Requested via Ledger,Pending Patient Authorization,Discharge Summary; Surgical Notes; Lab Reports,Insurance Claim Adjudication & Pre-Auth Verification,24 Hours (Statutory Emergency Window),AES-256-GCM,vault-transit-key-0xbdf42c8f,Qm326f069bffcf2495c8ef81863f0ce4c83241ef3992a4,0.0.4891024,3556,2026-09-13 12:04:27 UTC,0x2886a2a50b434673c469cc1c15b40aafb558d326d27ac951762b44d39c8371ed,0.0001
CLM-00557,POL-STAR-849757-895,Star Health & Allied Insurance,0x70997970C51812dc3A010C7d01b50e0d17dc79C8,IRDAI-REG-129,MediAssist TPA,Ananya Patel,849757,0x70e1c676f4c52a783316bb565e17d80aeb6f78ad,Apex Diagnostic & Pathology Hub,0x04Fee3FD1B338d12FFD6dBD8d66dE1e8e0BB99cB,Dr. Preeti Deshmukh,NMC-82194,G40.909,"Epilepsy, unspecified, without status epilepticus",Neurology,46227.17,34670.38,2311.36,20%,Approved & Settled,Ledger Verified & Payout Secured,Active - Full Disclosure,Lab Reports; Diagnosis; Treatment History; Discharge Summary,Insurance Claim Adjudication & Pre-Auth Verification,24 Hours (Statutory Emergency Window),AES-256-GCM,vault-transit-key-0x70e1c676,Qmee7109197fa0b21122558e2d15dfae705c28d56961f6,0.0.4891024,3557,2026-09-13 12:04:29 UTC,0x76594a135175db1db609af4c0558033e775ce860d7805a80904cdd2363f76e77,0.0001
CLM-00558,POL-HDFC-849758-627,HDFC ERGO Health Insurance,0x3C44CdDdB6a900fa2b585dd299e03d12FA4293BC,IRDAI-REG-146,Paramount TPA,Siddharth Deshmukh,849758,0x680bfa258f7a2e6b6466076f5702d50fd58fb1aa,Fortis Memorial Neuro & Trauma Center,0x84f93618C1D541bB1Dcf1373A8eE500A7D439634,Dr. Ananya Roy,NMC-51203,I10,Essential (primary) hypertension,Cardiology,34725.04,26043.78,1736.25,20%,Approved & Settled,Ledger Verified & Payout Secured,Active - Full Disclosure,Emergency Admission Record; Diagnostic Imaging CT/MRI,Insurance Claim Adjudication & Pre-Auth Verification,24 Hours (Statutory Emergency Window),AES-256-GCM,vault-transit-key-0x680bfa25,Qma2885174100830f8c298a4ca3e3cb915862a38ad46a3,0.0.4891024,3558,2026-09-13 12:04:31 UTC,0x2c48e790241d14dc99c094bbc17d6a02e6efde78b779263c9a390819d57164d2,0.0001
CLM-00559,POL-STAR-849759-224,Star Health & Allied Insurance,0x70997970C51812dc3A010C7d01b50e0d17dc79C8,IRDAI-REG-129,MediAssist TPA,Geeta Rao,849759,0x9117108ecfd34add2940e54ec8eea3053dc3a219,Care & Cure Pediatric & Maternity Hospital,0x937F51E09477BfD31E56c5e533038a8eEAc096b7,Dr. Preeti Deshmukh,NMC-82194,A90,Dengue fever [classical dengue],Infectious Disease,36968.31,29574.64,1848.42,15%,Approved & Settled,Ledger Verified & Payout Secured,Active - Full Disclosure,Discharge Summary; Surgical Notes; Lab Reports,Insurance Claim Adjudication & Pre-Auth Verification,24 Hours (Statutory Emergency Window),AES-256-GCM,vault-transit-key-0x9117108e,Qma59b8ef2b096e6ea2b93f61f90709002ed1d3131700d,0.0.4891024,3559,2026-09-13 12:04:33 UTC,0x5e15f4ff5ad28932941c6cf6bf2d3ce18eea4ac06dc7fbc22c9df8b8d90efc37,0.0001
CLM-00560,POL-STAR-849760-182,Star Health & Allied Insurance,0x70997970C51812dc3A010C7d01b50e0d17dc79C8,IRDAI-REG-129,MediAssist TPA,Arjun Kulkarni,849760,0x61cf798aa8c724333e632b156f8ee181143b52f2,Fortis Memorial Neuro & Trauma Center,0x84f93618C1D541bB1Dcf1373A8eE500A7D439634,Dr. Rohan Patel,NMC-11029,S06.9X0A,Unspecified intracranial injury / Concussion,Trauma & Emergency,147031.15,0.0,5000.0,15%,Pending Adjudication,Audit Logged - Under Verification,Active - Time-Bound Access,Diagnosis; Lab Reports; Itemized Pharmacy Bill,Insurance Claim Adjudication & Pre-Auth Verification,24 Hours (Statutory Emergency Window),AES-256-GCM,vault-transit-key-0x61cf798a,Qmc0b5f25879bc7e8110b46fb670f373237657a169679d,0.0.4891024,3560,2026-09-13 12:04:35 UTC,0xe99f04cc72d27b855a0542d5d9dd1bcc89f79e412affc2e715b1d56406e86d9c,0.0001
CLM-00561,POL-HDFC-849761-209,HDFC ERGO Health Insurance,0x3C44CdDdB6a900fa2b585dd299e03d12FA4293BC,IRDAI-REG-146,Paramount TPA,Ananya Joshi,849761,0xa95fd39dd7bc40b7a3e3ebf5c9f6a0a857b1fa19,Fortis Memorial Neuro & Trauma Center,0x84f93618C1D541bB1Dcf1373A8eE500A7D439634,Dr. Preeti Deshmukh,NMC-82194,K21.9,Gastro-esophageal reflux disease,Gastroenterology,14797.22,11837.78,739.86,15%,Approved & Settled,Ledger Verified & Payout Secured,Active - Full Disclosure,Emergency Admission Record; Diagnostic Imaging CT/MRI,Insurance Claim Adjudication & Pre-Auth Verification,24 Hours (Statutory Emergency Window),AES-256-GCM,vault-transit-key-0xa95fd39d,Qmf559a6dac735d56d6ac394f6ebd920771b05124e469b,0.0.4891024,3561,2026-09-13 12:04:37 UTC,0xc9b0f386ba8e0b1c76b9d96c9bfecac988ac8218fddb66d3dc25df87274181d3,0.0001
CLM-00562,POL-HDFC-849762-600,HDFC ERGO Health Insurance,0x3C44CdDdB6a900fa2b585dd299e03d12FA4293BC,IRDAI-REG-146,Paramount TPA,Kavya Verma,849762,0xac1454af6ae1d48d1353cc660ef2529798d7474c,Apollo Multispecialty Hospital,0x155Af6ECaFb48861dA7d16Fb8Af2f6ce9d6DD779,Dr. Preeti Deshmukh,NMC-82194,C50.919,Malignant neoplasm of female breast,Oncology,408479.25,342207.36,5000.0,15%,Approved & Settled,Ledger Verified & Payout Secured,Active - Full Disclosure,Emergency Admission Record; Diagnostic Imaging CT/MRI,Insurance Claim Adjudication & Pre-Auth Verification,24 Hours (Statutory Emergency Window),AES-256-GCM,vault-transit-key-0xac1454af,Qmd528b21335743a73630aa33a7708c7154c49d0650e30,0.0.4891024,3562,2026-09-13 12:04:39 UTC,0x17105168e7969b9afeb8562f6dd13e0deba029ce5dd05fbed428831840d3decb,0.0001
CLM-00563,POL-STAR-849763-515,Star Health & Allied Insurance,0x70997970C51812dc3A010C7d01b50e0d17dc79C8,IRDAI-REG-129,MediAssist TPA,Ananya Mehta,849763,0x0d7d0bcbaf398840ee16a0db70ae303d4ed32f46,Fortis Memorial Neuro & Trauma Center,0x84f93618C1D541bB1Dcf1373A8eE500A7D439634,Dr. Sunita Narang,NMC-90812,I10,Essential (primary) hypertension,Cardiology,27165.75,0.0,1358.29,20%,Rejected - Policy Exclusion,Rejected with Ledger Audit Reason,Expired / Revoked,Diagnosis; Lab Reports; Itemized Pharmacy Bill,Insurance Claim Adjudication & Pre-Auth Verification,24 Hours (Statutory Emergency Window),AES-256-GCM,vault-transit-key-0x0d7d0bcb,Qmfcf2a5d1cdae39eb061b2a7610a2d4bed9c6961cc577,0.0.4891024,3563,2026-09-13 12:04:41 UTC,0x8d5dcb640ef102cdf92c3cc5c481251f7231d5b0c50ab7d76785e8554c6d5932,0.0001
CLM-00564,POL-STAR-849764-600,Star Health & Allied Insurance,0x70997970C51812dc3A010C7d01b50e0d17dc79C8,IRDAI-REG-129,MediAssist TPA,Pranav Malhotra,849764,0x088098e140bff9903f3d5a6029557ca23a759f80,Apollo Multispecialty Hospital,0x155Af6ECaFb48861dA7d16Fb8Af2f6ce9d6DD779,Dr. Preeti Deshmukh,NMC-82194,E11.9,Type 2 diabetes mellitus without complications,Endocrinology,22093.15,0.0,1104.66,20%,Awaiting Patient Consent Approval,Access Requested via Ledger,Pending Patient Authorization,Lab Reports; Diagnosis; Treatment History; Discharge Summary,Insurance Claim Adjudication & Pre-Auth Verification,24 Hours (Statutory Emergency Window),AES-256-GCM,vault-transit-key-0x088098e1,Qm844f21390a2da27a7a98a0dbd70d18695cb6aaa28346,0.0.4891024,3564,2026-09-13 12:04:43 UTC,0x32fefac941b705600174bcf32c7215f4f4d2c67ce35e1f726450576b4c3854ac,0.0001
CLM-00565,POL-HDFC-849765-567,HDFC ERGO Health Insurance,0x3C44CdDdB6a900fa2b585dd299e03d12FA4293BC,IRDAI-REG-146,Paramount TPA,Kavya Sharma,849765,0x84a479a3828d4edc4acaaa40314659e373f95afa,Apollo Multispecialty Hospital,0x155Af6ECaFb48861dA7d16Fb8Af2f6ce9d6DD779,Dr. Vikram Seth,NMC-99014,I21.9,"Acute myocardial infarction, unspecified",Cardiology,287887.65,0.0,5000.0,0%,Pending Adjudication,Audit Logged - Under Verification,Active - Time-Bound Access,Lab Reports; Diagnosis; Treatment History; Discharge Summary,Insurance Claim Adjudication & Pre-Auth Verification,24 Hours (Statutory Emergency Window),AES-256-GCM,vault-transit-key-0x84a479a3,Qm8b7d78188160c4ba5817380a3e00563e61910925acd3,0.0.4891024,3565,2026-09-13 12:04:45 UTC,0x0b8e5a4ceb770e805120f918ce8323eff21da7b20dee0154916c60e96473e109,0.0001
CLM-00566,POL-NIVA-849766-536,Niva Bupa Health Insurance,0x9965507D1a55bcC2695C58ba16FB37d819B0A4dc,IRDAI-REG-145,MDIndia Health TPA,Anand Agarwal,849766,0xf99eec47c6c2ba3fcec9c54ceb2b01a4d59f30a0,Max Super Speciality Cancer Institute,0x28B7eA94B34C8F52D19E50Eb14769Da20F5D54b4,Dr. Sarah Jenkins,NMC-48192,C50.919,Malignant neoplasm of female breast,Oncology,399685.67,314748.54,5000.0,20%,Approved & Settled,Ledger Verified & Payout Secured,Active - Full Disclosure,Diagnosis; Lab Reports; Itemized Pharmacy Bill,Insurance Claim Adjudication & Pre-Auth Verification,24 Hours (Statutory Emergency Window),AES-256-GCM,vault-transit-key-0xf99eec47,Qme53fc91f4b894482cf4dcfdf3eae696da4fa4f6d6620,0.0.4891024,3566,2026-09-13 12:04:47 UTC,0x7dde2eb69339174d95328a6b34d3fd38751d2f340d2537e3c7edaacf0a49fcae,0.0001
CLM-00567,POL-STAR-849767-164,Star Health & Allied Insurance,0x70997970C51812dc3A010C7d01b50e0d17dc79C8,IRDAI-REG-129,MediAssist TPA,Pooja Gowda,849767,0xc9fbe75532a4a4bcf74b58c20e4dcbb96c89723c,Apex Diagnostic & Pathology Hub,0x04Fee3FD1B338d12FFD6dBD8d66dE1e8e0BB99cB,Dr. Rajesh Sharma,NMC-78491,S06.9X0A,Unspecified intracranial injury / Concussion,Trauma & Emergency,109748.58,0.0,5000.0,10%,Pending Adjudication,Audit Logged - Under Verification,Active - Time-Bound Access,Diagnosis; Lab Reports; Itemized Pharmacy Bill,Insurance Claim Adjudication & Pre-Auth Verification,24 Hours (Statutory Emergency Window),AES-256-GCM,vault-transit-key-0xc9fbe755,Qmde858c776dc03a4b552c5ed20e22029d4544ff7830ee,0.0.4891024,3567,2026-09-13 12:04:49 UTC,0x49ad770ad425d96fb58869546380ff6d4d6639a7f65f68fcdeb34fc46ac45279,0.0001
CLM-00568,POL-CARE-849768-236,Care Health Insurance (Religare),0x15d34AAf54267DB7D7c367839AAf71A00a2C6A65,IRDAI-REG-148,Heritage Health TPA,Harish Nair,849768,0x0513731b94a5835393fec89ba198242bc9ffddc7,Max Super Speciality Cancer Institute,0x28B7eA94B34C8F52D19E50Eb14769Da20F5D54b4,Dr. Rohan Patel,NMC-11029,I10,Essential (primary) hypertension,Cardiology,26932.09,0.0,1346.6,20%,Pending Adjudication,Audit Logged - Under Verification,Active - Time-Bound Access,Lab Reports; Diagnosis; Treatment History; Discharge Summary,Insurance Claim Adjudication & Pre-Auth Verification,24 Hours (Statutory Emergency Window),AES-256-GCM,vault-transit-key-0x0513731b,Qmf619bc3e3b55eaa29ef469d23aa7c4424b9a381cbc13,0.0.4891024,3568,2026-09-13 12:04:51 UTC,0x29ed09039baad8fab1a93001d5387d61bfa91524eaa500de7cdbd8304eaf32bb,0.0001
CLM-00569,POL-STAR-849769-526,Star Health & Allied Insurance,0x70997970C51812dc3A010C7d01b50e0d17dc79C8,IRDAI-REG-129,MediAssist TPA,Divya Sharma,849769,0x781c4c96b7f0175be300e5ff9daa12c01a96282e,Max Super Speciality Cancer Institute,0x28B7eA94B34C8F52D19E50Eb14769Da20F5D54b4,Dr. Sarah Jenkins,NMC-48192,G40.909,"Epilepsy, unspecified, without status epilepticus",Neurology,50907.22,0.0,2545.36,20%,Pending Adjudication,Audit Logged - Under Verification,Active - Time-Bound Access,Diagnosis; Lab Reports; Itemized Pharmacy Bill,Insurance Claim Adjudication & Pre-Auth Verification,24 Hours (Statutory Emergency Window),AES-256-GCM,vault-transit-key-0x781c4c96,Qma91707603b3f750998fef213259889e7e280cee95386,0.0.4891024,3569,2026-09-13 12:04:52 UTC,0xe38a37e12ff9eabe6f02de96aabaee0e8408ee5c699dc2fa5df76a92dcb479a9,0.0001
CLM-00570,POL-CARE-849770-725,Care Health Insurance (Religare),0x15d34AAf54267DB7D7c367839AAf71A00a2C6A65,IRDAI-REG-148,Heritage Health TPA,Rakesh Mishra,849770,0x9650a945e9df78104efb046a608c949d954f77b2,Care & Cure Pediatric & Maternity Hospital,0x937F51E09477BfD31E56c5e533038a8eEAc096b7,Dr. Rajesh Sharma,NMC-78491,E11.9,Type 2 diabetes mellitus without complications,Endocrinology,22408.18,0.0,1120.41,10%,Pending Adjudication,Audit Logged - Under Verification,Active - Time-Bound Access,Lab Reports; Diagnosis; Treatment History; Discharge Summary,Insurance Claim Adjudication & Pre-Auth Verification,24 Hours (Statutory Emergency Window),AES-256-GCM,vault-transit-key-0x9650a945,Qm3de9ce298b5ec4767f6787274917341be9c342c99989,0.0.4891024,3570,2026-09-13 12:04:55 UTC,0x2ee4714cfdb91b9f88949f517be734431608b1c1b24e85fd14c3188a3cfdd67e,0.0001
CLM-00571,POL-CARE-849771-296,Care Health Insurance (Religare),0x15d34AAf54267DB7D7c367839AAf71A00a2C6A65,IRDAI-REG-148,Heritage Health TPA,Rohan Bhatia,849771,0x6cd5a87ae5658ffd72b3a0b7b649fdd053b179d6,Apollo Multispecialty Hospital,0x155Af6ECaFb48861dA7d16Fb8Af2f6ce9d6DD779,Dr. Rohan Patel,NMC-11029,C50.919,Malignant neoplasm of female breast,Oncology,362093.84,0.0,5000.0,0%,Pending Adjudication,Audit Logged - Under Verification,Active - Time-Bound Access,Diagnosis; Lab Reports; Itemized Pharmacy Bill,Insurance Claim Adjudication & Pre-Auth Verification,24 Hours (Statutory Emergency Window),AES-256-GCM,vault-transit-key-0x6cd5a87a,Qm9ea3d9bd2354597adda3141bf9df087ee080066f1790,0.0.4891024,3571,2026-09-13 12:04:56 UTC,0x959e0f63b4ec50ed99cf7fe4c2e7625e32af0b6d297e4acf89ae2896c7574fcb,0.0001
CLM-00572,POL-STAR-849772-801,Star Health & Allied Insurance,0x70997970C51812dc3A010C7d01b50e0d17dc79C8,IRDAI-REG-129,MediAssist TPA,Pooja Deshmukh,849772,0x56abe63ee23e7c8e8895422947827412bd4a5a7b,Max Super Speciality Cancer Institute,0x28B7eA94B34C8F52D19E50Eb14769Da20F5D54b4,Dr. Sarah Jenkins,NMC-48192,E11.9,Type 2 diabetes mellitus without complications,Endocrinology,23674.48,17755.86,1183.72,20%,Approved & Settled,Ledger Verified & Payout Secured,Active - Full Disclosure,Diagnosis; Lab Reports; Itemized Pharmacy Bill,Insurance Claim Adjudication & Pre-Auth Verification,24 Hours (Statutory Emergency Window),AES-256-GCM,vault-transit-key-0x56abe63e,Qm3c5d4a2cd802a2ff0fb0a45f0d7fd88ea185b1220757,0.0.4891024,3572,2026-09-13 12:04:59 UTC,0xaf9a7549559a815c00fa856066b932b259f63b3447ecc38d89af0043e0db5885,0.0001
CLM-00573,POL-ICIC-849773-357,ICICI Lombard General Insurance,0x90F79bf6EB2c4f870365E785982E1f101E93b906,IRDAI-REG-115,Vidal Health TPA,Ananya Verma,849773,0x022f9ad64fc3371c2bd716570978804badcb7a0b,Fortis Memorial Neuro & Trauma Center,0x84f93618C1D541bB1Dcf1373A8eE500A7D439634,Dr. Rajesh Sharma,NMC-78491,K21.9,Gastro-esophageal reflux disease,Gastroenterology,13130.41,9847.81,656.52,20%,Approved & Settled,Ledger Verified & Payout Secured,Active - Full Disclosure,Lab Reports; Diagnosis; Treatment History; Discharge Summary,Insurance Claim Adjudication & Pre-Auth Verification,24 Hours (Statutory Emergency Window),AES-256-GCM,vault-transit-key-0x022f9ad6,Qm58f6438684aad3c50bc3a313d134ee0e263fa1a08c43,0.0.4891024,3573,2026-09-13 12:05:00 UTC,0x32ca9d9002660ac622e41c85e1f1aa851a11fad946175b279de1c4b10389269c,0.0001
CLM-00574,POL-STAR-849774-172,Star Health & Allied Insurance,0x70997970C51812dc3A010C7d01b50e0d17dc79C8,IRDAI-REG-129,MediAssist TPA,Neha Nair,849774,0x3ed4f61900da7f4f41cf17a11a6d7e99e385eaa7,Care & Cure Pediatric & Maternity Hospital,0x937F51E09477BfD31E56c5e533038a8eEAc096b7,Dr. Rohan Patel,NMC-11029,I21.9,"Acute myocardial infarction, unspecified",Cardiology,319182.48,250345.98,5000.0,20%,Approved & Settled,Ledger Verified & Payout Secured,Active - Full Disclosure,Discharge Summary; Surgical Notes; Lab Reports,Insurance Claim Adjudication & Pre-Auth Verification,24 Hours (Statutory Emergency Window),AES-256-GCM,vault-transit-key-0x3ed4f619,Qm81fff979589f84bef32e7b14a6ac899c29b8917b9f8f,0.0.4891024,3574,2026-09-13 12:05:02 UTC,0xf069aad0e5ec8bf32bb70179fa9c86f25698143b68fe16850d319be0d3e50e22,0.0001
CLM-00575,POL-ICIC-849775-433,ICICI Lombard General Insurance,0x90F79bf6EB2c4f870365E785982E1f101E93b906,IRDAI-REG-115,Vidal Health TPA,Nikhil Menon,849775,0x2fc08d56c3b0ea2d8e925ca6bdf38a2fb3428f22,Max Super Speciality Cancer Institute,0x28B7eA94B34C8F52D19E50Eb14769Da20F5D54b4,Dr. Sunita Narang,NMC-90812,I21.9,"Acute myocardial infarction, unspecified",Cardiology,245612.97,0.0,5000.0,10%,Pending Adjudication,Audit Logged - Under Verification,Active - Time-Bound Access,Diagnosis; Lab Reports; Itemized Pharmacy Bill,Insurance Claim Adjudication & Pre-Auth Verification,24 Hours (Statutory Emergency Window),AES-256-GCM,vault-transit-key-0x2fc08d56,Qm1b50b5b0a60b6cccecf27d04ec032cd368b491de4ac8,0.0.4891024,3575,2026-09-13 12:05:04 UTC,0xebeeb42e9a1d6375d71318c3fff12d93f939ad1195361ebc0d577fee8305cdf6,0.0001
CLM-00576,POL-CARE-849776-546,Care Health Insurance (Religare),0x15d34AAf54267DB7D7c367839AAf71A00a2C6A65,IRDAI-REG-148,Heritage Health TPA,Pranav Patel,849776,0xffc24fce0685ccca142cc81ee10ac479a36b6d09,Apex Diagnostic & Pathology Hub,0x04Fee3FD1B338d12FFD6dBD8d66dE1e8e0BB99cB,Dr. Ananya Roy,NMC-51203,I10,Essential (primary) hypertension,Cardiology,27508.87,20631.66,1375.44,20%,Approved & Settled,Ledger Verified & Payout Secured,Active - Full Disclosure,Discharge Summary; Surgical Notes; Lab Reports,Insurance Claim Adjudication & Pre-Auth Verification,24 Hours (Statutory Emergency Window),AES-256-GCM,vault-transit-key-0xffc24fce,Qm572497adfa700969a2642d39906c9aca135f5709c222,0.0.4891024,3576,2026-09-13 12:05:06 UTC,0x3bc31025e65f9420943e3654e5c0b901cb7a4a759de674aec33635b6cc8f21ea,0.0001
CLM-00577,POL-HDFC-849777-443,HDFC ERGO Health Insurance,0x3C44CdDdB6a900fa2b585dd299e03d12FA4293BC,IRDAI-REG-146,Paramount TPA,Yashwanth Menon,849777,0x24e281811bca17bfadeaaf6118bc7208c9c1d882,Fortis Memorial Neuro & Trauma Center,0x84f93618C1D541bB1Dcf1373A8eE500A7D439634,Dr. Vikram Seth,NMC-99014,C50.919,Malignant neoplasm of female breast,Oncology,363753.21,358753.21,5000.0,0%,Approved & Settled,Ledger Verified & Payout Secured,Active - Full Disclosure,Lab Reports; Diagnosis; Treatment History; Discharge Summary,Insurance Claim Adjudication & Pre-Auth Verification,24 Hours (Statutory Emergency Window),AES-256-GCM,vault-transit-key-0x24e28181,Qm92ba731d6f1fc4d1fd5ec9458ab4cfbe324d8db853f3,0.0.4891024,3577,2026-09-13 12:05:08 UTC,0x440c80b331cff39e1b966c1f273108554ce26ebcd236bafc9d89d44617923fb1,0.0001
CLM-00578,POL-HDFC-849778-718,HDFC ERGO Health Insurance,0x3C44CdDdB6a900fa2b585dd299e03d12FA4293BC,IRDAI-REG-146,Paramount TPA,Yashwanth Kapoor,849778,0x3306aff45cd0695512eabcb57452a98cf8ad5648,Fortis Memorial Neuro & Trauma Center,0x84f93618C1D541bB1Dcf1373A8eE500A7D439634,Dr. Rajesh Sharma,NMC-78491,G40.909,"Epilepsy, unspecified, without status epilepticus",Neurology,40763.3,34648.8,2038.17,10%,Approved & Settled,Ledger Verified & Payout Secured,Active - Full Disclosure,Diagnosis; Lab Reports; Itemized Pharmacy Bill,Insurance Claim Adjudication & Pre-Auth Verification,24 Hours (Statutory Emergency Window),AES-256-GCM,vault-transit-key-0x3306aff4,Qm6830ac76d0e2961429b3d41f8f973c550356dd465bdd,0.0.4891024,3578,2026-09-13 12:05:09 UTC,0x264e4616e19a60e488abe0d37f251d65ab39d3e938fee03a19181a73a4409afc,0.0001
CLM-00579,POL-NIVA-849779-705,Niva Bupa Health Insurance,0x9965507D1a55bcC2695C58ba16FB37d819B0A4dc,IRDAI-REG-145,MDIndia Health TPA,Tanvi Mukherjee,849779,0x6082e0ffa94b5372de07bae624eb07a9a247fffc,Care & Cure Pediatric & Maternity Hospital,0x937F51E09477BfD31E56c5e533038a8eEAc096b7,Dr. Sunita Narang,NMC-90812,C50.919,Malignant neoplasm of female breast,Oncology,422966.62,333373.3,5000.0,20%,Approved & Settled,Ledger Verified & Payout Secured,Active - Full Disclosure,Emergency Admission Record; Diagnostic Imaging CT/MRI,Insurance Claim Adjudication & Pre-Auth Verification,24 Hours (Statutory Emergency Window),AES-256-GCM,vault-transit-key-0x6082e0ff,Qmd96abf35548fcce0f21a4a12be78635c5132a79d129b,0.0.4891024,3579,2026-09-13 12:05:12 UTC,0x7628e90b34783cbcfb9dbe77413719c6655c5055b0df1a3fb04ea67d3abf10bc,0.0001
CLM-00580,POL-CARE-849780-687,Care Health Insurance (Religare),0x15d34AAf54267DB7D7c367839AAf71A00a2C6A65,IRDAI-REG-148,Heritage Health TPA,Priyanka Mehta,849780,0x5252f0d14676bbf46097b805ab12f2e304236fa3,Apex Diagnostic & Pathology Hub,0x04Fee3FD1B338d12FFD6dBD8d66dE1e8e0BB99cB,Dr. Rajesh Sharma,NMC-78491,E11.9,Type 2 diabetes mellitus without complications,Endocrinology,24127.95,0.0,1206.4,20%,Rejected - Policy Exclusion,Rejected with Ledger Audit Reason,Expired / Revoked,Lab Reports; Diagnosis; Treatment History; Discharge Summary,Insurance Claim Adjudication & Pre-Auth Verification,24 Hours (Statutory Emergency Window),AES-256-GCM,vault-transit-key-0x5252f0d1,Qm27247f8bdcb09c6d4f8dcb816719e34381a59e02dd90,0.0.4891024,3580,2026-09-13 12:05:14 UTC,0xa2cf3ba05539277af92922f937c0d785aa902033569389acadcc4ced78b2d542,0.0001
CLM-00581,POL-CARE-849781-929,Care Health Insurance (Religare),0x15d34AAf54267DB7D7c367839AAf71A00a2C6A65,IRDAI-REG-148,Heritage Health TPA,Bhavna Verma,849781,0x9ddb9a0eb4da7b7cc2222f50a64c56d6cd5909b2,Apex Diagnostic & Pathology Hub,0x04Fee3FD1B338d12FFD6dBD8d66dE1e8e0BB99cB,Dr. Ananya Roy,NMC-51203,A90,Dengue fever [classical dengue],Infectious Disease,40291.45,38276.88,2014.57,0%,Approved & Settled,Ledger Verified & Payout Secured,Active - Full Disclosure,Diagnosis; Lab Reports; Itemized Pharmacy Bill,Insurance Claim Adjudication & Pre-Auth Verification,24 Hours (Statutory Emergency Window),AES-256-GCM,vault-transit-key-0x9ddb9a0e,Qmc7fa8ac918116761fe78058f1d483e0390956ae57442,0.0.4891024,3581,2026-09-13 12:05:15 UTC,0xf96fe843b8fab858fb40ffc995efa92df3447ab4399b7095ec0c4ccd96e44eff,0.0001
CLM-00582,POL-STAR-849782-467,Star Health & Allied Insurance,0x70997970C51812dc3A010C7d01b50e0d17dc79C8,IRDAI-REG-129,MediAssist TPA,Harish Gowda,849782,0x961854618ee67f55df7faaf1aff4ec8758d5a701,Care & Cure Pediatric & Maternity Hospital,0x937F51E09477BfD31E56c5e533038a8eEAc096b7,Dr. Rajesh Sharma,NMC-78491,E11.9,Type 2 diabetes mellitus without complications,Endocrinology,19112.46,18156.84,955.62,0%,Approved & Settled,Ledger Verified & Payout Secured,Active - Full Disclosure,Discharge Summary; Surgical Notes; Lab Reports,Insurance Claim Adjudication & Pre-Auth Verification,24 Hours (Statutory Emergency Window),AES-256-GCM,vault-transit-key-0x96185461,Qm27b278cc2d6205f9f2888e33511806d985503c26a6df,0.0.4891024,3582,2026-09-13 12:05:17 UTC,0xc0c455f19e8cbf6c10ba639afc13c5c2ea05edfc856e4d8c36846b784c59d563,0.0001
CLM-00583,POL-NIVA-849783-574,Niva Bupa Health Insurance,0x9965507D1a55bcC2695C58ba16FB37d819B0A4dc,IRDAI-REG-145,MDIndia Health TPA,Yashwanth Mukherjee,849783,0x3b326e25f56a72ed99ea75280332ddeb0445ff82,Apex Diagnostic & Pathology Hub,0x04Fee3FD1B338d12FFD6dBD8d66dE1e8e0BB99cB,Dr. Sarah Jenkins,NMC-48192,A90,Dengue fever [classical dengue],Infectious Disease,39914.42,29935.82,1995.72,20%,Approved & Settled,Ledger Verified & Payout Secured,Active - Full Disclosure,Discharge Summary; Surgical Notes; Lab Reports,Insurance Claim Adjudication & Pre-Auth Verification,24 Hours (Statutory Emergency Window),AES-256-GCM,vault-transit-key-0x3b326e25,Qm6d74a6ba7bdf1bb162bd6f784d98175c12433f213c9f,0.0.4891024,3583,2026-09-13 12:05:20 UTC,0xcedce4d4a9ba8bf2505cee7646520421c30406351f4d47294e67e2981e882fc9,0.0001
CLM-00584,POL-STAR-849784-643,Star Health & Allied Insurance,0x70997970C51812dc3A010C7d01b50e0d17dc79C8,IRDAI-REG-129,MediAssist TPA,Yashwanth Pillai,849784,0xe28d82e121282eac539ae4fbb3b886341ef36c3e,Apollo Multispecialty Hospital,0x155Af6ECaFb48861dA7d16Fb8Af2f6ce9d6DD779,Dr. Ananya Roy,NMC-51203,S06.9X0A,Unspecified intracranial injury / Concussion,Trauma & Emergency,105192.96,0.0,5000.0,20%,Pending Adjudication,Audit Logged - Under Verification,Active - Time-Bound Access,Diagnosis; Lab Reports; Itemized Pharmacy Bill,Insurance Claim Adjudication & Pre-Auth Verification,24 Hours (Statutory Emergency Window),AES-256-GCM,vault-transit-key-0xe28d82e1,Qm38646ce61a1b41d337d9c67372bc5ebd2ad7346c6906,0.0.4891024,3584,2026-09-13 12:05:21 UTC,0x2e82960fd295baa29d19b6019053ee0ff0aa7587a1101db00cfb8d566a668c85,0.0001
CLM-00585,POL-ICIC-849785-152,ICICI Lombard General Insurance,0x90F79bf6EB2c4f870365E785982E1f101E93b906,IRDAI-REG-115,Vidal Health TPA,Nandini Swaminathan,849785,0xa1d4fcea15ab59614e0c1d06f7b0ef8de0493b87,Apollo Multispecialty Hospital,0x155Af6ECaFb48861dA7d16Fb8Af2f6ce9d6DD779,Dr. Rohan Patel,NMC-11029,S06.9X0A,Unspecified intracranial injury / Concussion,Trauma & Emergency,109242.52,87856.14,5000.0,15%,Approved & Settled,Ledger Verified & Payout Secured,Active - Full Disclosure,Lab Reports; Diagnosis; Treatment History; Discharge Summary,Insurance Claim Adjudication & Pre-Auth Verification,24 Hours (Statutory Emergency Window),AES-256-GCM,vault-transit-key-0xa1d4fcea,Qmbb15ae6a85fe68d89b05e19133c09953e25d291f80a6,0.0.4891024,3585,2026-09-13 12:05:23 UTC,0x1d67719824d6380bee2f0ef58a8a06d54a80920a1fae5711ebe8d801e7e69d7c,0.0001
CLM-00586,POL-NIVA-849786-241,Niva Bupa Health Insurance,0x9965507D1a55bcC2695C58ba16FB37d819B0A4dc,IRDAI-REG-145,MDIndia Health TPA,Shreya Nair,849786,0xa85eaaf74cb33cc9bfa9cb1bc76b2ca1b267625a,Apollo Multispecialty Hospital,0x155Af6ECaFb48861dA7d16Fb8Af2f6ce9d6DD779,Dr. Rohan Patel,NMC-11029,C50.919,Malignant neoplasm of female breast,Oncology,509794.03,453814.63,5000.0,10%,Approved & Settled,Ledger Verified & Payout Secured,Active - Full Disclosure,Emergency Admission Record; Diagnostic Imaging CT/MRI,Insurance Claim Adjudication & Pre-Auth Verification,24 Hours (Statutory Emergency Window),AES-256-GCM,vault-transit-key-0xa85eaaf7,Qm90dbf17d16551b0364390a3417d277fa36049581a24d,0.0.4891024,3586,2026-09-13 12:05:25 UTC,0x3a35681c2a799f1fb991e746ce64c2aea16ed2abb94f0ef85172f5bd6bf229f1,0.0001
CLM-00587,POL-HDFC-849787-615,HDFC ERGO Health Insurance,0x3C44CdDdB6a900fa2b585dd299e03d12FA4293BC,IRDAI-REG-146,Paramount TPA,Pooja Gowda,849787,0x578a24d3dd37f23a7fe59418a444e6cbc467837d,Fortis Memorial Neuro & Trauma Center,0x84f93618C1D541bB1Dcf1373A8eE500A7D439634,Dr. Vikram Seth,NMC-99014,G40.909,"Epilepsy, unspecified, without status epilepticus",Neurology,50656.29,40525.04,2532.81,15%,Approved & Settled,Ledger Verified & Payout Secured,Active - Full Disclosure,Discharge Summary; Surgical Notes; Lab Reports,Insurance Claim Adjudication & Pre-Auth Verification,24 Hours (Statutory Emergency Window),AES-256-GCM,vault-transit-key-0x578a24d3,Qm7d1f76c4279512112fc50df214456581894a582e6e5a,0.0.4891024,3587,2026-09-13 12:05:27 UTC,0x8f7f32783d18f3589dd20badc91a3d9ee4ec07b8c40bf315f52f1ff3c25d5e50,0.0001
CLM-00588,POL-NIVA-849788-581,Niva Bupa Health Insurance,0x9965507D1a55bcC2695C58ba16FB37d819B0A4dc,IRDAI-REG-145,MDIndia Health TPA,Vikas Chatterjee,849788,0xc9aef2e2bb3880b3ebc1055dcb70abc5c634fdf1,Apex Diagnostic & Pathology Hub,0x04Fee3FD1B338d12FFD6dBD8d66dE1e8e0BB99cB,Dr. Sunita Narang,NMC-90812,I21.9,"Acute myocardial infarction, unspecified",Cardiology,298758.24,248944.5,5000.0,15%,Approved & Settled,Ledger Verified & Payout Secured,Active - Full Disclosure,Discharge Summary; Surgical Notes; Lab Reports,Insurance Claim Adjudication & Pre-Auth Verification,24 Hours (Statutory Emergency Window),AES-256-GCM,vault-transit-key-0xc9aef2e2,Qme81909b7dec53ed640110ef5d0a8e1be88a499223e94,0.0.4891024,3588,2026-09-13 12:05:29 UTC,0x9ea3456acbffb84aaae26cd12dca5a1be351803ab674f495177dad1a1fa182b3,0.0001
CLM-00589,POL-CARE-849789-283,Care Health Insurance (Religare),0x15d34AAf54267DB7D7c367839AAf71A00a2C6A65,IRDAI-REG-148,Heritage Health TPA,Deepak Iyer,849789,0x7ccade6da95eccefec36b67315ebe3c54eacb70a,Apollo Multispecialty Hospital,0x155Af6ECaFb48861dA7d16Fb8Af2f6ce9d6DD779,Dr. Sarah Jenkins,NMC-48192,K21.9,Gastro-esophageal reflux disease,Gastroenterology,12872.1,12228.49,643.61,0%,Approved & Settled,Ledger Verified & Payout Secured,Active - Full Disclosure,Discharge Summary; Surgical Notes; Lab Reports,Insurance Claim Adjudication & Pre-Auth Verification,24 Hours (Statutory Emergency Window),AES-256-GCM,vault-transit-key-0x7ccade6d,Qm6a0dd22683280c05a5584e8ac8234b8b6fa7e7049c07,0.0.4891024,3589,2026-09-13 12:05:31 UTC,0xc0556d9ae3dd827c120eb47a8332cfb59d935865d842966a92bcb97a52dba01a,0.0001
CLM-00590,POL-HDFC-849790-400,HDFC ERGO Health Insurance,0x3C44CdDdB6a900fa2b585dd299e03d12FA4293BC,IRDAI-REG-146,Paramount TPA,Manish Chatterjee,849790,0x07934e92b7b6f7454813263755ff09a9007b3509,Max Super Speciality Cancer Institute,0x28B7eA94B34C8F52D19E50Eb14769Da20F5D54b4,Dr. Rohan Patel,NMC-11029,I10,Essential (primary) hypertension,Cardiology,30992.08,26343.27,1549.6,10%,Approved & Settled,Ledger Verified & Payout Secured,Active - Full Disclosure,Emergency Admission Record; Diagnostic Imaging CT/MRI,Insurance Claim Adjudication & Pre-Auth Verification,24 Hours (Statutory Emergency Window),AES-256-GCM,vault-transit-key-0x07934e92,Qm6260f04c2a3e7e9c53c60f75fa92c374380d08fdd8bc,0.0.4891024,3590,2026-09-13 12:05:33 UTC,0x66987a16f1132aded1228507c9b0e3d137e8eed1431306c731928a13655a1986,0.0001
CLM-00591,POL-HDFC-849791-954,HDFC ERGO Health Insurance,0x3C44CdDdB6a900fa2b585dd299e03d12FA4293BC,IRDAI-REG-146,Paramount TPA,Aditi Choudhury,849791,0xc2bc48f2032d07cbecfbc488dd75b91dc4160596,Apollo Multispecialty Hospital,0x155Af6ECaFb48861dA7d16Fb8Af2f6ce9d6DD779,Dr. Sarah Jenkins,NMC-48192,C50.919,Malignant neoplasm of female breast,Oncology,504013.73,423411.67,5000.0,15%,Approved & Settled,Ledger Verified & Payout Secured,Active - Full Disclosure,Discharge Summary; Surgical Notes; Lab Reports,Insurance Claim Adjudication & Pre-Auth Verification,24 Hours (Statutory Emergency Window),AES-256-GCM,vault-transit-key-0xc2bc48f2,Qm64bb529f4077ee1851fe7742747ebfde84e9aa213079,0.0.4891024,3591,2026-09-13 12:05:35 UTC,0x680e3a09dcaf31d3819619d8e26ab5679ff68aff711bc1165fb5a9e408a45eff,0.0001
CLM-00592,POL-NIVA-849792-568,Niva Bupa Health Insurance,0x9965507D1a55bcC2695C58ba16FB37d819B0A4dc,IRDAI-REG-145,MDIndia Health TPA,Sakshi Chatterjee,849792,0xb7e1dd2f32c772567908f3f5cf5ee6f46c1c23ca,Apex Diagnostic & Pathology Hub,0x04Fee3FD1B338d12FFD6dBD8d66dE1e8e0BB99cB,Dr. Sunita Narang,NMC-90812,A90,Dengue fever [classical dengue],Infectious Disease,33178.79,0.0,1658.94,10%,Awaiting Patient Consent Approval,Access Requested via Ledger,Pending Patient Authorization,Discharge Summary; Surgical Notes; Lab Reports,Insurance Claim Adjudication & Pre-Auth Verification,24 Hours (Statutory Emergency Window),AES-256-GCM,vault-transit-key-0xb7e1dd2f,Qme26610a24c448337961f972b90f8926200f7812d3fdc,0.0.4891024,3592,2026-09-13 12:05:36 UTC,0x2bc81468d9666ac08eefae4a3118a777891fe328ba74f2e8d3bf5856507b8004,0.0001
CLM-00593,POL-CARE-849793-251,Care Health Insurance (Religare),0x15d34AAf54267DB7D7c367839AAf71A00a2C6A65,IRDAI-REG-148,Heritage Health TPA,Rahul Rao,849793,0x1c769c25ff4a1000d98998a46f4ca6208dab2c3e,Fortis Memorial Neuro & Trauma Center,0x84f93618C1D541bB1Dcf1373A8eE500A7D439634,Dr. Vikram Seth,NMC-99014,I10,Essential (primary) hypertension,Cardiology,30178.78,0.0,1508.94,20%,Rejected - Policy Exclusion,Rejected with Ledger Audit Reason,Expired / Revoked,Diagnosis; Lab Reports; Itemized Pharmacy Bill,Insurance Claim Adjudication & Pre-Auth Verification,24 Hours (Statutory Emergency Window),AES-256-GCM,vault-transit-key-0x1c769c25,Qmece61edcc0b690a481f171f382017c8f586e146efcfc,0.0.4891024,3593,2026-09-13 12:05:39 UTC,0x19182cff904110da62b692e99293d18ae2c842d8411c16106f7be067ea90c6df,0.0001
CLM-00594,POL-HDFC-849794-219,HDFC ERGO Health Insurance,0x3C44CdDdB6a900fa2b585dd299e03d12FA4293BC,IRDAI-REG-146,Paramount TPA,Riya Nair,849794,0x68a77bbe2e0090c647242bc2687bd68ab661d36b,Max Super Speciality Cancer Institute,0x28B7eA94B34C8F52D19E50Eb14769Da20F5D54b4,Dr. Rajesh Sharma,NMC-78491,C50.919,Malignant neoplasm of female breast,Oncology,349036.9,291681.36,5000.0,15%,Approved & Settled,Ledger Verified & Payout Secured,Active - Full Disclosure,Emergency Admission Record; Diagnostic Imaging CT/MRI,Insurance Claim Adjudication & Pre-Auth Verification,24 Hours (Statutory Emergency Window),AES-256-GCM,vault-transit-key-0x68a77bbe,Qm821246d609fd6bf86dfa26daf6c4a75f6b4622ce874c,0.0.4891024,3594,2026-09-13 12:05:40 UTC,0x9f6c295192facd877cb2a7b8b3fabe4f247214eca4140d8a35d1a02455149c35,0.0001
CLM-00595,POL-HDFC-849795-781,HDFC ERGO Health Insurance,0x3C44CdDdB6a900fa2b585dd299e03d12FA4293BC,IRDAI-REG-146,Paramount TPA,Shreya Nair,849795,0xc1d462bf4ee8b9bf3bb2745585da819bc62d29eb,Apex Diagnostic & Pathology Hub,0x04Fee3FD1B338d12FFD6dBD8d66dE1e8e0BB99cB,Dr. Preeti Deshmukh,NMC-82194,I10,Essential (primary) hypertension,Cardiology,29714.8,23771.84,1485.74,15%,Approved & Settled,Ledger Verified & Payout Secured,Active - Full Disclosure,Emergency Admission Record; Diagnostic Imaging CT/MRI,Insurance Claim Adjudication & Pre-Auth Verification,24 Hours (Statutory Emergency Window),AES-256-GCM,vault-transit-key-0xc1d462bf,Qme8d2157cd91d6e0125d924a92fbffef0eecacac21a4e,0.0.4891024,3595,2026-09-13 12:05:43 UTC,0xcfe49731a2e06c69e20ba9302c530a71c550d2a2ee48b3ba19eeda0d3ffd39fb,0.0001
CLM-00596,POL-ICIC-849796-611,ICICI Lombard General Insurance,0x90F79bf6EB2c4f870365E785982E1f101E93b906,IRDAI-REG-115,Vidal Health TPA,Meera Pandey,849796,0x6bd40fb3a244fba26e3476365d3d7968d09075e3,Apollo Multispecialty Hospital,0x155Af6ECaFb48861dA7d16Fb8Af2f6ce9d6DD779,Dr. Sarah Jenkins,NMC-48192,K21.9,Gastro-esophageal reflux disease,Gastroenterology,15572.91,0.0,778.65,20%,Awaiting Patient Consent Approval,Access Requested via Ledger,Pending Patient Authorization,Diagnosis; Lab Reports; Itemized Pharmacy Bill,Insurance Claim Adjudication & Pre-Auth Verification,24 Hours (Statutory Emergency Window),AES-256-GCM,vault-transit-key-0x6bd40fb3,Qm41de7b2d1e1b128aebf261cc4f247e2fb13893026a01,0.0.4891024,3596,2026-09-13 12:05:44 UTC,0xfe70cafedf4a288de0bfe6825353cf87925155613ff879e13b9d9d5a0e492f8d,0.0001
CLM-00597,POL-ICIC-849797-872,ICICI Lombard General Insurance,0x90F79bf6EB2c4f870365E785982E1f101E93b906,IRDAI-REG-115,Vidal Health TPA,Geeta Mishra,849797,0x6c9c38cfc788df1ef1951bd12d9fa80df11335d2,Fortis Memorial Neuro & Trauma Center,0x84f93618C1D541bB1Dcf1373A8eE500A7D439634,Dr. Ananya Roy,NMC-51203,G40.909,"Epilepsy, unspecified, without status epilepticus",Neurology,56335.04,0.0,2816.75,10%,Pending Adjudication,Audit Logged - Under Verification,Active - Time-Bound Access,Emergency Admission Record; Diagnostic Imaging CT/MRI,Insurance Claim Adjudication & Pre-Auth Verification,24 Hours (Statutory Emergency Window),AES-256-GCM,vault-transit-key-0x6c9c38cf,Qm1392e981ef392984900d27643356758a3e4641aa3ae2,0.0.4891024,3597,2026-09-13 12:05:46 UTC,0x863fe5a3c2107e11a3390fb8974b14c0a6f0a88b627ef7d7f4c6e4d9016cf2cb,0.0001
CLM-00598,POL-CARE-849798-415,Care Health Insurance (Religare),0x15d34AAf54267DB7D7c367839AAf71A00a2C6A65,IRDAI-REG-148,Heritage Health TPA,Ishaan Menon,849798,0x18691d3e67c593bf5cc0620420ae06d6674aedce,Apollo Multispecialty Hospital,0x155Af6ECaFb48861dA7d16Fb8Af2f6ce9d6DD779,Dr. Rajesh Sharma,NMC-78491,I21.9,"Acute myocardial infarction, unspecified",Cardiology,223233.71,195910.34,5000.0,10%,Approved & Settled,Ledger Verified & Payout Secured,Active - Full Disclosure,Lab Reports; Diagnosis; Treatment History; Discharge Summary,Insurance Claim Adjudication & Pre-Auth Verification,24 Hours (Statutory Emergency Window),AES-256-GCM,vault-transit-key-0x18691d3e,Qm15a55f8e900fa511847a30ac856e60ecba0ce64f1d2a,0.0.4891024,3598,2026-09-13 12:05:48 UTC,0xe1a823ce70fc32e1e946c02ab96eb512a05e12c29354d4940c0d7cbdb77027e1,0.0001
CLM-00599,POL-HDFC-849799-900,HDFC ERGO Health Insurance,0x3C44CdDdB6a900fa2b585dd299e03d12FA4293BC,IRDAI-REG-146,Paramount TPA,Arjun Agarwal,849799,0x3bbbec5a7c10cdcbfc80cc62d848cd5cb271dea3,Apex Diagnostic & Pathology Hub,0x04Fee3FD1B338d12FFD6dBD8d66dE1e8e0BB99cB,Dr. Rohan Patel,NMC-11029,C50.919,Malignant neoplasm of female breast,Oncology,501998.73,421698.92,5000.0,15%,Approved & Settled,Ledger Verified & Payout Secured,Active - Full Disclosure,Lab Reports; Diagnosis; Treatment History; Discharge Summary,Insurance Claim Adjudication & Pre-Auth Verification,24 Hours (Statutory Emergency Window),AES-256-GCM,vault-transit-key-0x3bbbec5a,Qm44c0c047158d63f1b4fe0f61f9f517dd8e087a6425ab,0.0.4891024,3599,2026-09-13 12:05:50 UTC,0xf246636292ddc807049f931b749cb23b60e117720cbce9f250209ab97f4c0a68,0.0001
CLM-00600,POL-STAR-849200-602,Star Health & Allied Insurance,0x70997970C51812dc3A010C7d01b50e0d17dc79C8,IRDAI-REG-129,MediAssist TPA,Vikas Shetty,849200,0x128de944254e5820281397776d4e23cda5d581f7,Apex Diagnostic & Pathology Hub,0x04Fee3FD1B338d12FFD6dBD8d66dE1e8e0BB99cB,Dr. Ananya Roy,NMC-51203,C50.919,Malignant neoplasm of female breast,Oncology,396336.59,0.0,5000.0,0%,Awaiting Patient Consent Approval,Access Requested via Ledger,Pending Patient Authorization,Discharge Summary; Surgical Notes; Lab Reports,Insurance Claim Adjudication & Pre-Auth Verification,24 Hours (Statutory Emergency Window),AES-256-GCM,vault-transit-key-0x128de944,Qm5abdf6be6756584f91d229706d043799a892239b9591,0.0.4891024,3600,2026-09-13 12:05:52 UTC,0x1aae675273ac7614a0903b44eaaee6f1211d901deb518f0647c0c14cbbea6771,0.0001
CLM-00601,POL-CARE-849201-112,Care Health Insurance (Religare),0x15d34AAf54267DB7D7c367839AAf71A00a2C6A65,IRDAI-REG-148,Heritage Health TPA,Manish Pillai,849201,0x44a102b195f2f72423f8a92bb16c9f60796d9cbd,Fortis Memorial Neuro & Trauma Center,0x84f93618C1D541bB1Dcf1373A8eE500A7D439634,Dr. Ananya Roy,NMC-51203,S06.9X0A,Unspecified intracranial injury / Concussion,Trauma & Emergency,118230.66,95496.06,5000.0,15%,Approved & Settled,Ledger Verified & Payout Secured,Active - Full Disclosure,Emergency Admission Record; Diagnostic Imaging CT/MRI,Insurance Claim Adjudication & Pre-Auth Verification,24 Hours (Statutory Emergency Window),AES-256-GCM,vault-transit-key-0x44a102b1,Qma8ff2e7862356c089489d004ceff6c3022e88bff0fb4,0.0.4891024,3601,2026-09-13 12:05:54 UTC,0xbb3776ca97e6330ed73dd5fa3b1e76fd3ed361b9ff8dfa193e230efbaa10b6f7,0.0001
CLM-00602,POL-CARE-849202-395,Care Health Insurance (Religare),0x15d34AAf54267DB7D7c367839AAf71A00a2C6A65,IRDAI-REG-148,Heritage Health TPA,Divya Iyer,849202,0xd46d5ae9b27b75383be1cbb6d13091449c16aab9,Care & Cure Pediatric & Maternity Hospital,0x937F51E09477BfD31E56c5e533038a8eEAc096b7,Dr. Sunita Narang,NMC-90812,A90,Dengue fever [classical dengue],Infectious Disease,31158.58,0.0,1557.93,20%,Pending Adjudication,Audit Logged - Under Verification,Active - Time-Bound Access,Emergency Admission Record; Diagnostic Imaging CT/MRI,Insurance Claim Adjudication & Pre-Auth Verification,24 Hours (Statutory Emergency Window),AES-256-GCM,vault-transit-key-0xd46d5ae9,Qm69ddf3db9eb08cbeb03a43467ae0521f41a0497ab384,0.0.4891024,3602,2026-09-13 12:05:56 UTC,0x016d0404d8d6ab538f47a632b69464dcd24cc90df9951da9159999f37a27316f,0.0001
CLM-00603,POL-STAR-849203-586,Star Health & Allied Insurance,0x70997970C51812dc3A010C7d01b50e0d17dc79C8,IRDAI-REG-129,MediAssist TPA,Lata Agarwal,849203,0x62c788d5a2cb51ccc2042d3ba23f1f29b843f8ea,Max Super Speciality Cancer Institute,0x28B7eA94B34C8F52D19E50Eb14769Da20F5D54b4,Dr. Rajesh Sharma,NMC-78491,G40.909,"Epilepsy, unspecified, without status epilepticus",Neurology,56480.43,45184.35,2824.02,15%,Approved & Settled,Ledger Verified & Payout Secured,Active - Full Disclosure,Emergency Admission Record; Diagnostic Imaging CT/MRI,Insurance Claim Adjudication & Pre-Auth Verification,24 Hours (Statutory Emergency Window),AES-256-GCM,vault-transit-key-0x62c788d5,Qm50d1725e51c5ed9ff17fa2c00ac2bf78b501b80b6523,0.0.4891024,3603,2026-09-13 12:05:57 UTC,0x17187f25427d5a90b4ab3ee074108ccbd867f8e79b5c628f3a9595dc87a6175b,0.0001
CLM-00604,POL-ICIC-849204-827,ICICI Lombard General Insurance,0x90F79bf6EB2c4f870365E785982E1f101E93b906,IRDAI-REG-115,Vidal Health TPA,Aarav Kapoor,849204,0x7d18f5ede3082fd8182688ddbcd2a4f60bd247f9,Care & Cure Pediatric & Maternity Hospital,0x937F51E09477BfD31E56c5e533038a8eEAc096b7,Dr. Rajesh Sharma,NMC-78491,A90,Dengue fever [classical dengue],Infectious Disease,36978.0,31431.3,1848.9,10%,Approved & Settled,Ledger Verified & Payout Secured,Active - Full Disclosure,Emergency Admission Record; Diagnostic Imaging CT/MRI,Insurance Claim Adjudication & Pre-Auth Verification,24 Hours (Statutory Emergency Window),AES-256-GCM,vault-transit-key-0x7d18f5ed,Qm8bd326f1952b84423a21af16971613f2eb05a141b092,0.0.4891024,3604,2026-09-13 12:06:00 UTC,0xae34e831bf59dbb97ca8b50be010eaab6880a0d011a03fcf54006c4bb7ac49ff,0.0001
CLM-00605,POL-STAR-849205-605,Star Health & Allied Insurance,0x70997970C51812dc3A010C7d01b50e0d17dc79C8,IRDAI-REG-129,MediAssist TPA,Harish Chatterjee,849205,0x51f43868eb300113a4be9ca8933b0e83827e6c7f,Fortis Memorial Neuro & Trauma Center,0x84f93618C1D541bB1Dcf1373A8eE500A7D439634,Dr. Sunita Narang,NMC-90812,G40.909,"Epilepsy, unspecified, without status epilepticus",Neurology,48370.41,36277.81,2418.52,20%,Approved & Settled,Ledger Verified & Payout Secured,Active - Full Disclosure,Lab Reports; Diagnosis; Treatment History; Discharge Summary,Insurance Claim Adjudication & Pre-Auth Verification,24 Hours (Statutory Emergency Window),AES-256-GCM,vault-transit-key-0x51f43868,Qm9a941fbf7eeca96ed9b4bb6665bfc6d956c0fc1ea0ce,0.0.4891024,3605,2026-09-13 12:06:01 UTC,0xd299a90aece814ea6c9fd6ee5527bc21a0a2ae769ec29e599bf298aff2601344,0.0001
CLM-00606,POL-CARE-849206-527,Care Health Insurance (Religare),0x15d34AAf54267DB7D7c367839AAf71A00a2C6A65,IRDAI-REG-148,Heritage Health TPA,Rahul Choudhury,849206,0x38d95edfcd5e0a5739fb151619635ec214c38836,Apollo Multispecialty Hospital,0x155Af6ECaFb48861dA7d16Fb8Af2f6ce9d6DD779,Dr. Preeti Deshmukh,NMC-82194,G40.909,"Epilepsy, unspecified, without status epilepticus",Neurology,41190.14,35011.62,2059.51,10%,Approved & Settled,Ledger Verified & Payout Secured,Active - Full Disclosure,Discharge Summary; Surgical Notes; Lab Reports,Insurance Claim Adjudication & Pre-Auth Verification,24 Hours (Statutory Emergency Window),AES-256-GCM,vault-transit-key-0x38d95edf,Qma2e812c6c3db14191ede0e4adbf6e1e88e376180f349,0.0.4891024,3606,2026-09-13 12:06:04 UTC,0x0a22258e02e03b508c01d14cc9efec88e34a9114f74fff6eae91be0a8299a66e,0.0001
CLM-00607,POL-ICIC-849207-989,ICICI Lombard General Insurance,0x90F79bf6EB2c4f870365E785982E1f101E93b906,IRDAI-REG-115,Vidal Health TPA,Deepak Agarwal,849207,0x924019f59e739200485730bb43f36f1cf1c30152,Apex Diagnostic & Pathology Hub,0x04Fee3FD1B338d12FFD6dBD8d66dE1e8e0BB99cB,Dr. Ananya Roy,NMC-51203,K21.9,Gastro-esophageal reflux disease,Gastroenterology,12700.75,0.0,635.04,20%,Rejected - Policy Exclusion,Rejected with Ledger Audit Reason,Expired / Revoked,Lab Reports; Diagnosis; Treatment History; Discharge Summary,Insurance Claim Adjudication & Pre-Auth Verification,24 Hours (Statutory Emergency Window),AES-256-GCM,vault-transit-key-0x924019f5,Qma7aeedf74b4d72a19432d0eec1ff4716b8669cedece1,0.0.4891024,3607,2026-09-13 12:06:05 UTC,0x1bd0cb43cdbfd88dcf0ecbe83ee792c329c44c0c957f12581fe4900e47d2add6,0.0001
CLM-00608,POL-NIVA-849208-266,Niva Bupa Health Insurance,0x9965507D1a55bcC2695C58ba16FB37d819B0A4dc,IRDAI-REG-145,MDIndia Health TPA,Bhavna Menon,849208,0xa155eb6079d479bddb429df7c09d5f9cc48ab887,Apollo Multispecialty Hospital,0x155Af6ECaFb48861dA7d16Fb8Af2f6ce9d6DD779,Dr. Sunita Narang,NMC-90812,G40.909,"Epilepsy, unspecified, without status epilepticus",Neurology,48793.27,41474.28,2439.66,10%,Approved & Settled,Ledger Verified & Payout Secured,Active - Full Disclosure,Diagnosis; Lab Reports; Itemized Pharmacy Bill,Insurance Claim Adjudication & Pre-Auth Verification,24 Hours (Statutory Emergency Window),AES-256-GCM,vault-transit-key-0xa155eb60,Qm2f48a99838996c158b53fbd84bd6df04ed6b03cc7f74,0.0.4891024,3608,2026-09-13 12:06:07 UTC,0x6d6e228a4da2c55afc3805fcab9a48062f943822f334cbfa51a4d8f98980293d,0.0001
CLM-00609,POL-ICIC-849209-149,ICICI Lombard General Insurance,0x90F79bf6EB2c4f870365E785982E1f101E93b906,IRDAI-REG-115,Vidal Health TPA,Meera Verma,849209,0x11d3d450ff0f0828a71a974ac85fb8581f6dd591,Fortis Memorial Neuro & Trauma Center,0x84f93618C1D541bB1Dcf1373A8eE500A7D439634,Dr. Ananya Roy,NMC-51203,S06.9X0A,Unspecified intracranial injury / Concussion,Trauma & Emergency,118500.06,113500.06,5000.0,0%,Approved & Settled,Ledger Verified & Payout Secured,Active - Full Disclosure,Diagnosis; Lab Reports; Itemized Pharmacy Bill,Insurance Claim Adjudication & Pre-Auth Verification,24 Hours (Statutory Emergency Window),AES-256-GCM,vault-transit-key-0x11d3d450,Qm4cad58043bc4f629342269fc34edd28f3ced773d7f16,0.0.4891024,3609,2026-09-13 12:06:09 UTC,0xa58a0c11006af2de8dafaaa2522bb7b3972b82e90b703de9a5b89259791f5fef,0.0001
CLM-00610,POL-HDFC-849210-946,HDFC ERGO Health Insurance,0x3C44CdDdB6a900fa2b585dd299e03d12FA4293BC,IRDAI-REG-146,Paramount TPA,Madhav Gowda,849210,0x19d1559d34b43427ac0472b396bc9fb4542e0e46,Apex Diagnostic & Pathology Hub,0x04Fee3FD1B338d12FFD6dBD8d66dE1e8e0BB99cB,Dr. Vikram Seth,NMC-99014,S06.9X0A,Unspecified intracranial injury / Concussion,Trauma & Emergency,147228.49,120144.22,5000.0,15%,Approved & Settled,Ledger Verified & Payout Secured,Active - Full Disclosure,Discharge Summary; Surgical Notes; Lab Reports,Insurance Claim Adjudication & Pre-Auth Verification,24 Hours (Statutory Emergency Window),AES-256-GCM,vault-transit-key-0x19d1559d,Qmd262568023372a972fa4ecc5f83fb7ca994ca0ec6bcb,0.0.4891024,3610,2026-09-13 12:06:11 UTC,0xe230e78d63290366129b1aee52bbebc10cf03510c3b4be760d547305d12277d8,0.0001
CLM-00611,POL-ICIC-849211-630,ICICI Lombard General Insurance,0x90F79bf6EB2c4f870365E785982E1f101E93b906,IRDAI-REG-115,Vidal Health TPA,Geeta Saxena,849211,0xfcab5b33033a37800077bf91af6a9ca109aebc08,Max Super Speciality Cancer Institute,0x28B7eA94B34C8F52D19E50Eb14769Da20F5D54b4,Dr. Sarah Jenkins,NMC-48192,E11.9,Type 2 diabetes mellitus without complications,Endocrinology,18992.8,14244.6,949.64,20%,Approved & Settled,Ledger Verified & Payout Secured,Active - Full Disclosure,Diagnosis; Lab Reports; Itemized Pharmacy Bill,Insurance Claim Adjudication & Pre-Auth Verification,24 Hours (Statutory Emergency Window),AES-256-GCM,vault-transit-key-0xfcab5b33,Qm935f9ed8b66cac73eb85be1fe367ab87de240f5be620,0.0.4891024,3611,2026-09-13 12:06:13 UTC,0xb11bf21c79d888cd5d902c208fbb885a3b4bbd80253b43c88bdc2171c316eb52,0.0001
CLM-00612,POL-NIVA-849212-914,Niva Bupa Health Insurance,0x9965507D1a55bcC2695C58ba16FB37d819B0A4dc,IRDAI-REG-145,MDIndia Health TPA,Pooja Gupta,849212,0xab73caaa703cf251efda2e99c0ff2d7680598976,Max Super Speciality Cancer Institute,0x28B7eA94B34C8F52D19E50Eb14769Da20F5D54b4,Dr. Sunita Narang,NMC-90812,C50.919,Malignant neoplasm of female breast,Oncology,495396.7,490396.7,5000.0,0%,Approved & Settled,Ledger Verified & Payout Secured,Active - Full Disclosure,Lab Reports; Diagnosis; Treatment History; Discharge Summary,Insurance Claim Adjudication & Pre-Auth Verification,24 Hours (Statutory Emergency Window),AES-256-GCM,vault-transit-key-0xab73caaa,Qm3296d580e4bc1fa565ef2187a8575171de939b846ce3,0.0.4891024,3612,2026-09-13 12:06:15 UTC,0x72082d814e6000b00829c16a1b918f21b12f7da68fa72436c0ff6d698a39c987,0.0001
CLM-00613,POL-STAR-849213-807,Star Health & Allied Insurance,0x70997970C51812dc3A010C7d01b50e0d17dc79C8,IRDAI-REG-129,MediAssist TPA,Kavya Malhotra,849213,0x549afa52d9fafc731326791ef40ad6125240e193,Care & Cure Pediatric & Maternity Hospital,0x937F51E09477BfD31E56c5e533038a8eEAc096b7,Dr. Vikram Seth,NMC-99014,G40.909,"Epilepsy, unspecified, without status epilepticus",Neurology,44652.55,0.0,2232.63,20%,Awaiting Patient Consent Approval,Access Requested via Ledger,Pending Patient Authorization,Discharge Summary; Surgical Notes; Lab Reports,Insurance Claim Adjudication & Pre-Auth Verification,24 Hours (Statutory Emergency Window),AES-256-GCM,vault-transit-key-0x549afa52,Qma6cfbdb1f0d4d29b8796277a9a7aa47131a982db72ca,0.0.4891024,3613,2026-09-13 12:06:17 UTC,0xaa367c738ad78fe171501aeb877874499cfc5a345417a2a9c78d65346ffa8edf,0.0001
CLM-00614,POL-STAR-849214-804,Star Health & Allied Insurance,0x70997970C51812dc3A010C7d01b50e0d17dc79C8,IRDAI-REG-129,MediAssist TPA,Rohan Sharma,849214,0xd85876775ac598f830c193000f7c5f7be3294476,Max Super Speciality Cancer Institute,0x28B7eA94B34C8F52D19E50Eb14769Da20F5D54b4,Dr. Rajesh Sharma,NMC-78491,E11.9,Type 2 diabetes mellitus without complications,Endocrinology,18536.23,15755.8,926.81,10%,Approved & Settled,Ledger Verified & Payout Secured,Active - Full Disclosure,Lab Reports; Diagnosis; Treatment History; Discharge Summary,Insurance Claim Adjudication & Pre-Auth Verification,24 Hours (Statutory Emergency Window),AES-256-GCM,vault-transit-key-0xd8587677,Qmdf9f410c0cdbe2f66674b0b5a7d48494ef03023c67e0,0.0.4891024,3614,2026-09-13 12:06:19 UTC,0xa951c65091a693dcdcda5ed67a9acd675a7f6839448c8042bcb4838c11d09ef7,0.0001
CLM-00615,POL-STAR-849215-143,Star Health & Allied Insurance,0x70997970C51812dc3A010C7d01b50e0d17dc79C8,IRDAI-REG-129,MediAssist TPA,Ishaan Patel,849215,0x203518cb8a0fb54b7f9dfd1428698b85dc41343a,Care & Cure Pediatric & Maternity Hospital,0x937F51E09477BfD31E56c5e533038a8eEAc096b7,Dr. Sunita Narang,NMC-90812,K21.9,Gastro-esophageal reflux disease,Gastroenterology,12354.47,0.0,617.72,0%,Pending Adjudication,Audit Logged - Under Verification,Active - Time-Bound Access,Lab Reports; Diagnosis; Treatment History; Discharge Summary,Insurance Claim Adjudication & Pre-Auth Verification,24 Hours (Statutory Emergency Window),AES-256-GCM,vault-transit-key-0x203518cb,Qm2cb0dd5a5983d7a4e85eeb6aff676356f827daea44a2,0.0.4891024,3615,2026-09-13 12:06:21 UTC,0xc4052d54fb94aa248763619130a559aa99cf721c2254f73871c16f92112b7dca,0.0001
CLM-00616,POL-ICIC-849216-783,ICICI Lombard General Insurance,0x90F79bf6EB2c4f870365E785982E1f101E93b906,IRDAI-REG-115,Vidal Health TPA,Ishaan Malhotra,849216,0x787f7775ebc6cbbadbcb938b0509680ab25a950a,Apollo Multispecialty Hospital,0x155Af6ECaFb48861dA7d16Fb8Af2f6ce9d6DD779,Dr. Sarah Jenkins,NMC-48192,G40.909,"Epilepsy, unspecified, without status epilepticus",Neurology,37994.15,0.0,1899.71,0%,Pending Adjudication,Audit Logged - Under Verification,Active - Time-Bound Access,Diagnosis; Lab Reports; Itemized Pharmacy Bill,Insurance Claim Adjudication & Pre-Auth Verification,24 Hours (Statutory Emergency Window),AES-256-GCM,vault-transit-key-0x787f7775,Qmfaed7c38bcda9e833daf6123fea60ab0f7ad353762fc,0.0.4891024,3616,2026-09-13 12:06:23 UTC,0x29497ff100f832f262f2843cf7cdc70ca8ae4d9b55cbc7ff588ca53966f2d3c1,0.0001
CLM-00617,POL-ICIC-849217-966,ICICI Lombard General Insurance,0x90F79bf6EB2c4f870365E785982E1f101E93b906,IRDAI-REG-115,Vidal Health TPA,Nikhil Nair,849217,0xb31bec4c1156757b84a6ff35e64b4e02705388b2,Apollo Multispecialty Hospital,0x155Af6ECaFb48861dA7d16Fb8Af2f6ce9d6DD779,Dr. Sarah Jenkins,NMC-48192,E11.9,Type 2 diabetes mellitus without complications,Endocrinology,22862.1,0.0,1143.11,15%,Rejected - Policy Exclusion,Rejected with Ledger Audit Reason,Expired / Revoked,Discharge Summary; Surgical Notes; Lab Reports,Insurance Claim Adjudication & Pre-Auth Verification,24 Hours (Statutory Emergency Window),AES-256-GCM,vault-transit-key-0xb31bec4c,Qm3e5de289039503eeedfe590a73664502db468761e04d,0.0.4891024,3617,2026-09-13 12:06:25 UTC,0x7f88347185c8607557b018ef1bf96b23dd49231d133a1a65c5532e85b6b660b9,0.0001
CLM-00618,POL-NIVA-849218-201,Niva Bupa Health Insurance,0x9965507D1a55bcC2695C58ba16FB37d819B0A4dc,IRDAI-REG-145,MDIndia Health TPA,Meera Mukherjee,849218,0x77c632f6b41ea0714c457de61fd500d77e1ded6d,Apex Diagnostic & Pathology Hub,0x04Fee3FD1B338d12FFD6dBD8d66dE1e8e0BB99cB,Dr. Rajesh Sharma,NMC-78491,I21.9,"Acute myocardial infarction, unspecified",Cardiology,310859.41,305859.41,5000.0,0%,Approved & Settled,Ledger Verified & Payout Secured,Active - Full Disclosure,Diagnosis; Lab Reports; Itemized Pharmacy Bill,Insurance Claim Adjudication & Pre-Auth Verification,24 Hours (Statutory Emergency Window),AES-256-GCM,vault-transit-key-0x77c632f6,Qmb064864d96447501ececa63792c2180b0a6f5c0d51d1,0.0.4891024,3618,2026-09-13 12:06:26 UTC,0x1496d0137e90f49a5dd6fbb13bffc65845902728e88a5d8508a8b12dd8cdfd27,0.0001
CLM-00619,POL-NIVA-849219-319,Niva Bupa Health Insurance,0x9965507D1a55bcC2695C58ba16FB37d819B0A4dc,IRDAI-REG-145,MDIndia Health TPA,Meera Swaminathan,849219,0xe449996a0f0fbae98dd52de0e5ed5ded54983666,Apollo Multispecialty Hospital,0x155Af6ECaFb48861dA7d16Fb8Af2f6ce9d6DD779,Dr. Preeti Deshmukh,NMC-82194,I21.9,"Acute myocardial infarction, unspecified",Cardiology,321982.61,252586.09,5000.0,20%,Approved & Settled,Ledger Verified & Payout Secured,Active - Full Disclosure,Diagnosis; Lab Reports; Itemized Pharmacy Bill,Insurance Claim Adjudication & Pre-Auth Verification,24 Hours (Statutory Emergency Window),AES-256-GCM,vault-transit-key-0xe449996a,Qm7479322fb827143aa31ef707310574c6b44bdf731eb8,0.0.4891024,3619,2026-09-13 12:06:29 UTC,0xf182754352d27ae5b54ea92e93d1eafb86b381dffaa99c94ced1298c5c66bada,0.0001
CLM-00620,POL-ICIC-849220-626,ICICI Lombard General Insurance,0x90F79bf6EB2c4f870365E785982E1f101E93b906,IRDAI-REG-115,Vidal Health TPA,Gautam Nair,849220,0x9168e528241ad2e911508166ecbc7ec9b8c9f6a0,Care & Cure Pediatric & Maternity Hospital,0x937F51E09477BfD31E56c5e533038a8eEAc096b7,Dr. Ananya Roy,NMC-51203,C50.919,Malignant neoplasm of female breast,Oncology,380911.77,0.0,5000.0,0%,Pending Adjudication,Audit Logged - Under Verification,Active - Time-Bound Access,Discharge Summary; Surgical Notes; Lab Reports,Insurance Claim Adjudication & Pre-Auth Verification,24 Hours (Statutory Emergency Window),AES-256-GCM,vault-transit-key-0x9168e528,Qm8d70d07f9438e9f84358b0d71e25d3c01ac9e7a1d2a5,0.0.4891024,3620,2026-09-13 12:06:30 UTC,0x95449f5f25a3db22de8d30b8b3b7ed95741a7e7affc36204e8ceaab605da4ab4,0.0001
CLM-00621,POL-NIVA-849221-821,Niva Bupa Health Insurance,0x9965507D1a55bcC2695C58ba16FB37d819B0A4dc,IRDAI-REG-145,MDIndia Health TPA,Yashwanth Reddy,849221,0x2f04470b335f8b20d50f473ebb07df1cf803f972,Max Super Speciality Cancer Institute,0x28B7eA94B34C8F52D19E50Eb14769Da20F5D54b4,Dr. Ananya Roy,NMC-51203,S06.9X0A,Unspecified intracranial injury / Concussion,Trauma & Emergency,118418.04,113418.04,5000.0,0%,Approved & Settled,Ledger Verified & Payout Secured,Active - Full Disclosure,Emergency Admission Record; Diagnostic Imaging CT/MRI,Insurance Claim Adjudication & Pre-Auth Verification,24 Hours (Statutory Emergency Window),AES-256-GCM,vault-transit-key-0x2f04470b,Qm4543573f0f6dff021588479eefe5d9e6fd7a7043469c,0.0.4891024,3621,2026-09-13 12:06:32 UTC,0xd8f64c24dac872c5352f4fd943611474cef9869d7114eb9d1bcff9b8ee5b4178,0.0001
CLM-00622,POL-CARE-849222-803,Care Health Insurance (Religare),0x15d34AAf54267DB7D7c367839AAf71A00a2C6A65,IRDAI-REG-148,Heritage Health TPA,Siddharth Choudhury,849222,0xcd6e195bfa4603054cbdbf83f8dcf024513b10d0,Apex Diagnostic & Pathology Hub,0x04Fee3FD1B338d12FFD6dBD8d66dE1e8e0BB99cB,Dr. Preeti Deshmukh,NMC-82194,G40.909,"Epilepsy, unspecified, without status epilepticus",Neurology,56249.78,42187.33,2812.49,20%,Approved & Settled,Ledger Verified & Payout Secured,Active - Full Disclosure,Emergency Admission Record; Diagnostic Imaging CT/MRI,Insurance Claim Adjudication & Pre-Auth Verification,24 Hours (Statutory Emergency Window),AES-256-GCM,vault-transit-key-0xcd6e195b,Qm8457d96029713e038631dbb886acef77a5c5d89dfad7,0.0.4891024,3622,2026-09-13 12:06:34 UTC,0xd6237b9b8cd7bb0078fbc0155e485170cb0a4795ad1a7f551196e1124df8bfeb,0.0001
CLM-00623,POL-STAR-849223-283,Star Health & Allied Insurance,0x70997970C51812dc3A010C7d01b50e0d17dc79C8,IRDAI-REG-129,MediAssist TPA,Varun Iyer,849223,0x84a6925b41e335edf735417ae9d031fcc6e9b86f,Care & Cure Pediatric & Maternity Hospital,0x937F51E09477BfD31E56c5e533038a8eEAc096b7,Dr. Preeti Deshmukh,NMC-82194,S06.9X0A,Unspecified intracranial injury / Concussion,Trauma & Emergency,104161.67,0.0,5000.0,20%,Pending Adjudication,Audit Logged - Under Verification,Active - Time-Bound Access,Emergency Admission Record; Diagnostic Imaging CT/MRI,Insurance Claim Adjudication & Pre-Auth Verification,24 Hours (Statutory Emergency Window),AES-256-GCM,vault-transit-key-0x84a6925b,Qmf7f1362ef70cc6315478f0114a18c790386e6e7e924b,0.0.4891024,3623,2026-09-13 12:06:36 UTC,0x692728b4d6563bde45cd600899644f98d63e81a81d40724c4a04e5247f00c1d8,0.0001
CLM-00624,POL-STAR-849224-510,Star Health & Allied Insurance,0x70997970C51812dc3A010C7d01b50e0d17dc79C8,IRDAI-REG-129,MediAssist TPA,Chetan Shetty,849224,0x6e7daeab2c117f2c10a50cc467f443f8cd9beb50,Apollo Multispecialty Hospital,0x155Af6ECaFb48861dA7d16Fb8Af2f6ce9d6DD779,Dr. Rajesh Sharma,NMC-78491,K21.9,Gastro-esophageal reflux disease,Gastroenterology,15159.58,0.0,757.98,0%,Pending Adjudication,Audit Logged - Under Verification,Active - Time-Bound Access,Diagnosis; Lab Reports; Itemized Pharmacy Bill,Insurance Claim Adjudication & Pre-Auth Verification,24 Hours (Statutory Emergency Window),AES-256-GCM,vault-transit-key-0x6e7daeab,Qm283362dba39b6649c6c50694a5500c32d7259f82ba7d,0.0.4891024,3624,2026-09-13 12:06:38 UTC,0xb95a911ebb5761149f282c952ccd4ef81113a14dd93f2ee098233b41b2a48818,0.0001
CLM-00625,POL-ICIC-849225-225,ICICI Lombard General Insurance,0x90F79bf6EB2c4f870365E785982E1f101E93b906,IRDAI-REG-115,Vidal Health TPA,Shreya Iyer,849225,0x11fe00c8b115cb338cdb1497015da266f64dda57,Max Super Speciality Cancer Institute,0x28B7eA94B34C8F52D19E50Eb14769Da20F5D54b4,Dr. Rohan Patel,NMC-11029,K21.9,Gastro-esophageal reflux disease,Gastroenterology,12559.89,0.0,627.99,20%,Pending Adjudication,Audit Logged - Under Verification,Active - Time-Bound Access,Discharge Summary; Surgical Notes; Lab Reports,Insurance Claim Adjudication & Pre-Auth Verification,24 Hours (Statutory Emergency Window),AES-256-GCM,vault-transit-key-0x11fe00c8,Qmfbc2ae3e6028b2e9c6779061376998c78f2edd710721,0.0.4891024,3625,2026-09-13 12:06:40 UTC,0xac9dd0b8b294895e6bc9c4508e59363b55b2835e9fb7cb8828a94739b6caac2f,0.0001
CLM-00626,POL-CARE-849226-596,Care Health Insurance (Religare),0x15d34AAf54267DB7D7c367839AAf71A00a2C6A65,IRDAI-REG-148,Heritage Health TPA,Lata Deshmukh,849226,0x1a34547c35ff546b3dd176247d5919bad31b66f0,Fortis Memorial Neuro & Trauma Center,0x84f93618C1D541bB1Dcf1373A8eE500A7D439634,Dr. Ananya Roy,NMC-51203,K21.9,Gastro-esophageal reflux disease,Gastroenterology,14126.71,0.0,706.34,10%,Pending Adjudication,Audit Logged - Under Verification,Active - Time-Bound Access,Lab Reports; Diagnosis; Treatment History; Discharge Summary,Insurance Claim Adjudication & Pre-Auth Verification,24 Hours (Statutory Emergency Window),AES-256-GCM,vault-transit-key-0x1a34547c,Qmf2bdf6ef4b3a53dbd03a9c1af39ea9ef1828d1cc3462,0.0.4891024,3626,2026-09-13 12:06:42 UTC,0x9ad7c287ec64492765a5b0e6d51b07414415f5d3fb4464c752f9d2f2fa727f46,0.0001
CLM-00627,POL-CARE-849227-130,Care Health Insurance (Religare),0x15d34AAf54267DB7D7c367839AAf71A00a2C6A65,IRDAI-REG-148,Heritage Health TPA,Rahul Chatterjee,849227,0x5110c688af0592315ea3b80d4dd23de0287bb4a3,Max Super Speciality Cancer Institute,0x28B7eA94B34C8F52D19E50Eb14769Da20F5D54b4,Dr. Preeti Deshmukh,NMC-82194,E11.9,Type 2 diabetes mellitus without complications,Endocrinology,17479.2,0.0,873.96,0%,Awaiting Patient Consent Approval,Access Requested via Ledger,Pending Patient Authorization,Emergency Admission Record; Diagnostic Imaging CT/MRI,Insurance Claim Adjudication & Pre-Auth Verification,24 Hours (Statutory Emergency Window),AES-256-GCM,vault-transit-key-0x5110c688,Qmdbe0b99c35268db7d524da94826b2fc506e432df22cd,0.0.4891024,3627,2026-09-13 12:06:44 UTC,0x1aedd2fd4393ffff3639844a4575d2da6b007cddb906c6ba9ef241b252577826,0.0001
CLM-00628,POL-CARE-849228-256,Care Health Insurance (Religare),0x15d34AAf54267DB7D7c367839AAf71A00a2C6A65,IRDAI-REG-148,Heritage Health TPA,Aditi Nair,849228,0x4f4921b283e0f1e17849da37ee1a0450ea65e647,Apex Diagnostic & Pathology Hub,0x04Fee3FD1B338d12FFD6dBD8d66dE1e8e0BB99cB,Dr. Preeti Deshmukh,NMC-82194,S06.9X0A,Unspecified intracranial injury / Concussion,Trauma & Emergency,119167.45,0.0,5000.0,0%,Pending Adjudication,Audit Logged - Under Verification,Active - Time-Bound Access,Emergency Admission Record; Diagnostic Imaging CT/MRI,Insurance Claim Adjudication & Pre-Auth Verification,24 Hours (Statutory Emergency Window),AES-256-GCM,vault-transit-key-0x4f4921b2,Qm6488cee0e5b507a55d6ecf47f0d46904ce0e989425cf,0.0.4891024,3628,2026-09-13 12:06:46 UTC,0xc63ddaee23b53fb02686e0c045afda685f7824036103f7e9da1be053f38c282b,0.0001
CLM-00629,POL-CARE-849229-655,Care Health Insurance (Religare),0x15d34AAf54267DB7D7c367839AAf71A00a2C6A65,IRDAI-REG-148,Heritage Health TPA,Nikhil Choudhury,849229,0x4062c9c901474d3e69dfeb7ec4bd79e62cd56c56,Care & Cure Pediatric & Maternity Hospital,0x937F51E09477BfD31E56c5e533038a8eEAc096b7,Dr. Rohan Patel,NMC-11029,G40.909,"Epilepsy, unspecified, without status epilepticus",Neurology,44294.34,0.0,2214.72,0%,Rejected - Policy Exclusion,Rejected with Ledger Audit Reason,Expired / Revoked,Lab Reports; Diagnosis; Treatment History; Discharge Summary,Insurance Claim Adjudication & Pre-Auth Verification,24 Hours (Statutory Emergency Window),AES-256-GCM,vault-transit-key-0x4062c9c9,Qmcecef5498fc6c551c8d59365066e6f644144d83a1fdb,0.0.4891024,3629,2026-09-13 12:06:48 UTC,0x84716fd09ea695d0b973338ce3c89f90a516adc1c8872b24e44a63194591c917,0.0001
CLM-00630,POL-CARE-849230-553,Care Health Insurance (Religare),0x15d34AAf54267DB7D7c367839AAf71A00a2C6A65,IRDAI-REG-148,Heritage Health TPA,Ishaan Joshi,849230,0xd2c7552a454caeebafc6d8639373b70e28acd492,Fortis Memorial Neuro & Trauma Center,0x84f93618C1D541bB1Dcf1373A8eE500A7D439634,Dr. Sunita Narang,NMC-90812,K21.9,Gastro-esophageal reflux disease,Gastroenterology,13835.57,13143.79,691.78,0%,Approved & Settled,Ledger Verified & Payout Secured,Active - Full Disclosure,Discharge Summary; Surgical Notes; Lab Reports,Insurance Claim Adjudication & Pre-Auth Verification,24 Hours (Statutory Emergency Window),AES-256-GCM,vault-transit-key-0xd2c7552a,Qm698b845faa13517bda1d7e336a15c99438643739e4de,0.0.4891024,3630,2026-09-13 12:06:49 UTC,0xe4610887167fce92c25ff3f5134edadd5c189aa5e0417b81589c739fe33f7c37,0.0001
CLM-00631,POL-HDFC-849231-599,HDFC ERGO Health Insurance,0x3C44CdDdB6a900fa2b585dd299e03d12FA4293BC,IRDAI-REG-146,Paramount TPA,Anand Kapoor,849231,0x586d4e6db80ad7cd019af598f7d4da227d0fc5f8,Fortis Memorial Neuro & Trauma Center,0x84f93618C1D541bB1Dcf1373A8eE500A7D439634,Dr. Preeti Deshmukh,NMC-82194,K21.9,Gastro-esophageal reflux disease,Gastroenterology,15547.56,0.0,777.38,20%,Pending Adjudication,Audit Logged - Under Verification,Active - Time-Bound Access,Emergency Admission Record; Diagnostic Imaging CT/MRI,Insurance Claim Adjudication & Pre-Auth Verification,24 Hours (Statutory Emergency Window),AES-256-GCM,vault-transit-key-0x586d4e6d,Qm3962776478834469f302c8003d13414c7fb1431d1fee,0.0.4891024,3631,2026-09-13 12:06:52 UTC,0x3cd63567400a5259a687c07236b0075efb08eeae6e7b399523077e2c40d19fc3,0.0001
CLM-00632,POL-HDFC-849232-369,HDFC ERGO Health Insurance,0x3C44CdDdB6a900fa2b585dd299e03d12FA4293BC,IRDAI-REG-146,Paramount TPA,Harish Mukherjee,849232,0x1690d71ce42f2179d73e373aff9e4e04dcf3255f,Apex Diagnostic & Pathology Hub,0x04Fee3FD1B338d12FFD6dBD8d66dE1e8e0BB99cB,Dr. Sarah Jenkins,NMC-48192,K21.9,Gastro-esophageal reflux disease,Gastroenterology,14032.64,0.0,701.63,20%,Pending Adjudication,Audit Logged - Under Verification,Active - Time-Bound Access,Discharge Summary; Surgical Notes; Lab Reports,Insurance Claim Adjudication & Pre-Auth Verification,24 Hours (Statutory Emergency Window),AES-256-GCM,vault-transit-key-0x1690d71c,Qmad0099b06e3df96c101895e25f26614879b8e73b01a9,0.0.4891024,3632,2026-09-13 12:06:53 UTC,0xedf940841f9a6ec9ce0b6cfb6a78a0935614e7d0d8d4f2361dbf6a0a0cbdedbc,0.0001
CLM-00633,POL-STAR-849233-957,Star Health & Allied Insurance,0x70997970C51812dc3A010C7d01b50e0d17dc79C8,IRDAI-REG-129,MediAssist TPA,Sakshi Verma,849233,0x8b82f2742889b1988a13c35d2993569d5e16e286,Apex Diagnostic & Pathology Hub,0x04Fee3FD1B338d12FFD6dBD8d66dE1e8e0BB99cB,Dr. Sarah Jenkins,NMC-48192,E11.9,Type 2 diabetes mellitus without complications,Endocrinology,19700.36,0.0,985.02,0%,Pending Adjudication,Audit Logged - Under Verification,Active - Time-Bound Access,Discharge Summary; Surgical Notes; Lab Reports,Insurance Claim Adjudication & Pre-Auth Verification,24 Hours (Statutory Emergency Window),AES-256-GCM,vault-transit-key-0x8b82f274,Qm15541125242fe6b40dff34ebe3ccca4e61c8f2265fdf,0.0.4891024,3633,2026-09-13 12:06:55 UTC,0x0b19dae96624e1728b80f46a8ef9d72e4155b23844c97ce851f68aa459331601,0.0001
CLM-00634,POL-ICIC-849234-157,ICICI Lombard General Insurance,0x90F79bf6EB2c4f870365E785982E1f101E93b906,IRDAI-REG-115,Vidal Health TPA,Gautam Kapoor,849234,0xa8f8af9a18687e8cd670df827a6030f846d01389,Fortis Memorial Neuro & Trauma Center,0x84f93618C1D541bB1Dcf1373A8eE500A7D439634,Dr. Ananya Roy,NMC-51203,S06.9X0A,Unspecified intracranial injury / Concussion,Trauma & Emergency,137719.17,118947.25,5000.0,10%,Approved & Settled,Ledger Verified & Payout Secured,Active - Full Disclosure,Discharge Summary; Surgical Notes; Lab Reports,Insurance Claim Adjudication & Pre-Auth Verification,24 Hours (Statutory Emergency Window),AES-256-GCM,vault-transit-key-0xa8f8af9a,Qm4bec2337b4b0cf12d3f219b76fb906864218a9c4cf46,0.0.4891024,3634,2026-09-13 12:06:57 UTC,0x2ef0bb7021e2029bc543af57e371918e1e773b645232acfdb9a8d7c40a22be47,0.0001
CLM-00635,POL-STAR-849235-273,Star Health & Allied Insurance,0x70997970C51812dc3A010C7d01b50e0d17dc79C8,IRDAI-REG-129,MediAssist TPA,Divya Malhotra,849235,0x0c8998519b40d264438903c1b82a18d7b2877204,Fortis Memorial Neuro & Trauma Center,0x84f93618C1D541bB1Dcf1373A8eE500A7D439634,Dr. Sarah Jenkins,NMC-48192,S06.9X0A,Unspecified intracranial injury / Concussion,Trauma & Emergency,104520.1,83842.09,5000.0,15%,Approved & Settled,Ledger Verified & Payout Secured,Active - Full Disclosure,Emergency Admission Record; Diagnostic Imaging CT/MRI,Insurance Claim Adjudication & Pre-Auth Verification,24 Hours (Statutory Emergency Window),AES-256-GCM,vault-transit-key-0x0c899851,Qmfdf7fd688f23fad0e20288e6167c73c221bf5fb471dd,0.0.4891024,3635,2026-09-13 12:06:59 UTC,0x4a2d61fd06aed2171fa1d16dd15dc3d7fff491c639296a8db9dce0421d1a1825,0.0001
CLM-00636,POL-CARE-849236-702,Care Health Insurance (Religare),0x15d34AAf54267DB7D7c367839AAf71A00a2C6A65,IRDAI-REG-148,Heritage Health TPA,Bhavna Swaminathan,849236,0x766e08cc823f8e0c62a6da78990d1834a2f5dd1e,Fortis Memorial Neuro & Trauma Center,0x84f93618C1D541bB1Dcf1373A8eE500A7D439634,Dr. Sarah Jenkins,NMC-48192,A90,Dengue fever [classical dengue],Infectious Disease,29120.2,23296.16,1456.01,15%,Approved & Settled,Ledger Verified & Payout Secured,Active - Full Disclosure,Emergency Admission Record; Diagnostic Imaging CT/MRI,Insurance Claim Adjudication & Pre-Auth Verification,24 Hours (Statutory Emergency Window),AES-256-GCM,vault-transit-key-0x766e08cc,Qm63d598354a3a4af426db9a205ed7cb484666a8482c8d,0.0.4891024,3636,2026-09-13 12:07:01 UTC,0x3720ce4a37983a99b3bb66d11bc362645d831bb4f968ad0ac6d0bdc3378d87e8,0.0001
CLM-00637,POL-CARE-849237-444,Care Health Insurance (Religare),0x15d34AAf54267DB7D7c367839AAf71A00a2C6A65,IRDAI-REG-148,Heritage Health TPA,Kiran Reddy,849237,0xfdf077e589b08948521ff061269b73343b496243,Apollo Multispecialty Hospital,0x155Af6ECaFb48861dA7d16Fb8Af2f6ce9d6DD779,Dr. Preeti Deshmukh,NMC-82194,C50.919,Malignant neoplasm of female breast,Oncology,426941.07,357899.91,5000.0,15%,Approved & Settled,Ledger Verified & Payout Secured,Active - Full Disclosure,Discharge Summary; Surgical Notes; Lab Reports,Insurance Claim Adjudication & Pre-Auth Verification,24 Hours (Statutory Emergency Window),AES-256-GCM,vault-transit-key-0xfdf077e5,Qm4e30da3e479da63035ee637e21d8260b3be92d0ef1a6,0.0.4891024,3637,2026-09-13 12:07:03 UTC,0x4b7d99b18de999d5a992146713da1cca33ea9000e03e011a8ef5ca450ce5ff5e,0.0001
CLM-00638,POL-CARE-849238-394,Care Health Insurance (Religare),0x15d34AAf54267DB7D7c367839AAf71A00a2C6A65,IRDAI-REG-148,Heritage Health TPA,Varun Iyer,849238,0xaae8b25e2b9da1803adb3460080d8616865a0228,Apollo Multispecialty Hospital,0x155Af6ECaFb48861dA7d16Fb8Af2f6ce9d6DD779,Dr. Sunita Narang,NMC-90812,C50.919,Malignant neoplasm of female breast,Oncology,387341.52,0.0,5000.0,15%,Rejected - Policy Exclusion,Rejected with Ledger Audit Reason,Expired / Revoked,Emergency Admission Record; Diagnostic Imaging CT/MRI,Insurance Claim Adjudication & Pre-Auth Verification,24 Hours (Statutory Emergency Window),AES-256-GCM,vault-transit-key-0xaae8b25e,Qm98577e916de42b6caa02ae909a10df2ad412f9bd6732,0.0.4891024,3638,2026-09-13 12:07:05 UTC,0x6c6ce032d9c6e008e8a0079adad52eb9c9e89e5b842974c944191c34b53a37a4,0.0001
CLM-00639,POL-STAR-849239-379,Star Health & Allied Insurance,0x70997970C51812dc3A010C7d01b50e0d17dc79C8,IRDAI-REG-129,MediAssist TPA,Nandini Menon,849239,0x8812975a0c788dd20fe52876807a569d90776be3,Apex Diagnostic & Pathology Hub,0x04Fee3FD1B338d12FFD6dBD8d66dE1e8e0BB99cB,Dr. Sarah Jenkins,NMC-48192,S06.9X0A,Unspecified intracranial injury / Concussion,Trauma & Emergency,106981.21,80584.97,5000.0,20%,Approved & Settled,Ledger Verified & Payout Secured,Active - Full Disclosure,Discharge Summary; Surgical Notes; Lab Reports,Insurance Claim Adjudication & Pre-Auth Verification,24 Hours (Statutory Emergency Window),AES-256-GCM,vault-transit-key-0x8812975a,Qm49dea3c7bee5c84585f6645753b8f96d7f7be6835a23,0.0.4891024,3639,2026-09-13 12:07:07 UTC,0x562af030b9d6ec057851ce5b032ee56c25e41de675e7dd34a79ec9cd347fe3ca,0.0001
CLM-00640,POL-ICIC-849240-304,ICICI Lombard General Insurance,0x90F79bf6EB2c4f870365E785982E1f101E93b906,IRDAI-REG-115,Vidal Health TPA,Rohan Mishra,849240,0x6ad4009ef8cdd6ffa32461732ab294ffa758759f,Care & Cure Pediatric & Maternity Hospital,0x937F51E09477BfD31E56c5e533038a8eEAc096b7,Dr. Preeti Deshmukh,NMC-82194,S06.9X0A,Unspecified intracranial injury / Concussion,Trauma & Emergency,124940.76,0.0,5000.0,15%,Pending Adjudication,Audit Logged - Under Verification,Active - Time-Bound Access,Emergency Admission Record; Diagnostic Imaging CT/MRI,Insurance Claim Adjudication & Pre-Auth Verification,24 Hours (Statutory Emergency Window),AES-256-GCM,vault-transit-key-0x6ad4009e,Qm5071c1434a19d53e2109313be9d1bd4b45098a5b553b,0.0.4891024,3640,2026-09-13 12:07:09 UTC,0x88afa0498bd582b9c6b2bcb69f64e37548e667f2cd973363a8cde3a62e1b4b03,0.0001
CLM-00641,POL-STAR-849241-690,Star Health & Allied Insurance,0x70997970C51812dc3A010C7d01b50e0d17dc79C8,IRDAI-REG-129,MediAssist TPA,Harish Nair,849241,0xa5fd2549ef0bf2fa45e99db7f3f59fca4bbc8645,Apex Diagnostic & Pathology Hub,0x04Fee3FD1B338d12FFD6dBD8d66dE1e8e0BB99cB,Dr. Sunita Narang,NMC-90812,E11.9,Type 2 diabetes mellitus without complications,Endocrinology,20805.87,15604.41,1040.29,20%,Approved & Settled,Ledger Verified & Payout Secured,Active - Full Disclosure,Emergency Admission Record; Diagnostic Imaging CT/MRI,Insurance Claim Adjudication & Pre-Auth Verification,24 Hours (Statutory Emergency Window),AES-256-GCM,vault-transit-key-0xa5fd2549,Qm5f872aec29715cf7ece1070e043bfd12e167b317aa9a,0.0.4891024,3641,2026-09-13 12:07:11 UTC,0x8ea471d02d6b4921cca3d81ab106fdc0ae9fb072da06ede4047a31ed5838dde1,0.0001
CLM-00642,POL-HDFC-849242-346,HDFC ERGO Health Insurance,0x3C44CdDdB6a900fa2b585dd299e03d12FA4293BC,IRDAI-REG-146,Paramount TPA,Arjun Mishra,849242,0x5fe80bb1115e6578d7c1ec05cd1b513e66042328,Fortis Memorial Neuro & Trauma Center,0x84f93618C1D541bB1Dcf1373A8eE500A7D439634,Dr. Ananya Roy,NMC-51203,E11.9,Type 2 diabetes mellitus without complications,Endocrinology,17902.68,0.0,895.13,15%,Awaiting Patient Consent Approval,Access Requested via Ledger,Pending Patient Authorization,Emergency Admission Record; Diagnostic Imaging CT/MRI,Insurance Claim Adjudication & Pre-Auth Verification,24 Hours (Statutory Emergency Window),AES-256-GCM,vault-transit-key-0x5fe80bb1,Qm07d4c989781e504517f0119ced24fe835a523b47b1f9,0.0.4891024,3642,2026-09-13 12:07:13 UTC,0x94d6d6b44fb6df8cd3020926e1a922c7634890f6ceb8b13cfbc913275b7e48e8,0.0001
CLM-00643,POL-HDFC-849243-761,HDFC ERGO Health Insurance,0x3C44CdDdB6a900fa2b585dd299e03d12FA4293BC,IRDAI-REG-146,Paramount TPA,Deepak Kulkarni,849243,0x58d02528034ad062e9ab51bbedb5e7a7fbab6a91,Care & Cure Pediatric & Maternity Hospital,0x937F51E09477BfD31E56c5e533038a8eEAc096b7,Dr. Vikram Seth,NMC-99014,G40.909,"Epilepsy, unspecified, without status epilepticus",Neurology,40835.04,34709.79,2041.75,10%,Approved & Settled,Ledger Verified & Payout Secured,Active - Full Disclosure,Lab Reports; Diagnosis; Treatment History; Discharge Summary,Insurance Claim Adjudication & Pre-Auth Verification,24 Hours (Statutory Emergency Window),AES-256-GCM,vault-transit-key-0x58d02528,Qm5d3e7122126bc08689922b40ba96b154c0b6413434d1,0.0.4891024,3643,2026-09-13 12:07:14 UTC,0x1218c97fdaf83e3ff0e54604f77f276adac61be64c8e67b582ebb4fee7752e65,0.0001
CLM-00644,POL-HDFC-849244-673,HDFC ERGO Health Insurance,0x3C44CdDdB6a900fa2b585dd299e03d12FA4293BC,IRDAI-REG-146,Paramount TPA,Nikhil Sharma,849244,0xb991072d96a65fa48de6d4f933bc5e3a1c9ffea0,Fortis Memorial Neuro & Trauma Center,0x84f93618C1D541bB1Dcf1373A8eE500A7D439634,Dr. Ananya Roy,NMC-51203,A90,Dengue fever [classical dengue],Infectious Disease,43074.62,0.0,2153.73,20%,Pending Adjudication,Audit Logged - Under Verification,Active - Time-Bound Access,Lab Reports; Diagnosis; Treatment History; Discharge Summary,Insurance Claim Adjudication & Pre-Auth Verification,24 Hours (Statutory Emergency Window),AES-256-GCM,vault-transit-key-0xb991072d,Qma515d2b6121690b0ecdad5968bce0de71fb6623f0c1e,0.0.4891024,3644,2026-09-13 12:07:16 UTC,0x551b3a522ac96e56c55906ece16cc58479e8b5f08aadb6e212e2613d04cbcb47,0.0001
CLM-00645,POL-HDFC-849245-774,HDFC ERGO Health Insurance,0x3C44CdDdB6a900fa2b585dd299e03d12FA4293BC,IRDAI-REG-146,Paramount TPA,Meera Deshmukh,849245,0x023d3e02b1298e113e338f6a38d268d2b2077336,Apollo Multispecialty Hospital,0x155Af6ECaFb48861dA7d16Fb8Af2f6ce9d6DD779,Dr. Vikram Seth,NMC-99014,G40.909,"Epilepsy, unspecified, without status epilepticus",Neurology,48208.35,0.0,2410.42,0%,Rejected - Policy Exclusion,Rejected with Ledger Audit Reason,Expired / Revoked,Emergency Admission Record; Diagnostic Imaging CT/MRI,Insurance Claim Adjudication & Pre-Auth Verification,24 Hours (Statutory Emergency Window),AES-256-GCM,vault-transit-key-0x023d3e02,Qmf6ca2790f7508061332f922a58898e5fbedeb77b996e,0.0.4891024,3645,2026-09-13 12:07:18 UTC,0x1feb271c512e09fa4939216533c43beda5a7f53e3d70afebf5437e230744e079,0.0001
CLM-00646,POL-STAR-849246-987,Star Health & Allied Insurance,0x70997970C51812dc3A010C7d01b50e0d17dc79C8,IRDAI-REG-129,MediAssist TPA,Arjun Mukherjee,849246,0x7a8310260091c02a043929d4f1d8cd67fba04eb9,Fortis Memorial Neuro & Trauma Center,0x84f93618C1D541bB1Dcf1373A8eE500A7D439634,Dr. Rohan Patel,NMC-11029,G40.909,"Epilepsy, unspecified, without status epilepticus",Neurology,39001.69,0.0,1950.08,20%,Awaiting Patient Consent Approval,Access Requested via Ledger,Pending Patient Authorization,Lab Reports; Diagnosis; Treatment History; Discharge Summary,Insurance Claim Adjudication & Pre-Auth Verification,24 Hours (Statutory Emergency Window),AES-256-GCM,vault-transit-key-0x7a831026,Qm158a7f6d0958504e41e1f3fb3d27617b2687ec8808c5,0.0.4891024,3646,2026-09-13 12:07:20 UTC,0xa222f9742faee1eb05b17d422cdbe832776a826ba695ba1d8234e0785ce0897a,0.0001
CLM-00647,POL-STAR-849247-634,Star Health & Allied Insurance,0x70997970C51812dc3A010C7d01b50e0d17dc79C8,IRDAI-REG-129,MediAssist TPA,Kavya Rao,849247,0xd99d87749be9a1af0453d280aade4b9b14a63535,Apex Diagnostic & Pathology Hub,0x04Fee3FD1B338d12FFD6dBD8d66dE1e8e0BB99cB,Dr. Preeti Deshmukh,NMC-82194,I21.9,"Acute myocardial infarction, unspecified",Cardiology,293729.94,244670.45,5000.0,15%,Approved & Settled,Ledger Verified & Payout Secured,Active - Full Disclosure,Lab Reports; Diagnosis; Treatment History; Discharge Summary,Insurance Claim Adjudication & Pre-Auth Verification,24 Hours (Statutory Emergency Window),AES-256-GCM,vault-transit-key-0xd99d8774,Qm49bb2e96dbbe6e310423525d5f1eb425296e95486840,0.0.4891024,3647,2026-09-13 12:07:22 UTC,0x1476fcc9a4f14b4f80355f8889dcf1c6094580fe53799b12e20e4a69605405a2,0.0001
CLM-00648,POL-ICIC-849248-925,ICICI Lombard General Insurance,0x90F79bf6EB2c4f870365E785982E1f101E93b906,IRDAI-REG-115,Vidal Health TPA,Madhav Reddy,849248,0xc0b4f9a34e43305f8a3edf71ac192cf88eb259dc,Fortis Memorial Neuro & Trauma Center,0x84f93618C1D541bB1Dcf1373A8eE500A7D439634,Dr. Sunita Narang,NMC-90812,K21.9,Gastro-esophageal reflux disease,Gastroenterology,15459.61,0.0,772.98,10%,Rejected - Policy Exclusion,Rejected with Ledger Audit Reason,Expired / Revoked,Diagnosis; Lab Reports; Itemized Pharmacy Bill,Insurance Claim Adjudication & Pre-Auth Verification,24 Hours (Statutory Emergency Window),AES-256-GCM,vault-transit-key-0xc0b4f9a3,Qmb46659198126affc4362acb8c0c230daa8c8bfefdc03,0.0.4891024,3648,2026-09-13 12:07:24 UTC,0x3d45a918c8b47152eb0ee62971e949fd9d8d47df19710cba33665f950bf29597,0.0001
CLM-00649,POL-HDFC-849249-360,HDFC ERGO Health Insurance,0x3C44CdDdB6a900fa2b585dd299e03d12FA4293BC,IRDAI-REG-146,Paramount TPA,Gautam Nair,849249,0x39373f820c9ebba0cce53676482d96c91c91fb25,Fortis Memorial Neuro & Trauma Center,0x84f93618C1D541bB1Dcf1373A8eE500A7D439634,Dr. Ananya Roy,NMC-51203,K21.9,Gastro-esophageal reflux disease,Gastroenterology,16103.81,15298.62,805.19,0%,Approved & Settled,Ledger Verified & Payout Secured,Active - Full Disclosure,Discharge Summary; Surgical Notes; Lab Reports,Insurance Claim Adjudication & Pre-Auth Verification,24 Hours (Statutory Emergency Window),AES-256-GCM,vault-transit-key-0x39373f82,Qm321ab77344386b669e61bc272f9160f969fc537b661a,0.0.4891024,3649,2026-09-13 12:07:26 UTC,0x8d5d5f351cc3c0eaf18068adf38ed66110c9387d58b6c114d0d9df02c9234fc6,0.0001
CLM-00650,POL-CARE-849250-384,Care Health Insurance (Religare),0x15d34AAf54267DB7D7c367839AAf71A00a2C6A65,IRDAI-REG-148,Heritage Health TPA,Sakshi Pandey,849250,0x68f46a355dc1783370256167455027f6a44cd547,Care & Cure Pediatric & Maternity Hospital,0x937F51E09477BfD31E56c5e533038a8eEAc096b7,Dr. Preeti Deshmukh,NMC-82194,C50.919,Malignant neoplasm of female breast,Oncology,492383.14,438144.83,5000.0,10%,Approved & Settled,Ledger Verified & Payout Secured,Active - Full Disclosure,Discharge Summary; Surgical Notes; Lab Reports,Insurance Claim Adjudication & Pre-Auth Verification,24 Hours (Statutory Emergency Window),AES-256-GCM,vault-transit-key-0x68f46a35,Qm91757c82cb99ae55fa230752260095dfe2ddd767f92a,0.0.4891024,3650,2026-09-13 12:07:28 UTC,0x8523020095fb112ca94f80170022f805ddf7c3433b407ed9567f9ecec7e3559a,0.0001
CLM-00651,POL-NIVA-849251-807,Niva Bupa Health Insurance,0x9965507D1a55bcC2695C58ba16FB37d819B0A4dc,IRDAI-REG-145,MDIndia Health TPA,Aditi Kulkarni,849251,0x1ebf2ac0804076be94977ad9a37a14e6c2469f7d,Apollo Multispecialty Hospital,0x155Af6ECaFb48861dA7d16Fb8Af2f6ce9d6DD779,Dr. Sunita Narang,NMC-90812,I10,Essential (primary) hypertension,Cardiology,37416.39,31803.93,1870.82,10%,Approved & Settled,Ledger Verified & Payout Secured,Active - Full Disclosure,Emergency Admission Record; Diagnostic Imaging CT/MRI,Insurance Claim Adjudication & Pre-Auth Verification,24 Hours (Statutory Emergency Window),AES-256-GCM,vault-transit-key-0x1ebf2ac0,Qm953e64b61374846cc65996324cbb57655070d69d7542,0.0.4891024,3651,2026-09-13 12:07:30 UTC,0xdd962433b26aab07ec8186bff0de9f51d683f04ebe82d5dba98ca4672dc2a278,0.0001
CLM-00652,POL-STAR-849252-978,Star Health & Allied Insurance,0x70997970C51812dc3A010C7d01b50e0d17dc79C8,IRDAI-REG-129,MediAssist TPA,Shreya Swaminathan,849252,0xacb6a923b5324ecf82b6a3c664a1f849d63f0aa6,Apex Diagnostic & Pathology Hub,0x04Fee3FD1B338d12FFD6dBD8d66dE1e8e0BB99cB,Dr. Sunita Narang,NMC-90812,C50.919,Malignant neoplasm of female breast,Oncology,417650.88,0.0,5000.0,0%,Awaiting Patient Consent Approval,Access Requested via Ledger,Pending Patient Authorization,Emergency Admission Record; Diagnostic Imaging CT/MRI,Insurance Claim Adjudication & Pre-Auth Verification,24 Hours (Statutory Emergency Window),AES-256-GCM,vault-transit-key-0xacb6a923,Qmc926a8f01078bf00548be37b9af000a3712b6a708d61,0.0.4891024,3652,2026-09-13 12:07:32 UTC,0x9318df84dc4fc87f20532372df478f0a1b2ab06d4f12b3ac3b2a0206c6704ddc,0.0001
CLM-00653,POL-HDFC-849253-549,HDFC ERGO Health Insurance,0x3C44CdDdB6a900fa2b585dd299e03d12FA4293BC,IRDAI-REG-146,Paramount TPA,Rohan Patel,849253,0xe6109727629059961be0d17a6b367bbfd7128f05,Fortis Memorial Neuro & Trauma Center,0x84f93618C1D541bB1Dcf1373A8eE500A7D439634,Dr. Rajesh Sharma,NMC-78491,E11.9,Type 2 diabetes mellitus without complications,Endocrinology,21906.01,0.0,1095.3,20%,Pending Adjudication,Audit Logged - Under Verification,Active - Time-Bound Access,Discharge Summary; Surgical Notes; Lab Reports,Insurance Claim Adjudication & Pre-Auth Verification,24 Hours (Statutory Emergency Window),AES-256-GCM,vault-transit-key-0xe6109727,Qm6be9e547e97f10b9c9a62b6d4e4cf9ab871607ec3654,0.0.4891024,3653,2026-09-13 12:07:33 UTC,0x4ffd379fcc436550b1921d062680a605f9c484c874598e34f06321bcc22ef7f7,0.0001
CLM-00654,POL-CARE-849254-997,Care Health Insurance (Religare),0x15d34AAf54267DB7D7c367839AAf71A00a2C6A65,IRDAI-REG-148,Heritage Health TPA,Anand Chatterjee,849254,0xfc19773f9bc257b63d5f9fec8a9c69a0c32ce05e,Fortis Memorial Neuro & Trauma Center,0x84f93618C1D541bB1Dcf1373A8eE500A7D439634,Dr. Preeti Deshmukh,NMC-82194,K21.9,Gastro-esophageal reflux disease,Gastroenterology,16416.82,0.0,820.84,0%,Awaiting Patient Consent Approval,Access Requested via Ledger,Pending Patient Authorization,Discharge Summary; Surgical Notes; Lab Reports,Insurance Claim Adjudication & Pre-Auth Verification,24 Hours (Statutory Emergency Window),AES-256-GCM,vault-transit-key-0xfc19773f,Qm5b5a2dd547cbbc3a69a753f372a89a069fbaca429426,0.0.4891024,3654,2026-09-13 12:07:36 UTC,0xb53904fd3b46af5255fbd5e11bbb6af8f8642ba7f50467eeca79015c65199f0c,0.0001
CLM-00655,POL-CARE-849255-564,Care Health Insurance (Religare),0x15d34AAf54267DB7D7c367839AAf71A00a2C6A65,IRDAI-REG-148,Heritage Health TPA,Deepak Bhatia,849255,0xe719f42dd1269e776ecb10c209e9353ccfd53f65,Apex Diagnostic & Pathology Hub,0x04Fee3FD1B338d12FFD6dBD8d66dE1e8e0BB99cB,Dr. Preeti Deshmukh,NMC-82194,S06.9X0A,Unspecified intracranial injury / Concussion,Trauma & Emergency,139477.12,0.0,5000.0,0%,Pending Adjudication,Audit Logged - Under Verification,Active - Time-Bound Access,Diagnosis; Lab Reports; Itemized Pharmacy Bill,Insurance Claim Adjudication & Pre-Auth Verification,24 Hours (Statutory Emergency Window),AES-256-GCM,vault-transit-key-0xe719f42d,Qm768fc1c3f03aa084583c6ed4f16ecbab573570a90687,0.0.4891024,3655,2026-09-13 12:07:38 UTC,0x1127e3afbadc0ff560f2864308f443389aa85e05a2f763eca7dc5603e4de6f62,0.0001
CLM-00656,POL-HDFC-849256-743,HDFC ERGO Health Insurance,0x3C44CdDdB6a900fa2b585dd299e03d12FA4293BC,IRDAI-REG-146,Paramount TPA,Vikas Hegde,849256,0x46d41c61c96bc701b6871f01e42d89bf004da490,Apollo Multispecialty Hospital,0x155Af6ECaFb48861dA7d16Fb8Af2f6ce9d6DD779,Dr. Ananya Roy,NMC-51203,C50.919,Malignant neoplasm of female breast,Oncology,394248.63,389248.63,5000.0,0%,Approved & Settled,Ledger Verified & Payout Secured,Active - Full Disclosure,Diagnosis; Lab Reports; Itemized Pharmacy Bill,Insurance Claim Adjudication & Pre-Auth Verification,24 Hours (Statutory Emergency Window),AES-256-GCM,vault-transit-key-0x46d41c61,Qmdb228103f8294017cf021f9ba44d14450cf255fc929e,0.0.4891024,3656,2026-09-13 12:07:40 UTC,0xc03307f4004a891ee3630901ce4291b8fc69ea9c50a7c8c863ad346efa27e42b,0.0001
CLM-00657,POL-NIVA-849257-562,Niva Bupa Health Insurance,0x9965507D1a55bcC2695C58ba16FB37d819B0A4dc,IRDAI-REG-145,MDIndia Health TPA,Kavya Mukherjee,849257,0xe4dd020dce2e6f4da4037778bb1ea3534d93233a,Care & Cure Pediatric & Maternity Hospital,0x937F51E09477BfD31E56c5e533038a8eEAc096b7,Dr. Sunita Narang,NMC-90812,S06.9X0A,Unspecified intracranial injury / Concussion,Trauma & Emergency,128255.41,110429.87,5000.0,10%,Approved & Settled,Ledger Verified & Payout Secured,Active - Full Disclosure,Discharge Summary; Surgical Notes; Lab Reports,Insurance Claim Adjudication & Pre-Auth Verification,24 Hours (Statutory Emergency Window),AES-256-GCM,vault-transit-key-0xe4dd020d,Qm908bca95d79d6f66f3f7b85b514f833b89aa358064d0,0.0.4891024,3657,2026-09-13 12:07:41 UTC,0x4c306bcc1b2c7ed8c0dfbdeef1454d5007cf4591910e8fbd058ac6de771adcdb,0.0001
CLM-00658,POL-CARE-849258-997,Care Health Insurance (Religare),0x15d34AAf54267DB7D7c367839AAf71A00a2C6A65,IRDAI-REG-148,Heritage Health TPA,Nikhil Patel,849258,0xb0692afe2b71dc0f271d8b943cfb342c1e765a37,Fortis Memorial Neuro & Trauma Center,0x84f93618C1D541bB1Dcf1373A8eE500A7D439634,Dr. Rajesh Sharma,NMC-78491,K21.9,Gastro-esophageal reflux disease,Gastroenterology,13372.43,11366.57,668.62,10%,Approved & Settled,Ledger Verified & Payout Secured,Active - Full Disclosure,Lab Reports; Diagnosis; Treatment History; Discharge Summary,Insurance Claim Adjudication & Pre-Auth Verification,24 Hours (Statutory Emergency Window),AES-256-GCM,vault-transit-key-0xb0692afe,Qmc82fd5484bf8104f6297ee7a80471d6dd6faf05163db,0.0.4891024,3658,2026-09-13 12:07:44 UTC,0x029dd76cb1e3eefdc52903bb91baa411492631120407c60c96d8f97ed4794323,0.0001
CLM-00659,POL-HDFC-849259-368,HDFC ERGO Health Insurance,0x3C44CdDdB6a900fa2b585dd299e03d12FA4293BC,IRDAI-REG-146,Paramount TPA,Nandini Kulkarni,849259,0x60bba5f14493981e86a700ac06da35a940320c49,Apollo Multispecialty Hospital,0x155Af6ECaFb48861dA7d16Fb8Af2f6ce9d6DD779,Dr. Ananya Roy,NMC-51203,C50.919,Malignant neoplasm of female breast,Oncology,461915.66,410724.09,5000.0,10%,Approved & Settled,Ledger Verified & Payout Secured,Active - Full Disclosure,Emergency Admission Record; Diagnostic Imaging CT/MRI,Insurance Claim Adjudication & Pre-Auth Verification,24 Hours (Statutory Emergency Window),AES-256-GCM,vault-transit-key-0x60bba5f1,Qm5f14e0d6690890e1290cba5b07ee62d7bcaaac776665,0.0.4891024,3659,2026-09-13 12:07:45 UTC,0xeec9b680321788e2ab66133a31695e342317a707291c6cc8cc3fbacb96082957,0.0001
CLM-00660,POL-STAR-849260-114,Star Health & Allied Insurance,0x70997970C51812dc3A010C7d01b50e0d17dc79C8,IRDAI-REG-129,MediAssist TPA,Rahul Gupta,849260,0x3f9a37934c06ed7fe50496da8d8715c57928e427,Fortis Memorial Neuro & Trauma Center,0x84f93618C1D541bB1Dcf1373A8eE500A7D439634,Dr. Rajesh Sharma,NMC-78491,I21.9,"Acute myocardial infarction, unspecified",Cardiology,299723.82,0.0,5000.0,20%,Pending Adjudication,Audit Logged - Under Verification,Active - Time-Bound Access,Emergency Admission Record; Diagnostic Imaging CT/MRI,Insurance Claim Adjudication & Pre-Auth Verification,24 Hours (Statutory Emergency Window),AES-256-GCM,vault-transit-key-0x3f9a3793,Qm6842249494937e11267e39c66dc31654bd7d86f9c07f,0.0.4891024,3660,2026-09-13 12:07:47 UTC,0x9704a6a359812d653861d8b55fe03032bfa987749135cbe0cb0b4cb8e03c3814,0.0001
CLM-00661,POL-HDFC-849261-394,HDFC ERGO Health Insurance,0x3C44CdDdB6a900fa2b585dd299e03d12FA4293BC,IRDAI-REG-146,Paramount TPA,Anand Reddy,849261,0x416516b468604c4ec6ab8a54bef80658517faa49,Max Super Speciality Cancer Institute,0x28B7eA94B34C8F52D19E50Eb14769Da20F5D54b4,Dr. Rajesh Sharma,NMC-78491,G40.909,"Epilepsy, unspecified, without status epilepticus",Neurology,51907.77,38930.83,2595.39,20%,Approved & Settled,Ledger Verified & Payout Secured,Active - Full Disclosure,Diagnosis; Lab Reports; Itemized Pharmacy Bill,Insurance Claim Adjudication & Pre-Auth Verification,24 Hours (Statutory Emergency Window),AES-256-GCM,vault-transit-key-0x416516b4,Qmb9aa4d454a4d47719314739009e5a32cf37befebf81a,0.0.4891024,3661,2026-09-13 12:07:49 UTC,0x56ba0fde0680b2ed5abc220eeaa3bc18be17b4f3e6fcf2a0d5abfd9c8d0bbcc6,0.0001
CLM-00662,POL-ICIC-849262-518,ICICI Lombard General Insurance,0x90F79bf6EB2c4f870365E785982E1f101E93b906,IRDAI-REG-115,Vidal Health TPA,Pooja Ghosh,849262,0x10d06db5305c727ebf35416b8b56620bfb4917be,Max Super Speciality Cancer Institute,0x28B7eA94B34C8F52D19E50Eb14769Da20F5D54b4,Dr. Ananya Roy,NMC-51203,E11.9,Type 2 diabetes mellitus without complications,Endocrinology,23247.26,22084.9,1162.36,0%,Approved & Settled,Ledger Verified & Payout Secured,Active - Full Disclosure,Discharge Summary; Surgical Notes; Lab Reports,Insurance Claim Adjudication & Pre-Auth Verification,24 Hours (Statutory Emergency Window),AES-256-GCM,vault-transit-key-0x10d06db5,Qm908e8b59bc2880dd298f042fad57d8e7adb6fd6987ad,0.0.4891024,3662,2026-09-13 12:07:51 UTC,0xb1df3339bc43f286384bd90f242129dd91227996d0571eb9a191eef3a86cc6ad,0.0001
CLM-00663,POL-HDFC-849263-187,HDFC ERGO Health Insurance,0x3C44CdDdB6a900fa2b585dd299e03d12FA4293BC,IRDAI-REG-146,Paramount TPA,Nandini Banerjee,849263,0x0bafb27750616d34a87fff4867f24bae9ec346a2,Fortis Memorial Neuro & Trauma Center,0x84f93618C1D541bB1Dcf1373A8eE500A7D439634,Dr. Rohan Patel,NMC-11029,A90,Dengue fever [classical dengue],Infectious Disease,28948.61,0.0,1447.43,10%,Awaiting Patient Consent Approval,Access Requested via Ledger,Pending Patient Authorization,Emergency Admission Record; Diagnostic Imaging CT/MRI,Insurance Claim Adjudication & Pre-Auth Verification,24 Hours (Statutory Emergency Window),AES-256-GCM,vault-transit-key-0x0bafb277,Qm0b98ac5192ef059cf5c863d0e3ff3eb910af35955922,0.0.4891024,3663,2026-09-13 12:07:53 UTC,0xf42da8b9827881ec971149c5f7f51ad3545b5225504c98e7110fc1b93bace2d0,0.0001
CLM-00664,POL-CARE-849264-197,Care Health Insurance (Religare),0x15d34AAf54267DB7D7c367839AAf71A00a2C6A65,IRDAI-REG-148,Heritage Health TPA,Siddharth Pillai,849264,0xe5bbfc7e47ae9aaff0caead1f4f00ec94a3aacad,Apex Diagnostic & Pathology Hub,0x04Fee3FD1B338d12FFD6dBD8d66dE1e8e0BB99cB,Dr. Vikram Seth,NMC-99014,I21.9,"Acute myocardial infarction, unspecified",Cardiology,281909.25,276909.25,5000.0,0%,Approved & Settled,Ledger Verified & Payout Secured,Active - Full Disclosure,Diagnosis; Lab Reports; Itemized Pharmacy Bill,Insurance Claim Adjudication & Pre-Auth Verification,24 Hours (Statutory Emergency Window),AES-256-GCM,vault-transit-key-0xe5bbfc7e,Qm6f8a91597005b93ee4fbfd29bdb50c7d4cccbb384664,0.0.4891024,3664,2026-09-13 12:07:55 UTC,0xa0c324c2ac105f4b1a0e5f4971e77b96508db96e6fd0797da0f00f75ec9f4874,0.0001
CLM-00665,POL-NIVA-849265-616,Niva Bupa Health Insurance,0x9965507D1a55bcC2695C58ba16FB37d819B0A4dc,IRDAI-REG-145,MDIndia Health TPA,Sanjay Agarwal,849265,0x49ebaf3e457d1215d2303b736b314d0779a82955,Apollo Multispecialty Hospital,0x155Af6ECaFb48861dA7d16Fb8Af2f6ce9d6DD779,Dr. Sarah Jenkins,NMC-48192,G40.909,"Epilepsy, unspecified, without status epilepticus",Neurology,49511.53,0.0,2475.58,15%,Rejected - Policy Exclusion,Rejected with Ledger Audit Reason,Expired / Revoked,Discharge Summary; Surgical Notes; Lab Reports,Insurance Claim Adjudication & Pre-Auth Verification,24 Hours (Statutory Emergency Window),AES-256-GCM,vault-transit-key-0x49ebaf3e,Qm8abb59c419f8122d8d1d984cf0cc70950bfd0ec19dd7,0.0.4891024,3665,2026-09-13 12:07:57 UTC,0x2ee62eda5ab5d17051488b4644b83ec647e60099270b125c840f22b466235bdb,0.0001
CLM-00666,POL-NIVA-849266-615,Niva Bupa Health Insurance,0x9965507D1a55bcC2695C58ba16FB37d819B0A4dc,IRDAI-REG-145,MDIndia Health TPA,Harish Verma,849266,0xd42c7df62dfbf6abf594c9ad64812e65191805cf,Max Super Speciality Cancer Institute,0x28B7eA94B34C8F52D19E50Eb14769Da20F5D54b4,Dr. Vikram Seth,NMC-99014,E11.9,Type 2 diabetes mellitus without complications,Endocrinology,20752.89,0.0,1037.64,15%,Awaiting Patient Consent Approval,Access Requested via Ledger,Pending Patient Authorization,Diagnosis; Lab Reports; Itemized Pharmacy Bill,Insurance Claim Adjudication & Pre-Auth Verification,24 Hours (Statutory Emergency Window),AES-256-GCM,vault-transit-key-0xd42c7df6,Qm112e803cb0db510c139a2984deff50241f9e9b015d81,0.0.4891024,3666,2026-09-13 12:07:58 UTC,0x650c3fe2214b27e7f0eff0b3c56285da1979db169ffb52a1dbe4d0fb12e6b6f0,0.0001
CLM-00667,POL-NIVA-849267-219,Niva Bupa Health Insurance,0x9965507D1a55bcC2695C58ba16FB37d819B0A4dc,IRDAI-REG-145,MDIndia Health TPA,Sakshi Pillai,849267,0x186109c2b46b8de2b6ee0de1567b3ca541fa0ddc,Care & Cure Pediatric & Maternity Hospital,0x937F51E09477BfD31E56c5e533038a8eEAc096b7,Dr. Rajesh Sharma,NMC-78491,G40.909,"Epilepsy, unspecified, without status epilepticus",Neurology,43720.8,37162.68,2186.04,10%,Approved & Settled,Ledger Verified & Payout Secured,Active - Full Disclosure,Discharge Summary; Surgical Notes; Lab Reports,Insurance Claim Adjudication & Pre-Auth Verification,24 Hours (Statutory Emergency Window),AES-256-GCM,vault-transit-key-0x186109c2,Qm3b857d381b70124f5f4b8d8e519df4fe5f0b87db1dfb,0.0.4891024,3667,2026-09-13 12:08:01 UTC,0x7a2dbd5d5ad6774dd3a04e9d34cac23ea7f4601444bf165a5a239d9f5af816b1,0.0001
CLM-00668,POL-ICIC-849268-629,ICICI Lombard General Insurance,0x90F79bf6EB2c4f870365E785982E1f101E93b906,IRDAI-REG-115,Vidal Health TPA,Varun Choudhury,849268,0xae609e2925658ccab862600e0628e6f09342401e,Apex Diagnostic & Pathology Hub,0x04Fee3FD1B338d12FFD6dBD8d66dE1e8e0BB99cB,Dr. Sunita Narang,NMC-90812,G40.909,"Epilepsy, unspecified, without status epilepticus",Neurology,43715.89,37158.51,2185.79,10%,Approved & Settled,Ledger Verified & Payout Secured,Active - Full Disclosure,Emergency Admission Record; Diagnostic Imaging CT/MRI,Insurance Claim Adjudication & Pre-Auth Verification,24 Hours (Statutory Emergency Window),AES-256-GCM,vault-transit-key-0xae609e29,Qm0f52d95c5279b91c316942d03076b46e278144b40f8e,0.0.4891024,3668,2026-09-13 12:08:02 UTC,0xe010e3cab8614862545d46ef8c6f5847c2b926a02c6c274c435ec87857b020d8,0.0001
CLM-00669,POL-CARE-849269-155,Care Health Insurance (Religare),0x15d34AAf54267DB7D7c367839AAf71A00a2C6A65,IRDAI-REG-148,Heritage Health TPA,Harish Mukherjee,849269,0xdbfd8486907241fc5a9b8388d451c55794e980f6,Apollo Multispecialty Hospital,0x155Af6ECaFb48861dA7d16Fb8Af2f6ce9d6DD779,Dr. Rajesh Sharma,NMC-78491,E11.9,Type 2 diabetes mellitus without complications,Endocrinology,18563.59,17635.41,928.18,0%,Approved & Settled,Ledger Verified & Payout Secured,Active - Full Disclosure,Diagnosis; Lab Reports; Itemized Pharmacy Bill,Insurance Claim Adjudication & Pre-Auth Verification,24 Hours (Statutory Emergency Window),AES-256-GCM,vault-transit-key-0xdbfd8486,Qmf3eed38343652db0fb31752288d0d3e29ff8b96f8fd6,0.0.4891024,3669,2026-09-13 12:08:05 UTC,0xdeacbb8e51ba774a39b99e5f7983617c86bdcd800f361031a79e0850dbdfe87c,0.0001
CLM-00670,POL-CARE-849270-826,Care Health Insurance (Religare),0x15d34AAf54267DB7D7c367839AAf71A00a2C6A65,IRDAI-REG-148,Heritage Health TPA,Varun Reddy,849270,0x80e728a785e9b1868feb08e94f6345c53006850b,Apollo Multispecialty Hospital,0x155Af6ECaFb48861dA7d16Fb8Af2f6ce9d6DD779,Dr. Ananya Roy,NMC-51203,S06.9X0A,Unspecified intracranial injury / Concussion,Trauma & Emergency,132524.22,101019.38,5000.0,20%,Approved & Settled,Ledger Verified & Payout Secured,Active - Full Disclosure,Diagnosis; Lab Reports; Itemized Pharmacy Bill,Insurance Claim Adjudication & Pre-Auth Verification,24 Hours (Statutory Emergency Window),AES-256-GCM,vault-transit-key-0x80e728a7,Qm06b5f0a9f18cf15b58014c9f03ef856bb6e8d63cae46,0.0.4891024,3670,2026-09-13 12:08:06 UTC,0x99641a391992b9c613cc53a72785388b71eec3a59fe75be36710c9d17eabf538,0.0001
CLM-00671,POL-HDFC-849271-867,HDFC ERGO Health Insurance,0x3C44CdDdB6a900fa2b585dd299e03d12FA4293BC,IRDAI-REG-146,Paramount TPA,Sanjay Patel,849271,0xbe88affc9a74c72c103a9a8fdacbc4000cafb8ac,Fortis Memorial Neuro & Trauma Center,0x84f93618C1D541bB1Dcf1373A8eE500A7D439634,Dr. Rajesh Sharma,NMC-78491,E11.9,Type 2 diabetes mellitus without complications,Endocrinology,20885.24,16708.19,1044.26,15%,Approved & Settled,Ledger Verified & Payout Secured,Active - Full Disclosure,Diagnosis; Lab Reports; Itemized Pharmacy Bill,Insurance Claim Adjudication & Pre-Auth Verification,24 Hours (Statutory Emergency Window),AES-256-GCM,vault-transit-key-0xbe88affc,Qm76d2c620f96288f6ba7609c7212ae1713ca0b3a2d7f9,0.0.4891024,3671,2026-09-13 12:08:09 UTC,0x4438f76ea411fd826987091e4b5f0df8c1be7825c1e9a0fa75280768253cd458,0.0001
CLM-00672,POL-NIVA-849272-352,Niva Bupa Health Insurance,0x9965507D1a55bcC2695C58ba16FB37d819B0A4dc,IRDAI-REG-145,MDIndia Health TPA,Aarav Mishra,849272,0xbf8aa4808f3d8916edbf509263fb814552778d10,Max Super Speciality Cancer Institute,0x28B7eA94B34C8F52D19E50Eb14769Da20F5D54b4,Dr. Ananya Roy,NMC-51203,I21.9,"Acute myocardial infarction, unspecified",Cardiology,305199.94,0.0,5000.0,0%,Awaiting Patient Consent Approval,Access Requested via Ledger,Pending Patient Authorization,Lab Reports; Diagnosis; Treatment History; Discharge Summary,Insurance Claim Adjudication & Pre-Auth Verification,24 Hours (Statutory Emergency Window),AES-256-GCM,vault-transit-key-0xbf8aa480,Qm0d854d6ed5b3f5aacdb6dc12e05a7770cc1790d13518,0.0.4891024,3672,2026-09-13 12:08:10 UTC,0x433f29a0dd15710c30d884807a69943eded10f2c6064744cb9f34995fe6541dd,0.0001
CLM-00673,POL-ICIC-849273-257,ICICI Lombard General Insurance,0x90F79bf6EB2c4f870365E785982E1f101E93b906,IRDAI-REG-115,Vidal Health TPA,Ishaan Joshi,849273,0xe9f11b060a0a4cd3b491f19ce21679bf302b57da,Apex Diagnostic & Pathology Hub,0x04Fee3FD1B338d12FFD6dBD8d66dE1e8e0BB99cB,Dr. Sarah Jenkins,NMC-48192,S06.9X0A,Unspecified intracranial injury / Concussion,Trauma & Emergency,104994.26,0.0,5000.0,20%,Awaiting Patient Consent Approval,Access Requested via Ledger,Pending Patient Authorization,Emergency Admission Record; Diagnostic Imaging CT/MRI,Insurance Claim Adjudication & Pre-Auth Verification,24 Hours (Statutory Emergency Window),AES-256-GCM,vault-transit-key-0xe9f11b06,Qm392d47a9c3593b227f67354b327f6bdf96ddd3ffe4af,0.0.4891024,3673,2026-09-13 12:08:12 UTC,0x981f1b3fbfaaf80b1bf2d1f69d2175d4d43a3d28be17ad045e4c178167ee07e3,0.0001
CLM-00674,POL-STAR-849274-432,Star Health & Allied Insurance,0x70997970C51812dc3A010C7d01b50e0d17dc79C8,IRDAI-REG-129,MediAssist TPA,Rakesh Agarwal,849274,0x468413a0724794380a2657cb9ac5f9426605f215,Fortis Memorial Neuro & Trauma Center,0x84f93618C1D541bB1Dcf1373A8eE500A7D439634,Dr. Sarah Jenkins,NMC-48192,A90,Dengue fever [classical dengue],Infectious Disease,42442.82,36076.4,2122.14,10%,Approved & Settled,Ledger Verified & Payout Secured,Active - Full Disclosure,Lab Reports; Diagnosis; Treatment History; Discharge Summary,Insurance Claim Adjudication & Pre-Auth Verification,24 Hours (Statutory Emergency Window),AES-256-GCM,vault-transit-key-0x468413a0,Qm82c865095226e699f4964d34d15e959c2c587a9e12c6,0.0.4891024,3674,2026-09-13 12:08:14 UTC,0xf824a8870043ac1d5a9a77180568df117a0539ef875976c12b92e79dad4251c8,0.0001
CLM-00675,POL-STAR-849275-194,Star Health & Allied Insurance,0x70997970C51812dc3A010C7d01b50e0d17dc79C8,IRDAI-REG-129,MediAssist TPA,Riya Mehta,849275,0xc0a5e174e26adc8960be0a29ac504749737a3bff,Apollo Multispecialty Hospital,0x155Af6ECaFb48861dA7d16Fb8Af2f6ce9d6DD779,Dr. Rohan Patel,NMC-11029,K21.9,Gastro-esophageal reflux disease,Gastroenterology,13493.58,11469.54,674.68,10%,Approved & Settled,Ledger Verified & Payout Secured,Active - Full Disclosure,Emergency Admission Record; Diagnostic Imaging CT/MRI,Insurance Claim Adjudication & Pre-Auth Verification,24 Hours (Statutory Emergency Window),AES-256-GCM,vault-transit-key-0xc0a5e174,Qmada766609fca36ff0c46f782a7a26767c99033383f33,0.0.4891024,3675,2026-09-13 12:08:16 UTC,0x39d3a567a2a60e04b789e40850c1f24b6a572772d11bfcce8ead93d27576c33c,0.0001
CLM-00676,POL-HDFC-849276-391,HDFC ERGO Health Insurance,0x3C44CdDdB6a900fa2b585dd299e03d12FA4293BC,IRDAI-REG-146,Paramount TPA,Aditi Mukherjee,849276,0x0191f3a003d6f062dccc7432596dec3587c7b48d,Max Super Speciality Cancer Institute,0x28B7eA94B34C8F52D19E50Eb14769Da20F5D54b4,Dr. Ananya Roy,NMC-51203,K21.9,Gastro-esophageal reflux disease,Gastroenterology,14890.32,12656.77,744.52,10%,Approved & Settled,Ledger Verified & Payout Secured,Active - Full Disclosure,Emergency Admission Record; Diagnostic Imaging CT/MRI,Insurance Claim Adjudication & Pre-Auth Verification,24 Hours (Statutory Emergency Window),AES-256-GCM,vault-transit-key-0x0191f3a0,Qm3e66d348ca54a04715c026927e4374d698a6a5e2e0b3,0.0.4891024,3676,2026-09-13 12:08:18 UTC,0x20621cd68f9d264d69fb8cc25b4c941221922eb87e343a2c088dc44354a5a3ec,0.0001
CLM-00677,POL-NIVA-849277-952,Niva Bupa Health Insurance,0x9965507D1a55bcC2695C58ba16FB37d819B0A4dc,IRDAI-REG-145,MDIndia Health TPA,Rohan Swaminathan,849277,0xc88eb67383879145c522bbedb5b3e68d29d45249,Max Super Speciality Cancer Institute,0x28B7eA94B34C8F52D19E50Eb14769Da20F5D54b4,Dr. Vikram Seth,NMC-99014,I21.9,"Acute myocardial infarction, unspecified",Cardiology,261012.12,229910.91,5000.0,10%,Approved & Settled,Ledger Verified & Payout Secured,Active - Full Disclosure,Emergency Admission Record; Diagnostic Imaging CT/MRI,Insurance Claim Adjudication & Pre-Auth Verification,24 Hours (Statutory Emergency Window),AES-256-GCM,vault-transit-key-0xc88eb673,Qm2422a178115c029cb6fe8f63709eb5a977ac5aa712bc,0.0.4891024,3677,2026-09-13 12:08:20 UTC,0x2b2f3b25d555586523338ce019fa9bc2707b259717ee616422bebf32e3793b43,0.0001
CLM-00678,POL-NIVA-849278-930,Niva Bupa Health Insurance,0x9965507D1a55bcC2695C58ba16FB37d819B0A4dc,IRDAI-REG-145,MDIndia Health TPA,Rakesh Saxena,849278,0x81b111ba671d54a470dd28ac31e5b3dcdaa199af,Care & Cure Pediatric & Maternity Hospital,0x937F51E09477BfD31E56c5e533038a8eEAc096b7,Dr. Sarah Jenkins,NMC-48192,K21.9,Gastro-esophageal reflux disease,Gastroenterology,13321.33,11323.13,666.07,10%,Approved & Settled,Ledger Verified & Payout Secured,Active - Full Disclosure,Emergency Admission Record; Diagnostic Imaging CT/MRI,Insurance Claim Adjudication & Pre-Auth Verification,24 Hours (Statutory Emergency Window),AES-256-GCM,vault-transit-key-0x81b111ba,Qmfe9ad1e724bf7691791a21c81c92f22c10c0f6b44535,0.0.4891024,3678,2026-09-13 12:08:21 UTC,0x8d21d15a49f8654cf6e344206437e0d8b4a7b1501b29dccdcc77c253005c545f,0.0001
CLM-00679,POL-ICIC-849279-763,ICICI Lombard General Insurance,0x90F79bf6EB2c4f870365E785982E1f101E93b906,IRDAI-REG-115,Vidal Health TPA,Ananya Mishra,849279,0x6255f6ddf0cee995a6d78723729139c0ea4152c2,Care & Cure Pediatric & Maternity Hospital,0x937F51E09477BfD31E56c5e533038a8eEAc096b7,Dr. Preeti Deshmukh,NMC-82194,C50.919,Malignant neoplasm of female breast,Oncology,459346.45,0.0,5000.0,10%,Rejected - Policy Exclusion,Rejected with Ledger Audit Reason,Expired / Revoked,Lab Reports; Diagnosis; Treatment History; Discharge Summary,Insurance Claim Adjudication & Pre-Auth Verification,24 Hours (Statutory Emergency Window),AES-256-GCM,vault-transit-key-0x6255f6dd,Qmb7418ad515fcb945623fe3685b231ae724f3cc52b033,0.0.4891024,3679,2026-09-13 12:08:24 UTC,0xcdb8c4a2e51af414784c4b15da7d75db2df8ce150bc112d0cfcd56683e3ef9ce,0.0001
CLM-00680,POL-STAR-849280-230,Star Health & Allied Insurance,0x70997970C51812dc3A010C7d01b50e0d17dc79C8,IRDAI-REG-129,MediAssist TPA,Yashwanth Kapoor,849280,0xf3a04364e0ffb794ce0799715f5b287f4a8afdfd,Care & Cure Pediatric & Maternity Hospital,0x937F51E09477BfD31E56c5e533038a8eEAc096b7,Dr. Vikram Seth,NMC-99014,E11.9,Type 2 diabetes mellitus without complications,Endocrinology,22346.91,0.0,1117.35,15%,Awaiting Patient Consent Approval,Access Requested via Ledger,Pending Patient Authorization,Emergency Admission Record; Diagnostic Imaging CT/MRI,Insurance Claim Adjudication & Pre-Auth Verification,24 Hours (Statutory Emergency Window),AES-256-GCM,vault-transit-key-0xf3a04364,Qm6a93b534d0ce7a69f476211879a252f33894a8b4a29f,0.0.4891024,3680,2026-09-13 12:08:26 UTC,0xc34451272e9bc605cbd57d901213f1ec789745d2ce54fca83d88d0c64dd45d7b,0.0001
CLM-00681,POL-NIVA-849281-622,Niva Bupa Health Insurance,0x9965507D1a55bcC2695C58ba16FB37d819B0A4dc,IRDAI-REG-145,MDIndia Health TPA,Kiran Verma,849281,0x1fc754f3ff69a3eb54bb7e46d9de132e1a12cc8c,Apollo Multispecialty Hospital,0x155Af6ECaFb48861dA7d16Fb8Af2f6ce9d6DD779,Dr. Sarah Jenkins,NMC-48192,I21.9,"Acute myocardial infarction, unspecified",Cardiology,267346.72,262346.72,5000.0,0%,Approved & Settled,Ledger Verified & Payout Secured,Active - Full Disclosure,Discharge Summary; Surgical Notes; Lab Reports,Insurance Claim Adjudication & Pre-Auth Verification,24 Hours (Statutory Emergency Window),AES-256-GCM,vault-transit-key-0x1fc754f3,Qm1973482fa6ec7c5a67b05d5d246b57c2e8164af99022,0.0.4891024,3681,2026-09-13 12:08:27 UTC,0x71578886df98549f79eb05152c1b993c7a0c0c8c06b05a7b6fc126ece2f20576,0.0001
CLM-00682,POL-STAR-849282-858,Star Health & Allied Insurance,0x70997970C51812dc3A010C7d01b50e0d17dc79C8,IRDAI-REG-129,MediAssist TPA,Rahul Saxena,849282,0x140dc429ae46fe469adeda0a7eb2a3bc484e9be4,Apex Diagnostic & Pathology Hub,0x04Fee3FD1B338d12FFD6dBD8d66dE1e8e0BB99cB,Dr. Sarah Jenkins,NMC-48192,I21.9,"Acute myocardial infarction, unspecified",Cardiology,293439.01,0.0,5000.0,10%,Pending Adjudication,Audit Logged - Under Verification,Active - Time-Bound Access,Emergency Admission Record; Diagnostic Imaging CT/MRI,Insurance Claim Adjudication & Pre-Auth Verification,24 Hours (Statutory Emergency Window),AES-256-GCM,vault-transit-key-0x140dc429,Qmd99ce8483c26289055110bbbaa28fd58ebfc44f7d8ea,0.0.4891024,3682,2026-09-13 12:08:29 UTC,0xf6b9bd67ddfffa6013e063e7376422171ca027fe406bbec801893649d49643b4,0.0001
CLM-00683,POL-ICIC-849283-875,ICICI Lombard General Insurance,0x90F79bf6EB2c4f870365E785982E1f101E93b906,IRDAI-REG-115,Vidal Health TPA,Divya Kapoor,849283,0xabf27e346550469dee67c2fb8e92533d96058bc8,Fortis Memorial Neuro & Trauma Center,0x84f93618C1D541bB1Dcf1373A8eE500A7D439634,Dr. Rohan Patel,NMC-11029,A90,Dengue fever [classical dengue],Infectious Disease,38451.74,30761.39,1922.59,15%,Approved & Settled,Ledger Verified & Payout Secured,Active - Full Disclosure,Diagnosis; Lab Reports; Itemized Pharmacy Bill,Insurance Claim Adjudication & Pre-Auth Verification,24 Hours (Statutory Emergency Window),AES-256-GCM,vault-transit-key-0xabf27e34,Qm74b5c75d7f3dcecb80018b351c6b6699a6d1c26f8995,0.0.4891024,3683,2026-09-13 12:08:31 UTC,0x728615aaf54290eafa4b431b2c0550f0b5e1d673ef0458fd3bf426e8b38ca2f4,0.0001
CLM-00684,POL-NIVA-849284-544,Niva Bupa Health Insurance,0x9965507D1a55bcC2695C58ba16FB37d819B0A4dc,IRDAI-REG-145,MDIndia Health TPA,Neha Patel,849284,0x96515872eeeb2e8da8b36d6f3139d1edb5418e92,Fortis Memorial Neuro & Trauma Center,0x84f93618C1D541bB1Dcf1373A8eE500A7D439634,Dr. Sunita Narang,NMC-90812,I21.9,"Acute myocardial infarction, unspecified",Cardiology,279414.95,274414.95,5000.0,0%,Approved & Settled,Ledger Verified & Payout Secured,Active - Full Disclosure,Lab Reports; Diagnosis; Treatment History; Discharge Summary,Insurance Claim Adjudication & Pre-Auth Verification,24 Hours (Statutory Emergency Window),AES-256-GCM,vault-transit-key-0x96515872,Qm674e8a74ba4be703eb421770fd2ab57d4fbaded1f6bb,0.0.4891024,3684,2026-09-13 12:08:33 UTC,0x6888542e244e5d1245b1004e222c0e8890879099c7186a0a557d58da09165deb,0.0001
CLM-00685,POL-CARE-849285-410,Care Health Insurance (Religare),0x15d34AAf54267DB7D7c367839AAf71A00a2C6A65,IRDAI-REG-148,Heritage Health TPA,Amit Banerjee,849285,0x2ee749a7d263da2a41f3dd29b3bb46a0c7373b22,Apex Diagnostic & Pathology Hub,0x04Fee3FD1B338d12FFD6dBD8d66dE1e8e0BB99cB,Dr. Preeti Deshmukh,NMC-82194,A90,Dengue fever [classical dengue],Infectious Disease,37706.39,0.0,1885.32,15%,Pending Adjudication,Audit Logged - Under Verification,Active - Time-Bound Access,Emergency Admission Record; Diagnostic Imaging CT/MRI,Insurance Claim Adjudication & Pre-Auth Verification,24 Hours (Statutory Emergency Window),AES-256-GCM,vault-transit-key-0x2ee749a7,Qme4ce8a32bbe804ffeecb0ecdecb216fa33fd26f376e9,0.0.4891024,3685,2026-09-13 12:08:35 UTC,0xb6b09d3e2d527900402a527a194d161c518529bfde784cfe4649ec5870ebb6ed,0.0001
CLM-00686,POL-HDFC-849286-935,HDFC ERGO Health Insurance,0x3C44CdDdB6a900fa2b585dd299e03d12FA4293BC,IRDAI-REG-146,Paramount TPA,Divya Gupta,849286,0x417b8edbd84a91d1bde5797f8c9e1dcda221f5c0,Apollo Multispecialty Hospital,0x155Af6ECaFb48861dA7d16Fb8Af2f6ce9d6DD779,Dr. Rajesh Sharma,NMC-78491,I21.9,"Acute myocardial infarction, unspecified",Cardiology,222251.35,0.0,5000.0,10%,Awaiting Patient Consent Approval,Access Requested via Ledger,Pending Patient Authorization,Diagnosis; Lab Reports; Itemized Pharmacy Bill,Insurance Claim Adjudication & Pre-Auth Verification,24 Hours (Statutory Emergency Window),AES-256-GCM,vault-transit-key-0x417b8edb,Qm9afb83bfdf7ec41639dddceb3cf7e16e84f1fca423de,0.0.4891024,3686,2026-09-13 12:08:37 UTC,0xa29f2ddab67cf48fe419ec043311ddcd5857d4bf063790e5fa2c934633bd5a22,0.0001
CLM-00687,POL-HDFC-849287-188,HDFC ERGO Health Insurance,0x3C44CdDdB6a900fa2b585dd299e03d12FA4293BC,IRDAI-REG-146,Paramount TPA,Manish Kulkarni,849287,0x3b5eca969db46731e7ad7088be47cc69242f6738,Care & Cure Pediatric & Maternity Hospital,0x937F51E09477BfD31E56c5e533038a8eEAc096b7,Dr. Sunita Narang,NMC-90812,C50.919,Malignant neoplasm of female breast,Oncology,393456.96,309765.57,5000.0,20%,Approved & Settled,Ledger Verified & Payout Secured,Active - Full Disclosure,Emergency Admission Record; Diagnostic Imaging CT/MRI,Insurance Claim Adjudication & Pre-Auth Verification,24 Hours (Statutory Emergency Window),AES-256-GCM,vault-transit-key-0x3b5eca96,Qm79eaf1a678203987b01cf95ba5e3803eb7b1af35602b,0.0.4891024,3687,2026-09-13 12:08:39 UTC,0x9dd615db81284884e8c4c062f2e61d1bc5383d3a503d4695438be110bc7b8eb6,0.0001
CLM-00688,POL-HDFC-849288-120,HDFC ERGO Health Insurance,0x3C44CdDdB6a900fa2b585dd299e03d12FA4293BC,IRDAI-REG-146,Paramount TPA,Ishaan Nair,849288,0x32506db59f79cbb5f9dccf3d5ecc40a4369e67c3,Care & Cure Pediatric & Maternity Hospital,0x937F51E09477BfD31E56c5e533038a8eEAc096b7,Dr. Ananya Roy,NMC-51203,A90,Dengue fever [classical dengue],Infectious Disease,41181.07,35003.91,2059.05,10%,Approved & Settled,Ledger Verified & Payout Secured,Active - Full Disclosure,Emergency Admission Record; Diagnostic Imaging CT/MRI,Insurance Claim Adjudication & Pre-Auth Verification,24 Hours (Statutory Emergency Window),AES-256-GCM,vault-transit-key-0x32506db5,Qma223de325b7f2ac4bc1bf4a98f23b108fff91837b359,0.0.4891024,3688,2026-09-13 12:08:41 UTC,0x8ad554a10ca5f2cd2a819b92cca441cc4a21089c37782771cbbd299df95a1a2d,0.0001
CLM-00689,POL-STAR-849289-854,Star Health & Allied Insurance,0x70997970C51812dc3A010C7d01b50e0d17dc79C8,IRDAI-REG-129,MediAssist TPA,Sameer Sharma,849289,0x69af8f19237140012ec8454f6922f6d43341a8bd,Care & Cure Pediatric & Maternity Hospital,0x937F51E09477BfD31E56c5e533038a8eEAc096b7,Dr. Ananya Roy,NMC-51203,A90,Dengue fever [classical dengue],Infectious Disease,37132.72,29706.17,1856.64,15%,Approved & Settled,Ledger Verified & Payout Secured,Active - Full Disclosure,Emergency Admission Record; Diagnostic Imaging CT/MRI,Insurance Claim Adjudication & Pre-Auth Verification,24 Hours (Statutory Emergency Window),AES-256-GCM,vault-transit-key-0x69af8f19,Qm8e4ca0d105923956861f17115b14b99edc88f9868b96,0.0.4891024,3689,2026-09-13 12:08:43 UTC,0x684242963e05d69ce8dedd8a8c7d83a66b728dca97d9d2b108c02ada8ed267ee,0.0001
CLM-00690,POL-NIVA-849290-640,Niva Bupa Health Insurance,0x9965507D1a55bcC2695C58ba16FB37d819B0A4dc,IRDAI-REG-145,MDIndia Health TPA,Bhavna Saxena,849290,0xf7065f9ee7e3b991600ba954f140fc7f67dff962,Care & Cure Pediatric & Maternity Hospital,0x937F51E09477BfD31E56c5e533038a8eEAc096b7,Dr. Rajesh Sharma,NMC-78491,I10,Essential (primary) hypertension,Cardiology,25893.93,20715.14,1294.7,15%,Approved & Settled,Ledger Verified & Payout Secured,Active - Full Disclosure,Discharge Summary; Surgical Notes; Lab Reports,Insurance Claim Adjudication & Pre-Auth Verification,24 Hours (Statutory Emergency Window),AES-256-GCM,vault-transit-key-0xf7065f9e,Qm6877655e47dec60850fe6777111f49a8bea8e91908e2,0.0.4891024,3690,2026-09-13 12:08:45 UTC,0x4d65f5a4b645bdd1e72b4618e58340b2159df90d82b575ba73e364e8f371fdbc,0.0001
CLM-00691,POL-CARE-849291-559,Care Health Insurance (Religare),0x15d34AAf54267DB7D7c367839AAf71A00a2C6A65,IRDAI-REG-148,Heritage Health TPA,Tanvi Swaminathan,849291,0xd63d6772d6b6d12e7d3374f7ed42a8eaedb7f515,Apollo Multispecialty Hospital,0x155Af6ECaFb48861dA7d16Fb8Af2f6ce9d6DD779,Dr. Ananya Roy,NMC-51203,S06.9X0A,Unspecified intracranial injury / Concussion,Trauma & Emergency,139596.37,134596.37,5000.0,0%,Approved & Settled,Ledger Verified & Payout Secured,Active - Full Disclosure,Diagnosis; Lab Reports; Itemized Pharmacy Bill,Insurance Claim Adjudication & Pre-Auth Verification,24 Hours (Statutory Emergency Window),AES-256-GCM,vault-transit-key-0xd63d6772,Qm34bd39ac8e09284f639e363fb395f6d212cb509edc22,0.0.4891024,3691,2026-09-13 12:08:47 UTC,0x0f6869278fe11a7465519dfcaaa10a3badcbcab02118a7c0462be90fea1644c1,0.0001
CLM-00692,POL-HDFC-849292-716,HDFC ERGO Health Insurance,0x3C44CdDdB6a900fa2b585dd299e03d12FA4293BC,IRDAI-REG-146,Paramount TPA,Sanjay Banerjee,849292,0xb2879ed4e0c221cf9bea4b98ac8430d89469821a,Apex Diagnostic & Pathology Hub,0x04Fee3FD1B338d12FFD6dBD8d66dE1e8e0BB99cB,Dr. Rajesh Sharma,NMC-78491,S06.9X0A,Unspecified intracranial injury / Concussion,Trauma & Emergency,147666.23,113132.98,5000.0,20%,Approved & Settled,Ledger Verified & Payout Secured,Active - Full Disclosure,Discharge Summary; Surgical Notes; Lab Reports,Insurance Claim Adjudication & Pre-Auth Verification,24 Hours (Statutory Emergency Window),AES-256-GCM,vault-transit-key-0xb2879ed4,Qma0a6f7fc78eba86d209a15007cf95f271049255cc421,0.0.4891024,3692,2026-09-13 12:08:49 UTC,0xfcb7b120d23d06605e079b99fa055137001772b8fe361a32e7bef4db4af9bf89,0.0001
CLM-00693,POL-ICIC-849293-736,ICICI Lombard General Insurance,0x90F79bf6EB2c4f870365E785982E1f101E93b906,IRDAI-REG-115,Vidal Health TPA,Tanvi Ghosh,849293,0x13303353c3dc995a481288abce5d2c11f76cd17f,Care & Cure Pediatric & Maternity Hospital,0x937F51E09477BfD31E56c5e533038a8eEAc096b7,Dr. Sunita Narang,NMC-90812,E11.9,Type 2 diabetes mellitus without complications,Endocrinology,18375.01,0.0,918.75,0%,Pending Adjudication,Audit Logged - Under Verification,Active - Time-Bound Access,Diagnosis; Lab Reports; Itemized Pharmacy Bill,Insurance Claim Adjudication & Pre-Auth Verification,24 Hours (Statutory Emergency Window),AES-256-GCM,vault-transit-key-0x13303353,Qm714cfc9f34a95cee6e7691cbc4032732ced0fc6cde03,0.0.4891024,3693,2026-09-13 12:08:50 UTC,0x8b4266e015b92c08ac39a6e861ee0d4792ed504fa5c347835de5fbbbcb12997c,0.0001
CLM-00694,POL-NIVA-849294-605,Niva Bupa Health Insurance,0x9965507D1a55bcC2695C58ba16FB37d819B0A4dc,IRDAI-REG-145,MDIndia Health TPA,Nikhil Nair,849294,0xea1a1a52e9f59db33747818303c347da5e6b71eb,Care & Cure Pediatric & Maternity Hospital,0x937F51E09477BfD31E56c5e533038a8eEAc096b7,Dr. Sarah Jenkins,NMC-48192,K21.9,Gastro-esophageal reflux disease,Gastroenterology,12958.04,11014.34,647.9,10%,Approved & Settled,Ledger Verified & Payout Secured,Active - Full Disclosure,Lab Reports; Diagnosis; Treatment History; Discharge Summary,Insurance Claim Adjudication & Pre-Auth Verification,24 Hours (Statutory Emergency Window),AES-256-GCM,vault-transit-key-0xea1a1a52,Qm8eacf1dc00e2ea5e191ac3f7217fbcb001908234d417,0.0.4891024,3694,2026-09-13 12:08:52 UTC,0x7f22223b5d8091ef2ec377a296de5ec6fe009a4e3c16fa2cfc474f526a8cf15f,0.0001
CLM-00695,POL-HDFC-849295-926,HDFC ERGO Health Insurance,0x3C44CdDdB6a900fa2b585dd299e03d12FA4293BC,IRDAI-REG-146,Paramount TPA,Rahul Bhatia,849295,0xb4b4df14a42cba0ee68b5d6a38ac467dd347e822,Max Super Speciality Cancer Institute,0x28B7eA94B34C8F52D19E50Eb14769Da20F5D54b4,Dr. Sunita Narang,NMC-90812,I10,Essential (primary) hypertension,Cardiology,26466.51,19849.88,1323.33,20%,Approved & Settled,Ledger Verified & Payout Secured,Active - Full Disclosure,Diagnosis; Lab Reports; Itemized Pharmacy Bill,Insurance Claim Adjudication & Pre-Auth Verification,24 Hours (Statutory Emergency Window),AES-256-GCM,vault-transit-key-0xb4b4df14,Qm3f70a95672af22814000d54815912deb67d236e3b513,0.0.4891024,3695,2026-09-13 12:08:54 UTC,0x8da4842646d2eb50ad13ac2c2352040b7aa7725d26decb7fde7d640bdd4ebb2c,0.0001
CLM-00696,POL-CARE-849296-887,Care Health Insurance (Religare),0x15d34AAf54267DB7D7c367839AAf71A00a2C6A65,IRDAI-REG-148,Heritage Health TPA,Harish Rao,849296,0x61327cc2c59c949aa78d73f958857fb98051b0b4,Fortis Memorial Neuro & Trauma Center,0x84f93618C1D541bB1Dcf1373A8eE500A7D439634,Dr. Vikram Seth,NMC-99014,S06.9X0A,Unspecified intracranial injury / Concussion,Trauma & Emergency,105915.5,0.0,5000.0,15%,Awaiting Patient Consent Approval,Access Requested via Ledger,Pending Patient Authorization,Lab Reports; Diagnosis; Treatment History; Discharge Summary,Insurance Claim Adjudication & Pre-Auth Verification,24 Hours (Statutory Emergency Window),AES-256-GCM,vault-transit-key-0x61327cc2,Qm1a4e5685f98a48b0db32c8b0daa039c174bd12ae593b,0.0.4891024,3696,2026-09-13 12:08:56 UTC,0xe439a2fad9009a716d0e7fcb2ece547555e63e3faa5228dddc843a3d05fd1976,0.0001
CLM-00697,POL-CARE-849297-943,Care Health Insurance (Religare),0x15d34AAf54267DB7D7c367839AAf71A00a2C6A65,IRDAI-REG-148,Heritage Health TPA,Vikas Hegde,849297,0x13235779321a5a00624ede2ffb9954283917d15b,Apollo Multispecialty Hospital,0x155Af6ECaFb48861dA7d16Fb8Af2f6ce9d6DD779,Dr. Sarah Jenkins,NMC-48192,I21.9,"Acute myocardial infarction, unspecified",Cardiology,282512.63,277512.63,5000.0,0%,Approved & Settled,Ledger Verified & Payout Secured,Active - Full Disclosure,Lab Reports; Diagnosis; Treatment History; Discharge Summary,Insurance Claim Adjudication & Pre-Auth Verification,24 Hours (Statutory Emergency Window),AES-256-GCM,vault-transit-key-0x13235779,Qm682044a83fc5bd9250153afd29b4c308d1990d855b47,0.0.4891024,3697,2026-09-13 12:08:58 UTC,0x2f25e6c4536e5a8771f0bf2bfad7520c823db8c0c342d8182e1f019dc1e399e2,0.0001
CLM-00698,POL-ICIC-849298-850,ICICI Lombard General Insurance,0x90F79bf6EB2c4f870365E785982E1f101E93b906,IRDAI-REG-115,Vidal Health TPA,Shreya Nair,849298,0x8aac228c6dd2af32fb9530591486b0e4ef532225,Care & Cure Pediatric & Maternity Hospital,0x937F51E09477BfD31E56c5e533038a8eEAc096b7,Dr. Sunita Narang,NMC-90812,A90,Dengue fever [classical dengue],Infectious Disease,41335.1,0.0,2066.76,10%,Pending Adjudication,Audit Logged - Under Verification,Active - Time-Bound Access,Discharge Summary; Surgical Notes; Lab Reports,Insurance Claim Adjudication & Pre-Auth Verification,24 Hours (Statutory Emergency Window),AES-256-GCM,vault-transit-key-0x8aac228c,Qm7581f7ea2872bb0dd320b032211e5b8929db5b728068,0.0.4891024,3698,2026-09-13 12:09:00 UTC,0x5061ad26db1f8f3c6049ca692e18d51788296c0313800e127df0bb18629fc293,0.0001
CLM-00699,POL-HDFC-849299-351,HDFC ERGO Health Insurance,0x3C44CdDdB6a900fa2b585dd299e03d12FA4293BC,IRDAI-REG-146,Paramount TPA,Ishaan Mukherjee,849299,0x73182de13e1f840781902995371324128d8e83f7,Care & Cure Pediatric & Maternity Hospital,0x937F51E09477BfD31E56c5e533038a8eEAc096b7,Dr. Ananya Roy,NMC-51203,I10,Essential (primary) hypertension,Cardiology,36356.48,27267.36,1817.82,20%,Approved & Settled,Ledger Verified & Payout Secured,Active - Full Disclosure,Diagnosis; Lab Reports; Itemized Pharmacy Bill,Insurance Claim Adjudication & Pre-Auth Verification,24 Hours (Statutory Emergency Window),AES-256-GCM,vault-transit-key-0x73182de1,Qm25fe01fd1b5b144edd7d853d53288f6d527c77200eb6,0.0.4891024,3699,2026-09-13 12:09:02 UTC,0x59acda464bc51c30b275f7e0076558e2dc5751e189ff38a02ef6ae42aee706e1,0.0001
CLM-00700,POL-CARE-849300-255,Care Health Insurance (Religare),0x15d34AAf54267DB7D7c367839AAf71A00a2C6A65,IRDAI-REG-148,Heritage Health TPA,Rakesh Bhatia,849300,0xda7f88bdb3f2a3d96acc8e049b5db6b8d4511ff4,Fortis Memorial Neuro & Trauma Center,0x84f93618C1D541bB1Dcf1373A8eE500A7D439634,Dr. Preeti Deshmukh,NMC-82194,C50.919,Malignant neoplasm of female breast,Oncology,470798.27,0.0,5000.0,20%,Pending Adjudication,Audit Logged - Under Verification,Active - Time-Bound Access,Diagnosis; Lab Reports; Itemized Pharmacy Bill,Insurance Claim Adjudication & Pre-Auth Verification,24 Hours (Statutory Emergency Window),AES-256-GCM,vault-transit-key-0xda7f88bd,Qmbcf5a2d695787de3f82d6dde248446d821416a7577ff,0.0.4891024,3700,2026-09-13 12:09:04 UTC,0xdf8e1d7ad0bb820e817b820a4a8701f52c5984d78b9d01d8d992d1c78e26d7b6,0.0001
CLM-00701,POL-CARE-849301-130,Care Health Insurance (Religare),0x15d34AAf54267DB7D7c367839AAf71A00a2C6A65,IRDAI-REG-148,Heritage Health TPA,Tanvi Malhotra,849301,0x9c871ce47cb2b886ca39150c1802d40a6b11d907,Care & Cure Pediatric & Maternity Hospital,0x937F51E09477BfD31E56c5e533038a8eEAc096b7,Dr. Sunita Narang,NMC-90812,S06.9X0A,Unspecified intracranial injury / Concussion,Trauma & Emergency,126403.45,0.0,5000.0,0%,Pending Adjudication,Audit Logged - Under Verification,Active - Time-Bound Access,Lab Reports; Diagnosis; Treatment History; Discharge Summary,Insurance Claim Adjudication & Pre-Auth Verification,24 Hours (Statutory Emergency Window),AES-256-GCM,vault-transit-key-0x9c871ce4,Qm06a401291fa105e2c4f4331e95257d6d95c49e4e1c87,0.0.4891024,3701,2026-09-13 12:09:06 UTC,0x2a0ec27844ac8fbddafd6b345195808949fc38e81c3ed1ec827c585e3893b47a,0.0001
CLM-00702,POL-CARE-849302-502,Care Health Insurance (Religare),0x15d34AAf54267DB7D7c367839AAf71A00a2C6A65,IRDAI-REG-148,Heritage Health TPA,Sameer Mehta,849302,0xa2e05a1bd773075eae3a77c794899667b4ab70b3,Max Super Speciality Cancer Institute,0x28B7eA94B34C8F52D19E50Eb14769Da20F5D54b4,Dr. Ananya Roy,NMC-51203,I10,Essential (primary) hypertension,Cardiology,35386.64,0.0,1769.33,10%,Awaiting Patient Consent Approval,Access Requested via Ledger,Pending Patient Authorization,Lab Reports; Diagnosis; Treatment History; Discharge Summary,Insurance Claim Adjudication & Pre-Auth Verification,24 Hours (Statutory Emergency Window),AES-256-GCM,vault-transit-key-0xa2e05a1b,Qmdc758783b4926c3bd23e972a1c4e449e5745cba4ed50,0.0.4891024,3702,2026-09-13 12:09:08 UTC,0x868b10bcaeaed9c1ec82d6d0eb5c84ba557f7a7a2b8c210ad1ea7d8f53542e0e,0.0001
CLM-00703,POL-CARE-849303-838,Care Health Insurance (Religare),0x15d34AAf54267DB7D7c367839AAf71A00a2C6A65,IRDAI-REG-148,Heritage Health TPA,Chetan Choudhury,849303,0x66da8e19e8e9fb7a34a01241ac96056d9cd0cd7b,Care & Cure Pediatric & Maternity Hospital,0x937F51E09477BfD31E56c5e533038a8eEAc096b7,Dr. Preeti Deshmukh,NMC-82194,G40.909,"Epilepsy, unspecified, without status epilepticus",Neurology,51836.98,41469.58,2591.85,15%,Approved & Settled,Ledger Verified & Payout Secured,Active - Full Disclosure,Discharge Summary; Surgical Notes; Lab Reports,Insurance Claim Adjudication & Pre-Auth Verification,24 Hours (Statutory Emergency Window),AES-256-GCM,vault-transit-key-0x66da8e19,Qm751909c3938c08a99c36023ec46c0943a1fc031c2258,0.0.4891024,3703,2026-09-13 12:09:10 UTC,0xe9489a1148c398aa4f5ddfeced43efb455a7eb08ab03eae41ecc86cef5677797,0.0001
CLM-00704,POL-HDFC-849304-657,HDFC ERGO Health Insurance,0x3C44CdDdB6a900fa2b585dd299e03d12FA4293BC,IRDAI-REG-146,Paramount TPA,Nandini Malhotra,849304,0x51bc2ebc123c1cccc9b1ebd9e248e20cb3c88b67,Care & Cure Pediatric & Maternity Hospital,0x937F51E09477BfD31E56c5e533038a8eEAc096b7,Dr. Ananya Roy,NMC-51203,C50.919,Malignant neoplasm of female breast,Oncology,448765.51,0.0,5000.0,20%,Pending Adjudication,Audit Logged - Under Verification,Active - Time-Bound Access,Emergency Admission Record; Diagnostic Imaging CT/MRI,Insurance Claim Adjudication & Pre-Auth Verification,24 Hours (Statutory Emergency Window),AES-256-GCM,vault-transit-key-0x51bc2ebc,Qmd5d40d932769f20542378529271820033142c07798ae,0.0.4891024,3704,2026-09-13 12:09:11 UTC,0xa52642a36812e8506edd6e0bcad5b8c51cb51f7203ae25f93a0005de2a9a5b96,0.0001
CLM-00705,POL-STAR-849305-842,Star Health & Allied Insurance,0x70997970C51812dc3A010C7d01b50e0d17dc79C8,IRDAI-REG-129,MediAssist TPA,Rohan Patel,849305,0x58ef7a78a490028fdafdd55cfa1556f0de448469,Apex Diagnostic & Pathology Hub,0x04Fee3FD1B338d12FFD6dBD8d66dE1e8e0BB99cB,Dr. Vikram Seth,NMC-99014,K21.9,Gastro-esophageal reflux disease,Gastroenterology,15293.7,12999.64,764.69,10%,Approved & Settled,Ledger Verified & Payout Secured,Active - Full Disclosure,Discharge Summary; Surgical Notes; Lab Reports,Insurance Claim Adjudication & Pre-Auth Verification,24 Hours (Statutory Emergency Window),AES-256-GCM,vault-transit-key-0x58ef7a78,Qm2862de7c53edac84f4c37a0b929a3f510d9ea1dec20f,0.0.4891024,3705,2026-09-13 12:09:13 UTC,0xb44d8098417f6893465957fec1b1f46b3ace8ead93ab382d6a5c283a31003f2e,0.0001
CLM-00706,POL-NIVA-849306-875,Niva Bupa Health Insurance,0x9965507D1a55bcC2695C58ba16FB37d819B0A4dc,IRDAI-REG-145,MDIndia Health TPA,Divya Mishra,849306,0x97d0498d993ac58c81a42b07ca52f8b3f168076b,Fortis Memorial Neuro & Trauma Center,0x84f93618C1D541bB1Dcf1373A8eE500A7D439634,Dr. Rohan Patel,NMC-11029,S06.9X0A,Unspecified intracranial injury / Concussion,Trauma & Emergency,136396.72,131396.72,5000.0,0%,Approved & Settled,Ledger Verified & Payout Secured,Active - Full Disclosure,Discharge Summary; Surgical Notes; Lab Reports,Insurance Claim Adjudication & Pre-Auth Verification,24 Hours (Statutory Emergency Window),AES-256-GCM,vault-transit-key-0x97d0498d,Qm5d0b791a59e2d0c7158e880e12da88380731b1fd8cb9,0.0.4891024,3706,2026-09-13 12:09:15 UTC,0x1df6b41b53b5cb3de47acdc6b6decd788427251b32d6c0ee6d5da3958fa27eea,0.0001
CLM-00707,POL-CARE-849307-961,Care Health Insurance (Religare),0x15d34AAf54267DB7D7c367839AAf71A00a2C6A65,IRDAI-REG-148,Heritage Health TPA,Rohan Menon,849307,0x7e84d927627bfe4171cfb5237ec25cc39fb6c391,Apex Diagnostic & Pathology Hub,0x04Fee3FD1B338d12FFD6dBD8d66dE1e8e0BB99cB,Dr. Sarah Jenkins,NMC-48192,I10,Essential (primary) hypertension,Cardiology,30433.45,24346.76,1521.67,15%,Approved & Settled,Ledger Verified & Payout Secured,Active - Full Disclosure,Lab Reports; Diagnosis; Treatment History; Discharge Summary,Insurance Claim Adjudication & Pre-Auth Verification,24 Hours (Statutory Emergency Window),AES-256-GCM,vault-transit-key-0x7e84d927,Qm9575283086bf923ff25f9731996bdecd7d2611a1c1ea,0.0.4891024,3707,2026-09-13 12:09:17 UTC,0xc2b02f0f6916e5707954323a456e821ed2a8bdf559510fb9cf0404fd8c5dd400,0.0001
CLM-00708,POL-STAR-849308-924,Star Health & Allied Insurance,0x70997970C51812dc3A010C7d01b50e0d17dc79C8,IRDAI-REG-129,MediAssist TPA,Rohan Saxena,849308,0xb95c692ec7d083a91c7173a89f8acfbc249a8e79,Care & Cure Pediatric & Maternity Hospital,0x937F51E09477BfD31E56c5e533038a8eEAc096b7,Dr. Vikram Seth,NMC-99014,C50.919,Malignant neoplasm of female breast,Oncology,469524.63,417572.17,5000.0,10%,Approved & Settled,Ledger Verified & Payout Secured,Active - Full Disclosure,Discharge Summary; Surgical Notes; Lab Reports,Insurance Claim Adjudication & Pre-Auth Verification,24 Hours (Statutory Emergency Window),AES-256-GCM,vault-transit-key-0xb95c692e,Qmfb0fe6fa71b938c27fc304c9ff50f48f15d8dbaa8758,0.0.4891024,3708,2026-09-13 12:09:20 UTC,0x0846804e510462c04c1ea15194b002966946c5533526fcfcac3555f386408cfd,0.0001
CLM-00709,POL-HDFC-849309-207,HDFC ERGO Health Insurance,0x3C44CdDdB6a900fa2b585dd299e03d12FA4293BC,IRDAI-REG-146,Paramount TPA,Kiran Shetty,849309,0x1de01a9a06aa8773bdf75edd348db893c35ec99c,Care & Cure Pediatric & Maternity Hospital,0x937F51E09477BfD31E56c5e533038a8eEAc096b7,Dr. Rohan Patel,NMC-11029,C50.919,Malignant neoplasm of female breast,Oncology,398061.83,0.0,5000.0,10%,Awaiting Patient Consent Approval,Access Requested via Ledger,Pending Patient Authorization,Discharge Summary; Surgical Notes; Lab Reports,Insurance Claim Adjudication & Pre-Auth Verification,24 Hours (Statutory Emergency Window),AES-256-GCM,vault-transit-key-0x1de01a9a,Qm17be40141e2a13af442f8ead6e974da602b1b28a3646,0.0.4891024,3709,2026-09-13 12:09:21 UTC,0xd708c20001346094db1f6c0124142a721332c0b3a9a100b3d5f5b45914ab85af,0.0001
CLM-00710,POL-CARE-849310-163,Care Health Insurance (Religare),0x15d34AAf54267DB7D7c367839AAf71A00a2C6A65,IRDAI-REG-148,Heritage Health TPA,Gautam Gupta,849310,0xce712ab3234cd575429ebf26d351ef8a0b5d8b81,Care & Cure Pediatric & Maternity Hospital,0x937F51E09477BfD31E56c5e533038a8eEAc096b7,Dr. Sarah Jenkins,NMC-48192,I21.9,"Acute myocardial infarction, unspecified",Cardiology,267343.76,235609.38,5000.0,10%,Approved & Settled,Ledger Verified & Payout Secured,Active - Full Disclosure,Emergency Admission Record; Diagnostic Imaging CT/MRI,Insurance Claim Adjudication & Pre-Auth Verification,24 Hours (Statutory Emergency Window),AES-256-GCM,vault-transit-key-0xce712ab3,Qm07496312f307898c9f7785af14ff65b90a8be7b40855,0.0.4891024,3710,2026-09-13 12:09:23 UTC,0x8d907b17c38e349f8b22c9d988e2e572c0694cc750eb534061cc67ddf13cf8be,0.0001
CLM-00711,POL-NIVA-849311-992,Niva Bupa Health Insurance,0x9965507D1a55bcC2695C58ba16FB37d819B0A4dc,IRDAI-REG-145,MDIndia Health TPA,Shreya Shetty,849311,0x77e24567bb56e195efbdcc547edf3a87dfe3b62a,Care & Cure Pediatric & Maternity Hospital,0x937F51E09477BfD31E56c5e533038a8eEAc096b7,Dr. Rohan Patel,NMC-11029,K21.9,Gastro-esophageal reflux disease,Gastroenterology,12733.28,0.0,636.66,20%,Pending Adjudication,Audit Logged - Under Verification,Active - Time-Bound Access,Emergency Admission Record; Diagnostic Imaging CT/MRI,Insurance Claim Adjudication & Pre-Auth Verification,24 Hours (Statutory Emergency Window),AES-256-GCM,vault-transit-key-0x77e24567,Qma27a6b0a2a61073c7031227680910e9dd551855ee6e5,0.0.4891024,3711,2026-09-13 12:09:25 UTC,0x077662e43bc4484e1211a6e36e621d9cfcfbc731b1fa3b9b5bb42ed204213dc8,0.0001
CLM-00712,POL-HDFC-849312-596,HDFC ERGO Health Insurance,0x3C44CdDdB6a900fa2b585dd299e03d12FA4293BC,IRDAI-REG-146,Paramount TPA,Tanvi Ghosh,849312,0xd45dd4b63d7c745aa507922a5f564c93043595cf,Max Super Speciality Cancer Institute,0x28B7eA94B34C8F52D19E50Eb14769Da20F5D54b4,Dr. Rohan Patel,NMC-11029,E11.9,Type 2 diabetes mellitus without complications,Endocrinology,22570.33,0.0,1128.52,10%,Rejected - Policy Exclusion,Rejected with Ledger Audit Reason,Expired / Revoked,Lab Reports; Diagnosis; Treatment History; Discharge Summary,Insurance Claim Adjudication & Pre-Auth Verification,24 Hours (Statutory Emergency Window),AES-256-GCM,vault-transit-key-0xd45dd4b6,Qm952b7e468b6c0fc9ead5e04590d47318c03d147c360a,0.0.4891024,3712,2026-09-13 12:09:27 UTC,0x42eaa113238b3b201b238e6cfaa02341e910ad711438d44d4c1e626f5f129400,0.0001
CLM-00713,POL-STAR-849313-221,Star Health & Allied Insurance,0x70997970C51812dc3A010C7d01b50e0d17dc79C8,IRDAI-REG-129,MediAssist TPA,Yashwanth Chatterjee,849313,0x8d9bb5c87de4337895244917f8a9d475e309d407,Max Super Speciality Cancer Institute,0x28B7eA94B34C8F52D19E50Eb14769Da20F5D54b4,Dr. Rohan Patel,NMC-11029,S06.9X0A,Unspecified intracranial injury / Concussion,Trauma & Emergency,134632.81,102706.25,5000.0,20%,Approved & Settled,Ledger Verified & Payout Secured,Active - Full Disclosure,Discharge Summary; Surgical Notes; Lab Reports,Insurance Claim Adjudication & Pre-Auth Verification,24 Hours (Statutory Emergency Window),AES-256-GCM,vault-transit-key-0x8d9bb5c8,Qm1ac6ea9cecacb48b61a570a76aa51caf078cb423d00b,0.0.4891024,3713,2026-09-13 12:09:29 UTC,0x4fbcf6cea54365b48d182be8cf0c433b409a8fbf17dbb100839c90a97c42723d,0.0001
CLM-00714,POL-NIVA-849314-412,Niva Bupa Health Insurance,0x9965507D1a55bcC2695C58ba16FB37d819B0A4dc,IRDAI-REG-145,MDIndia Health TPA,Riya Verma,849314,0x6a50356d4dfd28c3a02d2943559ed58610455c6a,Max Super Speciality Cancer Institute,0x28B7eA94B34C8F52D19E50Eb14769Da20F5D54b4,Dr. Sarah Jenkins,NMC-48192,S06.9X0A,Unspecified intracranial injury / Concussion,Trauma & Emergency,154785.29,126567.5,5000.0,15%,Approved & Settled,Ledger Verified & Payout Secured,Active - Full Disclosure,Lab Reports; Diagnosis; Treatment History; Discharge Summary,Insurance Claim Adjudication & Pre-Auth Verification,24 Hours (Statutory Emergency Window),AES-256-GCM,vault-transit-key-0x6a50356d,Qm9b4a95a84339302b1fbcb6ffe7658f8618748b073dbd,0.0.4891024,3714,2026-09-13 12:09:31 UTC,0x349657f4c31c6d95919aebd00d268f26bb5aa682e7cd710227614b6696ac52e4,0.0001
CLM-00715,POL-NIVA-849315-390,Niva Bupa Health Insurance,0x9965507D1a55bcC2695C58ba16FB37d819B0A4dc,IRDAI-REG-145,MDIndia Health TPA,Manish Hegde,849315,0xfba438f2341d3858cd015d9999bfc3c8a5ec885c,Care & Cure Pediatric & Maternity Hospital,0x937F51E09477BfD31E56c5e533038a8eEAc096b7,Dr. Sarah Jenkins,NMC-48192,G40.909,"Epilepsy, unspecified, without status epilepticus",Neurology,41874.49,31405.87,2093.72,20%,Approved & Settled,Ledger Verified & Payout Secured,Active - Full Disclosure,Discharge Summary; Surgical Notes; Lab Reports,Insurance Claim Adjudication & Pre-Auth Verification,24 Hours (Statutory Emergency Window),AES-256-GCM,vault-transit-key-0xfba438f2,Qmd7b277628fb9ab17fdccf547b2154eb2248b666076ec,0.0.4891024,3715,2026-09-13 12:09:32 UTC,0x12cade9103d9d36fb1abbd5dfa5d08ae87666e5ae67ac5303103e115cb362bef,0.0001
CLM-00716,POL-CARE-849316-445,Care Health Insurance (Religare),0x15d34AAf54267DB7D7c367839AAf71A00a2C6A65,IRDAI-REG-148,Heritage Health TPA,Ananya Kapoor,849316,0x5241135c9d7f690ff42f07ed36b2f421cd39922f,Apex Diagnostic & Pathology Hub,0x04Fee3FD1B338d12FFD6dBD8d66dE1e8e0BB99cB,Dr. Vikram Seth,NMC-99014,A90,Dengue fever [classical dengue],Infectious Disease,40051.43,0.0,2002.57,20%,Awaiting Patient Consent Approval,Access Requested via Ledger,Pending Patient Authorization,Diagnosis; Lab Reports; Itemized Pharmacy Bill,Insurance Claim Adjudication & Pre-Auth Verification,24 Hours (Statutory Emergency Window),AES-256-GCM,vault-transit-key-0x5241135c,Qm6a949d76bb2bb7822d9cce0f0cda0c925c9f6e18e5c1,0.0.4891024,3716,2026-09-13 12:09:34 UTC,0xecc9d3a38bddbf6a71d0f766e5d4b22508be51725d58cb481825058398458dfe,0.0001
CLM-00717,POL-CARE-849317-252,Care Health Insurance (Religare),0x15d34AAf54267DB7D7c367839AAf71A00a2C6A65,IRDAI-REG-148,Heritage Health TPA,Bhavna Kulkarni,849317,0xeb88a827c0e2867cdc41f119697937af4d954345,Care & Cure Pediatric & Maternity Hospital,0x937F51E09477BfD31E56c5e533038a8eEAc096b7,Dr. Preeti Deshmukh,NMC-82194,A90,Dengue fever [classical dengue],Infectious Disease,41275.38,33020.3,2063.77,15%,Approved & Settled,Ledger Verified & Payout Secured,Active - Full Disclosure,Emergency Admission Record; Diagnostic Imaging CT/MRI,Insurance Claim Adjudication & Pre-Auth Verification,24 Hours (Statutory Emergency Window),AES-256-GCM,vault-transit-key-0xeb88a827,Qm6f6fa9f893113e029b6ce99f451277692fb3e2691196,0.0.4891024,3717,2026-09-13 12:09:37 UTC,0xb56f845a0a0932446abe2e982f1ed5d764c72964934ec1a624918feda85a584c,0.0001
CLM-00718,POL-CARE-849318-786,Care Health Insurance (Religare),0x15d34AAf54267DB7D7c367839AAf71A00a2C6A65,IRDAI-REG-148,Heritage Health TPA,Pranav Swaminathan,849318,0x0b930b00a514d348b84c16af9619c623e5729d40,Fortis Memorial Neuro & Trauma Center,0x84f93618C1D541bB1Dcf1373A8eE500A7D439634,Dr. Rohan Patel,NMC-11029,I10,Essential (primary) hypertension,Cardiology,37064.8,0.0,1853.24,15%,Pending Adjudication,Audit Logged - Under Verification,Active - Time-Bound Access,Diagnosis; Lab Reports; Itemized Pharmacy Bill,Insurance Claim Adjudication & Pre-Auth Verification,24 Hours (Statutory Emergency Window),AES-256-GCM,vault-transit-key-0x0b930b00,Qm2570bee75601231efb5822944c0af8b960e5eb223e80,0.0.4891024,3718,2026-09-13 12:09:38 UTC,0x03bf5c4bc586946bef12c3c96aa5211bbce2f4834862200dd34f13fa0a209c93,0.0001
CLM-00719,POL-ICIC-849319-759,ICICI Lombard General Insurance,0x90F79bf6EB2c4f870365E785982E1f101E93b906,IRDAI-REG-115,Vidal Health TPA,Kiran Kulkarni,849319,0x2772317123e3c6ba0caa3cede221c6c9573190b1,Apex Diagnostic & Pathology Hub,0x04Fee3FD1B338d12FFD6dBD8d66dE1e8e0BB99cB,Dr. Preeti Deshmukh,NMC-82194,I21.9,"Acute myocardial infarction, unspecified",Cardiology,282168.65,0.0,5000.0,10%,Rejected - Policy Exclusion,Rejected with Ledger Audit Reason,Expired / Revoked,Lab Reports; Diagnosis; Treatment History; Discharge Summary,Insurance Claim Adjudication & Pre-Auth Verification,24 Hours (Statutory Emergency Window),AES-256-GCM,vault-transit-key-0x27723171,Qm25f9b9107219b95f3e8ee8e9c8b9ca64bd233ee01120,0.0.4891024,3719,2026-09-13 12:09:41 UTC,0xe49abfd89270855ad07ef01c755395d1a829b489f38c555129ffb4a262a315ef,0.0001
CLM-00720,POL-CARE-849320-774,Care Health Insurance (Religare),0x15d34AAf54267DB7D7c367839AAf71A00a2C6A65,IRDAI-REG-148,Heritage Health TPA,Chetan Iyer,849320,0x0b7fc3e2439a6c3f3a81ccf9b849e61e15b2133a,Apex Diagnostic & Pathology Hub,0x04Fee3FD1B338d12FFD6dBD8d66dE1e8e0BB99cB,Dr. Sarah Jenkins,NMC-48192,I21.9,"Acute myocardial infarction, unspecified",Cardiology,323714.04,0.0,5000.0,10%,Rejected - Policy Exclusion,Rejected with Ledger Audit Reason,Expired / Revoked,Discharge Summary; Surgical Notes; Lab Reports,Insurance Claim Adjudication & Pre-Auth Verification,24 Hours (Statutory Emergency Window),AES-256-GCM,vault-transit-key-0x0b7fc3e2,Qm48be703d016cb948f310a17b6bca83f6e6bf965f9961,0.0.4891024,3720,2026-09-13 12:09:42 UTC,0x84d725647b003e7be804a8ef73fd265c7110cebe52e000d074a3ad1bd4aeb691,0.0001
CLM-00721,POL-NIVA-849321-511,Niva Bupa Health Insurance,0x9965507D1a55bcC2695C58ba16FB37d819B0A4dc,IRDAI-REG-145,MDIndia Health TPA,Priyanka Ghosh,849321,0xb1b11947c2c44b27d535c5a4832f75a290ca69bf,Care & Cure Pediatric & Maternity Hospital,0x937F51E09477BfD31E56c5e533038a8eEAc096b7,Dr. Sarah Jenkins,NMC-48192,S06.9X0A,Unspecified intracranial injury / Concussion,Trauma & Emergency,133975.21,0.0,5000.0,20%,Awaiting Patient Consent Approval,Access Requested via Ledger,Pending Patient Authorization,Lab Reports; Diagnosis; Treatment History; Discharge Summary,Insurance Claim Adjudication & Pre-Auth Verification,24 Hours (Statutory Emergency Window),AES-256-GCM,vault-transit-key-0xb1b11947,Qm1d8995ca449767ac386bf0c03b829bfda650a832a33f,0.0.4891024,3721,2026-09-13 12:09:44 UTC,0xb3c97283cede26b0f45498ba51eca9b03c8d2edb91875890f2de47579ffc5475,0.0001
CLM-00722,POL-CARE-849322-491,Care Health Insurance (Religare),0x15d34AAf54267DB7D7c367839AAf71A00a2C6A65,IRDAI-REG-148,Heritage Health TPA,Varun Nair,849322,0x661931d151b964f692387df95009e40c2c4f2f73,Apollo Multispecialty Hospital,0x155Af6ECaFb48861dA7d16Fb8Af2f6ce9d6DD779,Dr. Sunita Narang,NMC-90812,S06.9X0A,Unspecified intracranial injury / Concussion,Trauma & Emergency,116808.95,0.0,5000.0,0%,Rejected - Policy Exclusion,Rejected with Ledger Audit Reason,Expired / Revoked,Diagnosis; Lab Reports; Itemized Pharmacy Bill,Insurance Claim Adjudication & Pre-Auth Verification,24 Hours (Statutory Emergency Window),AES-256-GCM,vault-transit-key-0x661931d1,Qm9b619a41a008289bf04a002670469e512133b0036a96,0.0.4891024,3722,2026-09-13 12:09:46 UTC,0xa072f0e62c12cd25b0ba624b04db9fbfbc7846a7814d5e986c431019df576145,0.0001
CLM-00723,POL-ICIC-849323-517,ICICI Lombard General Insurance,0x90F79bf6EB2c4f870365E785982E1f101E93b906,IRDAI-REG-115,Vidal Health TPA,Manish Nair,849323,0xd3b1b393ac00fcec46a0b6b092829d385ac6ce3f,Apollo Multispecialty Hospital,0x155Af6ECaFb48861dA7d16Fb8Af2f6ce9d6DD779,Dr. Rajesh Sharma,NMC-78491,G40.909,"Epilepsy, unspecified, without status epilepticus",Neurology,50625.7,0.0,2531.28,0%,Pending Adjudication,Audit Logged - Under Verification,Active - Time-Bound Access,Discharge Summary; Surgical Notes; Lab Reports,Insurance Claim Adjudication & Pre-Auth Verification,24 Hours (Statutory Emergency Window),AES-256-GCM,vault-transit-key-0xd3b1b393,Qm975b98d8e8e8e11107111b5ff0f95e5b9c8f2f335310,0.0.4891024,3723,2026-09-13 12:09:48 UTC,0xc0ed0094dbad720feff7defe60d5bee09d339544e718453d6cfca0e5a53d51e3,0.0001
CLM-00724,POL-STAR-849324-427,Star Health & Allied Insurance,0x70997970C51812dc3A010C7d01b50e0d17dc79C8,IRDAI-REG-129,MediAssist TPA,Aditi Pillai,849324,0xe6a39113c07f6efcaa09fc71dcbe9a850fcc38a4,Fortis Memorial Neuro & Trauma Center,0x84f93618C1D541bB1Dcf1373A8eE500A7D439634,Dr. Ananya Roy,NMC-51203,I21.9,"Acute myocardial infarction, unspecified",Cardiology,236206.28,195775.34,5000.0,15%,Approved & Settled,Ledger Verified & Payout Secured,Active - Full Disclosure,Lab Reports; Diagnosis; Treatment History; Discharge Summary,Insurance Claim Adjudication & Pre-Auth Verification,24 Hours (Statutory Emergency Window),AES-256-GCM,vault-transit-key-0xe6a39113,Qmfef3127eded2eee60fdeceb6d715b4232e41b987d37a,0.0.4891024,3724,2026-09-13 12:09:50 UTC,0x11e71ae1bf66b08cfecb00614b142c0eb9e8cb7790ccf2bf38fab8c6461000a5,0.0001
CLM-00725,POL-NIVA-849325-620,Niva Bupa Health Insurance,0x9965507D1a55bcC2695C58ba16FB37d819B0A4dc,IRDAI-REG-145,MDIndia Health TPA,Nikhil Rao,849325,0xeb8ddcf006cbd525fd8dad4c8bb3fae7d00e2371,Apex Diagnostic & Pathology Hub,0x04Fee3FD1B338d12FFD6dBD8d66dE1e8e0BB99cB,Dr. Rajesh Sharma,NMC-78491,A90,Dengue fever [classical dengue],Infectious Disease,39634.42,0.0,1981.72,20%,Rejected - Policy Exclusion,Rejected with Ledger Audit Reason,Expired / Revoked,Discharge Summary; Surgical Notes; Lab Reports,Insurance Claim Adjudication & Pre-Auth Verification,24 Hours (Statutory Emergency Window),AES-256-GCM,vault-transit-key-0xeb8ddcf0,Qm30cdc7036245668702406ac717615b61b1fe71690a34,0.0.4891024,3725,2026-09-13 12:09:52 UTC,0xfec35d1fb5d2d66337c9aa3ca4a354cbd41f053c5a55fab19067798b2b266f79,0.0001
CLM-00726,POL-NIVA-849326-129,Niva Bupa Health Insurance,0x9965507D1a55bcC2695C58ba16FB37d819B0A4dc,IRDAI-REG-145,MDIndia Health TPA,Sakshi Banerjee,849326,0xcf8116d8683788df24b1ae09e9ddf10f73ede160,Care & Cure Pediatric & Maternity Hospital,0x937F51E09477BfD31E56c5e533038a8eEAc096b7,Dr. Sarah Jenkins,NMC-48192,A90,Dengue fever [classical dengue],Infectious Disease,34667.91,0.0,1733.4,10%,Awaiting Patient Consent Approval,Access Requested via Ledger,Pending Patient Authorization,Lab Reports; Diagnosis; Treatment History; Discharge Summary,Insurance Claim Adjudication & Pre-Auth Verification,24 Hours (Statutory Emergency Window),AES-256-GCM,vault-transit-key-0xcf8116d8,Qmc216c839d0af530e9ea12f1bd0e6fcab83087822d4dd,0.0.4891024,3726,2026-09-13 12:09:54 UTC,0xd9a2b6d522f44e4a9c3f9c8d3eae95a2e073c202d3f868f5ef0a67c17c19142a,0.0001
CLM-00727,POL-STAR-849327-411,Star Health & Allied Insurance,0x70997970C51812dc3A010C7d01b50e0d17dc79C8,IRDAI-REG-129,MediAssist TPA,Harish Saxena,849327,0xdfa93fc3582089f71258e6657155444995367dca,Max Super Speciality Cancer Institute,0x28B7eA94B34C8F52D19E50Eb14769Da20F5D54b4,Dr. Sunita Narang,NMC-90812,E11.9,Type 2 diabetes mellitus without complications,Endocrinology,21380.64,16035.48,1069.03,20%,Approved & Settled,Ledger Verified & Payout Secured,Active - Full Disclosure,Diagnosis; Lab Reports; Itemized Pharmacy Bill,Insurance Claim Adjudication & Pre-Auth Verification,24 Hours (Statutory Emergency Window),AES-256-GCM,vault-transit-key-0xdfa93fc3,Qm82099e22befe030b0d7a0bac3804190d46b03c3e13a6,0.0.4891024,3727,2026-09-13 12:09:56 UTC,0xb1111f5148cb984597d8212e1947a4d5780052f0a445a0c3a1029725f0f0227b,0.0001
CLM-00728,POL-HDFC-849328-668,HDFC ERGO Health Insurance,0x3C44CdDdB6a900fa2b585dd299e03d12FA4293BC,IRDAI-REG-146,Paramount TPA,Shreya Pandey,849328,0x3d35945bf47874994d5fd982869f22b050378de6,Max Super Speciality Cancer Institute,0x28B7eA94B34C8F52D19E50Eb14769Da20F5D54b4,Dr. Rohan Patel,NMC-11029,K21.9,Gastro-esophageal reflux disease,Gastroenterology,13791.05,0.0,689.55,0%,Pending Adjudication,Audit Logged - Under Verification,Active - Time-Bound Access,Discharge Summary; Surgical Notes; Lab Reports,Insurance Claim Adjudication & Pre-Auth Verification,24 Hours (Statutory Emergency Window),AES-256-GCM,vault-transit-key-0x3d35945b,Qmafa2e12d537260905ac2ded315db5f0584ff82fa7424,0.0.4891024,3728,2026-09-13 12:09:58 UTC,0x9dea52960d1d74b23847200dfd0e5c99369ffb853a16d9504eb49754cd0917c5,0.0001
CLM-00729,POL-STAR-849329-959,Star Health & Allied Insurance,0x70997970C51812dc3A010C7d01b50e0d17dc79C8,IRDAI-REG-129,MediAssist TPA,Meera Sharma,849329,0x8b481d18581582b6be67e1416e4a976bdcf38159,Care & Cure Pediatric & Maternity Hospital,0x937F51E09477BfD31E56c5e533038a8eEAc096b7,Dr. Vikram Seth,NMC-99014,G40.909,"Epilepsy, unspecified, without status epilepticus",Neurology,50651.96,0.0,2532.6,15%,Awaiting Patient Consent Approval,Access Requested via Ledger,Pending Patient Authorization,Diagnosis; Lab Reports; Itemized Pharmacy Bill,Insurance Claim Adjudication & Pre-Auth Verification,24 Hours (Statutory Emergency Window),AES-256-GCM,vault-transit-key-0x8b481d18,Qm4b691a62e91abaaaea552c791e4f53d241785e2e947a,0.0.4891024,3729,2026-09-13 12:10:00 UTC,0x15f1bcdd44d957e825d7d2486f0184ad0665ac5d18dd06c672eaa63a099a0728,0.0001
CLM-00730,POL-STAR-849330-407,Star Health & Allied Insurance,0x70997970C51812dc3A010C7d01b50e0d17dc79C8,IRDAI-REG-129,MediAssist TPA,Bhavna Choudhury,849330,0x6851a3a01912a5936d1f3151293935e077c6cadc,Max Super Speciality Cancer Institute,0x28B7eA94B34C8F52D19E50Eb14769Da20F5D54b4,Dr. Preeti Deshmukh,NMC-82194,I21.9,"Acute myocardial infarction, unspecified",Cardiology,230391.09,0.0,5000.0,0%,Awaiting Patient Consent Approval,Access Requested via Ledger,Pending Patient Authorization,Discharge Summary; Surgical Notes; Lab Reports,Insurance Claim Adjudication & Pre-Auth Verification,24 Hours (Statutory Emergency Window),AES-256-GCM,vault-transit-key-0x6851a3a0,Qmc34b11a242b4e00155be8872a42280dbfc781d6e7929,0.0.4891024,3730,2026-09-13 12:10:02 UTC,0x92f8e09402c0f678a7f0a75886d8f15f0e5aecf1e557f5cbf11b51088c80d955,0.0001
CLM-00731,POL-NIVA-849331-750,Niva Bupa Health Insurance,0x9965507D1a55bcC2695C58ba16FB37d819B0A4dc,IRDAI-REG-145,MDIndia Health TPA,Pooja Agarwal,849331,0x1858b34083ef4127e35e6a82b3b53e8e1e768275,Fortis Memorial Neuro & Trauma Center,0x84f93618C1D541bB1Dcf1373A8eE500A7D439634,Dr. Preeti Deshmukh,NMC-82194,S06.9X0A,Unspecified intracranial injury / Concussion,Trauma & Emergency,117025.41,88620.33,5000.0,20%,Approved & Settled,Ledger Verified & Payout Secured,Active - Full Disclosure,Discharge Summary; Surgical Notes; Lab Reports,Insurance Claim Adjudication & Pre-Auth Verification,24 Hours (Statutory Emergency Window),AES-256-GCM,vault-transit-key-0x1858b340,Qm66e2fb92979a32246998b5c2dfdede8a5fbb2144d01c,0.0.4891024,3731,2026-09-13 12:10:03 UTC,0xeebbfeae6cdf3e3a0f57f3c16df13f4cb986ba5cfc7d185a906169917429ba28,0.0001
CLM-00732,POL-NIVA-849332-761,Niva Bupa Health Insurance,0x9965507D1a55bcC2695C58ba16FB37d819B0A4dc,IRDAI-REG-145,MDIndia Health TPA,Pooja Banerjee,849332,0x70747972cdc54f7da90f3644a5759ff9f7a97c4c,Fortis Memorial Neuro & Trauma Center,0x84f93618C1D541bB1Dcf1373A8eE500A7D439634,Dr. Sarah Jenkins,NMC-48192,E11.9,Type 2 diabetes mellitus without complications,Endocrinology,24327.8,18245.85,1216.39,20%,Approved & Settled,Ledger Verified & Payout Secured,Active - Full Disclosure,Lab Reports; Diagnosis; Treatment History; Discharge Summary,Insurance Claim Adjudication & Pre-Auth Verification,24 Hours (Statutory Emergency Window),AES-256-GCM,vault-transit-key-0x70747972,Qm528cd2204070fad5f4fc6fe3994a91c910491617d606,0.0.4891024,3732,2026-09-13 12:10:06 UTC,0x1803996c8477172ba2da92fcafe2112f2a5caef8384de1934c3867cf889b364e,0.0001
CLM-00733,POL-NIVA-849333-651,Niva Bupa Health Insurance,0x9965507D1a55bcC2695C58ba16FB37d819B0A4dc,IRDAI-REG-145,MDIndia Health TPA,Neha Kapoor,849333,0xd4fe7f0e69d759da0bbf418e6f254c9642a2f0b9,Care & Cure Pediatric & Maternity Hospital,0x937F51E09477BfD31E56c5e533038a8eEAc096b7,Dr. Sunita Narang,NMC-90812,K21.9,Gastro-esophageal reflux disease,Gastroenterology,11706.46,11121.14,585.32,0%,Approved & Settled,Ledger Verified & Payout Secured,Active - Full Disclosure,Emergency Admission Record; Diagnostic Imaging CT/MRI,Insurance Claim Adjudication & Pre-Auth Verification,24 Hours (Statutory Emergency Window),AES-256-GCM,vault-transit-key-0xd4fe7f0e,Qmfd8eb4684feb843f530ff50037f0b3811c7946a74837,0.0.4891024,3733,2026-09-13 12:10:08 UTC,0x1ddd9e643f8b699a5108ad6c6faea7c203fd3ebfccb113b65e69d8c23f7126f9,0.0001
CLM-00734,POL-CARE-849334-281,Care Health Insurance (Religare),0x15d34AAf54267DB7D7c367839AAf71A00a2C6A65,IRDAI-REG-148,Heritage Health TPA,Ishaan Bhatia,849334,0x416449c531f9ae5f14c00622edda93ceaa02d389,Apex Diagnostic & Pathology Hub,0x04Fee3FD1B338d12FFD6dBD8d66dE1e8e0BB99cB,Dr. Vikram Seth,NMC-99014,K21.9,Gastro-esophageal reflux disease,Gastroenterology,15970.2,15171.69,798.51,0%,Approved & Settled,Ledger Verified & Payout Secured,Active - Full Disclosure,Discharge Summary; Surgical Notes; Lab Reports,Insurance Claim Adjudication & Pre-Auth Verification,24 Hours (Statutory Emergency Window),AES-256-GCM,vault-transit-key-0x416449c5,Qm2932e60de494ba7f487e36bf2240985ac0e9d53053d5,0.0.4891024,3734,2026-09-13 12:10:09 UTC,0x6f9fe78ac6f758b089dae8e5545e06a44eb5457e4d75db9621b49ae66c09a24b,0.0001
CLM-00735,POL-HDFC-849335-796,HDFC ERGO Health Insurance,0x3C44CdDdB6a900fa2b585dd299e03d12FA4293BC,IRDAI-REG-146,Paramount TPA,Vikas Sharma,849335,0x512e7625a85b5c75a84d6768e6e50ae48c3a503b,Apollo Multispecialty Hospital,0x155Af6ECaFb48861dA7d16Fb8Af2f6ce9d6DD779,Dr. Sunita Narang,NMC-90812,G40.909,"Epilepsy, unspecified, without status epilepticus",Neurology,55214.44,44171.55,2760.72,15%,Approved & Settled,Ledger Verified & Payout Secured,Active - Full Disclosure,Discharge Summary; Surgical Notes; Lab Reports,Insurance Claim Adjudication & Pre-Auth Verification,24 Hours (Statutory Emergency Window),AES-256-GCM,vault-transit-key-0x512e7625,Qme58db10859a589706c755f06b840633beb0db1cc3af9,0.0.4891024,3735,2026-09-13 12:10:11 UTC,0x4c500755079ac190e6ee0a0b553f23d1c9baa4686738b621548c19f73a115ea9,0.0001
CLM-00736,POL-ICIC-849336-820,ICICI Lombard General Insurance,0x90F79bf6EB2c4f870365E785982E1f101E93b906,IRDAI-REG-115,Vidal Health TPA,Pranav Chatterjee,849336,0x97f806fbe95b5de12511dadcc1b2fe644dcdd0f7,Apollo Multispecialty Hospital,0x155Af6ECaFb48861dA7d16Fb8Af2f6ce9d6DD779,Dr. Vikram Seth,NMC-99014,A90,Dengue fever [classical dengue],Infectious Disease,38980.34,33133.29,1949.02,10%,Approved & Settled,Ledger Verified & Payout Secured,Active - Full Disclosure,Emergency Admission Record; Diagnostic Imaging CT/MRI,Insurance Claim Adjudication & Pre-Auth Verification,24 Hours (Statutory Emergency Window),AES-256-GCM,vault-transit-key-0x97f806fb,Qm4d5d2d73be38ceaee5c2a128db15371c7148c7bebc71,0.0.4891024,3736,2026-09-13 12:10:13 UTC,0xa3d20c967cd442331cfdf9aabae5980defca0a2bdecd6adbc931b16690820b59,0.0001
CLM-00737,POL-NIVA-849337-775,Niva Bupa Health Insurance,0x9965507D1a55bcC2695C58ba16FB37d819B0A4dc,IRDAI-REG-145,MDIndia Health TPA,Rakesh Saxena,849337,0x9ceb095eba14300f47326afe41279d89e04abefe,Care & Cure Pediatric & Maternity Hospital,0x937F51E09477BfD31E56c5e533038a8eEAc096b7,Dr. Rajesh Sharma,NMC-78491,C50.919,Malignant neoplasm of female breast,Oncology,468337.34,416503.61,5000.0,10%,Approved & Settled,Ledger Verified & Payout Secured,Active - Full Disclosure,Diagnosis; Lab Reports; Itemized Pharmacy Bill,Insurance Claim Adjudication & Pre-Auth Verification,24 Hours (Statutory Emergency Window),AES-256-GCM,vault-transit-key-0x9ceb095e,Qm3ce884c746ced74e57889ab0075ca5571fa3363d9d2c,0.0.4891024,3737,2026-09-13 12:10:15 UTC,0x283d1288171513c2b34b9ca8ec609802d91338f9b4883561a42ba5b985dd628f,0.0001
CLM-00738,POL-NIVA-849338-296,Niva Bupa Health Insurance,0x9965507D1a55bcC2695C58ba16FB37d819B0A4dc,IRDAI-REG-145,MDIndia Health TPA,Kavya Deshmukh,849338,0xcf4f43b186d7bb041f89978fab37d83e76032b6b,Max Super Speciality Cancer Institute,0x28B7eA94B34C8F52D19E50Eb14769Da20F5D54b4,Dr. Rohan Patel,NMC-11029,G40.909,"Epilepsy, unspecified, without status epilepticus",Neurology,53820.91,0.0,2691.05,0%,Rejected - Policy Exclusion,Rejected with Ledger Audit Reason,Expired / Revoked,Discharge Summary; Surgical Notes; Lab Reports,Insurance Claim Adjudication & Pre-Auth Verification,24 Hours (Statutory Emergency Window),AES-256-GCM,vault-transit-key-0xcf4f43b1,Qmc0b071fe0381c9bdce4219b87bb998a3e0fcbcd9e486,0.0.4891024,3738,2026-09-13 12:10:17 UTC,0xed288c3777542cce682a036dda42dbb53a27968c8f7c319ce0fca05edc23848a,0.0001
CLM-00739,POL-CARE-849339-974,Care Health Insurance (Religare),0x15d34AAf54267DB7D7c367839AAf71A00a2C6A65,IRDAI-REG-148,Heritage Health TPA,Harish Swaminathan,849339,0xd56e2f068c7215683440a89439cf0b10382bd122,Apollo Multispecialty Hospital,0x155Af6ECaFb48861dA7d16Fb8Af2f6ce9d6DD779,Dr. Ananya Roy,NMC-51203,I10,Essential (primary) hypertension,Cardiology,37689.59,0.0,1884.48,20%,Awaiting Patient Consent Approval,Access Requested via Ledger,Pending Patient Authorization,Emergency Admission Record; Diagnostic Imaging CT/MRI,Insurance Claim Adjudication & Pre-Auth Verification,24 Hours (Statutory Emergency Window),AES-256-GCM,vault-transit-key-0xd56e2f06,Qm1e6384981c4b61cbd7503b530c1ef141b2e7900fdeef,0.0.4891024,3739,2026-09-13 12:10:19 UTC,0xd9ed2bbfb6de1429996a02c55c06e199ef2d7ff918c6443057548063c8650220,0.0001
CLM-00740,POL-NIVA-849340-629,Niva Bupa Health Insurance,0x9965507D1a55bcC2695C58ba16FB37d819B0A4dc,IRDAI-REG-145,MDIndia Health TPA,Ishaan Shetty,849340,0x009422078b81935395ed00beebd09750b29e9f4e,Care & Cure Pediatric & Maternity Hospital,0x937F51E09477BfD31E56c5e533038a8eEAc096b7,Dr. Ananya Roy,NMC-51203,S06.9X0A,Unspecified intracranial injury / Concussion,Trauma & Emergency,142779.37,123501.43,5000.0,10%,Approved & Settled,Ledger Verified & Payout Secured,Active - Full Disclosure,Emergency Admission Record; Diagnostic Imaging CT/MRI,Insurance Claim Adjudication & Pre-Auth Verification,24 Hours (Statutory Emergency Window),AES-256-GCM,vault-transit-key-0x00942207,Qm7418d72347da29c2aa97e0ec97c5a88352be89896225,0.0.4891024,3740,2026-09-13 12:10:21 UTC,0x7a4d1b600f99151637f66e92ee08a27fcadd8dd8fe5a280dc25597bd0b1cc7b9,0.0001
CLM-00741,POL-STAR-849341-183,Star Health & Allied Insurance,0x70997970C51812dc3A010C7d01b50e0d17dc79C8,IRDAI-REG-129,MediAssist TPA,Vikas Mehta,849341,0xe4cae0d1ebeca9b4adc56f5e062fc33253b6c268,Care & Cure Pediatric & Maternity Hospital,0x937F51E09477BfD31E56c5e533038a8eEAc096b7,Dr. Rajesh Sharma,NMC-78491,S06.9X0A,Unspecified intracranial injury / Concussion,Trauma & Emergency,149045.1,0.0,5000.0,0%,Rejected - Policy Exclusion,Rejected with Ledger Audit Reason,Expired / Revoked,Diagnosis; Lab Reports; Itemized Pharmacy Bill,Insurance Claim Adjudication & Pre-Auth Verification,24 Hours (Statutory Emergency Window),AES-256-GCM,vault-transit-key-0xe4cae0d1,Qmbd353e07719d1207fe10268967a0e6fbde3d2d319dde,0.0.4891024,3741,2026-09-13 12:10:23 UTC,0x7773db285e2c8b21cb19aab19f7db1161a8ddba128c75b660130ac62ac8fdcba,0.0001
CLM-00742,POL-HDFC-849342-418,HDFC ERGO Health Insurance,0x3C44CdDdB6a900fa2b585dd299e03d12FA4293BC,IRDAI-REG-146,Paramount TPA,Deepak Malhotra,849342,0x75d8e545f35527da61b75cda4db1f48a449e9459,Max Super Speciality Cancer Institute,0x28B7eA94B34C8F52D19E50Eb14769Da20F5D54b4,Dr. Rajesh Sharma,NMC-78491,S06.9X0A,Unspecified intracranial injury / Concussion,Trauma & Emergency,106752.18,101752.18,5000.0,0%,Approved & Settled,Ledger Verified & Payout Secured,Active - Full Disclosure,Emergency Admission Record; Diagnostic Imaging CT/MRI,Insurance Claim Adjudication & Pre-Auth Verification,24 Hours (Statutory Emergency Window),AES-256-GCM,vault-transit-key-0x75d8e545,Qm834f7bc91c7d9fa66e37d047d302f12d8eadb6185bf7,0.0.4891024,3742,2026-09-13 12:10:24 UTC,0x27ca862b45292da806b1f96bafcb19a4ab824f2b5499fa20645464c270d63f15,0.0001
CLM-00743,POL-ICIC-849343-584,ICICI Lombard General Insurance,0x90F79bf6EB2c4f870365E785982E1f101E93b906,IRDAI-REG-115,Vidal Health TPA,Lata Hegde,849343,0x317d5faca8f4a4486aef6b41948cfa264bac3339,Fortis Memorial Neuro & Trauma Center,0x84f93618C1D541bB1Dcf1373A8eE500A7D439634,Dr. Rajesh Sharma,NMC-78491,I21.9,"Acute myocardial infarction, unspecified",Cardiology,246779.1,0.0,5000.0,15%,Awaiting Patient Consent Approval,Access Requested via Ledger,Pending Patient Authorization,Discharge Summary; Surgical Notes; Lab Reports,Insurance Claim Adjudication & Pre-Auth Verification,24 Hours (Statutory Emergency Window),AES-256-GCM,vault-transit-key-0x317d5fac,Qmb1d75abd8e5de990fbaeb431dfa30d3fb3415aa31032,0.0.4891024,3743,2026-09-13 12:10:27 UTC,0xb2da8ae2b1573f2bf855ecb22580d56d9ce2e62fc5d37191176364e401ed5096,0.0001
CLM-00744,POL-NIVA-849344-740,Niva Bupa Health Insurance,0x9965507D1a55bcC2695C58ba16FB37d819B0A4dc,IRDAI-REG-145,MDIndia Health TPA,Priyanka Patel,849344,0xf556e256d6e403874027aa970f9fd2c8192e681a,Apex Diagnostic & Pathology Hub,0x04Fee3FD1B338d12FFD6dBD8d66dE1e8e0BB99cB,Dr. Ananya Roy,NMC-51203,I21.9,"Acute myocardial infarction, unspecified",Cardiology,269721.8,264721.8,5000.0,0%,Approved & Settled,Ledger Verified & Payout Secured,Active - Full Disclosure,Lab Reports; Diagnosis; Treatment History; Discharge Summary,Insurance Claim Adjudication & Pre-Auth Verification,24 Hours (Statutory Emergency Window),AES-256-GCM,vault-transit-key-0xf556e256,Qm7b339cc55a161c12aa9fcb954f70358ff2cd101a8970,0.0.4891024,3744,2026-09-13 12:10:28 UTC,0x1468a568acdff610e655356408209f2381a5fddb1de56b9a6e2ee7a5351a63e2,0.0001
CLM-00745,POL-STAR-849345-156,Star Health & Allied Insurance,0x70997970C51812dc3A010C7d01b50e0d17dc79C8,IRDAI-REG-129,MediAssist TPA,Siddharth Mehta,849345,0xef2a2ebb361d7d947c918ec6620441ef79a8d2ab,Max Super Speciality Cancer Institute,0x28B7eA94B34C8F52D19E50Eb14769Da20F5D54b4,Dr. Sarah Jenkins,NMC-48192,A90,Dengue fever [classical dengue],Infectious Disease,33141.18,24855.88,1657.06,20%,Approved & Settled,Ledger Verified & Payout Secured,Active - Full Disclosure,Lab Reports; Diagnosis; Treatment History; Discharge Summary,Insurance Claim Adjudication & Pre-Auth Verification,24 Hours (Statutory Emergency Window),AES-256-GCM,vault-transit-key-0xef2a2ebb,Qm150cd3d811cbe84a7017ef2e3085fd913119df3c3010,0.0.4891024,3745,2026-09-13 12:10:31 UTC,0x6c4c1715c92582d72d3c76971daec2cfa142cda8e3933b85725960896d22aa31,0.0001
CLM-00746,POL-CARE-849346-338,Care Health Insurance (Religare),0x15d34AAf54267DB7D7c367839AAf71A00a2C6A65,IRDAI-REG-148,Heritage Health TPA,Arjun Choudhury,849346,0x2b62180522a9406ffcb388cbf6cd34eec498426c,Care & Cure Pediatric & Maternity Hospital,0x937F51E09477BfD31E56c5e533038a8eEAc096b7,Dr. Sarah Jenkins,NMC-48192,K21.9,Gastro-esophageal reflux disease,Gastroenterology,16113.28,15307.62,805.66,0%,Approved & Settled,Ledger Verified & Payout Secured,Active - Full Disclosure,Emergency Admission Record; Diagnostic Imaging CT/MRI,Insurance Claim Adjudication & Pre-Auth Verification,24 Hours (Statutory Emergency Window),AES-256-GCM,vault-transit-key-0x2b621805,Qm1abb6a9276580403826c7de010d56b561ae28ae836ea,0.0.4891024,3746,2026-09-13 12:10:32 UTC,0x422701692744ba2fd487eb6b66d9de1b0b5c788c51332e7c20b610ebc5f7f86c,0.0001
CLM-00747,POL-STAR-849347-564,Star Health & Allied Insurance,0x70997970C51812dc3A010C7d01b50e0d17dc79C8,IRDAI-REG-129,MediAssist TPA,Nandini Agarwal,849347,0x72031955cbb6ede255291291a42bc84f68b34293,Fortis Memorial Neuro & Trauma Center,0x84f93618C1D541bB1Dcf1373A8eE500A7D439634,Dr. Preeti Deshmukh,NMC-82194,I10,Essential (primary) hypertension,Cardiology,32283.26,27440.77,1614.16,10%,Approved & Settled,Ledger Verified & Payout Secured,Active - Full Disclosure,Lab Reports; Diagnosis; Treatment History; Discharge Summary,Insurance Claim Adjudication & Pre-Auth Verification,24 Hours (Statutory Emergency Window),AES-256-GCM,vault-transit-key-0x72031955,Qm1393b00eba2ce9fa95656a4c3a3ae8d471c119a2bdbe,0.0.4891024,3747,2026-09-13 12:10:34 UTC,0x05b91e3a052da7f54d62e9502d1f2771be89382e542a99dc59b097677a3c73bd,0.0001
CLM-00748,POL-HDFC-849348-463,HDFC ERGO Health Insurance,0x3C44CdDdB6a900fa2b585dd299e03d12FA4293BC,IRDAI-REG-146,Paramount TPA,Deepak Saxena,849348,0xfabcb5656fe6f704d1469d7e8d11a24bd3da3af8,Apex Diagnostic & Pathology Hub,0x04Fee3FD1B338d12FFD6dBD8d66dE1e8e0BB99cB,Dr. Rajesh Sharma,NMC-78491,G40.909,"Epilepsy, unspecified, without status epilepticus",Neurology,45757.03,34317.77,2287.85,20%,Approved & Settled,Ledger Verified & Payout Secured,Active - Full Disclosure,Diagnosis; Lab Reports; Itemized Pharmacy Bill,Insurance Claim Adjudication & Pre-Auth Verification,24 Hours (Statutory Emergency Window),AES-256-GCM,vault-transit-key-0xfabcb565,Qmf278797f4073155cd17f173f96cfaae435ceb16eea38,0.0.4891024,3748,2026-09-13 12:10:36 UTC,0xcbfee8a73b486448c8838636c0313e4e166b49c42b01e1e5fcfe2af4f8e69088,0.0001
CLM-00749,POL-ICIC-849349-418,ICICI Lombard General Insurance,0x90F79bf6EB2c4f870365E785982E1f101E93b906,IRDAI-REG-115,Vidal Health TPA,Arjun Gupta,849349,0xe6f4c170fba07f462b1b6bcc6ac46ed1e3277eed,Apex Diagnostic & Pathology Hub,0x04Fee3FD1B338d12FFD6dBD8d66dE1e8e0BB99cB,Dr. Ananya Roy,NMC-51203,S06.9X0A,Unspecified intracranial injury / Concussion,Trauma & Emergency,133704.71,115334.24,5000.0,10%,Approved & Settled,Ledger Verified & Payout Secured,Active - Full Disclosure,Discharge Summary; Surgical Notes; Lab Reports,Insurance Claim Adjudication & Pre-Auth Verification,24 Hours (Statutory Emergency Window),AES-256-GCM,vault-transit-key-0xe6f4c170,Qm42e77c7fd9624ca74ac498034ad4926d753bb81ac4f6,0.0.4891024,3749,2026-09-13 12:10:38 UTC,0x8a8655bf8058f01968c463ca97401786626b65346723e9adf0d9c88ae4933a33,0.0001
CLM-00750,POL-ICIC-849350-158,ICICI Lombard General Insurance,0x90F79bf6EB2c4f870365E785982E1f101E93b906,IRDAI-REG-115,Vidal Health TPA,Sameer Choudhury,849350,0x35456b76217b6fc36bbef143528dd348d1da47c1,Apollo Multispecialty Hospital,0x155Af6ECaFb48861dA7d16Fb8Af2f6ce9d6DD779,Dr. Rohan Patel,NMC-11029,E11.9,Type 2 diabetes mellitus without complications,Endocrinology,18626.25,17694.94,931.31,0%,Approved & Settled,Ledger Verified & Payout Secured,Active - Full Disclosure,Diagnosis; Lab Reports; Itemized Pharmacy Bill,Insurance Claim Adjudication & Pre-Auth Verification,24 Hours (Statutory Emergency Window),AES-256-GCM,vault-transit-key-0x35456b76,Qm4297f3c249ee25e7f2cf99b24befc1eb7ce04d11c470,0.0.4891024,3750,2026-09-13 12:10:40 UTC,0x660d32fe3f8603cec425e356fe1c788e31b03d0a27a12225496b0f3b12b13cb9,0.0001
CLM-00751,POL-STAR-849351-811,Star Health & Allied Insurance,0x70997970C51812dc3A010C7d01b50e0d17dc79C8,IRDAI-REG-129,MediAssist TPA,Nikhil Hegde,849351,0xb3c0ec433e7e17cf6fc81235b581944f9059d6a5,Fortis Memorial Neuro & Trauma Center,0x84f93618C1D541bB1Dcf1373A8eE500A7D439634,Dr. Rajesh Sharma,NMC-78491,A90,Dengue fever [classical dengue],Infectious Disease,38762.51,29071.88,1938.13,20%,Approved & Settled,Ledger Verified & Payout Secured,Active - Full Disclosure,Discharge Summary; Surgical Notes; Lab Reports,Insurance Claim Adjudication & Pre-Auth Verification,24 Hours (Statutory Emergency Window),AES-256-GCM,vault-transit-key-0xb3c0ec43,Qm60763828742e41e34340a7aa3774fcc537b4c1a35bc2,0.0.4891024,3751,2026-09-13 12:10:42 UTC,0xc7dddc10154bc151f8f48b8056d8df43a539f2ab2b694022ed536673993de472,0.0001
CLM-00752,POL-NIVA-849352-266,Niva Bupa Health Insurance,0x9965507D1a55bcC2695C58ba16FB37d819B0A4dc,IRDAI-REG-145,MDIndia Health TPA,Kiran Mehta,849352,0x4a4983f9a8436bc73501af52213f48bfdbb62f3b,Fortis Memorial Neuro & Trauma Center,0x84f93618C1D541bB1Dcf1373A8eE500A7D439634,Dr. Ananya Roy,NMC-51203,S06.9X0A,Unspecified intracranial injury / Concussion,Trauma & Emergency,108925.88,103925.88,5000.0,0%,Approved & Settled,Ledger Verified & Payout Secured,Active - Full Disclosure,Lab Reports; Diagnosis; Treatment History; Discharge Summary,Insurance Claim Adjudication & Pre-Auth Verification,24 Hours (Statutory Emergency Window),AES-256-GCM,vault-transit-key-0x4a4983f9,Qm15557bd165759e4f2d63c608c6698e19e03b4f62ea36,0.0.4891024,3752,2026-09-13 12:10:44 UTC,0xe4d43deb929e2d23f74c107e286091b3c09c4da774e3f82e2a4817bcf6e6bbae,0.0001
CLM-00753,POL-HDFC-849353-344,HDFC ERGO Health Insurance,0x3C44CdDdB6a900fa2b585dd299e03d12FA4293BC,IRDAI-REG-146,Paramount TPA,Pranav Pillai,849353,0x8c276342644e324b4a9be7380afa0e188818622f,Care & Cure Pediatric & Maternity Hospital,0x937F51E09477BfD31E56c5e533038a8eEAc096b7,Dr. Rohan Patel,NMC-11029,C50.919,Malignant neoplasm of female breast,Oncology,424207.6,0.0,5000.0,15%,Pending Adjudication,Audit Logged - Under Verification,Active - Time-Bound Access,Emergency Admission Record; Diagnostic Imaging CT/MRI,Insurance Claim Adjudication & Pre-Auth Verification,24 Hours (Statutory Emergency Window),AES-256-GCM,vault-transit-key-0x8c276342,Qmae07690d91fd2e33ba93882a98135fe2fb840d2233de,0.0.4891024,3753,2026-09-13 12:10:46 UTC,0x5a668db4d4458e017f98b640b414aae39d10f697183558e7a148a983d6117082,0.0001
CLM-00754,POL-STAR-849354-466,Star Health & Allied Insurance,0x70997970C51812dc3A010C7d01b50e0d17dc79C8,IRDAI-REG-129,MediAssist TPA,Sneha Nair,849354,0xb3c863d679df01c05b03a6e4aa122b0f88844e1e,Fortis Memorial Neuro & Trauma Center,0x84f93618C1D541bB1Dcf1373A8eE500A7D439634,Dr. Sarah Jenkins,NMC-48192,I21.9,"Acute myocardial infarction, unspecified",Cardiology,223809.44,218809.44,5000.0,0%,Approved & Settled,Ledger Verified & Payout Secured,Active - Full Disclosure,Emergency Admission Record; Diagnostic Imaging CT/MRI,Insurance Claim Adjudication & Pre-Auth Verification,24 Hours (Statutory Emergency Window),AES-256-GCM,vault-transit-key-0xb3c863d6,Qmd672430d138c71cc39c540be7bcb9ab2910a6ab05cb1,0.0.4891024,3754,2026-09-13 12:10:47 UTC,0x1c66c02efb66c2528977f1326e08e5141829bde0a655838f13b49fdefe7f5e81,0.0001
CLM-00755,POL-ICIC-849355-302,ICICI Lombard General Insurance,0x90F79bf6EB2c4f870365E785982E1f101E93b906,IRDAI-REG-115,Vidal Health TPA,Lata Malhotra,849355,0xb25db74a888eb4be5d380d88fc438aa59cf700ff,Apollo Multispecialty Hospital,0x155Af6ECaFb48861dA7d16Fb8Af2f6ce9d6DD779,Dr. Sarah Jenkins,NMC-48192,C50.919,Malignant neoplasm of female breast,Oncology,390581.25,0.0,5000.0,10%,Awaiting Patient Consent Approval,Access Requested via Ledger,Pending Patient Authorization,Diagnosis; Lab Reports; Itemized Pharmacy Bill,Insurance Claim Adjudication & Pre-Auth Verification,24 Hours (Statutory Emergency Window),AES-256-GCM,vault-transit-key-0xb25db74a,Qm45500b64326d5cd1c42942bbc40a9472067a6699c45d,0.0.4891024,3755,2026-09-13 12:10:50 UTC,0x6c6a16c1ff22875e5d041c83b86c3713886add068a26d531d17a0660807a23a2,0.0001
CLM-00756,POL-HDFC-849356-963,HDFC ERGO Health Insurance,0x3C44CdDdB6a900fa2b585dd299e03d12FA4293BC,IRDAI-REG-146,Paramount TPA,Harish Rao,849356,0x8457ed9d4320ff2a65ee474a78a71544f46a5ef5,Max Super Speciality Cancer Institute,0x28B7eA94B34C8F52D19E50Eb14769Da20F5D54b4,Dr. Sarah Jenkins,NMC-48192,E11.9,Type 2 diabetes mellitus without complications,Endocrinology,18829.39,17887.92,941.47,0%,Approved & Settled,Ledger Verified & Payout Secured,Active - Full Disclosure,Diagnosis; Lab Reports; Itemized Pharmacy Bill,Insurance Claim Adjudication & Pre-Auth Verification,24 Hours (Statutory Emergency Window),AES-256-GCM,vault-transit-key-0x8457ed9d,Qm1abe3a0534b516034ecb6bd6f2c9ec5b8f2d5142ad43,0.0.4891024,3756,2026-09-13 12:10:52 UTC,0x6e6945acae7c5bc38109cf219025aee34a516b3f78cc0b3afb8bf14549f0d5c4,0.0001
CLM-00757,POL-HDFC-849357-478,HDFC ERGO Health Insurance,0x3C44CdDdB6a900fa2b585dd299e03d12FA4293BC,IRDAI-REG-146,Paramount TPA,Ishaan Mehta,849357,0x690bea749b3724927f40edd02a2689c70e28f140,Fortis Memorial Neuro & Trauma Center,0x84f93618C1D541bB1Dcf1373A8eE500A7D439634,Dr. Ananya Roy,NMC-51203,C50.919,Malignant neoplasm of female breast,Oncology,480422.41,0.0,5000.0,10%,Rejected - Policy Exclusion,Rejected with Ledger Audit Reason,Expired / Revoked,Emergency Admission Record; Diagnostic Imaging CT/MRI,Insurance Claim Adjudication & Pre-Auth Verification,24 Hours (Statutory Emergency Window),AES-256-GCM,vault-transit-key-0x690bea74,Qm8df878d1f36683355cef1fc4b8d82b13d8b5b35f0bbc,0.0.4891024,3757,2026-09-13 12:10:53 UTC,0x0e8b78f061690a7cab102016dad2e3c4b8839e306f0912c5e6bb1a08488b6d3c,0.0001
CLM-00758,POL-HDFC-849358-811,HDFC ERGO Health Insurance,0x3C44CdDdB6a900fa2b585dd299e03d12FA4293BC,IRDAI-REG-146,Paramount TPA,Ishaan Gupta,849358,0xa958acbe41da1379894472df3893d7415a4f0da2,Max Super Speciality Cancer Institute,0x28B7eA94B34C8F52D19E50Eb14769Da20F5D54b4,Dr. Rajesh Sharma,NMC-78491,K21.9,Gastro-esophageal reflux disease,Gastroenterology,13355.19,0.0,667.76,20%,Rejected - Policy Exclusion,Rejected with Ledger Audit Reason,Expired / Revoked,Diagnosis; Lab Reports; Itemized Pharmacy Bill,Insurance Claim Adjudication & Pre-Auth Verification,24 Hours (Statutory Emergency Window),AES-256-GCM,vault-transit-key-0xa958acbe,Qmf9537b6c2b08abad9bbf88445d56e5a1d31496cf9b1c,0.0.4891024,3758,2026-09-13 12:10:55 UTC,0xa8b5ac8a90f6e529eaf5119ee3d370f92da8ab01e8dcad40e1c3c5a091467b2a,0.0001
CLM-00759,POL-HDFC-849359-435,HDFC ERGO Health Insurance,0x3C44CdDdB6a900fa2b585dd299e03d12FA4293BC,IRDAI-REG-146,Paramount TPA,Nandini Saxena,849359,0xd268d3e47f475739acf52812b53b8ed3583cc767,Apex Diagnostic & Pathology Hub,0x04Fee3FD1B338d12FFD6dBD8d66dE1e8e0BB99cB,Dr. Vikram Seth,NMC-99014,E11.9,Type 2 diabetes mellitus without complications,Endocrinology,18707.7,0.0,935.39,15%,Awaiting Patient Consent Approval,Access Requested via Ledger,Pending Patient Authorization,Emergency Admission Record; Diagnostic Imaging CT/MRI,Insurance Claim Adjudication & Pre-Auth Verification,24 Hours (Statutory Emergency Window),AES-256-GCM,vault-transit-key-0xd268d3e4,Qm952f13a93e5e1a00dd838a4abcde86451644a87da2e7,0.0.4891024,3759,2026-09-13 12:10:57 UTC,0x4f3e845375657e55f4a8f4ab52b78da7025ecbe27a8c235e4fb1523dd9dfa822,0.0001
CLM-00760,POL-CARE-849360-620,Care Health Insurance (Religare),0x15d34AAf54267DB7D7c367839AAf71A00a2C6A65,IRDAI-REG-148,Heritage Health TPA,Divya Hegde,849360,0x7fe56e685c9d16809f1cf12de0bc08fb7edb44eb,Apex Diagnostic & Pathology Hub,0x04Fee3FD1B338d12FFD6dBD8d66dE1e8e0BB99cB,Dr. Sarah Jenkins,NMC-48192,E11.9,Type 2 diabetes mellitus without complications,Endocrinology,19881.06,15904.85,994.05,15%,Approved & Settled,Ledger Verified & Payout Secured,Active - Full Disclosure,Emergency Admission Record; Diagnostic Imaging CT/MRI,Insurance Claim Adjudication & Pre-Auth Verification,24 Hours (Statutory Emergency Window),AES-256-GCM,vault-transit-key-0x7fe56e68,Qmb73d470824decf6bbc068ca3b9a0eeb99ed8998238d3,0.0.4891024,3760,2026-09-13 12:10:59 UTC,0xf78f05bbc35d7633052e8caa9b9c6603d35add9da1dfc6da8c1547740badf2e6,0.0001
CLM-00761,POL-ICIC-849361-832,ICICI Lombard General Insurance,0x90F79bf6EB2c4f870365E785982E1f101E93b906,IRDAI-REG-115,Vidal Health TPA,Sakshi Pillai,849361,0xcc3b9b866de4aa40c96d61bfce21e7d1a692182a,Apex Diagnostic & Pathology Hub,0x04Fee3FD1B338d12FFD6dBD8d66dE1e8e0BB99cB,Dr. Preeti Deshmukh,NMC-82194,A90,Dengue fever [classical dengue],Infectious Disease,42562.83,31922.12,2128.14,20%,Approved & Settled,Ledger Verified & Payout Secured,Active - Full Disclosure,Emergency Admission Record; Diagnostic Imaging CT/MRI,Insurance Claim Adjudication & Pre-Auth Verification,24 Hours (Statutory Emergency Window),AES-256-GCM,vault-transit-key-0xcc3b9b86,Qm28f4acb3bc0c6066d31f4321a0a4f4c11958709640ab,0.0.4891024,3761,2026-09-13 12:11:01 UTC,0xcfa239a86a4fa9d99353ffd575ef001b1f76d47f4d74f54a47a75ea401247d69,0.0001
CLM-00762,POL-STAR-849362-562,Star Health & Allied Insurance,0x70997970C51812dc3A010C7d01b50e0d17dc79C8,IRDAI-REG-129,MediAssist TPA,Lata Kulkarni,849362,0x06b8a3a4eaa240f9a68cb5889ee6d1d354852a39,Max Super Speciality Cancer Institute,0x28B7eA94B34C8F52D19E50Eb14769Da20F5D54b4,Dr. Rajesh Sharma,NMC-78491,C50.919,Malignant neoplasm of female breast,Oncology,489601.77,386681.42,5000.0,20%,Approved & Settled,Ledger Verified & Payout Secured,Active - Full Disclosure,Emergency Admission Record; Diagnostic Imaging CT/MRI,Insurance Claim Adjudication & Pre-Auth Verification,24 Hours (Statutory Emergency Window),AES-256-GCM,vault-transit-key-0x06b8a3a4,Qm3f035c4c1b465435b5e4b44878dfcedb1a020f919044,0.0.4891024,3762,2026-09-13 12:11:03 UTC,0x648f99672bd81f77c9808a020c88b084dd893d2eb9edb935345086a7f9126875,0.0001
CLM-00763,POL-ICIC-849363-237,ICICI Lombard General Insurance,0x90F79bf6EB2c4f870365E785982E1f101E93b906,IRDAI-REG-115,Vidal Health TPA,Kiran Nair,849363,0x5d12fa83286238adf6700c5dd66ce9a4ee1feb07,Fortis Memorial Neuro & Trauma Center,0x84f93618C1D541bB1Dcf1373A8eE500A7D439634,Dr. Rohan Patel,NMC-11029,I21.9,"Acute myocardial infarction, unspecified",Cardiology,303366.41,252861.45,5000.0,15%,Approved & Settled,Ledger Verified & Payout Secured,Active - Full Disclosure,Discharge Summary; Surgical Notes; Lab Reports,Insurance Claim Adjudication & Pre-Auth Verification,24 Hours (Statutory Emergency Window),AES-256-GCM,vault-transit-key-0x5d12fa83,Qm38c50fcff0cd3a76475d3a2dd18658cd447a2fff094e,0.0.4891024,3763,2026-09-13 12:11:05 UTC,0xd1b94f25fec4b5bcbeb5bedcd54d99dbaeb06aea4a5766462ee39925abf3304b,0.0001
CLM-00764,POL-CARE-849364-536,Care Health Insurance (Religare),0x15d34AAf54267DB7D7c367839AAf71A00a2C6A65,IRDAI-REG-148,Heritage Health TPA,Lata Verma,849364,0x56565a31463a342dc04e0b944260157841cd87f7,Apex Diagnostic & Pathology Hub,0x04Fee3FD1B338d12FFD6dBD8d66dE1e8e0BB99cB,Dr. Rohan Patel,NMC-11029,S06.9X0A,Unspecified intracranial injury / Concussion,Trauma & Emergency,126847.07,96477.66,5000.0,20%,Approved & Settled,Ledger Verified & Payout Secured,Active - Full Disclosure,Emergency Admission Record; Diagnostic Imaging CT/MRI,Insurance Claim Adjudication & Pre-Auth Verification,24 Hours (Statutory Emergency Window),AES-256-GCM,vault-transit-key-0x56565a31,Qm5dbe1c4ef2aa0e4dc9856185333b1c02259e50056f0f,0.0.4891024,3764,2026-09-13 12:11:07 UTC,0x4f019082fd880622e184a4aa816a16016d3ab4a691f6a3c974b9d67f6e639ae6,0.0001
CLM-00765,POL-STAR-849365-371,Star Health & Allied Insurance,0x70997970C51812dc3A010C7d01b50e0d17dc79C8,IRDAI-REG-129,MediAssist TPA,Rakesh Joshi,849365,0x83a274b2902312cf6b3babd097a965c8526d53e6,Max Super Speciality Cancer Institute,0x28B7eA94B34C8F52D19E50Eb14769Da20F5D54b4,Dr. Ananya Roy,NMC-51203,C50.919,Malignant neoplasm of female breast,Oncology,452355.68,0.0,5000.0,15%,Awaiting Patient Consent Approval,Access Requested via Ledger,Pending Patient Authorization,Discharge Summary; Surgical Notes; Lab Reports,Insurance Claim Adjudication & Pre-Auth Verification,24 Hours (Statutory Emergency Window),AES-256-GCM,vault-transit-key-0x83a274b2,Qm4e913cd664f7ba30692ebff80b4a70abec2720e06ddc,0.0.4891024,3765,2026-09-13 12:11:09 UTC,0xab85b3b1f0c8282139a312b1223093c0293e60878b474ad355b3237924a5695e,0.0001
CLM-00766,POL-STAR-849366-221,Star Health & Allied Insurance,0x70997970C51812dc3A010C7d01b50e0d17dc79C8,IRDAI-REG-129,MediAssist TPA,Bhavna Pandey,849366,0x823dd4296a3e75710af17f05483ac04e0c4b18e4,Fortis Memorial Neuro & Trauma Center,0x84f93618C1D541bB1Dcf1373A8eE500A7D439634,Dr. Rajesh Sharma,NMC-78491,I21.9,"Acute myocardial infarction, unspecified",Cardiology,228366.19,223366.19,5000.0,0%,Approved & Settled,Ledger Verified & Payout Secured,Active - Full Disclosure,Discharge Summary; Surgical Notes; Lab Reports,Insurance Claim Adjudication & Pre-Auth Verification,24 Hours (Statutory Emergency Window),AES-256-GCM,vault-transit-key-0x823dd429,Qm5762d624cb400e319366593187dcd236c3a2b57e77fd,0.0.4891024,3766,2026-09-13 12:11:11 UTC,0x88cc39b333aa371ec5688188a932ec21d02dc64eb486b099c6519b7b45521656,0.0001
CLM-00767,POL-ICIC-849367-975,ICICI Lombard General Insurance,0x90F79bf6EB2c4f870365E785982E1f101E93b906,IRDAI-REG-115,Vidal Health TPA,Sameer Deshmukh,849367,0x52f001920f260da6153f853ff75c5445f17a33f1,Fortis Memorial Neuro & Trauma Center,0x84f93618C1D541bB1Dcf1373A8eE500A7D439634,Dr. Rajesh Sharma,NMC-78491,E11.9,Type 2 diabetes mellitus without complications,Endocrinology,22913.59,18330.87,1145.68,15%,Approved & Settled,Ledger Verified & Payout Secured,Active - Full Disclosure,Discharge Summary; Surgical Notes; Lab Reports,Insurance Claim Adjudication & Pre-Auth Verification,24 Hours (Statutory Emergency Window),AES-256-GCM,vault-transit-key-0x52f00192,Qme333c296c9529d6a34f07f8f35e47d1a8d25116b1756,0.0.4891024,3767,2026-09-13 12:11:13 UTC,0x28b02077e0882c825c2363f745f3c510d699c5d6d129076cbc28bfebb249bb1d,0.0001
CLM-00768,POL-CARE-849368-583,Care Health Insurance (Religare),0x15d34AAf54267DB7D7c367839AAf71A00a2C6A65,IRDAI-REG-148,Heritage Health TPA,Sanjay Hegde,849368,0x9b0aee722d8c0859793692e500bf58b17271a32b,Care & Cure Pediatric & Maternity Hospital,0x937F51E09477BfD31E56c5e533038a8eEAc096b7,Dr. Sunita Narang,NMC-90812,I10,Essential (primary) hypertension,Cardiology,34038.72,0.0,1701.94,10%,Awaiting Patient Consent Approval,Access Requested via Ledger,Pending Patient Authorization,Diagnosis; Lab Reports; Itemized Pharmacy Bill,Insurance Claim Adjudication & Pre-Auth Verification,24 Hours (Statutory Emergency Window),AES-256-GCM,vault-transit-key-0x9b0aee72,Qmc1da78456f6d86103b2f33fda909b0e3b24fb0ff07ef,0.0.4891024,3768,2026-09-13 12:11:14 UTC,0x6d276d11492e3bfa53162b6e2399b22a0441d963bcf30efcb2c05158d80def48,0.0001
CLM-00769,POL-HDFC-849369-839,HDFC ERGO Health Insurance,0x3C44CdDdB6a900fa2b585dd299e03d12FA4293BC,IRDAI-REG-146,Paramount TPA,Pooja Chatterjee,849369,0x427648cd0ca4d9625f9809f9a2e279259340dee9,Apex Diagnostic & Pathology Hub,0x04Fee3FD1B338d12FFD6dBD8d66dE1e8e0BB99cB,Dr. Rohan Patel,NMC-11029,A90,Dengue fever [classical dengue],Infectious Disease,40527.33,0.0,2026.37,15%,Pending Adjudication,Audit Logged - Under Verification,Active - Time-Bound Access,Discharge Summary; Surgical Notes; Lab Reports,Insurance Claim Adjudication & Pre-Auth Verification,24 Hours (Statutory Emergency Window),AES-256-GCM,vault-transit-key-0x427648cd,Qm6db9ef0cddaee3bdd1f7b737800276d8a18234e08f5c,0.0.4891024,3769,2026-09-13 12:11:16 UTC,0x0cc96803cdc57991c7673a0793d1fbdc04b197de91235cbf1cbb3f655502b9e7,0.0001
CLM-00770,POL-CARE-849370-973,Care Health Insurance (Religare),0x15d34AAf54267DB7D7c367839AAf71A00a2C6A65,IRDAI-REG-148,Heritage Health TPA,Varun Gowda,849370,0xd6fba5dc1cf0a034d2b8ac1967d99ea34b9750bd,Max Super Speciality Cancer Institute,0x28B7eA94B34C8F52D19E50Eb14769Da20F5D54b4,Dr. Ananya Roy,NMC-51203,A90,Dengue fever [classical dengue],Infectious Disease,36841.63,29473.31,1842.08,15%,Approved & Settled,Ledger Verified & Payout Secured,Active - Full Disclosure,Diagnosis; Lab Reports; Itemized Pharmacy Bill,Insurance Claim Adjudication & Pre-Auth Verification,24 Hours (Statutory Emergency Window),AES-256-GCM,vault-transit-key-0xd6fba5dc,Qme758be818d86150464aafc615fbe26516bb70a7daf31,0.0.4891024,3770,2026-09-13 12:11:18 UTC,0x4558cb364b425322976345280944001c62dce598967254b845f8d1e356452ea3,0.0001
CLM-00771,POL-ICIC-849371-535,ICICI Lombard General Insurance,0x90F79bf6EB2c4f870365E785982E1f101E93b906,IRDAI-REG-115,Vidal Health TPA,Aarav Chatterjee,849371,0x717ea896ce45621634ebf87961f392dfab858747,Fortis Memorial Neuro & Trauma Center,0x84f93618C1D541bB1Dcf1373A8eE500A7D439634,Dr. Rajesh Sharma,NMC-78491,K21.9,Gastro-esophageal reflux disease,Gastroenterology,15107.42,0.0,755.37,20%,Pending Adjudication,Audit Logged - Under Verification,Active - Time-Bound Access,Discharge Summary; Surgical Notes; Lab Reports,Insurance Claim Adjudication & Pre-Auth Verification,24 Hours (Statutory Emergency Window),AES-256-GCM,vault-transit-key-0x717ea896,Qm6fed94dfeb30c873f5c294ddc21ac6ae3a0848e2a608,0.0.4891024,3771,2026-09-13 12:11:20 UTC,0x0ab72f211479789e903f0c92d960e21e7a4044aa8e083370f20108a5ae0ff46e,0.0001
CLM-00772,POL-NIVA-849372-438,Niva Bupa Health Insurance,0x9965507D1a55bcC2695C58ba16FB37d819B0A4dc,IRDAI-REG-145,MDIndia Health TPA,Lata Sharma,849372,0x213c085114850990a67b76b223150dc4670c13c4,Apollo Multispecialty Hospital,0x155Af6ECaFb48861dA7d16Fb8Af2f6ce9d6DD779,Dr. Rajesh Sharma,NMC-78491,E11.9,Type 2 diabetes mellitus without complications,Endocrinology,21380.19,0.0,1069.01,20%,Rejected - Policy Exclusion,Rejected with Ledger Audit Reason,Expired / Revoked,Diagnosis; Lab Reports; Itemized Pharmacy Bill,Insurance Claim Adjudication & Pre-Auth Verification,24 Hours (Statutory Emergency Window),AES-256-GCM,vault-transit-key-0x213c0851,Qmbff0cb08b07b726435abecc9fecb49714ca364107d47,0.0.4891024,3772,2026-09-13 12:11:22 UTC,0xa97298a833002c881a196cdbeeb264145d99f5be0f6d119d55c0f51e3cd284be,0.0001
CLM-00773,POL-CARE-849373-436,Care Health Insurance (Religare),0x15d34AAf54267DB7D7c367839AAf71A00a2C6A65,IRDAI-REG-148,Heritage Health TPA,Deepak Pandey,849373,0xf658a5c2367a6753f574f430f39d0ba3e712b23b,Max Super Speciality Cancer Institute,0x28B7eA94B34C8F52D19E50Eb14769Da20F5D54b4,Dr. Ananya Roy,NMC-51203,I21.9,"Acute myocardial infarction, unspecified",Cardiology,283289.03,0.0,5000.0,20%,Pending Adjudication,Audit Logged - Under Verification,Active - Time-Bound Access,Discharge Summary; Surgical Notes; Lab Reports,Insurance Claim Adjudication & Pre-Auth Verification,24 Hours (Statutory Emergency Window),AES-256-GCM,vault-transit-key-0xf658a5c2,Qm2f33059e24156d126febcb4668b13de47b272d840d45,0.0.4891024,3773,2026-09-13 12:11:24 UTC,0x14b35923d375156bf1e114a2aaaa0276a5805f03e62b55058b60ca9803f310d3,0.0001
CLM-00774,POL-NIVA-849374-127,Niva Bupa Health Insurance,0x9965507D1a55bcC2695C58ba16FB37d819B0A4dc,IRDAI-REG-145,MDIndia Health TPA,Meera Reddy,849374,0x1e826c3a810cc7865883348187f555b6a3101d71,Max Super Speciality Cancer Institute,0x28B7eA94B34C8F52D19E50Eb14769Da20F5D54b4,Dr. Sarah Jenkins,NMC-48192,A90,Dengue fever [classical dengue],Infectious Disease,31488.37,0.0,1574.42,0%,Awaiting Patient Consent Approval,Access Requested via Ledger,Pending Patient Authorization,Emergency Admission Record; Diagnostic Imaging CT/MRI,Insurance Claim Adjudication & Pre-Auth Verification,24 Hours (Statutory Emergency Window),AES-256-GCM,vault-transit-key-0x1e826c3a,Qmf2ec2f0e14d7094dc0ee661caa69728089283b6f60eb,0.0.4891024,3774,2026-09-13 12:11:26 UTC,0x2473b18cff8659b59947c833fbe11716261c31692795dc069c28018f3ae2081f,0.0001
CLM-00775,POL-ICIC-849375-158,ICICI Lombard General Insurance,0x90F79bf6EB2c4f870365E785982E1f101E93b906,IRDAI-REG-115,Vidal Health TPA,Pooja Rao,849375,0xf18ae59aefc0b67134558fc02e44feea0636dd0a,Apex Diagnostic & Pathology Hub,0x04Fee3FD1B338d12FFD6dBD8d66dE1e8e0BB99cB,Dr. Sarah Jenkins,NMC-48192,A90,Dengue fever [classical dengue],Infectious Disease,34108.59,32403.16,1705.43,0%,Approved & Settled,Ledger Verified & Payout Secured,Active - Full Disclosure,Emergency Admission Record; Diagnostic Imaging CT/MRI,Insurance Claim Adjudication & Pre-Auth Verification,24 Hours (Statutory Emergency Window),AES-256-GCM,vault-transit-key-0xf18ae59a,Qmf50f51cdcda2f2e23b61151ed079951d948a48e5d961,0.0.4891024,3775,2026-09-13 12:11:28 UTC,0x674c0009eb3f0e8d1b8cd95986ae7178ad403a24cbefd0e3d136eb97ace744ac,0.0001
CLM-00776,POL-HDFC-849376-860,HDFC ERGO Health Insurance,0x3C44CdDdB6a900fa2b585dd299e03d12FA4293BC,IRDAI-REG-146,Paramount TPA,Meera Reddy,849376,0x16acdafc948028707dfb67f98420a9fdd88c695c,Apex Diagnostic & Pathology Hub,0x04Fee3FD1B338d12FFD6dBD8d66dE1e8e0BB99cB,Dr. Ananya Roy,NMC-51203,A90,Dengue fever [classical dengue],Infectious Disease,29790.19,25321.66,1489.51,10%,Approved & Settled,Ledger Verified & Payout Secured,Active - Full Disclosure,Diagnosis; Lab Reports; Itemized Pharmacy Bill,Insurance Claim Adjudication & Pre-Auth Verification,24 Hours (Statutory Emergency Window),AES-256-GCM,vault-transit-key-0x16acdafc,Qm3e13f53107cfc2a8c64764fdb82d493533adc220fbea,0.0.4891024,3776,2026-09-13 12:11:30 UTC,0xa43eec05d5b746ffd55e7f0154f0199103bf5082f5c6c0b2f33ee7867123cc88,0.0001
CLM-00777,POL-CARE-849377-701,Care Health Insurance (Religare),0x15d34AAf54267DB7D7c367839AAf71A00a2C6A65,IRDAI-REG-148,Heritage Health TPA,Varun Ghosh,849377,0x2707e2a546a09cef92eca3b8f59b28dd36a637c5,Max Super Speciality Cancer Institute,0x28B7eA94B34C8F52D19E50Eb14769Da20F5D54b4,Dr. Rohan Patel,NMC-11029,G40.909,"Epilepsy, unspecified, without status epilepticus",Neurology,41636.19,31227.14,2081.81,20%,Approved & Settled,Ledger Verified & Payout Secured,Active - Full Disclosure,Lab Reports; Diagnosis; Treatment History; Discharge Summary,Insurance Claim Adjudication & Pre-Auth Verification,24 Hours (Statutory Emergency Window),AES-256-GCM,vault-transit-key-0x2707e2a5,Qm8c5b04ed955f1d3bb16ff81b60ab8c623c254c2d8d3c,0.0.4891024,3777,2026-09-13 12:11:32 UTC,0x75f35302774d690af4811776ede131bf2518f92ac2092531be1cf73b02241970,0.0001
CLM-00778,POL-CARE-849378-638,Care Health Insurance (Religare),0x15d34AAf54267DB7D7c367839AAf71A00a2C6A65,IRDAI-REG-148,Heritage Health TPA,Vikas Patel,849378,0x3f90efaf5904e64b07fc99c0fb2f64e6e7013b40,Apex Diagnostic & Pathology Hub,0x04Fee3FD1B338d12FFD6dBD8d66dE1e8e0BB99cB,Dr. Sunita Narang,NMC-90812,C50.919,Malignant neoplasm of female breast,Oncology,398240.44,313592.35,5000.0,20%,Approved & Settled,Ledger Verified & Payout Secured,Active - Full Disclosure,Lab Reports; Diagnosis; Treatment History; Discharge Summary,Insurance Claim Adjudication & Pre-Auth Verification,24 Hours (Statutory Emergency Window),AES-256-GCM,vault-transit-key-0x3f90efaf,Qm4c9b47e6d3b4f1b793f01307448bc921c2e2dc2a8b91,0.0.4891024,3778,2026-09-13 12:11:33 UTC,0x6de89889d1533a750b7b938e6b2fc538f2110cc6929133b1684581c2ede63415,0.0001
CLM-00779,POL-CARE-849379-500,Care Health Insurance (Religare),0x15d34AAf54267DB7D7c367839AAf71A00a2C6A65,IRDAI-REG-148,Heritage Health TPA,Riya Kulkarni,849379,0xbfb14cfcd382fe536224361d7311698fbf7e48fc,Fortis Memorial Neuro & Trauma Center,0x84f93618C1D541bB1Dcf1373A8eE500A7D439634,Dr. Preeti Deshmukh,NMC-82194,G40.909,"Epilepsy, unspecified, without status epilepticus",Neurology,49386.22,41978.29,2469.31,10%,Approved & Settled,Ledger Verified & Payout Secured,Active - Full Disclosure,Diagnosis; Lab Reports; Itemized Pharmacy Bill,Insurance Claim Adjudication & Pre-Auth Verification,24 Hours (Statutory Emergency Window),AES-256-GCM,vault-transit-key-0xbfb14cfc,Qmb02d76864fea187e3022f191910ffef29e6215562c93,0.0.4891024,3779,2026-09-13 12:11:36 UTC,0x8ad76da846e558ad326abd40fd9f2b2d801bd93b197c09c6eed765ad5960d92f,0.0001
CLM-00780,POL-CARE-849380-502,Care Health Insurance (Religare),0x15d34AAf54267DB7D7c367839AAf71A00a2C6A65,IRDAI-REG-148,Heritage Health TPA,Varun Banerjee,849380,0xd37637516b14b38532e091d0cfe3bb006a60b6a3,Max Super Speciality Cancer Institute,0x28B7eA94B34C8F52D19E50Eb14769Da20F5D54b4,Dr. Preeti Deshmukh,NMC-82194,I21.9,"Acute myocardial infarction, unspecified",Cardiology,297525.58,292525.58,5000.0,0%,Approved & Settled,Ledger Verified & Payout Secured,Active - Full Disclosure,Diagnosis; Lab Reports; Itemized Pharmacy Bill,Insurance Claim Adjudication & Pre-Auth Verification,24 Hours (Statutory Emergency Window),AES-256-GCM,vault-transit-key-0xd3763751,Qmc7c19b978d4f83212bf73bd5eb74b70950a6528a0924,0.0.4891024,3780,2026-09-13 12:11:37 UTC,0x9a724a5757b331d0d4252cb269512bbbcbda2d181f810899bf7a0eb2a3512199,0.0001
CLM-00781,POL-STAR-849381-880,Star Health & Allied Insurance,0x70997970C51812dc3A010C7d01b50e0d17dc79C8,IRDAI-REG-129,MediAssist TPA,Geeta Choudhury,849381,0x32d59a35e4590ed9511ba92226e81cf034099817,Max Super Speciality Cancer Institute,0x28B7eA94B34C8F52D19E50Eb14769Da20F5D54b4,Dr. Ananya Roy,NMC-51203,K21.9,Gastro-esophageal reflux disease,Gastroenterology,14359.63,11487.71,717.98,15%,Approved & Settled,Ledger Verified & Payout Secured,Active - Full Disclosure,Lab Reports; Diagnosis; Treatment History; Discharge Summary,Insurance Claim Adjudication & Pre-Auth Verification,24 Hours (Statutory Emergency Window),AES-256-GCM,vault-transit-key-0x32d59a35,Qm8cf550501b39665a49b5cf9262028c5b1c2abf1e97b0,0.0.4891024,3781,2026-09-13 12:11:40 UTC,0xb4acd28f4f0ba11cdefb20de2d07f0d93266659f5b82c3c7f02268576211d122,0.0001
CLM-00782,POL-CARE-849382-618,Care Health Insurance (Religare),0x15d34AAf54267DB7D7c367839AAf71A00a2C6A65,IRDAI-REG-148,Heritage Health TPA,Sakshi Kapoor,849382,0x87cba44f258fa4d77c2e97e2c6ba1eec09ab247a,Max Super Speciality Cancer Institute,0x28B7eA94B34C8F52D19E50Eb14769Da20F5D54b4,Dr. Vikram Seth,NMC-99014,C50.919,Malignant neoplasm of female breast,Oncology,349632.61,344632.61,5000.0,0%,Approved & Settled,Ledger Verified & Payout Secured,Active - Full Disclosure,Emergency Admission Record; Diagnostic Imaging CT/MRI,Insurance Claim Adjudication & Pre-Auth Verification,24 Hours (Statutory Emergency Window),AES-256-GCM,vault-transit-key-0x87cba44f,Qmdced8b5b7df3d57763a40a2de2eb3f6be4b89d460d71,0.0.4891024,3782,2026-09-13 12:11:41 UTC,0x15da9255a11089647db670ad1527b5111de85bdd3e325731e1916e0ecff428bd,0.0001
CLM-00783,POL-CARE-849383-110,Care Health Insurance (Religare),0x15d34AAf54267DB7D7c367839AAf71A00a2C6A65,IRDAI-REG-148,Heritage Health TPA,Sameer Menon,849383,0x4b3cb72afb3738deddb17d43f161057c66441e0e,Max Super Speciality Cancer Institute,0x28B7eA94B34C8F52D19E50Eb14769Da20F5D54b4,Dr. Ananya Roy,NMC-51203,I10,Essential (primary) hypertension,Cardiology,28864.02,24534.42,1443.2,10%,Approved & Settled,Ledger Verified & Payout Secured,Active - Full Disclosure,Emergency Admission Record; Diagnostic Imaging CT/MRI,Insurance Claim Adjudication & Pre-Auth Verification,24 Hours (Statutory Emergency Window),AES-256-GCM,vault-transit-key-0x4b3cb72a,Qme4575e47dc689cb9b486469d52183166c4210686a81d,0.0.4891024,3783,2026-09-13 12:11:43 UTC,0xd6c99574742d933af3e7e4f9ca65cd16bc104d8635b42144a0edb6bba72f247b,0.0001
CLM-00784,POL-STAR-849384-830,Star Health & Allied Insurance,0x70997970C51812dc3A010C7d01b50e0d17dc79C8,IRDAI-REG-129,MediAssist TPA,Yashwanth Patel,849384,0xe0ad651bdfd9671e91f781c73a3e93a0babd7544,Apex Diagnostic & Pathology Hub,0x04Fee3FD1B338d12FFD6dBD8d66dE1e8e0BB99cB,Dr. Preeti Deshmukh,NMC-82194,C50.919,Malignant neoplasm of female breast,Oncology,504453.15,449007.84,5000.0,10%,Approved & Settled,Ledger Verified & Payout Secured,Active - Full Disclosure,Discharge Summary; Surgical Notes; Lab Reports,Insurance Claim Adjudication & Pre-Auth Verification,24 Hours (Statutory Emergency Window),AES-256-GCM,vault-transit-key-0xe0ad651b,Qm94d2fd3d98e107913795f49791e29e783db0430676de,0.0.4891024,3784,2026-09-13 12:11:45 UTC,0x6e067bbd35bb3321ca65c76c6aef060cc7bc9ae3d5d02224a26852be19710952,0.0001
CLM-00785,POL-STAR-849385-401,Star Health & Allied Insurance,0x70997970C51812dc3A010C7d01b50e0d17dc79C8,IRDAI-REG-129,MediAssist TPA,Meera Ghosh,849385,0xd2b96a3c63dbbf9aa1efb47de2a641721c2ac7a9,Apex Diagnostic & Pathology Hub,0x04Fee3FD1B338d12FFD6dBD8d66dE1e8e0BB99cB,Dr. Sarah Jenkins,NMC-48192,E11.9,Type 2 diabetes mellitus without complications,Endocrinology,17683.56,13262.67,884.18,20%,Approved & Settled,Ledger Verified & Payout Secured,Active - Full Disclosure,Lab Reports; Diagnosis; Treatment History; Discharge Summary,Insurance Claim Adjudication & Pre-Auth Verification,24 Hours (Statutory Emergency Window),AES-256-GCM,vault-transit-key-0xd2b96a3c,Qm5b088ec4b616ed28cfebdc7cab5765d666d6e15c6099,0.0.4891024,3785,2026-09-13 12:11:47 UTC,0xce1bf5044a2af049f01ef4566702efd9edfd86f4b860b1c89dfc30f65567cdb8,0.0001
CLM-00786,POL-CARE-849386-831,Care Health Insurance (Religare),0x15d34AAf54267DB7D7c367839AAf71A00a2C6A65,IRDAI-REG-148,Heritage Health TPA,Rakesh Gupta,849386,0x5b995b342eceebf2583c62f9474e0605db1995fd,Fortis Memorial Neuro & Trauma Center,0x84f93618C1D541bB1Dcf1373A8eE500A7D439634,Dr. Rajesh Sharma,NMC-78491,C50.919,Malignant neoplasm of female breast,Oncology,347890.07,308101.06,5000.0,10%,Approved & Settled,Ledger Verified & Payout Secured,Active - Full Disclosure,Lab Reports; Diagnosis; Treatment History; Discharge Summary,Insurance Claim Adjudication & Pre-Auth Verification,24 Hours (Statutory Emergency Window),AES-256-GCM,vault-transit-key-0x5b995b34,Qma1edeb16bd9f60229a7329269415dd219834feef4993,0.0.4891024,3786,2026-09-13 12:11:49 UTC,0x27c5346db52490bb48b8ef00b5c4e5ea38280faca7603b1a6189d468df18521e,0.0001
CLM-00787,POL-STAR-849387-554,Star Health & Allied Insurance,0x70997970C51812dc3A010C7d01b50e0d17dc79C8,IRDAI-REG-129,MediAssist TPA,Chetan Kulkarni,849387,0xe2bb7ed5c41e37503e03d7dfd30f1f5284b1e970,Care & Cure Pediatric & Maternity Hospital,0x937F51E09477BfD31E56c5e533038a8eEAc096b7,Dr. Preeti Deshmukh,NMC-82194,G40.909,"Epilepsy, unspecified, without status epilepticus",Neurology,38790.65,36851.12,1939.53,0%,Approved & Settled,Ledger Verified & Payout Secured,Active - Full Disclosure,Emergency Admission Record; Diagnostic Imaging CT/MRI,Insurance Claim Adjudication & Pre-Auth Verification,24 Hours (Statutory Emergency Window),AES-256-GCM,vault-transit-key-0xe2bb7ed5,Qm7e7e858c0696140465f82c285bf2669f766d6ae4b65d,0.0.4891024,3787,2026-09-13 12:11:51 UTC,0x3d0ca1c56426f0b02b2b800da4e84c92867e3a1f32fda385b2764ea89436e46e,0.0001
CLM-00788,POL-HDFC-849388-531,HDFC ERGO Health Insurance,0x3C44CdDdB6a900fa2b585dd299e03d12FA4293BC,IRDAI-REG-146,Paramount TPA,Priyanka Bhatia,849388,0xc1ff16eaa24ae0e7a5928232ae639e86d09a084d,Max Super Speciality Cancer Institute,0x28B7eA94B34C8F52D19E50Eb14769Da20F5D54b4,Dr. Sarah Jenkins,NMC-48192,I10,Essential (primary) hypertension,Cardiology,26008.38,24707.96,1300.42,0%,Approved & Settled,Ledger Verified & Payout Secured,Active - Full Disclosure,Diagnosis; Lab Reports; Itemized Pharmacy Bill,Insurance Claim Adjudication & Pre-Auth Verification,24 Hours (Statutory Emergency Window),AES-256-GCM,vault-transit-key-0xc1ff16ea,Qma74adb358f736ce5b2f386a39a083484e8ea6b93a1ba,0.0.4891024,3788,2026-09-13 12:11:53 UTC,0xd812d12aa9c775d12688a1f20ad07b676996ad77324e531e823447941a3d7260,0.0001
CLM-00789,POL-STAR-849389-145,Star Health & Allied Insurance,0x70997970C51812dc3A010C7d01b50e0d17dc79C8,IRDAI-REG-129,MediAssist TPA,Deepak Rao,849389,0x2ffb96552ac637492af8c8dabe20d01f5aad98f5,Max Super Speciality Cancer Institute,0x28B7eA94B34C8F52D19E50Eb14769Da20F5D54b4,Dr. Preeti Deshmukh,NMC-82194,E11.9,Type 2 diabetes mellitus without complications,Endocrinology,20110.54,0.0,1005.53,0%,Pending Adjudication,Audit Logged - Under Verification,Active - Time-Bound Access,Discharge Summary; Surgical Notes; Lab Reports,Insurance Claim Adjudication & Pre-Auth Verification,24 Hours (Statutory Emergency Window),AES-256-GCM,vault-transit-key-0x2ffb9655,Qm896a4cff2b56bb7746dacce678f6f71bec8857e76b9f,0.0.4891024,3789,2026-09-13 12:11:55 UTC,0xf83e1be20958fba721b6c4e4d98908952632b8bbd2726f3f908cb13f80cbf010,0.0001
CLM-00790,POL-HDFC-849390-223,HDFC ERGO Health Insurance,0x3C44CdDdB6a900fa2b585dd299e03d12FA4293BC,IRDAI-REG-146,Paramount TPA,Nikhil Agarwal,849390,0xeec55bbd981156ec61a0345fee1e40c07ecfe648,Apex Diagnostic & Pathology Hub,0x04Fee3FD1B338d12FFD6dBD8d66dE1e8e0BB99cB,Dr. Ananya Roy,NMC-51203,K21.9,Gastro-esophageal reflux disease,Gastroenterology,12557.3,11929.43,627.87,0%,Approved & Settled,Ledger Verified & Payout Secured,Active - Full Disclosure,Diagnosis; Lab Reports; Itemized Pharmacy Bill,Insurance Claim Adjudication & Pre-Auth Verification,24 Hours (Statutory Emergency Window),AES-256-GCM,vault-transit-key-0xeec55bbd,Qmaf7b83ae0ee62c0e981a33f663b3c9de5a61f4889f60,0.0.4891024,3790,2026-09-13 12:11:56 UTC,0xa71b8e87d0de6b8b90d0e987983083b9abbd1dd7a28a551c14f53d422e818f13,0.0001
CLM-00791,POL-ICIC-849391-569,ICICI Lombard General Insurance,0x90F79bf6EB2c4f870365E785982E1f101E93b906,IRDAI-REG-115,Vidal Health TPA,Sneha Kulkarni,849391,0x22db7c82bdc4936f98051db4978199eaaa84dac7,Apollo Multispecialty Hospital,0x155Af6ECaFb48861dA7d16Fb8Af2f6ce9d6DD779,Dr. Ananya Roy,NMC-51203,C50.919,Malignant neoplasm of female breast,Oncology,379636.45,0.0,5000.0,15%,Pending Adjudication,Audit Logged - Under Verification,Active - Time-Bound Access,Discharge Summary; Surgical Notes; Lab Reports,Insurance Claim Adjudication & Pre-Auth Verification,24 Hours (Statutory Emergency Window),AES-256-GCM,vault-transit-key-0x22db7c82,Qme0539535772d09fcd6ed4243b2d0484900ac640396bf,0.0.4891024,3791,2026-09-13 12:11:58 UTC,0xd3d7123746fa8eb0ce2956b8d2c7c4f6139673d60266cd7d1ccfcb12f47db681,0.0001
CLM-00792,POL-HDFC-849392-204,HDFC ERGO Health Insurance,0x3C44CdDdB6a900fa2b585dd299e03d12FA4293BC,IRDAI-REG-146,Paramount TPA,Deepak Swaminathan,849392,0x1b8692641013eea5efa18d3499569f8120ea49c1,Care & Cure Pediatric & Maternity Hospital,0x937F51E09477BfD31E56c5e533038a8eEAc096b7,Dr. Vikram Seth,NMC-99014,A90,Dengue fever [classical dengue],Infectious Disease,39060.45,33201.39,1953.02,10%,Approved & Settled,Ledger Verified & Payout Secured,Active - Full Disclosure,Lab Reports; Diagnosis; Treatment History; Discharge Summary,Insurance Claim Adjudication & Pre-Auth Verification,24 Hours (Statutory Emergency Window),AES-256-GCM,vault-transit-key-0x1b869264,Qmaeabc3cd69a3c69204f1f48657bf3d15ffd74159a8f0,0.0.4891024,3792,2026-09-13 12:12:01 UTC,0x5231ec93b5eaac195f065c111e7da964151173b2b28260f542102670800fce02,0.0001
CLM-00793,POL-CARE-849393-750,Care Health Insurance (Religare),0x15d34AAf54267DB7D7c367839AAf71A00a2C6A65,IRDAI-REG-148,Heritage Health TPA,Sakshi Kulkarni,849393,0xd27e780b23770c119c62dbb9ede8c3864590fef6,Max Super Speciality Cancer Institute,0x28B7eA94B34C8F52D19E50Eb14769Da20F5D54b4,Dr. Vikram Seth,NMC-99014,E11.9,Type 2 diabetes mellitus without complications,Endocrinology,22991.29,0.0,1149.56,15%,Rejected - Policy Exclusion,Rejected with Ledger Audit Reason,Expired / Revoked,Emergency Admission Record; Diagnostic Imaging CT/MRI,Insurance Claim Adjudication & Pre-Auth Verification,24 Hours (Statutory Emergency Window),AES-256-GCM,vault-transit-key-0xd27e780b,Qme00f4ca64c42cecc3b6017f91800cb74ab7aec6dc231,0.0.4891024,3793,2026-09-13 12:12:02 UTC,0x29314379b35290a3db012769c7b703777f18d9c790118872a9be6a27a9a0694f,0.0001
CLM-00794,POL-NIVA-849394-623,Niva Bupa Health Insurance,0x9965507D1a55bcC2695C58ba16FB37d819B0A4dc,IRDAI-REG-145,MDIndia Health TPA,Sameer Sharma,849394,0x4210a1afadbd5b9378f7febacddb5545bdd25cde,Apex Diagnostic & Pathology Hub,0x04Fee3FD1B338d12FFD6dBD8d66dE1e8e0BB99cB,Dr. Ananya Roy,NMC-51203,K21.9,Gastro-esophageal reflux disease,Gastroenterology,14853.33,12625.33,742.67,10%,Approved & Settled,Ledger Verified & Payout Secured,Active - Full Disclosure,Lab Reports; Diagnosis; Treatment History; Discharge Summary,Insurance Claim Adjudication & Pre-Auth Verification,24 Hours (Statutory Emergency Window),AES-256-GCM,vault-transit-key-0x4210a1af,Qme25d2ccce4b6069b55d50d0f63c0d71b79cf9b0e4f2f,0.0.4891024,3794,2026-09-13 12:12:04 UTC,0x273043e2566239c7d18e56ab1f0244aebfb2345402500b64b41a6988e8926acb,0.0001
CLM-00795,POL-STAR-849395-875,Star Health & Allied Insurance,0x70997970C51812dc3A010C7d01b50e0d17dc79C8,IRDAI-REG-129,MediAssist TPA,Aditi Agarwal,849395,0xe2cdd14a08d20cbd7a3ddb24e5d1f30d0f570b3f,Fortis Memorial Neuro & Trauma Center,0x84f93618C1D541bB1Dcf1373A8eE500A7D439634,Dr. Rajesh Sharma,NMC-78491,K21.9,Gastro-esophageal reflux disease,Gastroenterology,12619.94,11988.94,631.0,0%,Approved & Settled,Ledger Verified & Payout Secured,Active - Full Disclosure,Discharge Summary; Surgical Notes; Lab Reports,Insurance Claim Adjudication & Pre-Auth Verification,24 Hours (Statutory Emergency Window),AES-256-GCM,vault-transit-key-0xe2cdd14a,Qm7cb2bb09e154fb4dfe868d6fd9f558619baf6150fd0e,0.0.4891024,3795,2026-09-13 12:12:07 UTC,0xeb60278d8b26ab0b7dfd4c12a270dca839790e49e48aef334c006518aeb818e8,0.0001
CLM-00796,POL-HDFC-849396-343,HDFC ERGO Health Insurance,0x3C44CdDdB6a900fa2b585dd299e03d12FA4293BC,IRDAI-REG-146,Paramount TPA,Riya Iyer,849396,0x2b2ba3c295f8b7362d4995ec67cdc254def244e6,Care & Cure Pediatric & Maternity Hospital,0x937F51E09477BfD31E56c5e533038a8eEAc096b7,Dr. Rajesh Sharma,NMC-78491,I10,Essential (primary) hypertension,Cardiology,37492.72,0.0,1874.64,20%,Pending Adjudication,Audit Logged - Under Verification,Active - Time-Bound Access,Discharge Summary; Surgical Notes; Lab Reports,Insurance Claim Adjudication & Pre-Auth Verification,24 Hours (Statutory Emergency Window),AES-256-GCM,vault-transit-key-0x2b2ba3c2,Qmeabe0a6f77eede2ba069f295a7f4aa99a9852a939cd3,0.0.4891024,3796,2026-09-13 12:12:08 UTC,0xf22b114d95bdea26da8c3c3d7c2224b10a9149b571685cd8ff03f4278e1903ba,0.0001
CLM-00797,POL-STAR-849397-763,Star Health & Allied Insurance,0x70997970C51812dc3A010C7d01b50e0d17dc79C8,IRDAI-REG-129,MediAssist TPA,Rakesh Mehta,849397,0x9ff7206d37fd603a2f18dc935ededa415bc62da8,Apex Diagnostic & Pathology Hub,0x04Fee3FD1B338d12FFD6dBD8d66dE1e8e0BB99cB,Dr. Sunita Narang,NMC-90812,K21.9,Gastro-esophageal reflux disease,Gastroenterology,15821.5,15030.42,791.08,0%,Approved & Settled,Ledger Verified & Payout Secured,Active - Full Disclosure,Discharge Summary; Surgical Notes; Lab Reports,Insurance Claim Adjudication & Pre-Auth Verification,24 Hours (Statutory Emergency Window),AES-256-GCM,vault-transit-key-0x9ff7206d,Qmd145a85c1393da9fa9baf6519e8654edf4bf812def64,0.0.4891024,3797,2026-09-13 12:12:10 UTC,0xecb58f8f8fbbc5347d8a76b311deb027285e2ecfedb37a796d45599c04e63c08,0.0001
CLM-00798,POL-NIVA-849398-920,Niva Bupa Health Insurance,0x9965507D1a55bcC2695C58ba16FB37d819B0A4dc,IRDAI-REG-145,MDIndia Health TPA,Priyanka Iyer,849398,0xda4552d3c27a1e39348002c3cb85c30cccad5304,Apollo Multispecialty Hospital,0x155Af6ECaFb48861dA7d16Fb8Af2f6ce9d6DD779,Dr. Preeti Deshmukh,NMC-82194,C50.919,Malignant neoplasm of female breast,Oncology,459536.82,0.0,5000.0,10%,Pending Adjudication,Audit Logged - Under Verification,Active - Time-Bound Access,Emergency Admission Record; Diagnostic Imaging CT/MRI,Insurance Claim Adjudication & Pre-Auth Verification,24 Hours (Statutory Emergency Window),AES-256-GCM,vault-transit-key-0xda4552d3,Qm2ed5334fe02efd28de831911861c191b1b691e085f6b,0.0.4891024,3798,2026-09-13 12:12:12 UTC,0xac56fa2e3e96b8945778abfa16839aa1b09559e9f4f2fb4a707531191e64cdcc,0.0001
CLM-00799,POL-CARE-849399-171,Care Health Insurance (Religare),0x15d34AAf54267DB7D7c367839AAf71A00a2C6A65,IRDAI-REG-148,Heritage Health TPA,Sakshi Nair,849399,0x02694f246353e300f09c14557099eda9b9755e8f,Apollo Multispecialty Hospital,0x155Af6ECaFb48861dA7d16Fb8Af2f6ce9d6DD779,Dr. Sarah Jenkins,NMC-48192,A90,Dengue fever [classical dengue],Infectious Disease,42532.72,0.0,2126.64,0%,Pending Adjudication,Audit Logged - Under Verification,Active - Time-Bound Access,Diagnosis; Lab Reports; Itemized Pharmacy Bill,Insurance Claim Adjudication & Pre-Auth Verification,24 Hours (Statutory Emergency Window),AES-256-GCM,vault-transit-key-0x02694f24,Qmc4ff96278466c04eedc113dfb5d4cb64b243d7d221da,0.0.4891024,3799,2026-09-13 12:12:14 UTC,0x2383ff0df69eee374f184c293ea6f70f0a0a790571fdbcd33a2fe8680bb2d9da,0.0001
CLM-00800,POL-HDFC-849400-341,HDFC ERGO Health Insurance,0x3C44CdDdB6a900fa2b585dd299e03d12FA4293BC,IRDAI-REG-146,Paramount TPA,Kavya Patel,849400,0xcce001d378a6ccab3e083c8cebc617b502ca1673,Apex Diagnostic & Pathology Hub,0x04Fee3FD1B338d12FFD6dBD8d66dE1e8e0BB99cB,Dr. Rohan Patel,NMC-11029,C50.919,Malignant neoplasm of female breast,Oncology,428769.6,0.0,5000.0,20%,Pending Adjudication,Audit Logged - Under Verification,Active - Time-Bound Access,Discharge Summary; Surgical Notes; Lab Reports,Insurance Claim Adjudication & Pre-Auth Verification,24 Hours (Statutory Emergency Window),AES-256-GCM,vault-transit-key-0xcce001d3,Qmbaa534ab7b42658595c0546ade2fd5c29d475b0a905f,0.0.4891024,3800,2026-09-13 12:12:16 UTC,0x179fcc6de415de1cab567c4c2a09685556f1f58d96a9d1fceb404b91a9920a6f,0.0001
CLM-00801,POL-CARE-849401-410,Care Health Insurance (Religare),0x15d34AAf54267DB7D7c367839AAf71A00a2C6A65,IRDAI-REG-148,Heritage Health TPA,Nikhil Rao,849401,0x6bf3f1289da0ae975adf858eca174b1660b20697,Max Super Speciality Cancer Institute,0x28B7eA94B34C8F52D19E50Eb14769Da20F5D54b4,Dr. Rohan Patel,NMC-11029,C50.919,Malignant neoplasm of female breast,Oncology,390795.34,0.0,5000.0,20%,Rejected - Policy Exclusion,Rejected with Ledger Audit Reason,Expired / Revoked,Diagnosis; Lab Reports; Itemized Pharmacy Bill,Insurance Claim Adjudication & Pre-Auth Verification,24 Hours (Statutory Emergency Window),AES-256-GCM,vault-transit-key-0x6bf3f128,Qm61f202f08d323b9f0c7b5aa1ff9e3b61c98fbe84819a,0.0.4891024,3801,2026-09-13 12:12:18 UTC,0x1286f236e3ad094bc8b6c728fc9c1d558325ede2086111fa8813fab6c54cd7c6,0.0001
CLM-00802,POL-ICIC-849402-582,ICICI Lombard General Insurance,0x90F79bf6EB2c4f870365E785982E1f101E93b906,IRDAI-REG-115,Vidal Health TPA,Amit Patel,849402,0x5cd10b34ccaabcd552898c545ecb31318205b9b6,Care & Cure Pediatric & Maternity Hospital,0x937F51E09477BfD31E56c5e533038a8eEAc096b7,Dr. Ananya Roy,NMC-51203,E11.9,Type 2 diabetes mellitus without complications,Endocrinology,20324.46,0.0,1016.22,20%,Pending Adjudication,Audit Logged - Under Verification,Active - Time-Bound Access,Emergency Admission Record; Diagnostic Imaging CT/MRI,Insurance Claim Adjudication & Pre-Auth Verification,24 Hours (Statutory Emergency Window),AES-256-GCM,vault-transit-key-0x5cd10b34,Qm5e24de5036ab6d248d88b5a10a5648a106449fefef2b,0.0.4891024,3802,2026-09-13 12:12:19 UTC,0xdb57a492be331a1166bc643dbc2f42c2233983702ed030168c92861250beb5b0,0.0001
CLM-00803,POL-STAR-849403-666,Star Health & Allied Insurance,0x70997970C51812dc3A010C7d01b50e0d17dc79C8,IRDAI-REG-129,MediAssist TPA,Siddharth Kapoor,849403,0x22798fe7c5574fed372a4fad4e810783af2db315,Fortis Memorial Neuro & Trauma Center,0x84f93618C1D541bB1Dcf1373A8eE500A7D439634,Dr. Rohan Patel,NMC-11029,E11.9,Type 2 diabetes mellitus without complications,Endocrinology,22699.35,18159.48,1134.97,15%,Approved & Settled,Ledger Verified & Payout Secured,Active - Full Disclosure,Discharge Summary; Surgical Notes; Lab Reports,Insurance Claim Adjudication & Pre-Auth Verification,24 Hours (Statutory Emergency Window),AES-256-GCM,vault-transit-key-0x22798fe7,Qm82b41fd6efd38fa16b23c8a4245c7d26f470d51a379d,0.0.4891024,3803,2026-09-13 12:12:22 UTC,0x5fa0938ac6e32c9696c8ec5cff476e8497707d82ce332b43873d668acfbcd21c,0.0001
CLM-00804,POL-NIVA-849404-441,Niva Bupa Health Insurance,0x9965507D1a55bcC2695C58ba16FB37d819B0A4dc,IRDAI-REG-145,MDIndia Health TPA,Riya Joshi,849404,0xbe89802aa762ed0d6ff91fc0c06587fbf693c7ba,Apex Diagnostic & Pathology Hub,0x04Fee3FD1B338d12FFD6dBD8d66dE1e8e0BB99cB,Dr. Ananya Roy,NMC-51203,I21.9,"Acute myocardial infarction, unspecified",Cardiology,235566.36,183453.09,5000.0,20%,Approved & Settled,Ledger Verified & Payout Secured,Active - Full Disclosure,Diagnosis; Lab Reports; Itemized Pharmacy Bill,Insurance Claim Adjudication & Pre-Auth Verification,24 Hours (Statutory Emergency Window),AES-256-GCM,vault-transit-key-0xbe89802a,Qm664699554c9d55e7cf7e3bc36d62b06a8577a6abfb4c,0.0.4891024,3804,2026-09-13 12:12:23 UTC,0xff8243d3a8054385d8710fd1829df8779c3119bddb795a5915299568019059c2,0.0001
CLM-00805,POL-NIVA-849405-525,Niva Bupa Health Insurance,0x9965507D1a55bcC2695C58ba16FB37d819B0A4dc,IRDAI-REG-145,MDIndia Health TPA,Aarav Mukherjee,849405,0x163fde44457026665a4d85e689d57f0e1302b0a9,Fortis Memorial Neuro & Trauma Center,0x84f93618C1D541bB1Dcf1373A8eE500A7D439634,Dr. Ananya Roy,NMC-51203,K21.9,Gastro-esophageal reflux disease,Gastroenterology,16539.1,13231.28,826.95,15%,Approved & Settled,Ledger Verified & Payout Secured,Active - Full Disclosure,Discharge Summary; Surgical Notes; Lab Reports,Insurance Claim Adjudication & Pre-Auth Verification,24 Hours (Statutory Emergency Window),AES-256-GCM,vault-transit-key-0x163fde44,Qm405a07ae16c2d1521d5342056406bbaa4c1ef1771e4b,0.0.4891024,3805,2026-09-13 12:12:26 UTC,0xc8999630e066546ce1858749df34afb9864b8180d543d713608f0dcf221f6b07,0.0001
CLM-00806,POL-CARE-849406-679,Care Health Insurance (Religare),0x15d34AAf54267DB7D7c367839AAf71A00a2C6A65,IRDAI-REG-148,Heritage Health TPA,Lata Patel,849406,0x60af6a8e5ff8060830bfef110ac9f8ebd4e1e30e,Apollo Multispecialty Hospital,0x155Af6ECaFb48861dA7d16Fb8Af2f6ce9d6DD779,Dr. Sarah Jenkins,NMC-48192,K21.9,Gastro-esophageal reflux disease,Gastroenterology,12163.29,0.0,608.16,20%,Rejected - Policy Exclusion,Rejected with Ledger Audit Reason,Expired / Revoked,Discharge Summary; Surgical Notes; Lab Reports,Insurance Claim Adjudication & Pre-Auth Verification,24 Hours (Statutory Emergency Window),AES-256-GCM,vault-transit-key-0x60af6a8e,Qm5b29ad0cca7fba8db6e8771f7d2536901cf010767274,0.0.4891024,3806,2026-09-13 12:12:28 UTC,0x8cccae24ca4690fcd1dc4adf4af4ba71a85dfe08fffdb78765094e24d144957e,0.0001
CLM-00807,POL-ICIC-849407-534,ICICI Lombard General Insurance,0x90F79bf6EB2c4f870365E785982E1f101E93b906,IRDAI-REG-115,Vidal Health TPA,Anand Kulkarni,849407,0x69fa6d8d14a4220ccac13bcd6694ad0fb51a4979,Apollo Multispecialty Hospital,0x155Af6ECaFb48861dA7d16Fb8Af2f6ce9d6DD779,Dr. Preeti Deshmukh,NMC-82194,K21.9,Gastro-esophageal reflux disease,Gastroenterology,15388.11,13079.89,769.41,10%,Approved & Settled,Ledger Verified & Payout Secured,Active - Full Disclosure,Discharge Summary; Surgical Notes; Lab Reports,Insurance Claim Adjudication & Pre-Auth Verification,24 Hours (Statutory Emergency Window),AES-256-GCM,vault-transit-key-0x69fa6d8d,Qme6ffc015e55b4ffb59c1d003aa12483044fdb33a694a,0.0.4891024,3807,2026-09-13 12:12:30 UTC,0xe704f91e8797702a91a33fde4bb880ea425e9fedda0c58ab623f81df00cdffb2,0.0001
CLM-00808,POL-HDFC-849408-797,HDFC ERGO Health Insurance,0x3C44CdDdB6a900fa2b585dd299e03d12FA4293BC,IRDAI-REG-146,Paramount TPA,Aditi Pillai,849408,0x40028eff988c319496e2985e36d0f4cad0d78ab9,Fortis Memorial Neuro & Trauma Center,0x84f93618C1D541bB1Dcf1373A8eE500A7D439634,Dr. Rohan Patel,NMC-11029,A90,Dengue fever [classical dengue],Infectious Disease,30922.09,0.0,1546.1,10%,Pending Adjudication,Audit Logged - Under Verification,Active - Time-Bound Access,Diagnosis; Lab Reports; Itemized Pharmacy Bill,Insurance Claim Adjudication & Pre-Auth Verification,24 Hours (Statutory Emergency Window),AES-256-GCM,vault-transit-key-0x40028eff,Qm69d29950c1b86e45beefaa606411830de5de89a23d4e,0.0.4891024,3808,2026-09-13 12:12:31 UTC,0x2697a107e0a2abcda1faf6ea0dab30a999f4c9ad2ac5942c57d1566df84c7d2e,0.0001
CLM-00809,POL-STAR-849409-630,Star Health & Allied Insurance,0x70997970C51812dc3A010C7d01b50e0d17dc79C8,IRDAI-REG-129,MediAssist TPA,Ishaan Gowda,849409,0x057c84dd8283ee9bfc785bee4a0c5b0a9a135ab9,Care & Cure Pediatric & Maternity Hospital,0x937F51E09477BfD31E56c5e533038a8eEAc096b7,Dr. Ananya Roy,NMC-51203,I21.9,"Acute myocardial infarction, unspecified",Cardiology,320821.89,251657.51,5000.0,20%,Approved & Settled,Ledger Verified & Payout Secured,Active - Full Disclosure,Emergency Admission Record; Diagnostic Imaging CT/MRI,Insurance Claim Adjudication & Pre-Auth Verification,24 Hours (Statutory Emergency Window),AES-256-GCM,vault-transit-key-0x057c84dd,Qm6e8ab68bb392ff9ae8ea68b69542e810eaa81f2497c3,0.0.4891024,3809,2026-09-13 12:12:33 UTC,0xafd5c41bbb7fee6deee5c2b8236d1b06b74fc0b7bfba75fe44973b19969c5ff9,0.0001
CLM-00810,POL-NIVA-849410-851,Niva Bupa Health Insurance,0x9965507D1a55bcC2695C58ba16FB37d819B0A4dc,IRDAI-REG-145,MDIndia Health TPA,Rohan Mishra,849410,0xf9889ba278d5befcf7811f419dcbd81504bd822d,Care & Cure Pediatric & Maternity Hospital,0x937F51E09477BfD31E56c5e533038a8eEAc096b7,Dr. Rohan Patel,NMC-11029,G40.909,"Epilepsy, unspecified, without status epilepticus",Neurology,45579.41,43300.44,2278.97,0%,Approved & Settled,Ledger Verified & Payout Secured,Active - Full Disclosure,Discharge Summary; Surgical Notes; Lab Reports,Insurance Claim Adjudication & Pre-Auth Verification,24 Hours (Statutory Emergency Window),AES-256-GCM,vault-transit-key-0xf9889ba2,Qm9ceb12c7d4fe9142eca089abdff8caa9d1dce3fd805d,0.0.4891024,3810,2026-09-13 12:12:35 UTC,0x8e265e9120f89803f643a84e714f003ca50f06b36cc7ba3c7d2b11a5b4a29271,0.0001
CLM-00811,POL-HDFC-849411-106,HDFC ERGO Health Insurance,0x3C44CdDdB6a900fa2b585dd299e03d12FA4293BC,IRDAI-REG-146,Paramount TPA,Rakesh Menon,849411,0x29b658eafede0f05c54217dbbb977a12c5a997e9,Care & Cure Pediatric & Maternity Hospital,0x937F51E09477BfD31E56c5e533038a8eEAc096b7,Dr. Preeti Deshmukh,NMC-82194,G40.909,"Epilepsy, unspecified, without status epilepticus",Neurology,56454.78,42341.08,2822.74,20%,Approved & Settled,Ledger Verified & Payout Secured,Active - Full Disclosure,Lab Reports; Diagnosis; Treatment History; Discharge Summary,Insurance Claim Adjudication & Pre-Auth Verification,24 Hours (Statutory Emergency Window),AES-256-GCM,vault-transit-key-0x29b658ea,Qm303c548c8ff28e47787e1633d64868adf10303bd802b,0.0.4891024,3811,2026-09-13 12:12:37 UTC,0xe71bf28f95d64a223a741741f31f5baf9cc49ef19419b95219ee2f7c0259e8fa,0.0001
CLM-00812,POL-ICIC-849412-483,ICICI Lombard General Insurance,0x90F79bf6EB2c4f870365E785982E1f101E93b906,IRDAI-REG-115,Vidal Health TPA,Chetan Kapoor,849412,0x1823710b0b6f2c435303d831c774f077b19e09aa,Care & Cure Pediatric & Maternity Hospital,0x937F51E09477BfD31E56c5e533038a8eEAc096b7,Dr. Rajesh Sharma,NMC-78491,E11.9,Type 2 diabetes mellitus without complications,Endocrinology,18201.78,15471.51,910.09,10%,Approved & Settled,Ledger Verified & Payout Secured,Active - Full Disclosure,Diagnosis; Lab Reports; Itemized Pharmacy Bill,Insurance Claim Adjudication & Pre-Auth Verification,24 Hours (Statutory Emergency Window),AES-256-GCM,vault-transit-key-0x1823710b,Qmea8b180cfe5dc10533d243bba929361c5a06767bad68,0.0.4891024,3812,2026-09-13 12:12:39 UTC,0x561ea519b1336b0084ef2df53cdf3f52c3c8cdabe1e8d9e024cf45af1ae9ed7e,0.0001
CLM-00813,POL-NIVA-849413-160,Niva Bupa Health Insurance,0x9965507D1a55bcC2695C58ba16FB37d819B0A4dc,IRDAI-REG-145,MDIndia Health TPA,Ishaan Banerjee,849413,0xb177edcb76776c6d9db45d96e9b9130f4ec6e920,Max Super Speciality Cancer Institute,0x28B7eA94B34C8F52D19E50Eb14769Da20F5D54b4,Dr. Rajesh Sharma,NMC-78491,C50.919,Malignant neoplasm of female breast,Oncology,470235.59,418212.03,5000.0,10%,Approved & Settled,Ledger Verified & Payout Secured,Active - Full Disclosure,Emergency Admission Record; Diagnostic Imaging CT/MRI,Insurance Claim Adjudication & Pre-Auth Verification,24 Hours (Statutory Emergency Window),AES-256-GCM,vault-transit-key-0xb177edcb,Qm1cef67025cb22c1586f419817a9db20e305a508de621,0.0.4891024,3813,2026-09-13 12:12:41 UTC,0xf1ded3e77f9942ec26214057f89776256bc76c888c2b8c60fb09e89f1c5181c6,0.0001
CLM-00814,POL-HDFC-849414-486,HDFC ERGO Health Insurance,0x3C44CdDdB6a900fa2b585dd299e03d12FA4293BC,IRDAI-REG-146,Paramount TPA,Nandini Reddy,849414,0x63419933b128ce9e4def3482dfebeacae09f2716,Apollo Multispecialty Hospital,0x155Af6ECaFb48861dA7d16Fb8Af2f6ce9d6DD779,Dr. Vikram Seth,NMC-99014,I21.9,"Acute myocardial infarction, unspecified",Cardiology,234246.14,229246.14,5000.0,0%,Approved & Settled,Ledger Verified & Payout Secured,Active - Full Disclosure,Diagnosis; Lab Reports; Itemized Pharmacy Bill,Insurance Claim Adjudication & Pre-Auth Verification,24 Hours (Statutory Emergency Window),AES-256-GCM,vault-transit-key-0x63419933,Qm0722e2907b9b8bcac16cfb3bc3849152d5d216a2c419,0.0.4891024,3814,2026-09-13 12:12:43 UTC,0xe332700c7ea84bc5e278c0d4f20cc60bfbfa464248b31b539c89c392bcf895de,0.0001
CLM-00815,POL-STAR-849415-869,Star Health & Allied Insurance,0x70997970C51812dc3A010C7d01b50e0d17dc79C8,IRDAI-REG-129,MediAssist TPA,Anand Shetty,849415,0xaa606620f322f7ecd84dd299af4660a2b6624090,Apollo Multispecialty Hospital,0x155Af6ECaFb48861dA7d16Fb8Af2f6ce9d6DD779,Dr. Sarah Jenkins,NMC-48192,G40.909,"Epilepsy, unspecified, without status epilepticus",Neurology,55853.54,53060.86,2792.68,0%,Approved & Settled,Ledger Verified & Payout Secured,Active - Full Disclosure,Lab Reports; Diagnosis; Treatment History; Discharge Summary,Insurance Claim Adjudication & Pre-Auth Verification,24 Hours (Statutory Emergency Window),AES-256-GCM,vault-transit-key-0xaa606620,Qm7c4517e3a2adf93ac7cf1bbee02169c15060d8df0ea0,0.0.4891024,3815,2026-09-13 12:12:45 UTC,0x1cf1818595875d19efd67f4b7c086b17f38c2bf73492e50e18634673945faf6b,0.0001
CLM-00816,POL-ICIC-849416-718,ICICI Lombard General Insurance,0x90F79bf6EB2c4f870365E785982E1f101E93b906,IRDAI-REG-115,Vidal Health TPA,Madhav Mishra,849416,0x3dd49f64bae4d8926f764966d7ab9809a16325d5,Care & Cure Pediatric & Maternity Hospital,0x937F51E09477BfD31E56c5e533038a8eEAc096b7,Dr. Ananya Roy,NMC-51203,S06.9X0A,Unspecified intracranial injury / Concussion,Trauma & Emergency,125724.22,0.0,5000.0,15%,Pending Adjudication,Audit Logged - Under Verification,Active - Time-Bound Access,Discharge Summary; Surgical Notes; Lab Reports,Insurance Claim Adjudication & Pre-Auth Verification,24 Hours (Statutory Emergency Window),AES-256-GCM,vault-transit-key-0x3dd49f64,Qmc3cf5f74f112d21ce6a6631eeeaf43b8b06b3c9b4c5d,0.0.4891024,3816,2026-09-13 12:12:47 UTC,0xebf4f390b9ce6851b883c4ad7ee5a4823c187ce87a4761ac9db590c33d1b280f,0.0001
CLM-00817,POL-CARE-849417-464,Care Health Insurance (Religare),0x15d34AAf54267DB7D7c367839AAf71A00a2C6A65,IRDAI-REG-148,Heritage Health TPA,Priyanka Bhatia,849417,0xab420b1e5904660acca6f9538633f3189f87b060,Care & Cure Pediatric & Maternity Hospital,0x937F51E09477BfD31E56c5e533038a8eEAc096b7,Dr. Rohan Patel,NMC-11029,I10,Essential (primary) hypertension,Cardiology,36847.22,35004.86,1842.36,0%,Approved & Settled,Ledger Verified & Payout Secured,Active - Full Disclosure,Emergency Admission Record; Diagnostic Imaging CT/MRI,Insurance Claim Adjudication & Pre-Auth Verification,24 Hours (Statutory Emergency Window),AES-256-GCM,vault-transit-key-0xab420b1e,Qmaf13af262eb01cf8a235d48ef39a60e1185bb7eaba36,0.0.4891024,3817,2026-09-13 12:12:48 UTC,0xc0ec7b3ceb8b0ce9dc545c5c530cfa0dfcd6e4ad3dcae92594238b748821b4d5,0.0001
CLM-00818,POL-STAR-849418-477,Star Health & Allied Insurance,0x70997970C51812dc3A010C7d01b50e0d17dc79C8,IRDAI-REG-129,MediAssist TPA,Aditi Agarwal,849418,0xd101ff498aa1941a95460e74c50d582e6a6f25a4,Apex Diagnostic & Pathology Hub,0x04Fee3FD1B338d12FFD6dBD8d66dE1e8e0BB99cB,Dr. Vikram Seth,NMC-99014,C50.919,Malignant neoplasm of female breast,Oncology,419277.99,330422.39,5000.0,20%,Approved & Settled,Ledger Verified & Payout Secured,Active - Full Disclosure,Diagnosis; Lab Reports; Itemized Pharmacy Bill,Insurance Claim Adjudication & Pre-Auth Verification,24 Hours (Statutory Emergency Window),AES-256-GCM,vault-transit-key-0xd101ff49,Qmfb6700faafc7c8041be607a1177b22a6bc527694ce0b,0.0.4891024,3818,2026-09-13 12:12:50 UTC,0x0e764a81cb6c8262dcac00751ee3f89e2d166394779dbbe17a5f060bf08c71ab,0.0001
CLM-00819,POL-ICIC-849419-794,ICICI Lombard General Insurance,0x90F79bf6EB2c4f870365E785982E1f101E93b906,IRDAI-REG-115,Vidal Health TPA,Sakshi Sharma,849419,0xbd9e69def29da47b6d170dab6820305a12ce82c3,Apollo Multispecialty Hospital,0x155Af6ECaFb48861dA7d16Fb8Af2f6ce9d6DD779,Dr. Sunita Narang,NMC-90812,S06.9X0A,Unspecified intracranial injury / Concussion,Trauma & Emergency,126492.84,96194.27,5000.0,20%,Approved & Settled,Ledger Verified & Payout Secured,Active - Full Disclosure,Lab Reports; Diagnosis; Treatment History; Discharge Summary,Insurance Claim Adjudication & Pre-Auth Verification,24 Hours (Statutory Emergency Window),AES-256-GCM,vault-transit-key-0xbd9e69de,Qmc41e495fcff5e8816c5784630d915a308010fe07b7eb,0.0.4891024,3819,2026-09-13 12:12:52 UTC,0xc8301bdf07baa26a592e48e3cca9015c2915b7e360f484d1735a832217fd17af,0.0001
CLM-00820,POL-CARE-849420-400,Care Health Insurance (Religare),0x15d34AAf54267DB7D7c367839AAf71A00a2C6A65,IRDAI-REG-148,Heritage Health TPA,Varun Malhotra,849420,0x2231560be8f8830dfc3c018b63b9f9d81c15d704,Apollo Multispecialty Hospital,0x155Af6ECaFb48861dA7d16Fb8Af2f6ce9d6DD779,Dr. Preeti Deshmukh,NMC-82194,K21.9,Gastro-esophageal reflux disease,Gastroenterology,14665.35,0.0,733.27,10%,Awaiting Patient Consent Approval,Access Requested via Ledger,Pending Patient Authorization,Lab Reports; Diagnosis; Treatment History; Discharge Summary,Insurance Claim Adjudication & Pre-Auth Verification,24 Hours (Statutory Emergency Window),AES-256-GCM,vault-transit-key-0x2231560b,Qmc0a5da24db29df70a03d743780a1b6e02152442c255a,0.0.4891024,3820,2026-09-13 12:12:54 UTC,0x3d927f92d69de5c337e51abbe472a1ef55097fc9e1cee7abaf7ec5a0cce054cd,0.0001
CLM-00821,POL-STAR-849421-272,Star Health & Allied Insurance,0x70997970C51812dc3A010C7d01b50e0d17dc79C8,IRDAI-REG-129,MediAssist TPA,Anand Hegde,849421,0xaf78d7013deda50e250572de9e27b9103923c45c,Fortis Memorial Neuro & Trauma Center,0x84f93618C1D541bB1Dcf1373A8eE500A7D439634,Dr. Sunita Narang,NMC-90812,A90,Dengue fever [classical dengue],Infectious Disease,41708.28,39622.87,2085.41,0%,Approved & Settled,Ledger Verified & Payout Secured,Active - Full Disclosure,Diagnosis; Lab Reports; Itemized Pharmacy Bill,Insurance Claim Adjudication & Pre-Auth Verification,24 Hours (Statutory Emergency Window),AES-256-GCM,vault-transit-key-0xaf78d701,Qm4beea95b7b2167ee65dcb8be78d5915b1441be145f89,0.0.4891024,3821,2026-09-13 12:12:56 UTC,0xe576116e06f540688554244773f6357535ced459fab23058a3e91848129eec11,0.0001
CLM-00822,POL-STAR-849422-264,Star Health & Allied Insurance,0x70997970C51812dc3A010C7d01b50e0d17dc79C8,IRDAI-REG-129,MediAssist TPA,Pooja Nair,849422,0xc1ec39e9e11dca7f18c8658a3869d602272cc668,Apollo Multispecialty Hospital,0x155Af6ECaFb48861dA7d16Fb8Af2f6ce9d6DD779,Dr. Ananya Roy,NMC-51203,I10,Essential (primary) hypertension,Cardiology,37564.47,0.0,1878.22,15%,Awaiting Patient Consent Approval,Access Requested via Ledger,Pending Patient Authorization,Discharge Summary; Surgical Notes; Lab Reports,Insurance Claim Adjudication & Pre-Auth Verification,24 Hours (Statutory Emergency Window),AES-256-GCM,vault-transit-key-0xc1ec39e9,Qm3771499b469848928af25296bd821d2ae01c3247484c,0.0.4891024,3822,2026-09-13 12:12:58 UTC,0x1b5dd356a52bad3c1ab815c7fa3bd4ed9a30cf8b31d794bbf325c972b492f2bd,0.0001
CLM-00823,POL-CARE-849423-647,Care Health Insurance (Religare),0x15d34AAf54267DB7D7c367839AAf71A00a2C6A65,IRDAI-REG-148,Heritage Health TPA,Rahul Shetty,849423,0xf4f9913d5c4b810acce316c2f673aa5a2b48b766,Apollo Multispecialty Hospital,0x155Af6ECaFb48861dA7d16Fb8Af2f6ce9d6DD779,Dr. Preeti Deshmukh,NMC-82194,E11.9,Type 2 diabetes mellitus without complications,Endocrinology,21924.29,16443.22,1096.21,20%,Approved & Settled,Ledger Verified & Payout Secured,Active - Full Disclosure,Discharge Summary; Surgical Notes; Lab Reports,Insurance Claim Adjudication & Pre-Auth Verification,24 Hours (Statutory Emergency Window),AES-256-GCM,vault-transit-key-0xf4f9913d,Qm0f8df1c6f16763d5f2b97bf7b9aeb8915d3760366c29,0.0.4891024,3823,2026-09-13 12:13:00 UTC,0x77b03c59f39b984295baa54e37f726e8d3d30435d91f38688bc63bd9b66d8c83,0.0001
CLM-00824,POL-NIVA-849424-486,Niva Bupa Health Insurance,0x9965507D1a55bcC2695C58ba16FB37d819B0A4dc,IRDAI-REG-145,MDIndia Health TPA,Kiran Gowda,849424,0xfa465b79f7ed5ad12d5ade54ef0dea9e7d87ffe6,Apollo Multispecialty Hospital,0x155Af6ECaFb48861dA7d16Fb8Af2f6ce9d6DD779,Dr. Preeti Deshmukh,NMC-82194,S06.9X0A,Unspecified intracranial injury / Concussion,Trauma & Emergency,150601.15,0.0,5000.0,20%,Pending Adjudication,Audit Logged - Under Verification,Active - Time-Bound Access,Emergency Admission Record; Diagnostic Imaging CT/MRI,Insurance Claim Adjudication & Pre-Auth Verification,24 Hours (Statutory Emergency Window),AES-256-GCM,vault-transit-key-0xfa465b79,Qm34d44a33b261d3df086b746aa2597a1a43eb55f94348,0.0.4891024,3824,2026-09-13 12:13:02 UTC,0xa2a141d93d40f0c0bcf292af69189e76ec186d05c51a1426108d2d0f38ba3a6e,0.0001
CLM-00825,POL-STAR-849425-191,Star Health & Allied Insurance,0x70997970C51812dc3A010C7d01b50e0d17dc79C8,IRDAI-REG-129,MediAssist TPA,Pranav Deshmukh,849425,0x422955d1c83d82f949ae6ec51ca45aedd1a9adfe,Fortis Memorial Neuro & Trauma Center,0x84f93618C1D541bB1Dcf1373A8eE500A7D439634,Dr. Sarah Jenkins,NMC-48192,I21.9,"Acute myocardial infarction, unspecified",Cardiology,258011.22,0.0,5000.0,10%,Pending Adjudication,Audit Logged - Under Verification,Active - Time-Bound Access,Lab Reports; Diagnosis; Treatment History; Discharge Summary,Insurance Claim Adjudication & Pre-Auth Verification,24 Hours (Statutory Emergency Window),AES-256-GCM,vault-transit-key-0x422955d1,Qma448f91633fc3537264744ca200e92d3c7d4f95a74e6,0.0.4891024,3825,2026-09-13 12:13:04 UTC,0x1d8f41b20a98885a649fdd592f3d288b7234a1c203b3b92b76dc8912a1ae6e10,0.0001
CLM-00826,POL-ICIC-849426-418,ICICI Lombard General Insurance,0x90F79bf6EB2c4f870365E785982E1f101E93b906,IRDAI-REG-115,Vidal Health TPA,Shreya Gupta,849426,0x447f572171a146c5f09528dd8057e3bbf93dfbec,Care & Cure Pediatric & Maternity Hospital,0x937F51E09477BfD31E56c5e533038a8eEAc096b7,Dr. Rohan Patel,NMC-11029,I10,Essential (primary) hypertension,Cardiology,26443.67,0.0,1322.18,10%,Awaiting Patient Consent Approval,Access Requested via Ledger,Pending Patient Authorization,Emergency Admission Record; Diagnostic Imaging CT/MRI,Insurance Claim Adjudication & Pre-Auth Verification,24 Hours (Statutory Emergency Window),AES-256-GCM,vault-transit-key-0x447f5721,Qmadeb74fbcc6fcdad292d6cddcdbdb6dd13dfed74df4e,0.0.4891024,3826,2026-09-13 12:13:06 UTC,0xaf37ac3c143ca276a8db9246f54cf1bdb630a70e042f09370157ffdc308699e8,0.0001
CLM-00827,POL-HDFC-849427-209,HDFC ERGO Health Insurance,0x3C44CdDdB6a900fa2b585dd299e03d12FA4293BC,IRDAI-REG-146,Paramount TPA,Shreya Hegde,849427,0x7ba9b6edad81b016ffa1e0a9e8d53db8892518ec,Apex Diagnostic & Pathology Hub,0x04Fee3FD1B338d12FFD6dBD8d66dE1e8e0BB99cB,Dr. Preeti Deshmukh,NMC-82194,C50.919,Malignant neoplasm of female breast,Oncology,409598.42,322678.74,5000.0,20%,Approved & Settled,Ledger Verified & Payout Secured,Active - Full Disclosure,Discharge Summary; Surgical Notes; Lab Reports,Insurance Claim Adjudication & Pre-Auth Verification,24 Hours (Statutory Emergency Window),AES-256-GCM,vault-transit-key-0x7ba9b6ed,Qm1a1baf419ea221fee6f08eab880c44ac97b31d6f7069,0.0.4891024,3827,2026-09-13 12:13:08 UTC,0x13df60c1dc993ee32f5a15213af8e0331f5437a5e8f0e1a66d3c121e80058e4c,0.0001
CLM-00828,POL-CARE-849428-249,Care Health Insurance (Religare),0x15d34AAf54267DB7D7c367839AAf71A00a2C6A65,IRDAI-REG-148,Heritage Health TPA,Anand Shetty,849428,0x7aa42a2687d60209cfd1305b23e1e8fba2527450,Max Super Speciality Cancer Institute,0x28B7eA94B34C8F52D19E50Eb14769Da20F5D54b4,Dr. Rohan Patel,NMC-11029,G40.909,"Epilepsy, unspecified, without status epilepticus",Neurology,51919.43,49323.46,2595.97,0%,Approved & Settled,Ledger Verified & Payout Secured,Active - Full Disclosure,Discharge Summary; Surgical Notes; Lab Reports,Insurance Claim Adjudication & Pre-Auth Verification,24 Hours (Statutory Emergency Window),AES-256-GCM,vault-transit-key-0x7aa42a26,Qm030c6acae486f74d1206c761f3ef070e18ecab1aed37,0.0.4891024,3828,2026-09-13 12:13:10 UTC,0xcd3d8a7651c4b1f5557b201ac6d37bf91e0bcd49da90eba4513b5ee813984b5c,0.0001
CLM-00829,POL-NIVA-849429-606,Niva Bupa Health Insurance,0x9965507D1a55bcC2695C58ba16FB37d819B0A4dc,IRDAI-REG-145,MDIndia Health TPA,Ishaan Deshmukh,849429,0x1ae0da1d33c0c067579de9e7fd111686f7910f68,Care & Cure Pediatric & Maternity Hospital,0x937F51E09477BfD31E56c5e533038a8eEAc096b7,Dr. Preeti Deshmukh,NMC-82194,C50.919,Malignant neoplasm of female breast,Oncology,391845.66,308476.53,5000.0,20%,Approved & Settled,Ledger Verified & Payout Secured,Active - Full Disclosure,Discharge Summary; Surgical Notes; Lab Reports,Insurance Claim Adjudication & Pre-Auth Verification,24 Hours (Statutory Emergency Window),AES-256-GCM,vault-transit-key-0x1ae0da1d,Qm8149a7e6a96e2b7ae0a9c57511f7fb975df7257057dc,0.0.4891024,3829,2026-09-13 12:13:11 UTC,0xaa2af56bf5f01d03faa855e1ca6f2d0b4514f60d6a705421f49eb7c3916f1fe4,0.0001
CLM-00830,POL-HDFC-849430-977,HDFC ERGO Health Insurance,0x3C44CdDdB6a900fa2b585dd299e03d12FA4293BC,IRDAI-REG-146,Paramount TPA,Pooja Mukherjee,849430,0xee87d3247640e6258af9b99937adaae2cce9047e,Apollo Multispecialty Hospital,0x155Af6ECaFb48861dA7d16Fb8Af2f6ce9d6DD779,Dr. Sunita Narang,NMC-90812,E11.9,Type 2 diabetes mellitus without complications,Endocrinology,20708.48,15531.36,1035.42,20%,Approved & Settled,Ledger Verified & Payout Secured,Active - Full Disclosure,Diagnosis; Lab Reports; Itemized Pharmacy Bill,Insurance Claim Adjudication & Pre-Auth Verification,24 Hours (Statutory Emergency Window),AES-256-GCM,vault-transit-key-0xee87d324,Qmaf068860bd449e58250c02e156d625d5fff96c3a62f7,0.0.4891024,3830,2026-09-13 12:13:13 UTC,0x6bdc3f3f04ce615d390c3373c8eabfbed64da89fb23fe5a2180591a747a68314,0.0001
CLM-00831,POL-ICIC-849431-456,ICICI Lombard General Insurance,0x90F79bf6EB2c4f870365E785982E1f101E93b906,IRDAI-REG-115,Vidal Health TPA,Harish Joshi,849431,0x62ac0a0ce05e3240fad8f1dad5927cbff791bb5d,Care & Cure Pediatric & Maternity Hospital,0x937F51E09477BfD31E56c5e533038a8eEAc096b7,Dr. Preeti Deshmukh,NMC-82194,A90,Dengue fever [classical dengue],Infectious Disease,39711.08,29783.31,1985.55,20%,Approved & Settled,Ledger Verified & Payout Secured,Active - Full Disclosure,Discharge Summary; Surgical Notes; Lab Reports,Insurance Claim Adjudication & Pre-Auth Verification,24 Hours (Statutory Emergency Window),AES-256-GCM,vault-transit-key-0x62ac0a0c,Qm17572cb36718c746ccd7b1645536a349b812de72132e,0.0.4891024,3831,2026-09-13 12:13:15 UTC,0x1314cb9d621eadde24ad02319286ab638e6242dbb5bf0e87e9da9b3432b54e34,0.0001
CLM-00832,POL-NIVA-849432-431,Niva Bupa Health Insurance,0x9965507D1a55bcC2695C58ba16FB37d819B0A4dc,IRDAI-REG-145,MDIndia Health TPA,Nikhil Pillai,849432,0xe01b64448893587f228b2c77bf66115bb674bc61,Care & Cure Pediatric & Maternity Hospital,0x937F51E09477BfD31E56c5e533038a8eEAc096b7,Dr. Sarah Jenkins,NMC-48192,E11.9,Type 2 diabetes mellitus without complications,Endocrinology,22912.62,0.0,1145.63,0%,Awaiting Patient Consent Approval,Access Requested via Ledger,Pending Patient Authorization,Discharge Summary; Surgical Notes; Lab Reports,Insurance Claim Adjudication & Pre-Auth Verification,24 Hours (Statutory Emergency Window),AES-256-GCM,vault-transit-key-0xe01b6444,Qmbb7fc96ef0a951beaf088844009fcbd8ad89faf46204,0.0.4891024,3832,2026-09-13 12:13:18 UTC,0xe50fffb7ed634be7aae6b1f52e1bd67b51fbcf955f55b0da5c143abf43368f4e,0.0001
CLM-00833,POL-HDFC-849433-398,HDFC ERGO Health Insurance,0x3C44CdDdB6a900fa2b585dd299e03d12FA4293BC,IRDAI-REG-146,Paramount TPA,Meera Saxena,849433,0xa8207c274b9c6b0d452688b68b0b046f94d6117f,Care & Cure Pediatric & Maternity Hospital,0x937F51E09477BfD31E56c5e533038a8eEAc096b7,Dr. Preeti Deshmukh,NMC-82194,A90,Dengue fever [classical dengue],Infectious Disease,41719.94,35461.95,2086.0,10%,Approved & Settled,Ledger Verified & Payout Secured,Active - Full Disclosure,Diagnosis; Lab Reports; Itemized Pharmacy Bill,Insurance Claim Adjudication & Pre-Auth Verification,24 Hours (Statutory Emergency Window),AES-256-GCM,vault-transit-key-0xa8207c27,Qm84ff3e344967d7c1b2bd3ad18c9a24b7419290bd4108,0.0.4891024,3833,2026-09-13 12:13:20 UTC,0xaa1a653e6626d0a7f8ba50032ad39e4ed5da531e837b4f52a0a6740e077b5be2,0.0001
CLM-00834,POL-NIVA-849434-485,Niva Bupa Health Insurance,0x9965507D1a55bcC2695C58ba16FB37d819B0A4dc,IRDAI-REG-145,MDIndia Health TPA,Aarav Bhatia,849434,0xb1e60fc077963b47c21ebc0a929485822c18df03,Apollo Multispecialty Hospital,0x155Af6ECaFb48861dA7d16Fb8Af2f6ce9d6DD779,Dr. Preeti Deshmukh,NMC-82194,E11.9,Type 2 diabetes mellitus without complications,Endocrinology,24562.06,0.0,1228.1,20%,Pending Adjudication,Audit Logged - Under Verification,Active - Time-Bound Access,Diagnosis; Lab Reports; Itemized Pharmacy Bill,Insurance Claim Adjudication & Pre-Auth Verification,24 Hours (Statutory Emergency Window),AES-256-GCM,vault-transit-key-0xb1e60fc0,Qma00ac729900d0fe54a011a3720a07786d02afce9a852,0.0.4891024,3834,2026-09-13 12:13:21 UTC,0x571c8e7261d04e1fc9f84cfa9ccdd0df03785fd6e10151d5818cba45b747fa50,0.0001
CLM-00835,POL-CARE-849435-627,Care Health Insurance (Religare),0x15d34AAf54267DB7D7c367839AAf71A00a2C6A65,IRDAI-REG-148,Heritage Health TPA,Gautam Bhatia,849435,0xc7e90f66f2eb130d5db472b71c20448088eac35d,Max Super Speciality Cancer Institute,0x28B7eA94B34C8F52D19E50Eb14769Da20F5D54b4,Dr. Sarah Jenkins,NMC-48192,I21.9,"Acute myocardial infarction, unspecified",Cardiology,292173.28,0.0,5000.0,20%,Rejected - Policy Exclusion,Rejected with Ledger Audit Reason,Expired / Revoked,Emergency Admission Record; Diagnostic Imaging CT/MRI,Insurance Claim Adjudication & Pre-Auth Verification,24 Hours (Statutory Emergency Window),AES-256-GCM,vault-transit-key-0xc7e90f66,Qm7cf1f050116f3836be186c3fec93c33e6bc4a5463dcd,0.0.4891024,3835,2026-09-13 12:13:23 UTC,0x1d960012cff4c178d40e31e7a091f974d6b94af754e171ffb021f24df3ab5f5b,0.0001
CLM-00836,POL-HDFC-849436-804,HDFC ERGO Health Insurance,0x3C44CdDdB6a900fa2b585dd299e03d12FA4293BC,IRDAI-REG-146,Paramount TPA,Ananya Reddy,849436,0xd3f750e65f22685bbb09db14cca71ea693e15e4b,Care & Cure Pediatric & Maternity Hospital,0x937F51E09477BfD31E56c5e533038a8eEAc096b7,Dr. Ananya Roy,NMC-51203,G40.909,"Epilepsy, unspecified, without status epilepticus",Neurology,49067.34,0.0,2453.37,10%,Pending Adjudication,Audit Logged - Under Verification,Active - Time-Bound Access,Emergency Admission Record; Diagnostic Imaging CT/MRI,Insurance Claim Adjudication & Pre-Auth Verification,24 Hours (Statutory Emergency Window),AES-256-GCM,vault-transit-key-0xd3f750e6,Qm9a9809efb43f52c6be58da5a1157d1066319b8e070a2,0.0.4891024,3836,2026-09-13 12:13:25 UTC,0x8fc64dcdb3f35affa319342d9212ef64b46a24832516a8b1f743331a6d4d306f,0.0001
CLM-00837,POL-CARE-849437-476,Care Health Insurance (Religare),0x15d34AAf54267DB7D7c367839AAf71A00a2C6A65,IRDAI-REG-148,Heritage Health TPA,Divya Gowda,849437,0x6fa80ded708156fb411248f1d428b4bf0f100c82,Care & Cure Pediatric & Maternity Hospital,0x937F51E09477BfD31E56c5e533038a8eEAc096b7,Dr. Vikram Seth,NMC-99014,A90,Dengue fever [classical dengue],Infectious Disease,28967.07,27518.72,1448.35,0%,Approved & Settled,Ledger Verified & Payout Secured,Active - Full Disclosure,Emergency Admission Record; Diagnostic Imaging CT/MRI,Insurance Claim Adjudication & Pre-Auth Verification,24 Hours (Statutory Emergency Window),AES-256-GCM,vault-transit-key-0x6fa80ded,Qm10c4e0b4cf8ac404b1d4ebf6e49f9c18c730eb892a97,0.0.4891024,3837,2026-09-13 12:13:27 UTC,0xe86ad6d8047ce3c9f180bf98d408bbc0ea66b6293f37eafd7efbd3ed52f3897d,0.0001
CLM-00838,POL-STAR-849438-380,Star Health & Allied Insurance,0x70997970C51812dc3A010C7d01b50e0d17dc79C8,IRDAI-REG-129,MediAssist TPA,Bhavna Rao,849438,0x74d2f86bc4aefd0478c85957d444fd4d70f1fd3c,Apex Diagnostic & Pathology Hub,0x04Fee3FD1B338d12FFD6dBD8d66dE1e8e0BB99cB,Dr. Rohan Patel,NMC-11029,A90,Dengue fever [classical dengue],Infectious Disease,38789.65,0.0,1939.48,0%,Pending Adjudication,Audit Logged - Under Verification,Active - Time-Bound Access,Diagnosis; Lab Reports; Itemized Pharmacy Bill,Insurance Claim Adjudication & Pre-Auth Verification,24 Hours (Statutory Emergency Window),AES-256-GCM,vault-transit-key-0x74d2f86b,Qma223d436824f0accae74c087efe6b449d3184fb41eb5,0.0.4891024,3838,2026-09-13 12:13:29 UTC,0x17221ce4802b455d32c7b951c10fbc846800d22c5c182d444a95da7457e91268,0.0001
CLM-00839,POL-CARE-849439-201,Care Health Insurance (Religare),0x15d34AAf54267DB7D7c367839AAf71A00a2C6A65,IRDAI-REG-148,Heritage Health TPA,Amit Kulkarni,849439,0xfb93c53a6d872f7fca3ab68c75453490e02a71cf,Fortis Memorial Neuro & Trauma Center,0x84f93618C1D541bB1Dcf1373A8eE500A7D439634,Dr. Rohan Patel,NMC-11029,E11.9,Type 2 diabetes mellitus without complications,Endocrinology,19357.53,16453.9,967.88,10%,Approved & Settled,Ledger Verified & Payout Secured,Active - Full Disclosure,Lab Reports; Diagnosis; Treatment History; Discharge Summary,Insurance Claim Adjudication & Pre-Auth Verification,24 Hours (Statutory Emergency Window),AES-256-GCM,vault-transit-key-0xfb93c53a,Qm2d71f91701b244b6407435485ee8da861e8cfce351be,0.0.4891024,3839,2026-09-13 12:13:31 UTC,0x0bfd1f16f76ecfdfb6e6526108b5fc51072e6dc4c6582b04cd7ec1cca452e9a1,0.0001
CLM-00840,POL-NIVA-849440-631,Niva Bupa Health Insurance,0x9965507D1a55bcC2695C58ba16FB37d819B0A4dc,IRDAI-REG-145,MDIndia Health TPA,Harish Ghosh,849440,0xe1193eea20695aa723e7e24d63cb1dcc1b411422,Apex Diagnostic & Pathology Hub,0x04Fee3FD1B338d12FFD6dBD8d66dE1e8e0BB99cB,Dr. Ananya Roy,NMC-51203,I21.9,"Acute myocardial infarction, unspecified",Cardiology,312795.12,0.0,5000.0,0%,Pending Adjudication,Audit Logged - Under Verification,Active - Time-Bound Access,Diagnosis; Lab Reports; Itemized Pharmacy Bill,Insurance Claim Adjudication & Pre-Auth Verification,24 Hours (Statutory Emergency Window),AES-256-GCM,vault-transit-key-0xe1193eea,Qm6af578a02716c22566c8abaa0a479e836c5e85adbd2b,0.0.4891024,3840,2026-09-13 12:13:33 UTC,0x3fd88478dbb4049d4ada2577655838d5d7134a057136bf5dd669685694a9077e,0.0001
CLM-00841,POL-NIVA-849441-919,Niva Bupa Health Insurance,0x9965507D1a55bcC2695C58ba16FB37d819B0A4dc,IRDAI-REG-145,MDIndia Health TPA,Ishaan Nair,849441,0x4472407c79c8560d233a080ae9bf3ea6f975be29,Max Super Speciality Cancer Institute,0x28B7eA94B34C8F52D19E50Eb14769Da20F5D54b4,Dr. Sarah Jenkins,NMC-48192,A90,Dengue fever [classical dengue],Infectious Disease,33325.86,31659.57,1666.29,0%,Approved & Settled,Ledger Verified & Payout Secured,Active - Full Disclosure,Diagnosis; Lab Reports; Itemized Pharmacy Bill,Insurance Claim Adjudication & Pre-Auth Verification,24 Hours (Statutory Emergency Window),AES-256-GCM,vault-transit-key-0x4472407c,Qm30668bf575f30bac51aa5e878a4d1fe8a2b376806571,0.0.4891024,3841,2026-09-13 12:13:35 UTC,0x442f3a3498cfd6923d1d378eefdac4491dcdd8cd583159c6942c7a9765ee3e02,0.0001
CLM-00842,POL-NIVA-849442-186,Niva Bupa Health Insurance,0x9965507D1a55bcC2695C58ba16FB37d819B0A4dc,IRDAI-REG-145,MDIndia Health TPA,Meera Patel,849442,0x799886b7c0c46f556d97cf61999261466e51689a,Fortis Memorial Neuro & Trauma Center,0x84f93618C1D541bB1Dcf1373A8eE500A7D439634,Dr. Sunita Narang,NMC-90812,I10,Essential (primary) hypertension,Cardiology,38217.58,30574.06,1910.88,15%,Approved & Settled,Ledger Verified & Payout Secured,Active - Full Disclosure,Diagnosis; Lab Reports; Itemized Pharmacy Bill,Insurance Claim Adjudication & Pre-Auth Verification,24 Hours (Statutory Emergency Window),AES-256-GCM,vault-transit-key-0x799886b7,Qm7568a9589b8106c2d9c0232fdc7e8c124b892df1ccbe,0.0.4891024,3842,2026-09-13 12:13:37 UTC,0x54caab41988ea4933c1c6f0173e25089956197e4383fe34f69ead46aa71f83d4,0.0001
CLM-00843,POL-ICIC-849443-774,ICICI Lombard General Insurance,0x90F79bf6EB2c4f870365E785982E1f101E93b906,IRDAI-REG-115,Vidal Health TPA,Aarav Rao,849443,0xd87bd51214954a092fc7fc686c6c9e2e98652fd6,Apollo Multispecialty Hospital,0x155Af6ECaFb48861dA7d16Fb8Af2f6ce9d6DD779,Dr. Rohan Patel,NMC-11029,G40.909,"Epilepsy, unspecified, without status epilepticus",Neurology,47894.54,40710.36,2394.73,10%,Approved & Settled,Ledger Verified & Payout Secured,Active - Full Disclosure,Discharge Summary; Surgical Notes; Lab Reports,Insurance Claim Adjudication & Pre-Auth Verification,24 Hours (Statutory Emergency Window),AES-256-GCM,vault-transit-key-0xd87bd512,Qme85fcdc27dc1103758f91a963083646653e32e1f1f9f,0.0.4891024,3843,2026-09-13 12:13:39 UTC,0xab15c3572958d91b4ad8f9c65acde588282ac53ac7862f693ab81d7ba8dd4f4d,0.0001
CLM-00844,POL-NIVA-849444-778,Niva Bupa Health Insurance,0x9965507D1a55bcC2695C58ba16FB37d819B0A4dc,IRDAI-REG-145,MDIndia Health TPA,Sanjay Agarwal,849444,0x57c92fe84d48b494887105f12e65d1e1f0c851d3,Apex Diagnostic & Pathology Hub,0x04Fee3FD1B338d12FFD6dBD8d66dE1e8e0BB99cB,Dr. Rajesh Sharma,NMC-78491,I21.9,"Acute myocardial infarction, unspecified",Cardiology,310878.9,274791.01,5000.0,10%,Approved & Settled,Ledger Verified & Payout Secured,Active - Full Disclosure,Diagnosis; Lab Reports; Itemized Pharmacy Bill,Insurance Claim Adjudication & Pre-Auth Verification,24 Hours (Statutory Emergency Window),AES-256-GCM,vault-transit-key-0x57c92fe8,Qmed27c47a4be156e728000649ebb18122348f9e66c2e5,0.0.4891024,3844,2026-09-13 12:13:40 UTC,0x7e3abc681c6b3c7f59a1d20e32d76e8a0f5a5b61c7f6346148dbf0d110339547,0.0001
CLM-00845,POL-NIVA-849445-384,Niva Bupa Health Insurance,0x9965507D1a55bcC2695C58ba16FB37d819B0A4dc,IRDAI-REG-145,MDIndia Health TPA,Pooja Gupta,849445,0xfeb8d92dcf0bb4817e0935441981edb50cb7b893,Apex Diagnostic & Pathology Hub,0x04Fee3FD1B338d12FFD6dBD8d66dE1e8e0BB99cB,Dr. Rajesh Sharma,NMC-78491,S06.9X0A,Unspecified intracranial injury / Concussion,Trauma & Emergency,110149.47,83119.58,5000.0,20%,Approved & Settled,Ledger Verified & Payout Secured,Active - Full Disclosure,Discharge Summary; Surgical Notes; Lab Reports,Insurance Claim Adjudication & Pre-Auth Verification,24 Hours (Statutory Emergency Window),AES-256-GCM,vault-transit-key-0xfeb8d92d,Qma27a24af089b1cc5fa96e32c4708675e80e1139a317f,0.0.4891024,3845,2026-09-13 12:13:42 UTC,0x8ba4eb0383d9186e218dab69e3384bbe9bb92a3cb3fde2b36c3849966ef2e3cd,0.0001
CLM-00846,POL-HDFC-849446-360,HDFC ERGO Health Insurance,0x3C44CdDdB6a900fa2b585dd299e03d12FA4293BC,IRDAI-REG-146,Paramount TPA,Siddharth Kulkarni,849446,0x8901a4b0cd4ffb2b2aea378c98882dd3258eafd3,Care & Cure Pediatric & Maternity Hospital,0x937F51E09477BfD31E56c5e533038a8eEAc096b7,Dr. Ananya Roy,NMC-51203,I21.9,"Acute myocardial infarction, unspecified",Cardiology,295086.96,260578.26,5000.0,10%,Approved & Settled,Ledger Verified & Payout Secured,Active - Full Disclosure,Lab Reports; Diagnosis; Treatment History; Discharge Summary,Insurance Claim Adjudication & Pre-Auth Verification,24 Hours (Statutory Emergency Window),AES-256-GCM,vault-transit-key-0x8901a4b0,Qm66e5e9b74ea0792b514125451026c5369a1795342453,0.0.4891024,3846,2026-09-13 12:13:45 UTC,0x910f98b01aa28eb23da9c3a4807f684eefe80b1beb39a4c088a43b69419bf67c,0.0001
CLM-00847,POL-HDFC-849447-529,HDFC ERGO Health Insurance,0x3C44CdDdB6a900fa2b585dd299e03d12FA4293BC,IRDAI-REG-146,Paramount TPA,Rakesh Kulkarni,849447,0x14b7a89a8503879987691c2bf7457b16d6d312fd,Fortis Memorial Neuro & Trauma Center,0x84f93618C1D541bB1Dcf1373A8eE500A7D439634,Dr. Rohan Patel,NMC-11029,E11.9,Type 2 diabetes mellitus without complications,Endocrinology,23489.55,0.0,1174.48,15%,Rejected - Policy Exclusion,Rejected with Ledger Audit Reason,Expired / Revoked,Emergency Admission Record; Diagnostic Imaging CT/MRI,Insurance Claim Adjudication & Pre-Auth Verification,24 Hours (Statutory Emergency Window),AES-256-GCM,vault-transit-key-0x14b7a89a,Qm0ef650084d292f76268dc7f571158dc403f6ce1f1827,0.0.4891024,3847,2026-09-13 12:13:46 UTC,0x18e70acc0c6f10a77fcfae927c1f7368952ea45164fd7cc13a3b451049826719,0.0001
CLM-00848,POL-HDFC-849448-644,HDFC ERGO Health Insurance,0x3C44CdDdB6a900fa2b585dd299e03d12FA4293BC,IRDAI-REG-146,Paramount TPA,Aditi Agarwal,849448,0x1d7149c3bf3a4087735e7570b5929d048412c604,Apollo Multispecialty Hospital,0x155Af6ECaFb48861dA7d16Fb8Af2f6ce9d6DD779,Dr. Vikram Seth,NMC-99014,I21.9,"Acute myocardial infarction, unspecified",Cardiology,232626.41,181101.13,5000.0,20%,Approved & Settled,Ledger Verified & Payout Secured,Active - Full Disclosure,Lab Reports; Diagnosis; Treatment History; Discharge Summary,Insurance Claim Adjudication & Pre-Auth Verification,24 Hours (Statutory Emergency Window),AES-256-GCM,vault-transit-key-0x1d7149c3,Qm2dd68eabbf011c02f07d68ec7a265ea3ff3dbd46443a,0.0.4891024,3848,2026-09-13 12:13:48 UTC,0x7383df2775d4af0ff6e5cfa9f39ea13ed57e00bcfca532423e3b1c8458e4bfe1,0.0001
CLM-00849,POL-ICIC-849449-380,ICICI Lombard General Insurance,0x90F79bf6EB2c4f870365E785982E1f101E93b906,IRDAI-REG-115,Vidal Health TPA,Sameer Gowda,849449,0xc276a186cd3c6d8cffb6b55e7233bd7a5578f7b2,Max Super Speciality Cancer Institute,0x28B7eA94B34C8F52D19E50Eb14769Da20F5D54b4,Dr. Sunita Narang,NMC-90812,C50.919,Malignant neoplasm of female breast,Oncology,343686.63,0.0,5000.0,20%,Rejected - Policy Exclusion,Rejected with Ledger Audit Reason,Expired / Revoked,Diagnosis; Lab Reports; Itemized Pharmacy Bill,Insurance Claim Adjudication & Pre-Auth Verification,24 Hours (Statutory Emergency Window),AES-256-GCM,vault-transit-key-0xc276a186,Qm9ae25500f5aa797520fa65724d15add34d20bb9b0ae8,0.0.4891024,3849,2026-09-13 12:13:50 UTC,0xa6933131bf7bcc29a6fa91244b131061e94211512bc93219986bc2266906621e,0.0001
CLM-00850,POL-STAR-849450-702,Star Health & Allied Insurance,0x70997970C51812dc3A010C7d01b50e0d17dc79C8,IRDAI-REG-129,MediAssist TPA,Gautam Hegde,849450,0xb9e2dd4cb31148e16ba4ee9b9b76f2c35a2992eb,Max Super Speciality Cancer Institute,0x28B7eA94B34C8F52D19E50Eb14769Da20F5D54b4,Dr. Rohan Patel,NMC-11029,G40.909,"Epilepsy, unspecified, without status epilepticus",Neurology,53323.39,39992.54,2666.17,20%,Approved & Settled,Ledger Verified & Payout Secured,Active - Full Disclosure,Discharge Summary; Surgical Notes; Lab Reports,Insurance Claim Adjudication & Pre-Auth Verification,24 Hours (Statutory Emergency Window),AES-256-GCM,vault-transit-key-0xb9e2dd4c,Qm99177bb162cbc75fafcdac5dde5b08c7f82bceda4d22,0.0.4891024,3850,2026-09-13 12:13:52 UTC,0xf3af1a19737b0d0e418446301b614c1d66c400347340105d5416d3ff34570e85,0.0001
CLM-00851,POL-ICIC-849451-274,ICICI Lombard General Insurance,0x90F79bf6EB2c4f870365E785982E1f101E93b906,IRDAI-REG-115,Vidal Health TPA,Riya Pandey,849451,0xb420be77852e44b52dfc6a165dc4b5d82efd2c37,Apex Diagnostic & Pathology Hub,0x04Fee3FD1B338d12FFD6dBD8d66dE1e8e0BB99cB,Dr. Sarah Jenkins,NMC-48192,I10,Essential (primary) hypertension,Cardiology,29728.3,22296.23,1486.41,20%,Approved & Settled,Ledger Verified & Payout Secured,Active - Full Disclosure,Emergency Admission Record; Diagnostic Imaging CT/MRI,Insurance Claim Adjudication & Pre-Auth Verification,24 Hours (Statutory Emergency Window),AES-256-GCM,vault-transit-key-0xb420be77,Qm19bfaa3aa580fd188790801239885302cecbd83e84bb,0.0.4891024,3851,2026-09-13 12:13:54 UTC,0xfa7a387af94597e0e512337ecee4093d4a470a27face2112077ee735e856ba16,0.0001
CLM-00852,POL-ICIC-849452-773,ICICI Lombard General Insurance,0x90F79bf6EB2c4f870365E785982E1f101E93b906,IRDAI-REG-115,Vidal Health TPA,Lata Gupta,849452,0xba5a06e1ddf9bbb586b352099b5226e176340b51,Apollo Multispecialty Hospital,0x155Af6ECaFb48861dA7d16Fb8Af2f6ce9d6DD779,Dr. Preeti Deshmukh,NMC-82194,E11.9,Type 2 diabetes mellitus without complications,Endocrinology,17702.02,13276.52,885.1,20%,Approved & Settled,Ledger Verified & Payout Secured,Active - Full Disclosure,Discharge Summary; Surgical Notes; Lab Reports,Insurance Claim Adjudication & Pre-Auth Verification,24 Hours (Statutory Emergency Window),AES-256-GCM,vault-transit-key-0xba5a06e1,Qm2b1b74b07ff0aededb862f730d3fdecd8f4f2d53906e,0.0.4891024,3852,2026-09-13 12:13:55 UTC,0xb46d7eace265543b69817fac3ecb375ae306af0938a699a3693c4302c4d07318,0.0001
CLM-00853,POL-HDFC-849453-287,HDFC ERGO Health Insurance,0x3C44CdDdB6a900fa2b585dd299e03d12FA4293BC,IRDAI-REG-146,Paramount TPA,Shreya Pillai,849453,0x5b755e30adcae954f380af3d65e6d4d3480f0a18,Apex Diagnostic & Pathology Hub,0x04Fee3FD1B338d12FFD6dBD8d66dE1e8e0BB99cB,Dr. Ananya Roy,NMC-51203,A90,Dengue fever [classical dengue],Infectious Disease,35121.02,0.0,1756.05,15%,Pending Adjudication,Audit Logged - Under Verification,Active - Time-Bound Access,Discharge Summary; Surgical Notes; Lab Reports,Insurance Claim Adjudication & Pre-Auth Verification,24 Hours (Statutory Emergency Window),AES-256-GCM,vault-transit-key-0x5b755e30,Qm26d02ded2e5e85b40a86f9b604157fd12bb711c2cbfe,0.0.4891024,3853,2026-09-13 12:13:58 UTC,0x7d7cabd27e8bfc7411ae5a223922b8906944c80b88b7e6eaf45e3362efd7ad18,0.0001
CLM-00854,POL-HDFC-849454-412,HDFC ERGO Health Insurance,0x3C44CdDdB6a900fa2b585dd299e03d12FA4293BC,IRDAI-REG-146,Paramount TPA,Varun Mishra,849454,0x28a9eb976c21b93805c0f4b8a2c26bf2e3563d3a,Fortis Memorial Neuro & Trauma Center,0x84f93618C1D541bB1Dcf1373A8eE500A7D439634,Dr. Preeti Deshmukh,NMC-82194,I21.9,"Acute myocardial infarction, unspecified",Cardiology,265318.25,0.0,5000.0,15%,Awaiting Patient Consent Approval,Access Requested via Ledger,Pending Patient Authorization,Lab Reports; Diagnosis; Treatment History; Discharge Summary,Insurance Claim Adjudication & Pre-Auth Verification,24 Hours (Statutory Emergency Window),AES-256-GCM,vault-transit-key-0x28a9eb97,Qm22959a783d267de3100f57f45e7616263da52868935f,0.0.4891024,3854,2026-09-13 12:13:59 UTC,0x3256afb1d94459969487c98cad260e30cf0d1a3bfb92dae76b11b52cd4c3d3aa,0.0001
CLM-00855,POL-HDFC-849455-861,HDFC ERGO Health Insurance,0x3C44CdDdB6a900fa2b585dd299e03d12FA4293BC,IRDAI-REG-146,Paramount TPA,Priyanka Patel,849455,0xa2382f8969b2ce561f49ad5b3175012039d13dba,Apex Diagnostic & Pathology Hub,0x04Fee3FD1B338d12FFD6dBD8d66dE1e8e0BB99cB,Dr. Sarah Jenkins,NMC-48192,I21.9,"Acute myocardial infarction, unspecified",Cardiology,252015.06,0.0,5000.0,20%,Pending Adjudication,Audit Logged - Under Verification,Active - Time-Bound Access,Lab Reports; Diagnosis; Treatment History; Discharge Summary,Insurance Claim Adjudication & Pre-Auth Verification,24 Hours (Statutory Emergency Window),AES-256-GCM,vault-transit-key-0xa2382f89,Qm6302ac9268d53626950482d2b198481951d19959f0cd,0.0.4891024,3855,2026-09-13 12:14:02 UTC,0xf283f05e6888ed15c61f37b0dd2d75a4e05cdb748cfe355f3c1126557428e813,0.0001
CLM-00856,POL-HDFC-849456-515,HDFC ERGO Health Insurance,0x3C44CdDdB6a900fa2b585dd299e03d12FA4293BC,IRDAI-REG-146,Paramount TPA,Bhavna Malhotra,849456,0x845dce50186aebd7d3525ff1b1cc5bc5ae709fc4,Care & Cure Pediatric & Maternity Hospital,0x937F51E09477BfD31E56c5e533038a8eEAc096b7,Dr. Ananya Roy,NMC-51203,I21.9,"Acute myocardial infarction, unspecified",Cardiology,222032.5,0.0,5000.0,10%,Awaiting Patient Consent Approval,Access Requested via Ledger,Pending Patient Authorization,Lab Reports; Diagnosis; Treatment History; Discharge Summary,Insurance Claim Adjudication & Pre-Auth Verification,24 Hours (Statutory Emergency Window),AES-256-GCM,vault-transit-key-0x845dce50,Qmba9c5bb0b63ac27445f5c5744f689cdb122892c3baa2,0.0.4891024,3856,2026-09-13 12:14:04 UTC,0x18d8c41f2b0c7f3538260ff6e9292384a8c9e724c465f704cca5e67c564bc4f0,0.0001
CLM-00857,POL-ICIC-849457-721,ICICI Lombard General Insurance,0x90F79bf6EB2c4f870365E785982E1f101E93b906,IRDAI-REG-115,Vidal Health TPA,Geeta Menon,849457,0xdc2df72716087357b161002945d0cd1ec5435498,Max Super Speciality Cancer Institute,0x28B7eA94B34C8F52D19E50Eb14769Da20F5D54b4,Dr. Preeti Deshmukh,NMC-82194,I10,Essential (primary) hypertension,Cardiology,31403.96,0.0,1570.2,10%,Pending Adjudication,Audit Logged - Under Verification,Active - Time-Bound Access,Diagnosis; Lab Reports; Itemized Pharmacy Bill,Insurance Claim Adjudication & Pre-Auth Verification,24 Hours (Statutory Emergency Window),AES-256-GCM,vault-transit-key-0xdc2df727,Qm08af92d7146dcc857be10b5e01defd74e85c5df73e9a,0.0.4891024,3857,2026-09-13 12:14:05 UTC,0x9c5eaeb5215d3936df5df1b1de0149d166e643dc8029365b5b80d0a3533757ad,0.0001
CLM-00858,POL-HDFC-849458-532,HDFC ERGO Health Insurance,0x3C44CdDdB6a900fa2b585dd299e03d12FA4293BC,IRDAI-REG-146,Paramount TPA,Deepak Bhatia,849458,0x3d2f3330363988b9b0fd710c82a450efd1feb4d0,Apex Diagnostic & Pathology Hub,0x04Fee3FD1B338d12FFD6dBD8d66dE1e8e0BB99cB,Dr. Vikram Seth,NMC-99014,I10,Essential (primary) hypertension,Cardiology,32004.89,27204.16,1600.24,10%,Approved & Settled,Ledger Verified & Payout Secured,Active - Full Disclosure,Lab Reports; Diagnosis; Treatment History; Discharge Summary,Insurance Claim Adjudication & Pre-Auth Verification,24 Hours (Statutory Emergency Window),AES-256-GCM,vault-transit-key-0x3d2f3330,Qmac748d667c89266f214650f819ff2612fa6580715436,0.0.4891024,3858,2026-09-13 12:14:07 UTC,0xde03adee9b61d865410d2ebb37f3d073251492572fcadd2d7d9c7e14e4977013,0.0001
CLM-00859,POL-NIVA-849459-594,Niva Bupa Health Insurance,0x9965507D1a55bcC2695C58ba16FB37d819B0A4dc,IRDAI-REG-145,MDIndia Health TPA,Priyanka Ghosh,849459,0x301c46a941dde9046c253a3ece0d9bdc71a68a3c,Apollo Multispecialty Hospital,0x155Af6ECaFb48861dA7d16Fb8Af2f6ce9d6DD779,Dr. Vikram Seth,NMC-99014,G40.909,"Epilepsy, unspecified, without status epilepticus",Neurology,43348.0,36845.8,2167.4,10%,Approved & Settled,Ledger Verified & Payout Secured,Active - Full Disclosure,Emergency Admission Record; Diagnostic Imaging CT/MRI,Insurance Claim Adjudication & Pre-Auth Verification,24 Hours (Statutory Emergency Window),AES-256-GCM,vault-transit-key-0x301c46a9,Qmacf5934b77c30a79ca73bad35ef47f355ede3c088d58,0.0.4891024,3859,2026-09-13 12:14:09 UTC,0x32a0566fb307a652f4db857035628e04f0304b8a928b666e79702a7b5d889bf1,0.0001
CLM-00860,POL-NIVA-849460-158,Niva Bupa Health Insurance,0x9965507D1a55bcC2695C58ba16FB37d819B0A4dc,IRDAI-REG-145,MDIndia Health TPA,Rohan Malhotra,849460,0x42e57f10da2368b1f91e66e2825697b888dc5254,Apollo Multispecialty Hospital,0x155Af6ECaFb48861dA7d16Fb8Af2f6ce9d6DD779,Dr. Ananya Roy,NMC-51203,A90,Dengue fever [classical dengue],Infectious Disease,33922.71,25442.03,1696.14,20%,Approved & Settled,Ledger Verified & Payout Secured,Active - Full Disclosure,Discharge Summary; Surgical Notes; Lab Reports,Insurance Claim Adjudication & Pre-Auth Verification,24 Hours (Statutory Emergency Window),AES-256-GCM,vault-transit-key-0x42e57f10,Qma3e6c07b265080f79aa6e1fa024df591a3a27e797ba5,0.0.4891024,3860,2026-09-13 12:14:11 UTC,0x9c2c517db2497f11a827be8ba701482f1692a30dc2807d3c9040dd03f868caf7,0.0001
CLM-00861,POL-HDFC-849461-203,HDFC ERGO Health Insurance,0x3C44CdDdB6a900fa2b585dd299e03d12FA4293BC,IRDAI-REG-146,Paramount TPA,Aarav Bhatia,849461,0xd6276d3993d3404f4b09762548739f1944eed205,Care & Cure Pediatric & Maternity Hospital,0x937F51E09477BfD31E56c5e533038a8eEAc096b7,Dr. Vikram Seth,NMC-99014,I10,Essential (primary) hypertension,Cardiology,31175.06,26498.8,1558.75,10%,Approved & Settled,Ledger Verified & Payout Secured,Active - Full Disclosure,Diagnosis; Lab Reports; Itemized Pharmacy Bill,Insurance Claim Adjudication & Pre-Auth Verification,24 Hours (Statutory Emergency Window),AES-256-GCM,vault-transit-key-0xd6276d39,Qm3a29cd51c6ca86521ddd5c103a3e10312c3cf883a833,0.0.4891024,3861,2026-09-13 12:14:13 UTC,0xdc446900a9cdd1761b9e735feda35268797ea8b9eefeffe7fbc04bdde9aec3f9,0.0001
CLM-00862,POL-CARE-849462-331,Care Health Insurance (Religare),0x15d34AAf54267DB7D7c367839AAf71A00a2C6A65,IRDAI-REG-148,Heritage Health TPA,Ishaan Malhotra,849462,0xc0ab683e3f14c5ec95ad197353dc93a3b2854be0,Apollo Multispecialty Hospital,0x155Af6ECaFb48861dA7d16Fb8Af2f6ce9d6DD779,Dr. Rajesh Sharma,NMC-78491,G40.909,"Epilepsy, unspecified, without status epilepticus",Neurology,46696.21,37356.97,2334.81,15%,Approved & Settled,Ledger Verified & Payout Secured,Active - Full Disclosure,Emergency Admission Record; Diagnostic Imaging CT/MRI,Insurance Claim Adjudication & Pre-Auth Verification,24 Hours (Statutory Emergency Window),AES-256-GCM,vault-transit-key-0xc0ab683e,Qmc016df99f5e02aea18f9316a91719cbc39e93484fa29,0.0.4891024,3862,2026-09-13 12:14:15 UTC,0x1822ba85f8812c95a477ca381a0bc79b50b7c9d651c0d8a7d147225e4071c769,0.0001
CLM-00863,POL-ICIC-849463-265,ICICI Lombard General Insurance,0x90F79bf6EB2c4f870365E785982E1f101E93b906,IRDAI-REG-115,Vidal Health TPA,Geeta Hegde,849463,0x7395dc1b7a49265ea72d22acc9442e7d14258a36,Apollo Multispecialty Hospital,0x155Af6ECaFb48861dA7d16Fb8Af2f6ce9d6DD779,Dr. Ananya Roy,NMC-51203,A90,Dengue fever [classical dengue],Infectious Disease,30814.19,23110.64,1540.71,20%,Approved & Settled,Ledger Verified & Payout Secured,Active - Full Disclosure,Diagnosis; Lab Reports; Itemized Pharmacy Bill,Insurance Claim Adjudication & Pre-Auth Verification,24 Hours (Statutory Emergency Window),AES-256-GCM,vault-transit-key-0x7395dc1b,Qmc0d43802ebe7deb5f0e44bbd93db44dc759da6dbe314,0.0.4891024,3863,2026-09-13 12:14:17 UTC,0x7af161c1e92d8ae7154ed5e473a4115d3f9e4e8cde1793b3bcb2515c60de4a3e,0.0001
CLM-00864,POL-STAR-849464-861,Star Health & Allied Insurance,0x70997970C51812dc3A010C7d01b50e0d17dc79C8,IRDAI-REG-129,MediAssist TPA,Nikhil Choudhury,849464,0x77e545e5c79f658bdc59e25e0e0319d1d6a36b7b,Max Super Speciality Cancer Institute,0x28B7eA94B34C8F52D19E50Eb14769Da20F5D54b4,Dr. Ananya Roy,NMC-51203,K21.9,Gastro-esophageal reflux disease,Gastroenterology,13113.08,12457.43,655.65,0%,Approved & Settled,Ledger Verified & Payout Secured,Active - Full Disclosure,Diagnosis; Lab Reports; Itemized Pharmacy Bill,Insurance Claim Adjudication & Pre-Auth Verification,24 Hours (Statutory Emergency Window),AES-256-GCM,vault-transit-key-0x77e545e5,Qm6551c0ccc4bd6ba178fb05781ef20bcb2066e13a1693,0.0.4891024,3864,2026-09-13 12:14:19 UTC,0x15f5298e6fb9c25afe7c8e2cf835ab2076755b22fbe9cca3d3a967a1ecf93743,0.0001
CLM-00865,POL-CARE-849465-919,Care Health Insurance (Religare),0x15d34AAf54267DB7D7c367839AAf71A00a2C6A65,IRDAI-REG-148,Heritage Health TPA,Rakesh Reddy,849465,0x0859bb949846c5c4f3a87b805a8fc21998969463,Care & Cure Pediatric & Maternity Hospital,0x937F51E09477BfD31E56c5e533038a8eEAc096b7,Dr. Rohan Patel,NMC-11029,A90,Dengue fever [classical dengue],Infectious Disease,38617.01,32824.46,1930.85,10%,Approved & Settled,Ledger Verified & Payout Secured,Active - Full Disclosure,Emergency Admission Record; Diagnostic Imaging CT/MRI,Insurance Claim Adjudication & Pre-Auth Verification,24 Hours (Statutory Emergency Window),AES-256-GCM,vault-transit-key-0x0859bb94,Qm5f3311f25dda3ef8eee7c2a420d07af666769ec0566f,0.0.4891024,3865,2026-09-13 12:14:21 UTC,0xfee69634be299b9a0810e637d3039742b7150041883e67e8e290b0b80ef5e4c2,0.0001
CLM-00866,POL-STAR-849466-229,Star Health & Allied Insurance,0x70997970C51812dc3A010C7d01b50e0d17dc79C8,IRDAI-REG-129,MediAssist TPA,Siddharth Gupta,849466,0x209f56d531acb9a38f10205b786b069c28f33ec2,Apollo Multispecialty Hospital,0x155Af6ECaFb48861dA7d16Fb8Af2f6ce9d6DD779,Dr. Sunita Narang,NMC-90812,I10,Essential (primary) hypertension,Cardiology,27644.83,0.0,1382.24,0%,Pending Adjudication,Audit Logged - Under Verification,Active - Time-Bound Access,Diagnosis; Lab Reports; Itemized Pharmacy Bill,Insurance Claim Adjudication & Pre-Auth Verification,24 Hours (Statutory Emergency Window),AES-256-GCM,vault-transit-key-0x209f56d5,Qmb46a588170efd9e4889f2111ecd462f0de588935ece9,0.0.4891024,3866,2026-09-13 12:14:22 UTC,0xed73ba3bc03d358502b6e2183577230bf201f98c663fc675b681b3520546cb73,0.0001
CLM-00867,POL-NIVA-849467-396,Niva Bupa Health Insurance,0x9965507D1a55bcC2695C58ba16FB37d819B0A4dc,IRDAI-REG-145,MDIndia Health TPA,Sameer Kapoor,849467,0xf3535fd9b5e98cfa56b993f202afa7ae6d1e35cf,Apollo Multispecialty Hospital,0x155Af6ECaFb48861dA7d16Fb8Af2f6ce9d6DD779,Dr. Ananya Roy,NMC-51203,A90,Dengue fever [classical dengue],Infectious Disease,32864.02,0.0,1643.2,0%,Pending Adjudication,Audit Logged - Under Verification,Active - Time-Bound Access,Diagnosis; Lab Reports; Itemized Pharmacy Bill,Insurance Claim Adjudication & Pre-Auth Verification,24 Hours (Statutory Emergency Window),AES-256-GCM,vault-transit-key-0xf3535fd9,Qm32bb49d5121b037388438bc288667eb0728f5a32500e,0.0.4891024,3867,2026-09-13 12:14:25 UTC,0xa78080aaa3c73bf5da5f1636e72a3f329b863836b84e99445e9981d3bc75ef71,0.0001
CLM-00868,POL-NIVA-849468-885,Niva Bupa Health Insurance,0x9965507D1a55bcC2695C58ba16FB37d819B0A4dc,IRDAI-REG-145,MDIndia Health TPA,Manish Menon,849468,0xeb87bb8e5b978a169fb419275e8c7af5127406bd,Max Super Speciality Cancer Institute,0x28B7eA94B34C8F52D19E50Eb14769Da20F5D54b4,Dr. Rajesh Sharma,NMC-78491,G40.909,"Epilepsy, unspecified, without status epilepticus",Neurology,39973.88,0.0,1998.69,15%,Rejected - Policy Exclusion,Rejected with Ledger Audit Reason,Expired / Revoked,Diagnosis; Lab Reports; Itemized Pharmacy Bill,Insurance Claim Adjudication & Pre-Auth Verification,24 Hours (Statutory Emergency Window),AES-256-GCM,vault-transit-key-0xeb87bb8e,Qmb30f865d7ea68e3a0fad58ea2afdf625de20aefa0ba3,0.0.4891024,3868,2026-09-13 12:14:27 UTC,0xea1f9e8f985ddcafb07356861904ab18390f1633536fd9a5911b14b8bab68ea2,0.0001
CLM-00869,POL-CARE-849469-293,Care Health Insurance (Religare),0x15d34AAf54267DB7D7c367839AAf71A00a2C6A65,IRDAI-REG-148,Heritage Health TPA,Varun Iyer,849469,0xd098bc3051dc8a0b862f6a7631b9214c0075db29,Apollo Multispecialty Hospital,0x155Af6ECaFb48861dA7d16Fb8Af2f6ce9d6DD779,Dr. Preeti Deshmukh,NMC-82194,E11.9,Type 2 diabetes mellitus without complications,Endocrinology,24912.99,21176.04,1245.65,10%,Approved & Settled,Ledger Verified & Payout Secured,Active - Full Disclosure,Diagnosis; Lab Reports; Itemized Pharmacy Bill,Insurance Claim Adjudication & Pre-Auth Verification,24 Hours (Statutory Emergency Window),AES-256-GCM,vault-transit-key-0xd098bc30,Qmb4a29e225c839c8faead708bbaadd8b7dc5c7f7e3902,0.0.4891024,3869,2026-09-13 12:14:28 UTC,0xef0753a5669e4140bdc0b2b31edcd8c03b8343f0a5af0c4c60252a046d9b5bea,0.0001
CLM-00870,POL-HDFC-849470-731,HDFC ERGO Health Insurance,0x3C44CdDdB6a900fa2b585dd299e03d12FA4293BC,IRDAI-REG-146,Paramount TPA,Ananya Deshmukh,849470,0xc3eea83de853440993b99d1f385aa933c9e2ffbb,Max Super Speciality Cancer Institute,0x28B7eA94B34C8F52D19E50Eb14769Da20F5D54b4,Dr. Ananya Roy,NMC-51203,I10,Essential (primary) hypertension,Cardiology,28210.43,26799.91,1410.52,0%,Approved & Settled,Ledger Verified & Payout Secured,Active - Full Disclosure,Discharge Summary; Surgical Notes; Lab Reports,Insurance Claim Adjudication & Pre-Auth Verification,24 Hours (Statutory Emergency Window),AES-256-GCM,vault-transit-key-0xc3eea83d,Qmde7d861cde1ca85d4fec55ca08409e8cf55bb5c1075e,0.0.4891024,3870,2026-09-13 12:14:31 UTC,0xc8eb82dbb1155f2b314a2f85e84f7b7e4c9465c69642059107ca5df9aebc34e8,0.0001
CLM-00871,POL-ICIC-849471-622,ICICI Lombard General Insurance,0x90F79bf6EB2c4f870365E785982E1f101E93b906,IRDAI-REG-115,Vidal Health TPA,Pranav Rao,849471,0x01b08b94b2c0c00649d75e8997c1a57ebdd6ef10,Care & Cure Pediatric & Maternity Hospital,0x937F51E09477BfD31E56c5e533038a8eEAc096b7,Dr. Ananya Roy,NMC-51203,I10,Essential (primary) hypertension,Cardiology,31127.21,29570.85,1556.36,0%,Approved & Settled,Ledger Verified & Payout Secured,Active - Full Disclosure,Discharge Summary; Surgical Notes; Lab Reports,Insurance Claim Adjudication & Pre-Auth Verification,24 Hours (Statutory Emergency Window),AES-256-GCM,vault-transit-key-0x01b08b94,Qm2024967b1a70c78499b4a9a6d01be065d827e45a5b16,0.0.4891024,3871,2026-09-13 12:14:32 UTC,0xd272d7925a9a320ec1e7704f4933170cbf6c9d778af5e7daee95ec94470d1a75,0.0001
CLM-00872,POL-CARE-849472-286,Care Health Insurance (Religare),0x15d34AAf54267DB7D7c367839AAf71A00a2C6A65,IRDAI-REG-148,Heritage Health TPA,Rakesh Bhatia,849472,0xc74a1f2b275622137137fc0a89e397f0075ae51a,Max Super Speciality Cancer Institute,0x28B7eA94B34C8F52D19E50Eb14769Da20F5D54b4,Dr. Vikram Seth,NMC-99014,I10,Essential (primary) hypertension,Cardiology,26174.4,0.0,1308.72,0%,Pending Adjudication,Audit Logged - Under Verification,Active - Time-Bound Access,Discharge Summary; Surgical Notes; Lab Reports,Insurance Claim Adjudication & Pre-Auth Verification,24 Hours (Statutory Emergency Window),AES-256-GCM,vault-transit-key-0xc74a1f2b,Qma97bc62d9b8977b0c9b476def43b9581e5c23fab68ab,0.0.4891024,3872,2026-09-13 12:14:34 UTC,0xf3fa05b9ffdce7636c9936d9c7a7eb590472f3a5bf58b0897d65c11f5b427f2f,0.0001
CLM-00873,POL-ICIC-849473-289,ICICI Lombard General Insurance,0x90F79bf6EB2c4f870365E785982E1f101E93b906,IRDAI-REG-115,Vidal Health TPA,Riya Chatterjee,849473,0xf186b000b52c12f4c0abc6dd40e935ac9e0873c6,Apex Diagnostic & Pathology Hub,0x04Fee3FD1B338d12FFD6dBD8d66dE1e8e0BB99cB,Dr. Sarah Jenkins,NMC-48192,K21.9,Gastro-esophageal reflux disease,Gastroenterology,12668.98,9501.73,633.45,20%,Approved & Settled,Ledger Verified & Payout Secured,Active - Full Disclosure,Discharge Summary; Surgical Notes; Lab Reports,Insurance Claim Adjudication & Pre-Auth Verification,24 Hours (Statutory Emergency Window),AES-256-GCM,vault-transit-key-0xf186b000,Qm2c0868241e009b56a67d504f229ae7e4b9f590ee0d66,0.0.4891024,3873,2026-09-13 12:14:36 UTC,0x2c2f90c9a8b555a4edde22e528b53a8d08074d5ac8a1187cd5c794cc046fe4dd,0.0001
CLM-00874,POL-STAR-849474-439,Star Health & Allied Insurance,0x70997970C51812dc3A010C7d01b50e0d17dc79C8,IRDAI-REG-129,MediAssist TPA,Gautam Shetty,849474,0x9b6934a0e7c033cae8d51a80bdbd3575218bf397,Apex Diagnostic & Pathology Hub,0x04Fee3FD1B338d12FFD6dBD8d66dE1e8e0BB99cB,Dr. Sunita Narang,NMC-90812,E11.9,Type 2 diabetes mellitus without complications,Endocrinology,19651.73,0.0,982.59,15%,Pending Adjudication,Audit Logged - Under Verification,Active - Time-Bound Access,Discharge Summary; Surgical Notes; Lab Reports,Insurance Claim Adjudication & Pre-Auth Verification,24 Hours (Statutory Emergency Window),AES-256-GCM,vault-transit-key-0x9b6934a0,Qm8bcc095bb4980d03e75f9f979c472c7aea41e7910dc6,0.0.4891024,3874,2026-09-13 12:14:38 UTC,0x0f2047b4e76a9299e28ca961d1a955516618a4fe6dec48dcd3184766d3516383,0.0001
CLM-00875,POL-NIVA-849475-233,Niva Bupa Health Insurance,0x9965507D1a55bcC2695C58ba16FB37d819B0A4dc,IRDAI-REG-145,MDIndia Health TPA,Rakesh Iyer,849475,0xa68c49277ff3ebed793472a90e61dbf7ba33be65,Care & Cure Pediatric & Maternity Hospital,0x937F51E09477BfD31E56c5e533038a8eEAc096b7,Dr. Sarah Jenkins,NMC-48192,I21.9,"Acute myocardial infarction, unspecified",Cardiology,289908.84,284908.84,5000.0,0%,Approved & Settled,Ledger Verified & Payout Secured,Active - Full Disclosure,Diagnosis; Lab Reports; Itemized Pharmacy Bill,Insurance Claim Adjudication & Pre-Auth Verification,24 Hours (Statutory Emergency Window),AES-256-GCM,vault-transit-key-0xa68c4927,Qmce224c4353e12cab0664cffe3821554fc69ccf4fb2f3,0.0.4891024,3875,2026-09-13 12:14:40 UTC,0xa73ca8ab71b6887644fb18e0d95ed1120cb437ab2dd50151b99f8afb472b28d8,0.0001
CLM-00876,POL-STAR-849476-408,Star Health & Allied Insurance,0x70997970C51812dc3A010C7d01b50e0d17dc79C8,IRDAI-REG-129,MediAssist TPA,Vikas Malhotra,849476,0x90893925e24bcbae6859c5dc6ab9602cc8f64efe,Apollo Multispecialty Hospital,0x155Af6ECaFb48861dA7d16Fb8Af2f6ce9d6DD779,Dr. Rohan Patel,NMC-11029,S06.9X0A,Unspecified intracranial injury / Concussion,Trauma & Emergency,141036.9,121933.21,5000.0,10%,Approved & Settled,Ledger Verified & Payout Secured,Active - Full Disclosure,Diagnosis; Lab Reports; Itemized Pharmacy Bill,Insurance Claim Adjudication & Pre-Auth Verification,24 Hours (Statutory Emergency Window),AES-256-GCM,vault-transit-key-0x90893925,Qme56465784ada466db0a272db598925c88af2e73198f6,0.0.4891024,3876,2026-09-13 12:14:42 UTC,0x237b691e722ec8c8f652fc978765584026faca3b8f4b1a5e0bd98c1e4958f700,0.0001
CLM-00877,POL-CARE-849477-998,Care Health Insurance (Religare),0x15d34AAf54267DB7D7c367839AAf71A00a2C6A65,IRDAI-REG-148,Heritage Health TPA,Kavya Iyer,849477,0xfcc5aeef162b55eec6679f549271e7165c848e44,Apex Diagnostic & Pathology Hub,0x04Fee3FD1B338d12FFD6dBD8d66dE1e8e0BB99cB,Dr. Preeti Deshmukh,NMC-82194,G40.909,"Epilepsy, unspecified, without status epilepticus",Neurology,52151.81,0.0,2607.59,15%,Awaiting Patient Consent Approval,Access Requested via Ledger,Pending Patient Authorization,Emergency Admission Record; Diagnostic Imaging CT/MRI,Insurance Claim Adjudication & Pre-Auth Verification,24 Hours (Statutory Emergency Window),AES-256-GCM,vault-transit-key-0xfcc5aeef,Qm3a6ad699dacc0b1aba84485022c0f348f56c3155c760,0.0.4891024,3877,2026-09-13 12:14:44 UTC,0x2b0d33cd3719e30e02c80111e788117638dd0d636cfd961f4e8447cbecfefb36,0.0001
CLM-00878,POL-CARE-849478-636,Care Health Insurance (Religare),0x15d34AAf54267DB7D7c367839AAf71A00a2C6A65,IRDAI-REG-148,Heritage Health TPA,Ishaan Malhotra,849478,0x752bbc725cf32cf1a6036c80c43d26bd335549a6,Apollo Multispecialty Hospital,0x155Af6ECaFb48861dA7d16Fb8Af2f6ce9d6DD779,Dr. Ananya Roy,NMC-51203,K21.9,Gastro-esophageal reflux disease,Gastroenterology,16488.74,15664.3,824.44,0%,Approved & Settled,Ledger Verified & Payout Secured,Active - Full Disclosure,Discharge Summary; Surgical Notes; Lab Reports,Insurance Claim Adjudication & Pre-Auth Verification,24 Hours (Statutory Emergency Window),AES-256-GCM,vault-transit-key-0x752bbc72,Qm5c7621f489cedf2ab17432411f5d702bf22ac42edabf,0.0.4891024,3878,2026-09-13 12:14:45 UTC,0x5100825ef622a26607fbbe8ab556ca22961ca9fa6c2b2251ed4f819cef509429,0.0001
CLM-00879,POL-NIVA-849479-858,Niva Bupa Health Insurance,0x9965507D1a55bcC2695C58ba16FB37d819B0A4dc,IRDAI-REG-145,MDIndia Health TPA,Riya Verma,849479,0xa1afcade2b03acf992ddad6916c52046b4ced1a6,Apollo Multispecialty Hospital,0x155Af6ECaFb48861dA7d16Fb8Af2f6ce9d6DD779,Dr. Sunita Narang,NMC-90812,C50.919,Malignant neoplasm of female breast,Oncology,481285.23,0.0,5000.0,20%,Pending Adjudication,Audit Logged - Under Verification,Active - Time-Bound Access,Lab Reports; Diagnosis; Treatment History; Discharge Summary,Insurance Claim Adjudication & Pre-Auth Verification,24 Hours (Statutory Emergency Window),AES-256-GCM,vault-transit-key-0xa1afcade,Qm3cfee3d77384ba4cd03a1b20dcaa65bc92cf249778c7,0.0.4891024,3879,2026-09-13 12:14:47 UTC,0xe93b976c5c3ac0382843c2eafa134c35b6d718822c552ad26cec8e3c68885a70,0.0001
CLM-00880,POL-NIVA-849480-510,Niva Bupa Health Insurance,0x9965507D1a55bcC2695C58ba16FB37d819B0A4dc,IRDAI-REG-145,MDIndia Health TPA,Vikas Gowda,849480,0x6aaeef06be90047cf972af23b90b8a7a6772b01d,Care & Cure Pediatric & Maternity Hospital,0x937F51E09477BfD31E56c5e533038a8eEAc096b7,Dr. Rohan Patel,NMC-11029,K21.9,Gastro-esophageal reflux disease,Gastroenterology,14665.6,12465.76,733.28,10%,Approved & Settled,Ledger Verified & Payout Secured,Active - Full Disclosure,Diagnosis; Lab Reports; Itemized Pharmacy Bill,Insurance Claim Adjudication & Pre-Auth Verification,24 Hours (Statutory Emergency Window),AES-256-GCM,vault-transit-key-0x6aaeef06,Qm98efe2921e1ae1d00772f6472bbc5467a68020a61007,0.0.4891024,3880,2026-09-13 12:14:50 UTC,0x4206923d974e7ef23bc3a7df721457615a1e4d3957820b48262a8f3a364a6801,0.0001
CLM-00881,POL-STAR-849481-410,Star Health & Allied Insurance,0x70997970C51812dc3A010C7d01b50e0d17dc79C8,IRDAI-REG-129,MediAssist TPA,Pooja Saxena,849481,0x2c8353bf38abe75a19695afe9c45e90ef4bf4829,Apex Diagnostic & Pathology Hub,0x04Fee3FD1B338d12FFD6dBD8d66dE1e8e0BB99cB,Dr. Ananya Roy,NMC-51203,G40.909,"Epilepsy, unspecified, without status epilepticus",Neurology,53911.78,0.0,2695.59,15%,Pending Adjudication,Audit Logged - Under Verification,Active - Time-Bound Access,Lab Reports; Diagnosis; Treatment History; Discharge Summary,Insurance Claim Adjudication & Pre-Auth Verification,24 Hours (Statutory Emergency Window),AES-256-GCM,vault-transit-key-0x2c8353bf,Qmf190d26fa749c6fad83bb3a8985e42f9d02f1cb11b3a,0.0.4891024,3881,2026-09-13 12:14:51 UTC,0x0decc534b6858d34f0b12b4d411472ea290302f3876f917e56d029bfd430ec53,0.0001
CLM-00882,POL-NIVA-849482-754,Niva Bupa Health Insurance,0x9965507D1a55bcC2695C58ba16FB37d819B0A4dc,IRDAI-REG-145,MDIndia Health TPA,Pranav Verma,849482,0x4b29132a55e02bd678580d9593e952ed99c18098,Max Super Speciality Cancer Institute,0x28B7eA94B34C8F52D19E50Eb14769Da20F5D54b4,Dr. Vikram Seth,NMC-99014,I10,Essential (primary) hypertension,Cardiology,27549.89,0.0,1377.49,15%,Awaiting Patient Consent Approval,Access Requested via Ledger,Pending Patient Authorization,Discharge Summary; Surgical Notes; Lab Reports,Insurance Claim Adjudication & Pre-Auth Verification,24 Hours (Statutory Emergency Window),AES-256-GCM,vault-transit-key-0x4b29132a,Qm20f6848e5f6e79703db14608170c537afed5fcb99fd9,0.0.4891024,3882,2026-09-13 12:14:53 UTC,0x5be7d7012a11eb741336f2c8ae463ea0adb95235004d588db4232456da46f1af,0.0001
CLM-00883,POL-HDFC-849483-764,HDFC ERGO Health Insurance,0x3C44CdDdB6a900fa2b585dd299e03d12FA4293BC,IRDAI-REG-146,Paramount TPA,Priyanka Ghosh,849483,0xdd50e7cd964e22afc4a78b269f2a373ba0269ea9,Apex Diagnostic & Pathology Hub,0x04Fee3FD1B338d12FFD6dBD8d66dE1e8e0BB99cB,Dr. Sarah Jenkins,NMC-48192,I10,Essential (primary) hypertension,Cardiology,30106.2,24084.96,1505.31,15%,Approved & Settled,Ledger Verified & Payout Secured,Active - Full Disclosure,Discharge Summary; Surgical Notes; Lab Reports,Insurance Claim Adjudication & Pre-Auth Verification,24 Hours (Statutory Emergency Window),AES-256-GCM,vault-transit-key-0xdd50e7cd,Qme66264162b2c1368fdf96bee1bc12f4cc38bc6c189b8,0.0.4891024,3883,2026-09-13 12:14:55 UTC,0x27c2e81d540a721d00ee43a86713b9ad3b9b3e0b5680fbc959407e3bc9a8d4b0,0.0001
CLM-00884,POL-NIVA-849484-740,Niva Bupa Health Insurance,0x9965507D1a55bcC2695C58ba16FB37d819B0A4dc,IRDAI-REG-145,MDIndia Health TPA,Tanvi Swaminathan,849484,0x92a9122762316a8e1828d387a87e4d658c5bfeb2,Fortis Memorial Neuro & Trauma Center,0x84f93618C1D541bB1Dcf1373A8eE500A7D439634,Dr. Vikram Seth,NMC-99014,I10,Essential (primary) hypertension,Cardiology,36114.2,28891.36,1805.71,15%,Approved & Settled,Ledger Verified & Payout Secured,Active - Full Disclosure,Discharge Summary; Surgical Notes; Lab Reports,Insurance Claim Adjudication & Pre-Auth Verification,24 Hours (Statutory Emergency Window),AES-256-GCM,vault-transit-key-0x92a91227,Qm75b1bdfc1151662c31e662cda6b7cd1e17a00d1b8dd0,0.0.4891024,3884,2026-09-13 12:14:57 UTC,0xeee904f411875ffd9bd5db36e770b1ab789d581f7f78390339efdca72cb6e2db,0.0001
CLM-00885,POL-NIVA-849485-769,Niva Bupa Health Insurance,0x9965507D1a55bcC2695C58ba16FB37d819B0A4dc,IRDAI-REG-145,MDIndia Health TPA,Rahul Sharma,849485,0xfae0d2755a14bd7b6e70549a97b0ca888d2d02f6,Apex Diagnostic & Pathology Hub,0x04Fee3FD1B338d12FFD6dBD8d66dE1e8e0BB99cB,Dr. Sarah Jenkins,NMC-48192,K21.9,Gastro-esophageal reflux disease,Gastroenterology,12697.57,0.0,634.88,10%,Pending Adjudication,Audit Logged - Under Verification,Active - Time-Bound Access,Diagnosis; Lab Reports; Itemized Pharmacy Bill,Insurance Claim Adjudication & Pre-Auth Verification,24 Hours (Statutory Emergency Window),AES-256-GCM,vault-transit-key-0xfae0d275,Qmccd0e6b065d2f43c38f255ace429bd7516eab2af70df,0.0.4891024,3885,2026-09-13 12:14:59 UTC,0x59f72bfd77e23ded3e887923f247b3404816c54a8ab15867c9bd87d5543432d0,0.0001
CLM-00886,POL-NIVA-849486-337,Niva Bupa Health Insurance,0x9965507D1a55bcC2695C58ba16FB37d819B0A4dc,IRDAI-REG-145,MDIndia Health TPA,Rakesh Iyer,849486,0x76a29e588997b7dda2da2839d61d6862c4a358fe,Care & Cure Pediatric & Maternity Hospital,0x937F51E09477BfD31E56c5e533038a8eEAc096b7,Dr. Rajesh Sharma,NMC-78491,A90,Dengue fever [classical dengue],Infectious Disease,39309.29,29481.97,1965.46,20%,Approved & Settled,Ledger Verified & Payout Secured,Active - Full Disclosure,Emergency Admission Record; Diagnostic Imaging CT/MRI,Insurance Claim Adjudication & Pre-Auth Verification,24 Hours (Statutory Emergency Window),AES-256-GCM,vault-transit-key-0x76a29e58,Qm357632ed3ee2f6d3c406a960aaccdc6521dc592d5bd0,0.0.4891024,3886,2026-09-13 12:15:01 UTC,0x66ef5546d772b2072e361eea7760c3cfc62a098fcab45df38a9dc5de81442818,0.0001
CLM-00887,POL-CARE-849487-293,Care Health Insurance (Religare),0x15d34AAf54267DB7D7c367839AAf71A00a2C6A65,IRDAI-REG-148,Heritage Health TPA,Anand Nair,849487,0x9c42337d20cb6f477a5f4a1bce439cdbf55db3d2,Max Super Speciality Cancer Institute,0x28B7eA94B34C8F52D19E50Eb14769Da20F5D54b4,Dr. Sunita Narang,NMC-90812,E11.9,Type 2 diabetes mellitus without complications,Endocrinology,21392.4,0.0,1069.62,10%,Pending Adjudication,Audit Logged - Under Verification,Active - Time-Bound Access,Lab Reports; Diagnosis; Treatment History; Discharge Summary,Insurance Claim Adjudication & Pre-Auth Verification,24 Hours (Statutory Emergency Window),AES-256-GCM,vault-transit-key-0x9c42337d,Qmd3f3908c74de62f56f372091f7a3ddc5c45b37c8fb8b,0.0.4891024,3887,2026-09-13 12:15:03 UTC,0xda73f49cb27290f7c19f213a96e65b0c8f5a7aca3de0da2acd4db0f7eef884f2,0.0001
CLM-00888,POL-HDFC-849488-171,HDFC ERGO Health Insurance,0x3C44CdDdB6a900fa2b585dd299e03d12FA4293BC,IRDAI-REG-146,Paramount TPA,Meera Swaminathan,849488,0xe13d90b1b93a28cc8bc6b3423ddc7432daa5b76f,Care & Cure Pediatric & Maternity Hospital,0x937F51E09477BfD31E56c5e533038a8eEAc096b7,Dr. Preeti Deshmukh,NMC-82194,C50.919,Malignant neoplasm of female breast,Oncology,366542.32,288233.86,5000.0,20%,Approved & Settled,Ledger Verified & Payout Secured,Active - Full Disclosure,Emergency Admission Record; Diagnostic Imaging CT/MRI,Insurance Claim Adjudication & Pre-Auth Verification,24 Hours (Statutory Emergency Window),AES-256-GCM,vault-transit-key-0xe13d90b1,Qm6885ed1d69a81f31e03195dc4e64fb0d962eeee862d9,0.0.4891024,3888,2026-09-13 12:15:05 UTC,0x8eb7908bc3a302955b634def942392c09b1a34dfb94db56b07a31053432614ee,0.0001
CLM-00889,POL-STAR-849489-493,Star Health & Allied Insurance,0x70997970C51812dc3A010C7d01b50e0d17dc79C8,IRDAI-REG-129,MediAssist TPA,Chetan Gupta,849489,0x51b99f7eebfe7ce18b79c39de4e8c149c8c3d498,Apex Diagnostic & Pathology Hub,0x04Fee3FD1B338d12FFD6dBD8d66dE1e8e0BB99cB,Dr. Sarah Jenkins,NMC-48192,K21.9,Gastro-esophageal reflux disease,Gastroenterology,11366.53,0.0,568.33,0%,Pending Adjudication,Audit Logged - Under Verification,Active - Time-Bound Access,Lab Reports; Diagnosis; Treatment History; Discharge Summary,Insurance Claim Adjudication & Pre-Auth Verification,24 Hours (Statutory Emergency Window),AES-256-GCM,vault-transit-key-0x51b99f7e,Qm76ec266df860929ca8108e26c15f900bef60244161d0,0.0.4891024,3889,2026-09-13 12:15:07 UTC,0x84fd3cc21191b1fabc06d3aa38cbbee323ac275a92f031e2415759f22817f8fc,0.0001
CLM-00890,POL-STAR-849490-911,Star Health & Allied Insurance,0x70997970C51812dc3A010C7d01b50e0d17dc79C8,IRDAI-REG-129,MediAssist TPA,Priyanka Gowda,849490,0x1ea2c8f9828304d7abedca85f024761c79f561e2,Fortis Memorial Neuro & Trauma Center,0x84f93618C1D541bB1Dcf1373A8eE500A7D439634,Dr. Rajesh Sharma,NMC-78491,I10,Essential (primary) hypertension,Cardiology,38043.58,36141.4,1902.18,0%,Approved & Settled,Ledger Verified & Payout Secured,Active - Full Disclosure,Discharge Summary; Surgical Notes; Lab Reports,Insurance Claim Adjudication & Pre-Auth Verification,24 Hours (Statutory Emergency Window),AES-256-GCM,vault-transit-key-0x1ea2c8f9,Qm20354839ae156c58d1d1cb5f3e40d51b988b6be1c0fe,0.0.4891024,3890,2026-09-13 12:15:08 UTC,0x438d13f41df4bc61e88bcbd19d3e9f075e52e9f16ca0652dd3d3e83cc2bb4c01,0.0001
CLM-00891,POL-CARE-849491-414,Care Health Insurance (Religare),0x15d34AAf54267DB7D7c367839AAf71A00a2C6A65,IRDAI-REG-148,Heritage Health TPA,Nikhil Gupta,849491,0xa310835edc748345bceacb7399a0694beebf7c99,Apex Diagnostic & Pathology Hub,0x04Fee3FD1B338d12FFD6dBD8d66dE1e8e0BB99cB,Dr. Ananya Roy,NMC-51203,E11.9,Type 2 diabetes mellitus without complications,Endocrinology,19411.87,16500.09,970.59,10%,Approved & Settled,Ledger Verified & Payout Secured,Active - Full Disclosure,Discharge Summary; Surgical Notes; Lab Reports,Insurance Claim Adjudication & Pre-Auth Verification,24 Hours (Statutory Emergency Window),AES-256-GCM,vault-transit-key-0xa310835e,Qm9c264702621202b396e6c5cfb70ca16644792edbdc92,0.0.4891024,3891,2026-09-13 12:15:11 UTC,0xbabe63b088c2953c893da6720b7febcf524900d01735d7c8c42c9ee9ad0da06d,0.0001
CLM-00892,POL-STAR-849492-205,Star Health & Allied Insurance,0x70997970C51812dc3A010C7d01b50e0d17dc79C8,IRDAI-REG-129,MediAssist TPA,Geeta Reddy,849492,0x996e5bb67b1bde567c4f329f6c28d791afca9328,Apollo Multispecialty Hospital,0x155Af6ECaFb48861dA7d16Fb8Af2f6ce9d6DD779,Dr. Sarah Jenkins,NMC-48192,G40.909,"Epilepsy, unspecified, without status epilepticus",Neurology,47468.15,35601.11,2373.41,20%,Approved & Settled,Ledger Verified & Payout Secured,Active - Full Disclosure,Diagnosis; Lab Reports; Itemized Pharmacy Bill,Insurance Claim Adjudication & Pre-Auth Verification,24 Hours (Statutory Emergency Window),AES-256-GCM,vault-transit-key-0x996e5bb6,Qmbad503ecb349253bc5a59aca7c91ed7314e04fbd89e6,0.0.4891024,3892,2026-09-13 12:15:12 UTC,0x73337affa08db6251eb530f1d8bdbedf2336d6bed4db252ef916eff06dc0c34f,0.0001
CLM-00893,POL-CARE-849493-331,Care Health Insurance (Religare),0x15d34AAf54267DB7D7c367839AAf71A00a2C6A65,IRDAI-REG-148,Heritage Health TPA,Pranav Kapoor,849493,0x635e699075124df33466a987546c1da1ed2cbc44,Max Super Speciality Cancer Institute,0x28B7eA94B34C8F52D19E50Eb14769Da20F5D54b4,Dr. Vikram Seth,NMC-99014,G40.909,"Epilepsy, unspecified, without status epilepticus",Neurology,55219.96,0.0,2761.0,20%,Pending Adjudication,Audit Logged - Under Verification,Active - Time-Bound Access,Lab Reports; Diagnosis; Treatment History; Discharge Summary,Insurance Claim Adjudication & Pre-Auth Verification,24 Hours (Statutory Emergency Window),AES-256-GCM,vault-transit-key-0x635e6990,Qmf5033152e0f06eebb8d6ae2b3f8ee05078a4ffd3864f,0.0.4891024,3893,2026-09-13 12:15:15 UTC,0x9d730228533a08c453b10c7712610f58bf197bead092658f92a3b497e13f60cc,0.0001
CLM-00894,POL-HDFC-849494-178,HDFC ERGO Health Insurance,0x3C44CdDdB6a900fa2b585dd299e03d12FA4293BC,IRDAI-REG-146,Paramount TPA,Meera Reddy,849494,0x7a2da4020bd38cf9290b91d3db62fc8b587aac28,Apollo Multispecialty Hospital,0x155Af6ECaFb48861dA7d16Fb8Af2f6ce9d6DD779,Dr. Vikram Seth,NMC-99014,S06.9X0A,Unspecified intracranial injury / Concussion,Trauma & Emergency,135362.31,130362.31,5000.0,0%,Approved & Settled,Ledger Verified & Payout Secured,Active - Full Disclosure,Lab Reports; Diagnosis; Treatment History; Discharge Summary,Insurance Claim Adjudication & Pre-Auth Verification,24 Hours (Statutory Emergency Window),AES-256-GCM,vault-transit-key-0x7a2da402,Qm93b5ae23e0b403d661df64c61fb8cfda133517edc854,0.0.4891024,3894,2026-09-13 12:15:16 UTC,0xbe764f1f8542651ca6c095eeff70828041bc32dfc6671ad05980682a743e6abc,0.0001
CLM-00895,POL-HDFC-849495-714,HDFC ERGO Health Insurance,0x3C44CdDdB6a900fa2b585dd299e03d12FA4293BC,IRDAI-REG-146,Paramount TPA,Madhav Gupta,849495,0xa313334f7a8b3b469178b4393cdbf498f33acb27,Care & Cure Pediatric & Maternity Hospital,0x937F51E09477BfD31E56c5e533038a8eEAc096b7,Dr. Rohan Patel,NMC-11029,S06.9X0A,Unspecified intracranial injury / Concussion,Trauma & Emergency,112885.66,85308.53,5000.0,20%,Approved & Settled,Ledger Verified & Payout Secured,Active - Full Disclosure,Discharge Summary; Surgical Notes; Lab Reports,Insurance Claim Adjudication & Pre-Auth Verification,24 Hours (Statutory Emergency Window),AES-256-GCM,vault-transit-key-0xa313334f,Qmf458b153322e5528d83344125d0503a3893594ec5076,0.0.4891024,3895,2026-09-13 12:15:19 UTC,0x4a86f579a9a707e69000c58f353af95d1af6a342943d3e37da9ced517ff1bd8d,0.0001
CLM-00896,POL-STAR-849496-371,Star Health & Allied Insurance,0x70997970C51812dc3A010C7d01b50e0d17dc79C8,IRDAI-REG-129,MediAssist TPA,Riya Bhatia,849496,0xd7cb28bdbe3e4d83c07bf9dec57ded9a6dc0cede,Fortis Memorial Neuro & Trauma Center,0x84f93618C1D541bB1Dcf1373A8eE500A7D439634,Dr. Ananya Roy,NMC-51203,S06.9X0A,Unspecified intracranial injury / Concussion,Trauma & Emergency,145454.73,0.0,5000.0,0%,Pending Adjudication,Audit Logged - Under Verification,Active - Time-Bound Access,Diagnosis; Lab Reports; Itemized Pharmacy Bill,Insurance Claim Adjudication & Pre-Auth Verification,24 Hours (Statutory Emergency Window),AES-256-GCM,vault-transit-key-0xd7cb28bd,Qme9e8a6434d72ef5395103ec62cb96feadf80a03a3183,0.0.4891024,3896,2026-09-13 12:15:21 UTC,0x4f49b0d7acdc2dd994ee507ea4430c7584a06b6e8d2b1bf773b93e23da0f9284,0.0001
CLM-00897,POL-HDFC-849497-934,HDFC ERGO Health Insurance,0x3C44CdDdB6a900fa2b585dd299e03d12FA4293BC,IRDAI-REG-146,Paramount TPA,Manish Mehta,849497,0x2bd11c93c8ca908dea6141e621ae8dceb44879e6,Care & Cure Pediatric & Maternity Hospital,0x937F51E09477BfD31E56c5e533038a8eEAc096b7,Dr. Ananya Roy,NMC-51203,A90,Dengue fever [classical dengue],Infectious Disease,29769.32,0.0,1488.47,20%,Rejected - Policy Exclusion,Rejected with Ledger Audit Reason,Expired / Revoked,Discharge Summary; Surgical Notes; Lab Reports,Insurance Claim Adjudication & Pre-Auth Verification,24 Hours (Statutory Emergency Window),AES-256-GCM,vault-transit-key-0x2bd11c93,Qm466f594073d9e7c2ce4b2c26690674a34f7966778ce3,0.0.4891024,3897,2026-09-13 12:15:22 UTC,0x5c0c8eb02ce1b9730a0b74f104720ea1717a66e3fd92e3fff24d762caa6df5f5,0.0001
CLM-00898,POL-HDFC-849498-461,HDFC ERGO Health Insurance,0x3C44CdDdB6a900fa2b585dd299e03d12FA4293BC,IRDAI-REG-146,Paramount TPA,Divya Mehta,849498,0x8cb98a2d66b203907be6e8e2f38e4fc8440b7afb,Max Super Speciality Cancer Institute,0x28B7eA94B34C8F52D19E50Eb14769Da20F5D54b4,Dr. Sunita Narang,NMC-90812,K21.9,Gastro-esophageal reflux disease,Gastroenterology,13046.15,9784.61,652.31,20%,Approved & Settled,Ledger Verified & Payout Secured,Active - Full Disclosure,Emergency Admission Record; Diagnostic Imaging CT/MRI,Insurance Claim Adjudication & Pre-Auth Verification,24 Hours (Statutory Emergency Window),AES-256-GCM,vault-transit-key-0x8cb98a2d,Qmb4369cbdfadcdf4f950ef157ac32ce45876f1285ef94,0.0.4891024,3898,2026-09-13 12:15:24 UTC,0x45320ec14bbd61da2119e7fa4d6127501df92f0573300098bf803e725854fef8,0.0001
CLM-00899,POL-HDFC-849499-651,HDFC ERGO Health Insurance,0x3C44CdDdB6a900fa2b585dd299e03d12FA4293BC,IRDAI-REG-146,Paramount TPA,Sameer Gupta,849499,0xb7fc31161e82b2630033b2997269fc915d6f7086,Care & Cure Pediatric & Maternity Hospital,0x937F51E09477BfD31E56c5e533038a8eEAc096b7,Dr. Ananya Roy,NMC-51203,A90,Dengue fever [classical dengue],Infectious Disease,36486.3,31013.35,1824.32,10%,Approved & Settled,Ledger Verified & Payout Secured,Active - Full Disclosure,Emergency Admission Record; Diagnostic Imaging CT/MRI,Insurance Claim Adjudication & Pre-Auth Verification,24 Hours (Statutory Emergency Window),AES-256-GCM,vault-transit-key-0xb7fc3116,Qmd2d61c38214144ebd5da49660cb129d8ba94354c9237,0.0.4891024,3899,2026-09-13 12:15:26 UTC,0xb982f99a0087f9ac506b8f99a45f8c8be0d676459e072c3affbb896e5eb6001a,0.0001
CLM-00900,POL-HDFC-849500-102,HDFC ERGO Health Insurance,0x3C44CdDdB6a900fa2b585dd299e03d12FA4293BC,IRDAI-REG-146,Paramount TPA,Kiran Gowda,849500,0x52dfc84668d999d192ffc3006094e6408ea6aa5f,Apollo Multispecialty Hospital,0x155Af6ECaFb48861dA7d16Fb8Af2f6ce9d6DD779,Dr. Rajesh Sharma,NMC-78491,S06.9X0A,Unspecified intracranial injury / Concussion,Trauma & Emergency,114019.72,109019.72,5000.0,0%,Approved & Settled,Ledger Verified & Payout Secured,Active - Full Disclosure,Emergency Admission Record; Diagnostic Imaging CT/MRI,Insurance Claim Adjudication & Pre-Auth Verification,24 Hours (Statutory Emergency Window),AES-256-GCM,vault-transit-key-0x52dfc846,Qm5ecc2a38f4d69014d735723b35b53acb453d185421da,0.0.4891024,3900,2026-09-13 12:15:28 UTC,0xe91f1733c1256bf1ea85910379d17f1b7f5207d0994f6b978ff418d5da720575,0.0001
CLM-00901,POL-ICIC-849501-401,ICICI Lombard General Insurance,0x90F79bf6EB2c4f870365E785982E1f101E93b906,IRDAI-REG-115,Vidal Health TPA,Ishaan Verma,849501,0xcc858b8861ec08fea6a039904ca34a39b3906e4f,Fortis Memorial Neuro & Trauma Center,0x84f93618C1D541bB1Dcf1373A8eE500A7D439634,Dr. Sunita Narang,NMC-90812,E11.9,Type 2 diabetes mellitus without complications,Endocrinology,20482.73,15362.04,1024.14,20%,Approved & Settled,Ledger Verified & Payout Secured,Active - Full Disclosure,Diagnosis; Lab Reports; Itemized Pharmacy Bill,Insurance Claim Adjudication & Pre-Auth Verification,24 Hours (Statutory Emergency Window),AES-256-GCM,vault-transit-key-0xcc858b88,Qmabff64b760614b4a4d872bc44723789857b52bdb1812,0.0.4891024,3901,2026-09-13 12:15:30 UTC,0x9f9d47ecb153f0e8ea7790d82b71c44568b0469a1c7a4a9fc03dd02f079d42a0,0.0001
CLM-00902,POL-HDFC-849502-812,HDFC ERGO Health Insurance,0x3C44CdDdB6a900fa2b585dd299e03d12FA4293BC,IRDAI-REG-146,Paramount TPA,Kavya Reddy,849502,0xe5a9f6736fdeb439b2a32d2e153391bbebeebe6f,Care & Cure Pediatric & Maternity Hospital,0x937F51E09477BfD31E56c5e533038a8eEAc096b7,Dr. Preeti Deshmukh,NMC-82194,I10,Essential (primary) hypertension,Cardiology,38025.01,30420.01,1901.25,15%,Approved & Settled,Ledger Verified & Payout Secured,Active - Full Disclosure,Lab Reports; Diagnosis; Treatment History; Discharge Summary,Insurance Claim Adjudication & Pre-Auth Verification,24 Hours (Statutory Emergency Window),AES-256-GCM,vault-transit-key-0xe5a9f673,Qmb67def46e29e6834ae9dd18486311e34bb80743eae36,0.0.4891024,3902,2026-09-13 12:15:32 UTC,0x568aab8f8348ae87af6a3b33a0d6ae2d25860f12ccdba005dedfc35140083e30,0.0001
CLM-00903,POL-CARE-849503-130,Care Health Insurance (Religare),0x15d34AAf54267DB7D7c367839AAf71A00a2C6A65,IRDAI-REG-148,Heritage Health TPA,Lata Patel,849503,0x82c0d583f91d84a7e09b5133b9d681d51f99b462,Apex Diagnostic & Pathology Hub,0x04Fee3FD1B338d12FFD6dBD8d66dE1e8e0BB99cB,Dr. Sunita Narang,NMC-90812,E11.9,Type 2 diabetes mellitus without complications,Endocrinology,17872.83,15191.91,893.64,10%,Approved & Settled,Ledger Verified & Payout Secured,Active - Full Disclosure,Lab Reports; Diagnosis; Treatment History; Discharge Summary,Insurance Claim Adjudication & Pre-Auth Verification,24 Hours (Statutory Emergency Window),AES-256-GCM,vault-transit-key-0x82c0d583,Qm33697d9621beaf7bc9baecd68e0b0e97b67fcea6be59,0.0.4891024,3903,2026-09-13 12:15:33 UTC,0xde61a4d2498f36ea6608f6d16bf6f741ae58efa844f8ff718736a8b4923e6588,0.0001
CLM-00904,POL-CARE-849504-581,Care Health Insurance (Religare),0x15d34AAf54267DB7D7c367839AAf71A00a2C6A65,IRDAI-REG-148,Heritage Health TPA,Kiran Ghosh,849504,0x87d0f18d37ee93406cb48be42a36783e8810868b,Max Super Speciality Cancer Institute,0x28B7eA94B34C8F52D19E50Eb14769Da20F5D54b4,Dr. Sunita Narang,NMC-90812,E11.9,Type 2 diabetes mellitus without complications,Endocrinology,22840.12,18272.09,1142.01,15%,Approved & Settled,Ledger Verified & Payout Secured,Active - Full Disclosure,Discharge Summary; Surgical Notes; Lab Reports,Insurance Claim Adjudication & Pre-Auth Verification,24 Hours (Statutory Emergency Window),AES-256-GCM,vault-transit-key-0x87d0f18d,Qm1364611441ceaedd375a76d7dc277c2d772a2efbb6f2,0.0.4891024,3904,2026-09-13 12:15:36 UTC,0x5395bde979ebf213da57a6ed3103bfafb5829938754e879025c73403edeb2651,0.0001
CLM-00905,POL-STAR-849505-718,Star Health & Allied Insurance,0x70997970C51812dc3A010C7d01b50e0d17dc79C8,IRDAI-REG-129,MediAssist TPA,Aarav Choudhury,849505,0xc0f1dfce599993f57e05b39e1324de032b7c3675,Max Super Speciality Cancer Institute,0x28B7eA94B34C8F52D19E50Eb14769Da20F5D54b4,Dr. Sarah Jenkins,NMC-48192,I10,Essential (primary) hypertension,Cardiology,35283.28,29990.79,1764.16,10%,Approved & Settled,Ledger Verified & Payout Secured,Active - Full Disclosure,Emergency Admission Record; Diagnostic Imaging CT/MRI,Insurance Claim Adjudication & Pre-Auth Verification,24 Hours (Statutory Emergency Window),AES-256-GCM,vault-transit-key-0xc0f1dfce,Qmbb404e005e53f004b85abca6f0ed3d62b25b8ccae7c7,0.0.4891024,3905,2026-09-13 12:15:38 UTC,0xdee8603e9a517be7992802f651aa3fa77a034095d61e2b4cb8733842a6015fd2,0.0001
CLM-00906,POL-ICIC-849506-826,ICICI Lombard General Insurance,0x90F79bf6EB2c4f870365E785982E1f101E93b906,IRDAI-REG-115,Vidal Health TPA,Yashwanth Pandey,849506,0x8b84bca96944065530552500673cf85c7de3a983,Apex Diagnostic & Pathology Hub,0x04Fee3FD1B338d12FFD6dBD8d66dE1e8e0BB99cB,Dr. Rohan Patel,NMC-11029,G40.909,"Epilepsy, unspecified, without status epilepticus",Neurology,42096.25,35781.82,2104.81,10%,Approved & Settled,Ledger Verified & Payout Secured,Active - Full Disclosure,Lab Reports; Diagnosis; Treatment History; Discharge Summary,Insurance Claim Adjudication & Pre-Auth Verification,24 Hours (Statutory Emergency Window),AES-256-GCM,vault-transit-key-0x8b84bca9,Qm0e779ed88f2e2f9efb0c46d3281c8a4b8e23c4fc4d85,0.0.4891024,3906,2026-09-13 12:15:40 UTC,0x4c3660a72317c2c6113700c4bc11bff7d4600b987132283cd3107d96e374363c,0.0001
CLM-00907,POL-HDFC-849507-324,HDFC ERGO Health Insurance,0x3C44CdDdB6a900fa2b585dd299e03d12FA4293BC,IRDAI-REG-146,Paramount TPA,Siddharth Gupta,849507,0x9e50efd53ab19393f9dc586a9d38762150d372fc,Care & Cure Pediatric & Maternity Hospital,0x937F51E09477BfD31E56c5e533038a8eEAc096b7,Dr. Rohan Patel,NMC-11029,I10,Essential (primary) hypertension,Cardiology,30681.13,0.0,1534.06,0%,Pending Adjudication,Audit Logged - Under Verification,Active - Time-Bound Access,Emergency Admission Record; Diagnostic Imaging CT/MRI,Insurance Claim Adjudication & Pre-Auth Verification,24 Hours (Statutory Emergency Window),AES-256-GCM,vault-transit-key-0x9e50efd5,Qmb27ed1e53f6b608701a7663023e0e01088240a96856a,0.0.4891024,3907,2026-09-13 12:15:42 UTC,0x9e01dc9ed26e3afd3501103d9767994aec8d341358c4157d4901189d682dd179,0.0001
CLM-00908,POL-CARE-849508-922,Care Health Insurance (Religare),0x15d34AAf54267DB7D7c367839AAf71A00a2C6A65,IRDAI-REG-148,Heritage Health TPA,Sakshi Kulkarni,849508,0xc0d29420c90820e17afa74f8f49a643f9837279e,Care & Cure Pediatric & Maternity Hospital,0x937F51E09477BfD31E56c5e533038a8eEAc096b7,Dr. Rajesh Sharma,NMC-78491,I10,Essential (primary) hypertension,Cardiology,30414.21,22810.66,1520.71,20%,Approved & Settled,Ledger Verified & Payout Secured,Active - Full Disclosure,Lab Reports; Diagnosis; Treatment History; Discharge Summary,Insurance Claim Adjudication & Pre-Auth Verification,24 Hours (Statutory Emergency Window),AES-256-GCM,vault-transit-key-0xc0d29420,Qmf97ffbbeee8e86d480c381718c1257c1aad06e264d78,0.0.4891024,3908,2026-09-13 12:15:43 UTC,0x4849eaf07e2982f24f48e8479f1e9ba14f6e2fbc57b4012ef9f2e1d86f5fceda,0.0001
CLM-00909,POL-NIVA-849509-388,Niva Bupa Health Insurance,0x9965507D1a55bcC2695C58ba16FB37d819B0A4dc,IRDAI-REG-145,MDIndia Health TPA,Deepak Bhatia,849509,0x00c9bceb6ab9eddc44b64656f802197d2bb6feef,Fortis Memorial Neuro & Trauma Center,0x84f93618C1D541bB1Dcf1373A8eE500A7D439634,Dr. Sarah Jenkins,NMC-48192,C50.919,Malignant neoplasm of female breast,Oncology,369832.03,364832.03,5000.0,0%,Approved & Settled,Ledger Verified & Payout Secured,Active - Full Disclosure,Lab Reports; Diagnosis; Treatment History; Discharge Summary,Insurance Claim Adjudication & Pre-Auth Verification,24 Hours (Statutory Emergency Window),AES-256-GCM,vault-transit-key-0x00c9bceb,Qmb5e3f2e51d32712cae1005ab8b1a01cf2a364c26f064,0.0.4891024,3909,2026-09-13 12:15:45 UTC,0x35532291f185c114ff123f3271d5cb82e042b2cc680b3d0bfedb133f3cc4a3d1,0.0001
CLM-00910,POL-HDFC-849510-187,HDFC ERGO Health Insurance,0x3C44CdDdB6a900fa2b585dd299e03d12FA4293BC,IRDAI-REG-146,Paramount TPA,Nikhil Pandey,849510,0xbb96e2717f9b45323f090a4b1668038ae1daa004,Apollo Multispecialty Hospital,0x155Af6ECaFb48861dA7d16Fb8Af2f6ce9d6DD779,Dr. Rajesh Sharma,NMC-78491,G40.909,"Epilepsy, unspecified, without status epilepticus",Neurology,56258.93,53445.98,2812.95,0%,Approved & Settled,Ledger Verified & Payout Secured,Active - Full Disclosure,Emergency Admission Record; Diagnostic Imaging CT/MRI,Insurance Claim Adjudication & Pre-Auth Verification,24 Hours (Statutory Emergency Window),AES-256-GCM,vault-transit-key-0xbb96e271,Qm415877aa74d8937c5ad6d39ba69ff77e61df92febc04,0.0.4891024,3910,2026-09-13 12:15:47 UTC,0xc08464234cea9e8804577ebd47c1726fcadcc17a1d67c6677f9e30255b8ad342,0.0001
CLM-00911,POL-STAR-849511-869,Star Health & Allied Insurance,0x70997970C51812dc3A010C7d01b50e0d17dc79C8,IRDAI-REG-129,MediAssist TPA,Arjun Mehta,849511,0x8ec7e76ec30738e5855cf9e5e266511f670e1f39,Fortis Memorial Neuro & Trauma Center,0x84f93618C1D541bB1Dcf1373A8eE500A7D439634,Dr. Sarah Jenkins,NMC-48192,S06.9X0A,Unspecified intracranial injury / Concussion,Trauma & Emergency,118114.31,89491.45,5000.0,20%,Approved & Settled,Ledger Verified & Payout Secured,Active - Full Disclosure,Discharge Summary; Surgical Notes; Lab Reports,Insurance Claim Adjudication & Pre-Auth Verification,24 Hours (Statutory Emergency Window),AES-256-GCM,vault-transit-key-0x8ec7e76e,Qm7d4cb9ae92214131059925061058eb3a834b461e6ed0,0.0.4891024,3911,2026-09-13 12:15:49 UTC,0x1e67a3d17f0d0ee4ac00eb94d7689491599be973119671a043e9d9a262209636,0.0001
CLM-00912,POL-STAR-849512-614,Star Health & Allied Insurance,0x70997970C51812dc3A010C7d01b50e0d17dc79C8,IRDAI-REG-129,MediAssist TPA,Sanjay Gupta,849512,0xde17e70d9412522917569b9a657eb96cad0b511d,Fortis Memorial Neuro & Trauma Center,0x84f93618C1D541bB1Dcf1373A8eE500A7D439634,Dr. Ananya Roy,NMC-51203,I21.9,"Acute myocardial infarction, unspecified",Cardiology,309526.25,273573.62,5000.0,10%,Approved & Settled,Ledger Verified & Payout Secured,Active - Full Disclosure,Emergency Admission Record; Diagnostic Imaging CT/MRI,Insurance Claim Adjudication & Pre-Auth Verification,24 Hours (Statutory Emergency Window),AES-256-GCM,vault-transit-key-0xde17e70d,Qm373ff8108a12b4b2ab0df0785fc3948a431f2acf5fa4,0.0.4891024,3912,2026-09-13 12:15:51 UTC,0xbfa4bd458dd9fcd0db46a7a8747e5433fb72ce4212a9cd3f9a183de2bafa53ee,0.0001
CLM-00913,POL-STAR-849513-798,Star Health & Allied Insurance,0x70997970C51812dc3A010C7d01b50e0d17dc79C8,IRDAI-REG-129,MediAssist TPA,Lata Mukherjee,849513,0xf8ba8b9d040b6e8591c5338e292481b18917fdde,Fortis Memorial Neuro & Trauma Center,0x84f93618C1D541bB1Dcf1373A8eE500A7D439634,Dr. Rajesh Sharma,NMC-78491,E11.9,Type 2 diabetes mellitus without complications,Endocrinology,20505.36,0.0,1025.27,0%,Rejected - Policy Exclusion,Rejected with Ledger Audit Reason,Expired / Revoked,Diagnosis; Lab Reports; Itemized Pharmacy Bill,Insurance Claim Adjudication & Pre-Auth Verification,24 Hours (Statutory Emergency Window),AES-256-GCM,vault-transit-key-0xf8ba8b9d,Qmba01fec05cf99893e9ce6d16cb289190dc3061da32a3,0.0.4891024,3913,2026-09-13 12:15:53 UTC,0x3dde9fc58c234ec0ab86045a61b019d848f4a922949d471413b1dfae0325d78d,0.0001
CLM-00914,POL-HDFC-849514-558,HDFC ERGO Health Insurance,0x3C44CdDdB6a900fa2b585dd299e03d12FA4293BC,IRDAI-REG-146,Paramount TPA,Manish Gowda,849514,0x0c68a9b7efaf09203811caaaedc431f54f898f9d,Apex Diagnostic & Pathology Hub,0x04Fee3FD1B338d12FFD6dBD8d66dE1e8e0BB99cB,Dr. Rohan Patel,NMC-11029,S06.9X0A,Unspecified intracranial injury / Concussion,Trauma & Emergency,144141.96,117520.67,5000.0,15%,Approved & Settled,Ledger Verified & Payout Secured,Active - Full Disclosure,Emergency Admission Record; Diagnostic Imaging CT/MRI,Insurance Claim Adjudication & Pre-Auth Verification,24 Hours (Statutory Emergency Window),AES-256-GCM,vault-transit-key-0x0c68a9b7,Qm4d0f49192b82580159d99f108ff5fbfce39a3c29d0cb,0.0.4891024,3914,2026-09-13 12:15:55 UTC,0x0c85b2bdc592b8293df92fe3d8da4ed4c6e3f7c6f633700bf8b05355fbfbad32,0.0001
CLM-00915,POL-HDFC-849515-256,HDFC ERGO Health Insurance,0x3C44CdDdB6a900fa2b585dd299e03d12FA4293BC,IRDAI-REG-146,Paramount TPA,Siddharth Rao,849515,0x9c03b27d663f2232355430a292669db8fc727845,Apex Diagnostic & Pathology Hub,0x04Fee3FD1B338d12FFD6dBD8d66dE1e8e0BB99cB,Dr. Rohan Patel,NMC-11029,I21.9,"Acute myocardial infarction, unspecified",Cardiology,283000.82,221400.66,5000.0,20%,Approved & Settled,Ledger Verified & Payout Secured,Active - Full Disclosure,Lab Reports; Diagnosis; Treatment History; Discharge Summary,Insurance Claim Adjudication & Pre-Auth Verification,24 Hours (Statutory Emergency Window),AES-256-GCM,vault-transit-key-0x9c03b27d,Qmab272360dd8a02b3aa4fd2436e373464d7e1b7459360,0.0.4891024,3915,2026-09-13 12:15:57 UTC,0xdf1e2fd573b247ff085f1ba44d85f46d6d90a3e46ff9bd8a356cd75db978e454,0.0001
CLM-00916,POL-STAR-849516-421,Star Health & Allied Insurance,0x70997970C51812dc3A010C7d01b50e0d17dc79C8,IRDAI-REG-129,MediAssist TPA,Rohan Pandey,849516,0xaaf579756bde4a055bbf5404d749723199b7e6f4,Care & Cure Pediatric & Maternity Hospital,0x937F51E09477BfD31E56c5e533038a8eEAc096b7,Dr. Sarah Jenkins,NMC-48192,A90,Dengue fever [classical dengue],Infectious Disease,31243.93,24995.14,1562.2,15%,Approved & Settled,Ledger Verified & Payout Secured,Active - Full Disclosure,Discharge Summary; Surgical Notes; Lab Reports,Insurance Claim Adjudication & Pre-Auth Verification,24 Hours (Statutory Emergency Window),AES-256-GCM,vault-transit-key-0xaaf57975,Qma9f63ccde289f9afa54b4ffbcb6ad870c365d84e6b74,0.0.4891024,3916,2026-09-13 12:15:59 UTC,0xac4c24dbf6ea4f8d4f22aa1945bdc17e107c372bf16cb8ad366f3bda87d81395,0.0001
CLM-00917,POL-STAR-849517-364,Star Health & Allied Insurance,0x70997970C51812dc3A010C7d01b50e0d17dc79C8,IRDAI-REG-129,MediAssist TPA,Shreya Bhatia,849517,0x50a7a9228e1573827d71be483940cd29b6c3ec59,Apollo Multispecialty Hospital,0x155Af6ECaFb48861dA7d16Fb8Af2f6ce9d6DD779,Dr. Rajesh Sharma,NMC-78491,A90,Dengue fever [classical dengue],Infectious Disease,43000.46,0.0,2150.02,15%,Pending Adjudication,Audit Logged - Under Verification,Active - Time-Bound Access,Emergency Admission Record; Diagnostic Imaging CT/MRI,Insurance Claim Adjudication & Pre-Auth Verification,24 Hours (Statutory Emergency Window),AES-256-GCM,vault-transit-key-0x50a7a922,Qmb2e333b2ed39625577ab0f7d284b248924927258f365,0.0.4891024,3917,2026-09-13 12:16:01 UTC,0xd16d54a40f2c29cc1d12c172be242709a790ba5968a1ce792927cd739068548e,0.0001
CLM-00918,POL-NIVA-849518-979,Niva Bupa Health Insurance,0x9965507D1a55bcC2695C58ba16FB37d819B0A4dc,IRDAI-REG-145,MDIndia Health TPA,Kavya Reddy,849518,0x8330285e657bf09469520d6bf30f269eb6f8b369,Care & Cure Pediatric & Maternity Hospital,0x937F51E09477BfD31E56c5e533038a8eEAc096b7,Dr. Sarah Jenkins,NMC-48192,S06.9X0A,Unspecified intracranial injury / Concussion,Trauma & Emergency,118332.85,0.0,5000.0,20%,Awaiting Patient Consent Approval,Access Requested via Ledger,Pending Patient Authorization,Diagnosis; Lab Reports; Itemized Pharmacy Bill,Insurance Claim Adjudication & Pre-Auth Verification,24 Hours (Statutory Emergency Window),AES-256-GCM,vault-transit-key-0x8330285e,Qm588b7d883161420b84911e0b903347ed687d9cd877bf,0.0.4891024,3918,2026-09-13 12:16:03 UTC,0x4448d0fbc2b3aea771f318e143c206d16ff3fa696ea9fbf5abb95639a345a000,0.0001
CLM-00919,POL-NIVA-849519-798,Niva Bupa Health Insurance,0x9965507D1a55bcC2695C58ba16FB37d819B0A4dc,IRDAI-REG-145,MDIndia Health TPA,Shreya Mishra,849519,0x4a9d258208f9c230a8cf2f3c5121eac3f4ca9e20,Fortis Memorial Neuro & Trauma Center,0x84f93618C1D541bB1Dcf1373A8eE500A7D439634,Dr. Vikram Seth,NMC-99014,I21.9,"Acute myocardial infarction, unspecified",Cardiology,266054.66,207843.73,5000.0,20%,Approved & Settled,Ledger Verified & Payout Secured,Active - Full Disclosure,Lab Reports; Diagnosis; Treatment History; Discharge Summary,Insurance Claim Adjudication & Pre-Auth Verification,24 Hours (Statutory Emergency Window),AES-256-GCM,vault-transit-key-0x4a9d2582,Qma58203bfcb044a4b4bbdf24c89ec5596e869fdb93bcf,0.0.4891024,3919,2026-09-13 12:16:05 UTC,0xe7e5e8ee7b202d264774884bcae22a54844a81d544c822ddca528755025dbfe7,0.0001
CLM-00920,POL-HDFC-849520-973,HDFC ERGO Health Insurance,0x3C44CdDdB6a900fa2b585dd299e03d12FA4293BC,IRDAI-REG-146,Paramount TPA,Arjun Menon,849520,0xb771fbbb93f7ead44c6eccf43f49dfd5aefd3bbb,Apex Diagnostic & Pathology Hub,0x04Fee3FD1B338d12FFD6dBD8d66dE1e8e0BB99cB,Dr. Sarah Jenkins,NMC-48192,E11.9,Type 2 diabetes mellitus without complications,Endocrinology,17526.61,13144.96,876.33,20%,Approved & Settled,Ledger Verified & Payout Secured,Active - Full Disclosure,Emergency Admission Record; Diagnostic Imaging CT/MRI,Insurance Claim Adjudication & Pre-Auth Verification,24 Hours (Statutory Emergency Window),AES-256-GCM,vault-transit-key-0xb771fbbb,Qm013094811c9c18aa7bbf7023f8b0d8525cd71d5f1c43,0.0.4891024,3920,2026-09-13 12:16:06 UTC,0xaacfabecc5f584010720f5c31d0d7475891dbd76a850026bf284540b25c61354,0.0001
CLM-00921,POL-CARE-849521-579,Care Health Insurance (Religare),0x15d34AAf54267DB7D7c367839AAf71A00a2C6A65,IRDAI-REG-148,Heritage Health TPA,Pranav Joshi,849521,0xc0681718cb1f9714e506951d000119fae77a8024,Apollo Multispecialty Hospital,0x155Af6ECaFb48861dA7d16Fb8Af2f6ce9d6DD779,Dr. Vikram Seth,NMC-99014,A90,Dengue fever [classical dengue],Infectious Disease,38051.78,28538.83,1902.59,20%,Approved & Settled,Ledger Verified & Payout Secured,Active - Full Disclosure,Diagnosis; Lab Reports; Itemized Pharmacy Bill,Insurance Claim Adjudication & Pre-Auth Verification,24 Hours (Statutory Emergency Window),AES-256-GCM,vault-transit-key-0xc0681718,Qm567334499dce628cb3185c348fa6f7b9b69d92accb10,0.0.4891024,3921,2026-09-13 12:16:08 UTC,0x3dad1e3351c7c24910c4454f586a8625b4349519855e8edf929e40f98a51af4d,0.0001
CLM-00922,POL-CARE-849522-166,Care Health Insurance (Religare),0x15d34AAf54267DB7D7c367839AAf71A00a2C6A65,IRDAI-REG-148,Heritage Health TPA,Sneha Gowda,849522,0x0c765fd30404306437396a8ddbb85e507c76e6de,Max Super Speciality Cancer Institute,0x28B7eA94B34C8F52D19E50Eb14769Da20F5D54b4,Dr. Ananya Roy,NMC-51203,S06.9X0A,Unspecified intracranial injury / Concussion,Trauma & Emergency,119919.49,90935.59,5000.0,20%,Approved & Settled,Ledger Verified & Payout Secured,Active - Full Disclosure,Emergency Admission Record; Diagnostic Imaging CT/MRI,Insurance Claim Adjudication & Pre-Auth Verification,24 Hours (Statutory Emergency Window),AES-256-GCM,vault-transit-key-0x0c765fd3,Qm1c0cd8893f9e6462a07d76b2c1ebbe0b4d9dcd4a5c0f,0.0.4891024,3922,2026-09-13 12:16:10 UTC,0xe8f33519020f6cd112c0e3047548ca177a8bf08f0da77e29562c66f13b45ca7f,0.0001
CLM-00923,POL-STAR-849523-249,Star Health & Allied Insurance,0x70997970C51812dc3A010C7d01b50e0d17dc79C8,IRDAI-REG-129,MediAssist TPA,Rakesh Banerjee,849523,0xa6338cf3b7f22b2d73e1b0a3f155950a344b9a23,Apex Diagnostic & Pathology Hub,0x04Fee3FD1B338d12FFD6dBD8d66dE1e8e0BB99cB,Dr. Rajesh Sharma,NMC-78491,A90,Dengue fever [classical dengue],Infectious Disease,38019.12,30415.29,1900.96,15%,Approved & Settled,Ledger Verified & Payout Secured,Active - Full Disclosure,Emergency Admission Record; Diagnostic Imaging CT/MRI,Insurance Claim Adjudication & Pre-Auth Verification,24 Hours (Statutory Emergency Window),AES-256-GCM,vault-transit-key-0xa6338cf3,Qm50c71fb898a4423db5b26b1f5bcc665d4f1badb45ba8,0.0.4891024,3923,2026-09-13 12:16:12 UTC,0x8efc087f8abda40490f415a1ccb48eb810bcee5ca2ad72c287950d18746c0d30,0.0001
CLM-00924,POL-CARE-849524-316,Care Health Insurance (Religare),0x15d34AAf54267DB7D7c367839AAf71A00a2C6A65,IRDAI-REG-148,Heritage Health TPA,Shreya Hegde,849524,0x26f22eee5a9d44d4a5512bfc14f7b64e4cd9d5e5,Care & Cure Pediatric & Maternity Hospital,0x937F51E09477BfD31E56c5e533038a8eEAc096b7,Dr. Rajesh Sharma,NMC-78491,I10,Essential (primary) hypertension,Cardiology,36782.36,27586.77,1839.12,20%,Approved & Settled,Ledger Verified & Payout Secured,Active - Full Disclosure,Diagnosis; Lab Reports; Itemized Pharmacy Bill,Insurance Claim Adjudication & Pre-Auth Verification,24 Hours (Statutory Emergency Window),AES-256-GCM,vault-transit-key-0x26f22eee,Qm7c39d9b66787496f792fe7e243a4d5ff2c86961c6304,0.0.4891024,3924,2026-09-13 12:16:14 UTC,0x03f7f8183d391e1460972100a75f53f9d7b35d3fc4cc54b3274583096cecc064,0.0001
CLM-00925,POL-ICIC-849525-994,ICICI Lombard General Insurance,0x90F79bf6EB2c4f870365E785982E1f101E93b906,IRDAI-REG-115,Vidal Health TPA,Manish Patel,849525,0x151c0b224ee2c517fa5c84109762b044e1732567,Care & Cure Pediatric & Maternity Hospital,0x937F51E09477BfD31E56c5e533038a8eEAc096b7,Dr. Sarah Jenkins,NMC-48192,G40.909,"Epilepsy, unspecified, without status epilepticus",Neurology,51260.71,38445.53,2563.04,20%,Approved & Settled,Ledger Verified & Payout Secured,Active - Full Disclosure,Discharge Summary; Surgical Notes; Lab Reports,Insurance Claim Adjudication & Pre-Auth Verification,24 Hours (Statutory Emergency Window),AES-256-GCM,vault-transit-key-0x151c0b22,Qm33dde2b82c6ba4ceaf1a5754c5e84cddffd12ac381c9,0.0.4891024,3925,2026-09-13 12:16:16 UTC,0x86199794fa4d7e0ecca4b9874d1c7749cf62158cb6e45553cad2809e45137d36,0.0001
CLM-00926,POL-CARE-849526-268,Care Health Insurance (Religare),0x15d34AAf54267DB7D7c367839AAf71A00a2C6A65,IRDAI-REG-148,Heritage Health TPA,Arjun Patel,849526,0x3ae75abda0dc17e19a284684764724d6cde9048f,Fortis Memorial Neuro & Trauma Center,0x84f93618C1D541bB1Dcf1373A8eE500A7D439634,Dr. Sunita Narang,NMC-90812,G40.909,"Epilepsy, unspecified, without status epilepticus",Neurology,41553.64,31165.23,2077.68,20%,Approved & Settled,Ledger Verified & Payout Secured,Active - Full Disclosure,Diagnosis; Lab Reports; Itemized Pharmacy Bill,Insurance Claim Adjudication & Pre-Auth Verification,24 Hours (Statutory Emergency Window),AES-256-GCM,vault-transit-key-0x3ae75abd,Qme5c71f3d4c453027e67505bcd37ad30735bf3c9b4f5b,0.0.4891024,3926,2026-09-13 12:16:18 UTC,0x4137f45263168319b7d7d360806b3bbc5d864ccfb0b8f66483265280febd916b,0.0001
CLM-00927,POL-NIVA-849527-674,Niva Bupa Health Insurance,0x9965507D1a55bcC2695C58ba16FB37d819B0A4dc,IRDAI-REG-145,MDIndia Health TPA,Sanjay Malhotra,849527,0x868970ec13712b54917859403586d69601edcc4a,Care & Cure Pediatric & Maternity Hospital,0x937F51E09477BfD31E56c5e533038a8eEAc096b7,Dr. Sunita Narang,NMC-90812,I10,Essential (primary) hypertension,Cardiology,35692.9,30338.96,1784.65,10%,Approved & Settled,Ledger Verified & Payout Secured,Active - Full Disclosure,Diagnosis; Lab Reports; Itemized Pharmacy Bill,Insurance Claim Adjudication & Pre-Auth Verification,24 Hours (Statutory Emergency Window),AES-256-GCM,vault-transit-key-0x868970ec,Qm789010a990be736a009c46d6d479c4b6da4fa4e87840,0.0.4891024,3927,2026-09-13 12:16:20 UTC,0x452b0f1ce4c77fd179c7361b9d7be2f500260fa796c556cb284953bf6c66e741,0.0001
CLM-00928,POL-HDFC-849528-985,HDFC ERGO Health Insurance,0x3C44CdDdB6a900fa2b585dd299e03d12FA4293BC,IRDAI-REG-146,Paramount TPA,Sakshi Sharma,849528,0xb7a4fa2ac7b9ccdeaf22de2d99dbb730acde1673,Care & Cure Pediatric & Maternity Hospital,0x937F51E09477BfD31E56c5e533038a8eEAc096b7,Dr. Rajesh Sharma,NMC-78491,A90,Dengue fever [classical dengue],Infectious Disease,33356.27,25017.21,1667.81,20%,Approved & Settled,Ledger Verified & Payout Secured,Active - Full Disclosure,Lab Reports; Diagnosis; Treatment History; Discharge Summary,Insurance Claim Adjudication & Pre-Auth Verification,24 Hours (Statutory Emergency Window),AES-256-GCM,vault-transit-key-0xb7a4fa2a,Qmbc505f8b870b96d3d407c35cd04f6635fc13beb2c774,0.0.4891024,3928,2026-09-13 12:16:22 UTC,0xf077044664d4f36efc552f735ddb4dee02208d56a31f7f78e3cbbd0fb0cf745d,0.0001
CLM-00929,POL-CARE-849529-323,Care Health Insurance (Religare),0x15d34AAf54267DB7D7c367839AAf71A00a2C6A65,IRDAI-REG-148,Heritage Health TPA,Kavya Kulkarni,849529,0x24e886be216182fb6559365e806040d6ed858923,Apex Diagnostic & Pathology Hub,0x04Fee3FD1B338d12FFD6dBD8d66dE1e8e0BB99cB,Dr. Sarah Jenkins,NMC-48192,I10,Essential (primary) hypertension,Cardiology,35213.7,29931.65,1760.68,10%,Approved & Settled,Ledger Verified & Payout Secured,Active - Full Disclosure,Diagnosis; Lab Reports; Itemized Pharmacy Bill,Insurance Claim Adjudication & Pre-Auth Verification,24 Hours (Statutory Emergency Window),AES-256-GCM,vault-transit-key-0x24e886be,Qm5c5df08537a26bab47414a04dbe6e671bda340b94bb2,0.0.4891024,3929,2026-09-13 12:16:24 UTC,0x5978a8e388b84fcf9db9d2c668852345bf5958efaeae05d9e3cd1302c7e78153,0.0001
CLM-00930,POL-ICIC-849530-479,ICICI Lombard General Insurance,0x90F79bf6EB2c4f870365E785982E1f101E93b906,IRDAI-REG-115,Vidal Health TPA,Siddharth Iyer,849530,0x99ee6c3ac1133ae941d9804b36309913ce8e27ad,Max Super Speciality Cancer Institute,0x28B7eA94B34C8F52D19E50Eb14769Da20F5D54b4,Dr. Rajesh Sharma,NMC-78491,I10,Essential (primary) hypertension,Cardiology,36086.72,34282.38,1804.34,0%,Approved & Settled,Ledger Verified & Payout Secured,Active - Full Disclosure,Discharge Summary; Surgical Notes; Lab Reports,Insurance Claim Adjudication & Pre-Auth Verification,24 Hours (Statutory Emergency Window),AES-256-GCM,vault-transit-key-0x99ee6c3a,Qmc89554bc4182c9f4472cb42ccef31f0442e02ef9bb01,0.0.4891024,3930,2026-09-13 12:16:26 UTC,0x2bc39355532077adba01fb1d2290e2839b9655a94da11ae9fd4f408c3ee5c31d,0.0001
CLM-00931,POL-CARE-849531-460,Care Health Insurance (Religare),0x15d34AAf54267DB7D7c367839AAf71A00a2C6A65,IRDAI-REG-148,Heritage Health TPA,Ishaan Pillai,849531,0x617c00782a79cc0543ad3ad4888d9e091928cf78,Care & Cure Pediatric & Maternity Hospital,0x937F51E09477BfD31E56c5e533038a8eEAc096b7,Dr. Ananya Roy,NMC-51203,K21.9,Gastro-esophageal reflux disease,Gastroenterology,13231.19,9923.39,661.56,20%,Approved & Settled,Ledger Verified & Payout Secured,Active - Full Disclosure,Discharge Summary; Surgical Notes; Lab Reports,Insurance Claim Adjudication & Pre-Auth Verification,24 Hours (Statutory Emergency Window),AES-256-GCM,vault-transit-key-0x617c0078,Qm1f308e7141d3578ed942f607a87d235d30e99cb9a3f1,0.0.4891024,3931,2026-09-13 12:16:27 UTC,0xea79cf05d1024a0cc258b5444deedc155327485c29b23f49c197a16221bfaf4d,0.0001
CLM-00932,POL-CARE-849532-655,Care Health Insurance (Religare),0x15d34AAf54267DB7D7c367839AAf71A00a2C6A65,IRDAI-REG-148,Heritage Health TPA,Neha Banerjee,849532,0x3a903dfc76126373770ffe1f94571b74661091a1,Fortis Memorial Neuro & Trauma Center,0x84f93618C1D541bB1Dcf1373A8eE500A7D439634,Dr. Rajesh Sharma,NMC-78491,E11.9,Type 2 diabetes mellitus without complications,Endocrinology,20278.67,0.0,1013.93,15%,Awaiting Patient Consent Approval,Access Requested via Ledger,Pending Patient Authorization,Emergency Admission Record; Diagnostic Imaging CT/MRI,Insurance Claim Adjudication & Pre-Auth Verification,24 Hours (Statutory Emergency Window),AES-256-GCM,vault-transit-key-0x3a903dfc,Qm9a314ca1a6682638eb67ab3596523bc2001b12eeadc2,0.0.4891024,3932,2026-09-13 12:16:30 UTC,0x0a62d740a7373933915e599f9a13e99de0795f582d7b4660c5fd86d00a6c6cc6,0.0001
CLM-00933,POL-NIVA-849533-191,Niva Bupa Health Insurance,0x9965507D1a55bcC2695C58ba16FB37d819B0A4dc,IRDAI-REG-145,MDIndia Health TPA,Riya Pillai,849533,0xa3a0e314182b9574b5a633ead0d6cfa3383e774f,Apollo Multispecialty Hospital,0x155Af6ECaFb48861dA7d16Fb8Af2f6ce9d6DD779,Dr. Sarah Jenkins,NMC-48192,I21.9,"Acute myocardial infarction, unspecified",Cardiology,292121.11,228696.89,5000.0,20%,Approved & Settled,Ledger Verified & Payout Secured,Active - Full Disclosure,Lab Reports; Diagnosis; Treatment History; Discharge Summary,Insurance Claim Adjudication & Pre-Auth Verification,24 Hours (Statutory Emergency Window),AES-256-GCM,vault-transit-key-0xa3a0e314,Qmf8310c10d4005c71a0095d6a23fda728c570beb0f00c,0.0.4891024,3933,2026-09-13 12:16:32 UTC,0x9e75604eed1a157b9506c553542070ed52075b1e5666d8b579c2328d8f2f71ac,0.0001
CLM-00934,POL-NIVA-849534-972,Niva Bupa Health Insurance,0x9965507D1a55bcC2695C58ba16FB37d819B0A4dc,IRDAI-REG-145,MDIndia Health TPA,Vikas Mishra,849534,0xc1f9438534cd910dc0c2196800a31eb61a1eec10,Apollo Multispecialty Hospital,0x155Af6ECaFb48861dA7d16Fb8Af2f6ce9d6DD779,Dr. Preeti Deshmukh,NMC-82194,G40.909,"Epilepsy, unspecified, without status epilepticus",Neurology,45750.11,0.0,2287.51,10%,Pending Adjudication,Audit Logged - Under Verification,Active - Time-Bound Access,Emergency Admission Record; Diagnostic Imaging CT/MRI,Insurance Claim Adjudication & Pre-Auth Verification,24 Hours (Statutory Emergency Window),AES-256-GCM,vault-transit-key-0xc1f94385,Qme6d4213b4443dbf2d8f503afb0a260862746555dd6e4,0.0.4891024,3934,2026-09-13 12:16:33 UTC,0x87d236a0417d0d1f5dcb3eee360f15e18d4ccac599a26056f71b1cd1543b2c14,0.0001
CLM-00935,POL-CARE-849535-522,Care Health Insurance (Religare),0x15d34AAf54267DB7D7c367839AAf71A00a2C6A65,IRDAI-REG-148,Heritage Health TPA,Nikhil Mukherjee,849535,0x9da529b381e3ad3b8c5c5fdbcd6d243cbc3d2667,Apollo Multispecialty Hospital,0x155Af6ECaFb48861dA7d16Fb8Af2f6ce9d6DD779,Dr. Vikram Seth,NMC-99014,A90,Dengue fever [classical dengue],Infectious Disease,41875.11,31406.33,2093.76,20%,Approved & Settled,Ledger Verified & Payout Secured,Active - Full Disclosure,Discharge Summary; Surgical Notes; Lab Reports,Insurance Claim Adjudication & Pre-Auth Verification,24 Hours (Statutory Emergency Window),AES-256-GCM,vault-transit-key-0x9da529b3,Qma77833043cd6661479cf746238d9e1fc2ffacc3303d1,0.0.4891024,3935,2026-09-13 12:16:35 UTC,0x3f097febbacf3063d859f5b0b99a5f0083f0e533f85681b0f4969fc07b7d9de9,0.0001
CLM-00936,POL-ICIC-849536-789,ICICI Lombard General Insurance,0x90F79bf6EB2c4f870365E785982E1f101E93b906,IRDAI-REG-115,Vidal Health TPA,Bhavna Choudhury,849536,0x8e89a469ada54c82956a3fe3135ab3f09652be1f,Fortis Memorial Neuro & Trauma Center,0x84f93618C1D541bB1Dcf1373A8eE500A7D439634,Dr. Vikram Seth,NMC-99014,K21.9,Gastro-esophageal reflux disease,Gastroenterology,12608.74,9456.55,630.44,20%,Approved & Settled,Ledger Verified & Payout Secured,Active - Full Disclosure,Lab Reports; Diagnosis; Treatment History; Discharge Summary,Insurance Claim Adjudication & Pre-Auth Verification,24 Hours (Statutory Emergency Window),AES-256-GCM,vault-transit-key-0x8e89a469,Qm4ca2683132d43d26b550a79e55ecfea682e45491d3eb,0.0.4891024,3936,2026-09-13 12:16:37 UTC,0x214569ccaaf5e007d2434c43fcf97a1c291260745161b5251b3a9439fa599bd7,0.0001
CLM-00937,POL-NIVA-849537-274,Niva Bupa Health Insurance,0x9965507D1a55bcC2695C58ba16FB37d819B0A4dc,IRDAI-REG-145,MDIndia Health TPA,Shreya Ghosh,849537,0x7e163c66cdbcb783d420dee07c56e917b7ecd619,Apex Diagnostic & Pathology Hub,0x04Fee3FD1B338d12FFD6dBD8d66dE1e8e0BB99cB,Dr. Vikram Seth,NMC-99014,S06.9X0A,Unspecified intracranial injury / Concussion,Trauma & Emergency,153136.56,117509.25,5000.0,20%,Approved & Settled,Ledger Verified & Payout Secured,Active - Full Disclosure,Emergency Admission Record; Diagnostic Imaging CT/MRI,Insurance Claim Adjudication & Pre-Auth Verification,24 Hours (Statutory Emergency Window),AES-256-GCM,vault-transit-key-0x7e163c66,Qm53eacfb58208742d1ea2d6c71ed50a0e8c6af306b847,0.0.4891024,3937,2026-09-13 12:16:39 UTC,0x6050ae0a8261c90161bc258fd1f709519fbcd0a9827a269e77d9985898083830,0.0001
CLM-00938,POL-CARE-849538-231,Care Health Insurance (Religare),0x15d34AAf54267DB7D7c367839AAf71A00a2C6A65,IRDAI-REG-148,Heritage Health TPA,Nandini Kulkarni,849538,0xf2ca7a413621cf1644bac2f91bceec23391dc115,Apollo Multispecialty Hospital,0x155Af6ECaFb48861dA7d16Fb8Af2f6ce9d6DD779,Dr. Sunita Narang,NMC-90812,K21.9,Gastro-esophageal reflux disease,Gastroenterology,16534.08,0.0,826.7,20%,Rejected - Policy Exclusion,Rejected with Ledger Audit Reason,Expired / Revoked,Diagnosis; Lab Reports; Itemized Pharmacy Bill,Insurance Claim Adjudication & Pre-Auth Verification,24 Hours (Statutory Emergency Window),AES-256-GCM,vault-transit-key-0xf2ca7a41,Qmb6f2f2e484d71e4433b99c5aa8db28596dc509be7f14,0.0.4891024,3938,2026-09-13 12:16:41 UTC,0x13f48c6eab79bd67c9cb40ea5339ce1ba14c968d628f25b61c1405811f821d86,0.0001
CLM-00939,POL-HDFC-849539-827,HDFC ERGO Health Insurance,0x3C44CdDdB6a900fa2b585dd299e03d12FA4293BC,IRDAI-REG-146,Paramount TPA,Sakshi Mishra,849539,0x72dd8302b4f0f954e4759354a5bdb73cccc64cc9,Care & Cure Pediatric & Maternity Hospital,0x937F51E09477BfD31E56c5e533038a8eEAc096b7,Dr. Rajesh Sharma,NMC-78491,I21.9,"Acute myocardial infarction, unspecified",Cardiology,308829.21,0.0,5000.0,0%,Pending Adjudication,Audit Logged - Under Verification,Active - Time-Bound Access,Emergency Admission Record; Diagnostic Imaging CT/MRI,Insurance Claim Adjudication & Pre-Auth Verification,24 Hours (Statutory Emergency Window),AES-256-GCM,vault-transit-key-0x72dd8302,Qmc18c1372ecf89ee0b0a3aff9a6908187aaeda324a951,0.0.4891024,3939,2026-09-13 12:16:43 UTC,0xd8038ff283e0d5dd0e754c56c05f3daf110adcf06fe205722f1e276dc9eeb958,0.0001
CLM-00940,POL-NIVA-849540-195,Niva Bupa Health Insurance,0x9965507D1a55bcC2695C58ba16FB37d819B0A4dc,IRDAI-REG-145,MDIndia Health TPA,Rahul Ghosh,849540,0xf719a6f3d489147e3b5bf8d2fe111caa1e8f7474,Max Super Speciality Cancer Institute,0x28B7eA94B34C8F52D19E50Eb14769Da20F5D54b4,Dr. Vikram Seth,NMC-99014,C50.919,Malignant neoplasm of female breast,Oncology,357948.38,281358.7,5000.0,20%,Approved & Settled,Ledger Verified & Payout Secured,Active - Full Disclosure,Diagnosis; Lab Reports; Itemized Pharmacy Bill,Insurance Claim Adjudication & Pre-Auth Verification,24 Hours (Statutory Emergency Window),AES-256-GCM,vault-transit-key-0xf719a6f3,Qmaa6279f4cf7f527cf1e4cc0f077ae80f6be2a4d6f03a,0.0.4891024,3940,2026-09-13 12:16:44 UTC,0x50c05985b4999a303494fd30a6a576d57511fc8035466bd78364960bba2fea6b,0.0001
CLM-00941,POL-NIVA-849541-125,Niva Bupa Health Insurance,0x9965507D1a55bcC2695C58ba16FB37d819B0A4dc,IRDAI-REG-145,MDIndia Health TPA,Nandini Pillai,849541,0xca665f0bfbf83f5f39fcc86e4a9e2c1255bb3288,Apollo Multispecialty Hospital,0x155Af6ECaFb48861dA7d16Fb8Af2f6ce9d6DD779,Dr. Rohan Patel,NMC-11029,K21.9,Gastro-esophageal reflux disease,Gastroenterology,15425.66,0.0,771.28,10%,Rejected - Policy Exclusion,Rejected with Ledger Audit Reason,Expired / Revoked,Discharge Summary; Surgical Notes; Lab Reports,Insurance Claim Adjudication & Pre-Auth Verification,24 Hours (Statutory Emergency Window),AES-256-GCM,vault-transit-key-0xca665f0b,Qm9d29a0b6e88f82b115f2544bce962792d1a3d9bdac68,0.0.4891024,3941,2026-09-13 12:16:47 UTC,0x1a63aff23a18567f352a80516fed5253649093174410448311841c3eac0831b5,0.0001
CLM-00942,POL-HDFC-849542-843,HDFC ERGO Health Insurance,0x3C44CdDdB6a900fa2b585dd299e03d12FA4293BC,IRDAI-REG-146,Paramount TPA,Priyanka Kulkarni,849542,0xe3f1e12b62c75eedca5d35e43b0f4d95fbfca220,Fortis Memorial Neuro & Trauma Center,0x84f93618C1D541bB1Dcf1373A8eE500A7D439634,Dr. Rajesh Sharma,NMC-78491,C50.919,Malignant neoplasm of female breast,Oncology,475384.95,0.0,5000.0,20%,Pending Adjudication,Audit Logged - Under Verification,Active - Time-Bound Access,Lab Reports; Diagnosis; Treatment History; Discharge Summary,Insurance Claim Adjudication & Pre-Auth Verification,24 Hours (Statutory Emergency Window),AES-256-GCM,vault-transit-key-0xe3f1e12b,Qmb8dc939d1b0e55be60478bcc18993767d27ebdcc8d9c,0.0.4891024,3942,2026-09-13 12:16:49 UTC,0x034dafdfd48b8b73138a405a35b6bebb807b8b4ea2ffce302cbdfa5fd9f9b3d4,0.0001
CLM-00943,POL-HDFC-849543-213,HDFC ERGO Health Insurance,0x3C44CdDdB6a900fa2b585dd299e03d12FA4293BC,IRDAI-REG-146,Paramount TPA,Divya Malhotra,849543,0x479c694b8b5672b204450eaf157d2b432394889d,Apollo Multispecialty Hospital,0x155Af6ECaFb48861dA7d16Fb8Af2f6ce9d6DD779,Dr. Preeti Deshmukh,NMC-82194,I21.9,"Acute myocardial infarction, unspecified",Cardiology,271118.83,266118.83,5000.0,0%,Approved & Settled,Ledger Verified & Payout Secured,Active - Full Disclosure,Discharge Summary; Surgical Notes; Lab Reports,Insurance Claim Adjudication & Pre-Auth Verification,24 Hours (Statutory Emergency Window),AES-256-GCM,vault-transit-key-0x479c694b,Qmac921b6bb664195508d8520bfbf4780f506788ada283,0.0.4891024,3943,2026-09-13 12:16:50 UTC,0xc8d31a20db5aa3e97eb132b2ff97c0f985902ef1e013cb15ac811b69b6881ccc,0.0001
CLM-00944,POL-STAR-849544-958,Star Health & Allied Insurance,0x70997970C51812dc3A010C7d01b50e0d17dc79C8,IRDAI-REG-129,MediAssist TPA,Neha Patel,849544,0x0bd6a6f58e374d9f4d9c3c9fbff9376d570aa4e5,Care & Cure Pediatric & Maternity Hospital,0x937F51E09477BfD31E56c5e533038a8eEAc096b7,Dr. Sunita Narang,NMC-90812,S06.9X0A,Unspecified intracranial injury / Concussion,Trauma & Emergency,114262.57,109262.57,5000.0,0%,Approved & Settled,Ledger Verified & Payout Secured,Active - Full Disclosure,Lab Reports; Diagnosis; Treatment History; Discharge Summary,Insurance Claim Adjudication & Pre-Auth Verification,24 Hours (Statutory Emergency Window),AES-256-GCM,vault-transit-key-0x0bd6a6f5,Qm2052555303e23c83956463c3cd5e78b91ccc8c0358d5,0.0.4891024,3944,2026-09-13 12:16:53 UTC,0x40a451f057cbb0f0172e3fe7be474d1bce439d67940b3fb685b5d986d74abd3c,0.0001
CLM-00945,POL-STAR-849545-484,Star Health & Allied Insurance,0x70997970C51812dc3A010C7d01b50e0d17dc79C8,IRDAI-REG-129,MediAssist TPA,Deepak Chatterjee,849545,0xbc70333445a323a99f89d213034fbb7350fcdcae,Max Super Speciality Cancer Institute,0x28B7eA94B34C8F52D19E50Eb14769Da20F5D54b4,Dr. Preeti Deshmukh,NMC-82194,K21.9,Gastro-esophageal reflux disease,Gastroenterology,16254.64,0.0,812.73,20%,Pending Adjudication,Audit Logged - Under Verification,Active - Time-Bound Access,Diagnosis; Lab Reports; Itemized Pharmacy Bill,Insurance Claim Adjudication & Pre-Auth Verification,24 Hours (Statutory Emergency Window),AES-256-GCM,vault-transit-key-0xbc703334,Qm2676285b1c6fa49f5dcbfa42c1d21d8733ea8adfd9a3,0.0.4891024,3945,2026-09-13 12:16:54 UTC,0xa8a07d74b3987d663d2b76935c001754a58530da53e5485e4ff203b11261e632,0.0001
CLM-00946,POL-HDFC-849546-220,HDFC ERGO Health Insurance,0x3C44CdDdB6a900fa2b585dd299e03d12FA4293BC,IRDAI-REG-146,Paramount TPA,Aarav Swaminathan,849546,0x5a3d5cbb36537f9a066215503c51d4e5f39e351e,Apex Diagnostic & Pathology Hub,0x04Fee3FD1B338d12FFD6dBD8d66dE1e8e0BB99cB,Dr. Preeti Deshmukh,NMC-82194,I10,Essential (primary) hypertension,Cardiology,38166.12,30532.89,1908.31,15%,Approved & Settled,Ledger Verified & Payout Secured,Active - Full Disclosure,Lab Reports; Diagnosis; Treatment History; Discharge Summary,Insurance Claim Adjudication & Pre-Auth Verification,24 Hours (Statutory Emergency Window),AES-256-GCM,vault-transit-key-0x5a3d5cbb,Qm915f05bf65339eccbf8a61d0723e1c3d7c6a33e33179,0.0.4891024,3946,2026-09-13 12:16:56 UTC,0x779faa13f93331679475c37779600199c7a8ae41c67d084a65beb6d1529406ef,0.0001
CLM-00947,POL-ICIC-849547-648,ICICI Lombard General Insurance,0x90F79bf6EB2c4f870365E785982E1f101E93b906,IRDAI-REG-115,Vidal Health TPA,Chetan Menon,849547,0x7e85014929d51f527ace32ee5a5ed9d5cf9215f7,Apollo Multispecialty Hospital,0x155Af6ECaFb48861dA7d16Fb8Af2f6ce9d6DD779,Dr. Rajesh Sharma,NMC-78491,I10,Essential (primary) hypertension,Cardiology,25945.46,22053.64,1297.27,10%,Approved & Settled,Ledger Verified & Payout Secured,Active - Full Disclosure,Discharge Summary; Surgical Notes; Lab Reports,Insurance Claim Adjudication & Pre-Auth Verification,24 Hours (Statutory Emergency Window),AES-256-GCM,vault-transit-key-0x7e850149,Qm41ebd1cc2d416e96046fac6a24c46088ce8c83ac304c,0.0.4891024,3947,2026-09-13 12:16:58 UTC,0x6c19ca2c0c8eff65317990e41d587778056b1f464ca02c21bf646bd67e7aba80,0.0001
CLM-00948,POL-ICIC-849548-845,ICICI Lombard General Insurance,0x90F79bf6EB2c4f870365E785982E1f101E93b906,IRDAI-REG-115,Vidal Health TPA,Pooja Sharma,849548,0x8e089bd2e2152b646c04810d6735a4fdb5ff6099,Max Super Speciality Cancer Institute,0x28B7eA94B34C8F52D19E50Eb14769Da20F5D54b4,Dr. Rajesh Sharma,NMC-78491,I21.9,"Acute myocardial infarction, unspecified",Cardiology,296749.09,262074.18,5000.0,10%,Approved & Settled,Ledger Verified & Payout Secured,Active - Full Disclosure,Emergency Admission Record; Diagnostic Imaging CT/MRI,Insurance Claim Adjudication & Pre-Auth Verification,24 Hours (Statutory Emergency Window),AES-256-GCM,vault-transit-key-0x8e089bd2,Qm7b676b16b4efff5b67c87fde1ff8bfe136024d8e3c95,0.0.4891024,3948,2026-09-13 12:17:00 UTC,0x7bdd04c4c216fce1c25e1ecd65eebeb368557f478783b0a27ee1b01b25c86a47,0.0001
CLM-00949,POL-NIVA-849549-546,Niva Bupa Health Insurance,0x9965507D1a55bcC2695C58ba16FB37d819B0A4dc,IRDAI-REG-145,MDIndia Health TPA,Divya Bhatia,849549,0xca0cc134de5b5567857a3d32f5ee7470d18bf300,Fortis Memorial Neuro & Trauma Center,0x84f93618C1D541bB1Dcf1373A8eE500A7D439634,Dr. Ananya Roy,NMC-51203,A90,Dengue fever [classical dengue],Infectious Disease,36182.25,0.0,1809.11,20%,Awaiting Patient Consent Approval,Access Requested via Ledger,Pending Patient Authorization,Discharge Summary; Surgical Notes; Lab Reports,Insurance Claim Adjudication & Pre-Auth Verification,24 Hours (Statutory Emergency Window),AES-256-GCM,vault-transit-key-0xca0cc134,Qma044b0df92d3c6bf96464f21b75f9ffad5e65477a760,0.0.4891024,3949,2026-09-13 12:17:02 UTC,0x4d6ee27daa693a831b896a5928c643f63be34df03b46066c4ccd531ca8c0ff6c,0.0001
CLM-00950,POL-ICIC-849550-269,ICICI Lombard General Insurance,0x90F79bf6EB2c4f870365E785982E1f101E93b906,IRDAI-REG-115,Vidal Health TPA,Nikhil Shetty,849550,0x8fa3cda20369300ad3b66b73732f2304eeece6d3,Care & Cure Pediatric & Maternity Hospital,0x937F51E09477BfD31E56c5e533038a8eEAc096b7,Dr. Sarah Jenkins,NMC-48192,G40.909,"Epilepsy, unspecified, without status epilepticus",Neurology,52808.48,39606.36,2640.42,20%,Approved & Settled,Ledger Verified & Payout Secured,Active - Full Disclosure,Emergency Admission Record; Diagnostic Imaging CT/MRI,Insurance Claim Adjudication & Pre-Auth Verification,24 Hours (Statutory Emergency Window),AES-256-GCM,vault-transit-key-0x8fa3cda2,Qm1239f31ecf1af673b2c733db8ef5b884b163f17f254a,0.0.4891024,3950,2026-09-13 12:17:04 UTC,0x00bc3d4ee07e482132690f1587c9fa21cbe055227a8d40fe86f6601bbf9e28f2,0.0001
CLM-00951,POL-ICIC-849551-721,ICICI Lombard General Insurance,0x90F79bf6EB2c4f870365E785982E1f101E93b906,IRDAI-REG-115,Vidal Health TPA,Madhav Menon,849551,0x4283f701b8d065524960b64ff973aa2fb83c3c28,Fortis Memorial Neuro & Trauma Center,0x84f93618C1D541bB1Dcf1373A8eE500A7D439634,Dr. Rohan Patel,NMC-11029,I21.9,"Acute myocardial infarction, unspecified",Cardiology,262730.8,231457.72,5000.0,10%,Approved & Settled,Ledger Verified & Payout Secured,Active - Full Disclosure,Discharge Summary; Surgical Notes; Lab Reports,Insurance Claim Adjudication & Pre-Auth Verification,24 Hours (Statutory Emergency Window),AES-256-GCM,vault-transit-key-0x4283f701,Qm69a5d0f6e873778a6d22310725f291da7cc60d9ca6c7,0.0.4891024,3951,2026-09-13 12:17:06 UTC,0x1ebc1a0326e9ec68d58f649df9006696c17cb37a5d2705f6bcfcc6ac1a1865ac,0.0001
CLM-00952,POL-HDFC-849552-700,HDFC ERGO Health Insurance,0x3C44CdDdB6a900fa2b585dd299e03d12FA4293BC,IRDAI-REG-146,Paramount TPA,Deepak Banerjee,849552,0x6b645977a49e3b65f6490970a0aac0ddb5ed41f3,Apollo Multispecialty Hospital,0x155Af6ECaFb48861dA7d16Fb8Af2f6ce9d6DD779,Dr. Rohan Patel,NMC-11029,G40.909,"Epilepsy, unspecified, without status epilepticus",Neurology,45545.38,36436.3,2277.27,15%,Approved & Settled,Ledger Verified & Payout Secured,Active - Full Disclosure,Lab Reports; Diagnosis; Treatment History; Discharge Summary,Insurance Claim Adjudication & Pre-Auth Verification,24 Hours (Statutory Emergency Window),AES-256-GCM,vault-transit-key-0x6b645977,Qm1e26869ac3568f53246b02647c9d2b7f8aad8331e0c8,0.0.4891024,3952,2026-09-13 12:17:08 UTC,0xc396216ca2ccf0cbeb3b26c20f9781e68338bac73c132ca1fee1c9f7b46d1904,0.0001
CLM-00953,POL-HDFC-849553-320,HDFC ERGO Health Insurance,0x3C44CdDdB6a900fa2b585dd299e03d12FA4293BC,IRDAI-REG-146,Paramount TPA,Sakshi Kapoor,849553,0xaa56ec6c7fb0295ddd91aa8954e0265089e1cd89,Fortis Memorial Neuro & Trauma Center,0x84f93618C1D541bB1Dcf1373A8eE500A7D439634,Dr. Rajesh Sharma,NMC-78491,I21.9,"Acute myocardial infarction, unspecified",Cardiology,292929.25,243989.86,5000.0,15%,Approved & Settled,Ledger Verified & Payout Secured,Active - Full Disclosure,Discharge Summary; Surgical Notes; Lab Reports,Insurance Claim Adjudication & Pre-Auth Verification,24 Hours (Statutory Emergency Window),AES-256-GCM,vault-transit-key-0xaa56ec6c,Qmc05898441527942933b63643dd313cb2e9efaf9a5610,0.0.4891024,3953,2026-09-13 12:17:09 UTC,0x1484ec7857c79c97b067c3bc29b829d6ff3d2f3e20b38f6b9a3cf3acfd26f501,0.0001
CLM-00954,POL-STAR-849554-681,Star Health & Allied Insurance,0x70997970C51812dc3A010C7d01b50e0d17dc79C8,IRDAI-REG-129,MediAssist TPA,Aarav Mehta,849554,0x88b84eda546923a34f15e157bb6bf68ab49fa15c,Fortis Memorial Neuro & Trauma Center,0x84f93618C1D541bB1Dcf1373A8eE500A7D439634,Dr. Rajesh Sharma,NMC-78491,A90,Dengue fever [classical dengue],Infectious Disease,40251.45,34213.74,2012.57,10%,Approved & Settled,Ledger Verified & Payout Secured,Active - Full Disclosure,Emergency Admission Record; Diagnostic Imaging CT/MRI,Insurance Claim Adjudication & Pre-Auth Verification,24 Hours (Statutory Emergency Window),AES-256-GCM,vault-transit-key-0x88b84eda,Qm0ea9c061f87a63c140303c28d2b0d3db4752f8e07a42,0.0.4891024,3954,2026-09-13 12:17:12 UTC,0x80d12babf7ab765d15a9c2e12a7e7143c2a1f7fddc178eff2a0e22b796c15ec0,0.0001
CLM-00955,POL-NIVA-849555-833,Niva Bupa Health Insurance,0x9965507D1a55bcC2695C58ba16FB37d819B0A4dc,IRDAI-REG-145,MDIndia Health TPA,Madhav Iyer,849555,0xa47fdaf6bdc28446bc0cb8ec58f185e5aa4fddb1,Max Super Speciality Cancer Institute,0x28B7eA94B34C8F52D19E50Eb14769Da20F5D54b4,Dr. Sarah Jenkins,NMC-48192,G40.909,"Epilepsy, unspecified, without status epilepticus",Neurology,49289.39,46824.92,2464.47,0%,Approved & Settled,Ledger Verified & Payout Secured,Active - Full Disclosure,Emergency Admission Record; Diagnostic Imaging CT/MRI,Insurance Claim Adjudication & Pre-Auth Verification,24 Hours (Statutory Emergency Window),AES-256-GCM,vault-transit-key-0xa47fdaf6,Qm2fc70685a5aa776e10d8df24e1a48eabfbafd748ef11,0.0.4891024,3955,2026-09-13 12:17:14 UTC,0xe9b7a3ce614726d9a0113706fe744fe6001d04d0546a69e088c1142f97865d52,0.0001
CLM-00956,POL-ICIC-849556-921,ICICI Lombard General Insurance,0x90F79bf6EB2c4f870365E785982E1f101E93b906,IRDAI-REG-115,Vidal Health TPA,Varun Mehta,849556,0x19cfd0f7a2c235e42649b4f49a2231bad392fc17,Max Super Speciality Cancer Institute,0x28B7eA94B34C8F52D19E50Eb14769Da20F5D54b4,Dr. Rajesh Sharma,NMC-78491,I10,Essential (primary) hypertension,Cardiology,31984.71,0.0,1599.24,0%,Rejected - Policy Exclusion,Rejected with Ledger Audit Reason,Expired / Revoked,Emergency Admission Record; Diagnostic Imaging CT/MRI,Insurance Claim Adjudication & Pre-Auth Verification,24 Hours (Statutory Emergency Window),AES-256-GCM,vault-transit-key-0x19cfd0f7,Qm2a26200fb5b84e2bcaeddbc08c894e3855338c0f475e,0.0.4891024,3956,2026-09-13 12:17:15 UTC,0xbde3725dcb7c9fc8363240f668513ab38d4c17ad7dfb1bba8eef45d6dbce12e0,0.0001
CLM-00957,POL-HDFC-849557-342,HDFC ERGO Health Insurance,0x3C44CdDdB6a900fa2b585dd299e03d12FA4293BC,IRDAI-REG-146,Paramount TPA,Ishaan Banerjee,849557,0xa1b3c9a20aca24394c0bebffb05fed2d02fb98ff,Apex Diagnostic & Pathology Hub,0x04Fee3FD1B338d12FFD6dBD8d66dE1e8e0BB99cB,Dr. Vikram Seth,NMC-99014,K21.9,Gastro-esophageal reflux disease,Gastroenterology,14492.33,11593.86,724.62,15%,Approved & Settled,Ledger Verified & Payout Secured,Active - Full Disclosure,Lab Reports; Diagnosis; Treatment History; Discharge Summary,Insurance Claim Adjudication & Pre-Auth Verification,24 Hours (Statutory Emergency Window),AES-256-GCM,vault-transit-key-0xa1b3c9a2,Qm3f42682028f0254c49220b700e28649234da11178991,0.0.4891024,3957,2026-09-13 12:17:18 UTC,0xc9a188338798d5f262860a6e67830fa3a5e3b6166c105d3b26089d57a0bfb3dd,0.0001
CLM-00958,POL-CARE-849558-445,Care Health Insurance (Religare),0x15d34AAf54267DB7D7c367839AAf71A00a2C6A65,IRDAI-REG-148,Heritage Health TPA,Riya Gupta,849558,0x28135b1342e4d6105a63acbcb7a3ff4e5eae9ad2,Apollo Multispecialty Hospital,0x155Af6ECaFb48861dA7d16Fb8Af2f6ce9d6DD779,Dr. Rohan Patel,NMC-11029,I10,Essential (primary) hypertension,Cardiology,33919.25,32223.29,1695.96,0%,Approved & Settled,Ledger Verified & Payout Secured,Active - Full Disclosure,Emergency Admission Record; Diagnostic Imaging CT/MRI,Insurance Claim Adjudication & Pre-Auth Verification,24 Hours (Statutory Emergency Window),AES-256-GCM,vault-transit-key-0x28135b13,Qmb720e8f8fe08962b1e8f4d2b1342dd518a2501708d00,0.0.4891024,3958,2026-09-13 12:17:19 UTC,0x32c55217533d31803bf097660a5f384012037d2c67c7adfbc2911f5fd8e11ea2,0.0001
CLM-00959,POL-ICIC-849559-605,ICICI Lombard General Insurance,0x90F79bf6EB2c4f870365E785982E1f101E93b906,IRDAI-REG-115,Vidal Health TPA,Rakesh Mehta,849559,0x0385985e28692d02025b3a6bf46c2517df9fcde0,Care & Cure Pediatric & Maternity Hospital,0x937F51E09477BfD31E56c5e533038a8eEAc096b7,Dr. Sarah Jenkins,NMC-48192,S06.9X0A,Unspecified intracranial injury / Concussion,Trauma & Emergency,135187.59,103150.07,5000.0,20%,Approved & Settled,Ledger Verified & Payout Secured,Active - Full Disclosure,Emergency Admission Record; Diagnostic Imaging CT/MRI,Insurance Claim Adjudication & Pre-Auth Verification,24 Hours (Statutory Emergency Window),AES-256-GCM,vault-transit-key-0x0385985e,Qm0e2f05272b1ed1bba6f83dc0d44cb5816624b16324a8,0.0.4891024,3959,2026-09-13 12:17:21 UTC,0x83937916aa7c21ff233eb4b96941aba194c3134b1cf7135820b8cc0a16ff4a85,0.0001
CLM-00960,POL-ICIC-849560-329,ICICI Lombard General Insurance,0x90F79bf6EB2c4f870365E785982E1f101E93b906,IRDAI-REG-115,Vidal Health TPA,Ishaan Ghosh,849560,0x882cb8de0bf68df1b71292c3a65f1bdc96bab2b0,Apex Diagnostic & Pathology Hub,0x04Fee3FD1B338d12FFD6dBD8d66dE1e8e0BB99cB,Dr. Sarah Jenkins,NMC-48192,I10,Essential (primary) hypertension,Cardiology,26263.47,24950.3,1313.17,0%,Approved & Settled,Ledger Verified & Payout Secured,Active - Full Disclosure,Discharge Summary; Surgical Notes; Lab Reports,Insurance Claim Adjudication & Pre-Auth Verification,24 Hours (Statutory Emergency Window),AES-256-GCM,vault-transit-key-0x882cb8de,Qm21e663864ba87619c6169a3dd345e2516e3552569d73,0.0.4891024,3960,2026-09-13 12:17:23 UTC,0x763d6b5d5ebd35748e0b5d44ab7bb9bc140a1719b0f62a8aeebb848ccb5d4ad1,0.0001
CLM-00961,POL-STAR-849561-935,Star Health & Allied Insurance,0x70997970C51812dc3A010C7d01b50e0d17dc79C8,IRDAI-REG-129,MediAssist TPA,Pranav Nair,849561,0xb18c1fd0e186e8b1d606f3a33f7efcc0f4e2d40f,Max Super Speciality Cancer Institute,0x28B7eA94B34C8F52D19E50Eb14769Da20F5D54b4,Dr. Preeti Deshmukh,NMC-82194,S06.9X0A,Unspecified intracranial injury / Concussion,Trauma & Emergency,150224.07,0.0,5000.0,0%,Rejected - Policy Exclusion,Rejected with Ledger Audit Reason,Expired / Revoked,Lab Reports; Diagnosis; Treatment History; Discharge Summary,Insurance Claim Adjudication & Pre-Auth Verification,24 Hours (Statutory Emergency Window),AES-256-GCM,vault-transit-key-0xb18c1fd0,Qmcb5b0ffa72d4ccd25d8a2e16ec66b0757ce52d33f8d7,0.0.4891024,3961,2026-09-13 12:17:25 UTC,0x8396108de0fa87672c2311f94d7c54dde11cf7b43b84ae8071c2e7908b6dfc28,0.0001
CLM-00962,POL-STAR-849562-437,Star Health & Allied Insurance,0x70997970C51812dc3A010C7d01b50e0d17dc79C8,IRDAI-REG-129,MediAssist TPA,Ananya Reddy,849562,0xc32ca7fea12b1d701fdd2f7a789ae96ab4396fd6,Fortis Memorial Neuro & Trauma Center,0x84f93618C1D541bB1Dcf1373A8eE500A7D439634,Dr. Sarah Jenkins,NMC-48192,G40.909,"Epilepsy, unspecified, without status epilepticus",Neurology,50801.72,38101.29,2540.09,20%,Approved & Settled,Ledger Verified & Payout Secured,Active - Full Disclosure,Diagnosis; Lab Reports; Itemized Pharmacy Bill,Insurance Claim Adjudication & Pre-Auth Verification,24 Hours (Statutory Emergency Window),AES-256-GCM,vault-transit-key-0xc32ca7fe,Qmf24bc4413f9ed05aa41d29a0bd3b143a8ab8c2f59782,0.0.4891024,3962,2026-09-13 12:17:27 UTC,0x1aa0416002462e685150a6d847f37211d80135c95f68d8c143c64dd06387e851,0.0001
CLM-00963,POL-STAR-849563-871,Star Health & Allied Insurance,0x70997970C51812dc3A010C7d01b50e0d17dc79C8,IRDAI-REG-129,MediAssist TPA,Lata Banerjee,849563,0x6638a44b5c09200ba2ee7681ccde33eab1a21ec6,Max Super Speciality Cancer Institute,0x28B7eA94B34C8F52D19E50Eb14769Da20F5D54b4,Dr. Vikram Seth,NMC-99014,E11.9,Type 2 diabetes mellitus without complications,Endocrinology,21512.88,0.0,1075.64,20%,Pending Adjudication,Audit Logged - Under Verification,Active - Time-Bound Access,Lab Reports; Diagnosis; Treatment History; Discharge Summary,Insurance Claim Adjudication & Pre-Auth Verification,24 Hours (Statutory Emergency Window),AES-256-GCM,vault-transit-key-0x6638a44b,Qm4b18e3d2331eed680c823afe67e9dd64538690d4a837,0.0.4891024,3963,2026-09-13 12:17:29 UTC,0x839182866696adbabd352256d3a1805e360f22932268e4281e9239d536232a02,0.0001
CLM-00964,POL-NIVA-849564-387,Niva Bupa Health Insurance,0x9965507D1a55bcC2695C58ba16FB37d819B0A4dc,IRDAI-REG-145,MDIndia Health TPA,Chetan Rao,849564,0x8e7ac15f14ca28b71b81d4cf5e29dda5188ea498,Care & Cure Pediatric & Maternity Hospital,0x937F51E09477BfD31E56c5e533038a8eEAc096b7,Dr. Preeti Deshmukh,NMC-82194,A90,Dengue fever [classical dengue],Infectious Disease,33435.52,25076.64,1671.78,20%,Approved & Settled,Ledger Verified & Payout Secured,Active - Full Disclosure,Discharge Summary; Surgical Notes; Lab Reports,Insurance Claim Adjudication & Pre-Auth Verification,24 Hours (Statutory Emergency Window),AES-256-GCM,vault-transit-key-0x8e7ac15f,Qm840b290cb3d0518544f3d37ddfe7c53cc56b92d2106e,0.0.4891024,3964,2026-09-13 12:17:31 UTC,0xb9da331f5ce0c85cde37551e58bc21b3b20a5954fc3fa89f25bc66bd620d85ad,0.0001
CLM-00965,POL-NIVA-849565-811,Niva Bupa Health Insurance,0x9965507D1a55bcC2695C58ba16FB37d819B0A4dc,IRDAI-REG-145,MDIndia Health TPA,Divya Bhatia,849565,0xc24509ca2496feae05fb75472e3ee62bbaff5a2e,Max Super Speciality Cancer Institute,0x28B7eA94B34C8F52D19E50Eb14769Da20F5D54b4,Dr. Preeti Deshmukh,NMC-82194,C50.919,Malignant neoplasm of female breast,Oncology,355340.86,279272.69,5000.0,20%,Approved & Settled,Ledger Verified & Payout Secured,Active - Full Disclosure,Lab Reports; Diagnosis; Treatment History; Discharge Summary,Insurance Claim Adjudication & Pre-Auth Verification,24 Hours (Statutory Emergency Window),AES-256-GCM,vault-transit-key-0xc24509ca,Qm7620186a7b486fc08841e5707fcc598faeb72c68c2ef,0.0.4891024,3965,2026-09-13 12:17:33 UTC,0x5c2f06724accd6eb900d50cdcd86ca32fda77881e8752dd77799862708474761,0.0001
CLM-00966,POL-CARE-849566-448,Care Health Insurance (Religare),0x15d34AAf54267DB7D7c367839AAf71A00a2C6A65,IRDAI-REG-148,Heritage Health TPA,Pooja Banerjee,849566,0x28218d042215a633dca6702333cf0ec54f5ffb2d,Max Super Speciality Cancer Institute,0x28B7eA94B34C8F52D19E50Eb14769Da20F5D54b4,Dr. Ananya Roy,NMC-51203,I21.9,"Acute myocardial infarction, unspecified",Cardiology,243504.93,0.0,5000.0,15%,Pending Adjudication,Audit Logged - Under Verification,Active - Time-Bound Access,Discharge Summary; Surgical Notes; Lab Reports,Insurance Claim Adjudication & Pre-Auth Verification,24 Hours (Statutory Emergency Window),AES-256-GCM,vault-transit-key-0x28218d04,Qmc774901a5b70b06a5d74c41932850413fc0dc54bb268,0.0.4891024,3966,2026-09-13 12:17:35 UTC,0xa284ec6619ed0f3d7c376dee9979dee38a1f7bdbd43518370467def3af1aab19,0.0001
CLM-00967,POL-NIVA-849567-472,Niva Bupa Health Insurance,0x9965507D1a55bcC2695C58ba16FB37d819B0A4dc,IRDAI-REG-145,MDIndia Health TPA,Manish Mukherjee,849567,0x36bd39f1024aadbe8363a850797e18146ad4b729,Apollo Multispecialty Hospital,0x155Af6ECaFb48861dA7d16Fb8Af2f6ce9d6DD779,Dr. Rajesh Sharma,NMC-78491,C50.919,Malignant neoplasm of female breast,Oncology,407933.45,0.0,5000.0,20%,Awaiting Patient Consent Approval,Access Requested via Ledger,Pending Patient Authorization,Diagnosis; Lab Reports; Itemized Pharmacy Bill,Insurance Claim Adjudication & Pre-Auth Verification,24 Hours (Statutory Emergency Window),AES-256-GCM,vault-transit-key-0x36bd39f1,Qm025191fe9cf2ecee62830e7a780133e067e155cb8d83,0.0.4891024,3967,2026-09-13 12:17:37 UTC,0x3c20321315dfcacb8b657482e34310b6ca17ea8cee365d8f504c4ec22ddd09bc,0.0001
CLM-00968,POL-ICIC-849568-990,ICICI Lombard General Insurance,0x90F79bf6EB2c4f870365E785982E1f101E93b906,IRDAI-REG-115,Vidal Health TPA,Nikhil Patel,849568,0xeaa6de6dfbce5587650eed6cac6234ce10b2ae3f,Care & Cure Pediatric & Maternity Hospital,0x937F51E09477BfD31E56c5e533038a8eEAc096b7,Dr. Rajesh Sharma,NMC-78491,G40.909,"Epilepsy, unspecified, without status epilepticus",Neurology,48709.88,46274.39,2435.49,0%,Approved & Settled,Ledger Verified & Payout Secured,Active - Full Disclosure,Lab Reports; Diagnosis; Treatment History; Discharge Summary,Insurance Claim Adjudication & Pre-Auth Verification,24 Hours (Statutory Emergency Window),AES-256-GCM,vault-transit-key-0xeaa6de6d,Qmc3ea656ee2fb55da69420fa05ef600e174db098b21cc,0.0.4891024,3968,2026-09-13 12:17:38 UTC,0x7e165037914f5f36e814bb413b7c2679df607a29deaf2429637e9a3dfa22247f,0.0001
CLM-00969,POL-CARE-849569-587,Care Health Insurance (Religare),0x15d34AAf54267DB7D7c367839AAf71A00a2C6A65,IRDAI-REG-148,Heritage Health TPA,Priyanka Sharma,849569,0x52567c65fb3e60c2ac7e8459954b8ce4975dba74,Max Super Speciality Cancer Institute,0x28B7eA94B34C8F52D19E50Eb14769Da20F5D54b4,Dr. Vikram Seth,NMC-99014,I10,Essential (primary) hypertension,Cardiology,34138.68,25604.01,1706.93,20%,Approved & Settled,Ledger Verified & Payout Secured,Active - Full Disclosure,Lab Reports; Diagnosis; Treatment History; Discharge Summary,Insurance Claim Adjudication & Pre-Auth Verification,24 Hours (Statutory Emergency Window),AES-256-GCM,vault-transit-key-0x52567c65,Qm646193049b1bd8439d62dd079fccb72ce8edca8e66a7,0.0.4891024,3969,2026-09-13 12:17:41 UTC,0x544517141985a7af53805bf49a4d2953578dd2d8074e43bb87537259592fd9c9,0.0001
CLM-00970,POL-CARE-849570-614,Care Health Insurance (Religare),0x15d34AAf54267DB7D7c367839AAf71A00a2C6A65,IRDAI-REG-148,Heritage Health TPA,Divya Bhatia,849570,0xc380af753136ad9373c062ecf6d05b71084ac851,Max Super Speciality Cancer Institute,0x28B7eA94B34C8F52D19E50Eb14769Da20F5D54b4,Dr. Rajesh Sharma,NMC-78491,K21.9,Gastro-esophageal reflux disease,Gastroenterology,13673.52,10938.81,683.68,15%,Approved & Settled,Ledger Verified & Payout Secured,Active - Full Disclosure,Discharge Summary; Surgical Notes; Lab Reports,Insurance Claim Adjudication & Pre-Auth Verification,24 Hours (Statutory Emergency Window),AES-256-GCM,vault-transit-key-0xc380af75,Qmf89fa5059412ffe02d48728794faa9513a4223f23e66,0.0.4891024,3970,2026-09-13 12:17:42 UTC,0xb2b81367570cdf6898d5c12ba3c64a3f63a4d49d7d929f7f05856fc0c67829ec,0.0001
CLM-00971,POL-CARE-849571-293,Care Health Insurance (Religare),0x15d34AAf54267DB7D7c367839AAf71A00a2C6A65,IRDAI-REG-148,Heritage Health TPA,Gautam Verma,849571,0x7e453767879ca17b3c54b534e957ca720b76fb9d,Care & Cure Pediatric & Maternity Hospital,0x937F51E09477BfD31E56c5e533038a8eEAc096b7,Dr. Rajesh Sharma,NMC-78491,G40.909,"Epilepsy, unspecified, without status epilepticus",Neurology,45410.88,36328.71,2270.54,15%,Approved & Settled,Ledger Verified & Payout Secured,Active - Full Disclosure,Emergency Admission Record; Diagnostic Imaging CT/MRI,Insurance Claim Adjudication & Pre-Auth Verification,24 Hours (Statutory Emergency Window),AES-256-GCM,vault-transit-key-0x7e453767,Qmc583b13e9b3269ad0c639094749dc5f13f045fc100c4,0.0.4891024,3971,2026-09-13 12:17:44 UTC,0xbd2560a50505ea0794eadba0c9b3d7ceae6bc001348a6263b5d9f35ac2084976,0.0001
CLM-00972,POL-STAR-849572-217,Star Health & Allied Insurance,0x70997970C51812dc3A010C7d01b50e0d17dc79C8,IRDAI-REG-129,MediAssist TPA,Varun Reddy,849572,0x11b66dbd257e6e4d791024cf90cc52f9e82b5d78,Max Super Speciality Cancer Institute,0x28B7eA94B34C8F52D19E50Eb14769Da20F5D54b4,Dr. Sarah Jenkins,NMC-48192,C50.919,Malignant neoplasm of female breast,Oncology,351086.56,346086.56,5000.0,0%,Approved & Settled,Ledger Verified & Payout Secured,Active - Full Disclosure,Diagnosis; Lab Reports; Itemized Pharmacy Bill,Insurance Claim Adjudication & Pre-Auth Verification,24 Hours (Statutory Emergency Window),AES-256-GCM,vault-transit-key-0x11b66dbd,Qm43c240cefe8d95c2a6b8546e85d03df2aa828fdcf845,0.0.4891024,3972,2026-09-13 12:17:46 UTC,0x028b2b17ae77f084d1fe81f5235c709f86c4588aa699dede8053416deeb983f0,0.0001
CLM-00973,POL-ICIC-849573-501,ICICI Lombard General Insurance,0x90F79bf6EB2c4f870365E785982E1f101E93b906,IRDAI-REG-115,Vidal Health TPA,Geeta Reddy,849573,0xf2e147f2588f64221a6e3c22b8e8f350f107f8e9,Max Super Speciality Cancer Institute,0x28B7eA94B34C8F52D19E50Eb14769Da20F5D54b4,Dr. Rohan Patel,NMC-11029,K21.9,Gastro-esophageal reflux disease,Gastroenterology,13459.98,0.0,673.0,10%,Pending Adjudication,Audit Logged - Under Verification,Active - Time-Bound Access,Discharge Summary; Surgical Notes; Lab Reports,Insurance Claim Adjudication & Pre-Auth Verification,24 Hours (Statutory Emergency Window),AES-256-GCM,vault-transit-key-0xf2e147f2,Qm915b5654c8d544451decd08fe29489326f41ff4f5692,0.0.4891024,3973,2026-09-13 12:17:48 UTC,0x548a0f5b1cabeac0348035e07ada2a0e50c5ea5abaee6c1c78b9b9c6a95c5781,0.0001
CLM-00974,POL-HDFC-849574-822,HDFC ERGO Health Insurance,0x3C44CdDdB6a900fa2b585dd299e03d12FA4293BC,IRDAI-REG-146,Paramount TPA,Pooja Nair,849574,0xa4b314c0a782978d1c63edc76c52efb6672220e6,Fortis Memorial Neuro & Trauma Center,0x84f93618C1D541bB1Dcf1373A8eE500A7D439634,Dr. Preeti Deshmukh,NMC-82194,G40.909,"Epilepsy, unspecified, without status epilepticus",Neurology,49070.32,46616.8,2453.52,0%,Approved & Settled,Ledger Verified & Payout Secured,Active - Full Disclosure,Emergency Admission Record; Diagnostic Imaging CT/MRI,Insurance Claim Adjudication & Pre-Auth Verification,24 Hours (Statutory Emergency Window),AES-256-GCM,vault-transit-key-0xa4b314c0,Qm3534954f9302bff9147dfdbfed9f622ba183c252c0f9,0.0.4891024,3974,2026-09-13 12:17:50 UTC,0xb0d291c39376f9416b860a368aff9fc9dff906f52f87eb6b6141163cfbde0075,0.0001
CLM-00975,POL-ICIC-849575-440,ICICI Lombard General Insurance,0x90F79bf6EB2c4f870365E785982E1f101E93b906,IRDAI-REG-115,Vidal Health TPA,Priyanka Nair,849575,0x057c891d11a4badbdddfac730eb78d0d288d796c,Apollo Multispecialty Hospital,0x155Af6ECaFb48861dA7d16Fb8Af2f6ce9d6DD779,Dr. Rajesh Sharma,NMC-78491,E11.9,Type 2 diabetes mellitus without complications,Endocrinology,24141.41,0.0,1207.07,10%,Rejected - Policy Exclusion,Rejected with Ledger Audit Reason,Expired / Revoked,Emergency Admission Record; Diagnostic Imaging CT/MRI,Insurance Claim Adjudication & Pre-Auth Verification,24 Hours (Statutory Emergency Window),AES-256-GCM,vault-transit-key-0x057c891d,Qm0c5b200106df2a23283cab5859445ff1206be816b505,0.0.4891024,3975,2026-09-13 12:17:52 UTC,0x9bc404d917c3b9bd434ec2237f702190296005281a491cb934f90280a2fbeac2,0.0001
CLM-00976,POL-HDFC-849576-795,HDFC ERGO Health Insurance,0x3C44CdDdB6a900fa2b585dd299e03d12FA4293BC,IRDAI-REG-146,Paramount TPA,Sameer Sharma,849576,0x0bba4696c4613fee5d02188a2a979ae967436b64,Fortis Memorial Neuro & Trauma Center,0x84f93618C1D541bB1Dcf1373A8eE500A7D439634,Dr. Sarah Jenkins,NMC-48192,E11.9,Type 2 diabetes mellitus without complications,Endocrinology,22979.17,21830.21,1148.96,0%,Approved & Settled,Ledger Verified & Payout Secured,Active - Full Disclosure,Emergency Admission Record; Diagnostic Imaging CT/MRI,Insurance Claim Adjudication & Pre-Auth Verification,24 Hours (Statutory Emergency Window),AES-256-GCM,vault-transit-key-0x0bba4696,Qm6dd08f864fa9a936d2f7447a2809c19a9b15870294a9,0.0.4891024,3976,2026-09-13 12:17:54 UTC,0x5553fe4ff741c9c9141b56704046466722c81eaebb04f68e589c5aab976fd8a7,0.0001
CLM-00977,POL-HDFC-849577-938,HDFC ERGO Health Insurance,0x3C44CdDdB6a900fa2b585dd299e03d12FA4293BC,IRDAI-REG-146,Paramount TPA,Aarav Chatterjee,849577,0x5e5c3f661f9dd22eaff7ba583e3d710bc705ecb6,Care & Cure Pediatric & Maternity Hospital,0x937F51E09477BfD31E56c5e533038a8eEAc096b7,Dr. Sarah Jenkins,NMC-48192,I10,Essential (primary) hypertension,Cardiology,25873.04,0.0,1293.65,15%,Awaiting Patient Consent Approval,Access Requested via Ledger,Pending Patient Authorization,Diagnosis; Lab Reports; Itemized Pharmacy Bill,Insurance Claim Adjudication & Pre-Auth Verification,24 Hours (Statutory Emergency Window),AES-256-GCM,vault-transit-key-0x5e5c3f66,Qm94b603bf41c534bdebd32ce23713efa672e855e56ad7,0.0.4891024,3977,2026-09-13 12:17:56 UTC,0x6a9fb58859a561bc35ecb8c27aecaa972d029afc7df03b3897886172cbf7ce72,0.0001
CLM-00978,POL-ICIC-849578-852,ICICI Lombard General Insurance,0x90F79bf6EB2c4f870365E785982E1f101E93b906,IRDAI-REG-115,Vidal Health TPA,Gautam Reddy,849578,0x41bc7d3633acbd5360db0d264f9c598d0b708446,Fortis Memorial Neuro & Trauma Center,0x84f93618C1D541bB1Dcf1373A8eE500A7D439634,Dr. Ananya Roy,NMC-51203,A90,Dengue fever [classical dengue],Infectious Disease,33851.25,0.0,1692.56,15%,Pending Adjudication,Audit Logged - Under Verification,Active - Time-Bound Access,Discharge Summary; Surgical Notes; Lab Reports,Insurance Claim Adjudication & Pre-Auth Verification,24 Hours (Statutory Emergency Window),AES-256-GCM,vault-transit-key-0x41bc7d36,Qm87add8fc5bac4007ed622251db62df88c3eee0d486b4,0.0.4891024,3978,2026-09-13 12:17:58 UTC,0xa95599469dc35e1525cdb4752a7807e72056b2133f688c454c03da60a04432da,0.0001
CLM-00979,POL-ICIC-849579-630,ICICI Lombard General Insurance,0x90F79bf6EB2c4f870365E785982E1f101E93b906,IRDAI-REG-115,Vidal Health TPA,Yashwanth Sharma,849579,0xd9a2ee65795f472ac3d6f3cf9524fe7b6d9e4af8,Fortis Memorial Neuro & Trauma Center,0x84f93618C1D541bB1Dcf1373A8eE500A7D439634,Dr. Preeti Deshmukh,NMC-82194,S06.9X0A,Unspecified intracranial injury / Concussion,Trauma & Emergency,143581.74,109865.39,5000.0,20%,Approved & Settled,Ledger Verified & Payout Secured,Active - Full Disclosure,Lab Reports; Diagnosis; Treatment History; Discharge Summary,Insurance Claim Adjudication & Pre-Auth Verification,24 Hours (Statutory Emergency Window),AES-256-GCM,vault-transit-key-0xd9a2ee65,Qm21a4de20eaf74dc51bae9254c43ae5f3c5a0ec7a0f1c,0.0.4891024,3979,2026-09-13 12:17:59 UTC,0x69c833d963d023369e8d2a721abde2c20cd562ee8c443b7ec5cbc8805ec5f8f8,0.0001
CLM-00980,POL-HDFC-849580-131,HDFC ERGO Health Insurance,0x3C44CdDdB6a900fa2b585dd299e03d12FA4293BC,IRDAI-REG-146,Paramount TPA,Tanvi Mukherjee,849580,0x8e36ea380fb370adf1bb16f3ca171e9c45bda72b,Max Super Speciality Cancer Institute,0x28B7eA94B34C8F52D19E50Eb14769Da20F5D54b4,Dr. Vikram Seth,NMC-99014,A90,Dengue fever [classical dengue],Infectious Disease,32318.9,24239.17,1615.95,20%,Approved & Settled,Ledger Verified & Payout Secured,Active - Full Disclosure,Lab Reports; Diagnosis; Treatment History; Discharge Summary,Insurance Claim Adjudication & Pre-Auth Verification,24 Hours (Statutory Emergency Window),AES-256-GCM,vault-transit-key-0x8e36ea38,Qm14af2968ef85a00b6454ff16c7661edaee300f7cd61a,0.0.4891024,3980,2026-09-13 12:18:01 UTC,0xfc6a0b0b39b3be9b82d646f1a19b64e2caf323764ae43847b64417a510ed985d,0.0001
CLM-00981,POL-STAR-849581-997,Star Health & Allied Insurance,0x70997970C51812dc3A010C7d01b50e0d17dc79C8,IRDAI-REG-129,MediAssist TPA,Siddharth Kulkarni,849581,0x992b6ac19f84621ca79d54a9a42532d341b6b9dd,Fortis Memorial Neuro & Trauma Center,0x84f93618C1D541bB1Dcf1373A8eE500A7D439634,Dr. Preeti Deshmukh,NMC-82194,A90,Dengue fever [classical dengue],Infectious Disease,36387.46,0.0,1819.37,15%,Awaiting Patient Consent Approval,Access Requested via Ledger,Pending Patient Authorization,Discharge Summary; Surgical Notes; Lab Reports,Insurance Claim Adjudication & Pre-Auth Verification,24 Hours (Statutory Emergency Window),AES-256-GCM,vault-transit-key-0x992b6ac1,Qmf5dcfcc324bd103b389098294b68d742850986f88beb,0.0.4891024,3981,2026-09-13 12:18:03 UTC,0xd248183b7f8bd332366425f3c30381eda72d25862813b5b6c0fb410ac32f4f4a,0.0001
CLM-00982,POL-CARE-849582-142,Care Health Insurance (Religare),0x15d34AAf54267DB7D7c367839AAf71A00a2C6A65,IRDAI-REG-148,Heritage Health TPA,Sneha Saxena,849582,0xb28480e2e9441f888382643dc664a26c7bd10268,Fortis Memorial Neuro & Trauma Center,0x84f93618C1D541bB1Dcf1373A8eE500A7D439634,Dr. Vikram Seth,NMC-99014,C50.919,Malignant neoplasm of female breast,Oncology,441097.38,0.0,5000.0,15%,Awaiting Patient Consent Approval,Access Requested via Ledger,Pending Patient Authorization,Lab Reports; Diagnosis; Treatment History; Discharge Summary,Insurance Claim Adjudication & Pre-Auth Verification,24 Hours (Statutory Emergency Window),AES-256-GCM,vault-transit-key-0xb28480e2,Qm139914a0b98e4d22415e3706cd3280d239e53b6cb983,0.0.4891024,3982,2026-09-13 12:18:05 UTC,0xc28fc7abfe108c2f15f4a10d12a344f2f7cdf070ff919510b05c736c16184f6c,0.0001
CLM-00983,POL-ICIC-849583-610,ICICI Lombard General Insurance,0x90F79bf6EB2c4f870365E785982E1f101E93b906,IRDAI-REG-115,Vidal Health TPA,Yashwanth Saxena,849583,0x3b6d28dce012c09eeb70e170932bbbfd1f52d7fb,Fortis Memorial Neuro & Trauma Center,0x84f93618C1D541bB1Dcf1373A8eE500A7D439634,Dr. Sarah Jenkins,NMC-48192,I10,Essential (primary) hypertension,Cardiology,37541.76,31910.49,1877.09,10%,Approved & Settled,Ledger Verified & Payout Secured,Active - Full Disclosure,Diagnosis; Lab Reports; Itemized Pharmacy Bill,Insurance Claim Adjudication & Pre-Auth Verification,24 Hours (Statutory Emergency Window),AES-256-GCM,vault-transit-key-0x3b6d28dc,Qm3602bfa3e7ea8c5e61682df4afb2b8fd86265c336b0e,0.0.4891024,3983,2026-09-13 12:18:07 UTC,0x618602368b6fafb74bcea5ac9cd17793c37787d7d3f2efac46e614d6805b1fb8,0.0001
CLM-00984,POL-NIVA-849584-395,Niva Bupa Health Insurance,0x9965507D1a55bcC2695C58ba16FB37d819B0A4dc,IRDAI-REG-145,MDIndia Health TPA,Riya Agarwal,849584,0x5a0aab54f6551f2c98ecb7888a8c9361335d4d38,Max Super Speciality Cancer Institute,0x28B7eA94B34C8F52D19E50Eb14769Da20F5D54b4,Dr. Vikram Seth,NMC-99014,A90,Dengue fever [classical dengue],Infectious Disease,29730.48,23784.39,1486.52,15%,Approved & Settled,Ledger Verified & Payout Secured,Active - Full Disclosure,Lab Reports; Diagnosis; Treatment History; Discharge Summary,Insurance Claim Adjudication & Pre-Auth Verification,24 Hours (Statutory Emergency Window),AES-256-GCM,vault-transit-key-0x5a0aab54,Qm8d4613f3bc287fb8b689334b319eda9d5834131148de,0.0.4891024,3984,2026-09-13 12:18:09 UTC,0x79f0682fb8fff67cbd988a172aa30e7bdabc7e288d84c5637b578da186879d1c,0.0001
CLM-00985,POL-NIVA-849585-413,Niva Bupa Health Insurance,0x9965507D1a55bcC2695C58ba16FB37d819B0A4dc,IRDAI-REG-145,MDIndia Health TPA,Riya Ghosh,849585,0x96edce58f3bb57fdc46dd8aecdc9c5f93d089f71,Apollo Multispecialty Hospital,0x155Af6ECaFb48861dA7d16Fb8Af2f6ce9d6DD779,Dr. Sarah Jenkins,NMC-48192,A90,Dengue fever [classical dengue],Infectious Disease,28873.3,0.0,1443.66,15%,Pending Adjudication,Audit Logged - Under Verification,Active - Time-Bound Access,Lab Reports; Diagnosis; Treatment History; Discharge Summary,Insurance Claim Adjudication & Pre-Auth Verification,24 Hours (Statutory Emergency Window),AES-256-GCM,vault-transit-key-0x96edce58,Qm0ed30dff329145a27809b905b8f90640e854db620785,0.0.4891024,3985,2026-09-13 12:18:11 UTC,0x4dd4942763bd05018aa4d5ec6c406ea3188f0a73eb49311a7e5f99af054b8315,0.0001
CLM-00986,POL-ICIC-849586-188,ICICI Lombard General Insurance,0x90F79bf6EB2c4f870365E785982E1f101E93b906,IRDAI-REG-115,Vidal Health TPA,Rahul Gupta,849586,0x5cda4612f2b713f8385b85d268580c7420ce8e66,Fortis Memorial Neuro & Trauma Center,0x84f93618C1D541bB1Dcf1373A8eE500A7D439634,Dr. Sunita Narang,NMC-90812,E11.9,Type 2 diabetes mellitus without complications,Endocrinology,22587.37,0.0,1129.37,10%,Rejected - Policy Exclusion,Rejected with Ledger Audit Reason,Expired / Revoked,Diagnosis; Lab Reports; Itemized Pharmacy Bill,Insurance Claim Adjudication & Pre-Auth Verification,24 Hours (Statutory Emergency Window),AES-256-GCM,vault-transit-key-0x5cda4612,Qm026fbd81e35b3cc3f45d9265a731de232b824304787c,0.0.4891024,3986,2026-09-13 12:18:13 UTC,0xc0145f4b922ca370e6fc949018d659a8a0f691d8a60831efb4ab5c06412ee514,0.0001
CLM-00987,POL-STAR-849587-584,Star Health & Allied Insurance,0x70997970C51812dc3A010C7d01b50e0d17dc79C8,IRDAI-REG-129,MediAssist TPA,Lata Malhotra,849587,0xdc4db6abaa86b6543c018c4c340dca65034f3be1,Fortis Memorial Neuro & Trauma Center,0x84f93618C1D541bB1Dcf1373A8eE500A7D439634,Dr. Rajesh Sharma,NMC-78491,I10,Essential (primary) hypertension,Cardiology,37614.89,0.0,1880.74,10%,Pending Adjudication,Audit Logged - Under Verification,Active - Time-Bound Access,Emergency Admission Record; Diagnostic Imaging CT/MRI,Insurance Claim Adjudication & Pre-Auth Verification,24 Hours (Statutory Emergency Window),AES-256-GCM,vault-transit-key-0xdc4db6ab,Qmcd8e41b8d8e47c0349c84d9bfc5ebd9de1202cb7280f,0.0.4891024,3987,2026-09-13 12:18:15 UTC,0x110e3aef96377c718b29939ef8700f5c8d4683ebfa6273bf1f84bce1e0ebcaf4,0.0001
CLM-00988,POL-STAR-849588-277,Star Health & Allied Insurance,0x70997970C51812dc3A010C7d01b50e0d17dc79C8,IRDAI-REG-129,MediAssist TPA,Sneha Swaminathan,849588,0xc3f4821f86b8d9d55a0431379975187be8ed5976,Fortis Memorial Neuro & Trauma Center,0x84f93618C1D541bB1Dcf1373A8eE500A7D439634,Dr. Vikram Seth,NMC-99014,G40.909,"Epilepsy, unspecified, without status epilepticus",Neurology,48457.85,0.0,2422.89,15%,Pending Adjudication,Audit Logged - Under Verification,Active - Time-Bound Access,Diagnosis; Lab Reports; Itemized Pharmacy Bill,Insurance Claim Adjudication & Pre-Auth Verification,24 Hours (Statutory Emergency Window),AES-256-GCM,vault-transit-key-0xc3f4821f,Qma1ff8dc931bd5c7861129a95c0a81b4a81265d86b45b,0.0.4891024,3988,2026-09-13 12:18:17 UTC,0x79b5fa8be4797e3b670631b4af917d5d703e48b5ebeb80c054db5054e0efda91,0.0001
CLM-00989,POL-HDFC-849589-408,HDFC ERGO Health Insurance,0x3C44CdDdB6a900fa2b585dd299e03d12FA4293BC,IRDAI-REG-146,Paramount TPA,Nikhil Deshmukh,849589,0x6a15878bf8cf3841c2bc77e3ea17cd7e16e36d86,Care & Cure Pediatric & Maternity Hospital,0x937F51E09477BfD31E56c5e533038a8eEAc096b7,Dr. Rohan Patel,NMC-11029,C50.919,Malignant neoplasm of female breast,Oncology,394154.33,330031.18,5000.0,15%,Approved & Settled,Ledger Verified & Payout Secured,Active - Full Disclosure,Emergency Admission Record; Diagnostic Imaging CT/MRI,Insurance Claim Adjudication & Pre-Auth Verification,24 Hours (Statutory Emergency Window),AES-256-GCM,vault-transit-key-0x6a15878b,Qm50fc68df15cb1e0b1278a2f9db6748adbf4d64f7c77a,0.0.4891024,3989,2026-09-13 12:18:19 UTC,0xfba37e7418c369d8ac86c98f6594a52c8ef1a2636ffb77d440cceb91dba9df93,0.0001
CLM-00990,POL-CARE-849590-810,Care Health Insurance (Religare),0x15d34AAf54267DB7D7c367839AAf71A00a2C6A65,IRDAI-REG-148,Heritage Health TPA,Neha Joshi,849590,0x75c763680469652f22a5b755b3953bc9d19bf41a,Apollo Multispecialty Hospital,0x155Af6ECaFb48861dA7d16Fb8Af2f6ce9d6DD779,Dr. Rajesh Sharma,NMC-78491,A90,Dengue fever [classical dengue],Infectious Disease,33310.95,26648.76,1665.55,15%,Approved & Settled,Ledger Verified & Payout Secured,Active - Full Disclosure,Emergency Admission Record; Diagnostic Imaging CT/MRI,Insurance Claim Adjudication & Pre-Auth Verification,24 Hours (Statutory Emergency Window),AES-256-GCM,vault-transit-key-0x75c76368,Qm93a4b37c739dfc395f355e5df0b21cf5ff2ac7bfae62,0.0.4891024,3990,2026-09-13 12:18:21 UTC,0xf754d5a4ce69213f2412ce6b3fdccce53ee9e8317ecdcd9e5e8da58c102e5a24,0.0001
CLM-00991,POL-CARE-849591-885,Care Health Insurance (Religare),0x15d34AAf54267DB7D7c367839AAf71A00a2C6A65,IRDAI-REG-148,Heritage Health TPA,Tanvi Kapoor,849591,0xd37b6bb708bf3f98d6b0713c5ec274263f15b0fb,Apollo Multispecialty Hospital,0x155Af6ECaFb48861dA7d16Fb8Af2f6ce9d6DD779,Dr. Rohan Patel,NMC-11029,I10,Essential (primary) hypertension,Cardiology,31048.28,0.0,1552.41,10%,Pending Adjudication,Audit Logged - Under Verification,Active - Time-Bound Access,Discharge Summary; Surgical Notes; Lab Reports,Insurance Claim Adjudication & Pre-Auth Verification,24 Hours (Statutory Emergency Window),AES-256-GCM,vault-transit-key-0xd37b6bb7,Qme75393170014babbf5dfa544b3cc5cdfdd272425c2e9,0.0.4891024,3991,2026-09-13 12:18:23 UTC,0x60750f42ca750f33b7671e7259e70cf0dcf5a4d0cd26820cc93b11bed6e735c4,0.0001
CLM-00992,POL-ICIC-849592-154,ICICI Lombard General Insurance,0x90F79bf6EB2c4f870365E785982E1f101E93b906,IRDAI-REG-115,Vidal Health TPA,Lata Mishra,849592,0x8bb693fb3ca1cf24a199c3f4911e83704a36561d,Max Super Speciality Cancer Institute,0x28B7eA94B34C8F52D19E50Eb14769Da20F5D54b4,Dr. Rohan Patel,NMC-11029,G40.909,"Epilepsy, unspecified, without status epilepticus",Neurology,52075.83,39056.87,2603.79,20%,Approved & Settled,Ledger Verified & Payout Secured,Active - Full Disclosure,Lab Reports; Diagnosis; Treatment History; Discharge Summary,Insurance Claim Adjudication & Pre-Auth Verification,24 Hours (Statutory Emergency Window),AES-256-GCM,vault-transit-key-0x8bb693fb,Qm9dae07fb36868e79ef5060b20709f2bc2b80be27cd23,0.0.4891024,3992,2026-09-13 12:18:25 UTC,0xe68bc4ed930e93deb87a17a7a8accdb1251a41a7b0a9188cb849a1d85a55dd4d,0.0001
CLM-00993,POL-STAR-849593-949,Star Health & Allied Insurance,0x70997970C51812dc3A010C7d01b50e0d17dc79C8,IRDAI-REG-129,MediAssist TPA,Chetan Banerjee,849593,0x925e59e34375addb5b519954bc7fb9a33421d868,Apollo Multispecialty Hospital,0x155Af6ECaFb48861dA7d16Fb8Af2f6ce9d6DD779,Dr. Sarah Jenkins,NMC-48192,G40.909,"Epilepsy, unspecified, without status epilepticus",Neurology,56438.68,53616.75,2821.93,0%,Approved & Settled,Ledger Verified & Payout Secured,Active - Full Disclosure,Lab Reports; Diagnosis; Treatment History; Discharge Summary,Insurance Claim Adjudication & Pre-Auth Verification,24 Hours (Statutory Emergency Window),AES-256-GCM,vault-transit-key-0x925e59e3,Qmb842ecc3936bac792f8fcc4edd30c72baad686744ca6,0.0.4891024,3993,2026-09-13 12:18:26 UTC,0x707bbf23b47939d604e23c2249ecde54887b88e27bd9491baf0bd8f1448d562e,0.0001
CLM-00994,POL-ICIC-849594-818,ICICI Lombard General Insurance,0x90F79bf6EB2c4f870365E785982E1f101E93b906,IRDAI-REG-115,Vidal Health TPA,Kiran Chatterjee,849594,0x40f284c077cd3bfb8560b621793f1bc9a9846db0,Apollo Multispecialty Hospital,0x155Af6ECaFb48861dA7d16Fb8Af2f6ce9d6DD779,Dr. Sarah Jenkins,NMC-48192,I10,Essential (primary) hypertension,Cardiology,28279.95,24037.96,1414.0,10%,Approved & Settled,Ledger Verified & Payout Secured,Active - Full Disclosure,Emergency Admission Record; Diagnostic Imaging CT/MRI,Insurance Claim Adjudication & Pre-Auth Verification,24 Hours (Statutory Emergency Window),AES-256-GCM,vault-transit-key-0x40f284c0,Qm1f8af4f9f6de5a10c6971d763d050a752b3a5bf8aed5,0.0.4891024,3994,2026-09-13 12:18:28 UTC,0x7dc765f522f7f34e003a15623818e5fdd7f3ca7340523f32d1dc8081a5def0dc,0.0001
CLM-00995,POL-HDFC-849595-836,HDFC ERGO Health Insurance,0x3C44CdDdB6a900fa2b585dd299e03d12FA4293BC,IRDAI-REG-146,Paramount TPA,Pranav Swaminathan,849595,0xc4b62e0d5de86b19f1a921d7c6abfda606dcb8bd,Fortis Memorial Neuro & Trauma Center,0x84f93618C1D541bB1Dcf1373A8eE500A7D439634,Dr. Preeti Deshmukh,NMC-82194,G40.909,"Epilepsy, unspecified, without status epilepticus",Neurology,56495.1,0.0,2824.76,0%,Pending Adjudication,Audit Logged - Under Verification,Active - Time-Bound Access,Diagnosis; Lab Reports; Itemized Pharmacy Bill,Insurance Claim Adjudication & Pre-Auth Verification,24 Hours (Statutory Emergency Window),AES-256-GCM,vault-transit-key-0xc4b62e0d,Qm7050b866b08bf048b6987911ab9c103ab52c58e53575,0.0.4891024,3995,2026-09-13 12:18:30 UTC,0xee82a361e40f0d64a86c785f91935ea811513799b642a8346c6e537184615c3a,0.0001
CLM-00996,POL-HDFC-849596-353,HDFC ERGO Health Insurance,0x3C44CdDdB6a900fa2b585dd299e03d12FA4293BC,IRDAI-REG-146,Paramount TPA,Deepak Sharma,849596,0x35c6dcb40a34d9492ab68aabcb03ec652fc5998a,Apex Diagnostic & Pathology Hub,0x04Fee3FD1B338d12FFD6dBD8d66dE1e8e0BB99cB,Dr. Sarah Jenkins,NMC-48192,I21.9,"Acute myocardial infarction, unspecified",Cardiology,243023.38,189418.7,5000.0,20%,Approved & Settled,Ledger Verified & Payout Secured,Active - Full Disclosure,Emergency Admission Record; Diagnostic Imaging CT/MRI,Insurance Claim Adjudication & Pre-Auth Verification,24 Hours (Statutory Emergency Window),AES-256-GCM,vault-transit-key-0x35c6dcb4,Qmd3923e0a0d3ec4d1404a295cb4cb246328b628a095ce,0.0.4891024,3996,2026-09-13 12:18:32 UTC,0xaa2960b02c4d3c69062064fed36d0da1b8aa6bab96660f7febf65e4cce3b94bc,0.0001
CLM-00997,POL-STAR-849597-288,Star Health & Allied Insurance,0x70997970C51812dc3A010C7d01b50e0d17dc79C8,IRDAI-REG-129,MediAssist TPA,Arjun Malhotra,849597,0x45c52394295a67f4d90b852e0935647161d498d6,Fortis Memorial Neuro & Trauma Center,0x84f93618C1D541bB1Dcf1373A8eE500A7D439634,Dr. Ananya Roy,NMC-51203,A90,Dengue fever [classical dengue],Infectious Disease,40611.9,0.0,2030.6,15%,Awaiting Patient Consent Approval,Access Requested via Ledger,Pending Patient Authorization,Emergency Admission Record; Diagnostic Imaging CT/MRI,Insurance Claim Adjudication & Pre-Auth Verification,24 Hours (Statutory Emergency Window),AES-256-GCM,vault-transit-key-0x45c52394,Qm9df3e2c30220c35d6669a82388d26192d15aa9599d51,0.0.4891024,3997,2026-09-13 12:18:35 UTC,0xa5dc8b8b3be6136cc0148234456f427bcc2742ff5ecd161f2c43e30f2e9949e0,0.0001
CLM-00998,POL-CARE-849598-289,Care Health Insurance (Religare),0x15d34AAf54267DB7D7c367839AAf71A00a2C6A65,IRDAI-REG-148,Heritage Health TPA,Nandini Reddy,849598,0x6a18aa038bc55ce4b0143c58a7955423d03f05e1,Max Super Speciality Cancer Institute,0x28B7eA94B34C8F52D19E50Eb14769Da20F5D54b4,Dr. Preeti Deshmukh,NMC-82194,I10,Essential (primary) hypertension,Cardiology,27467.13,23347.06,1373.36,10%,Approved & Settled,Ledger Verified & Payout Secured,Active - Full Disclosure,Diagnosis; Lab Reports; Itemized Pharmacy Bill,Insurance Claim Adjudication & Pre-Auth Verification,24 Hours (Statutory Emergency Window),AES-256-GCM,vault-transit-key-0x6a18aa03,Qm9f88f66f617fe61e2dae245c64777eaba439e7554728,0.0.4891024,3998,2026-09-13 12:18:36 UTC,0xecd24244f1185ca8d09187980ccda4511c44fc9139087ebf0e7aa7dbc877fea8,0.0001
CLM-00999,POL-ICIC-849599-476,ICICI Lombard General Insurance,0x90F79bf6EB2c4f870365E785982E1f101E93b906,IRDAI-REG-115,Vidal Health TPA,Amit Choudhury,849599,0xc7bf25b079d50ca16d2b30009d3302905c96fefe,Apollo Multispecialty Hospital,0x155Af6ECaFb48861dA7d16Fb8Af2f6ce9d6DD779,Dr. Rohan Patel,NMC-11029,A90,Dengue fever [classical dengue],Infectious Disease,38414.88,28811.16,1920.74,20%,Approved & Settled,Ledger Verified & Payout Secured,Active - Full Disclosure,Lab Reports; Diagnosis; Treatment History; Discharge Summary,Insurance Claim Adjudication & Pre-Auth Verification,24 Hours (Statutory Emergency Window),AES-256-GCM,vault-transit-key-0xc7bf25b0,Qm81b89ee3d47978d8f57075f34223e45d0ee38d6a10f5,0.0.4891024,3999,2026-09-13 12:18:38 UTC,0x1a43e985c4157401f3b395bf597fcca1bcead8a02d15cad85b52d1cde071735f,0.0001
CLM-01000,POL-CARE-849600-568,Care Health Insurance (Religare),0x15d34AAf54267DB7D7c367839AAf71A00a2C6A65,IRDAI-REG-148,Heritage Health TPA,Tanvi Ghosh,849600,0xb35e838222fc1df047601557f6cfcae507daf4ca,Max Super Speciality Cancer Institute,0x28B7eA94B34C8F52D19E50Eb14769Da20F5D54b4,Dr. Sarah Jenkins,NMC-48192,G40.909,"Epilepsy, unspecified, without status epilepticus",Neurology,40070.39,30052.79,2003.52,20%,Approved & Settled,Ledger Verified & Payout Secured,Active - Full Disclosure,Discharge Summary; Surgical Notes; Lab Reports,Insurance Claim Adjudication & Pre-Auth Verification,24 Hours (Statutory Emergency Window),AES-256-GCM,vault-transit-key-0xb35e8382,Qm264722e8b3e144362bfad4f15626163731c2eff08d0d,0.0.4891024,4000,2026-09-13 12:18:40 UTC,0x007c462a736bad8b11fee2f31a5501f0cc100e3a45d777d3c5ed73d273872e42,0.0001
