Report_ID,Accession_Number,Diagnostic_Laboratory,Laboratory_Wallet,NABL_Accreditation_No,Laboratory_Director,Patient_Name,Patient_Short_ID,Patient_Wallet,Patient_Age,Patient_Gender,Referring_Physician,Referring_Doctor_Wallet,Referring_Hospital,Test_Category,Diagnostic_Test_Name,Specimen_Type,Quantitative_Result_Value,Biological_Reference_Interval,Diagnostic_Clinical_Flag,Report_Sensitivity_Tier,Laboratory_Bill_Amount_INR,DPDP_Consent_Scope,Consent_Verification_Status,Encryption_Cipher,Vault_Transit_Key_Handle,IPFS_Report_CID,Storage_Provider,HCS_Topic_ID,HCS_Sequence_Number,HCS_Consensus_Timestamp,HCS_Running_Hash,Hedera_Gas_Fee_HBAR
LAB-REP-00001,ACC-LAB-004-000001,Apollo Diagnostics Advanced Enclave,0x23618e81E3f5cdF7f54C3d65f7FBc0aBf5B21E8f,NABL-MC-5102,"Dr. Shanti Swaminathan, MD",Lata Mehta,849201,0xe74ca416d5aa7a0b3bd75a39cfa1214d1fee4455,17,male,Dr. Sarah Jenkins,0x04Fee3FD1B338d12FFD6dBD8d66dE1e8e0BB99cB,Apex Diagnostic & Pathology Hub,Endocrinology Tests,HbA1c Glycated Hemoglobin,Whole Blood (EDTA),HbA1c: 7.6% (Diabetic Range),"<5.7% Normal, 5.7-6.4% Prediabetes, >=6.5% Diabetes",HIGH,Low,650,Diagnostic Laboratory Reports,Emergency Diagnostic Upload (Pending Verification),AES-256-GCM,vault-transit-key-0xe74ca416,Qm1ed319c0b35c09981586066e77ec3831b5e44a3b1ab0,Pinata Dedicated IPFS Gateway,0.0.4891024,5001,2026-09-13 11:46:42 UTC,0xfcbfb05698fd373d4258c678c15847d6afad51d1deb6ed6c77bd92e0f7173370,0.0001
LAB-REP-00002,ACC-LAB-002-000002,Dr. Lal PathLabs Central Reference Hub,0x976EA74026E726554dB657fA54763abd0C3a0aa9,NABL-MC-1044,"Dr. Arvind Lal, FRCPath",Kiran Agarwal,849202,0x0d673b46d88d1340bc524a675c194ffc5cd65245,18,female,Dr. Sarah Jenkins,0x04Fee3FD1B338d12FFD6dBD8d66dE1e8e0BB99cB,Fortis Memorial Neuro & Trauma Center,Imaging / Radiology,High-Resolution Non-Contrast Brain CT Scan,Radiological DICOM Imaging,"Small left temporal hemorrhagic contusion, no mass effect",No acute intracranial hemorrhage or midline shift,ABNORMAL_FINDING,Medium,3200,Diagnostic Laboratory Reports,Consent Verified (Active on Blockchain),AES-256-GCM,vault-transit-key-0x0d673b46,Qm9620446362b3d9feca3044d8392c5578a3cfb8383ce9,Pinata Dedicated IPFS Gateway,0.0.4891024,5002,2026-09-13 11:46:44 UTC,0x73e391d2cc9da1a42687c8796d59f4cba39b2450d1ec6e3bb1f92509646fd59b,0.0001
LAB-REP-00003,ACC-LAB-003-000003,Metropolis Healthcare Molecular Laboratory,0x14dC79964da2C08b23698B3D3cc7Ca32193d9955,NABL-MC-3819,"Dr. Nilesh Shah, MD",Nikhil Deshmukh,849203,0x1beb32b42eae6c1027d91a123f86f0991429a20c,19,male,Dr. Ananya Roy,0x9965507D1a55bcC2695C58ba16FB37d819B0A4dc,Care & Cure Pediatric & Maternity Hospital,Lipid Profile,Comprehensive Lipid Panel,Serum (Fasting 12h),"Total Chol: 235 mg/dL (High), LDL: 155 mg/dL, TG: 180 mg/dL","Chol: <200 mg/dL, HDL: >40 mg/dL, LDL: <100 mg/dL, TG: <150 mg/dL",HIGH,Low,850,Diagnostic Laboratory Reports,Consent Verified (Active on Blockchain),AES-256-GCM,vault-transit-key-0x1beb32b4,Qm51b2904a9947baa27893a3a8fc3b64daa84a67be4da1,Pinata Dedicated IPFS Gateway,0.0.4891024,5003,2026-09-13 11:46:47 UTC,0x70cb6d13218b87054aa93da37f9d7af423fbcf70b1b5f9f00cc688b6f452c6a6,0.0001
LAB-REP-00004,ACC-LAB-003-000004,Metropolis Healthcare Molecular Laboratory,0x14dC79964da2C08b23698B3D3cc7Ca32193d9955,NABL-MC-3819,"Dr. Nilesh Shah, MD",Geeta Pandey,849204,0xc12a1c8ffde70447eefff991360883ffa0b380d6,20,female,Dr. Sarah Jenkins,0x04Fee3FD1B338d12FFD6dBD8d66dE1e8e0BB99cB,Max Super Speciality Cancer Institute,Liver Function Tests,Liver Function Profile (LFT),Serum,"ALT: 88 U/L (High), AST: 74 U/L (High), Total Bili: 1.8 mg/dL","ALT: 7-56 U/L, AST: 10-40 U/L, Bilirubin: 0.1-1.2 mg/dL",HIGH,Low,950,Diagnostic Laboratory Reports,Emergency Diagnostic Upload (Pending Verification),AES-256-GCM,vault-transit-key-0xc12a1c8f,Qm7b1a87ccd7cea74e7943e16d7dbbd13ca363330aca7e,Pinata Dedicated IPFS Gateway,0.0.4891024,5004,2026-09-13 11:46:49 UTC,0xcdcd3017ae28c1cc17f1ad11edfc257f46691bc371cd62d8ed68fb0ebf6208b7,0.0001
LAB-REP-00005,ACC-LAB-002-000005,Dr. Lal PathLabs Central Reference Hub,0x976EA74026E726554dB657fA54763abd0C3a0aa9,NABL-MC-1044,"Dr. Arvind Lal, FRCPath",Tanvi Nair,849205,0x38338aefb5e7887d3218e1cf40c828875c40ea61,21,male,Dr. Sarah Jenkins,0x04Fee3FD1B338d12FFD6dBD8d66dE1e8e0BB99cB,Max Super Speciality Cancer Institute,Lipid Profile,Comprehensive Lipid Panel,Serum (Fasting 12h),"Total Chol: 235 mg/dL (High), LDL: 155 mg/dL, TG: 180 mg/dL","Chol: <200 mg/dL, HDL: >40 mg/dL, LDL: <100 mg/dL, TG: <150 mg/dL",HIGH,Low,850,Diagnostic Laboratory Reports,Consent Verified (Active on Blockchain),AES-256-GCM,vault-transit-key-0x38338aef,Qm92b98ef2ad86c3a6ee56b2e5f9490d45b15f7e3f35b2,Pinata Dedicated IPFS Gateway,0.0.4891024,5005,2026-09-13 11:46:51 UTC,0xec8e2653f5a801ff8314683384f42c63089cb142369f78dccdd29a7073c6a634,0.0001
LAB-REP-00006,ACC-LAB-004-000006,Apollo Diagnostics Advanced Enclave,0x23618e81E3f5cdF7f54C3d65f7FBc0aBf5B21E8f,NABL-MC-5102,"Dr. Shanti Swaminathan, MD",Neha Deshmukh,849206,0x6bab2495a8ba4af126212cb4151df14cf47763a5,22,female,Dr. Rajesh Sharma,0x3c44CdDdB6a900fa2b585dd299e03d12FA4293BC,Apollo Multispecialty Hospital,Blood Tests,Complete Blood Count (CBC),Whole Blood (EDTA),"Hb: 13.5 g/dL, WBC: 7200 /uL, Platelets: 2.4 Lakhs/uL","Hb: 12-16 g/dL, WBC: 4000-11000 /uL, Platelets: 1.5-4.5 Lakhs/uL",NORMAL,Low,450,Diagnostic Laboratory Reports,Consent Verified (Active on Blockchain),AES-256-GCM,vault-transit-key-0x6bab2495,Qmceb45c4d27192a93bbcadbade76ef632b711ad8163ac,Pinata Dedicated IPFS Gateway,0.0.4891024,5006,2026-09-13 11:46:54 UTC,0x566c304499a4abd0398a3b1b823dc0f557a514f45fd6d16b2e4b74eed1d0fdea,0.0001
LAB-REP-00007,ACC-LAB-005-000007,SRL Diagnostics Regional Core Lab,0xa0Ee7A142d267C1f36714E4a8F75612F20a79720,NABL-MC-4491,"Dr. Ramesh Sarin, DNB Path",Lata Kapoor,849207,0x0f6b893d26bc48e6b8dc589f1fbadc83fafcebc2,23,male,Dr. Preeti Deshmukh,0x23618e81E3f5cdF7f54C3d65f7FBc0aBf5B21E8f,Care & Cure Pediatric & Maternity Hospital,Imaging / Radiology,Whole Body PET-CT Oncology Scan,18F-FDG Radiotracer DICOM,"Hypermetabolic primary lesion, SUVmax 9.2, no distant metastases","Physiological FDG biodistribution, no hypermetabolic malignancy",ABNORMAL_FINDING,High - Genomic/Oncology,18500,Diagnostic Laboratory Reports,Consent Verified (Active on Blockchain),AES-256-GCM,vault-transit-key-0x0f6b893d,Qmdd6494dd9f9c571211f9edff97dc6302e73b95b178a3,Pinata Dedicated IPFS Gateway,0.0.4891024,5007,2026-09-13 11:46:55 UTC,0xfc6373162170d4345f9951890a7eda801f82575583592877cc77c582efcfe729,0.0001
LAB-REP-00008,ACC-LAB-003-000008,Metropolis Healthcare Molecular Laboratory,0x14dC79964da2C08b23698B3D3cc7Ca32193d9955,NABL-MC-3819,"Dr. Nilesh Shah, MD",Ananya Pandey,849208,0x661954b94aec949b02645723476befb65806cea4,24,female,Dr. Preeti Deshmukh,0x23618e81E3f5cdF7f54C3d65f7FBc0aBf5B21E8f,Max Super Speciality Cancer Institute,Microbiology Tests,Dengue Duo NS1 Ag + IgM/IgG Antibody ELISA,Serum,"Dengue NS1 Antigen: POSITIVE, IgM: Reactive",Non-Reactive / Negative,POSITIVE_ABNORMAL,Medium,1400,Diagnostic Laboratory Reports,Emergency Diagnostic Upload (Pending Verification),AES-256-GCM,vault-transit-key-0x661954b9,Qm411b0b8180eb4c2162dedda6b28d8a53dee2056cff90,Pinata Dedicated IPFS Gateway,0.0.4891024,5008,2026-09-13 11:46:58 UTC,0xd4ebf78756d21d9a14dc71363f5d9f348b263d19752a9e38c4af774c87a2293f,0.0001
LAB-REP-00009,ACC-LAB-002-000009,Dr. Lal PathLabs Central Reference Hub,0x976EA74026E726554dB657fA54763abd0C3a0aa9,NABL-MC-1044,"Dr. Arvind Lal, FRCPath",Lata Verma,849209,0xcc03690acf81fee7243d3c718714990f25fde8c4,25,male,Dr. Sunita Narang,0xBcd4042DE499D14e55001CcbB24a551F3b954096,Apollo Multispecialty Hospital,Pathology / Biopsy,Core Needle Biopsy Histopathology & Immunohistochemistry,Tissue Biopsy in 10% Formalin,"Infiltrating Ductal Carcinoma Grade 2, ER 85%+, PR 60%+, HER2/neu Negative",Benign / No malignancy,MALIGNANT_POSITIVE,High - Genomic/Oncology,4500,Diagnostic Laboratory Reports,Consent Verified (Active on Blockchain),AES-256-GCM,vault-transit-key-0xcc03690a,Qme678362457084131f9aeead3c0755102a6e108e19e83,Pinata Dedicated IPFS Gateway,0.0.4891024,5009,2026-09-13 11:47:00 UTC,0x21c6834d0c682c30b8a6ae5aa23e3ab71ef05b6c4c5acd9028f6fa4f8b0e82ab,0.0001
LAB-REP-00010,ACC-LAB-003-000010,Metropolis Healthcare Molecular Laboratory,0x14dC79964da2C08b23698B3D3cc7Ca32193d9955,NABL-MC-3819,"Dr. Nilesh Shah, MD",Vikas Swaminathan,849210,0x8b4f651cbb23a0433fd97194f8fbb1340d3ffa2b,26,female,Dr. Sarah Jenkins,0x04Fee3FD1B338d12FFD6dBD8d66dE1e8e0BB99cB,Care & Cure Pediatric & Maternity Hospital,Liver Function Tests,Liver Function Profile (LFT),Serum,"ALT: 88 U/L (High), AST: 74 U/L (High), Total Bili: 1.8 mg/dL","ALT: 7-56 U/L, AST: 10-40 U/L, Bilirubin: 0.1-1.2 mg/dL",HIGH,Low,950,Diagnostic Laboratory Reports,Consent Verified (Active on Blockchain),AES-256-GCM,vault-transit-key-0x8b4f651c,Qm6705d0a467828d6d481b4fad19890c27ca98cda7328c,Pinata Dedicated IPFS Gateway,0.0.4891024,5010,2026-09-13 11:47:02 UTC,0x98a6e2cd2ae756118ca8e45309288a34e4127bdade0e69964db481abac6ea408,0.0001
LAB-REP-00011,ACC-LAB-003-000011,Metropolis Healthcare Molecular Laboratory,0x14dC79964da2C08b23698B3D3cc7Ca32193d9955,NABL-MC-3819,"Dr. Nilesh Shah, MD",Rohan Iyer,849211,0xf625f84a885543164cec58376bd13b1625ad86a1,27,male,Dr. Sarah Jenkins,0x04Fee3FD1B338d12FFD6dBD8d66dE1e8e0BB99cB,Max Super Speciality Cancer Institute,Lipid Profile,Comprehensive Lipid Panel,Serum (Fasting 12h),"Total Chol: 235 mg/dL (High), LDL: 155 mg/dL, TG: 180 mg/dL","Chol: <200 mg/dL, HDL: >40 mg/dL, LDL: <100 mg/dL, TG: <150 mg/dL",HIGH,Low,850,Diagnostic Laboratory Reports,Consent Verified (Active on Blockchain),AES-256-GCM,vault-transit-key-0xf625f84a,Qm690b30cd9d13375a8a44af66a0a86fa8d5e5f313d919,Pinata Dedicated IPFS Gateway,0.0.4891024,5011,2026-09-13 11:47:05 UTC,0xb7eb4f41d221dfefd005f342ae10d9f5f1268f377aa3f60e30c68fbbeee8aa53,0.0001
LAB-REP-00012,ACC-LAB-002-000012,Dr. Lal PathLabs Central Reference Hub,0x976EA74026E726554dB657fA54763abd0C3a0aa9,NABL-MC-1044,"Dr. Arvind Lal, FRCPath",Shreya Verma,849212,0xab17ccee0f170c691aa7618afeb49043458d187f,28,female,Dr. Rajesh Sharma,0x3c44CdDdB6a900fa2b585dd299e03d12FA4293BC,Apex Diagnostic & Pathology Hub,Microbiology Tests,Dengue Duo NS1 Ag + IgM/IgG Antibody ELISA,Serum,"Dengue NS1 Antigen: POSITIVE, IgM: Reactive",Non-Reactive / Negative,POSITIVE_ABNORMAL,Medium,1400,Diagnostic Laboratory Reports,Emergency Diagnostic Upload (Pending Verification),AES-256-GCM,vault-transit-key-0xab17ccee,Qmbd5291aaa781eb3efdbd0e816188947ad45aeb3e1f44,Pinata Dedicated IPFS Gateway,0.0.4891024,5012,2026-09-13 11:47:07 UTC,0x6ad1b10ab87f61c6d9ecbcbb87586d013737b410e43f63f7e285a21934f98ab2,0.0001
LAB-REP-00013,ACC-LAB-002-000013,Dr. Lal PathLabs Central Reference Hub,0x976EA74026E726554dB657fA54763abd0C3a0aa9,NABL-MC-1044,"Dr. Arvind Lal, FRCPath",Sneha Mehta,849213,0x272ea6b125fa697f19735246424a2080f38429a0,29,male,Dr. Ananya Roy,0x9965507D1a55bcC2695C58ba16FB37d819B0A4dc,Fortis Memorial Neuro & Trauma Center,Imaging / Radiology,High-Resolution Non-Contrast Brain CT Scan,Radiological DICOM Imaging,"Small left temporal hemorrhagic contusion, no mass effect",No acute intracranial hemorrhage or midline shift,ABNORMAL_FINDING,Medium,3200,Diagnostic Laboratory Reports,Emergency Diagnostic Upload (Pending Verification),AES-256-GCM,vault-transit-key-0x272ea6b1,Qm7e078707b05c2f8e22206bdb74ca3e506be35da83bb5,Pinata Dedicated IPFS Gateway,0.0.4891024,5013,2026-09-13 11:47:10 UTC,0xca656e1ba5e9f019113b205de70161e317a5e8c610e1c1c328fbcae9884e65ad,0.0001
LAB-REP-00014,ACC-LAB-002-000014,Dr. Lal PathLabs Central Reference Hub,0x976EA74026E726554dB657fA54763abd0C3a0aa9,NABL-MC-1044,"Dr. Arvind Lal, FRCPath",Meera Iyer,849214,0xe6fa1297fa635017b409b3622de0d447a23aa0ac,30,female,Dr. Rajesh Sharma,0x3c44CdDdB6a900fa2b585dd299e03d12FA4293BC,Apex Diagnostic & Pathology Hub,Metabolic Panel,Comprehensive Metabolic Panel (CMP),Serum,"Na: 138 mmol/L, K: 4.1 mmol/L, Creat: 1.05 mg/dL","Na: 135-145, K: 3.5-5.0, Creatinine: 0.7-1.3 mg/dL",NORMAL,Medium,1200,Diagnostic Laboratory Reports,Consent Verified (Active on Blockchain),AES-256-GCM,vault-transit-key-0xe6fa1297,Qmbd69bbd9a76269a30b87126177020601d538c1050cf6,Pinata Dedicated IPFS Gateway,0.0.4891024,5014,2026-09-13 11:47:11 UTC,0x2054b73834ef95372399b11a3738e1f89e196fd6028f508019044921102c5120,0.0001
LAB-REP-00015,ACC-LAB-003-000015,Metropolis Healthcare Molecular Laboratory,0x14dC79964da2C08b23698B3D3cc7Ca32193d9955,NABL-MC-3819,"Dr. Nilesh Shah, MD",Aditi Gupta,849215,0xed2138b6de648a9ff0356d91235e237003f92c72,31,male,Dr. Ananya Roy,0x9965507D1a55bcC2695C58ba16FB37d819B0A4dc,Apex Diagnostic & Pathology Hub,Blood Tests,Thrombocytopenia Platelet Monitoring,Whole Blood (EDTA),"Platelets: 42,000 /uL (Severe Low)","Platelets: 150,000 - 450,000 /uL",CRITICAL_ALERT,Low,350,Diagnostic Laboratory Reports,Consent Verified (Active on Blockchain),AES-256-GCM,vault-transit-key-0xed2138b6,Qm85bba02e6b221dbd8ae43e8001995b9c7d2dc090ef3b,Pinata Dedicated IPFS Gateway,0.0.4891024,5015,2026-09-13 11:47:13 UTC,0xff8db8627020732c648215dcbe901c9ad6084f0336cef4dfefbb026190fa4992,0.0001
LAB-REP-00016,ACC-LAB-002-000016,Dr. Lal PathLabs Central Reference Hub,0x976EA74026E726554dB657fA54763abd0C3a0aa9,NABL-MC-1044,"Dr. Arvind Lal, FRCPath",Pranav Sharma,849216,0x92b7911b803c12373b5258b0cbc54839f0fba1f3,32,female,Dr. Rajesh Sharma,0x3c44CdDdB6a900fa2b585dd299e03d12FA4293BC,Fortis Memorial Neuro & Trauma Center,Endocrinology Tests,HbA1c Glycated Hemoglobin,Whole Blood (EDTA),HbA1c: 7.6% (Diabetic Range),"<5.7% Normal, 5.7-6.4% Prediabetes, >=6.5% Diabetes",HIGH,Low,650,Diagnostic Laboratory Reports,Consent Verified (Active on Blockchain),AES-256-GCM,vault-transit-key-0x92b7911b,Qm4a42b68f17d3af72e30e2da77d08bbe939f1eeed79c2,Pinata Dedicated IPFS Gateway,0.0.4891024,5016,2026-09-13 11:47:16 UTC,0x56b8635b45e2b4006eb373941dfee78599acf745317397a4445c43aa2b9043e3,0.0001
LAB-REP-00017,ACC-LAB-004-000017,Apollo Diagnostics Advanced Enclave,0x23618e81E3f5cdF7f54C3d65f7FBc0aBf5B21E8f,NABL-MC-5102,"Dr. Shanti Swaminathan, MD",Ishaan Shetty,849217,0x69fab2ffb8904afe9b8de82a4536d92f53278448,33,male,Dr. Sunita Narang,0xBcd4042DE499D14e55001CcbB24a551F3b954096,Care & Cure Pediatric & Maternity Hospital,Kidney Function Tests,Renal Function Profile (KFT),Serum,"BUN: 14 mg/dL, Creatinine: 0.9 mg/dL, eGFR: 92 mL/min","BUN: 7-20 mg/dL, Creatinine: 0.6-1.2 mg/dL, eGFR: >60 mL/min",NORMAL,Low,850,Diagnostic Laboratory Reports,Consent Verified (Active on Blockchain),AES-256-GCM,vault-transit-key-0x69fab2ff,Qmb5d8a2f0b76b6111d6a77b3281f2d1547f743fade472,Pinata Dedicated IPFS Gateway,0.0.4891024,5017,2026-09-13 11:47:18 UTC,0xc1ac57b160bac46dd66229acaeaf5b474e939ebc64b7e52c309c5bdc219d9709,0.0001
LAB-REP-00018,ACC-LAB-004-000018,Apollo Diagnostics Advanced Enclave,0x23618e81E3f5cdF7f54C3d65f7FBc0aBf5B21E8f,NABL-MC-5102,"Dr. Shanti Swaminathan, MD",Manish Gowda,849218,0x96cbc3512338c5fca6a621b1e7e916b9c42e3eed,34,female,Dr. Rohan Patel,0x976EA74026E726554dB657fA54763abd0C3a0aa9,Apex Diagnostic & Pathology Hub,Kidney Function Tests,Renal Function Profile (KFT),Serum,"BUN: 14 mg/dL, Creatinine: 0.9 mg/dL, eGFR: 92 mL/min","BUN: 7-20 mg/dL, Creatinine: 0.6-1.2 mg/dL, eGFR: >60 mL/min",NORMAL,Low,850,Diagnostic Laboratory Reports,Consent Verified (Active on Blockchain),AES-256-GCM,vault-transit-key-0x96cbc351,Qm528b5d26c7864d55261b7adfd713087a1b4fe1958ff5,Pinata Dedicated IPFS Gateway,0.0.4891024,5018,2026-09-13 11:47:21 UTC,0x3f66b9380d1630188e91894c2cc90639a4668b441f305446ecc58fe5b0e64da1,0.0001
LAB-REP-00019,ACC-LAB-003-000019,Metropolis Healthcare Molecular Laboratory,0x14dC79964da2C08b23698B3D3cc7Ca32193d9955,NABL-MC-3819,"Dr. Nilesh Shah, MD",Arjun Nair,849219,0xde9930eb8ea6077c47b832d721f9051a9aec67da,35,male,Dr. Preeti Deshmukh,0x23618e81E3f5cdF7f54C3d65f7FBc0aBf5B21E8f,Fortis Memorial Neuro & Trauma Center,Lipid Profile,Comprehensive Lipid Panel,Serum (Fasting 12h),"Total Chol: 235 mg/dL (High), LDL: 155 mg/dL, TG: 180 mg/dL","Chol: <200 mg/dL, HDL: >40 mg/dL, LDL: <100 mg/dL, TG: <150 mg/dL",HIGH,Low,850,Diagnostic Laboratory Reports,Consent Verified (Active on Blockchain),AES-256-GCM,vault-transit-key-0xde9930eb,Qm6c33c0dbe900236765d782e234e6e19399990b3e6bc2,Pinata Dedicated IPFS Gateway,0.0.4891024,5019,2026-09-13 11:47:23 UTC,0x35a02969a913b83f30475946c8fff60645020ac2f8e2428681d0fcaa5aace916,0.0001
LAB-REP-00020,ACC-LAB-005-000020,SRL Diagnostics Regional Core Lab,0xa0Ee7A142d267C1f36714E4a8F75612F20a79720,NABL-MC-4491,"Dr. Ramesh Sarin, DNB Path",Pranav Menon,849220,0x7ec37f0cb174ff65114de61eeeb13d55215b9605,36,female,Dr. Rohan Patel,0x976EA74026E726554dB657fA54763abd0C3a0aa9,Fortis Memorial Neuro & Trauma Center,Endocrinology Tests,"Thyroid Function Panel (TSH, Free T3, Free T4)",Serum,"TSH: 6.8 uIU/mL (Hypothyroid), FT4: 0.72 ng/dL (Low)","TSH: 0.45-4.5 uIU/mL, FT3: 2.0-4.4 pg/mL, FT4: 0.8-1.8 ng/dL",LOW,Low,750,Diagnostic Laboratory Reports,Consent Verified (Active on Blockchain),AES-256-GCM,vault-transit-key-0x7ec37f0c,Qmc79f0c284ca81234a29e61ba6c261337e1f0fdc443e5,Pinata Dedicated IPFS Gateway,0.0.4891024,5020,2026-09-13 11:47:25 UTC,0xefe719fa5a2d7d02fdbfb232baf3516db44cbd9913bf84745a95162fd2618331,0.0001
LAB-REP-00021,ACC-LAB-002-000021,Dr. Lal PathLabs Central Reference Hub,0x976EA74026E726554dB657fA54763abd0C3a0aa9,NABL-MC-1044,"Dr. Arvind Lal, FRCPath",Pooja Deshmukh,849221,0x7e05bcb68a17f38f9b9fa9d153c2a19eeb2434da,37,male,Dr. Sarah Jenkins,0x04Fee3FD1B338d12FFD6dBD8d66dE1e8e0BB99cB,Max Super Speciality Cancer Institute,Cardiology Tests,High-Sensitivity Cardiac Troponin-I (hs-cTnI),Serum / Plasma,hs-cTnI: 1850 ng/L (Markedly Elevated Acute Myocardial Infarction),< 14 ng/L (99th Percentile Upper Reference Limit),CRITICAL_ALERT,Medium,1800,Diagnostic Laboratory Reports,Consent Verified (Active on Blockchain),AES-256-GCM,vault-transit-key-0x7e05bcb6,Qme4698ce2241aec318e5a66456231c70d904b95b91f8c,Pinata Dedicated IPFS Gateway,0.0.4891024,5021,2026-09-13 11:47:27 UTC,0x296bc7f49170b9af4081239e385921202d76077f3d74f1bd9842bb7db71a2179,0.0001
LAB-REP-00022,ACC-LAB-001-000022,Apex Diagnostic Reference Labs,0x04Fee3FD1B338d12FFD6dBD8d66dE1e8e0BB99cB,NABL-MC-2091,"Dr. Sunita Narang, MD Path",Lata Hegde,849222,0xf36a0f3f6fed502e12f5fa07c534d0ee2b679ecd,38,female,Dr. Sarah Jenkins,0x04Fee3FD1B338d12FFD6dBD8d66dE1e8e0BB99cB,Care & Cure Pediatric & Maternity Hospital,Imaging / Radiology,High-Resolution Non-Contrast Brain CT Scan,Radiological DICOM Imaging,"Small left temporal hemorrhagic contusion, no mass effect",No acute intracranial hemorrhage or midline shift,ABNORMAL_FINDING,Medium,3200,Diagnostic Laboratory Reports,Consent Verified (Active on Blockchain),AES-256-GCM,vault-transit-key-0xf36a0f3f,Qm316d8813435703f01c6c7046d9b3992505c7b891dce4,Pinata Dedicated IPFS Gateway,0.0.4891024,5022,2026-09-13 11:47:29 UTC,0xadd568df9feee5f6f3c856a1fd8a409827b71f2002874478d11d7cf830729550,0.0001
LAB-REP-00023,ACC-LAB-001-000023,Apex Diagnostic Reference Labs,0x04Fee3FD1B338d12FFD6dBD8d66dE1e8e0BB99cB,NABL-MC-2091,"Dr. Sunita Narang, MD Path",Kavya Choudhury,849223,0xef5c8505336a63b72e8d53cfd03d2d582c135981,39,male,Dr. Vikram Seth,0x15d34AAf54267DB7D7c367839AAf71A00a2C6A65,Apollo Multispecialty Hospital,Endocrinology Tests,"Thyroid Function Panel (TSH, Free T3, Free T4)",Serum,"TSH: 6.8 uIU/mL (Hypothyroid), FT4: 0.72 ng/dL (Low)","TSH: 0.45-4.5 uIU/mL, FT3: 2.0-4.4 pg/mL, FT4: 0.8-1.8 ng/dL",LOW,Low,750,Diagnostic Laboratory Reports,Consent Verified (Active on Blockchain),AES-256-GCM,vault-transit-key-0xef5c8505,Qmebe9739a23dfb353d5d57b733113db4dec2143712d30,Pinata Dedicated IPFS Gateway,0.0.4891024,5023,2026-09-13 11:47:32 UTC,0x57fc420e13a00f6c5c8686939b1ec5aa1ece86dbcdef264685a685cccde677dd,0.0001
LAB-REP-00024,ACC-LAB-003-000024,Metropolis Healthcare Molecular Laboratory,0x14dC79964da2C08b23698B3D3cc7Ca32193d9955,NABL-MC-3819,"Dr. Nilesh Shah, MD",Tanvi Malhotra,849224,0xcbf17fbeab8852d3c05b1c15cecb51bc586a949a,40,female,Dr. Preeti Deshmukh,0x23618e81E3f5cdF7f54C3d65f7FBc0aBf5B21E8f,Apex Diagnostic & Pathology Hub,Endocrinology Tests,"Thyroid Function Panel (TSH, Free T3, Free T4)",Serum,"TSH: 6.8 uIU/mL (Hypothyroid), FT4: 0.72 ng/dL (Low)","TSH: 0.45-4.5 uIU/mL, FT3: 2.0-4.4 pg/mL, FT4: 0.8-1.8 ng/dL",LOW,Low,750,Diagnostic Laboratory Reports,Consent Verified (Active on Blockchain),AES-256-GCM,vault-transit-key-0xcbf17fbe,Qm217c5b0d2875476f6723f64e6fd6c7a826fc39315984,Pinata Dedicated IPFS Gateway,0.0.4891024,5024,2026-09-13 11:47:34 UTC,0xf8cf93867ef1c982480207d98a5ba81da70641e7136125e378bffaf333f0dd7f,0.0001
LAB-REP-00025,ACC-LAB-004-000025,Apollo Diagnostics Advanced Enclave,0x23618e81E3f5cdF7f54C3d65f7FBc0aBf5B21E8f,NABL-MC-5102,"Dr. Shanti Swaminathan, MD",Amit Kulkarni,849225,0x0705f9672deb326a2bb4b2dfe135f6350697ba9e,41,male,Dr. Vikram Seth,0x15d34AAf54267DB7D7c367839AAf71A00a2C6A65,Fortis Memorial Neuro & Trauma Center,Endocrinology Tests,HbA1c Glycated Hemoglobin,Whole Blood (EDTA),HbA1c: 7.6% (Diabetic Range),"<5.7% Normal, 5.7-6.4% Prediabetes, >=6.5% Diabetes",HIGH,Low,650,Diagnostic Laboratory Reports,Consent Verified (Active on Blockchain),AES-256-GCM,vault-transit-key-0x0705f967,Qm7b95ba2cfc184cc5b855712d377e338e08eb71b4cd1b,Pinata Dedicated IPFS Gateway,0.0.4891024,5025,2026-09-13 11:47:37 UTC,0x68278b180b60367ae60b670a6716a4a56f6c4dc773633fe906b7dcc265b31a2a,0.0001
LAB-REP-00026,ACC-LAB-002-000026,Dr. Lal PathLabs Central Reference Hub,0x976EA74026E726554dB657fA54763abd0C3a0aa9,NABL-MC-1044,"Dr. Arvind Lal, FRCPath",Madhav Malhotra,849226,0x7bc45822e96968275f634610bcf3457ab4398514,42,female,Dr. Vikram Seth,0x15d34AAf54267DB7D7c367839AAf71A00a2C6A65,Apollo Multispecialty Hospital,Endocrinology Tests,HbA1c Glycated Hemoglobin,Whole Blood (EDTA),HbA1c: 7.6% (Diabetic Range),"<5.7% Normal, 5.7-6.4% Prediabetes, >=6.5% Diabetes",HIGH,Low,650,Diagnostic Laboratory Reports,Consent Verified (Active on Blockchain),AES-256-GCM,vault-transit-key-0x7bc45822,Qm150158b5adf7ed66a20134d054649953ec8455a0816f,Pinata Dedicated IPFS Gateway,0.0.4891024,5026,2026-09-13 11:47:39 UTC,0xaafa21844313aeee55ff00da873a13fcb862ab6af01a937742ceda0ad352d9b5,0.0001
LAB-REP-00027,ACC-LAB-004-000027,Apollo Diagnostics Advanced Enclave,0x23618e81E3f5cdF7f54C3d65f7FBc0aBf5B21E8f,NABL-MC-5102,"Dr. Shanti Swaminathan, MD",Pranav Pandey,849227,0xb24de647d2e1fddf75314e042129a54de9bd3cbd,43,male,Dr. Rajesh Sharma,0x3c44CdDdB6a900fa2b585dd299e03d12FA4293BC,Care & Cure Pediatric & Maternity Hospital,Pathology / Biopsy,Core Needle Biopsy Histopathology & Immunohistochemistry,Tissue Biopsy in 10% Formalin,"Infiltrating Ductal Carcinoma Grade 2, ER 85%+, PR 60%+, HER2/neu Negative",Benign / No malignancy,MALIGNANT_POSITIVE,High - Genomic/Oncology,4500,Diagnostic Laboratory Reports,Consent Verified (Active on Blockchain),AES-256-GCM,vault-transit-key-0xb24de647,Qmd1cc5bf3e6ca9dfea2dd3c54ff00a53cdbdb1596b322,Pinata Dedicated IPFS Gateway,0.0.4891024,5027,2026-09-13 11:47:41 UTC,0x4398105ef3c4aa51fc5d5d90af4eecc8e063ca1ae85e1ea5ebe89956e502d96e,0.0001
LAB-REP-00028,ACC-LAB-002-000028,Dr. Lal PathLabs Central Reference Hub,0x976EA74026E726554dB657fA54763abd0C3a0aa9,NABL-MC-1044,"Dr. Arvind Lal, FRCPath",Deepak Nair,849228,0xb29183dca0b7f423c3d86a9c444dd65b94655fdb,44,female,Dr. Vikram Seth,0x15d34AAf54267DB7D7c367839AAf71A00a2C6A65,Apex Diagnostic & Pathology Hub,Blood Tests,Complete Blood Count (CBC),Whole Blood (EDTA),"Hb: 13.5 g/dL, WBC: 7200 /uL, Platelets: 2.4 Lakhs/uL","Hb: 12-16 g/dL, WBC: 4000-11000 /uL, Platelets: 1.5-4.5 Lakhs/uL",NORMAL,Low,450,Diagnostic Laboratory Reports,Consent Verified (Active on Blockchain),AES-256-GCM,vault-transit-key-0xb29183dc,Qm20794b88aaae21cf6b2d70b462091657cfe521896c88,Pinata Dedicated IPFS Gateway,0.0.4891024,5028,2026-09-13 11:47:43 UTC,0x610ed9e1d55bd2ff436a3a86d47a0884914d8addd27a998fe269d77b3d927d39,0.0001
LAB-REP-00029,ACC-LAB-004-000029,Apollo Diagnostics Advanced Enclave,0x23618e81E3f5cdF7f54C3d65f7FBc0aBf5B21E8f,NABL-MC-5102,"Dr. Shanti Swaminathan, MD",Sameer Joshi,849229,0x77f331205d077b0937a8e4ba06420edd3fb1aa1b,45,male,Dr. Sunita Narang,0xBcd4042DE499D14e55001CcbB24a551F3b954096,Apex Diagnostic & Pathology Hub,Liver Function Tests,Liver Function Profile (LFT),Serum,"ALT: 88 U/L (High), AST: 74 U/L (High), Total Bili: 1.8 mg/dL","ALT: 7-56 U/L, AST: 10-40 U/L, Bilirubin: 0.1-1.2 mg/dL",HIGH,Low,950,Diagnostic Laboratory Reports,Consent Verified (Active on Blockchain),AES-256-GCM,vault-transit-key-0x77f33120,Qmd314bafa2266488b9999c8cd2fe77e06b1765662eef9,Pinata Dedicated IPFS Gateway,0.0.4891024,5029,2026-09-13 11:47:45 UTC,0x8d8215d8e6bbb0e055828a0d7dc4394516e9ff2a22e653b98423e9dd07b5354a,0.0001
LAB-REP-00030,ACC-LAB-004-000030,Apollo Diagnostics Advanced Enclave,0x23618e81E3f5cdF7f54C3d65f7FBc0aBf5B21E8f,NABL-MC-5102,"Dr. Shanti Swaminathan, MD",Manish Rao,849230,0xf4af332000b730eca597922659a4274b3958c92d,46,female,Dr. Rajesh Sharma,0x3c44CdDdB6a900fa2b585dd299e03d12FA4293BC,Max Super Speciality Cancer Institute,Endocrinology Tests,"Thyroid Function Panel (TSH, Free T3, Free T4)",Serum,"TSH: 6.8 uIU/mL (Hypothyroid), FT4: 0.72 ng/dL (Low)","TSH: 0.45-4.5 uIU/mL, FT3: 2.0-4.4 pg/mL, FT4: 0.8-1.8 ng/dL",LOW,Low,750,Diagnostic Laboratory Reports,Consent Verified (Active on Blockchain),AES-256-GCM,vault-transit-key-0xf4af3320,Qm8e07b41b46c2e3328e835cf519b3733a0525dea2b526,Pinata Dedicated IPFS Gateway,0.0.4891024,5030,2026-09-13 11:47:47 UTC,0xbb53b76c47fb5d55e8565e3db9801746091ccab60182eab047b2081349f65476,0.0001
LAB-REP-00031,ACC-LAB-002-000031,Dr. Lal PathLabs Central Reference Hub,0x976EA74026E726554dB657fA54763abd0C3a0aa9,NABL-MC-1044,"Dr. Arvind Lal, FRCPath",Neha Reddy,849231,0xe3397984605f481182e8f6c30343fb5f6e8ca4e8,47,male,Dr. Sarah Jenkins,0x04Fee3FD1B338d12FFD6dBD8d66dE1e8e0BB99cB,Apollo Multispecialty Hospital,Blood Tests,Complete Blood Count (CBC),Whole Blood (EDTA),"Hb: 13.5 g/dL, WBC: 7200 /uL, Platelets: 2.4 Lakhs/uL (Borderline clinical correlation advised)","Hb: 12-16 g/dL, WBC: 4000-11000 /uL, Platelets: 1.5-4.5 Lakhs/uL",BORDERLINE,Low,450,Diagnostic Laboratory Reports,Consent Verified (Active on Blockchain),AES-256-GCM,vault-transit-key-0xe3397984,Qm13fc49083338efa478e8269eef9fa554b185ec5e42e9,Pinata Dedicated IPFS Gateway,0.0.4891024,5031,2026-09-13 11:47:50 UTC,0x4a437ee71848d71f965ad34b18f98ebaf0eb71d48016d41afb6348513f046766,0.0001
LAB-REP-00032,ACC-LAB-003-000032,Metropolis Healthcare Molecular Laboratory,0x14dC79964da2C08b23698B3D3cc7Ca32193d9955,NABL-MC-3819,"Dr. Nilesh Shah, MD",Ananya Rao,849232,0x18d3f2bccc74ba25d18d0161c03010e8fb66e282,48,female,Dr. Preeti Deshmukh,0x23618e81E3f5cdF7f54C3d65f7FBc0aBf5B21E8f,Apex Diagnostic & Pathology Hub,Endocrinology Tests,HbA1c Glycated Hemoglobin,Whole Blood (EDTA),HbA1c: 7.6% (Diabetic Range),"<5.7% Normal, 5.7-6.4% Prediabetes, >=6.5% Diabetes",HIGH,Low,650,Diagnostic Laboratory Reports,Consent Verified (Active on Blockchain),AES-256-GCM,vault-transit-key-0x18d3f2bc,Qm22533f8c5873d9f17b20524438ff6c75b1585a590b06,Pinata Dedicated IPFS Gateway,0.0.4891024,5032,2026-09-13 11:47:52 UTC,0x931a18cbb727a78a824ee87ea34b78159b626d050836a150ee61ad3aa500681a,0.0001
LAB-REP-00033,ACC-LAB-001-000033,Apex Diagnostic Reference Labs,0x04Fee3FD1B338d12FFD6dBD8d66dE1e8e0BB99cB,NABL-MC-2091,"Dr. Sunita Narang, MD Path",Nandini Verma,849233,0x22a5be7210de4dea495775af8510f1bba5cb0c53,49,male,Dr. Ananya Roy,0x9965507D1a55bcC2695C58ba16FB37d819B0A4dc,Apollo Multispecialty Hospital,Endocrinology Tests,"Thyroid Function Panel (TSH, Free T3, Free T4)",Serum,"TSH: 6.8 uIU/mL (Hypothyroid), FT4: 0.72 ng/dL (Low)","TSH: 0.45-4.5 uIU/mL, FT3: 2.0-4.4 pg/mL, FT4: 0.8-1.8 ng/dL",LOW,Low,750,Diagnostic Laboratory Reports,Consent Verified (Active on Blockchain),AES-256-GCM,vault-transit-key-0x22a5be72,Qme3c5dd75736e253599a0c9c333c7f5a770e80bc1969b,Pinata Dedicated IPFS Gateway,0.0.4891024,5033,2026-09-13 11:47:54 UTC,0x7f74db88ab262a94ca980fe6770401b6ff679b68eb6bf928cd51a28e5ce8fe53,0.0001
LAB-REP-00034,ACC-LAB-002-000034,Dr. Lal PathLabs Central Reference Hub,0x976EA74026E726554dB657fA54763abd0C3a0aa9,NABL-MC-1044,"Dr. Arvind Lal, FRCPath",Pranav Agarwal,849234,0x5a0dbc2df4a90451d8efb359d97c2714b6168f4e,50,female,Dr. Vikram Seth,0x15d34AAf54267DB7D7c367839AAf71A00a2C6A65,Apollo Multispecialty Hospital,Microbiology Tests,Dengue Duo NS1 Ag + IgM/IgG Antibody ELISA,Serum,"Dengue NS1 Antigen: POSITIVE, IgM: Reactive",Non-Reactive / Negative,POSITIVE_ABNORMAL,Medium,1400,Diagnostic Laboratory Reports,Emergency Diagnostic Upload (Pending Verification),AES-256-GCM,vault-transit-key-0x5a0dbc2d,Qm45b984c0d059beae5df68ddbbf5f656c872bfc45d7c8,Pinata Dedicated IPFS Gateway,0.0.4891024,5034,2026-09-13 11:47:57 UTC,0x33b17e8557a028f79f123b5af792d73fc646b7093060be2bfda55c60a261284f,0.0001
LAB-REP-00035,ACC-LAB-003-000035,Metropolis Healthcare Molecular Laboratory,0x14dC79964da2C08b23698B3D3cc7Ca32193d9955,NABL-MC-3819,"Dr. Nilesh Shah, MD",Rahul Pillai,849235,0xfbf6eae028896760d71cd0b4575e7defc4ed49fc,51,male,Dr. Rajesh Sharma,0x3c44CdDdB6a900fa2b585dd299e03d12FA4293BC,Apex Diagnostic & Pathology Hub,Kidney Function Tests,Renal Function Profile (KFT),Serum,"BUN: 14 mg/dL, Creatinine: 0.9 mg/dL, eGFR: 92 mL/min","BUN: 7-20 mg/dL, Creatinine: 0.6-1.2 mg/dL, eGFR: >60 mL/min",NORMAL,Low,850,Diagnostic Laboratory Reports,Emergency Diagnostic Upload (Pending Verification),AES-256-GCM,vault-transit-key-0xfbf6eae0,Qm39212066436c31f99492c892981222667d292b18df72,Pinata Dedicated IPFS Gateway,0.0.4891024,5035,2026-09-13 11:47:58 UTC,0xe1933275b913a2e75e00cb8ed673e86eb5bca25107f12c2e199d4723f08b308e,0.0001
LAB-REP-00036,ACC-LAB-002-000036,Dr. Lal PathLabs Central Reference Hub,0x976EA74026E726554dB657fA54763abd0C3a0aa9,NABL-MC-1044,"Dr. Arvind Lal, FRCPath",Anand Reddy,849236,0x3bde6477dd91d158d034af3780c2d5c529ba7876,52,female,Dr. Rajesh Sharma,0x3c44CdDdB6a900fa2b585dd299e03d12FA4293BC,Max Super Speciality Cancer Institute,Endocrinology Tests,"Thyroid Function Panel (TSH, Free T3, Free T4)",Serum,"TSH: 6.8 uIU/mL (Hypothyroid), FT4: 0.72 ng/dL (Low)","TSH: 0.45-4.5 uIU/mL, FT3: 2.0-4.4 pg/mL, FT4: 0.8-1.8 ng/dL",LOW,Low,750,Diagnostic Laboratory Reports,Emergency Diagnostic Upload (Pending Verification),AES-256-GCM,vault-transit-key-0x3bde6477,Qm2abe93ffd5fa696a5b8eb894a2fe0686206f03190a57,Pinata Dedicated IPFS Gateway,0.0.4891024,5036,2026-09-13 11:48:01 UTC,0xd4695b30c0efaf8e46de3f388122afe9eeb56b2cb7c3ff4c9f0378b12a2b89f1,0.0001
LAB-REP-00037,ACC-LAB-002-000037,Dr. Lal PathLabs Central Reference Hub,0x976EA74026E726554dB657fA54763abd0C3a0aa9,NABL-MC-1044,"Dr. Arvind Lal, FRCPath",Rahul Rao,849237,0x3ea59f78e3e7d49d8699c154f42c8d8da75ee592,53,male,Dr. Rohan Patel,0x976EA74026E726554dB657fA54763abd0C3a0aa9,Care & Cure Pediatric & Maternity Hospital,Metabolic Panel,Comprehensive Metabolic Panel (CMP),Serum,"Na: 138 mmol/L, K: 4.1 mmol/L, Creat: 1.05 mg/dL","Na: 135-145, K: 3.5-5.0, Creatinine: 0.7-1.3 mg/dL",NORMAL,Medium,1200,Diagnostic Laboratory Reports,Consent Verified (Active on Blockchain),AES-256-GCM,vault-transit-key-0x3ea59f78,Qm8b0fc3eba4ab9f9fff0054f5ce2926351b2a40744759,Pinata Dedicated IPFS Gateway,0.0.4891024,5037,2026-09-13 11:48:03 UTC,0x592a68ad99c0f18c17bc38a25f88ddb12e14c0786649272be57407a5a86ae046,0.0001
LAB-REP-00038,ACC-LAB-001-000038,Apex Diagnostic Reference Labs,0x04Fee3FD1B338d12FFD6dBD8d66dE1e8e0BB99cB,NABL-MC-2091,"Dr. Sunita Narang, MD Path",Manish Gupta,849238,0xfe60a83e45d85e68f56df93a1400f27b336cb75c,54,female,Dr. Ananya Roy,0x9965507D1a55bcC2695C58ba16FB37d819B0A4dc,Max Super Speciality Cancer Institute,Endocrinology Tests,HbA1c Glycated Hemoglobin,Whole Blood (EDTA),HbA1c: 7.6% (Diabetic Range),"<5.7% Normal, 5.7-6.4% Prediabetes, >=6.5% Diabetes",HIGH,Low,650,Diagnostic Laboratory Reports,Consent Verified (Active on Blockchain),AES-256-GCM,vault-transit-key-0xfe60a83e,Qm827aef56115c6f2a3d9206f8e2aef60941fff4bc4573,Pinata Dedicated IPFS Gateway,0.0.4891024,5038,2026-09-13 11:48:06 UTC,0x792ae9e972a4481dd250758405f102ee780a4b1a68cef7fdbe45f15124ceafa0,0.0001
LAB-REP-00039,ACC-LAB-004-000039,Apollo Diagnostics Advanced Enclave,0x23618e81E3f5cdF7f54C3d65f7FBc0aBf5B21E8f,NABL-MC-5102,"Dr. Shanti Swaminathan, MD",Rahul Saxena,849239,0xc33ee8eeb570b12a34fcd5e31aff03c7fd4a7fe6,55,male,Dr. Sunita Narang,0xBcd4042DE499D14e55001CcbB24a551F3b954096,Max Super Speciality Cancer Institute,Lipid Profile,Comprehensive Lipid Panel,Serum (Fasting 12h),"Total Chol: 235 mg/dL (High), LDL: 155 mg/dL, TG: 180 mg/dL","Chol: <200 mg/dL, HDL: >40 mg/dL, LDL: <100 mg/dL, TG: <150 mg/dL",HIGH,Low,850,Diagnostic Laboratory Reports,Consent Verified (Active on Blockchain),AES-256-GCM,vault-transit-key-0xc33ee8ee,Qmf9dd469585c15f0d70042ca66017b37befe71fe8a21c,Pinata Dedicated IPFS Gateway,0.0.4891024,5039,2026-09-13 11:48:07 UTC,0x556517a4258f892839da763c8c40ea90dbbcf25c9b24d7674277455dc4abb0cf,0.0001
LAB-REP-00040,ACC-LAB-002-000040,Dr. Lal PathLabs Central Reference Hub,0x976EA74026E726554dB657fA54763abd0C3a0aa9,NABL-MC-1044,"Dr. Arvind Lal, FRCPath",Geeta Ghosh,849240,0x1860a9c0307a93741dfdf6a119be3a729f489ded,56,female,Dr. Rajesh Sharma,0x3c44CdDdB6a900fa2b585dd299e03d12FA4293BC,Fortis Memorial Neuro & Trauma Center,Liver Function Tests,Liver Function Profile (LFT),Serum,"ALT: 88 U/L (High), AST: 74 U/L (High), Total Bili: 1.8 mg/dL","ALT: 7-56 U/L, AST: 10-40 U/L, Bilirubin: 0.1-1.2 mg/dL",HIGH,Low,950,Diagnostic Laboratory Reports,Consent Verified (Active on Blockchain),AES-256-GCM,vault-transit-key-0x1860a9c0,Qm67a320f7c23db8639021b08cb661b5a7667926e073d5,Pinata Dedicated IPFS Gateway,0.0.4891024,5040,2026-09-13 11:48:10 UTC,0x1ace0639eb40ee1c088f3155fcfacf0128bb462acd1d6f0f5db8845df765f92c,0.0001
LAB-REP-00041,ACC-LAB-005-000041,SRL Diagnostics Regional Core Lab,0xa0Ee7A142d267C1f36714E4a8F75612F20a79720,NABL-MC-4491,"Dr. Ramesh Sarin, DNB Path",Rohan Mishra,849241,0x86954db9abb3505c4bf8c5586ef81578df7dde3b,57,male,Dr. Ananya Roy,0x9965507D1a55bcC2695C58ba16FB37d819B0A4dc,Apex Diagnostic & Pathology Hub,Microbiology Tests,Dengue Duo NS1 Ag + IgM/IgG Antibody ELISA,Serum,"Dengue NS1 Antigen: POSITIVE, IgM: Reactive",Non-Reactive / Negative,POSITIVE_ABNORMAL,Medium,1400,Diagnostic Laboratory Reports,Consent Verified (Active on Blockchain),AES-256-GCM,vault-transit-key-0x86954db9,Qma1664bddf8b8cf40d9788215d47c88bacd1993508a2e,Pinata Dedicated IPFS Gateway,0.0.4891024,5041,2026-09-13 11:48:12 UTC,0x3d17fc53da7e16f260087b935683be2b55e51a7e1d386464cfa94dc14e99f9a1,0.0001
LAB-REP-00042,ACC-LAB-004-000042,Apollo Diagnostics Advanced Enclave,0x23618e81E3f5cdF7f54C3d65f7FBc0aBf5B21E8f,NABL-MC-5102,"Dr. Shanti Swaminathan, MD",Aarav Deshmukh,849242,0x7a0c5ae17bc3e3351b15350472df1d12d5d64766,58,female,Dr. Sarah Jenkins,0x04Fee3FD1B338d12FFD6dBD8d66dE1e8e0BB99cB,Max Super Speciality Cancer Institute,Blood Tests,Complete Blood Count (CBC),Whole Blood (EDTA),"Hb: 13.5 g/dL, WBC: 7200 /uL, Platelets: 2.4 Lakhs/uL","Hb: 12-16 g/dL, WBC: 4000-11000 /uL, Platelets: 1.5-4.5 Lakhs/uL",NORMAL,Low,450,Diagnostic Laboratory Reports,Consent Verified (Active on Blockchain),AES-256-GCM,vault-transit-key-0x7a0c5ae1,Qm38c4fe077a5eb104e14e252bed415c1e08e8932f7b3e,Pinata Dedicated IPFS Gateway,0.0.4891024,5042,2026-09-13 11:48:14 UTC,0x8a25ba488bccd154f5f024f3055b00fd065a8265a704a971384dc9c5e1caf056,0.0001
LAB-REP-00043,ACC-LAB-003-000043,Metropolis Healthcare Molecular Laboratory,0x14dC79964da2C08b23698B3D3cc7Ca32193d9955,NABL-MC-3819,"Dr. Nilesh Shah, MD",Bhavna Shetty,849243,0x55ce62541a7e08d76c04fcda4618be921daf2044,59,male,Dr. Sarah Jenkins,0x04Fee3FD1B338d12FFD6dBD8d66dE1e8e0BB99cB,Apex Diagnostic & Pathology Hub,Imaging / Radiology,Whole Body PET-CT Oncology Scan,18F-FDG Radiotracer DICOM,"Hypermetabolic primary lesion, SUVmax 9.2, no distant metastases","Physiological FDG biodistribution, no hypermetabolic malignancy",ABNORMAL_FINDING,High - Genomic/Oncology,18500,Diagnostic Laboratory Reports,Emergency Diagnostic Upload (Pending Verification),AES-256-GCM,vault-transit-key-0x55ce6254,Qmb34a461bedafc6c17f41f971aaa7e1300a9d2644bc88,Pinata Dedicated IPFS Gateway,0.0.4891024,5043,2026-09-13 11:48:17 UTC,0xb696c397600a11d27fccd0def93ec1c26b3a0b5814675b2a1af87a0ae5835987,0.0001
LAB-REP-00044,ACC-LAB-003-000044,Metropolis Healthcare Molecular Laboratory,0x14dC79964da2C08b23698B3D3cc7Ca32193d9955,NABL-MC-3819,"Dr. Nilesh Shah, MD",Vikas Chatterjee,849244,0x29dfce0d9cc4f8d4140040c8e43ca35249c68de8,60,female,Dr. Rohan Patel,0x976EA74026E726554dB657fA54763abd0C3a0aa9,Max Super Speciality Cancer Institute,Endocrinology Tests,HbA1c Glycated Hemoglobin,Whole Blood (EDTA),HbA1c: 7.6% (Diabetic Range),"<5.7% Normal, 5.7-6.4% Prediabetes, >=6.5% Diabetes",HIGH,Low,650,Diagnostic Laboratory Reports,Consent Verified (Active on Blockchain),AES-256-GCM,vault-transit-key-0x29dfce0d,Qmc4b1a9ca7512249d75465a4f47b753f9ada7ca1fe1d0,Pinata Dedicated IPFS Gateway,0.0.4891024,5044,2026-09-13 11:48:19 UTC,0xe69a9c0a06c59bf70a2f03ed18408363efb7a68cb0bbae19e0bf0b8320bfa453,0.0001
LAB-REP-00045,ACC-LAB-005-000045,SRL Diagnostics Regional Core Lab,0xa0Ee7A142d267C1f36714E4a8F75612F20a79720,NABL-MC-4491,"Dr. Ramesh Sarin, DNB Path",Pooja Nair,849245,0x88b7beb1b0d04ec7615ead96cc20a4fc3402fb66,61,male,Dr. Preeti Deshmukh,0x23618e81E3f5cdF7f54C3d65f7FBc0aBf5B21E8f,Fortis Memorial Neuro & Trauma Center,Endocrinology Tests,HbA1c Glycated Hemoglobin,Whole Blood (EDTA),HbA1c: 7.6% (Diabetic Range),"<5.7% Normal, 5.7-6.4% Prediabetes, >=6.5% Diabetes",HIGH,Low,650,Diagnostic Laboratory Reports,Consent Verified (Active on Blockchain),AES-256-GCM,vault-transit-key-0x88b7beb1,Qmeda17d23a5509d83b58b0b16d1d0f36fa9b8c5a3e4cb,Pinata Dedicated IPFS Gateway,0.0.4891024,5045,2026-09-13 11:48:21 UTC,0xcfc162f63540544799310311933750c9626d89ec82a6912aa6946d5d2181797f,0.0001
LAB-REP-00046,ACC-LAB-004-000046,Apollo Diagnostics Advanced Enclave,0x23618e81E3f5cdF7f54C3d65f7FBc0aBf5B21E8f,NABL-MC-5102,"Dr. Shanti Swaminathan, MD",Vikas Malhotra,849246,0xa0b638c7f7e832a0bfec662742b8894e9a92ca66,62,female,Dr. Ananya Roy,0x9965507D1a55bcC2695C58ba16FB37d819B0A4dc,Fortis Memorial Neuro & Trauma Center,Imaging / Radiology,Whole Body PET-CT Oncology Scan,18F-FDG Radiotracer DICOM,"Hypermetabolic primary lesion, SUVmax 9.2, no distant metastases","Physiological FDG biodistribution, no hypermetabolic malignancy",ABNORMAL_FINDING,High - Genomic/Oncology,18500,Diagnostic Laboratory Reports,Consent Verified (Active on Blockchain),AES-256-GCM,vault-transit-key-0xa0b638c7,Qm5dfcd844f621f58cc6b429aca6e7959f6a2831a7c9a6,Pinata Dedicated IPFS Gateway,0.0.4891024,5046,2026-09-13 11:48:23 UTC,0x44ac1b0b736ab864c0e20e5cc1a84927a291e70747c1c28df4ec622593a32f3c,0.0001
LAB-REP-00047,ACC-LAB-001-000047,Apex Diagnostic Reference Labs,0x04Fee3FD1B338d12FFD6dBD8d66dE1e8e0BB99cB,NABL-MC-2091,"Dr. Sunita Narang, MD Path",Kiran Gupta,849247,0x99e348444cd7bd68d089c6cbe1dd4156c1986b40,63,male,Dr. Ananya Roy,0x9965507D1a55bcC2695C58ba16FB37d819B0A4dc,Apollo Multispecialty Hospital,Endocrinology Tests,HbA1c Glycated Hemoglobin,Whole Blood (EDTA),HbA1c: 7.6% (Diabetic Range),"<5.7% Normal, 5.7-6.4% Prediabetes, >=6.5% Diabetes",HIGH,Low,650,Diagnostic Laboratory Reports,Consent Verified (Active on Blockchain),AES-256-GCM,vault-transit-key-0x99e34844,Qma2d5eeaeef94b48dfd11c37fea101af20b116bbfa606,Pinata Dedicated IPFS Gateway,0.0.4891024,5047,2026-09-13 11:48:25 UTC,0xfef16cb4d6da3f8985945182298751c17ef6c64b7b8400d7cb5353d115d5b604,0.0001
LAB-REP-00048,ACC-LAB-005-000048,SRL Diagnostics Regional Core Lab,0xa0Ee7A142d267C1f36714E4a8F75612F20a79720,NABL-MC-4491,"Dr. Ramesh Sarin, DNB Path",Manish Hegde,849248,0xa2dc6b65bb058916b0e8b468620150a0883a5f75,64,female,Dr. Rajesh Sharma,0x3c44CdDdB6a900fa2b585dd299e03d12FA4293BC,Apollo Multispecialty Hospital,Pathology / Biopsy,Core Needle Biopsy Histopathology & Immunohistochemistry,Tissue Biopsy in 10% Formalin,"Infiltrating Ductal Carcinoma Grade 2, ER 85%+, PR 60%+, HER2/neu Negative",Benign / No malignancy,MALIGNANT_POSITIVE,High - Genomic/Oncology,4500,Diagnostic Laboratory Reports,Consent Verified (Active on Blockchain),AES-256-GCM,vault-transit-key-0xa2dc6b65,Qmc52d98ec184f2228ea0eab3105ecad3be5817d74a219,Pinata Dedicated IPFS Gateway,0.0.4891024,5048,2026-09-13 11:48:28 UTC,0xa6ddd0ef3590ba36af2c08811fd9202e765b4e68ebb38ac86e1f2480b95c5fcf,0.0001
LAB-REP-00049,ACC-LAB-005-000049,SRL Diagnostics Regional Core Lab,0xa0Ee7A142d267C1f36714E4a8F75612F20a79720,NABL-MC-4491,"Dr. Ramesh Sarin, DNB Path",Meera Gupta,849249,0xdc4245d10f97583867165ff05adb0c5f7b9cb939,65,male,Dr. Vikram Seth,0x15d34AAf54267DB7D7c367839AAf71A00a2C6A65,Apollo Multispecialty Hospital,Blood Tests,Thrombocytopenia Platelet Monitoring,Whole Blood (EDTA),"Platelets: 42,000 /uL (Severe Low)","Platelets: 150,000 - 450,000 /uL",CRITICAL_ALERT,Low,350,Diagnostic Laboratory Reports,Consent Verified (Active on Blockchain),AES-256-GCM,vault-transit-key-0xdc4245d1,Qm2e8cfa95ec68af9e20a67c92ec9ee1b1b31a6915c3ae,Pinata Dedicated IPFS Gateway,0.0.4891024,5049,2026-09-13 11:48:31 UTC,0x979b27e30ffe526c06d0a5fb532e1787b45c410e5bd2025018997c38421a7fa3,0.0001
LAB-REP-00050,ACC-LAB-001-000050,Apex Diagnostic Reference Labs,0x04Fee3FD1B338d12FFD6dBD8d66dE1e8e0BB99cB,NABL-MC-2091,"Dr. Sunita Narang, MD Path",Tanvi Iyer,849250,0x620b7add4566191b44ba304209d9edf5b803c9c7,66,female,Dr. Rajesh Sharma,0x3c44CdDdB6a900fa2b585dd299e03d12FA4293BC,Apex Diagnostic & Pathology Hub,Kidney Function Tests,Renal Function Profile (KFT),Serum,"BUN: 14 mg/dL, Creatinine: 0.9 mg/dL, eGFR: 92 mL/min","BUN: 7-20 mg/dL, Creatinine: 0.6-1.2 mg/dL, eGFR: >60 mL/min",NORMAL,Low,850,Diagnostic Laboratory Reports,Consent Verified (Active on Blockchain),AES-256-GCM,vault-transit-key-0x620b7add,Qmead160af63d805037e170bdc790a640f380359818730,Pinata Dedicated IPFS Gateway,0.0.4891024,5050,2026-09-13 11:48:33 UTC,0xfb49514f25ab445535a63a8421339c8aeff8ee0bbbb315ec9bd217d996c99162,0.0001
LAB-REP-00051,ACC-LAB-004-000051,Apollo Diagnostics Advanced Enclave,0x23618e81E3f5cdF7f54C3d65f7FBc0aBf5B21E8f,NABL-MC-5102,"Dr. Shanti Swaminathan, MD",Sneha Rao,849251,0x90cc46b48ab962b9359e9871e0c9ad29ce957639,67,male,Dr. Rajesh Sharma,0x3c44CdDdB6a900fa2b585dd299e03d12FA4293BC,Care & Cure Pediatric & Maternity Hospital,Pathology / Biopsy,Core Needle Biopsy Histopathology & Immunohistochemistry,Tissue Biopsy in 10% Formalin,"Infiltrating Ductal Carcinoma Grade 2, ER 85%+, PR 60%+, HER2/neu Negative",Benign / No malignancy,MALIGNANT_POSITIVE,High - Genomic/Oncology,4500,Diagnostic Laboratory Reports,Consent Verified (Active on Blockchain),AES-256-GCM,vault-transit-key-0x90cc46b4,Qmee60e9650bff238be423a158f4d86a95b1ae71bd96fd,Pinata Dedicated IPFS Gateway,0.0.4891024,5051,2026-09-13 11:48:35 UTC,0x29ff1f431d093c59a8ad353b7384b9291126f8b656dd0eebe9a9577e053b4927,0.0001
LAB-REP-00052,ACC-LAB-005-000052,SRL Diagnostics Regional Core Lab,0xa0Ee7A142d267C1f36714E4a8F75612F20a79720,NABL-MC-4491,"Dr. Ramesh Sarin, DNB Path",Tanvi Nair,849252,0x6ab33094c1ef1de997be469abfdf5d3c4acb0157,68,female,Dr. Preeti Deshmukh,0x23618e81E3f5cdF7f54C3d65f7FBc0aBf5B21E8f,Fortis Memorial Neuro & Trauma Center,Pathology / Biopsy,Core Needle Biopsy Histopathology & Immunohistochemistry,Tissue Biopsy in 10% Formalin,"Infiltrating Ductal Carcinoma Grade 2, ER 85%+, PR 60%+, HER2/neu Negative",Benign / No malignancy,MALIGNANT_POSITIVE,High - Genomic/Oncology,4500,Diagnostic Laboratory Reports,Consent Verified (Active on Blockchain),AES-256-GCM,vault-transit-key-0x6ab33094,Qm559b82751a461b41655605164b3778d5b71b2af5284c,Pinata Dedicated IPFS Gateway,0.0.4891024,5052,2026-09-13 11:48:37 UTC,0x990b893f661ffe96970cc70faea9d743c5471f00d39400bf67a5fdbbe7b54d12,0.0001
LAB-REP-00053,ACC-LAB-004-000053,Apollo Diagnostics Advanced Enclave,0x23618e81E3f5cdF7f54C3d65f7FBc0aBf5B21E8f,NABL-MC-5102,"Dr. Shanti Swaminathan, MD",Ananya Kapoor,849253,0x8727456e8589d358e140f03e48695250de90e7b8,69,male,Dr. Sarah Jenkins,0x04Fee3FD1B338d12FFD6dBD8d66dE1e8e0BB99cB,Fortis Memorial Neuro & Trauma Center,Pathology / Biopsy,Core Needle Biopsy Histopathology & Immunohistochemistry,Tissue Biopsy in 10% Formalin,"Infiltrating Ductal Carcinoma Grade 2, ER 85%+, PR 60%+, HER2/neu Negative",Benign / No malignancy,MALIGNANT_POSITIVE,High - Genomic/Oncology,4500,Diagnostic Laboratory Reports,Consent Verified (Active on Blockchain),AES-256-GCM,vault-transit-key-0x8727456e,Qm4f54af6eeeb7c17f4335453b7e1b88726c68a9254ca0,Pinata Dedicated IPFS Gateway,0.0.4891024,5053,2026-09-13 11:48:39 UTC,0x7e128803234050e5f714fb73859c3c1c460f53b739c118d8761f30a43d681f01,0.0001
LAB-REP-00054,ACC-LAB-005-000054,SRL Diagnostics Regional Core Lab,0xa0Ee7A142d267C1f36714E4a8F75612F20a79720,NABL-MC-4491,"Dr. Ramesh Sarin, DNB Path",Aditi Kulkarni,849254,0x4e2022f4c8830ba5c0364d29a57f0df8b81a12ac,70,female,Dr. Vikram Seth,0x15d34AAf54267DB7D7c367839AAf71A00a2C6A65,Apollo Multispecialty Hospital,Lipid Profile,Comprehensive Lipid Panel,Serum (Fasting 12h),"Total Chol: 235 mg/dL (High), LDL: 155 mg/dL, TG: 180 mg/dL","Chol: <200 mg/dL, HDL: >40 mg/dL, LDL: <100 mg/dL, TG: <150 mg/dL",HIGH,Low,850,Diagnostic Laboratory Reports,Consent Verified (Active on Blockchain),AES-256-GCM,vault-transit-key-0x4e2022f4,Qmc15ec90c8fd5ab6a9e9e376681b16ad74ad52dc8910f,Pinata Dedicated IPFS Gateway,0.0.4891024,5054,2026-09-13 11:48:41 UTC,0xa77ab4358861efa0c5519344f9c264f35cba19c88d4dd6fdd95de8905c74039b,0.0001
LAB-REP-00055,ACC-LAB-005-000055,SRL Diagnostics Regional Core Lab,0xa0Ee7A142d267C1f36714E4a8F75612F20a79720,NABL-MC-4491,"Dr. Ramesh Sarin, DNB Path",Pranav Kulkarni,849255,0x845bb5328aa83ec18914c5c6848065d84b25038d,71,male,Dr. Sunita Narang,0xBcd4042DE499D14e55001CcbB24a551F3b954096,Apollo Multispecialty Hospital,Blood Tests,Complete Blood Count (CBC),Whole Blood (EDTA),"Hb: 13.5 g/dL, WBC: 7200 /uL, Platelets: 2.4 Lakhs/uL","Hb: 12-16 g/dL, WBC: 4000-11000 /uL, Platelets: 1.5-4.5 Lakhs/uL",NORMAL,Low,450,Diagnostic Laboratory Reports,Consent Verified (Active on Blockchain),AES-256-GCM,vault-transit-key-0x845bb532,Qmcd7b5e702ca12b5f77edcf4b0a5a2ae9f90f4d7fbb60,Pinata Dedicated IPFS Gateway,0.0.4891024,5055,2026-09-13 11:48:44 UTC,0x5ca40ef74804ddc6d72b0d9595561a780fbf72c55b3b7b324a430447de0a8f6f,0.0001
LAB-REP-00056,ACC-LAB-001-000056,Apex Diagnostic Reference Labs,0x04Fee3FD1B338d12FFD6dBD8d66dE1e8e0BB99cB,NABL-MC-2091,"Dr. Sunita Narang, MD Path",Meera Patel,849256,0x524005280e3ed8699cf77716fcbc9a3615fc5aa2,72,female,Dr. Rajesh Sharma,0x3c44CdDdB6a900fa2b585dd299e03d12FA4293BC,Max Super Speciality Cancer Institute,Blood Tests,Thrombocytopenia Platelet Monitoring,Whole Blood (EDTA),"Platelets: 42,000 /uL (Severe Low)","Platelets: 150,000 - 450,000 /uL",CRITICAL_ALERT,Low,350,Diagnostic Laboratory Reports,Emergency Diagnostic Upload (Pending Verification),AES-256-GCM,vault-transit-key-0x52400528,Qm43d7c74ddc1d4929a6d57971ff0ebf2d80a19662a119,Pinata Dedicated IPFS Gateway,0.0.4891024,5056,2026-09-13 11:48:46 UTC,0x54f06bf181b862820117d7ae1e143d40cad28941856ffd0b6156f51bfa66dcdb,0.0001
LAB-REP-00057,ACC-LAB-003-000057,Metropolis Healthcare Molecular Laboratory,0x14dC79964da2C08b23698B3D3cc7Ca32193d9955,NABL-MC-3819,"Dr. Nilesh Shah, MD",Deepak Bhatia,849257,0x8873226cfa1d4e212bc3a4a6d9f4c2f11ce0459e,73,male,Dr. Rohan Patel,0x976EA74026E726554dB657fA54763abd0C3a0aa9,Apollo Multispecialty Hospital,Imaging / Radiology,High-Resolution Non-Contrast Brain CT Scan,Radiological DICOM Imaging,"Small left temporal hemorrhagic contusion, no mass effect",No acute intracranial hemorrhage or midline shift,ABNORMAL_FINDING,Medium,3200,Diagnostic Laboratory Reports,Consent Verified (Active on Blockchain),AES-256-GCM,vault-transit-key-0x8873226c,Qm7c9eb696683e0d1067d24f82a057b034ad9dab5c51cf,Pinata Dedicated IPFS Gateway,0.0.4891024,5057,2026-09-13 11:48:48 UTC,0x969c5eb98bec1ca4d0efc631682cdaff074d0fdc411d793e82ad7358a8ca6af0,0.0001
LAB-REP-00058,ACC-LAB-004-000058,Apollo Diagnostics Advanced Enclave,0x23618e81E3f5cdF7f54C3d65f7FBc0aBf5B21E8f,NABL-MC-5102,"Dr. Shanti Swaminathan, MD",Varun Pandey,849258,0x8a54a992c6535fe1bc2d214f8ef3b1a89b0f17fc,74,female,Dr. Rohan Patel,0x976EA74026E726554dB657fA54763abd0C3a0aa9,Care & Cure Pediatric & Maternity Hospital,Endocrinology Tests,HbA1c Glycated Hemoglobin,Whole Blood (EDTA),HbA1c: 7.6% (Diabetic Range),"<5.7% Normal, 5.7-6.4% Prediabetes, >=6.5% Diabetes",HIGH,Low,650,Diagnostic Laboratory Reports,Consent Verified (Active on Blockchain),AES-256-GCM,vault-transit-key-0x8a54a992,Qm16120f50cee1161af2649cf31096bdee238f5634534f,Pinata Dedicated IPFS Gateway,0.0.4891024,5058,2026-09-13 11:48:50 UTC,0xfc401c0bd97c21f5e78ca10d405e9433df9f391dac46cc61c7c5107f2ec708cc,0.0001
LAB-REP-00059,ACC-LAB-005-000059,SRL Diagnostics Regional Core Lab,0xa0Ee7A142d267C1f36714E4a8F75612F20a79720,NABL-MC-4491,"Dr. Ramesh Sarin, DNB Path",Gautam Gowda,849259,0x9427027290381676adc2efea75df1a9131ea2d84,75,male,Dr. Sarah Jenkins,0x04Fee3FD1B338d12FFD6dBD8d66dE1e8e0BB99cB,Apex Diagnostic & Pathology Hub,Kidney Function Tests,Renal Function Profile (KFT),Serum,"BUN: 14 mg/dL, Creatinine: 0.9 mg/dL, eGFR: 92 mL/min","BUN: 7-20 mg/dL, Creatinine: 0.6-1.2 mg/dL, eGFR: >60 mL/min",NORMAL,Low,850,Diagnostic Laboratory Reports,Consent Verified (Active on Blockchain),AES-256-GCM,vault-transit-key-0x94270272,Qmbc45b78c2cb6780f2a3d07125be896335061155aefd3,Pinata Dedicated IPFS Gateway,0.0.4891024,5059,2026-09-13 11:48:53 UTC,0x3dc5da0b5e89018acef91f3fbb0c4dbd06163b24a0a76eb64795742a6dd1d57b,0.0001
LAB-REP-00060,ACC-LAB-002-000060,Dr. Lal PathLabs Central Reference Hub,0x976EA74026E726554dB657fA54763abd0C3a0aa9,NABL-MC-1044,"Dr. Arvind Lal, FRCPath",Rohan Choudhury,849260,0x9d54d112a43c9039aecc419a4a92d64c98628861,76,female,Dr. Sunita Narang,0xBcd4042DE499D14e55001CcbB24a551F3b954096,Apollo Multispecialty Hospital,Blood Tests,Complete Blood Count (CBC),Whole Blood (EDTA),"Hb: 13.5 g/dL, WBC: 7200 /uL, Platelets: 2.4 Lakhs/uL","Hb: 12-16 g/dL, WBC: 4000-11000 /uL, Platelets: 1.5-4.5 Lakhs/uL",NORMAL,Low,450,Diagnostic Laboratory Reports,Consent Verified (Active on Blockchain),AES-256-GCM,vault-transit-key-0x9d54d112,Qm919ad99d6ebcb4d96e11d6f20679bb188e865933b870,Pinata Dedicated IPFS Gateway,0.0.4891024,5060,2026-09-13 11:48:55 UTC,0x64611476a6d8723f5715889a16711b5349a3ae3bbbfa65ccf6a1a05323f44daa,0.0001
LAB-REP-00061,ACC-LAB-005-000061,SRL Diagnostics Regional Core Lab,0xa0Ee7A142d267C1f36714E4a8F75612F20a79720,NABL-MC-4491,"Dr. Ramesh Sarin, DNB Path",Anand Banerjee,849261,0x95c13f5a70a3816bacdfb02f109afe7f38ec3618,77,male,Dr. Ananya Roy,0x9965507D1a55bcC2695C58ba16FB37d819B0A4dc,Max Super Speciality Cancer Institute,Kidney Function Tests,Renal Function Profile (KFT),Serum,"BUN: 14 mg/dL, Creatinine: 0.9 mg/dL, eGFR: 92 mL/min","BUN: 7-20 mg/dL, Creatinine: 0.6-1.2 mg/dL, eGFR: >60 mL/min",NORMAL,Low,850,Diagnostic Laboratory Reports,Consent Verified (Active on Blockchain),AES-256-GCM,vault-transit-key-0x95c13f5a,Qmb94132dec41ea546d02f0aee2ed1163554933931c2c4,Pinata Dedicated IPFS Gateway,0.0.4891024,5061,2026-09-13 11:48:57 UTC,0x619229b34d8093361c421b709170c41a28225006094d70832c9ca122a123770b,0.0001
LAB-REP-00062,ACC-LAB-004-000062,Apollo Diagnostics Advanced Enclave,0x23618e81E3f5cdF7f54C3d65f7FBc0aBf5B21E8f,NABL-MC-5102,"Dr. Shanti Swaminathan, MD",Sneha Choudhury,849262,0x406a1ccac12d7a405fd8625e09ae27d257e2907a,78,female,Dr. Preeti Deshmukh,0x23618e81E3f5cdF7f54C3d65f7FBc0aBf5B21E8f,Fortis Memorial Neuro & Trauma Center,Imaging / Radiology,Whole Body PET-CT Oncology Scan,18F-FDG Radiotracer DICOM,"Hypermetabolic primary lesion, SUVmax 9.2, no distant metastases","Physiological FDG biodistribution, no hypermetabolic malignancy",ABNORMAL_FINDING,High - Genomic/Oncology,18500,Diagnostic Laboratory Reports,Consent Verified (Active on Blockchain),AES-256-GCM,vault-transit-key-0x406a1cca,Qmfeaf70e6fc3307a505e565b89905d00c5c4c9bf0c9c3,Pinata Dedicated IPFS Gateway,0.0.4891024,5062,2026-09-13 11:49:00 UTC,0x825bdc05da318f94c24c9e3d1419ec2558f8824cffe08f42852fcfe1171ace00,0.0001
LAB-REP-00063,ACC-LAB-002-000063,Dr. Lal PathLabs Central Reference Hub,0x976EA74026E726554dB657fA54763abd0C3a0aa9,NABL-MC-1044,"Dr. Arvind Lal, FRCPath",Varun Menon,849263,0xb5fbbaddad8513979ff17a4861021b8af35286c6,79,male,Dr. Rajesh Sharma,0x3c44CdDdB6a900fa2b585dd299e03d12FA4293BC,Fortis Memorial Neuro & Trauma Center,Pathology / Biopsy,Core Needle Biopsy Histopathology & Immunohistochemistry,Tissue Biopsy in 10% Formalin,"Infiltrating Ductal Carcinoma Grade 2, ER 85%+, PR 60%+, HER2/neu Negative",Benign / No malignancy,MALIGNANT_POSITIVE,High - Genomic/Oncology,4500,Diagnostic Laboratory Reports,Consent Verified (Active on Blockchain),AES-256-GCM,vault-transit-key-0xb5fbbadd,Qm9bfc0fa89330960fa43f4a6164145aaff5bfd0afd3ae,Pinata Dedicated IPFS Gateway,0.0.4891024,5063,2026-09-13 11:49:02 UTC,0x2a773b49692e0ca2c28bc52143af9c844d69297161ed0e2de00d7e16031d6d4a,0.0001
LAB-REP-00064,ACC-LAB-004-000064,Apollo Diagnostics Advanced Enclave,0x23618e81E3f5cdF7f54C3d65f7FBc0aBf5B21E8f,NABL-MC-5102,"Dr. Shanti Swaminathan, MD",Manish Pillai,849264,0x90ac66017a1061cc0e7e3f11038e70c97b026ca6,80,female,Dr. Sunita Narang,0xBcd4042DE499D14e55001CcbB24a551F3b954096,Max Super Speciality Cancer Institute,Metabolic Panel,Comprehensive Metabolic Panel (CMP),Serum,"Na: 138 mmol/L, K: 4.1 mmol/L, Creat: 1.05 mg/dL (Borderline clinical correlation advised)","Na: 135-145, K: 3.5-5.0, Creatinine: 0.7-1.3 mg/dL",BORDERLINE,Medium,1200,Diagnostic Laboratory Reports,Consent Verified (Active on Blockchain),AES-256-GCM,vault-transit-key-0x90ac6601,Qm3a076be67aab72a6d89e32a9d03443055c09f7f1e7d2,Pinata Dedicated IPFS Gateway,0.0.4891024,5064,2026-09-13 11:49:04 UTC,0x88835a5fd43ad846b9bdf2d96932af4ab3da0641bb817aa5232fcceb3cee6f65,0.0001
LAB-REP-00065,ACC-LAB-003-000065,Metropolis Healthcare Molecular Laboratory,0x14dC79964da2C08b23698B3D3cc7Ca32193d9955,NABL-MC-3819,"Dr. Nilesh Shah, MD",Deepak Verma,849265,0x1ebd2d8e7adb5d979c3679d8d6851954c0951a3f,81,male,Dr. Rajesh Sharma,0x3c44CdDdB6a900fa2b585dd299e03d12FA4293BC,Apex Diagnostic & Pathology Hub,Liver Function Tests,Liver Function Profile (LFT),Serum,"ALT: 88 U/L (High), AST: 74 U/L (High), Total Bili: 1.8 mg/dL","ALT: 7-56 U/L, AST: 10-40 U/L, Bilirubin: 0.1-1.2 mg/dL",HIGH,Low,950,Diagnostic Laboratory Reports,Consent Verified (Active on Blockchain),AES-256-GCM,vault-transit-key-0x1ebd2d8e,Qm09f3a63b251d0165a03391418e339afb0cede117a8a2,Pinata Dedicated IPFS Gateway,0.0.4891024,5065,2026-09-13 11:49:07 UTC,0x16fa52126842a58adc87fbd076ed9d7dbee7f7a5131e35ad6d50f9ffed0f79e5,0.0001
LAB-REP-00066,ACC-LAB-004-000066,Apollo Diagnostics Advanced Enclave,0x23618e81E3f5cdF7f54C3d65f7FBc0aBf5B21E8f,NABL-MC-5102,"Dr. Shanti Swaminathan, MD",Ishaan Choudhury,849266,0x57c0be2c15a6b07734c5e606b3293b684e47b161,82,female,Dr. Rohan Patel,0x976EA74026E726554dB657fA54763abd0C3a0aa9,Apex Diagnostic & Pathology Hub,Imaging / Radiology,Whole Body PET-CT Oncology Scan,18F-FDG Radiotracer DICOM,"Hypermetabolic primary lesion, SUVmax 9.2, no distant metastases","Physiological FDG biodistribution, no hypermetabolic malignancy",ABNORMAL_FINDING,High - Genomic/Oncology,18500,Diagnostic Laboratory Reports,Emergency Diagnostic Upload (Pending Verification),AES-256-GCM,vault-transit-key-0x57c0be2c,Qmb0a14f5b8846b39a30a964b07ea1f57af3af3c7bac3b,Pinata Dedicated IPFS Gateway,0.0.4891024,5066,2026-09-13 11:49:08 UTC,0xf24be466d3d745868eab0c918171a72602fc4dcc7735a809ffd6f4c716d429ab,0.0001
LAB-REP-00067,ACC-LAB-005-000067,SRL Diagnostics Regional Core Lab,0xa0Ee7A142d267C1f36714E4a8F75612F20a79720,NABL-MC-4491,"Dr. Ramesh Sarin, DNB Path",Divya Chatterjee,849267,0x2f8abe25c22c1fd05aee11651eca932349448012,83,male,Dr. Ananya Roy,0x9965507D1a55bcC2695C58ba16FB37d819B0A4dc,Max Super Speciality Cancer Institute,Imaging / Radiology,Whole Body PET-CT Oncology Scan,18F-FDG Radiotracer DICOM,"Hypermetabolic primary lesion, SUVmax 9.2, no distant metastases","Physiological FDG biodistribution, no hypermetabolic malignancy",ABNORMAL_FINDING,High - Genomic/Oncology,18500,Diagnostic Laboratory Reports,Consent Verified (Active on Blockchain),AES-256-GCM,vault-transit-key-0x2f8abe25,Qm9466368aa71e4eee22a0fe8a7d5cbad75470aee72277,Pinata Dedicated IPFS Gateway,0.0.4891024,5067,2026-09-13 11:49:11 UTC,0x245e4af338f0d9504b976275f89335f96bcd8788a87609eff2cb01bf1583884c,0.0001
LAB-REP-00068,ACC-LAB-003-000068,Metropolis Healthcare Molecular Laboratory,0x14dC79964da2C08b23698B3D3cc7Ca32193d9955,NABL-MC-3819,"Dr. Nilesh Shah, MD",Madhav Agarwal,849268,0x499479dfb54b3cfd9831b9d0053bb888edae0b2e,84,female,Dr. Rohan Patel,0x976EA74026E726554dB657fA54763abd0C3a0aa9,Apex Diagnostic & Pathology Hub,Blood Tests,Thrombocytopenia Platelet Monitoring,Whole Blood (EDTA),"Platelets: 42,000 /uL (Severe Low)","Platelets: 150,000 - 450,000 /uL",CRITICAL_ALERT,Low,350,Diagnostic Laboratory Reports,Consent Verified (Active on Blockchain),AES-256-GCM,vault-transit-key-0x499479df,Qm4d916c6651182b1fd3776f1505b6ffda4adb4e879c0c,Pinata Dedicated IPFS Gateway,0.0.4891024,5068,2026-09-13 11:49:13 UTC,0x18eea61fe81d4401bad74335dabd5ac47a0e5a58f459fd2407c6c430f417fef1,0.0001
LAB-REP-00069,ACC-LAB-005-000069,SRL Diagnostics Regional Core Lab,0xa0Ee7A142d267C1f36714E4a8F75612F20a79720,NABL-MC-4491,"Dr. Ramesh Sarin, DNB Path",Nikhil Reddy,849269,0x269b1238585beb010673255bdbd55321a3e2eeaa,85,male,Dr. Sarah Jenkins,0x04Fee3FD1B338d12FFD6dBD8d66dE1e8e0BB99cB,Apollo Multispecialty Hospital,Lipid Profile,Comprehensive Lipid Panel,Serum (Fasting 12h),"Total Chol: 235 mg/dL (High), LDL: 155 mg/dL, TG: 180 mg/dL","Chol: <200 mg/dL, HDL: >40 mg/dL, LDL: <100 mg/dL, TG: <150 mg/dL",HIGH,Low,850,Diagnostic Laboratory Reports,Emergency Diagnostic Upload (Pending Verification),AES-256-GCM,vault-transit-key-0x269b1238,Qmeb83a63c1fd616e68d89e54196b1fcde8b809d5e0f87,Pinata Dedicated IPFS Gateway,0.0.4891024,5069,2026-09-13 11:49:15 UTC,0x5b50c3242f398e8b9ca2a8129c205a76bd9a54eb17086fe7ee08b07ede591c7a,0.0001
LAB-REP-00070,ACC-LAB-002-000070,Dr. Lal PathLabs Central Reference Hub,0x976EA74026E726554dB657fA54763abd0C3a0aa9,NABL-MC-1044,"Dr. Arvind Lal, FRCPath",Tanvi Sharma,849270,0x22f9f7184e41e96da4627b4f5bae2e0ba4967d3c,86,female,Dr. Preeti Deshmukh,0x23618e81E3f5cdF7f54C3d65f7FBc0aBf5B21E8f,Apollo Multispecialty Hospital,Blood Tests,Complete Blood Count (CBC),Whole Blood (EDTA),"Hb: 13.5 g/dL, WBC: 7200 /uL, Platelets: 2.4 Lakhs/uL (Borderline clinical correlation advised)","Hb: 12-16 g/dL, WBC: 4000-11000 /uL, Platelets: 1.5-4.5 Lakhs/uL",BORDERLINE,Low,450,Diagnostic Laboratory Reports,Emergency Diagnostic Upload (Pending Verification),AES-256-GCM,vault-transit-key-0x22f9f718,Qmfab896712eaf5417c484e604c1786018b0b6c8de367f,Pinata Dedicated IPFS Gateway,0.0.4891024,5070,2026-09-13 11:49:18 UTC,0xa0ac30ff13f420592b325faf459b420c51e1328f0969fd33591b0fb764cd0d57,0.0001
LAB-REP-00071,ACC-LAB-003-000071,Metropolis Healthcare Molecular Laboratory,0x14dC79964da2C08b23698B3D3cc7Ca32193d9955,NABL-MC-3819,"Dr. Nilesh Shah, MD",Meera Pandey,849271,0x45e5b413ae40ce70970a7a8c2e8a6db107e97cc8,87,male,Dr. Rajesh Sharma,0x3c44CdDdB6a900fa2b585dd299e03d12FA4293BC,Apex Diagnostic & Pathology Hub,Endocrinology Tests,HbA1c Glycated Hemoglobin,Whole Blood (EDTA),HbA1c: 7.6% (Diabetic Range),"<5.7% Normal, 5.7-6.4% Prediabetes, >=6.5% Diabetes",HIGH,Low,650,Diagnostic Laboratory Reports,Consent Verified (Active on Blockchain),AES-256-GCM,vault-transit-key-0x45e5b413,Qm2a5f2f7ebe6b7427e2a2e8cda59ac2c4495cff73de69,Pinata Dedicated IPFS Gateway,0.0.4891024,5071,2026-09-13 11:49:19 UTC,0xfe6de755fe0d8677c6ff271c58191dbcf1a193c5868e56342f1e498f30b16f76,0.0001
LAB-REP-00072,ACC-LAB-001-000072,Apex Diagnostic Reference Labs,0x04Fee3FD1B338d12FFD6dBD8d66dE1e8e0BB99cB,NABL-MC-2091,"Dr. Sunita Narang, MD Path",Aarav Mehta,849272,0xcaa44f31650a68194ae5d9879a294a1e93f4763e,88,female,Dr. Vikram Seth,0x15d34AAf54267DB7D7c367839AAf71A00a2C6A65,Max Super Speciality Cancer Institute,Liver Function Tests,Liver Function Profile (LFT),Serum,"ALT: 88 U/L (High), AST: 74 U/L (High), Total Bili: 1.8 mg/dL","ALT: 7-56 U/L, AST: 10-40 U/L, Bilirubin: 0.1-1.2 mg/dL",HIGH,Low,950,Diagnostic Laboratory Reports,Consent Verified (Active on Blockchain),AES-256-GCM,vault-transit-key-0xcaa44f31,Qmb8e65c3397c7dd33e573dda55a3abb7807e4f72df8e6,Pinata Dedicated IPFS Gateway,0.0.4891024,5072,2026-09-13 11:49:22 UTC,0x28e3d93682d1df6c55b2c21c0101ecc46b6ff2c7f043f785eac8ab31490ab96f,0.0001
LAB-REP-00073,ACC-LAB-001-000073,Apex Diagnostic Reference Labs,0x04Fee3FD1B338d12FFD6dBD8d66dE1e8e0BB99cB,NABL-MC-2091,"Dr. Sunita Narang, MD Path",Priyanka Pandey,849273,0x86c0d25f65a19ebcb5d5bdfc2ae157fe526c69a2,89,male,Dr. Vikram Seth,0x15d34AAf54267DB7D7c367839AAf71A00a2C6A65,Apex Diagnostic & Pathology Hub,Imaging / Radiology,High-Resolution Non-Contrast Brain CT Scan,Radiological DICOM Imaging,"Small left temporal hemorrhagic contusion, no mass effect",No acute intracranial hemorrhage or midline shift,ABNORMAL_FINDING,Medium,3200,Diagnostic Laboratory Reports,Consent Verified (Active on Blockchain),AES-256-GCM,vault-transit-key-0x86c0d25f,Qm5cf7087e21a08cac4888eae56fdd9a848dea5af29c6e,Pinata Dedicated IPFS Gateway,0.0.4891024,5073,2026-09-13 11:49:24 UTC,0x24df2d9dcefd59df4f82b22f4aefd84c9b29618991875755ea5f43da35c61fdb,0.0001
LAB-REP-00074,ACC-LAB-005-000074,SRL Diagnostics Regional Core Lab,0xa0Ee7A142d267C1f36714E4a8F75612F20a79720,NABL-MC-4491,"Dr. Ramesh Sarin, DNB Path",Nandini Nair,849274,0xa44e2cf2668955393d1b78febe07c6cc84f44663,90,female,Dr. Sunita Narang,0xBcd4042DE499D14e55001CcbB24a551F3b954096,Apex Diagnostic & Pathology Hub,Blood Tests,Complete Blood Count (CBC),Whole Blood (EDTA),"Hb: 13.5 g/dL, WBC: 7200 /uL, Platelets: 2.4 Lakhs/uL (Borderline clinical correlation advised)","Hb: 12-16 g/dL, WBC: 4000-11000 /uL, Platelets: 1.5-4.5 Lakhs/uL",BORDERLINE,Low,450,Diagnostic Laboratory Reports,Consent Verified (Active on Blockchain),AES-256-GCM,vault-transit-key-0xa44e2cf2,Qm5623e5afde35aa0a7f718f8cb9b245e3b0423118701e,Pinata Dedicated IPFS Gateway,0.0.4891024,5074,2026-09-13 11:49:27 UTC,0x89073665676777f0dd6bdd52e203a80c689abc037f9c9326cc9aab6901f6215b,0.0001
LAB-REP-00075,ACC-LAB-004-000075,Apollo Diagnostics Advanced Enclave,0x23618e81E3f5cdF7f54C3d65f7FBc0aBf5B21E8f,NABL-MC-5102,"Dr. Shanti Swaminathan, MD",Varun Nair,849275,0xe30cb93a20952b2b9db90643b6e4e2536ec9ca61,16,male,Dr. Sunita Narang,0xBcd4042DE499D14e55001CcbB24a551F3b954096,Care & Cure Pediatric & Maternity Hospital,Lipid Profile,Comprehensive Lipid Panel,Serum (Fasting 12h),"Total Chol: 235 mg/dL (High), LDL: 155 mg/dL, TG: 180 mg/dL","Chol: <200 mg/dL, HDL: >40 mg/dL, LDL: <100 mg/dL, TG: <150 mg/dL",HIGH,Low,850,Diagnostic Laboratory Reports,Emergency Diagnostic Upload (Pending Verification),AES-256-GCM,vault-transit-key-0xe30cb93a,Qm4abf6612f23c85285f07091e5941ea7e7d8dfc8e9d6f,Pinata Dedicated IPFS Gateway,0.0.4891024,5075,2026-09-13 11:49:29 UTC,0x5eaec7c856df6b6b936410911f19bf55333ccae1be65f09df832daa243c5b1c7,0.0001
LAB-REP-00076,ACC-LAB-002-000076,Dr. Lal PathLabs Central Reference Hub,0x976EA74026E726554dB657fA54763abd0C3a0aa9,NABL-MC-1044,"Dr. Arvind Lal, FRCPath",Harish Swaminathan,849276,0xc1f3a1d1584e5da812a793b1c112ff30c9614327,17,female,Dr. Sunita Narang,0xBcd4042DE499D14e55001CcbB24a551F3b954096,Apex Diagnostic & Pathology Hub,Microbiology Tests,Dengue Duo NS1 Ag + IgM/IgG Antibody ELISA,Serum,"Dengue NS1 Antigen: POSITIVE, IgM: Reactive",Non-Reactive / Negative,POSITIVE_ABNORMAL,Medium,1400,Diagnostic Laboratory Reports,Emergency Diagnostic Upload (Pending Verification),AES-256-GCM,vault-transit-key-0xc1f3a1d1,Qm9ea3a81c0fac2b225d0b04ca2462f68781814e0cf790,Pinata Dedicated IPFS Gateway,0.0.4891024,5076,2026-09-13 11:49:31 UTC,0x8dbd1ef1c99f40c8e5206d54b3c06f5bc5f0a62c2105df4360625daee0b2bd05,0.0001
LAB-REP-00077,ACC-LAB-004-000077,Apollo Diagnostics Advanced Enclave,0x23618e81E3f5cdF7f54C3d65f7FBc0aBf5B21E8f,NABL-MC-5102,"Dr. Shanti Swaminathan, MD",Pooja Iyer,849277,0xe49c9279889b19aa2ecadaea677ae260b4e115bf,18,male,Dr. Ananya Roy,0x9965507D1a55bcC2695C58ba16FB37d819B0A4dc,Apollo Multispecialty Hospital,Cardiology Tests,High-Sensitivity Cardiac Troponin-I (hs-cTnI),Serum / Plasma,hs-cTnI: 1850 ng/L (Markedly Elevated Acute Myocardial Infarction),< 14 ng/L (99th Percentile Upper Reference Limit),CRITICAL_ALERT,Medium,1800,Diagnostic Laboratory Reports,Consent Verified (Active on Blockchain),AES-256-GCM,vault-transit-key-0xe49c9279,Qm3ac598ae5862249c1a3f91eacae6dfa87fe7f4e4082b,Pinata Dedicated IPFS Gateway,0.0.4891024,5077,2026-09-13 11:49:33 UTC,0x33b57b523857979e7b4fb7a4173dd83d5c4cecf2e765426d4f5142ad06027add,0.0001
LAB-REP-00078,ACC-LAB-004-000078,Apollo Diagnostics Advanced Enclave,0x23618e81E3f5cdF7f54C3d65f7FBc0aBf5B21E8f,NABL-MC-5102,"Dr. Shanti Swaminathan, MD",Geeta Malhotra,849278,0x6a8643a06c38cb3bb95bdad86799986736ecaa31,19,female,Dr. Rajesh Sharma,0x3c44CdDdB6a900fa2b585dd299e03d12FA4293BC,Care & Cure Pediatric & Maternity Hospital,Endocrinology Tests,"Thyroid Function Panel (TSH, Free T3, Free T4)",Serum,"TSH: 6.8 uIU/mL (Hypothyroid), FT4: 0.72 ng/dL (Low)","TSH: 0.45-4.5 uIU/mL, FT3: 2.0-4.4 pg/mL, FT4: 0.8-1.8 ng/dL",LOW,Low,750,Diagnostic Laboratory Reports,Consent Verified (Active on Blockchain),AES-256-GCM,vault-transit-key-0x6a8643a0,Qm2d9d4727a1d5628b350da3a4ef7becd531aac8e111ff,Pinata Dedicated IPFS Gateway,0.0.4891024,5078,2026-09-13 11:49:36 UTC,0xad6113bf4014fe887717c4c6617fc41b7cae4190f4a924dc7ff1695d88504bfc,0.0001
LAB-REP-00079,ACC-LAB-001-000079,Apex Diagnostic Reference Labs,0x04Fee3FD1B338d12FFD6dBD8d66dE1e8e0BB99cB,NABL-MC-2091,"Dr. Sunita Narang, MD Path",Harish Choudhury,849279,0xdb94f074cbd7beefaa5c4718e13e50763f661b84,20,male,Dr. Sarah Jenkins,0x04Fee3FD1B338d12FFD6dBD8d66dE1e8e0BB99cB,Apollo Multispecialty Hospital,Lipid Profile,Comprehensive Lipid Panel,Serum (Fasting 12h),"Total Chol: 235 mg/dL (High), LDL: 155 mg/dL, TG: 180 mg/dL","Chol: <200 mg/dL, HDL: >40 mg/dL, LDL: <100 mg/dL, TG: <150 mg/dL",HIGH,Low,850,Diagnostic Laboratory Reports,Consent Verified (Active on Blockchain),AES-256-GCM,vault-transit-key-0xdb94f074,Qm0641f983fcf5b66c66f1a1a476a7801d2a38ba3bb368,Pinata Dedicated IPFS Gateway,0.0.4891024,5079,2026-09-13 11:49:38 UTC,0x1240ffb50ee3555dddc31d498b1d6c4984836075ecbc6a98699cf187c8198cd2,0.0001
LAB-REP-00080,ACC-LAB-002-000080,Dr. Lal PathLabs Central Reference Hub,0x976EA74026E726554dB657fA54763abd0C3a0aa9,NABL-MC-1044,"Dr. Arvind Lal, FRCPath",Meera Iyer,849280,0xd75ce54499e58f54b39ffe61bc6fa190cf9d3d8b,21,female,Dr. Preeti Deshmukh,0x23618e81E3f5cdF7f54C3d65f7FBc0aBf5B21E8f,Apex Diagnostic & Pathology Hub,Metabolic Panel,Comprehensive Metabolic Panel (CMP),Serum,"Na: 138 mmol/L, K: 4.1 mmol/L, Creat: 1.05 mg/dL (Borderline clinical correlation advised)","Na: 135-145, K: 3.5-5.0, Creatinine: 0.7-1.3 mg/dL",BORDERLINE,Medium,1200,Diagnostic Laboratory Reports,Consent Verified (Active on Blockchain),AES-256-GCM,vault-transit-key-0xd75ce544,Qm5cba2b689fcc92d91d35d3de6021b297cf8c7466a396,Pinata Dedicated IPFS Gateway,0.0.4891024,5080,2026-09-13 11:49:40 UTC,0x10cbc7748a0a90cbe762d77bce09a1dff9014e8c6237865c70ef3d12155bd9d2,0.0001
LAB-REP-00081,ACC-LAB-002-000081,Dr. Lal PathLabs Central Reference Hub,0x976EA74026E726554dB657fA54763abd0C3a0aa9,NABL-MC-1044,"Dr. Arvind Lal, FRCPath",Pranav Bhatia,849281,0x24eeee2415444821b4f56e88a4f7c16313404243,22,male,Dr. Ananya Roy,0x9965507D1a55bcC2695C58ba16FB37d819B0A4dc,Apex Diagnostic & Pathology Hub,Imaging / Radiology,High-Resolution Non-Contrast Brain CT Scan,Radiological DICOM Imaging,"Small left temporal hemorrhagic contusion, no mass effect",No acute intracranial hemorrhage or midline shift,ABNORMAL_FINDING,Medium,3200,Diagnostic Laboratory Reports,Emergency Diagnostic Upload (Pending Verification),AES-256-GCM,vault-transit-key-0x24eeee24,Qm8d0aef93425ba2dcd4ddfd8b0ba6444c772af8a6e40e,Pinata Dedicated IPFS Gateway,0.0.4891024,5081,2026-09-13 11:49:42 UTC,0x1b3ab16220985858c0646108a3f117c2a266f5f421a5fff7ec727c17b8fb11aa,0.0001
LAB-REP-00082,ACC-LAB-001-000082,Apex Diagnostic Reference Labs,0x04Fee3FD1B338d12FFD6dBD8d66dE1e8e0BB99cB,NABL-MC-2091,"Dr. Sunita Narang, MD Path",Amit Mehta,849282,0x11543fe9a667751cef94063a19409f68a758ba0a,23,female,Dr. Ananya Roy,0x9965507D1a55bcC2695C58ba16FB37d819B0A4dc,Care & Cure Pediatric & Maternity Hospital,Endocrinology Tests,"Thyroid Function Panel (TSH, Free T3, Free T4)",Serum,"TSH: 6.8 uIU/mL (Hypothyroid), FT4: 0.72 ng/dL (Low)","TSH: 0.45-4.5 uIU/mL, FT3: 2.0-4.4 pg/mL, FT4: 0.8-1.8 ng/dL",LOW,Low,750,Diagnostic Laboratory Reports,Consent Verified (Active on Blockchain),AES-256-GCM,vault-transit-key-0x11543fe9,Qm80500a62175b1cccc5e4abb2d7f425de85e11525e032,Pinata Dedicated IPFS Gateway,0.0.4891024,5082,2026-09-13 11:49:45 UTC,0x54250e062977832a04272467e3325ce213fdcc839949014420c6791ad07100d6,0.0001
LAB-REP-00083,ACC-LAB-003-000083,Metropolis Healthcare Molecular Laboratory,0x14dC79964da2C08b23698B3D3cc7Ca32193d9955,NABL-MC-3819,"Dr. Nilesh Shah, MD",Ananya Kapoor,849283,0xe2b1241e037742ac3dd5b27d6fe88277959b7d60,24,male,Dr. Sunita Narang,0xBcd4042DE499D14e55001CcbB24a551F3b954096,Apex Diagnostic & Pathology Hub,Metabolic Panel,Comprehensive Metabolic Panel (CMP),Serum,"Na: 138 mmol/L, K: 4.1 mmol/L, Creat: 1.05 mg/dL (Borderline clinical correlation advised)","Na: 135-145, K: 3.5-5.0, Creatinine: 0.7-1.3 mg/dL",BORDERLINE,Medium,1200,Diagnostic Laboratory Reports,Emergency Diagnostic Upload (Pending Verification),AES-256-GCM,vault-transit-key-0xe2b1241e,Qm28cadad913a3c1b842f83d9bda3cd52e64516a841348,Pinata Dedicated IPFS Gateway,0.0.4891024,5083,2026-09-13 11:49:47 UTC,0x15f8d12e6fded387e934ebb27ee1eb23ac71e0d5e5e5abe3dba1f27705ae7d3e,0.0001
LAB-REP-00084,ACC-LAB-003-000084,Metropolis Healthcare Molecular Laboratory,0x14dC79964da2C08b23698B3D3cc7Ca32193d9955,NABL-MC-3819,"Dr. Nilesh Shah, MD",Chetan Reddy,849284,0xf828393389fc1e15e9adbf36481da4d2a0af3aa1,25,female,Dr. Rajesh Sharma,0x3c44CdDdB6a900fa2b585dd299e03d12FA4293BC,Apollo Multispecialty Hospital,Microbiology Tests,Dengue Duo NS1 Ag + IgM/IgG Antibody ELISA,Serum,"Dengue NS1 Antigen: POSITIVE, IgM: Reactive",Non-Reactive / Negative,POSITIVE_ABNORMAL,Medium,1400,Diagnostic Laboratory Reports,Consent Verified (Active on Blockchain),AES-256-GCM,vault-transit-key-0xf8283933,Qm4f873baec0639806751f9d8e0bf20f1278a5a78b8b98,Pinata Dedicated IPFS Gateway,0.0.4891024,5084,2026-09-13 11:49:49 UTC,0x532490321ba28d788cb4b1bc67d16e350026b82b08bd6bc625c13b29cf8bb7ca,0.0001
LAB-REP-00085,ACC-LAB-001-000085,Apex Diagnostic Reference Labs,0x04Fee3FD1B338d12FFD6dBD8d66dE1e8e0BB99cB,NABL-MC-2091,"Dr. Sunita Narang, MD Path",Vikas Kapoor,849285,0x2386d235b9026be4fdace250703714e564f59ebc,26,male,Dr. Ananya Roy,0x9965507D1a55bcC2695C58ba16FB37d819B0A4dc,Apex Diagnostic & Pathology Hub,Imaging / Radiology,High-Resolution Non-Contrast Brain CT Scan,Radiological DICOM Imaging,"Small left temporal hemorrhagic contusion, no mass effect",No acute intracranial hemorrhage or midline shift,ABNORMAL_FINDING,Medium,3200,Diagnostic Laboratory Reports,Consent Verified (Active on Blockchain),AES-256-GCM,vault-transit-key-0x2386d235,Qmef5536982bf8e9e34778db366ed751162a8464bd1504,Pinata Dedicated IPFS Gateway,0.0.4891024,5085,2026-09-13 11:49:51 UTC,0x018a559b3f0f1f970561b7ce4d29fb3c0c92d06cc7f2270375c543b99d698703,0.0001
LAB-REP-00086,ACC-LAB-005-000086,SRL Diagnostics Regional Core Lab,0xa0Ee7A142d267C1f36714E4a8F75612F20a79720,NABL-MC-4491,"Dr. Ramesh Sarin, DNB Path",Tanvi Saxena,849286,0x5e17977e94d06ae5b24f05372f4b6921eee33a42,27,female,Dr. Preeti Deshmukh,0x23618e81E3f5cdF7f54C3d65f7FBc0aBf5B21E8f,Max Super Speciality Cancer Institute,Cardiology Tests,High-Sensitivity Cardiac Troponin-I (hs-cTnI),Serum / Plasma,hs-cTnI: 1850 ng/L (Markedly Elevated Acute Myocardial Infarction),< 14 ng/L (99th Percentile Upper Reference Limit),CRITICAL_ALERT,Medium,1800,Diagnostic Laboratory Reports,Consent Verified (Active on Blockchain),AES-256-GCM,vault-transit-key-0x5e17977e,Qmde9d791916926c3d3872f937449fd361f46b3a4f693e,Pinata Dedicated IPFS Gateway,0.0.4891024,5086,2026-09-13 11:49:53 UTC,0x955519419ccfc976bac6e7ce1d247ebcc82f6eb3a94d3f8dd5ad0bc247d9a197,0.0001
LAB-REP-00087,ACC-LAB-001-000087,Apex Diagnostic Reference Labs,0x04Fee3FD1B338d12FFD6dBD8d66dE1e8e0BB99cB,NABL-MC-2091,"Dr. Sunita Narang, MD Path",Anand Nair,849287,0x4021d766bab6c94d0570cb1c75897abe450e5fcc,28,male,Dr. Preeti Deshmukh,0x23618e81E3f5cdF7f54C3d65f7FBc0aBf5B21E8f,Max Super Speciality Cancer Institute,Imaging / Radiology,High-Resolution Non-Contrast Brain CT Scan,Radiological DICOM Imaging,"Small left temporal hemorrhagic contusion, no mass effect",No acute intracranial hemorrhage or midline shift,ABNORMAL_FINDING,Medium,3200,Diagnostic Laboratory Reports,Consent Verified (Active on Blockchain),AES-256-GCM,vault-transit-key-0x4021d766,Qm744d3bf9c5369632bbeef89ec16f2b6278bcf7cf5cf0,Pinata Dedicated IPFS Gateway,0.0.4891024,5087,2026-09-13 11:49:56 UTC,0x9b11028f24aad7c22f75aeccfc72f95cf3cdeeb00ab57f7c645c57a376236afe,0.0001
LAB-REP-00088,ACC-LAB-004-000088,Apollo Diagnostics Advanced Enclave,0x23618e81E3f5cdF7f54C3d65f7FBc0aBf5B21E8f,NABL-MC-5102,"Dr. Shanti Swaminathan, MD",Sneha Pandey,849288,0x4eb5c47da65f0438ee47a4f3582429d61603a848,29,female,Dr. Sunita Narang,0xBcd4042DE499D14e55001CcbB24a551F3b954096,Max Super Speciality Cancer Institute,Microbiology Tests,Dengue Duo NS1 Ag + IgM/IgG Antibody ELISA,Serum,"Dengue NS1 Antigen: POSITIVE, IgM: Reactive",Non-Reactive / Negative,POSITIVE_ABNORMAL,Medium,1400,Diagnostic Laboratory Reports,Emergency Diagnostic Upload (Pending Verification),AES-256-GCM,vault-transit-key-0x4eb5c47d,Qm1b886bcccd67d2cf61934088920f6accf6c0e5ac56c8,Pinata Dedicated IPFS Gateway,0.0.4891024,5088,2026-09-13 11:49:58 UTC,0x86bea6d97a35287b6322ede861d96f837b6757be4ae319d9d88aae0288b5dd2b,0.0001
LAB-REP-00089,ACC-LAB-003-000089,Metropolis Healthcare Molecular Laboratory,0x14dC79964da2C08b23698B3D3cc7Ca32193d9955,NABL-MC-3819,"Dr. Nilesh Shah, MD",Gautam Gupta,849289,0xbac79d7e3fdc1725af744aaeb0a4a6716297591f,30,male,Dr. Ananya Roy,0x9965507D1a55bcC2695C58ba16FB37d819B0A4dc,Max Super Speciality Cancer Institute,Liver Function Tests,Liver Function Profile (LFT),Serum,"ALT: 88 U/L (High), AST: 74 U/L (High), Total Bili: 1.8 mg/dL","ALT: 7-56 U/L, AST: 10-40 U/L, Bilirubin: 0.1-1.2 mg/dL",HIGH,Low,950,Diagnostic Laboratory Reports,Consent Verified (Active on Blockchain),AES-256-GCM,vault-transit-key-0xbac79d7e,Qm778bf67b35c3f8c96cff88ca3c55e2fe942a9da1954d,Pinata Dedicated IPFS Gateway,0.0.4891024,5089,2026-09-13 11:50:00 UTC,0xdcb270f00f63c5b95607c35418008a9dd2965c74d72452738bc720f511cda49a,0.0001
LAB-REP-00090,ACC-LAB-002-000090,Dr. Lal PathLabs Central Reference Hub,0x976EA74026E726554dB657fA54763abd0C3a0aa9,NABL-MC-1044,"Dr. Arvind Lal, FRCPath",Kiran Swaminathan,849290,0x31b627925b1536e7f8f069afc5e83ce2118c8d97,31,female,Dr. Vikram Seth,0x15d34AAf54267DB7D7c367839AAf71A00a2C6A65,Fortis Memorial Neuro & Trauma Center,Lipid Profile,Comprehensive Lipid Panel,Serum (Fasting 12h),"Total Chol: 235 mg/dL (High), LDL: 155 mg/dL, TG: 180 mg/dL","Chol: <200 mg/dL, HDL: >40 mg/dL, LDL: <100 mg/dL, TG: <150 mg/dL",HIGH,Low,850,Diagnostic Laboratory Reports,Consent Verified (Active on Blockchain),AES-256-GCM,vault-transit-key-0x31b62792,Qm307a63e5f4ffeaf7cd5c8b7d7249432b80fb55cb3e40,Pinata Dedicated IPFS Gateway,0.0.4891024,5090,2026-09-13 11:50:03 UTC,0x73359b0a501d9233b3c3c1195b36c9722df56ef1621d1e3ea23d576e578aa3c9,0.0001
LAB-REP-00091,ACC-LAB-001-000091,Apex Diagnostic Reference Labs,0x04Fee3FD1B338d12FFD6dBD8d66dE1e8e0BB99cB,NABL-MC-2091,"Dr. Sunita Narang, MD Path",Varun Kulkarni,849291,0xf594c98575126f45781527b503294e9f768add26,32,male,Dr. Sunita Narang,0xBcd4042DE499D14e55001CcbB24a551F3b954096,Care & Cure Pediatric & Maternity Hospital,Imaging / Radiology,High-Resolution Non-Contrast Brain CT Scan,Radiological DICOM Imaging,"Small left temporal hemorrhagic contusion, no mass effect",No acute intracranial hemorrhage or midline shift,ABNORMAL_FINDING,Medium,3200,Diagnostic Laboratory Reports,Consent Verified (Active on Blockchain),AES-256-GCM,vault-transit-key-0xf594c985,Qmed57c7f3588dcc6721ec09a53a7cd6b577e09254addf,Pinata Dedicated IPFS Gateway,0.0.4891024,5091,2026-09-13 11:50:04 UTC,0x0e18076eb5b8c1dbdab685fba64225e4e489fb8aa40fc2dc14f0ae6a8861b6ce,0.0001
LAB-REP-00092,ACC-LAB-005-000092,SRL Diagnostics Regional Core Lab,0xa0Ee7A142d267C1f36714E4a8F75612F20a79720,NABL-MC-4491,"Dr. Ramesh Sarin, DNB Path",Lata Mukherjee,849292,0xf0a0669fa7f3a942847e071f0a2721a5ccb8aabb,33,female,Dr. Sarah Jenkins,0x04Fee3FD1B338d12FFD6dBD8d66dE1e8e0BB99cB,Care & Cure Pediatric & Maternity Hospital,Liver Function Tests,Liver Function Profile (LFT),Serum,"ALT: 88 U/L (High), AST: 74 U/L (High), Total Bili: 1.8 mg/dL","ALT: 7-56 U/L, AST: 10-40 U/L, Bilirubin: 0.1-1.2 mg/dL",HIGH,Low,950,Diagnostic Laboratory Reports,Consent Verified (Active on Blockchain),AES-256-GCM,vault-transit-key-0xf0a0669f,Qm1a6ed4df46a20ec9b9b3fe6b18fa0a60b53072a4b9f1,Pinata Dedicated IPFS Gateway,0.0.4891024,5092,2026-09-13 11:50:07 UTC,0x60ecc19398a69f6b479ed415c23ce892981b9e4431c832ca0b0edf921a90f84a,0.0001
LAB-REP-00093,ACC-LAB-004-000093,Apollo Diagnostics Advanced Enclave,0x23618e81E3f5cdF7f54C3d65f7FBc0aBf5B21E8f,NABL-MC-5102,"Dr. Shanti Swaminathan, MD",Nandini Kapoor,849293,0xa928e95050e803ac17127993e1ffbb557577eca5,34,male,Dr. Rohan Patel,0x976EA74026E726554dB657fA54763abd0C3a0aa9,Fortis Memorial Neuro & Trauma Center,Blood Tests,Thrombocytopenia Platelet Monitoring,Whole Blood (EDTA),"Platelets: 42,000 /uL (Severe Low)","Platelets: 150,000 - 450,000 /uL",CRITICAL_ALERT,Low,350,Diagnostic Laboratory Reports,Consent Verified (Active on Blockchain),AES-256-GCM,vault-transit-key-0xa928e950,Qm7226926e98e5e60ca1fd44e45eb72187705119ae702d,Pinata Dedicated IPFS Gateway,0.0.4891024,5093,2026-09-13 11:50:09 UTC,0x91747c494925e3a96e9d287c37531a91b6747a0027ee1491c621a0bfebaa92b9,0.0001
LAB-REP-00094,ACC-LAB-004-000094,Apollo Diagnostics Advanced Enclave,0x23618e81E3f5cdF7f54C3d65f7FBc0aBf5B21E8f,NABL-MC-5102,"Dr. Shanti Swaminathan, MD",Nandini Joshi,849294,0xb0a4c635b470f73793745da8328dc54460ae0d02,35,female,Dr. Sarah Jenkins,0x04Fee3FD1B338d12FFD6dBD8d66dE1e8e0BB99cB,Apex Diagnostic & Pathology Hub,Blood Tests,Complete Blood Count (CBC),Whole Blood (EDTA),"Hb: 13.5 g/dL, WBC: 7200 /uL, Platelets: 2.4 Lakhs/uL","Hb: 12-16 g/dL, WBC: 4000-11000 /uL, Platelets: 1.5-4.5 Lakhs/uL",NORMAL,Low,450,Diagnostic Laboratory Reports,Consent Verified (Active on Blockchain),AES-256-GCM,vault-transit-key-0xb0a4c635,Qmb70fdf5f672a76beb3acf781b065d4b388cb58a398bf,Pinata Dedicated IPFS Gateway,0.0.4891024,5094,2026-09-13 11:50:11 UTC,0x4e10dada84c932108ee82b4c2ae14d0e083ac77d2de731c64cc460dbdd876337,0.0001
LAB-REP-00095,ACC-LAB-005-000095,SRL Diagnostics Regional Core Lab,0xa0Ee7A142d267C1f36714E4a8F75612F20a79720,NABL-MC-4491,"Dr. Ramesh Sarin, DNB Path",Anand Deshmukh,849295,0x0468016ac06be573352387d44dc3676f9d830d51,36,male,Dr. Vikram Seth,0x15d34AAf54267DB7D7c367839AAf71A00a2C6A65,Apex Diagnostic & Pathology Hub,Microbiology Tests,Dengue Duo NS1 Ag + IgM/IgG Antibody ELISA,Serum,"Dengue NS1 Antigen: POSITIVE, IgM: Reactive",Non-Reactive / Negative,POSITIVE_ABNORMAL,Medium,1400,Diagnostic Laboratory Reports,Consent Verified (Active on Blockchain),AES-256-GCM,vault-transit-key-0x0468016a,Qmbb8ae1a0a3db98c2fa4daa95b8ed140acf97125647a6,Pinata Dedicated IPFS Gateway,0.0.4891024,5095,2026-09-13 11:50:14 UTC,0x3a92b8671cee4aad1dde069f452674a496035c45cbecd6c27e8a1d6e68a4f8e6,0.0001
LAB-REP-00096,ACC-LAB-002-000096,Dr. Lal PathLabs Central Reference Hub,0x976EA74026E726554dB657fA54763abd0C3a0aa9,NABL-MC-1044,"Dr. Arvind Lal, FRCPath",Deepak Mishra,849296,0xf9b3e412c9a515fb76977ec7af26275143a75549,37,female,Dr. Sunita Narang,0xBcd4042DE499D14e55001CcbB24a551F3b954096,Apex Diagnostic & Pathology Hub,Imaging / Radiology,Whole Body PET-CT Oncology Scan,18F-FDG Radiotracer DICOM,"Hypermetabolic primary lesion, SUVmax 9.2, no distant metastases","Physiological FDG biodistribution, no hypermetabolic malignancy",ABNORMAL_FINDING,High - Genomic/Oncology,18500,Diagnostic Laboratory Reports,Consent Verified (Active on Blockchain),AES-256-GCM,vault-transit-key-0xf9b3e412,Qm6de45d63c11200ef79019aebd64e60d6d44a70909c18,Pinata Dedicated IPFS Gateway,0.0.4891024,5096,2026-09-13 11:50:16 UTC,0xa742ffc2475c0af5b6eace6e7c287aa9170e833ad8d52410c5972371e3f5acc1,0.0001
LAB-REP-00097,ACC-LAB-004-000097,Apollo Diagnostics Advanced Enclave,0x23618e81E3f5cdF7f54C3d65f7FBc0aBf5B21E8f,NABL-MC-5102,"Dr. Shanti Swaminathan, MD",Ishaan Kapoor,849297,0xb3f81b8192e0134154c11f66e754f89e4fc244c8,38,male,Dr. Rajesh Sharma,0x3c44CdDdB6a900fa2b585dd299e03d12FA4293BC,Fortis Memorial Neuro & Trauma Center,Endocrinology Tests,"Thyroid Function Panel (TSH, Free T3, Free T4)",Serum,"TSH: 6.8 uIU/mL (Hypothyroid), FT4: 0.72 ng/dL (Low)","TSH: 0.45-4.5 uIU/mL, FT3: 2.0-4.4 pg/mL, FT4: 0.8-1.8 ng/dL",LOW,Low,750,Diagnostic Laboratory Reports,Consent Verified (Active on Blockchain),AES-256-GCM,vault-transit-key-0xb3f81b81,Qm0eb0d47e070642e19e66bf9dba9df1ac1bb597b6369d,Pinata Dedicated IPFS Gateway,0.0.4891024,5097,2026-09-13 11:50:18 UTC,0x38e9712be90788630a9808741e436cc35547426d5ca62cd98b7a070100e9fa15,0.0001
LAB-REP-00098,ACC-LAB-004-000098,Apollo Diagnostics Advanced Enclave,0x23618e81E3f5cdF7f54C3d65f7FBc0aBf5B21E8f,NABL-MC-5102,"Dr. Shanti Swaminathan, MD",Sameer Iyer,849298,0xd86473d3e133f13e3a2f8b6300bc287c5de5c6a5,39,female,Dr. Preeti Deshmukh,0x23618e81E3f5cdF7f54C3d65f7FBc0aBf5B21E8f,Apex Diagnostic & Pathology Hub,Cardiology Tests,High-Sensitivity Cardiac Troponin-I (hs-cTnI),Serum / Plasma,hs-cTnI: 1850 ng/L (Markedly Elevated Acute Myocardial Infarction),< 14 ng/L (99th Percentile Upper Reference Limit),CRITICAL_ALERT,Medium,1800,Diagnostic Laboratory Reports,Consent Verified (Active on Blockchain),AES-256-GCM,vault-transit-key-0xd86473d3,Qm6a0e900e703529118e646535db30f760fcbf91c5bb9c,Pinata Dedicated IPFS Gateway,0.0.4891024,5098,2026-09-13 11:50:20 UTC,0x2f09b8069b3349092071e86e635e4f55e82b111ff664e10d962f2ecfe6650f02,0.0001
LAB-REP-00099,ACC-LAB-005-000099,SRL Diagnostics Regional Core Lab,0xa0Ee7A142d267C1f36714E4a8F75612F20a79720,NABL-MC-4491,"Dr. Ramesh Sarin, DNB Path",Siddharth Choudhury,849299,0x3d002509e24ad749ad7dda4e6ac86101aad63141,40,male,Dr. Rohan Patel,0x976EA74026E726554dB657fA54763abd0C3a0aa9,Apollo Multispecialty Hospital,Liver Function Tests,Liver Function Profile (LFT),Serum,"ALT: 88 U/L (High), AST: 74 U/L (High), Total Bili: 1.8 mg/dL","ALT: 7-56 U/L, AST: 10-40 U/L, Bilirubin: 0.1-1.2 mg/dL",HIGH,Low,950,Diagnostic Laboratory Reports,Consent Verified (Active on Blockchain),AES-256-GCM,vault-transit-key-0x3d002509,Qm436550dcf0c9d31fbeb1486b55a04fc0ad4f64b9cbaf,Pinata Dedicated IPFS Gateway,0.0.4891024,5099,2026-09-13 11:50:22 UTC,0x293b6407355c101fe5a005460b61ed7666e88eaa97534f129b426c810c94f812,0.0001
LAB-REP-00100,ACC-LAB-005-000100,SRL Diagnostics Regional Core Lab,0xa0Ee7A142d267C1f36714E4a8F75612F20a79720,NABL-MC-4491,"Dr. Ramesh Sarin, DNB Path",Madhav Nair,849300,0x7479eb3ea71226826d6a82c1b6d452abf89628cd,41,female,Dr. Sunita Narang,0xBcd4042DE499D14e55001CcbB24a551F3b954096,Care & Cure Pediatric & Maternity Hospital,Blood Tests,Complete Blood Count (CBC),Whole Blood (EDTA),"Hb: 13.5 g/dL, WBC: 7200 /uL, Platelets: 2.4 Lakhs/uL","Hb: 12-16 g/dL, WBC: 4000-11000 /uL, Platelets: 1.5-4.5 Lakhs/uL",NORMAL,Low,450,Diagnostic Laboratory Reports,Consent Verified (Active on Blockchain),AES-256-GCM,vault-transit-key-0x7479eb3e,Qmb9a5d9d29e99f9c0bea819b3a149b5964c4955fa4b7e,Pinata Dedicated IPFS Gateway,0.0.4891024,5100,2026-09-13 11:50:25 UTC,0x032a7fc131fa5433f5e4af1c87a40844da180f14da717c515869bacaf0d32ba9,0.0001
LAB-REP-00101,ACC-LAB-002-000101,Dr. Lal PathLabs Central Reference Hub,0x976EA74026E726554dB657fA54763abd0C3a0aa9,NABL-MC-1044,"Dr. Arvind Lal, FRCPath",Meera Joshi,849301,0xd0ebac7b59757f71347319e70f7f4523eafd5ef5,42,male,Dr. Ananya Roy,0x9965507D1a55bcC2695C58ba16FB37d819B0A4dc,Apollo Multispecialty Hospital,Endocrinology Tests,HbA1c Glycated Hemoglobin,Whole Blood (EDTA),HbA1c: 7.6% (Diabetic Range),"<5.7% Normal, 5.7-6.4% Prediabetes, >=6.5% Diabetes",HIGH,Low,650,Diagnostic Laboratory Reports,Consent Verified (Active on Blockchain),AES-256-GCM,vault-transit-key-0xd0ebac7b,Qm9012f891fb64aadc0e92c702d6130bfa6fdb778a7a4d,Pinata Dedicated IPFS Gateway,0.0.4891024,5101,2026-09-13 11:50:27 UTC,0x8a495ebe8477d3d677dbd12307603d919eb74821bd6f1dd3962099c101c96d3c,0.0001
LAB-REP-00102,ACC-LAB-001-000102,Apex Diagnostic Reference Labs,0x04Fee3FD1B338d12FFD6dBD8d66dE1e8e0BB99cB,NABL-MC-2091,"Dr. Sunita Narang, MD Path",Madhav Swaminathan,849302,0xe70bafd3e22bc7101f8e3608bb4ed822af9bb33e,43,female,Dr. Sarah Jenkins,0x04Fee3FD1B338d12FFD6dBD8d66dE1e8e0BB99cB,Apex Diagnostic & Pathology Hub,Metabolic Panel,Comprehensive Metabolic Panel (CMP),Serum,"Na: 138 mmol/L, K: 4.1 mmol/L, Creat: 1.05 mg/dL","Na: 135-145, K: 3.5-5.0, Creatinine: 0.7-1.3 mg/dL",NORMAL,Medium,1200,Diagnostic Laboratory Reports,Consent Verified (Active on Blockchain),AES-256-GCM,vault-transit-key-0xe70bafd3,Qm50e896fcdf84c1b2ce0079f5f68dfae67425476b3bd4,Pinata Dedicated IPFS Gateway,0.0.4891024,5102,2026-09-13 11:50:29 UTC,0x0781e4e9bc586423745564d6e0d9b02eaddc09d50de20c0121b379de6b351448,0.0001
LAB-REP-00103,ACC-LAB-002-000103,Dr. Lal PathLabs Central Reference Hub,0x976EA74026E726554dB657fA54763abd0C3a0aa9,NABL-MC-1044,"Dr. Arvind Lal, FRCPath",Chetan Reddy,849303,0x03306033235b5c2f61b9b888b9b16e6a01c7ab0b,44,male,Dr. Sarah Jenkins,0x04Fee3FD1B338d12FFD6dBD8d66dE1e8e0BB99cB,Apex Diagnostic & Pathology Hub,Cardiology Tests,High-Sensitivity Cardiac Troponin-I (hs-cTnI),Serum / Plasma,hs-cTnI: 1850 ng/L (Markedly Elevated Acute Myocardial Infarction),< 14 ng/L (99th Percentile Upper Reference Limit),CRITICAL_ALERT,Medium,1800,Diagnostic Laboratory Reports,Consent Verified (Active on Blockchain),AES-256-GCM,vault-transit-key-0x03306033,Qm2f51991273f6d66d0c5791038a177674865c832d68a4,Pinata Dedicated IPFS Gateway,0.0.4891024,5103,2026-09-13 11:50:32 UTC,0xc83ef0a45db3c062e1c397f21697b5878c7610f1742c00d924175af2382c86a0,0.0001
LAB-REP-00104,ACC-LAB-004-000104,Apollo Diagnostics Advanced Enclave,0x23618e81E3f5cdF7f54C3d65f7FBc0aBf5B21E8f,NABL-MC-5102,"Dr. Shanti Swaminathan, MD",Ananya Mehta,849304,0x2f677a416f4742c878a3c4ae5e0f5e8e325a94f1,45,female,Dr. Vikram Seth,0x15d34AAf54267DB7D7c367839AAf71A00a2C6A65,Apex Diagnostic & Pathology Hub,Cardiology Tests,High-Sensitivity Cardiac Troponin-I (hs-cTnI),Serum / Plasma,hs-cTnI: 1850 ng/L (Markedly Elevated Acute Myocardial Infarction),< 14 ng/L (99th Percentile Upper Reference Limit),CRITICAL_ALERT,Medium,1800,Diagnostic Laboratory Reports,Consent Verified (Active on Blockchain),AES-256-GCM,vault-transit-key-0x2f677a41,Qm8e2f6e017e435c005d7092e13ba6dd8897fc7c863b8b,Pinata Dedicated IPFS Gateway,0.0.4891024,5104,2026-09-13 11:50:34 UTC,0x7cbf9157a40369fdf0575d15151edab61d75d53e296550508a4466c0926c2274,0.0001
LAB-REP-00105,ACC-LAB-001-000105,Apex Diagnostic Reference Labs,0x04Fee3FD1B338d12FFD6dBD8d66dE1e8e0BB99cB,NABL-MC-2091,"Dr. Sunita Narang, MD Path",Amit Deshmukh,849305,0xc7d0d6245799f47aa2bd6732b6cf1b3e022a965e,46,male,Dr. Rohan Patel,0x976EA74026E726554dB657fA54763abd0C3a0aa9,Fortis Memorial Neuro & Trauma Center,Endocrinology Tests,HbA1c Glycated Hemoglobin,Whole Blood (EDTA),HbA1c: 7.6% (Diabetic Range),"<5.7% Normal, 5.7-6.4% Prediabetes, >=6.5% Diabetes",HIGH,Low,650,Diagnostic Laboratory Reports,Emergency Diagnostic Upload (Pending Verification),AES-256-GCM,vault-transit-key-0xc7d0d624,Qmf46156949e144de9985ce250a47b8ac1f55232553a8e,Pinata Dedicated IPFS Gateway,0.0.4891024,5105,2026-09-13 11:50:36 UTC,0xd5c364d30b00c4d3858b2515c0734e96220c7aae7aa8122e0726f9537276aa11,0.0001
LAB-REP-00106,ACC-LAB-004-000106,Apollo Diagnostics Advanced Enclave,0x23618e81E3f5cdF7f54C3d65f7FBc0aBf5B21E8f,NABL-MC-5102,"Dr. Shanti Swaminathan, MD",Aarav Gupta,849306,0xfe4e976cb15037f2ec45f67c06a599762a751d65,47,female,Dr. Sunita Narang,0xBcd4042DE499D14e55001CcbB24a551F3b954096,Fortis Memorial Neuro & Trauma Center,Blood Tests,Complete Blood Count (CBC),Whole Blood (EDTA),"Hb: 13.5 g/dL, WBC: 7200 /uL, Platelets: 2.4 Lakhs/uL (Borderline clinical correlation advised)","Hb: 12-16 g/dL, WBC: 4000-11000 /uL, Platelets: 1.5-4.5 Lakhs/uL",BORDERLINE,Low,450,Diagnostic Laboratory Reports,Consent Verified (Active on Blockchain),AES-256-GCM,vault-transit-key-0xfe4e976c,Qm9f66e871154c05be78b2c41289445e678f3f567e38f2,Pinata Dedicated IPFS Gateway,0.0.4891024,5106,2026-09-13 11:50:39 UTC,0x750739fa3564faf6f3392b9b6fd420a7dab05483ce7e5ec8865c373c9416e923,0.0001
LAB-REP-00107,ACC-LAB-004-000107,Apollo Diagnostics Advanced Enclave,0x23618e81E3f5cdF7f54C3d65f7FBc0aBf5B21E8f,NABL-MC-5102,"Dr. Shanti Swaminathan, MD",Sanjay Menon,849307,0xe517e716b56bfabed3dc78efa781d81f662bd14c,48,male,Dr. Sunita Narang,0xBcd4042DE499D14e55001CcbB24a551F3b954096,Care & Cure Pediatric & Maternity Hospital,Blood Tests,Thrombocytopenia Platelet Monitoring,Whole Blood (EDTA),"Platelets: 42,000 /uL (Severe Low)","Platelets: 150,000 - 450,000 /uL",CRITICAL_ALERT,Low,350,Diagnostic Laboratory Reports,Consent Verified (Active on Blockchain),AES-256-GCM,vault-transit-key-0xe517e716,Qmd1a0673b510b5b89beb346a52fe9f2cf76da6ad54259,Pinata Dedicated IPFS Gateway,0.0.4891024,5107,2026-09-13 11:50:41 UTC,0x48f31a768dd32a38a7be51faebc4a9ebcc7e9c34bf044475e8c781d0a55c02e2,0.0001
LAB-REP-00108,ACC-LAB-002-000108,Dr. Lal PathLabs Central Reference Hub,0x976EA74026E726554dB657fA54763abd0C3a0aa9,NABL-MC-1044,"Dr. Arvind Lal, FRCPath",Madhav Bhatia,849308,0x8b9d17468cf1f813de6a94510b66ab6c4852568f,49,female,Dr. Sarah Jenkins,0x04Fee3FD1B338d12FFD6dBD8d66dE1e8e0BB99cB,Fortis Memorial Neuro & Trauma Center,Endocrinology Tests,HbA1c Glycated Hemoglobin,Whole Blood (EDTA),HbA1c: 7.6% (Diabetic Range),"<5.7% Normal, 5.7-6.4% Prediabetes, >=6.5% Diabetes",HIGH,Low,650,Diagnostic Laboratory Reports,Consent Verified (Active on Blockchain),AES-256-GCM,vault-transit-key-0x8b9d1746,Qma151bd3c05e87c38ec3a08d59a6c45f7eb150b299c01,Pinata Dedicated IPFS Gateway,0.0.4891024,5108,2026-09-13 11:50:43 UTC,0xe55e01fba2f400ce30f925d476ee49a1d19f9ad59a05187e4c0af6a8d7a27402,0.0001
LAB-REP-00109,ACC-LAB-005-000109,SRL Diagnostics Regional Core Lab,0xa0Ee7A142d267C1f36714E4a8F75612F20a79720,NABL-MC-4491,"Dr. Ramesh Sarin, DNB Path",Rahul Gowda,849309,0xe2bec2acd9082d39793bb8776310ae064b9ff091,50,male,Dr. Rajesh Sharma,0x3c44CdDdB6a900fa2b585dd299e03d12FA4293BC,Care & Cure Pediatric & Maternity Hospital,Cardiology Tests,High-Sensitivity Cardiac Troponin-I (hs-cTnI),Serum / Plasma,hs-cTnI: 1850 ng/L (Markedly Elevated Acute Myocardial Infarction),< 14 ng/L (99th Percentile Upper Reference Limit),CRITICAL_ALERT,Medium,1800,Diagnostic Laboratory Reports,Consent Verified (Active on Blockchain),AES-256-GCM,vault-transit-key-0xe2bec2ac,Qm8a24905d334b3889fae31c7978beda526b2bb16a963b,Pinata Dedicated IPFS Gateway,0.0.4891024,5109,2026-09-13 11:50:45 UTC,0x6a46ea4dcc798d46af6e4098985fd7e2ac95958392fb2c980dc5a97b96c9bb51,0.0001
LAB-REP-00110,ACC-LAB-005-000110,SRL Diagnostics Regional Core Lab,0xa0Ee7A142d267C1f36714E4a8F75612F20a79720,NABL-MC-4491,"Dr. Ramesh Sarin, DNB Path",Varun Banerjee,849310,0x02af895fea6438ddab8dbf24b45eb04794853290,51,female,Dr. Sarah Jenkins,0x04Fee3FD1B338d12FFD6dBD8d66dE1e8e0BB99cB,Apex Diagnostic & Pathology Hub,Imaging / Radiology,Whole Body PET-CT Oncology Scan,18F-FDG Radiotracer DICOM,"Hypermetabolic primary lesion, SUVmax 9.2, no distant metastases","Physiological FDG biodistribution, no hypermetabolic malignancy",ABNORMAL_FINDING,High - Genomic/Oncology,18500,Diagnostic Laboratory Reports,Consent Verified (Active on Blockchain),AES-256-GCM,vault-transit-key-0x02af895f,Qm93d055f0da81e74a0a9cdf113e058990836d1e6a84c5,Pinata Dedicated IPFS Gateway,0.0.4891024,5110,2026-09-13 11:50:48 UTC,0xf17900d4d0b41a17671434230b29414eafdc9eddcfc21d41541c366d741de96f,0.0001
LAB-REP-00111,ACC-LAB-001-000111,Apex Diagnostic Reference Labs,0x04Fee3FD1B338d12FFD6dBD8d66dE1e8e0BB99cB,NABL-MC-2091,"Dr. Sunita Narang, MD Path",Aditi Kulkarni,849311,0x81464bc75db1d4ed93e64141363fc9054fddb584,52,male,Dr. Rohan Patel,0x976EA74026E726554dB657fA54763abd0C3a0aa9,Care & Cure Pediatric & Maternity Hospital,Metabolic Panel,Comprehensive Metabolic Panel (CMP),Serum,"Na: 138 mmol/L, K: 4.1 mmol/L, Creat: 1.05 mg/dL","Na: 135-145, K: 3.5-5.0, Creatinine: 0.7-1.3 mg/dL",NORMAL,Medium,1200,Diagnostic Laboratory Reports,Consent Verified (Active on Blockchain),AES-256-GCM,vault-transit-key-0x81464bc7,Qm95807f87e93234c12d57872208d56d127adf7badfd9a,Pinata Dedicated IPFS Gateway,0.0.4891024,5111,2026-09-13 11:50:49 UTC,0x3d192a7d8e7162ccd17d74205cbfa0d876979a3789626aede2240e8b4006fcca,0.0001
LAB-REP-00112,ACC-LAB-002-000112,Dr. Lal PathLabs Central Reference Hub,0x976EA74026E726554dB657fA54763abd0C3a0aa9,NABL-MC-1044,"Dr. Arvind Lal, FRCPath",Aditi Reddy,849312,0x6c555d8c0584c22e95d681b59372402482b6415d,53,female,Dr. Ananya Roy,0x9965507D1a55bcC2695C58ba16FB37d819B0A4dc,Fortis Memorial Neuro & Trauma Center,Imaging / Radiology,High-Resolution Non-Contrast Brain CT Scan,Radiological DICOM Imaging,"Small left temporal hemorrhagic contusion, no mass effect",No acute intracranial hemorrhage or midline shift,ABNORMAL_FINDING,Medium,3200,Diagnostic Laboratory Reports,Consent Verified (Active on Blockchain),AES-256-GCM,vault-transit-key-0x6c555d8c,Qmd5d8d4708787000d897a1446b03c6926d470ae80ad41,Pinata Dedicated IPFS Gateway,0.0.4891024,5112,2026-09-13 11:50:52 UTC,0xda04e2643c716e5be9665931108c90e2753c3d09fdb4ca6b741157f834369fc3,0.0001
LAB-REP-00113,ACC-LAB-003-000113,Metropolis Healthcare Molecular Laboratory,0x14dC79964da2C08b23698B3D3cc7Ca32193d9955,NABL-MC-3819,"Dr. Nilesh Shah, MD",Rakesh Malhotra,849313,0xb1501bc0eb19e78d17dcde773037009d47d32b6d,54,male,Dr. Vikram Seth,0x15d34AAf54267DB7D7c367839AAf71A00a2C6A65,Fortis Memorial Neuro & Trauma Center,Metabolic Panel,Comprehensive Metabolic Panel (CMP),Serum,"Na: 138 mmol/L, K: 4.1 mmol/L, Creat: 1.05 mg/dL","Na: 135-145, K: 3.5-5.0, Creatinine: 0.7-1.3 mg/dL",NORMAL,Medium,1200,Diagnostic Laboratory Reports,Emergency Diagnostic Upload (Pending Verification),AES-256-GCM,vault-transit-key-0xb1501bc0,Qmdefee06a9201d49069422329267c0d0bed84e98cc2b6,Pinata Dedicated IPFS Gateway,0.0.4891024,5113,2026-09-13 11:50:54 UTC,0xb60032d1e7b39241f589701434f1e5c230c5295a8afda3f335f586868fcca6df,0.0001
LAB-REP-00114,ACC-LAB-003-000114,Metropolis Healthcare Molecular Laboratory,0x14dC79964da2C08b23698B3D3cc7Ca32193d9955,NABL-MC-3819,"Dr. Nilesh Shah, MD",Amit Deshmukh,849314,0xfbde78ce7bc9c8d0a57875e63d600facc3e84a7e,55,female,Dr. Ananya Roy,0x9965507D1a55bcC2695C58ba16FB37d819B0A4dc,Apex Diagnostic & Pathology Hub,Endocrinology Tests,HbA1c Glycated Hemoglobin,Whole Blood (EDTA),HbA1c: 7.6% (Diabetic Range),"<5.7% Normal, 5.7-6.4% Prediabetes, >=6.5% Diabetes",HIGH,Low,650,Diagnostic Laboratory Reports,Consent Verified (Active on Blockchain),AES-256-GCM,vault-transit-key-0xfbde78ce,Qmfce1676621a4580b87a76abac20b7ea9d52c1ea0302a,Pinata Dedicated IPFS Gateway,0.0.4891024,5114,2026-09-13 11:50:56 UTC,0xd7630b068b8da74c9babaee9dd473f56f58f0280334204811aeed6c1a1891a0a,0.0001
LAB-REP-00115,ACC-LAB-001-000115,Apex Diagnostic Reference Labs,0x04Fee3FD1B338d12FFD6dBD8d66dE1e8e0BB99cB,NABL-MC-2091,"Dr. Sunita Narang, MD Path",Meera Choudhury,849315,0x492f9b5bce966d00ac1a678182c5e90893b76595,56,male,Dr. Ananya Roy,0x9965507D1a55bcC2695C58ba16FB37d819B0A4dc,Max Super Speciality Cancer Institute,Imaging / Radiology,Whole Body PET-CT Oncology Scan,18F-FDG Radiotracer DICOM,"Hypermetabolic primary lesion, SUVmax 9.2, no distant metastases","Physiological FDG biodistribution, no hypermetabolic malignancy",ABNORMAL_FINDING,High - Genomic/Oncology,18500,Diagnostic Laboratory Reports,Consent Verified (Active on Blockchain),AES-256-GCM,vault-transit-key-0x492f9b5b,Qm337952bae9e38fc38f5a367cbaa28e735582802659b6,Pinata Dedicated IPFS Gateway,0.0.4891024,5115,2026-09-13 11:50:58 UTC,0x6f606734907a33d7a61497b9d3cdbd982c096a784f0db5ca6c63d912ee142dba,0.0001
LAB-REP-00116,ACC-LAB-003-000116,Metropolis Healthcare Molecular Laboratory,0x14dC79964da2C08b23698B3D3cc7Ca32193d9955,NABL-MC-3819,"Dr. Nilesh Shah, MD",Sakshi Malhotra,849316,0xc2bafebbf85b52f31800272f20218240c36629ba,57,female,Dr. Rohan Patel,0x976EA74026E726554dB657fA54763abd0C3a0aa9,Apex Diagnostic & Pathology Hub,Endocrinology Tests,HbA1c Glycated Hemoglobin,Whole Blood (EDTA),HbA1c: 7.6% (Diabetic Range),"<5.7% Normal, 5.7-6.4% Prediabetes, >=6.5% Diabetes",HIGH,Low,650,Diagnostic Laboratory Reports,Emergency Diagnostic Upload (Pending Verification),AES-256-GCM,vault-transit-key-0xc2bafebb,Qme08062ce887cd6cf654854caaae2886718954ebc211b,Pinata Dedicated IPFS Gateway,0.0.4891024,5116,2026-09-13 11:51:01 UTC,0x9be47027a8230ae676bb5fae5483ea88adff7723caceae149bb11cdaa6617fd2,0.0001
LAB-REP-00117,ACC-LAB-004-000117,Apollo Diagnostics Advanced Enclave,0x23618e81E3f5cdF7f54C3d65f7FBc0aBf5B21E8f,NABL-MC-5102,"Dr. Shanti Swaminathan, MD",Sakshi Malhotra,849317,0x2922b6860eb21b4431176c346fdf32f6fb6cd35f,58,male,Dr. Sunita Narang,0xBcd4042DE499D14e55001CcbB24a551F3b954096,Max Super Speciality Cancer Institute,Metabolic Panel,Comprehensive Metabolic Panel (CMP),Serum,"Na: 138 mmol/L, K: 4.1 mmol/L, Creat: 1.05 mg/dL","Na: 135-145, K: 3.5-5.0, Creatinine: 0.7-1.3 mg/dL",NORMAL,Medium,1200,Diagnostic Laboratory Reports,Consent Verified (Active on Blockchain),AES-256-GCM,vault-transit-key-0x2922b686,Qm4a81140a73bd1a8490deea33ee612e90186de6c99ced,Pinata Dedicated IPFS Gateway,0.0.4891024,5117,2026-09-13 11:51:03 UTC,0x9a707aa5558ffcc7fabb9480c918799a5fc26473c0b53ce50bb4e916471eaa11,0.0001
LAB-REP-00118,ACC-LAB-002-000118,Dr. Lal PathLabs Central Reference Hub,0x976EA74026E726554dB657fA54763abd0C3a0aa9,NABL-MC-1044,"Dr. Arvind Lal, FRCPath",Aarav Mehta,849318,0x34d2c013419671dd7c58c6e6c3fe8195c096139f,59,female,Dr. Rajesh Sharma,0x3c44CdDdB6a900fa2b585dd299e03d12FA4293BC,Fortis Memorial Neuro & Trauma Center,Endocrinology Tests,"Thyroid Function Panel (TSH, Free T3, Free T4)",Serum,"TSH: 6.8 uIU/mL (Hypothyroid), FT4: 0.72 ng/dL (Low)","TSH: 0.45-4.5 uIU/mL, FT3: 2.0-4.4 pg/mL, FT4: 0.8-1.8 ng/dL",LOW,Low,750,Diagnostic Laboratory Reports,Consent Verified (Active on Blockchain),AES-256-GCM,vault-transit-key-0x34d2c013,Qm3c9fb71b6ffde01c1949e1d4e02e0c94b86e6a7b1757,Pinata Dedicated IPFS Gateway,0.0.4891024,5118,2026-09-13 11:51:05 UTC,0x02b6c825bdf6a8fc1d8d0634003a6ea285b5226d6b4323b6b617566915cb09ec,0.0001
LAB-REP-00119,ACC-LAB-004-000119,Apollo Diagnostics Advanced Enclave,0x23618e81E3f5cdF7f54C3d65f7FBc0aBf5B21E8f,NABL-MC-5102,"Dr. Shanti Swaminathan, MD",Anand Choudhury,849319,0x0d8ba5d0926ce172334b43560f080d0eee170734,60,male,Dr. Ananya Roy,0x9965507D1a55bcC2695C58ba16FB37d819B0A4dc,Fortis Memorial Neuro & Trauma Center,Cardiology Tests,High-Sensitivity Cardiac Troponin-I (hs-cTnI),Serum / Plasma,hs-cTnI: 1850 ng/L (Markedly Elevated Acute Myocardial Infarction),< 14 ng/L (99th Percentile Upper Reference Limit),CRITICAL_ALERT,Medium,1800,Diagnostic Laboratory Reports,Consent Verified (Active on Blockchain),AES-256-GCM,vault-transit-key-0x0d8ba5d0,Qm7f8276de9e506ae8682c5032edaf0436ead26ee8725d,Pinata Dedicated IPFS Gateway,0.0.4891024,5119,2026-09-13 11:51:08 UTC,0x633397e2d67e77fe80e7a447d82d5262202e175ceb320bd2439efde8b3d0012a,0.0001
LAB-REP-00120,ACC-LAB-005-000120,SRL Diagnostics Regional Core Lab,0xa0Ee7A142d267C1f36714E4a8F75612F20a79720,NABL-MC-4491,"Dr. Ramesh Sarin, DNB Path",Sakshi Bhatia,849320,0x0e340b6be1b951e0bcf7270d6d86b5fd0ce7ef94,61,female,Dr. Rajesh Sharma,0x3c44CdDdB6a900fa2b585dd299e03d12FA4293BC,Apex Diagnostic & Pathology Hub,Endocrinology Tests,HbA1c Glycated Hemoglobin,Whole Blood (EDTA),HbA1c: 7.6% (Diabetic Range),"<5.7% Normal, 5.7-6.4% Prediabetes, >=6.5% Diabetes",HIGH,Low,650,Diagnostic Laboratory Reports,Consent Verified (Active on Blockchain),AES-256-GCM,vault-transit-key-0x0e340b6b,Qm651702d86d20ad3b05080adca8e847ba871b1a0c0a1c,Pinata Dedicated IPFS Gateway,0.0.4891024,5120,2026-09-13 11:51:10 UTC,0x68207dda53afc3e3cb90b12c64b026a6f7210c5a91133dc87959fb78bc30328c,0.0001
LAB-REP-00121,ACC-LAB-002-000121,Dr. Lal PathLabs Central Reference Hub,0x976EA74026E726554dB657fA54763abd0C3a0aa9,NABL-MC-1044,"Dr. Arvind Lal, FRCPath",Pranav Pandey,849321,0x849f7891f158afae52a096af2416df106dcecf38,62,male,Dr. Vikram Seth,0x15d34AAf54267DB7D7c367839AAf71A00a2C6A65,Apollo Multispecialty Hospital,Endocrinology Tests,"Thyroid Function Panel (TSH, Free T3, Free T4)",Serum,"TSH: 6.8 uIU/mL (Hypothyroid), FT4: 0.72 ng/dL (Low)","TSH: 0.45-4.5 uIU/mL, FT3: 2.0-4.4 pg/mL, FT4: 0.8-1.8 ng/dL",LOW,Low,750,Diagnostic Laboratory Reports,Consent Verified (Active on Blockchain),AES-256-GCM,vault-transit-key-0x849f7891,Qm2a093124dafec4232d918e20cb493e3eddbffdd68832,Pinata Dedicated IPFS Gateway,0.0.4891024,5121,2026-09-13 11:51:12 UTC,0xd33e278962dfda10010905fac3e37834860ae5661e6ef7138bc0ec8118147339,0.0001
LAB-REP-00122,ACC-LAB-003-000122,Metropolis Healthcare Molecular Laboratory,0x14dC79964da2C08b23698B3D3cc7Ca32193d9955,NABL-MC-3819,"Dr. Nilesh Shah, MD",Riya Mehta,849322,0x5384e19c43ccd66349b8ca0b01884e8d51bceb85,63,female,Dr. Rajesh Sharma,0x3c44CdDdB6a900fa2b585dd299e03d12FA4293BC,Apollo Multispecialty Hospital,Metabolic Panel,Comprehensive Metabolic Panel (CMP),Serum,"Na: 138 mmol/L, K: 4.1 mmol/L, Creat: 1.05 mg/dL","Na: 135-145, K: 3.5-5.0, Creatinine: 0.7-1.3 mg/dL",NORMAL,Medium,1200,Diagnostic Laboratory Reports,Emergency Diagnostic Upload (Pending Verification),AES-256-GCM,vault-transit-key-0x5384e19c,Qm4ae16e193be2ef651439663b8a24e287c883a53f4265,Pinata Dedicated IPFS Gateway,0.0.4891024,5122,2026-09-13 11:51:15 UTC,0x66683929285574b163320bbc5f958b0c420ed5b4a3f7dc4410326409ca85f4a3,0.0001
LAB-REP-00123,ACC-LAB-002-000123,Dr. Lal PathLabs Central Reference Hub,0x976EA74026E726554dB657fA54763abd0C3a0aa9,NABL-MC-1044,"Dr. Arvind Lal, FRCPath",Arjun Sharma,849323,0x9f1e8c7a3b486e855e219ec26f9bb0ab6578cf56,64,male,Dr. Ananya Roy,0x9965507D1a55bcC2695C58ba16FB37d819B0A4dc,Max Super Speciality Cancer Institute,Pathology / Biopsy,Core Needle Biopsy Histopathology & Immunohistochemistry,Tissue Biopsy in 10% Formalin,"Infiltrating Ductal Carcinoma Grade 2, ER 85%+, PR 60%+, HER2/neu Negative",Benign / No malignancy,MALIGNANT_POSITIVE,High - Genomic/Oncology,4500,Diagnostic Laboratory Reports,Consent Verified (Active on Blockchain),AES-256-GCM,vault-transit-key-0x9f1e8c7a,Qm5e458953199e337b83fb5a159756fbaf21d2d46659be,Pinata Dedicated IPFS Gateway,0.0.4891024,5123,2026-09-13 11:51:16 UTC,0x77b5f0953f0dd4b70d37f830e59891277b50c594a0cd3fb255a9d0a49a4a0ec9,0.0001
LAB-REP-00124,ACC-LAB-004-000124,Apollo Diagnostics Advanced Enclave,0x23618e81E3f5cdF7f54C3d65f7FBc0aBf5B21E8f,NABL-MC-5102,"Dr. Shanti Swaminathan, MD",Deepak Malhotra,849324,0xb14a821528a3c775d50547799abe22aef7db51e0,65,female,Dr. Rajesh Sharma,0x3c44CdDdB6a900fa2b585dd299e03d12FA4293BC,Max Super Speciality Cancer Institute,Pathology / Biopsy,Core Needle Biopsy Histopathology & Immunohistochemistry,Tissue Biopsy in 10% Formalin,"Infiltrating Ductal Carcinoma Grade 2, ER 85%+, PR 60%+, HER2/neu Negative",Benign / No malignancy,MALIGNANT_POSITIVE,High - Genomic/Oncology,4500,Diagnostic Laboratory Reports,Emergency Diagnostic Upload (Pending Verification),AES-256-GCM,vault-transit-key-0xb14a8215,Qm9b3c26f8290eeb9442191bbc053ee9ad83561fc60886,Pinata Dedicated IPFS Gateway,0.0.4891024,5124,2026-09-13 11:51:19 UTC,0x665835d900b19cc0ea80e9a1e997129411097259d04e301381d1d014a712b7c6,0.0001
LAB-REP-00125,ACC-LAB-003-000125,Metropolis Healthcare Molecular Laboratory,0x14dC79964da2C08b23698B3D3cc7Ca32193d9955,NABL-MC-3819,"Dr. Nilesh Shah, MD",Meera Kapoor,849325,0x24fbe8eec6d99d539a968d768ad095a882d63a93,66,male,Dr. Rohan Patel,0x976EA74026E726554dB657fA54763abd0C3a0aa9,Apex Diagnostic & Pathology Hub,Imaging / Radiology,High-Resolution Non-Contrast Brain CT Scan,Radiological DICOM Imaging,"Small left temporal hemorrhagic contusion, no mass effect",No acute intracranial hemorrhage or midline shift,ABNORMAL_FINDING,Medium,3200,Diagnostic Laboratory Reports,Consent Verified (Active on Blockchain),AES-256-GCM,vault-transit-key-0x24fbe8ee,Qm8f66004d921e6d594f44d060d1a0729aee06b529fd29,Pinata Dedicated IPFS Gateway,0.0.4891024,5125,2026-09-13 11:51:21 UTC,0x2d55ab8ff1ac7cfab3edb66f91382dcaba0934262ce9246edb808a1d0d28a83b,0.0001
LAB-REP-00126,ACC-LAB-003-000126,Metropolis Healthcare Molecular Laboratory,0x14dC79964da2C08b23698B3D3cc7Ca32193d9955,NABL-MC-3819,"Dr. Nilesh Shah, MD",Harish Mehta,849326,0x1ce530bd509e8bbb40cd8599978b601e73415319,67,female,Dr. Rohan Patel,0x976EA74026E726554dB657fA54763abd0C3a0aa9,Fortis Memorial Neuro & Trauma Center,Metabolic Panel,Comprehensive Metabolic Panel (CMP),Serum,"Na: 138 mmol/L, K: 4.1 mmol/L, Creat: 1.05 mg/dL","Na: 135-145, K: 3.5-5.0, Creatinine: 0.7-1.3 mg/dL",NORMAL,Medium,1200,Diagnostic Laboratory Reports,Consent Verified (Active on Blockchain),AES-256-GCM,vault-transit-key-0x1ce530bd,Qm01a14e4610f39e6ca668afe6f4d572099bd62cb0a340,Pinata Dedicated IPFS Gateway,0.0.4891024,5126,2026-09-13 11:51:23 UTC,0xfb20ae1b6c2bcb546dd793ecae31c2076c21884eed987c6ff546e7fcf1760293,0.0001
LAB-REP-00127,ACC-LAB-003-000127,Metropolis Healthcare Molecular Laboratory,0x14dC79964da2C08b23698B3D3cc7Ca32193d9955,NABL-MC-3819,"Dr. Nilesh Shah, MD",Sanjay Gupta,849327,0x2cdd1c30cf531f080eebc09f9f781f28e2f0f577,68,male,Dr. Sarah Jenkins,0x04Fee3FD1B338d12FFD6dBD8d66dE1e8e0BB99cB,Care & Cure Pediatric & Maternity Hospital,Blood Tests,Thrombocytopenia Platelet Monitoring,Whole Blood (EDTA),"Platelets: 42,000 /uL (Severe Low)","Platelets: 150,000 - 450,000 /uL",CRITICAL_ALERT,Low,350,Diagnostic Laboratory Reports,Emergency Diagnostic Upload (Pending Verification),AES-256-GCM,vault-transit-key-0x2cdd1c30,Qm32279e6ad1c2d617157828d22a4e8367e6b2e0fc23ef,Pinata Dedicated IPFS Gateway,0.0.4891024,5127,2026-09-13 11:51:26 UTC,0x08a3613fff1b19d455cc7ba091ce0dbe9abb17dedd0b4ba14f6ec88fc7e800a6,0.0001
LAB-REP-00128,ACC-LAB-005-000128,SRL Diagnostics Regional Core Lab,0xa0Ee7A142d267C1f36714E4a8F75612F20a79720,NABL-MC-4491,"Dr. Ramesh Sarin, DNB Path",Anand Bhatia,849328,0xa8171e1ad098b05ed19641245e176b9dc7d36a48,69,female,Dr. Sarah Jenkins,0x04Fee3FD1B338d12FFD6dBD8d66dE1e8e0BB99cB,Care & Cure Pediatric & Maternity Hospital,Blood Tests,Thrombocytopenia Platelet Monitoring,Whole Blood (EDTA),"Platelets: 42,000 /uL (Severe Low)","Platelets: 150,000 - 450,000 /uL",CRITICAL_ALERT,Low,350,Diagnostic Laboratory Reports,Consent Verified (Active on Blockchain),AES-256-GCM,vault-transit-key-0xa8171e1a,Qmb4f671666da94474fda5af8e942b8114312c43f1d9eb,Pinata Dedicated IPFS Gateway,0.0.4891024,5128,2026-09-13 11:51:28 UTC,0x2eb0396cfe250a357a93e4a606f696d79457b1d548da2415f7b97ac00ba99cf4,0.0001
LAB-REP-00129,ACC-LAB-001-000129,Apex Diagnostic Reference Labs,0x04Fee3FD1B338d12FFD6dBD8d66dE1e8e0BB99cB,NABL-MC-2091,"Dr. Sunita Narang, MD Path",Chetan Mukherjee,849329,0x061ce4e62de1bd3fecdc9ca55db40646b55e1eb7,70,male,Dr. Vikram Seth,0x15d34AAf54267DB7D7c367839AAf71A00a2C6A65,Fortis Memorial Neuro & Trauma Center,Microbiology Tests,Dengue Duo NS1 Ag + IgM/IgG Antibody ELISA,Serum,"Dengue NS1 Antigen: POSITIVE, IgM: Reactive",Non-Reactive / Negative,POSITIVE_ABNORMAL,Medium,1400,Diagnostic Laboratory Reports,Consent Verified (Active on Blockchain),AES-256-GCM,vault-transit-key-0x061ce4e6,Qmf05f42772c2707c737c6f7e1ea6d3428be826c23a83b,Pinata Dedicated IPFS Gateway,0.0.4891024,5129,2026-09-13 11:51:30 UTC,0x2727c2b9463964b0bb34578f1f97488cc6f9839bd865fea7bd1f1ccb69564b0c,0.0001
LAB-REP-00130,ACC-LAB-003-000130,Metropolis Healthcare Molecular Laboratory,0x14dC79964da2C08b23698B3D3cc7Ca32193d9955,NABL-MC-3819,"Dr. Nilesh Shah, MD",Yashwanth Choudhury,849330,0xaba61d9ca43863cd3684852d6fa49441dade67dd,71,female,Dr. Ananya Roy,0x9965507D1a55bcC2695C58ba16FB37d819B0A4dc,Max Super Speciality Cancer Institute,Imaging / Radiology,Whole Body PET-CT Oncology Scan,18F-FDG Radiotracer DICOM,"Hypermetabolic primary lesion, SUVmax 9.2, no distant metastases","Physiological FDG biodistribution, no hypermetabolic malignancy",ABNORMAL_FINDING,High - Genomic/Oncology,18500,Diagnostic Laboratory Reports,Consent Verified (Active on Blockchain),AES-256-GCM,vault-transit-key-0xaba61d9c,Qm9a8c2d34a942d81218163a56a44d3fe759a342f2a8c2,Pinata Dedicated IPFS Gateway,0.0.4891024,5130,2026-09-13 11:51:32 UTC,0x0a3bbbb4308aa38c1444ca89445c6f414517062b962cbb30e3173e34657a04af,0.0001
LAB-REP-00131,ACC-LAB-002-000131,Dr. Lal PathLabs Central Reference Hub,0x976EA74026E726554dB657fA54763abd0C3a0aa9,NABL-MC-1044,"Dr. Arvind Lal, FRCPath",Sanjay Gowda,849331,0xc6a27b315705364733e7c15f8cbed91bc135d5ea,72,male,Dr. Vikram Seth,0x15d34AAf54267DB7D7c367839AAf71A00a2C6A65,Care & Cure Pediatric & Maternity Hospital,Cardiology Tests,High-Sensitivity Cardiac Troponin-I (hs-cTnI),Serum / Plasma,hs-cTnI: 1850 ng/L (Markedly Elevated Acute Myocardial Infarction),< 14 ng/L (99th Percentile Upper Reference Limit),CRITICAL_ALERT,Medium,1800,Diagnostic Laboratory Reports,Consent Verified (Active on Blockchain),AES-256-GCM,vault-transit-key-0xc6a27b31,Qm992c2e3ec962ffe834f1f35bc085cbaf8c88e722a84f,Pinata Dedicated IPFS Gateway,0.0.4891024,5131,2026-09-13 11:51:35 UTC,0xc8d9d37d35d60a3dca4b9c7b5c86565d8e887d91fbbd925298133d10eb5c6881,0.0001
LAB-REP-00132,ACC-LAB-004-000132,Apollo Diagnostics Advanced Enclave,0x23618e81E3f5cdF7f54C3d65f7FBc0aBf5B21E8f,NABL-MC-5102,"Dr. Shanti Swaminathan, MD",Riya Reddy,849332,0x043e77187acdf34df9cfbe0e6b99dff37610c43a,73,female,Dr. Sarah Jenkins,0x04Fee3FD1B338d12FFD6dBD8d66dE1e8e0BB99cB,Fortis Memorial Neuro & Trauma Center,Microbiology Tests,Dengue Duo NS1 Ag + IgM/IgG Antibody ELISA,Serum,"Dengue NS1 Antigen: POSITIVE, IgM: Reactive",Non-Reactive / Negative,POSITIVE_ABNORMAL,Medium,1400,Diagnostic Laboratory Reports,Consent Verified (Active on Blockchain),AES-256-GCM,vault-transit-key-0x043e7718,Qm3ad9b636ad6269893278a1646cac53d98f1b92ecb27f,Pinata Dedicated IPFS Gateway,0.0.4891024,5132,2026-09-13 11:51:37 UTC,0x2b89cd41c6a1494b128dfa51d52d8fd2a2a790c4c653a4c0c0f5ba9f269310e5,0.0001
LAB-REP-00133,ACC-LAB-002-000133,Dr. Lal PathLabs Central Reference Hub,0x976EA74026E726554dB657fA54763abd0C3a0aa9,NABL-MC-1044,"Dr. Arvind Lal, FRCPath",Kiran Banerjee,849333,0xd30ee5daca45a56c1b44a6e0b3af05c0294e7033,74,male,Dr. Vikram Seth,0x15d34AAf54267DB7D7c367839AAf71A00a2C6A65,Fortis Memorial Neuro & Trauma Center,Microbiology Tests,Dengue Duo NS1 Ag + IgM/IgG Antibody ELISA,Serum,"Dengue NS1 Antigen: POSITIVE, IgM: Reactive",Non-Reactive / Negative,POSITIVE_ABNORMAL,Medium,1400,Diagnostic Laboratory Reports,Consent Verified (Active on Blockchain),AES-256-GCM,vault-transit-key-0xd30ee5da,Qm416e87301d3f308ca90df1fd54e873be81650df45000,Pinata Dedicated IPFS Gateway,0.0.4891024,5133,2026-09-13 11:51:39 UTC,0x1e3a800d73c3e4ff03de682bb7171cfce89bf39816d618660bd8265fa12eed68,0.0001
LAB-REP-00134,ACC-LAB-005-000134,SRL Diagnostics Regional Core Lab,0xa0Ee7A142d267C1f36714E4a8F75612F20a79720,NABL-MC-4491,"Dr. Ramesh Sarin, DNB Path",Pranav Chatterjee,849334,0xce60a6220507d0a66af2bfe10aafb8fbe22457b0,75,female,Dr. Rohan Patel,0x976EA74026E726554dB657fA54763abd0C3a0aa9,Apollo Multispecialty Hospital,Lipid Profile,Comprehensive Lipid Panel,Serum (Fasting 12h),"Total Chol: 235 mg/dL (High), LDL: 155 mg/dL, TG: 180 mg/dL","Chol: <200 mg/dL, HDL: >40 mg/dL, LDL: <100 mg/dL, TG: <150 mg/dL",HIGH,Low,850,Diagnostic Laboratory Reports,Consent Verified (Active on Blockchain),AES-256-GCM,vault-transit-key-0xce60a622,Qmc954b4e3cf08f944e6a143145d5ebe50b9420e297d1f,Pinata Dedicated IPFS Gateway,0.0.4891024,5134,2026-09-13 11:51:42 UTC,0x9fd2031246f0594f21d243ad4e0bb459338e7ed1008508cc118fc8488dfae5e8,0.0001
LAB-REP-00135,ACC-LAB-001-000135,Apex Diagnostic Reference Labs,0x04Fee3FD1B338d12FFD6dBD8d66dE1e8e0BB99cB,NABL-MC-2091,"Dr. Sunita Narang, MD Path",Pooja Kapoor,849335,0x18aa86e6afc476067728e9a270d9faa5b3987822,76,male,Dr. Sunita Narang,0xBcd4042DE499D14e55001CcbB24a551F3b954096,Apollo Multispecialty Hospital,Imaging / Radiology,High-Resolution Non-Contrast Brain CT Scan,Radiological DICOM Imaging,"Small left temporal hemorrhagic contusion, no mass effect",No acute intracranial hemorrhage or midline shift,ABNORMAL_FINDING,Medium,3200,Diagnostic Laboratory Reports,Consent Verified (Active on Blockchain),AES-256-GCM,vault-transit-key-0x18aa86e6,Qm1412539b7f7d6a830b63860583ad3ac5cce5bfd1e9c6,Pinata Dedicated IPFS Gateway,0.0.4891024,5135,2026-09-13 11:51:44 UTC,0x212c067487a0938d2a5607e05eb727062c68d014b67941ee98742087308ae1cf,0.0001
LAB-REP-00136,ACC-LAB-005-000136,SRL Diagnostics Regional Core Lab,0xa0Ee7A142d267C1f36714E4a8F75612F20a79720,NABL-MC-4491,"Dr. Ramesh Sarin, DNB Path",Chetan Malhotra,849336,0x3565dbedccc84d9bc462cbf864d3a4ed57930330,77,female,Dr. Rajesh Sharma,0x3c44CdDdB6a900fa2b585dd299e03d12FA4293BC,Care & Cure Pediatric & Maternity Hospital,Blood Tests,Complete Blood Count (CBC),Whole Blood (EDTA),"Hb: 13.5 g/dL, WBC: 7200 /uL, Platelets: 2.4 Lakhs/uL","Hb: 12-16 g/dL, WBC: 4000-11000 /uL, Platelets: 1.5-4.5 Lakhs/uL",NORMAL,Low,450,Diagnostic Laboratory Reports,Consent Verified (Active on Blockchain),AES-256-GCM,vault-transit-key-0x3565dbed,Qm0c5d622f46f325b9b8ea6824897d9e7c92452dba34f0,Pinata Dedicated IPFS Gateway,0.0.4891024,5136,2026-09-13 11:51:46 UTC,0x654b2143531e597343ca722dcf0ae447f121ad05307c4bf3400cf2b89adecd0d,0.0001
LAB-REP-00137,ACC-LAB-003-000137,Metropolis Healthcare Molecular Laboratory,0x14dC79964da2C08b23698B3D3cc7Ca32193d9955,NABL-MC-3819,"Dr. Nilesh Shah, MD",Harish Patel,849337,0x7f98981b8619f50c9d85f592924f533c95acc0af,78,male,Dr. Sunita Narang,0xBcd4042DE499D14e55001CcbB24a551F3b954096,Max Super Speciality Cancer Institute,Endocrinology Tests,"Thyroid Function Panel (TSH, Free T3, Free T4)",Serum,"TSH: 6.8 uIU/mL (Hypothyroid), FT4: 0.72 ng/dL (Low)","TSH: 0.45-4.5 uIU/mL, FT3: 2.0-4.4 pg/mL, FT4: 0.8-1.8 ng/dL",LOW,Low,750,Diagnostic Laboratory Reports,Consent Verified (Active on Blockchain),AES-256-GCM,vault-transit-key-0x7f98981b,Qm69b8d9c7a80bf60739404a982289a9370eecfabfef91,Pinata Dedicated IPFS Gateway,0.0.4891024,5137,2026-09-13 11:51:48 UTC,0x4a2d5c4b9cc6e656d734e22edc6a33e38ac19bfa343fb39761202c8bf98da852,0.0001
LAB-REP-00138,ACC-LAB-005-000138,SRL Diagnostics Regional Core Lab,0xa0Ee7A142d267C1f36714E4a8F75612F20a79720,NABL-MC-4491,"Dr. Ramesh Sarin, DNB Path",Aarav Choudhury,849338,0x60ab6de9d9e202a3077fbc1aa4603425b48d5c75,79,female,Dr. Ananya Roy,0x9965507D1a55bcC2695C58ba16FB37d819B0A4dc,Max Super Speciality Cancer Institute,Kidney Function Tests,Renal Function Profile (KFT),Serum,"BUN: 14 mg/dL, Creatinine: 0.9 mg/dL, eGFR: 92 mL/min","BUN: 7-20 mg/dL, Creatinine: 0.6-1.2 mg/dL, eGFR: >60 mL/min",NORMAL,Low,850,Diagnostic Laboratory Reports,Consent Verified (Active on Blockchain),AES-256-GCM,vault-transit-key-0x60ab6de9,Qmf7104c4361dd30e20746c6b90371737ad479e13a65be,Pinata Dedicated IPFS Gateway,0.0.4891024,5138,2026-09-13 11:51:50 UTC,0x93b5ea6c612aa0dcab8d752f314d8fb031522ab2d22e6094665921fcb6fb1bd4,0.0001
LAB-REP-00139,ACC-LAB-003-000139,Metropolis Healthcare Molecular Laboratory,0x14dC79964da2C08b23698B3D3cc7Ca32193d9955,NABL-MC-3819,"Dr. Nilesh Shah, MD",Vikas Pillai,849339,0x2ad882f314cd8cdf48b56b0d45e7f1dee333ec8d,80,male,Dr. Ananya Roy,0x9965507D1a55bcC2695C58ba16FB37d819B0A4dc,Fortis Memorial Neuro & Trauma Center,Pathology / Biopsy,Core Needle Biopsy Histopathology & Immunohistochemistry,Tissue Biopsy in 10% Formalin,"Infiltrating Ductal Carcinoma Grade 2, ER 85%+, PR 60%+, HER2/neu Negative",Benign / No malignancy,MALIGNANT_POSITIVE,High - Genomic/Oncology,4500,Diagnostic Laboratory Reports,Consent Verified (Active on Blockchain),AES-256-GCM,vault-transit-key-0x2ad882f3,Qm9f795805367868c3be510d1ab3472c68e60aebcf4272,Pinata Dedicated IPFS Gateway,0.0.4891024,5139,2026-09-13 11:51:53 UTC,0x3aa64bccec78ac6143e215d8386ae3cc72991d7c5a1d37405c5f6f29b4bb63c3,0.0001
LAB-REP-00140,ACC-LAB-005-000140,SRL Diagnostics Regional Core Lab,0xa0Ee7A142d267C1f36714E4a8F75612F20a79720,NABL-MC-4491,"Dr. Ramesh Sarin, DNB Path",Pranav Chatterjee,849340,0xf04dbe98dbe5ec38f13d775f723907d73652a3d0,81,female,Dr. Sarah Jenkins,0x04Fee3FD1B338d12FFD6dBD8d66dE1e8e0BB99cB,Apollo Multispecialty Hospital,Cardiology Tests,High-Sensitivity Cardiac Troponin-I (hs-cTnI),Serum / Plasma,hs-cTnI: 1850 ng/L (Markedly Elevated Acute Myocardial Infarction),< 14 ng/L (99th Percentile Upper Reference Limit),CRITICAL_ALERT,Medium,1800,Diagnostic Laboratory Reports,Consent Verified (Active on Blockchain),AES-256-GCM,vault-transit-key-0xf04dbe98,Qm12285e82721559c5f94471bd88ce903b70a0418ce396,Pinata Dedicated IPFS Gateway,0.0.4891024,5140,2026-09-13 11:51:55 UTC,0x2ec99e19a77ba10995004b11eaed6da3938cda308b7f00c2b7e737f5757da906,0.0001
LAB-REP-00141,ACC-LAB-004-000141,Apollo Diagnostics Advanced Enclave,0x23618e81E3f5cdF7f54C3d65f7FBc0aBf5B21E8f,NABL-MC-5102,"Dr. Shanti Swaminathan, MD",Sanjay Kapoor,849341,0x2cdb116080e8e3256a58568e09aba3b8971aba42,82,male,Dr. Rajesh Sharma,0x3c44CdDdB6a900fa2b585dd299e03d12FA4293BC,Fortis Memorial Neuro & Trauma Center,Liver Function Tests,Liver Function Profile (LFT),Serum,"ALT: 88 U/L (High), AST: 74 U/L (High), Total Bili: 1.8 mg/dL","ALT: 7-56 U/L, AST: 10-40 U/L, Bilirubin: 0.1-1.2 mg/dL",HIGH,Low,950,Diagnostic Laboratory Reports,Emergency Diagnostic Upload (Pending Verification),AES-256-GCM,vault-transit-key-0x2cdb1160,Qme51487e2339ae3ea7343190fe76e6791f04eb45c13b2,Pinata Dedicated IPFS Gateway,0.0.4891024,5141,2026-09-13 11:51:57 UTC,0x6524969c2bcaee33bde9690e6f864f805bb4ad71251ca5d88a7c25f2c62fa7ea,0.0001
LAB-REP-00142,ACC-LAB-004-000142,Apollo Diagnostics Advanced Enclave,0x23618e81E3f5cdF7f54C3d65f7FBc0aBf5B21E8f,NABL-MC-5102,"Dr. Shanti Swaminathan, MD",Divya Menon,849342,0x28d771faa208cc78d603859cb019fb230d6d9d36,83,female,Dr. Ananya Roy,0x9965507D1a55bcC2695C58ba16FB37d819B0A4dc,Care & Cure Pediatric & Maternity Hospital,Metabolic Panel,Comprehensive Metabolic Panel (CMP),Serum,"Na: 138 mmol/L, K: 4.1 mmol/L, Creat: 1.05 mg/dL","Na: 135-145, K: 3.5-5.0, Creatinine: 0.7-1.3 mg/dL",NORMAL,Medium,1200,Diagnostic Laboratory Reports,Consent Verified (Active on Blockchain),AES-256-GCM,vault-transit-key-0x28d771fa,Qm8b04a2d060aea5d920d0ff281a28db20a37460b7f417,Pinata Dedicated IPFS Gateway,0.0.4891024,5142,2026-09-13 11:51:59 UTC,0x2ef81e3a578f49d84bcf71e5aad62e28e0aef893a81cf03473aa21fb523973ed,0.0001
LAB-REP-00143,ACC-LAB-002-000143,Dr. Lal PathLabs Central Reference Hub,0x976EA74026E726554dB657fA54763abd0C3a0aa9,NABL-MC-1044,"Dr. Arvind Lal, FRCPath",Rohan Rao,849343,0xcecb42f31c5fad15f08e063e8639cc929d7e6e07,84,male,Dr. Sunita Narang,0xBcd4042DE499D14e55001CcbB24a551F3b954096,Care & Cure Pediatric & Maternity Hospital,Metabolic Panel,Comprehensive Metabolic Panel (CMP),Serum,"Na: 138 mmol/L, K: 4.1 mmol/L, Creat: 1.05 mg/dL","Na: 135-145, K: 3.5-5.0, Creatinine: 0.7-1.3 mg/dL",NORMAL,Medium,1200,Diagnostic Laboratory Reports,Consent Verified (Active on Blockchain),AES-256-GCM,vault-transit-key-0xcecb42f3,Qm2ae714113c6a7167d9a7993a6c0ec24b4056795881db,Pinata Dedicated IPFS Gateway,0.0.4891024,5143,2026-09-13 11:52:02 UTC,0x1ef719e02aa30cda42754b64aa464aa13aef78a4ca638ac6804e361d3a3f84a5,0.0001
LAB-REP-00144,ACC-LAB-003-000144,Metropolis Healthcare Molecular Laboratory,0x14dC79964da2C08b23698B3D3cc7Ca32193d9955,NABL-MC-3819,"Dr. Nilesh Shah, MD",Varun Deshmukh,849344,0x2491dff8e8b727306850ee4f7be32eca9c3ecf36,85,female,Dr. Sarah Jenkins,0x04Fee3FD1B338d12FFD6dBD8d66dE1e8e0BB99cB,Apex Diagnostic & Pathology Hub,Microbiology Tests,Dengue Duo NS1 Ag + IgM/IgG Antibody ELISA,Serum,"Dengue NS1 Antigen: POSITIVE, IgM: Reactive",Non-Reactive / Negative,POSITIVE_ABNORMAL,Medium,1400,Diagnostic Laboratory Reports,Consent Verified (Active on Blockchain),AES-256-GCM,vault-transit-key-0x2491dff8,Qmf6e5e938ef859d109f83fc1c31c97c55a437527a4a4c,Pinata Dedicated IPFS Gateway,0.0.4891024,5144,2026-09-13 11:52:04 UTC,0x25bb8205889fad2d3addb0e0afda3e040f80bd7b0a254959c20ae888a1d5d97d,0.0001
LAB-REP-00145,ACC-LAB-001-000145,Apex Diagnostic Reference Labs,0x04Fee3FD1B338d12FFD6dBD8d66dE1e8e0BB99cB,NABL-MC-2091,"Dr. Sunita Narang, MD Path",Aditi Pillai,849345,0x977195ce2b72e0cb13063ef35e4141efad7b9a3d,86,male,Dr. Sarah Jenkins,0x04Fee3FD1B338d12FFD6dBD8d66dE1e8e0BB99cB,Apollo Multispecialty Hospital,Cardiology Tests,High-Sensitivity Cardiac Troponin-I (hs-cTnI),Serum / Plasma,hs-cTnI: 1850 ng/L (Markedly Elevated Acute Myocardial Infarction),< 14 ng/L (99th Percentile Upper Reference Limit),CRITICAL_ALERT,Medium,1800,Diagnostic Laboratory Reports,Consent Verified (Active on Blockchain),AES-256-GCM,vault-transit-key-0x977195ce,Qm5f128118bb0f2631a423e97ea33a3751428bbde547f2,Pinata Dedicated IPFS Gateway,0.0.4891024,5145,2026-09-13 11:52:06 UTC,0x92634e7df64876c0453ce3109120d16f4a1bf40aa06b2bb1271c71d969e8ef91,0.0001
LAB-REP-00146,ACC-LAB-005-000146,SRL Diagnostics Regional Core Lab,0xa0Ee7A142d267C1f36714E4a8F75612F20a79720,NABL-MC-4491,"Dr. Ramesh Sarin, DNB Path",Amit Rao,849346,0x36c949ed102f1982e8c33696195ad10eed40b43b,87,female,Dr. Sarah Jenkins,0x04Fee3FD1B338d12FFD6dBD8d66dE1e8e0BB99cB,Apex Diagnostic & Pathology Hub,Lipid Profile,Comprehensive Lipid Panel,Serum (Fasting 12h),"Total Chol: 235 mg/dL (High), LDL: 155 mg/dL, TG: 180 mg/dL","Chol: <200 mg/dL, HDL: >40 mg/dL, LDL: <100 mg/dL, TG: <150 mg/dL",HIGH,Low,850,Diagnostic Laboratory Reports,Consent Verified (Active on Blockchain),AES-256-GCM,vault-transit-key-0x36c949ed,Qmd23f9f96127160880b530b7038da2ba8aba1032b44c7,Pinata Dedicated IPFS Gateway,0.0.4891024,5146,2026-09-13 11:52:09 UTC,0x4fba88d2ba24f05d13521d8468a40c57727022ea4d8dc91eb821c5f705b3acfa,0.0001
LAB-REP-00147,ACC-LAB-001-000147,Apex Diagnostic Reference Labs,0x04Fee3FD1B338d12FFD6dBD8d66dE1e8e0BB99cB,NABL-MC-2091,"Dr. Sunita Narang, MD Path",Sameer Nair,849347,0xd90c7aa2af6e9a3ede5ae0e6474f554870b8aade,88,male,Dr. Preeti Deshmukh,0x23618e81E3f5cdF7f54C3d65f7FBc0aBf5B21E8f,Apollo Multispecialty Hospital,Cardiology Tests,High-Sensitivity Cardiac Troponin-I (hs-cTnI),Serum / Plasma,hs-cTnI: 1850 ng/L (Markedly Elevated Acute Myocardial Infarction),< 14 ng/L (99th Percentile Upper Reference Limit),CRITICAL_ALERT,Medium,1800,Diagnostic Laboratory Reports,Consent Verified (Active on Blockchain),AES-256-GCM,vault-transit-key-0xd90c7aa2,Qmef12dbcade3b8958b7e09a5187601d2ecd0ef3f90717,Pinata Dedicated IPFS Gateway,0.0.4891024,5147,2026-09-13 11:52:11 UTC,0x52a30b039550d5599ad272d7dde9821cc1232f09dd91fc890d895358fd438bbd,0.0001
LAB-REP-00148,ACC-LAB-003-000148,Metropolis Healthcare Molecular Laboratory,0x14dC79964da2C08b23698B3D3cc7Ca32193d9955,NABL-MC-3819,"Dr. Nilesh Shah, MD",Chetan Choudhury,849348,0x10b1a0728fc7e3642562ae2e406e38ee708ac773,89,female,Dr. Rajesh Sharma,0x3c44CdDdB6a900fa2b585dd299e03d12FA4293BC,Fortis Memorial Neuro & Trauma Center,Endocrinology Tests,HbA1c Glycated Hemoglobin,Whole Blood (EDTA),HbA1c: 7.6% (Diabetic Range),"<5.7% Normal, 5.7-6.4% Prediabetes, >=6.5% Diabetes",HIGH,Low,650,Diagnostic Laboratory Reports,Consent Verified (Active on Blockchain),AES-256-GCM,vault-transit-key-0x10b1a072,Qm2411f9c29d7aeeec61f29bc2c79681e383ed7d780a3b,Pinata Dedicated IPFS Gateway,0.0.4891024,5148,2026-09-13 11:52:13 UTC,0x9f72cc1d30d44d960b4282b002cd1214bf46b48bef9a081dbc44b90a40577b7b,0.0001
LAB-REP-00149,ACC-LAB-005-000149,SRL Diagnostics Regional Core Lab,0xa0Ee7A142d267C1f36714E4a8F75612F20a79720,NABL-MC-4491,"Dr. Ramesh Sarin, DNB Path",Chetan Choudhury,849349,0x4c62c06a133db4c48e597bda9c40b496a6ca1e51,90,male,Dr. Sunita Narang,0xBcd4042DE499D14e55001CcbB24a551F3b954096,Apex Diagnostic & Pathology Hub,Imaging / Radiology,High-Resolution Non-Contrast Brain CT Scan,Radiological DICOM Imaging,"Small left temporal hemorrhagic contusion, no mass effect",No acute intracranial hemorrhage or midline shift,ABNORMAL_FINDING,Medium,3200,Diagnostic Laboratory Reports,Consent Verified (Active on Blockchain),AES-256-GCM,vault-transit-key-0x4c62c06a,Qm0690d9003c3b0f76e1a9f809dd467ef2e695241fbd5e,Pinata Dedicated IPFS Gateway,0.0.4891024,5149,2026-09-13 11:52:15 UTC,0xf76ba19d3d02d32b153d8b416c4c52872593de50ef6c76773de9489a9d367a69,0.0001
LAB-REP-00150,ACC-LAB-005-000150,SRL Diagnostics Regional Core Lab,0xa0Ee7A142d267C1f36714E4a8F75612F20a79720,NABL-MC-4491,"Dr. Ramesh Sarin, DNB Path",Vikas Nair,849350,0xc6c0dd5ab7bd08055cf2393dc7a25116525c963d,16,female,Dr. Vikram Seth,0x15d34AAf54267DB7D7c367839AAf71A00a2C6A65,Care & Cure Pediatric & Maternity Hospital,Kidney Function Tests,Renal Function Profile (KFT),Serum,"BUN: 14 mg/dL, Creatinine: 0.9 mg/dL, eGFR: 92 mL/min","BUN: 7-20 mg/dL, Creatinine: 0.6-1.2 mg/dL, eGFR: >60 mL/min",NORMAL,Low,850,Diagnostic Laboratory Reports,Consent Verified (Active on Blockchain),AES-256-GCM,vault-transit-key-0xc6c0dd5a,Qm8cda7fc13293f178e8dd7cd19355eb7b9e47a19aa55c,Pinata Dedicated IPFS Gateway,0.0.4891024,5150,2026-09-13 11:52:18 UTC,0x6ab4adf775ef90b7317e6717f20e63ca8ef947067a968330067922aaef7c9c0a,0.0001
LAB-REP-00151,ACC-LAB-005-000151,SRL Diagnostics Regional Core Lab,0xa0Ee7A142d267C1f36714E4a8F75612F20a79720,NABL-MC-4491,"Dr. Ramesh Sarin, DNB Path",Chetan Gupta,849351,0xca99fc7bf799ac72519f3aa1a15cd3fc7360fbc2,17,male,Dr. Preeti Deshmukh,0x23618e81E3f5cdF7f54C3d65f7FBc0aBf5B21E8f,Apollo Multispecialty Hospital,Microbiology Tests,Dengue Duo NS1 Ag + IgM/IgG Antibody ELISA,Serum,"Dengue NS1 Antigen: POSITIVE, IgM: Reactive",Non-Reactive / Negative,POSITIVE_ABNORMAL,Medium,1400,Diagnostic Laboratory Reports,Consent Verified (Active on Blockchain),AES-256-GCM,vault-transit-key-0xca99fc7b,Qmace81e0d8b706115a16bf2719e37ff65289908641a86,Pinata Dedicated IPFS Gateway,0.0.4891024,5151,2026-09-13 11:52:19 UTC,0x4a1d3264f1d63d10e983dfecb2553ff664fa27c7ff347c57f91af0ac3ad3f990,0.0001
LAB-REP-00152,ACC-LAB-005-000152,SRL Diagnostics Regional Core Lab,0xa0Ee7A142d267C1f36714E4a8F75612F20a79720,NABL-MC-4491,"Dr. Ramesh Sarin, DNB Path",Deepak Banerjee,849352,0x5dbc56f03e217f77d3bc45c8d866d1524ed1fca2,18,female,Dr. Ananya Roy,0x9965507D1a55bcC2695C58ba16FB37d819B0A4dc,Apex Diagnostic & Pathology Hub,Microbiology Tests,Dengue Duo NS1 Ag + IgM/IgG Antibody ELISA,Serum,"Dengue NS1 Antigen: POSITIVE, IgM: Reactive",Non-Reactive / Negative,POSITIVE_ABNORMAL,Medium,1400,Diagnostic Laboratory Reports,Consent Verified (Active on Blockchain),AES-256-GCM,vault-transit-key-0x5dbc56f0,Qm0a14c1e97ec0c6295f9e9a6d2bf6c70b478c82f03c8d,Pinata Dedicated IPFS Gateway,0.0.4891024,5152,2026-09-13 11:52:22 UTC,0x6d03d2d1d3987a3a627d8d0a88df225b08654e8804c6b75b417f7166e6cdc768,0.0001
LAB-REP-00153,ACC-LAB-002-000153,Dr. Lal PathLabs Central Reference Hub,0x976EA74026E726554dB657fA54763abd0C3a0aa9,NABL-MC-1044,"Dr. Arvind Lal, FRCPath",Deepak Ghosh,849353,0x07896b3fd009e32b8e6a66257d464459697de7dc,19,male,Dr. Vikram Seth,0x15d34AAf54267DB7D7c367839AAf71A00a2C6A65,Apex Diagnostic & Pathology Hub,Cardiology Tests,High-Sensitivity Cardiac Troponin-I (hs-cTnI),Serum / Plasma,hs-cTnI: 1850 ng/L (Markedly Elevated Acute Myocardial Infarction),< 14 ng/L (99th Percentile Upper Reference Limit),CRITICAL_ALERT,Medium,1800,Diagnostic Laboratory Reports,Consent Verified (Active on Blockchain),AES-256-GCM,vault-transit-key-0x07896b3f,Qm528ed3ce5081d4d540ab1e6ddeac1ddcf0b0355a6c39,Pinata Dedicated IPFS Gateway,0.0.4891024,5153,2026-09-13 11:52:24 UTC,0xe4fa9a5f87fd159fb7b9d9070729d59729650ecc80a209025dd0ee0d68d5956c,0.0001
LAB-REP-00154,ACC-LAB-001-000154,Apex Diagnostic Reference Labs,0x04Fee3FD1B338d12FFD6dBD8d66dE1e8e0BB99cB,NABL-MC-2091,"Dr. Sunita Narang, MD Path",Vikas Swaminathan,849354,0x7bb6fed1088c88f134a612fabe7478d8685302cc,20,female,Dr. Ananya Roy,0x9965507D1a55bcC2695C58ba16FB37d819B0A4dc,Apollo Multispecialty Hospital,Kidney Function Tests,Renal Function Profile (KFT),Serum,"BUN: 14 mg/dL, Creatinine: 0.9 mg/dL, eGFR: 92 mL/min","BUN: 7-20 mg/dL, Creatinine: 0.6-1.2 mg/dL, eGFR: >60 mL/min",NORMAL,Low,850,Diagnostic Laboratory Reports,Consent Verified (Active on Blockchain),AES-256-GCM,vault-transit-key-0x7bb6fed1,Qm6bacf89329693476f637c0197069869d1476becaed62,Pinata Dedicated IPFS Gateway,0.0.4891024,5154,2026-09-13 11:52:26 UTC,0x329cff1c6586eb2f89afdf65aa05fe033801678b4114792b5df9caec15e36eca,0.0001
LAB-REP-00155,ACC-LAB-001-000155,Apex Diagnostic Reference Labs,0x04Fee3FD1B338d12FFD6dBD8d66dE1e8e0BB99cB,NABL-MC-2091,"Dr. Sunita Narang, MD Path",Sameer Hegde,849355,0x8781c811afccda25a04c88c4894dfdb153e2f282,21,male,Dr. Sunita Narang,0xBcd4042DE499D14e55001CcbB24a551F3b954096,Fortis Memorial Neuro & Trauma Center,Imaging / Radiology,Whole Body PET-CT Oncology Scan,18F-FDG Radiotracer DICOM,"Hypermetabolic primary lesion, SUVmax 9.2, no distant metastases","Physiological FDG biodistribution, no hypermetabolic malignancy",ABNORMAL_FINDING,High - Genomic/Oncology,18500,Diagnostic Laboratory Reports,Emergency Diagnostic Upload (Pending Verification),AES-256-GCM,vault-transit-key-0x8781c811,Qmd39b0494b6a2189ba848537ac74579b37e7c17270d75,Pinata Dedicated IPFS Gateway,0.0.4891024,5155,2026-09-13 11:52:29 UTC,0x9042c2f674c51e3e9ab7904df471f78be2878d59cfa6d6e0056bb3bd35f0d062,0.0001
LAB-REP-00156,ACC-LAB-002-000156,Dr. Lal PathLabs Central Reference Hub,0x976EA74026E726554dB657fA54763abd0C3a0aa9,NABL-MC-1044,"Dr. Arvind Lal, FRCPath",Anand Gowda,849356,0xa9688a5504c5e6bb09b38a232e46da09df539834,22,female,Dr. Rohan Patel,0x976EA74026E726554dB657fA54763abd0C3a0aa9,Care & Cure Pediatric & Maternity Hospital,Cardiology Tests,High-Sensitivity Cardiac Troponin-I (hs-cTnI),Serum / Plasma,hs-cTnI: 1850 ng/L (Markedly Elevated Acute Myocardial Infarction),< 14 ng/L (99th Percentile Upper Reference Limit),CRITICAL_ALERT,Medium,1800,Diagnostic Laboratory Reports,Consent Verified (Active on Blockchain),AES-256-GCM,vault-transit-key-0xa9688a55,Qm8051c8bf10a2d1c309895df5763d4fcf75398834c33a,Pinata Dedicated IPFS Gateway,0.0.4891024,5156,2026-09-13 11:52:31 UTC,0xa6c0c882f987fdc4e5f2a898d7aff6ce72d0ea425a9a04dbc5993886e8b03373,0.0001
LAB-REP-00157,ACC-LAB-001-000157,Apex Diagnostic Reference Labs,0x04Fee3FD1B338d12FFD6dBD8d66dE1e8e0BB99cB,NABL-MC-2091,"Dr. Sunita Narang, MD Path",Pooja Kulkarni,849357,0x1ea42a4fe4e748db655cfb656de7147cad9f7201,23,male,Dr. Rajesh Sharma,0x3c44CdDdB6a900fa2b585dd299e03d12FA4293BC,Apex Diagnostic & Pathology Hub,Cardiology Tests,High-Sensitivity Cardiac Troponin-I (hs-cTnI),Serum / Plasma,hs-cTnI: 1850 ng/L (Markedly Elevated Acute Myocardial Infarction),< 14 ng/L (99th Percentile Upper Reference Limit),CRITICAL_ALERT,Medium,1800,Diagnostic Laboratory Reports,Consent Verified (Active on Blockchain),AES-256-GCM,vault-transit-key-0x1ea42a4f,Qm96cc2fc7d9dd5afd7e5f42afa8666ed7e26a63a8ea96,Pinata Dedicated IPFS Gateway,0.0.4891024,5157,2026-09-13 11:52:33 UTC,0xeb41232d2f7609a6ff553f63c29613973bdbecc91a53cb499a145c9bc20065bf,0.0001
LAB-REP-00158,ACC-LAB-001-000158,Apex Diagnostic Reference Labs,0x04Fee3FD1B338d12FFD6dBD8d66dE1e8e0BB99cB,NABL-MC-2091,"Dr. Sunita Narang, MD Path",Geeta Reddy,849358,0x22fd879ec69f5611bd3dca913adf0831c2350af9,24,female,Dr. Rohan Patel,0x976EA74026E726554dB657fA54763abd0C3a0aa9,Max Super Speciality Cancer Institute,Microbiology Tests,Dengue Duo NS1 Ag + IgM/IgG Antibody ELISA,Serum,"Dengue NS1 Antigen: POSITIVE, IgM: Reactive",Non-Reactive / Negative,POSITIVE_ABNORMAL,Medium,1400,Diagnostic Laboratory Reports,Emergency Diagnostic Upload (Pending Verification),AES-256-GCM,vault-transit-key-0x22fd879e,Qm5e73fd260739423dda21a689ebaa3eee9d0518cb0b70,Pinata Dedicated IPFS Gateway,0.0.4891024,5158,2026-09-13 11:52:36 UTC,0xda0443f0f1a46c5ca3784696ec3e1cbefc0a1737e6aae6eb642c2d8988a49abb,0.0001
LAB-REP-00159,ACC-LAB-003-000159,Metropolis Healthcare Molecular Laboratory,0x14dC79964da2C08b23698B3D3cc7Ca32193d9955,NABL-MC-3819,"Dr. Nilesh Shah, MD",Geeta Patel,849359,0x23a9a9b33a00dce5615df1453c6b52ec61f760ec,25,male,Dr. Vikram Seth,0x15d34AAf54267DB7D7c367839AAf71A00a2C6A65,Apex Diagnostic & Pathology Hub,Blood Tests,Complete Blood Count (CBC),Whole Blood (EDTA),"Hb: 13.5 g/dL, WBC: 7200 /uL, Platelets: 2.4 Lakhs/uL","Hb: 12-16 g/dL, WBC: 4000-11000 /uL, Platelets: 1.5-4.5 Lakhs/uL",NORMAL,Low,450,Diagnostic Laboratory Reports,Consent Verified (Active on Blockchain),AES-256-GCM,vault-transit-key-0x23a9a9b3,Qm2ed0bb5306f8f602025717e5b2293a916030647c66a5,Pinata Dedicated IPFS Gateway,0.0.4891024,5159,2026-09-13 11:52:38 UTC,0x11d5dd956edf3b083c39fb4510b193ebb490dda492acf2182dd152b26e036b34,0.0001
LAB-REP-00160,ACC-LAB-005-000160,SRL Diagnostics Regional Core Lab,0xa0Ee7A142d267C1f36714E4a8F75612F20a79720,NABL-MC-4491,"Dr. Ramesh Sarin, DNB Path",Nandini Shetty,849360,0x1eabafa530f41f967b2b1b82ac4b55dd8bbeeeef,26,female,Dr. Preeti Deshmukh,0x23618e81E3f5cdF7f54C3d65f7FBc0aBf5B21E8f,Max Super Speciality Cancer Institute,Blood Tests,Thrombocytopenia Platelet Monitoring,Whole Blood (EDTA),"Platelets: 42,000 /uL (Severe Low)","Platelets: 150,000 - 450,000 /uL",CRITICAL_ALERT,Low,350,Diagnostic Laboratory Reports,Consent Verified (Active on Blockchain),AES-256-GCM,vault-transit-key-0x1eabafa5,Qmc4e308ad391352104fc6807c03300fe0cb18437720b0,Pinata Dedicated IPFS Gateway,0.0.4891024,5160,2026-09-13 11:52:40 UTC,0x815572ae19d2498c64b1eb5b91360ba74648e20f3b0fdca935733ff031792898,0.0001
LAB-REP-00161,ACC-LAB-003-000161,Metropolis Healthcare Molecular Laboratory,0x14dC79964da2C08b23698B3D3cc7Ca32193d9955,NABL-MC-3819,"Dr. Nilesh Shah, MD",Arjun Bhatia,849361,0x0527684afa835845127f4a11daa7ecf3fbfb7516,27,male,Dr. Rajesh Sharma,0x3c44CdDdB6a900fa2b585dd299e03d12FA4293BC,Apex Diagnostic & Pathology Hub,Endocrinology Tests,HbA1c Glycated Hemoglobin,Whole Blood (EDTA),HbA1c: 7.6% (Diabetic Range),"<5.7% Normal, 5.7-6.4% Prediabetes, >=6.5% Diabetes",HIGH,Low,650,Diagnostic Laboratory Reports,Emergency Diagnostic Upload (Pending Verification),AES-256-GCM,vault-transit-key-0x0527684a,Qm567ffaeb2ab513ef9995e38002501f4979036ff7cdcf,Pinata Dedicated IPFS Gateway,0.0.4891024,5161,2026-09-13 11:52:42 UTC,0x3014e082458ddb607f963c99050438991c5b77e3357f216553a9dff9787d44b4,0.0001
LAB-REP-00162,ACC-LAB-003-000162,Metropolis Healthcare Molecular Laboratory,0x14dC79964da2C08b23698B3D3cc7Ca32193d9955,NABL-MC-3819,"Dr. Nilesh Shah, MD",Pooja Rao,849362,0xd2646edd7e4ec08680d1574f788dd6b88dd32710,28,female,Dr. Sarah Jenkins,0x04Fee3FD1B338d12FFD6dBD8d66dE1e8e0BB99cB,Fortis Memorial Neuro & Trauma Center,Imaging / Radiology,High-Resolution Non-Contrast Brain CT Scan,Radiological DICOM Imaging,"Small left temporal hemorrhagic contusion, no mass effect",No acute intracranial hemorrhage or midline shift,ABNORMAL_FINDING,Medium,3200,Diagnostic Laboratory Reports,Consent Verified (Active on Blockchain),AES-256-GCM,vault-transit-key-0xd2646edd,Qm5c63d8c96dca2535e9520611a58750a6cda38ef7f1fc,Pinata Dedicated IPFS Gateway,0.0.4891024,5162,2026-09-13 11:52:45 UTC,0xb044e4560c54873bceb6a4532ff057ed0223d1f880cde83fb3aa5de7448c1fe8,0.0001
LAB-REP-00163,ACC-LAB-004-000163,Apollo Diagnostics Advanced Enclave,0x23618e81E3f5cdF7f54C3d65f7FBc0aBf5B21E8f,NABL-MC-5102,"Dr. Shanti Swaminathan, MD",Aditi Gowda,849363,0x95e28ea6bae4c4b486724ca0f9137fbd72f72445,29,male,Dr. Preeti Deshmukh,0x23618e81E3f5cdF7f54C3d65f7FBc0aBf5B21E8f,Apollo Multispecialty Hospital,Imaging / Radiology,Whole Body PET-CT Oncology Scan,18F-FDG Radiotracer DICOM,"Hypermetabolic primary lesion, SUVmax 9.2, no distant metastases","Physiological FDG biodistribution, no hypermetabolic malignancy",ABNORMAL_FINDING,High - Genomic/Oncology,18500,Diagnostic Laboratory Reports,Consent Verified (Active on Blockchain),AES-256-GCM,vault-transit-key-0x95e28ea6,Qmdcd48f0c5a95447ef35aacb96bf5a560805e5bbaf5c4,Pinata Dedicated IPFS Gateway,0.0.4891024,5163,2026-09-13 11:52:47 UTC,0xd553f6f13e400f9cb9e11b7d63ee1b01cc4c02d05bb8223e92a6a71c3c828537,0.0001
LAB-REP-00164,ACC-LAB-004-000164,Apollo Diagnostics Advanced Enclave,0x23618e81E3f5cdF7f54C3d65f7FBc0aBf5B21E8f,NABL-MC-5102,"Dr. Shanti Swaminathan, MD",Nikhil Gupta,849364,0x08f94955d68ed8bd98301ee4cf78bd607dbabdf4,30,female,Dr. Sarah Jenkins,0x04Fee3FD1B338d12FFD6dBD8d66dE1e8e0BB99cB,Apollo Multispecialty Hospital,Blood Tests,Thrombocytopenia Platelet Monitoring,Whole Blood (EDTA),"Platelets: 42,000 /uL (Severe Low)","Platelets: 150,000 - 450,000 /uL",CRITICAL_ALERT,Low,350,Diagnostic Laboratory Reports,Consent Verified (Active on Blockchain),AES-256-GCM,vault-transit-key-0x08f94955,Qme7e8aee983ff739f3e078715cc1f231bf776d456b57c,Pinata Dedicated IPFS Gateway,0.0.4891024,5164,2026-09-13 11:52:49 UTC,0x7dddc5a6f1839ae078dd07ad5416d23bacefbfd2b12cbcc290e0447bc8bd8ab7,0.0001
LAB-REP-00165,ACC-LAB-001-000165,Apex Diagnostic Reference Labs,0x04Fee3FD1B338d12FFD6dBD8d66dE1e8e0BB99cB,NABL-MC-2091,"Dr. Sunita Narang, MD Path",Lata Patel,849365,0x8c61e66f47eb014abb50a217865897c781301849,31,male,Dr. Rajesh Sharma,0x3c44CdDdB6a900fa2b585dd299e03d12FA4293BC,Apex Diagnostic & Pathology Hub,Metabolic Panel,Comprehensive Metabolic Panel (CMP),Serum,"Na: 138 mmol/L, K: 4.1 mmol/L, Creat: 1.05 mg/dL","Na: 135-145, K: 3.5-5.0, Creatinine: 0.7-1.3 mg/dL",NORMAL,Medium,1200,Diagnostic Laboratory Reports,Emergency Diagnostic Upload (Pending Verification),AES-256-GCM,vault-transit-key-0x8c61e66f,Qm0a68c90db693838b36ccbc72dfad105d7709c6929d8f,Pinata Dedicated IPFS Gateway,0.0.4891024,5165,2026-09-13 11:52:51 UTC,0x68e6963d17d84c908c14838a946b715db16853359539ca9b95455cbd26f9b4c7,0.0001
LAB-REP-00166,ACC-LAB-003-000166,Metropolis Healthcare Molecular Laboratory,0x14dC79964da2C08b23698B3D3cc7Ca32193d9955,NABL-MC-3819,"Dr. Nilesh Shah, MD",Kavya Kulkarni,849366,0x390c18d759e83742985ed40271c6d0dbec575b27,32,female,Dr. Vikram Seth,0x15d34AAf54267DB7D7c367839AAf71A00a2C6A65,Apollo Multispecialty Hospital,Lipid Profile,Comprehensive Lipid Panel,Serum (Fasting 12h),"Total Chol: 235 mg/dL (High), LDL: 155 mg/dL, TG: 180 mg/dL","Chol: <200 mg/dL, HDL: >40 mg/dL, LDL: <100 mg/dL, TG: <150 mg/dL",HIGH,Low,850,Diagnostic Laboratory Reports,Consent Verified (Active on Blockchain),AES-256-GCM,vault-transit-key-0x390c18d7,Qmdf5eda72e136c7cc0ccbd398dc7f30483b99fae3bf39,Pinata Dedicated IPFS Gateway,0.0.4891024,5166,2026-09-13 11:52:53 UTC,0x05c354401b5d8f140204f009e4735a557d953cd9856fc9456a5dcd5ec0b3fdaf,0.0001
LAB-REP-00167,ACC-LAB-005-000167,SRL Diagnostics Regional Core Lab,0xa0Ee7A142d267C1f36714E4a8F75612F20a79720,NABL-MC-4491,"Dr. Ramesh Sarin, DNB Path",Kiran Verma,849367,0xd450930f3159c24b1f2eb1d6b593b82398b809f5,33,male,Dr. Vikram Seth,0x15d34AAf54267DB7D7c367839AAf71A00a2C6A65,Apex Diagnostic & Pathology Hub,Imaging / Radiology,Whole Body PET-CT Oncology Scan,18F-FDG Radiotracer DICOM,"Hypermetabolic primary lesion, SUVmax 9.2, no distant metastases","Physiological FDG biodistribution, no hypermetabolic malignancy",ABNORMAL_FINDING,High - Genomic/Oncology,18500,Diagnostic Laboratory Reports,Consent Verified (Active on Blockchain),AES-256-GCM,vault-transit-key-0xd450930f,Qm515d355b236d932c47c2dece63c9f0e8b86d50ee5c40,Pinata Dedicated IPFS Gateway,0.0.4891024,5167,2026-09-13 11:52:56 UTC,0x3375318a716b712bfce5e28194439cac4da5b12c3ed7d7c6f0f484abc97ba225,0.0001
LAB-REP-00168,ACC-LAB-003-000168,Metropolis Healthcare Molecular Laboratory,0x14dC79964da2C08b23698B3D3cc7Ca32193d9955,NABL-MC-3819,"Dr. Nilesh Shah, MD",Ishaan Verma,849368,0xe078dad9a5520f955539d923aae79e108555c315,34,female,Dr. Vikram Seth,0x15d34AAf54267DB7D7c367839AAf71A00a2C6A65,Apollo Multispecialty Hospital,Metabolic Panel,Comprehensive Metabolic Panel (CMP),Serum,"Na: 138 mmol/L, K: 4.1 mmol/L, Creat: 1.05 mg/dL","Na: 135-145, K: 3.5-5.0, Creatinine: 0.7-1.3 mg/dL",NORMAL,Medium,1200,Diagnostic Laboratory Reports,Consent Verified (Active on Blockchain),AES-256-GCM,vault-transit-key-0xe078dad9,Qma239a923d0d654acc9359c19918c4d9a3ddc0eb550a3,Pinata Dedicated IPFS Gateway,0.0.4891024,5168,2026-09-13 11:52:58 UTC,0x644658b6da34d12cb1d55b2ff1389113259bf8f2eb18cbe5a01d1197edc7b3d2,0.0001
LAB-REP-00169,ACC-LAB-003-000169,Metropolis Healthcare Molecular Laboratory,0x14dC79964da2C08b23698B3D3cc7Ca32193d9955,NABL-MC-3819,"Dr. Nilesh Shah, MD",Sneha Patel,849369,0x73ea71ae0cd07d515d4d905ece83e2a257d60d63,35,male,Dr. Preeti Deshmukh,0x23618e81E3f5cdF7f54C3d65f7FBc0aBf5B21E8f,Apex Diagnostic & Pathology Hub,Endocrinology Tests,"Thyroid Function Panel (TSH, Free T3, Free T4)",Serum,"TSH: 6.8 uIU/mL (Hypothyroid), FT4: 0.72 ng/dL (Low)","TSH: 0.45-4.5 uIU/mL, FT3: 2.0-4.4 pg/mL, FT4: 0.8-1.8 ng/dL",LOW,Low,750,Diagnostic Laboratory Reports,Consent Verified (Active on Blockchain),AES-256-GCM,vault-transit-key-0x73ea71ae,Qmf3f05f4850afa03db9421e27f4d04ff99fbb02497647,Pinata Dedicated IPFS Gateway,0.0.4891024,5169,2026-09-13 11:53:01 UTC,0x570df4f292e369e61f7c688a7aad84d43cb89b614c94f6510185db6c4de03b56,0.0001
LAB-REP-00170,ACC-LAB-004-000170,Apollo Diagnostics Advanced Enclave,0x23618e81E3f5cdF7f54C3d65f7FBc0aBf5B21E8f,NABL-MC-5102,"Dr. Shanti Swaminathan, MD",Sneha Gupta,849370,0x027848ef4bc1958ef892fe36b6635fb9bf2be3c3,36,female,Dr. Sarah Jenkins,0x04Fee3FD1B338d12FFD6dBD8d66dE1e8e0BB99cB,Max Super Speciality Cancer Institute,Imaging / Radiology,High-Resolution Non-Contrast Brain CT Scan,Radiological DICOM Imaging,"Small left temporal hemorrhagic contusion, no mass effect",No acute intracranial hemorrhage or midline shift,ABNORMAL_FINDING,Medium,3200,Diagnostic Laboratory Reports,Consent Verified (Active on Blockchain),AES-256-GCM,vault-transit-key-0x027848ef,Qm21823f716376c7b74bfe2b28f0e0a653aec64d598837,Pinata Dedicated IPFS Gateway,0.0.4891024,5170,2026-09-13 11:53:03 UTC,0xd3358795264e55e46d9dd5a1bfebc5ddd705381b845269b53a9ea42d64fdb4cc,0.0001
LAB-REP-00171,ACC-LAB-005-000171,SRL Diagnostics Regional Core Lab,0xa0Ee7A142d267C1f36714E4a8F75612F20a79720,NABL-MC-4491,"Dr. Ramesh Sarin, DNB Path",Madhav Joshi,849371,0x923dc6d36169195b9c2fd01949b3eddf43038709,37,male,Dr. Rajesh Sharma,0x3c44CdDdB6a900fa2b585dd299e03d12FA4293BC,Max Super Speciality Cancer Institute,Kidney Function Tests,Renal Function Profile (KFT),Serum,"BUN: 14 mg/dL, Creatinine: 0.9 mg/dL, eGFR: 92 mL/min","BUN: 7-20 mg/dL, Creatinine: 0.6-1.2 mg/dL, eGFR: >60 mL/min",NORMAL,Low,850,Diagnostic Laboratory Reports,Consent Verified (Active on Blockchain),AES-256-GCM,vault-transit-key-0x923dc6d3,Qm232cbda994f8773bdcc3df17131e6f2b00a4dffa7dc1,Pinata Dedicated IPFS Gateway,0.0.4891024,5171,2026-09-13 11:53:05 UTC,0x692f7d17c0e556ac328adf5765b7ada8299f8878d346800f68932412f2493ceb,0.0001
LAB-REP-00172,ACC-LAB-003-000172,Metropolis Healthcare Molecular Laboratory,0x14dC79964da2C08b23698B3D3cc7Ca32193d9955,NABL-MC-3819,"Dr. Nilesh Shah, MD",Aarav Kulkarni,849372,0x12be3753c0b23687e10808b20a924ce23db07f08,38,female,Dr. Rohan Patel,0x976EA74026E726554dB657fA54763abd0C3a0aa9,Fortis Memorial Neuro & Trauma Center,Imaging / Radiology,Whole Body PET-CT Oncology Scan,18F-FDG Radiotracer DICOM,"Hypermetabolic primary lesion, SUVmax 9.2, no distant metastases","Physiological FDG biodistribution, no hypermetabolic malignancy",ABNORMAL_FINDING,High - Genomic/Oncology,18500,Diagnostic Laboratory Reports,Consent Verified (Active on Blockchain),AES-256-GCM,vault-transit-key-0x12be3753,Qmd30d2564a50ca435b4b7aff6e7d9b9d83c9e34218d99,Pinata Dedicated IPFS Gateway,0.0.4891024,5172,2026-09-13 11:53:07 UTC,0x0cb825bed4327cc441916ef40d142b4c96de05b7b2782334edefb65de8a6cc90,0.0001
LAB-REP-00173,ACC-LAB-003-000173,Metropolis Healthcare Molecular Laboratory,0x14dC79964da2C08b23698B3D3cc7Ca32193d9955,NABL-MC-3819,"Dr. Nilesh Shah, MD",Divya Bhatia,849373,0xaa8ebd6c271f6fd0899c14eb07358c52defc198e,39,male,Dr. Ananya Roy,0x9965507D1a55bcC2695C58ba16FB37d819B0A4dc,Max Super Speciality Cancer Institute,Blood Tests,Thrombocytopenia Platelet Monitoring,Whole Blood (EDTA),"Platelets: 42,000 /uL (Severe Low)","Platelets: 150,000 - 450,000 /uL",CRITICAL_ALERT,Low,350,Diagnostic Laboratory Reports,Consent Verified (Active on Blockchain),AES-256-GCM,vault-transit-key-0xaa8ebd6c,Qmfc391dc61dfe59b299fce0fc6fd45fa95ca20e685216,Pinata Dedicated IPFS Gateway,0.0.4891024,5173,2026-09-13 11:53:09 UTC,0xea45d1088f568ccc82e28064bc5debaf857c6bd6d20da14a7e47d1fa729de75b,0.0001
LAB-REP-00174,ACC-LAB-005-000174,SRL Diagnostics Regional Core Lab,0xa0Ee7A142d267C1f36714E4a8F75612F20a79720,NABL-MC-4491,"Dr. Ramesh Sarin, DNB Path",Siddharth Rao,849374,0x910598a12c397fe5568e6528c94ac33a4abd2658,40,female,Dr. Ananya Roy,0x9965507D1a55bcC2695C58ba16FB37d819B0A4dc,Apex Diagnostic & Pathology Hub,Metabolic Panel,Comprehensive Metabolic Panel (CMP),Serum,"Na: 138 mmol/L, K: 4.1 mmol/L, Creat: 1.05 mg/dL","Na: 135-145, K: 3.5-5.0, Creatinine: 0.7-1.3 mg/dL",NORMAL,Medium,1200,Diagnostic Laboratory Reports,Consent Verified (Active on Blockchain),AES-256-GCM,vault-transit-key-0x910598a1,Qmb910a6c8266061566cbbde5c4faec63d8bc0c1539ff0,Pinata Dedicated IPFS Gateway,0.0.4891024,5174,2026-09-13 11:53:11 UTC,0xf8dfe2544e21d0758aa11e2652a25bb945333f63a6c8416612f84e52a9a1bc9e,0.0001
LAB-REP-00175,ACC-LAB-003-000175,Metropolis Healthcare Molecular Laboratory,0x14dC79964da2C08b23698B3D3cc7Ca32193d9955,NABL-MC-3819,"Dr. Nilesh Shah, MD",Gautam Joshi,849375,0xa11a54ef4086bf609e5bde30e5adfaef55c2003b,41,male,Dr. Rajesh Sharma,0x3c44CdDdB6a900fa2b585dd299e03d12FA4293BC,Care & Cure Pediatric & Maternity Hospital,Pathology / Biopsy,Core Needle Biopsy Histopathology & Immunohistochemistry,Tissue Biopsy in 10% Formalin,"Infiltrating Ductal Carcinoma Grade 2, ER 85%+, PR 60%+, HER2/neu Negative",Benign / No malignancy,MALIGNANT_POSITIVE,High - Genomic/Oncology,4500,Diagnostic Laboratory Reports,Consent Verified (Active on Blockchain),AES-256-GCM,vault-transit-key-0xa11a54ef,Qm5c3b66e366d637a0f295f4841980dbfa0592e29694ef,Pinata Dedicated IPFS Gateway,0.0.4891024,5175,2026-09-13 11:53:14 UTC,0x5eda4e39f9ba45a2afc9fa403143dfeae48b1cc7eba095ba5df20de9eb139a0c,0.0001
LAB-REP-00176,ACC-LAB-005-000176,SRL Diagnostics Regional Core Lab,0xa0Ee7A142d267C1f36714E4a8F75612F20a79720,NABL-MC-4491,"Dr. Ramesh Sarin, DNB Path",Kavya Ghosh,849376,0x92baff9c3f92825435e0c1afb4fd664c55f5bb6c,42,female,Dr. Rajesh Sharma,0x3c44CdDdB6a900fa2b585dd299e03d12FA4293BC,Care & Cure Pediatric & Maternity Hospital,Endocrinology Tests,"Thyroid Function Panel (TSH, Free T3, Free T4)",Serum,"TSH: 6.8 uIU/mL (Hypothyroid), FT4: 0.72 ng/dL (Low)","TSH: 0.45-4.5 uIU/mL, FT3: 2.0-4.4 pg/mL, FT4: 0.8-1.8 ng/dL",LOW,Low,750,Diagnostic Laboratory Reports,Consent Verified (Active on Blockchain),AES-256-GCM,vault-transit-key-0x92baff9c,Qme3339933566a0992c3e28243db69f2998fbccf902d18,Pinata Dedicated IPFS Gateway,0.0.4891024,5176,2026-09-13 11:53:16 UTC,0x48651f617b73942f23f305e7abfbfcb8248a9bec709000e233d5bb6c784e70b4,0.0001
LAB-REP-00177,ACC-LAB-005-000177,SRL Diagnostics Regional Core Lab,0xa0Ee7A142d267C1f36714E4a8F75612F20a79720,NABL-MC-4491,"Dr. Ramesh Sarin, DNB Path",Meera Pandey,849377,0x0dc9cdbb01ecbcad7a5c2369a2e2e996e1052f91,43,male,Dr. Ananya Roy,0x9965507D1a55bcC2695C58ba16FB37d819B0A4dc,Care & Cure Pediatric & Maternity Hospital,Endocrinology Tests,HbA1c Glycated Hemoglobin,Whole Blood (EDTA),HbA1c: 7.6% (Diabetic Range),"<5.7% Normal, 5.7-6.4% Prediabetes, >=6.5% Diabetes",HIGH,Low,650,Diagnostic Laboratory Reports,Consent Verified (Active on Blockchain),AES-256-GCM,vault-transit-key-0x0dc9cdbb,Qm423b130afb5c453497112818dbb11212d6b8124b9388,Pinata Dedicated IPFS Gateway,0.0.4891024,5177,2026-09-13 11:53:18 UTC,0x59a1e4eec223fd43738f5367efe4a7a10afe52dd37869b6234f3d1e0b7586b9c,0.0001
LAB-REP-00178,ACC-LAB-005-000178,SRL Diagnostics Regional Core Lab,0xa0Ee7A142d267C1f36714E4a8F75612F20a79720,NABL-MC-4491,"Dr. Ramesh Sarin, DNB Path",Riya Nair,849378,0xa98cc8ec690c5b83bfca17cb39071d849a6f9657,44,female,Dr. Sarah Jenkins,0x04Fee3FD1B338d12FFD6dBD8d66dE1e8e0BB99cB,Care & Cure Pediatric & Maternity Hospital,Imaging / Radiology,Whole Body PET-CT Oncology Scan,18F-FDG Radiotracer DICOM,"Hypermetabolic primary lesion, SUVmax 9.2, no distant metastases","Physiological FDG biodistribution, no hypermetabolic malignancy",ABNORMAL_FINDING,High - Genomic/Oncology,18500,Diagnostic Laboratory Reports,Consent Verified (Active on Blockchain),AES-256-GCM,vault-transit-key-0xa98cc8ec,Qm488c6be1a292493c54fe66baa2b0914d53200bb8a761,Pinata Dedicated IPFS Gateway,0.0.4891024,5178,2026-09-13 11:53:20 UTC,0xdb5f80d4cccc4fe340c7043ff67b7923400123c6b5910aa804327cd85843e5e1,0.0001
LAB-REP-00179,ACC-LAB-001-000179,Apex Diagnostic Reference Labs,0x04Fee3FD1B338d12FFD6dBD8d66dE1e8e0BB99cB,NABL-MC-2091,"Dr. Sunita Narang, MD Path",Tanvi Patel,849379,0xf8bbf7bca2a0621a3ff8a475c9aa0ddcb64bf780,45,male,Dr. Sarah Jenkins,0x04Fee3FD1B338d12FFD6dBD8d66dE1e8e0BB99cB,Apex Diagnostic & Pathology Hub,Imaging / Radiology,High-Resolution Non-Contrast Brain CT Scan,Radiological DICOM Imaging,"Small left temporal hemorrhagic contusion, no mass effect",No acute intracranial hemorrhage or midline shift,ABNORMAL_FINDING,Medium,3200,Diagnostic Laboratory Reports,Consent Verified (Active on Blockchain),AES-256-GCM,vault-transit-key-0xf8bbf7bc,Qmfb53d0cc5746eaf29cafa754bda4cf4f5b4a4e3f00ab,Pinata Dedicated IPFS Gateway,0.0.4891024,5179,2026-09-13 11:53:23 UTC,0xbff7d6aa40f40ffe25630996e7c8746b8a670fdde608bdd3e40f894cd2e3fe84,0.0001
LAB-REP-00180,ACC-LAB-005-000180,SRL Diagnostics Regional Core Lab,0xa0Ee7A142d267C1f36714E4a8F75612F20a79720,NABL-MC-4491,"Dr. Ramesh Sarin, DNB Path",Pooja Mehta,849380,0xd74f19e046a6f68207917e3941f3cb7d40d048b7,46,female,Dr. Sunita Narang,0xBcd4042DE499D14e55001CcbB24a551F3b954096,Fortis Memorial Neuro & Trauma Center,Endocrinology Tests,HbA1c Glycated Hemoglobin,Whole Blood (EDTA),HbA1c: 7.6% (Diabetic Range),"<5.7% Normal, 5.7-6.4% Prediabetes, >=6.5% Diabetes",HIGH,Low,650,Diagnostic Laboratory Reports,Consent Verified (Active on Blockchain),AES-256-GCM,vault-transit-key-0xd74f19e0,Qm51da12b0196e3ce0fbf5ba20fb2317e1525af2e29028,Pinata Dedicated IPFS Gateway,0.0.4891024,5180,2026-09-13 11:53:25 UTC,0x0dd848c1b9e4da61faffceca88338b43a497bff94e513a73794e1dfc9f1910a6,0.0001
LAB-REP-00181,ACC-LAB-001-000181,Apex Diagnostic Reference Labs,0x04Fee3FD1B338d12FFD6dBD8d66dE1e8e0BB99cB,NABL-MC-2091,"Dr. Sunita Narang, MD Path",Shreya Reddy,849381,0xfceb1172375af63550c245f94dafaf800994812e,47,male,Dr. Rajesh Sharma,0x3c44CdDdB6a900fa2b585dd299e03d12FA4293BC,Apex Diagnostic & Pathology Hub,Cardiology Tests,High-Sensitivity Cardiac Troponin-I (hs-cTnI),Serum / Plasma,hs-cTnI: 1850 ng/L (Markedly Elevated Acute Myocardial Infarction),< 14 ng/L (99th Percentile Upper Reference Limit),CRITICAL_ALERT,Medium,1800,Diagnostic Laboratory Reports,Consent Verified (Active on Blockchain),AES-256-GCM,vault-transit-key-0xfceb1172,Qm9dbf27b040c3b9fee39d557ad15208ae4cecec7c7f01,Pinata Dedicated IPFS Gateway,0.0.4891024,5181,2026-09-13 11:53:27 UTC,0x51279c1e91ee8f6bdaaa09724cc16aba359a4cb7b8bedf957a57d72215349223,0.0001
LAB-REP-00182,ACC-LAB-003-000182,Metropolis Healthcare Molecular Laboratory,0x14dC79964da2C08b23698B3D3cc7Ca32193d9955,NABL-MC-3819,"Dr. Nilesh Shah, MD",Pooja Sharma,849382,0x052503f3afaa7726ba7ef7a2369b5f9658deaa3f,48,female,Dr. Rajesh Sharma,0x3c44CdDdB6a900fa2b585dd299e03d12FA4293BC,Care & Cure Pediatric & Maternity Hospital,Endocrinology Tests,HbA1c Glycated Hemoglobin,Whole Blood (EDTA),HbA1c: 7.6% (Diabetic Range),"<5.7% Normal, 5.7-6.4% Prediabetes, >=6.5% Diabetes",HIGH,Low,650,Diagnostic Laboratory Reports,Consent Verified (Active on Blockchain),AES-256-GCM,vault-transit-key-0x052503f3,Qm57ce4d10fc4cd116663049b5373a33ae3fc083358ed4,Pinata Dedicated IPFS Gateway,0.0.4891024,5182,2026-09-13 11:53:29 UTC,0x25d82a357cf24ef493d8f435cad0da91e1e0fc025a6c621a6da1b36481a76dd8,0.0001
LAB-REP-00183,ACC-LAB-001-000183,Apex Diagnostic Reference Labs,0x04Fee3FD1B338d12FFD6dBD8d66dE1e8e0BB99cB,NABL-MC-2091,"Dr. Sunita Narang, MD Path",Bhavna Mukherjee,849383,0x0c8ae18a67f254a60543172cbf4eb736f1e584b9,49,male,Dr. Vikram Seth,0x15d34AAf54267DB7D7c367839AAf71A00a2C6A65,Fortis Memorial Neuro & Trauma Center,Pathology / Biopsy,Core Needle Biopsy Histopathology & Immunohistochemistry,Tissue Biopsy in 10% Formalin,"Infiltrating Ductal Carcinoma Grade 2, ER 85%+, PR 60%+, HER2/neu Negative",Benign / No malignancy,MALIGNANT_POSITIVE,High - Genomic/Oncology,4500,Diagnostic Laboratory Reports,Consent Verified (Active on Blockchain),AES-256-GCM,vault-transit-key-0x0c8ae18a,Qma9299fbb6901ef127711546465184c2d566f1fd979c9,Pinata Dedicated IPFS Gateway,0.0.4891024,5183,2026-09-13 11:53:31 UTC,0xa35f41bc7984b390964e685ed2d4844379831830973af268e2ea87224caa45b0,0.0001
LAB-REP-00184,ACC-LAB-005-000184,SRL Diagnostics Regional Core Lab,0xa0Ee7A142d267C1f36714E4a8F75612F20a79720,NABL-MC-4491,"Dr. Ramesh Sarin, DNB Path",Chetan Gowda,849384,0x0740f6b203ff48319157a38a9312b9b659e63989,50,female,Dr. Rajesh Sharma,0x3c44CdDdB6a900fa2b585dd299e03d12FA4293BC,Apex Diagnostic & Pathology Hub,Kidney Function Tests,Renal Function Profile (KFT),Serum,"BUN: 14 mg/dL, Creatinine: 0.9 mg/dL, eGFR: 92 mL/min","BUN: 7-20 mg/dL, Creatinine: 0.6-1.2 mg/dL, eGFR: >60 mL/min",NORMAL,Low,850,Diagnostic Laboratory Reports,Emergency Diagnostic Upload (Pending Verification),AES-256-GCM,vault-transit-key-0x0740f6b2,Qmd8f66ffa69b26df02e23241dba8c5dc4bc56fea2b71a,Pinata Dedicated IPFS Gateway,0.0.4891024,5184,2026-09-13 11:53:34 UTC,0x192bd83e5e4735fac5a214de7aa59f3d78813e56764696c2856e74243cbb5304,0.0001
LAB-REP-00185,ACC-LAB-001-000185,Apex Diagnostic Reference Labs,0x04Fee3FD1B338d12FFD6dBD8d66dE1e8e0BB99cB,NABL-MC-2091,"Dr. Sunita Narang, MD Path",Tanvi Saxena,849385,0x4f9f8c820d5fd1a8c56f570a10a581e342eb4af5,51,male,Dr. Ananya Roy,0x9965507D1a55bcC2695C58ba16FB37d819B0A4dc,Care & Cure Pediatric & Maternity Hospital,Endocrinology Tests,HbA1c Glycated Hemoglobin,Whole Blood (EDTA),HbA1c: 7.6% (Diabetic Range),"<5.7% Normal, 5.7-6.4% Prediabetes, >=6.5% Diabetes",HIGH,Low,650,Diagnostic Laboratory Reports,Consent Verified (Active on Blockchain),AES-256-GCM,vault-transit-key-0x4f9f8c82,Qmf7c0bdffb46d27ccecd299653a4062650325a99775db,Pinata Dedicated IPFS Gateway,0.0.4891024,5185,2026-09-13 11:53:37 UTC,0xd08f0bd9f9eebdc61316064d05b649aa8fc219eefffd46e48251906ad01d7eeb,0.0001
LAB-REP-00186,ACC-LAB-001-000186,Apex Diagnostic Reference Labs,0x04Fee3FD1B338d12FFD6dBD8d66dE1e8e0BB99cB,NABL-MC-2091,"Dr. Sunita Narang, MD Path",Madhav Kulkarni,849386,0x06ab43ead0a122ac2634388f4b2abc31a0278c6f,52,female,Dr. Rohan Patel,0x976EA74026E726554dB657fA54763abd0C3a0aa9,Max Super Speciality Cancer Institute,Metabolic Panel,Comprehensive Metabolic Panel (CMP),Serum,"Na: 138 mmol/L, K: 4.1 mmol/L, Creat: 1.05 mg/dL","Na: 135-145, K: 3.5-5.0, Creatinine: 0.7-1.3 mg/dL",NORMAL,Medium,1200,Diagnostic Laboratory Reports,Consent Verified (Active on Blockchain),AES-256-GCM,vault-transit-key-0x06ab43ea,Qm4136c6e17b3e8ff371e2ecb95bb49b27e58759f5f451,Pinata Dedicated IPFS Gateway,0.0.4891024,5186,2026-09-13 11:53:38 UTC,0xfab42c4a429b39eccc7ee70d0d580bf1c1bcc874e047f64b3da9fea457350303,0.0001
LAB-REP-00187,ACC-LAB-004-000187,Apollo Diagnostics Advanced Enclave,0x23618e81E3f5cdF7f54C3d65f7FBc0aBf5B21E8f,NABL-MC-5102,"Dr. Shanti Swaminathan, MD",Nandini Mishra,849387,0xd99532e033575284e5d42cb6b534b804de10ccc9,53,male,Dr. Sunita Narang,0xBcd4042DE499D14e55001CcbB24a551F3b954096,Fortis Memorial Neuro & Trauma Center,Kidney Function Tests,Renal Function Profile (KFT),Serum,"BUN: 14 mg/dL, Creatinine: 0.9 mg/dL, eGFR: 92 mL/min","BUN: 7-20 mg/dL, Creatinine: 0.6-1.2 mg/dL, eGFR: >60 mL/min",NORMAL,Low,850,Diagnostic Laboratory Reports,Consent Verified (Active on Blockchain),AES-256-GCM,vault-transit-key-0xd99532e0,Qmf1ac8594a6cfc466d8768e8f832ccf0b4875996d7555,Pinata Dedicated IPFS Gateway,0.0.4891024,5187,2026-09-13 11:53:41 UTC,0x2158ad05d65e28fb413f114680c933588a633d7dbf72c4485f98af750a31c52a,0.0001
LAB-REP-00188,ACC-LAB-003-000188,Metropolis Healthcare Molecular Laboratory,0x14dC79964da2C08b23698B3D3cc7Ca32193d9955,NABL-MC-3819,"Dr. Nilesh Shah, MD",Priyanka Ghosh,849388,0xc0dcb656b8f5a60831481d74618441735133d023,54,female,Dr. Rohan Patel,0x976EA74026E726554dB657fA54763abd0C3a0aa9,Care & Cure Pediatric & Maternity Hospital,Metabolic Panel,Comprehensive Metabolic Panel (CMP),Serum,"Na: 138 mmol/L, K: 4.1 mmol/L, Creat: 1.05 mg/dL","Na: 135-145, K: 3.5-5.0, Creatinine: 0.7-1.3 mg/dL",NORMAL,Medium,1200,Diagnostic Laboratory Reports,Consent Verified (Active on Blockchain),AES-256-GCM,vault-transit-key-0xc0dcb656,Qmd25cd29944fb990feb824f27427830d907f78f613ba7,Pinata Dedicated IPFS Gateway,0.0.4891024,5188,2026-09-13 11:53:43 UTC,0xf261b48e22d428156fa25b8370dd1231279946a1bfb1cd71f8492121b1291792,0.0001
LAB-REP-00189,ACC-LAB-004-000189,Apollo Diagnostics Advanced Enclave,0x23618e81E3f5cdF7f54C3d65f7FBc0aBf5B21E8f,NABL-MC-5102,"Dr. Shanti Swaminathan, MD",Nikhil Sharma,849389,0x95cbc852bf8121fc86ebbcf7ba5a61f0f2efebed,55,male,Dr. Sunita Narang,0xBcd4042DE499D14e55001CcbB24a551F3b954096,Apex Diagnostic & Pathology Hub,Cardiology Tests,High-Sensitivity Cardiac Troponin-I (hs-cTnI),Serum / Plasma,hs-cTnI: 1850 ng/L (Markedly Elevated Acute Myocardial Infarction),< 14 ng/L (99th Percentile Upper Reference Limit),CRITICAL_ALERT,Medium,1800,Diagnostic Laboratory Reports,Emergency Diagnostic Upload (Pending Verification),AES-256-GCM,vault-transit-key-0x95cbc852,Qma835e44e7efbf1c335962f87fe706caee39dfbcc4bf2,Pinata Dedicated IPFS Gateway,0.0.4891024,5189,2026-09-13 11:53:46 UTC,0xbe458fe109411647d37000225da8f36e791a26918de3fc1c988b15750e79fa72,0.0001
LAB-REP-00190,ACC-LAB-004-000190,Apollo Diagnostics Advanced Enclave,0x23618e81E3f5cdF7f54C3d65f7FBc0aBf5B21E8f,NABL-MC-5102,"Dr. Shanti Swaminathan, MD",Gautam Gowda,849390,0xf72aed4c952640a1ea8789307b41ab8dbebe2884,56,female,Dr. Sunita Narang,0xBcd4042DE499D14e55001CcbB24a551F3b954096,Fortis Memorial Neuro & Trauma Center,Imaging / Radiology,Whole Body PET-CT Oncology Scan,18F-FDG Radiotracer DICOM,"Hypermetabolic primary lesion, SUVmax 9.2, no distant metastases","Physiological FDG biodistribution, no hypermetabolic malignancy",ABNORMAL_FINDING,High - Genomic/Oncology,18500,Diagnostic Laboratory Reports,Consent Verified (Active on Blockchain),AES-256-GCM,vault-transit-key-0xf72aed4c,Qm2363d86d532259915dc9a55bc9c0132f6ccc28adc82f,Pinata Dedicated IPFS Gateway,0.0.4891024,5190,2026-09-13 11:53:48 UTC,0xd3256a8fc96e7bc18621de8def4d74b21506d5cdd19c6adf5377b8010bde5af1,0.0001
LAB-REP-00191,ACC-LAB-003-000191,Metropolis Healthcare Molecular Laboratory,0x14dC79964da2C08b23698B3D3cc7Ca32193d9955,NABL-MC-3819,"Dr. Nilesh Shah, MD",Ananya Iyer,849391,0xa935c08eb60a38929eb089e79fe1b6d820b2ab7e,57,male,Dr. Rajesh Sharma,0x3c44CdDdB6a900fa2b585dd299e03d12FA4293BC,Apex Diagnostic & Pathology Hub,Cardiology Tests,High-Sensitivity Cardiac Troponin-I (hs-cTnI),Serum / Plasma,hs-cTnI: 1850 ng/L (Markedly Elevated Acute Myocardial Infarction),< 14 ng/L (99th Percentile Upper Reference Limit),CRITICAL_ALERT,Medium,1800,Diagnostic Laboratory Reports,Consent Verified (Active on Blockchain),AES-256-GCM,vault-transit-key-0xa935c08e,Qm7ef0c1c39a7deab8fce406e4c9863ecda6bb5bf6c72b,Pinata Dedicated IPFS Gateway,0.0.4891024,5191,2026-09-13 11:53:49 UTC,0xcdc05722da868e199fc9685fc9a18bfdadc67964fe625c8051f7ce858ca293cd,0.0001
LAB-REP-00192,ACC-LAB-002-000192,Dr. Lal PathLabs Central Reference Hub,0x976EA74026E726554dB657fA54763abd0C3a0aa9,NABL-MC-1044,"Dr. Arvind Lal, FRCPath",Bhavna Chatterjee,849392,0x6437261dca09786a6f8ba50f72918e8f460fa927,58,female,Dr. Rohan Patel,0x976EA74026E726554dB657fA54763abd0C3a0aa9,Care & Cure Pediatric & Maternity Hospital,Endocrinology Tests,"Thyroid Function Panel (TSH, Free T3, Free T4)",Serum,"TSH: 6.8 uIU/mL (Hypothyroid), FT4: 0.72 ng/dL (Low)","TSH: 0.45-4.5 uIU/mL, FT3: 2.0-4.4 pg/mL, FT4: 0.8-1.8 ng/dL",LOW,Low,750,Diagnostic Laboratory Reports,Consent Verified (Active on Blockchain),AES-256-GCM,vault-transit-key-0x6437261d,Qm973b7f328116586691d48fcedce689d77ffbc409b434,Pinata Dedicated IPFS Gateway,0.0.4891024,5192,2026-09-13 11:53:52 UTC,0xcf5970d12dfaa2cfec8bcfc472bc9b56a1f37330cbdfadbe57ceb0343872a579,0.0001
LAB-REP-00193,ACC-LAB-002-000193,Dr. Lal PathLabs Central Reference Hub,0x976EA74026E726554dB657fA54763abd0C3a0aa9,NABL-MC-1044,"Dr. Arvind Lal, FRCPath",Bhavna Rao,849393,0x7d4c176043b5bf1b999a5c91a3d3a4e7bfa27317,59,male,Dr. Rajesh Sharma,0x3c44CdDdB6a900fa2b585dd299e03d12FA4293BC,Care & Cure Pediatric & Maternity Hospital,Liver Function Tests,Liver Function Profile (LFT),Serum,"ALT: 88 U/L (High), AST: 74 U/L (High), Total Bili: 1.8 mg/dL","ALT: 7-56 U/L, AST: 10-40 U/L, Bilirubin: 0.1-1.2 mg/dL",HIGH,Low,950,Diagnostic Laboratory Reports,Consent Verified (Active on Blockchain),AES-256-GCM,vault-transit-key-0x7d4c1760,Qm8b8220a53c53aa34354b9ade8a20518f9cc0d3c204d5,Pinata Dedicated IPFS Gateway,0.0.4891024,5193,2026-09-13 11:53:54 UTC,0x978df5016dce0f7b7f4e9b138b379a26df5a718bda406468fcfec83b1bda5d56,0.0001
LAB-REP-00194,ACC-LAB-003-000194,Metropolis Healthcare Molecular Laboratory,0x14dC79964da2C08b23698B3D3cc7Ca32193d9955,NABL-MC-3819,"Dr. Nilesh Shah, MD",Aarav Ghosh,849394,0x04442b3a8a7f6f94aa2b9f41da7cc94d16e59ca1,60,female,Dr. Sarah Jenkins,0x04Fee3FD1B338d12FFD6dBD8d66dE1e8e0BB99cB,Max Super Speciality Cancer Institute,Imaging / Radiology,High-Resolution Non-Contrast Brain CT Scan,Radiological DICOM Imaging,"Small left temporal hemorrhagic contusion, no mass effect",No acute intracranial hemorrhage or midline shift,ABNORMAL_FINDING,Medium,3200,Diagnostic Laboratory Reports,Consent Verified (Active on Blockchain),AES-256-GCM,vault-transit-key-0x04442b3a,Qm4ee9ebc7a292d3998ce8bdd7396b5db2a8544200cc7a,Pinata Dedicated IPFS Gateway,0.0.4891024,5194,2026-09-13 11:53:56 UTC,0xb276e25f4968aa41d4788439ee786dee06efffbd91d0c36f6de6cfa2f017a5c9,0.0001
LAB-REP-00195,ACC-LAB-001-000195,Apex Diagnostic Reference Labs,0x04Fee3FD1B338d12FFD6dBD8d66dE1e8e0BB99cB,NABL-MC-2091,"Dr. Sunita Narang, MD Path",Nandini Malhotra,849395,0x0f499929a2616a77055b655563b665c66027c24b,61,male,Dr. Vikram Seth,0x15d34AAf54267DB7D7c367839AAf71A00a2C6A65,Max Super Speciality Cancer Institute,Cardiology Tests,High-Sensitivity Cardiac Troponin-I (hs-cTnI),Serum / Plasma,hs-cTnI: 1850 ng/L (Markedly Elevated Acute Myocardial Infarction),< 14 ng/L (99th Percentile Upper Reference Limit),CRITICAL_ALERT,Medium,1800,Diagnostic Laboratory Reports,Consent Verified (Active on Blockchain),AES-256-GCM,vault-transit-key-0x0f499929,Qmeda82267ec4664c2a9ece37633b02b046568f124af31,Pinata Dedicated IPFS Gateway,0.0.4891024,5195,2026-09-13 11:53:59 UTC,0x0090284a353f4e3800aaa49523c081cfd419b33fbe8ae4dd02059af4336fb77e,0.0001
LAB-REP-00196,ACC-LAB-005-000196,SRL Diagnostics Regional Core Lab,0xa0Ee7A142d267C1f36714E4a8F75612F20a79720,NABL-MC-4491,"Dr. Ramesh Sarin, DNB Path",Aditi Nair,849396,0x23a85d4e98260edff83dfa091f497a9d24353206,62,female,Dr. Rajesh Sharma,0x3c44CdDdB6a900fa2b585dd299e03d12FA4293BC,Care & Cure Pediatric & Maternity Hospital,Metabolic Panel,Comprehensive Metabolic Panel (CMP),Serum,"Na: 138 mmol/L, K: 4.1 mmol/L, Creat: 1.05 mg/dL","Na: 135-145, K: 3.5-5.0, Creatinine: 0.7-1.3 mg/dL",NORMAL,Medium,1200,Diagnostic Laboratory Reports,Consent Verified (Active on Blockchain),AES-256-GCM,vault-transit-key-0x23a85d4e,Qmf522a146fb972a9701fc1ecb3158e91d398c9f7de4df,Pinata Dedicated IPFS Gateway,0.0.4891024,5196,2026-09-13 11:54:01 UTC,0x8025ab5c9e3c1808ee1aec495ad6ff6174458d0a62218bc85e661987672b03f3,0.0001
LAB-REP-00197,ACC-LAB-002-000197,Dr. Lal PathLabs Central Reference Hub,0x976EA74026E726554dB657fA54763abd0C3a0aa9,NABL-MC-1044,"Dr. Arvind Lal, FRCPath",Rahul Patel,849397,0xd4d2eb056c675468f3044a8c73211c477ea49fd0,63,male,Dr. Sunita Narang,0xBcd4042DE499D14e55001CcbB24a551F3b954096,Max Super Speciality Cancer Institute,Blood Tests,Thrombocytopenia Platelet Monitoring,Whole Blood (EDTA),"Platelets: 42,000 /uL (Severe Low)","Platelets: 150,000 - 450,000 /uL",CRITICAL_ALERT,Low,350,Diagnostic Laboratory Reports,Consent Verified (Active on Blockchain),AES-256-GCM,vault-transit-key-0xd4d2eb05,Qm9b54b4173adc00eb2e7f83b82ec439d6ce41abbc30db,Pinata Dedicated IPFS Gateway,0.0.4891024,5197,2026-09-13 11:54:04 UTC,0x33b565ff38797a5de4803698d4e1db8500534123e3cc9c1b12f563c816c5d77c,0.0001
LAB-REP-00198,ACC-LAB-004-000198,Apollo Diagnostics Advanced Enclave,0x23618e81E3f5cdF7f54C3d65f7FBc0aBf5B21E8f,NABL-MC-5102,"Dr. Shanti Swaminathan, MD",Sanjay Banerjee,849398,0x6ea6b0358244739fb51db5f7ecd68f8ee42a3b0c,64,female,Dr. Rajesh Sharma,0x3c44CdDdB6a900fa2b585dd299e03d12FA4293BC,Apollo Multispecialty Hospital,Liver Function Tests,Liver Function Profile (LFT),Serum,"ALT: 88 U/L (High), AST: 74 U/L (High), Total Bili: 1.8 mg/dL","ALT: 7-56 U/L, AST: 10-40 U/L, Bilirubin: 0.1-1.2 mg/dL",HIGH,Low,950,Diagnostic Laboratory Reports,Consent Verified (Active on Blockchain),AES-256-GCM,vault-transit-key-0x6ea6b035,Qmdf7bf2f963b4cab83b9effb9153e3e83a6e0d3a7fed0,Pinata Dedicated IPFS Gateway,0.0.4891024,5198,2026-09-13 11:54:05 UTC,0x8d2f205f01b1a18fd0291c9f1a43d506c24453a256e900626bb362a24b5978c2,0.0001
LAB-REP-00199,ACC-LAB-004-000199,Apollo Diagnostics Advanced Enclave,0x23618e81E3f5cdF7f54C3d65f7FBc0aBf5B21E8f,NABL-MC-5102,"Dr. Shanti Swaminathan, MD",Aditi Verma,849399,0xc61e3514dd235c99014f240f414d51c591d268a5,65,male,Dr. Preeti Deshmukh,0x23618e81E3f5cdF7f54C3d65f7FBc0aBf5B21E8f,Apex Diagnostic & Pathology Hub,Imaging / Radiology,High-Resolution Non-Contrast Brain CT Scan,Radiological DICOM Imaging,"Small left temporal hemorrhagic contusion, no mass effect",No acute intracranial hemorrhage or midline shift,ABNORMAL_FINDING,Medium,3200,Diagnostic Laboratory Reports,Consent Verified (Active on Blockchain),AES-256-GCM,vault-transit-key-0xc61e3514,Qm960e7a12759f205c983285178d867d0ecf385097a900,Pinata Dedicated IPFS Gateway,0.0.4891024,5199,2026-09-13 11:54:08 UTC,0x91235046765206d018175ad82b50f1569446e0916ccf7c1bf6d0ec48ec8d8a96,0.0001
LAB-REP-00200,ACC-LAB-003-000200,Metropolis Healthcare Molecular Laboratory,0x14dC79964da2C08b23698B3D3cc7Ca32193d9955,NABL-MC-3819,"Dr. Nilesh Shah, MD",Pooja Nair,849400,0x03f28f42fe5e33b4e0855d9a70599701efdbe3cf,66,female,Dr. Vikram Seth,0x15d34AAf54267DB7D7c367839AAf71A00a2C6A65,Max Super Speciality Cancer Institute,Cardiology Tests,High-Sensitivity Cardiac Troponin-I (hs-cTnI),Serum / Plasma,hs-cTnI: 1850 ng/L (Markedly Elevated Acute Myocardial Infarction),< 14 ng/L (99th Percentile Upper Reference Limit),CRITICAL_ALERT,Medium,1800,Diagnostic Laboratory Reports,Consent Verified (Active on Blockchain),AES-256-GCM,vault-transit-key-0x03f28f42,Qm34b419d2bb9f8471ea47ae9058c7d3d54713b4696e84,Pinata Dedicated IPFS Gateway,0.0.4891024,5200,2026-09-13 11:54:10 UTC,0x54f29931c263008d398228e54b8f777a50a4f3be9905b8d05b2a9e6db2a53a44,0.0001
LAB-REP-00201,ACC-LAB-005-000201,SRL Diagnostics Regional Core Lab,0xa0Ee7A142d267C1f36714E4a8F75612F20a79720,NABL-MC-4491,"Dr. Ramesh Sarin, DNB Path",Nandini Chatterjee,849401,0x627dc4e5a0efba687691e01b3b9d3121c928affd,67,male,Dr. Vikram Seth,0x15d34AAf54267DB7D7c367839AAf71A00a2C6A65,Apollo Multispecialty Hospital,Pathology / Biopsy,Core Needle Biopsy Histopathology & Immunohistochemistry,Tissue Biopsy in 10% Formalin,"Infiltrating Ductal Carcinoma Grade 2, ER 85%+, PR 60%+, HER2/neu Negative",Benign / No malignancy,MALIGNANT_POSITIVE,High - Genomic/Oncology,4500,Diagnostic Laboratory Reports,Emergency Diagnostic Upload (Pending Verification),AES-256-GCM,vault-transit-key-0x627dc4e5,Qm234a2402159ff76c9f23b142327021126e8d69f767b0,Pinata Dedicated IPFS Gateway,0.0.4891024,5201,2026-09-13 11:54:12 UTC,0xb2a0f8eabcbeee2f0a5a1ce99438637622d7c070fc148379c0cff95dce1ca72a,0.0001
LAB-REP-00202,ACC-LAB-004-000202,Apollo Diagnostics Advanced Enclave,0x23618e81E3f5cdF7f54C3d65f7FBc0aBf5B21E8f,NABL-MC-5102,"Dr. Shanti Swaminathan, MD",Rakesh Pandey,849402,0x7507620754cb2430e3ed91c664ba557228d43466,68,female,Dr. Sarah Jenkins,0x04Fee3FD1B338d12FFD6dBD8d66dE1e8e0BB99cB,Apex Diagnostic & Pathology Hub,Imaging / Radiology,High-Resolution Non-Contrast Brain CT Scan,Radiological DICOM Imaging,"Small left temporal hemorrhagic contusion, no mass effect",No acute intracranial hemorrhage or midline shift,ABNORMAL_FINDING,Medium,3200,Diagnostic Laboratory Reports,Consent Verified (Active on Blockchain),AES-256-GCM,vault-transit-key-0x75076207,Qm24372fe4b9ffdb2d1ba648b4a79f34f085c800b07774,Pinata Dedicated IPFS Gateway,0.0.4891024,5202,2026-09-13 11:54:15 UTC,0x75b2a43ffdc767e7731015ce2b3e8e169efef49b52993035ad1ab30ac04bb19c,0.0001
LAB-REP-00203,ACC-LAB-004-000203,Apollo Diagnostics Advanced Enclave,0x23618e81E3f5cdF7f54C3d65f7FBc0aBf5B21E8f,NABL-MC-5102,"Dr. Shanti Swaminathan, MD",Manish Menon,849403,0x756917e2b642079343e40dc591a21d88dc20d039,69,male,Dr. Vikram Seth,0x15d34AAf54267DB7D7c367839AAf71A00a2C6A65,Apex Diagnostic & Pathology Hub,Endocrinology Tests,HbA1c Glycated Hemoglobin,Whole Blood (EDTA),HbA1c: 7.6% (Diabetic Range),"<5.7% Normal, 5.7-6.4% Prediabetes, >=6.5% Diabetes",HIGH,Low,650,Diagnostic Laboratory Reports,Consent Verified (Active on Blockchain),AES-256-GCM,vault-transit-key-0x756917e2,Qm439f59407a7c5435f73a8a5e6f2f9fd6f738c8ecd497,Pinata Dedicated IPFS Gateway,0.0.4891024,5203,2026-09-13 11:54:17 UTC,0x48a03bef552fa73feb5a66cb7bc9463a37e7354c1b22fcd55cad098e3ef1c381,0.0001
LAB-REP-00204,ACC-LAB-004-000204,Apollo Diagnostics Advanced Enclave,0x23618e81E3f5cdF7f54C3d65f7FBc0aBf5B21E8f,NABL-MC-5102,"Dr. Shanti Swaminathan, MD",Shreya Patel,849404,0x6d1b9b5f6ef2c279086f22a87c98d77237177232,70,female,Dr. Sunita Narang,0xBcd4042DE499D14e55001CcbB24a551F3b954096,Fortis Memorial Neuro & Trauma Center,Imaging / Radiology,Whole Body PET-CT Oncology Scan,18F-FDG Radiotracer DICOM,"Hypermetabolic primary lesion, SUVmax 9.2, no distant metastases","Physiological FDG biodistribution, no hypermetabolic malignancy",ABNORMAL_FINDING,High - Genomic/Oncology,18500,Diagnostic Laboratory Reports,Consent Verified (Active on Blockchain),AES-256-GCM,vault-transit-key-0x6d1b9b5f,Qm79cc3b3f1f49adb0e2b52eabb568b7b1c5e471e8589d,Pinata Dedicated IPFS Gateway,0.0.4891024,5204,2026-09-13 11:54:19 UTC,0xe6ddd385f58da2d2fa106c385dc0371348862448a52892f6526e2e723e8250a5,0.0001
LAB-REP-00205,ACC-LAB-002-000205,Dr. Lal PathLabs Central Reference Hub,0x976EA74026E726554dB657fA54763abd0C3a0aa9,NABL-MC-1044,"Dr. Arvind Lal, FRCPath",Aarav Deshmukh,849405,0x106cae289b3b0f52196c8f5f1ec39b06ce4b64a2,71,male,Dr. Rajesh Sharma,0x3c44CdDdB6a900fa2b585dd299e03d12FA4293BC,Care & Cure Pediatric & Maternity Hospital,Blood Tests,Thrombocytopenia Platelet Monitoring,Whole Blood (EDTA),"Platelets: 42,000 /uL (Severe Low)","Platelets: 150,000 - 450,000 /uL",CRITICAL_ALERT,Low,350,Diagnostic Laboratory Reports,Consent Verified (Active on Blockchain),AES-256-GCM,vault-transit-key-0x106cae28,Qmc5288b0e4396623089a8e569199796a9f63f5fe6a8d5,Pinata Dedicated IPFS Gateway,0.0.4891024,5205,2026-09-13 11:54:22 UTC,0x8f8c6db1ca2f6aa6db00422c6c91c5b77617d111eb00e73a229d0522b8a9902f,0.0001
LAB-REP-00206,ACC-LAB-001-000206,Apex Diagnostic Reference Labs,0x04Fee3FD1B338d12FFD6dBD8d66dE1e8e0BB99cB,NABL-MC-2091,"Dr. Sunita Narang, MD Path",Nandini Verma,849406,0xba6ded7cf0f9cdf5dff9fd0db0c749ddaf780f48,72,female,Dr. Rajesh Sharma,0x3c44CdDdB6a900fa2b585dd299e03d12FA4293BC,Fortis Memorial Neuro & Trauma Center,Endocrinology Tests,HbA1c Glycated Hemoglobin,Whole Blood (EDTA),HbA1c: 7.6% (Diabetic Range),"<5.7% Normal, 5.7-6.4% Prediabetes, >=6.5% Diabetes",HIGH,Low,650,Diagnostic Laboratory Reports,Consent Verified (Active on Blockchain),AES-256-GCM,vault-transit-key-0xba6ded7c,Qmdc31b31d98d36dde8e4dc35086004381601dd2471b0c,Pinata Dedicated IPFS Gateway,0.0.4891024,5206,2026-09-13 11:54:23 UTC,0xec667d3cdc7003db5e46350367a60907415af5c3aededccad74c0fb85012b817,0.0001
LAB-REP-00207,ACC-LAB-001-000207,Apex Diagnostic Reference Labs,0x04Fee3FD1B338d12FFD6dBD8d66dE1e8e0BB99cB,NABL-MC-2091,"Dr. Sunita Narang, MD Path",Siddharth Iyer,849407,0x0beff2b31359e1cedea20bf46ee3b6ec6d3cfa5e,73,male,Dr. Ananya Roy,0x9965507D1a55bcC2695C58ba16FB37d819B0A4dc,Apollo Multispecialty Hospital,Metabolic Panel,Comprehensive Metabolic Panel (CMP),Serum,"Na: 138 mmol/L, K: 4.1 mmol/L, Creat: 1.05 mg/dL","Na: 135-145, K: 3.5-5.0, Creatinine: 0.7-1.3 mg/dL",NORMAL,Medium,1200,Diagnostic Laboratory Reports,Consent Verified (Active on Blockchain),AES-256-GCM,vault-transit-key-0x0beff2b3,Qmd3a5f085294d2f50245f2ff96ddaab6b2caec300d1f3,Pinata Dedicated IPFS Gateway,0.0.4891024,5207,2026-09-13 11:54:26 UTC,0x7449e22ea347b4eb12bb9bcb4418d1bcdd6cbbfb4d590d2114007e718e9c0020,0.0001
LAB-REP-00208,ACC-LAB-002-000208,Dr. Lal PathLabs Central Reference Hub,0x976EA74026E726554dB657fA54763abd0C3a0aa9,NABL-MC-1044,"Dr. Arvind Lal, FRCPath",Meera Verma,849408,0xad23638d1e1d42cd8732041502d12545843095a3,74,female,Dr. Sunita Narang,0xBcd4042DE499D14e55001CcbB24a551F3b954096,Apollo Multispecialty Hospital,Blood Tests,Complete Blood Count (CBC),Whole Blood (EDTA),"Hb: 13.5 g/dL, WBC: 7200 /uL, Platelets: 2.4 Lakhs/uL","Hb: 12-16 g/dL, WBC: 4000-11000 /uL, Platelets: 1.5-4.5 Lakhs/uL",NORMAL,Low,450,Diagnostic Laboratory Reports,Consent Verified (Active on Blockchain),AES-256-GCM,vault-transit-key-0xad23638d,Qm03c5bfbd0af0496ec94d1806ad6f329743a2e957eb37,Pinata Dedicated IPFS Gateway,0.0.4891024,5208,2026-09-13 11:54:28 UTC,0x0bebc108eaeb79adf026a4a74b129a3b9e5dcb64aa48f1c510419ac42d903b60,0.0001
LAB-REP-00209,ACC-LAB-004-000209,Apollo Diagnostics Advanced Enclave,0x23618e81E3f5cdF7f54C3d65f7FBc0aBf5B21E8f,NABL-MC-5102,"Dr. Shanti Swaminathan, MD",Sneha Swaminathan,849409,0xced7787fd97a57854b28eb29b8d0d8c752607147,75,male,Dr. Preeti Deshmukh,0x23618e81E3f5cdF7f54C3d65f7FBc0aBf5B21E8f,Max Super Speciality Cancer Institute,Blood Tests,Thrombocytopenia Platelet Monitoring,Whole Blood (EDTA),"Platelets: 42,000 /uL (Severe Low)","Platelets: 150,000 - 450,000 /uL",CRITICAL_ALERT,Low,350,Diagnostic Laboratory Reports,Consent Verified (Active on Blockchain),AES-256-GCM,vault-transit-key-0xced7787f,Qm94ccc8d3cdd604b2cc5ec15277029022d3b2e76c8797,Pinata Dedicated IPFS Gateway,0.0.4891024,5209,2026-09-13 11:54:30 UTC,0xdb14cf27c8ebff45310e226ee87d1fab9c00029f70e22d340f50ee40553124a2,0.0001
LAB-REP-00210,ACC-LAB-005-000210,SRL Diagnostics Regional Core Lab,0xa0Ee7A142d267C1f36714E4a8F75612F20a79720,NABL-MC-4491,"Dr. Ramesh Sarin, DNB Path",Tanvi Pandey,849410,0xd5c7897919380edb09106b9b3264f5bc2c755cbf,76,female,Dr. Sarah Jenkins,0x04Fee3FD1B338d12FFD6dBD8d66dE1e8e0BB99cB,Apollo Multispecialty Hospital,Kidney Function Tests,Renal Function Profile (KFT),Serum,"BUN: 14 mg/dL, Creatinine: 0.9 mg/dL, eGFR: 92 mL/min","BUN: 7-20 mg/dL, Creatinine: 0.6-1.2 mg/dL, eGFR: >60 mL/min",NORMAL,Low,850,Diagnostic Laboratory Reports,Consent Verified (Active on Blockchain),AES-256-GCM,vault-transit-key-0xd5c78979,Qm357ac861c379119c1f038f433c17eee93a0de20c4685,Pinata Dedicated IPFS Gateway,0.0.4891024,5210,2026-09-13 11:54:32 UTC,0x4d082b16b9c9b30e91f1e385ee569b1e1c97536fb93d525f43ec8fd3883e35cd,0.0001
LAB-REP-00211,ACC-LAB-004-000211,Apollo Diagnostics Advanced Enclave,0x23618e81E3f5cdF7f54C3d65f7FBc0aBf5B21E8f,NABL-MC-5102,"Dr. Shanti Swaminathan, MD",Arjun Reddy,849411,0x412b8955970e89126be14834cfcfc1f888056c8c,77,male,Dr. Rajesh Sharma,0x3c44CdDdB6a900fa2b585dd299e03d12FA4293BC,Max Super Speciality Cancer Institute,Kidney Function Tests,Renal Function Profile (KFT),Serum,"BUN: 14 mg/dL, Creatinine: 0.9 mg/dL, eGFR: 92 mL/min","BUN: 7-20 mg/dL, Creatinine: 0.6-1.2 mg/dL, eGFR: >60 mL/min",NORMAL,Low,850,Diagnostic Laboratory Reports,Consent Verified (Active on Blockchain),AES-256-GCM,vault-transit-key-0x412b8955,Qmb2a5af70b39dc8c131f8122f917587470aaefb334f15,Pinata Dedicated IPFS Gateway,0.0.4891024,5211,2026-09-13 11:54:34 UTC,0xa5a1310131dd0e6bbb93a5f200cb487b2f737c171880828036e82ca4c49e45ac,0.0001
LAB-REP-00212,ACC-LAB-004-000212,Apollo Diagnostics Advanced Enclave,0x23618e81E3f5cdF7f54C3d65f7FBc0aBf5B21E8f,NABL-MC-5102,"Dr. Shanti Swaminathan, MD",Aditi Hegde,849412,0x03022d20201b34ae2588e87460ba142b8d389963,78,female,Dr. Rajesh Sharma,0x3c44CdDdB6a900fa2b585dd299e03d12FA4293BC,Apex Diagnostic & Pathology Hub,Endocrinology Tests,"Thyroid Function Panel (TSH, Free T3, Free T4)",Serum,"TSH: 6.8 uIU/mL (Hypothyroid), FT4: 0.72 ng/dL (Low)","TSH: 0.45-4.5 uIU/mL, FT3: 2.0-4.4 pg/mL, FT4: 0.8-1.8 ng/dL",LOW,Low,750,Diagnostic Laboratory Reports,Consent Verified (Active on Blockchain),AES-256-GCM,vault-transit-key-0x03022d20,Qm6ea8f47c6bde4e7aa873196e956b897db49ec14d5b9a,Pinata Dedicated IPFS Gateway,0.0.4891024,5212,2026-09-13 11:54:37 UTC,0x70c4916ae657689f8b7e7d19333ed86a4149d0dc6fe6baa1942ad66d1abd6be5,0.0001
LAB-REP-00213,ACC-LAB-004-000213,Apollo Diagnostics Advanced Enclave,0x23618e81E3f5cdF7f54C3d65f7FBc0aBf5B21E8f,NABL-MC-5102,"Dr. Shanti Swaminathan, MD",Ananya Kulkarni,849413,0xab5237cc903217198e8395c81c9d4845b0469664,79,male,Dr. Rajesh Sharma,0x3c44CdDdB6a900fa2b585dd299e03d12FA4293BC,Max Super Speciality Cancer Institute,Blood Tests,Thrombocytopenia Platelet Monitoring,Whole Blood (EDTA),"Platelets: 42,000 /uL (Severe Low)","Platelets: 150,000 - 450,000 /uL",CRITICAL_ALERT,Low,350,Diagnostic Laboratory Reports,Consent Verified (Active on Blockchain),AES-256-GCM,vault-transit-key-0xab5237cc,Qm6cae1062c8fe8b99fcd051c91ffd41b1520283c5b85d,Pinata Dedicated IPFS Gateway,0.0.4891024,5213,2026-09-13 11:54:39 UTC,0x4a2c85261c743cafe37842bd8998e61ded4e642b859035496abca67fc7b8b314,0.0001
LAB-REP-00214,ACC-LAB-001-000214,Apex Diagnostic Reference Labs,0x04Fee3FD1B338d12FFD6dBD8d66dE1e8e0BB99cB,NABL-MC-2091,"Dr. Sunita Narang, MD Path",Siddharth Saxena,849414,0x1b2601b483c95a6fbff4f9e3bc21a16a01159e4a,80,female,Dr. Preeti Deshmukh,0x23618e81E3f5cdF7f54C3d65f7FBc0aBf5B21E8f,Apex Diagnostic & Pathology Hub,Endocrinology Tests,"Thyroid Function Panel (TSH, Free T3, Free T4)",Serum,"TSH: 6.8 uIU/mL (Hypothyroid), FT4: 0.72 ng/dL (Low)","TSH: 0.45-4.5 uIU/mL, FT3: 2.0-4.4 pg/mL, FT4: 0.8-1.8 ng/dL",LOW,Low,750,Diagnostic Laboratory Reports,Emergency Diagnostic Upload (Pending Verification),AES-256-GCM,vault-transit-key-0x1b2601b4,Qmb8445d15a4b20eb8511d44eea45c9eddb2944bd2659c,Pinata Dedicated IPFS Gateway,0.0.4891024,5214,2026-09-13 11:54:42 UTC,0x3520f5b2009be086a528932385c0cb2bebcfa20f1ce0d8f0e6c5a71985122848,0.0001
LAB-REP-00215,ACC-LAB-002-000215,Dr. Lal PathLabs Central Reference Hub,0x976EA74026E726554dB657fA54763abd0C3a0aa9,NABL-MC-1044,"Dr. Arvind Lal, FRCPath",Siddharth Chatterjee,849415,0x7e44b1f13c97e056e3f0ff79c660e8c1695aded5,81,male,Dr. Rajesh Sharma,0x3c44CdDdB6a900fa2b585dd299e03d12FA4293BC,Apollo Multispecialty Hospital,Blood Tests,Complete Blood Count (CBC),Whole Blood (EDTA),"Hb: 13.5 g/dL, WBC: 7200 /uL, Platelets: 2.4 Lakhs/uL","Hb: 12-16 g/dL, WBC: 4000-11000 /uL, Platelets: 1.5-4.5 Lakhs/uL",NORMAL,Low,450,Diagnostic Laboratory Reports,Consent Verified (Active on Blockchain),AES-256-GCM,vault-transit-key-0x7e44b1f1,Qm039cac017dbfa456f2f2fef94e542833c54e7e0bb2c0,Pinata Dedicated IPFS Gateway,0.0.4891024,5215,2026-09-13 11:54:44 UTC,0x312ec6e4aa319abcb1153ea38b622a9bfca914f646751e2d2cd809ccea778887,0.0001
LAB-REP-00216,ACC-LAB-004-000216,Apollo Diagnostics Advanced Enclave,0x23618e81E3f5cdF7f54C3d65f7FBc0aBf5B21E8f,NABL-MC-5102,"Dr. Shanti Swaminathan, MD",Rakesh Menon,849416,0x40e72e8e4debc7bd4aca1db0e33062a816be8c02,82,female,Dr. Sunita Narang,0xBcd4042DE499D14e55001CcbB24a551F3b954096,Apollo Multispecialty Hospital,Endocrinology Tests,"Thyroid Function Panel (TSH, Free T3, Free T4)",Serum,"TSH: 6.8 uIU/mL (Hypothyroid), FT4: 0.72 ng/dL (Low)","TSH: 0.45-4.5 uIU/mL, FT3: 2.0-4.4 pg/mL, FT4: 0.8-1.8 ng/dL",LOW,Low,750,Diagnostic Laboratory Reports,Consent Verified (Active on Blockchain),AES-256-GCM,vault-transit-key-0x40e72e8e,Qm6edf3aeb24f4c77b98728ae601018c3f0395fa56f299,Pinata Dedicated IPFS Gateway,0.0.4891024,5216,2026-09-13 11:54:46 UTC,0x5189bbb30bcfbb29310507a4cc8cf2ed9841984c0f2bef94c1db5efa56d69776,0.0001
LAB-REP-00217,ACC-LAB-001-000217,Apex Diagnostic Reference Labs,0x04Fee3FD1B338d12FFD6dBD8d66dE1e8e0BB99cB,NABL-MC-2091,"Dr. Sunita Narang, MD Path",Harish Hegde,849417,0x5fe865161df695dd765135f2e2c72742b1ed9904,83,male,Dr. Ananya Roy,0x9965507D1a55bcC2695C58ba16FB37d819B0A4dc,Apollo Multispecialty Hospital,Endocrinology Tests,"Thyroid Function Panel (TSH, Free T3, Free T4)",Serum,"TSH: 6.8 uIU/mL (Hypothyroid), FT4: 0.72 ng/dL (Low)","TSH: 0.45-4.5 uIU/mL, FT3: 2.0-4.4 pg/mL, FT4: 0.8-1.8 ng/dL",LOW,Low,750,Diagnostic Laboratory Reports,Consent Verified (Active on Blockchain),AES-256-GCM,vault-transit-key-0x5fe86516,Qmba5169a0f419b7d2e8d098e61ed22bf8b86d2da7563a,Pinata Dedicated IPFS Gateway,0.0.4891024,5217,2026-09-13 11:54:48 UTC,0x804fe1b5e2dce1fe3edd8b5b4561a6a5bebdac4f3e6c8877af747e1675723e83,0.0001
LAB-REP-00218,ACC-LAB-002-000218,Dr. Lal PathLabs Central Reference Hub,0x976EA74026E726554dB657fA54763abd0C3a0aa9,NABL-MC-1044,"Dr. Arvind Lal, FRCPath",Tanvi Verma,849418,0x1995e48ed85a43fc3209088f3823c86ef95746c3,84,female,Dr. Sunita Narang,0xBcd4042DE499D14e55001CcbB24a551F3b954096,Max Super Speciality Cancer Institute,Imaging / Radiology,Whole Body PET-CT Oncology Scan,18F-FDG Radiotracer DICOM,"Hypermetabolic primary lesion, SUVmax 9.2, no distant metastases","Physiological FDG biodistribution, no hypermetabolic malignancy",ABNORMAL_FINDING,High - Genomic/Oncology,18500,Diagnostic Laboratory Reports,Consent Verified (Active on Blockchain),AES-256-GCM,vault-transit-key-0x1995e48e,Qm557aba60ea80e2181c36e8b17ff7aaa62fbdf67cf541,Pinata Dedicated IPFS Gateway,0.0.4891024,5218,2026-09-13 11:54:51 UTC,0xa995efed94b22299243941ddecfdd71ec721662092f0c11565d2a8a9dda70ebd,0.0001
LAB-REP-00219,ACC-LAB-003-000219,Metropolis Healthcare Molecular Laboratory,0x14dC79964da2C08b23698B3D3cc7Ca32193d9955,NABL-MC-3819,"Dr. Nilesh Shah, MD",Kavya Nair,849419,0xe4c9f6a0379490cee80959b858beecf0b7c81135,85,male,Dr. Rajesh Sharma,0x3c44CdDdB6a900fa2b585dd299e03d12FA4293BC,Apollo Multispecialty Hospital,Pathology / Biopsy,Core Needle Biopsy Histopathology & Immunohistochemistry,Tissue Biopsy in 10% Formalin,"Infiltrating Ductal Carcinoma Grade 2, ER 85%+, PR 60%+, HER2/neu Negative",Benign / No malignancy,MALIGNANT_POSITIVE,High - Genomic/Oncology,4500,Diagnostic Laboratory Reports,Consent Verified (Active on Blockchain),AES-256-GCM,vault-transit-key-0xe4c9f6a0,Qm88f0cce43d3f0b6ab1aa9c92e2a1b1f784f1e1ffaed1,Pinata Dedicated IPFS Gateway,0.0.4891024,5219,2026-09-13 11:54:52 UTC,0x5d380cfc28e4183b3a6f7a464b39054b79243aa3dd2774eaa4c6259594c2c683,0.0001
LAB-REP-00220,ACC-LAB-002-000220,Dr. Lal PathLabs Central Reference Hub,0x976EA74026E726554dB657fA54763abd0C3a0aa9,NABL-MC-1044,"Dr. Arvind Lal, FRCPath",Sameer Nair,849420,0x0e67e14a076988ebaa2e07efce1a7535adee8d10,86,female,Dr. Rohan Patel,0x976EA74026E726554dB657fA54763abd0C3a0aa9,Fortis Memorial Neuro & Trauma Center,Imaging / Radiology,Whole Body PET-CT Oncology Scan,18F-FDG Radiotracer DICOM,"Hypermetabolic primary lesion, SUVmax 9.2, no distant metastases","Physiological FDG biodistribution, no hypermetabolic malignancy",ABNORMAL_FINDING,High - Genomic/Oncology,18500,Diagnostic Laboratory Reports,Consent Verified (Active on Blockchain),AES-256-GCM,vault-transit-key-0x0e67e14a,Qm90b52a09bd65e1e29ba4929326bc3f78cfb05b107cb6,Pinata Dedicated IPFS Gateway,0.0.4891024,5220,2026-09-13 11:54:55 UTC,0x9f05adab579957a937f58fde1c2628605da8196d988238ae6e2baacc774804ea,0.0001
LAB-REP-00221,ACC-LAB-003-000221,Metropolis Healthcare Molecular Laboratory,0x14dC79964da2C08b23698B3D3cc7Ca32193d9955,NABL-MC-3819,"Dr. Nilesh Shah, MD",Aditi Saxena,849421,0x2df77b50be59d3c97c291c782b66db4ef5df326d,87,male,Dr. Vikram Seth,0x15d34AAf54267DB7D7c367839AAf71A00a2C6A65,Care & Cure Pediatric & Maternity Hospital,Imaging / Radiology,Whole Body PET-CT Oncology Scan,18F-FDG Radiotracer DICOM,"Hypermetabolic primary lesion, SUVmax 9.2, no distant metastases","Physiological FDG biodistribution, no hypermetabolic malignancy",ABNORMAL_FINDING,High - Genomic/Oncology,18500,Diagnostic Laboratory Reports,Consent Verified (Active on Blockchain),AES-256-GCM,vault-transit-key-0x2df77b50,Qmc9513494bb12b524e377cc12aa0d38a9845ab0e43823,Pinata Dedicated IPFS Gateway,0.0.4891024,5221,2026-09-13 11:54:57 UTC,0xdec99746aa7c4b6395c9cb8d4e51821d96aea0c0e2ac5c29313df14ccfd30eba,0.0001
LAB-REP-00222,ACC-LAB-001-000222,Apex Diagnostic Reference Labs,0x04Fee3FD1B338d12FFD6dBD8d66dE1e8e0BB99cB,NABL-MC-2091,"Dr. Sunita Narang, MD Path",Siddharth Agarwal,849422,0xb59bd773db1d9122475af1b5c055c5457a7c4435,88,female,Dr. Rajesh Sharma,0x3c44CdDdB6a900fa2b585dd299e03d12FA4293BC,Max Super Speciality Cancer Institute,Endocrinology Tests,HbA1c Glycated Hemoglobin,Whole Blood (EDTA),HbA1c: 7.6% (Diabetic Range),"<5.7% Normal, 5.7-6.4% Prediabetes, >=6.5% Diabetes",HIGH,Low,650,Diagnostic Laboratory Reports,Consent Verified (Active on Blockchain),AES-256-GCM,vault-transit-key-0xb59bd773,Qmc0e5c7061f3023fae71e8939213a09aa18f087f0b1e7,Pinata Dedicated IPFS Gateway,0.0.4891024,5222,2026-09-13 11:54:59 UTC,0x254c3e14803ce64c442950fa9d43a62f93c9ec0ffdfcb9b77d88802019e7f4dc,0.0001
LAB-REP-00223,ACC-LAB-002-000223,Dr. Lal PathLabs Central Reference Hub,0x976EA74026E726554dB657fA54763abd0C3a0aa9,NABL-MC-1044,"Dr. Arvind Lal, FRCPath",Sakshi Reddy,849423,0xd4cbc1d6180164ad9f10350b6100e3d90d5ff093,89,male,Dr. Rajesh Sharma,0x3c44CdDdB6a900fa2b585dd299e03d12FA4293BC,Care & Cure Pediatric & Maternity Hospital,Endocrinology Tests,HbA1c Glycated Hemoglobin,Whole Blood (EDTA),HbA1c: 7.6% (Diabetic Range),"<5.7% Normal, 5.7-6.4% Prediabetes, >=6.5% Diabetes",HIGH,Low,650,Diagnostic Laboratory Reports,Consent Verified (Active on Blockchain),AES-256-GCM,vault-transit-key-0xd4cbc1d6,Qm3c3f3d964cfe59b8b39bcadaebbc7a1a5b51539cadac,Pinata Dedicated IPFS Gateway,0.0.4891024,5223,2026-09-13 11:55:02 UTC,0xd571be933f02a968f6ec4a026faafd978f696e64bde3442ef569e0a26a5e1fae,0.0001
LAB-REP-00224,ACC-LAB-003-000224,Metropolis Healthcare Molecular Laboratory,0x14dC79964da2C08b23698B3D3cc7Ca32193d9955,NABL-MC-3819,"Dr. Nilesh Shah, MD",Madhav Ghosh,849424,0xf546374adb647de069e299e6e8b18e730a448e52,90,female,Dr. Preeti Deshmukh,0x23618e81E3f5cdF7f54C3d65f7FBc0aBf5B21E8f,Apex Diagnostic & Pathology Hub,Blood Tests,Complete Blood Count (CBC),Whole Blood (EDTA),"Hb: 13.5 g/dL, WBC: 7200 /uL, Platelets: 2.4 Lakhs/uL","Hb: 12-16 g/dL, WBC: 4000-11000 /uL, Platelets: 1.5-4.5 Lakhs/uL",NORMAL,Low,450,Diagnostic Laboratory Reports,Consent Verified (Active on Blockchain),AES-256-GCM,vault-transit-key-0xf546374a,Qm0bab2b922f9e0589aec63119dfa0495496aee92485de,Pinata Dedicated IPFS Gateway,0.0.4891024,5224,2026-09-13 11:55:04 UTC,0x0f40595cb3713c29a0a0fafb89042a65eb4da538ba3bc5c8c8909c5e82eb4d0b,0.0001
LAB-REP-00225,ACC-LAB-003-000225,Metropolis Healthcare Molecular Laboratory,0x14dC79964da2C08b23698B3D3cc7Ca32193d9955,NABL-MC-3819,"Dr. Nilesh Shah, MD",Sanjay Ghosh,849425,0x64281c3a7b6a78d06cb2ea7bfab0a8cee82e7365,16,male,Dr. Rohan Patel,0x976EA74026E726554dB657fA54763abd0C3a0aa9,Apex Diagnostic & Pathology Hub,Kidney Function Tests,Renal Function Profile (KFT),Serum,"BUN: 14 mg/dL, Creatinine: 0.9 mg/dL, eGFR: 92 mL/min (Borderline clinical correlation advised)","BUN: 7-20 mg/dL, Creatinine: 0.6-1.2 mg/dL, eGFR: >60 mL/min",BORDERLINE,Low,850,Diagnostic Laboratory Reports,Consent Verified (Active on Blockchain),AES-256-GCM,vault-transit-key-0x64281c3a,Qm2f89eb4cf3988c086006de2365c6dd017c6382272be4,Pinata Dedicated IPFS Gateway,0.0.4891024,5225,2026-09-13 11:55:06 UTC,0xe3cc90824bb69683e5a3b775f0db178d09c0ddca8495a8d5a41ba74577027617,0.0001
LAB-REP-00226,ACC-LAB-001-000226,Apex Diagnostic Reference Labs,0x04Fee3FD1B338d12FFD6dBD8d66dE1e8e0BB99cB,NABL-MC-2091,"Dr. Sunita Narang, MD Path",Gautam Saxena,849426,0x4586de8ad5d8d67e53f0d14573cad879c04c692b,17,female,Dr. Vikram Seth,0x15d34AAf54267DB7D7c367839AAf71A00a2C6A65,Apex Diagnostic & Pathology Hub,Microbiology Tests,Dengue Duo NS1 Ag + IgM/IgG Antibody ELISA,Serum,"Dengue NS1 Antigen: POSITIVE, IgM: Reactive",Non-Reactive / Negative,POSITIVE_ABNORMAL,Medium,1400,Diagnostic Laboratory Reports,Emergency Diagnostic Upload (Pending Verification),AES-256-GCM,vault-transit-key-0x4586de8a,Qma50edf6978e82daf14ad422af735988c65b321561a4f,Pinata Dedicated IPFS Gateway,0.0.4891024,5226,2026-09-13 11:55:08 UTC,0x85ff951a0f8c5a5adad2e78f02ba8f842de13b3280049883401fa737493a08c2,0.0001
LAB-REP-00227,ACC-LAB-004-000227,Apollo Diagnostics Advanced Enclave,0x23618e81E3f5cdF7f54C3d65f7FBc0aBf5B21E8f,NABL-MC-5102,"Dr. Shanti Swaminathan, MD",Meera Hegde,849427,0x39b2cd1499d5dfa445946381488dff32eb03548f,18,male,Dr. Rohan Patel,0x976EA74026E726554dB657fA54763abd0C3a0aa9,Care & Cure Pediatric & Maternity Hospital,Imaging / Radiology,Whole Body PET-CT Oncology Scan,18F-FDG Radiotracer DICOM,"Hypermetabolic primary lesion, SUVmax 9.2, no distant metastases","Physiological FDG biodistribution, no hypermetabolic malignancy",ABNORMAL_FINDING,High - Genomic/Oncology,18500,Diagnostic Laboratory Reports,Consent Verified (Active on Blockchain),AES-256-GCM,vault-transit-key-0x39b2cd14,Qm1320fa39b7b99e4e323197aaf34aef96ed691a258fca,Pinata Dedicated IPFS Gateway,0.0.4891024,5227,2026-09-13 11:55:11 UTC,0xa33d08f83aa8f892577f43f471ee3fb8b9c251c4d17c1dec9a6fbe0f3f80eeba,0.0001
LAB-REP-00228,ACC-LAB-005-000228,SRL Diagnostics Regional Core Lab,0xa0Ee7A142d267C1f36714E4a8F75612F20a79720,NABL-MC-4491,"Dr. Ramesh Sarin, DNB Path",Madhav Hegde,849428,0xb5c162136475d9c25df58b0d1a5c9edca9571c09,19,female,Dr. Ananya Roy,0x9965507D1a55bcC2695C58ba16FB37d819B0A4dc,Fortis Memorial Neuro & Trauma Center,Endocrinology Tests,"Thyroid Function Panel (TSH, Free T3, Free T4)",Serum,"TSH: 6.8 uIU/mL (Hypothyroid), FT4: 0.72 ng/dL (Low)","TSH: 0.45-4.5 uIU/mL, FT3: 2.0-4.4 pg/mL, FT4: 0.8-1.8 ng/dL",LOW,Low,750,Diagnostic Laboratory Reports,Consent Verified (Active on Blockchain),AES-256-GCM,vault-transit-key-0xb5c16213,Qm45d65bba80447ee211d244439890fc731a87600eb4cd,Pinata Dedicated IPFS Gateway,0.0.4891024,5228,2026-09-13 11:55:13 UTC,0xe2a551bef664305c3cc1c2dd64a5aa980ee36c8cda77b9deb5095f6720e5d71d,0.0001
LAB-REP-00229,ACC-LAB-004-000229,Apollo Diagnostics Advanced Enclave,0x23618e81E3f5cdF7f54C3d65f7FBc0aBf5B21E8f,NABL-MC-5102,"Dr. Shanti Swaminathan, MD",Bhavna Shetty,849429,0x6daeadf947ea4df0b9dc6a61e0deaefd678ee020,20,male,Dr. Rajesh Sharma,0x3c44CdDdB6a900fa2b585dd299e03d12FA4293BC,Max Super Speciality Cancer Institute,Endocrinology Tests,"Thyroid Function Panel (TSH, Free T3, Free T4)",Serum,"TSH: 6.8 uIU/mL (Hypothyroid), FT4: 0.72 ng/dL (Low)","TSH: 0.45-4.5 uIU/mL, FT3: 2.0-4.4 pg/mL, FT4: 0.8-1.8 ng/dL",LOW,Low,750,Diagnostic Laboratory Reports,Consent Verified (Active on Blockchain),AES-256-GCM,vault-transit-key-0x6daeadf9,Qm5fec556da95fc0c20ef655018e1f25ec32e1d78166df,Pinata Dedicated IPFS Gateway,0.0.4891024,5229,2026-09-13 11:55:15 UTC,0xbcb6961fadc88ba4a3c6ae7287d912e940d6cd4974e29a7c9e6a67596b295a25,0.0001
LAB-REP-00230,ACC-LAB-005-000230,SRL Diagnostics Regional Core Lab,0xa0Ee7A142d267C1f36714E4a8F75612F20a79720,NABL-MC-4491,"Dr. Ramesh Sarin, DNB Path",Aarav Mishra,849430,0x6f0089e761762e693fa9f0f27e2f2e2fc67f6457,21,female,Dr. Vikram Seth,0x15d34AAf54267DB7D7c367839AAf71A00a2C6A65,Fortis Memorial Neuro & Trauma Center,Endocrinology Tests,"Thyroid Function Panel (TSH, Free T3, Free T4)",Serum,"TSH: 6.8 uIU/mL (Hypothyroid), FT4: 0.72 ng/dL (Low)","TSH: 0.45-4.5 uIU/mL, FT3: 2.0-4.4 pg/mL, FT4: 0.8-1.8 ng/dL",LOW,Low,750,Diagnostic Laboratory Reports,Consent Verified (Active on Blockchain),AES-256-GCM,vault-transit-key-0x6f0089e7,Qmc2c0ac07a946acd0e3df895a354d8feb7843d96974bc,Pinata Dedicated IPFS Gateway,0.0.4891024,5230,2026-09-13 11:55:18 UTC,0xf068812fb5f329d1ff93225de155380c85feafb0a950684d88d71d8e1605b743,0.0001
LAB-REP-00231,ACC-LAB-005-000231,SRL Diagnostics Regional Core Lab,0xa0Ee7A142d267C1f36714E4a8F75612F20a79720,NABL-MC-4491,"Dr. Ramesh Sarin, DNB Path",Pranav Banerjee,849431,0x8e130a91110ed968e404b3f6498d6e15197787c1,22,male,Dr. Sarah Jenkins,0x04Fee3FD1B338d12FFD6dBD8d66dE1e8e0BB99cB,Apex Diagnostic & Pathology Hub,Blood Tests,Thrombocytopenia Platelet Monitoring,Whole Blood (EDTA),"Platelets: 42,000 /uL (Severe Low)","Platelets: 150,000 - 450,000 /uL",CRITICAL_ALERT,Low,350,Diagnostic Laboratory Reports,Consent Verified (Active on Blockchain),AES-256-GCM,vault-transit-key-0x8e130a91,Qm8e529bec9dd045aba29bf146604a30d07382d8fa1ddc,Pinata Dedicated IPFS Gateway,0.0.4891024,5231,2026-09-13 11:55:20 UTC,0xd7a52e4ae6f09baaac00990ee6b94fc071180c7ce0c5057e9a3e2ec181ca2b49,0.0001
LAB-REP-00232,ACC-LAB-005-000232,SRL Diagnostics Regional Core Lab,0xa0Ee7A142d267C1f36714E4a8F75612F20a79720,NABL-MC-4491,"Dr. Ramesh Sarin, DNB Path",Riya Agarwal,849432,0xef2ea116b84e2e16be7428877be036bed9360118,23,female,Dr. Rajesh Sharma,0x3c44CdDdB6a900fa2b585dd299e03d12FA4293BC,Apollo Multispecialty Hospital,Endocrinology Tests,HbA1c Glycated Hemoglobin,Whole Blood (EDTA),HbA1c: 7.6% (Diabetic Range),"<5.7% Normal, 5.7-6.4% Prediabetes, >=6.5% Diabetes",HIGH,Low,650,Diagnostic Laboratory Reports,Consent Verified (Active on Blockchain),AES-256-GCM,vault-transit-key-0xef2ea116,Qmd72e65e0b2500e495276f022ebdd6a7ea251acbeb2d1,Pinata Dedicated IPFS Gateway,0.0.4891024,5232,2026-09-13 11:55:22 UTC,0x294fb4a153dcfc5460432f831d57f16eaab9446ddf3d63bbe734515132d24904,0.0001
LAB-REP-00233,ACC-LAB-005-000233,SRL Diagnostics Regional Core Lab,0xa0Ee7A142d267C1f36714E4a8F75612F20a79720,NABL-MC-4491,"Dr. Ramesh Sarin, DNB Path",Sneha Saxena,849433,0x6a752969339d123baf25a243aedfae43b9973244,24,male,Dr. Sunita Narang,0xBcd4042DE499D14e55001CcbB24a551F3b954096,Max Super Speciality Cancer Institute,Endocrinology Tests,HbA1c Glycated Hemoglobin,Whole Blood (EDTA),HbA1c: 7.6% (Diabetic Range),"<5.7% Normal, 5.7-6.4% Prediabetes, >=6.5% Diabetes",HIGH,Low,650,Diagnostic Laboratory Reports,Consent Verified (Active on Blockchain),AES-256-GCM,vault-transit-key-0x6a752969,Qmf2e190681bbb6446e3f906d1a672040d41c8a21f7eb9,Pinata Dedicated IPFS Gateway,0.0.4891024,5233,2026-09-13 11:55:25 UTC,0x2e57b98e11b786b9b4a6a389b1813c6db11586ee432b6eafdaac215b95c19892,0.0001
LAB-REP-00234,ACC-LAB-002-000234,Dr. Lal PathLabs Central Reference Hub,0x976EA74026E726554dB657fA54763abd0C3a0aa9,NABL-MC-1044,"Dr. Arvind Lal, FRCPath",Kavya Ghosh,849434,0x9b9122ce24ff141985e177373b8471036d2a343a,25,female,Dr. Sunita Narang,0xBcd4042DE499D14e55001CcbB24a551F3b954096,Fortis Memorial Neuro & Trauma Center,Lipid Profile,Comprehensive Lipid Panel,Serum (Fasting 12h),"Total Chol: 235 mg/dL (High), LDL: 155 mg/dL, TG: 180 mg/dL","Chol: <200 mg/dL, HDL: >40 mg/dL, LDL: <100 mg/dL, TG: <150 mg/dL",HIGH,Low,850,Diagnostic Laboratory Reports,Consent Verified (Active on Blockchain),AES-256-GCM,vault-transit-key-0x9b9122ce,Qm61fef96579b8e88145f33d1be086c6ca02aa18f10e4c,Pinata Dedicated IPFS Gateway,0.0.4891024,5234,2026-09-13 11:55:26 UTC,0xd642374b34c0430344d78d43d7ae66cbeab714cee297b758feb408013fa856e3,0.0001
LAB-REP-00235,ACC-LAB-003-000235,Metropolis Healthcare Molecular Laboratory,0x14dC79964da2C08b23698B3D3cc7Ca32193d9955,NABL-MC-3819,"Dr. Nilesh Shah, MD",Bhavna Kapoor,849435,0xa891cf02d01dc68c0c31c5eb00278c6b7a537fc8,26,male,Dr. Ananya Roy,0x9965507D1a55bcC2695C58ba16FB37d819B0A4dc,Apollo Multispecialty Hospital,Cardiology Tests,High-Sensitivity Cardiac Troponin-I (hs-cTnI),Serum / Plasma,hs-cTnI: 1850 ng/L (Markedly Elevated Acute Myocardial Infarction),< 14 ng/L (99th Percentile Upper Reference Limit),CRITICAL_ALERT,Medium,1800,Diagnostic Laboratory Reports,Consent Verified (Active on Blockchain),AES-256-GCM,vault-transit-key-0xa891cf02,Qm0fcb14e08fa6a9dae0a0321b0d81a287e3b35d886588,Pinata Dedicated IPFS Gateway,0.0.4891024,5235,2026-09-13 11:55:29 UTC,0x51825e2a1f01a6b9675dcc1495d9114366c5e840697591d280773e5148fb3c52,0.0001
LAB-REP-00236,ACC-LAB-004-000236,Apollo Diagnostics Advanced Enclave,0x23618e81E3f5cdF7f54C3d65f7FBc0aBf5B21E8f,NABL-MC-5102,"Dr. Shanti Swaminathan, MD",Kiran Mishra,849436,0x5470cb0260b5233057e6a1c1476942dcfdcd8fc4,27,female,Dr. Vikram Seth,0x15d34AAf54267DB7D7c367839AAf71A00a2C6A65,Fortis Memorial Neuro & Trauma Center,Endocrinology Tests,HbA1c Glycated Hemoglobin,Whole Blood (EDTA),HbA1c: 7.6% (Diabetic Range),"<5.7% Normal, 5.7-6.4% Prediabetes, >=6.5% Diabetes",HIGH,Low,650,Diagnostic Laboratory Reports,Consent Verified (Active on Blockchain),AES-256-GCM,vault-transit-key-0x5470cb02,Qmb3968da69df084d89ec6866129aab49ebd9df60a872b,Pinata Dedicated IPFS Gateway,0.0.4891024,5236,2026-09-13 11:55:31 UTC,0x6080b27dce64016f2311580c95b7d294039751fa047871c22cd37597a144ef1e,0.0001
LAB-REP-00237,ACC-LAB-001-000237,Apex Diagnostic Reference Labs,0x04Fee3FD1B338d12FFD6dBD8d66dE1e8e0BB99cB,NABL-MC-2091,"Dr. Sunita Narang, MD Path",Aarav Nair,849437,0x53b04060642110e449e323bfca35f0ca41dca255,28,male,Dr. Rajesh Sharma,0x3c44CdDdB6a900fa2b585dd299e03d12FA4293BC,Max Super Speciality Cancer Institute,Imaging / Radiology,High-Resolution Non-Contrast Brain CT Scan,Radiological DICOM Imaging,"Small left temporal hemorrhagic contusion, no mass effect",No acute intracranial hemorrhage or midline shift,ABNORMAL_FINDING,Medium,3200,Diagnostic Laboratory Reports,Consent Verified (Active on Blockchain),AES-256-GCM,vault-transit-key-0x53b04060,Qmfb51f57a392bc55eba2aa669151edcac788c38e0a004,Pinata Dedicated IPFS Gateway,0.0.4891024,5237,2026-09-13 11:55:34 UTC,0xb3f91991d9a0b23feeb5a8afd9d1a0f33815b51d73716c0e127ec6e5770c7a4c,0.0001
LAB-REP-00238,ACC-LAB-001-000238,Apex Diagnostic Reference Labs,0x04Fee3FD1B338d12FFD6dBD8d66dE1e8e0BB99cB,NABL-MC-2091,"Dr. Sunita Narang, MD Path",Manish Mukherjee,849438,0xd6fb5ca5adf0911e2b9ec6faae609ae1d5a3bbb0,29,female,Dr. Vikram Seth,0x15d34AAf54267DB7D7c367839AAf71A00a2C6A65,Fortis Memorial Neuro & Trauma Center,Blood Tests,Complete Blood Count (CBC),Whole Blood (EDTA),"Hb: 13.5 g/dL, WBC: 7200 /uL, Platelets: 2.4 Lakhs/uL","Hb: 12-16 g/dL, WBC: 4000-11000 /uL, Platelets: 1.5-4.5 Lakhs/uL",NORMAL,Low,450,Diagnostic Laboratory Reports,Consent Verified (Active on Blockchain),AES-256-GCM,vault-transit-key-0xd6fb5ca5,Qmaea7df1e703aae213b42810086d0d765086c43de102b,Pinata Dedicated IPFS Gateway,0.0.4891024,5238,2026-09-13 11:55:35 UTC,0x0a48d0072c2dc4eb2e2e337b557f48675648198e8972c66e228c1af52ed639dd,0.0001
LAB-REP-00239,ACC-LAB-001-000239,Apex Diagnostic Reference Labs,0x04Fee3FD1B338d12FFD6dBD8d66dE1e8e0BB99cB,NABL-MC-2091,"Dr. Sunita Narang, MD Path",Arjun Sharma,849439,0x85ef8484aca0352b8d293086f537cbdd33273dc3,30,male,Dr. Rohan Patel,0x976EA74026E726554dB657fA54763abd0C3a0aa9,Apex Diagnostic & Pathology Hub,Endocrinology Tests,HbA1c Glycated Hemoglobin,Whole Blood (EDTA),HbA1c: 7.6% (Diabetic Range),"<5.7% Normal, 5.7-6.4% Prediabetes, >=6.5% Diabetes",HIGH,Low,650,Diagnostic Laboratory Reports,Consent Verified (Active on Blockchain),AES-256-GCM,vault-transit-key-0x85ef8484,Qm9212fb6562dacbd66f1b52607de56a7a806c400e186a,Pinata Dedicated IPFS Gateway,0.0.4891024,5239,2026-09-13 11:55:38 UTC,0xf7edcc52dc1047fc116d5a9380590cfd02647816cd7b575f8b2480768fa65719,0.0001
LAB-REP-00240,ACC-LAB-002-000240,Dr. Lal PathLabs Central Reference Hub,0x976EA74026E726554dB657fA54763abd0C3a0aa9,NABL-MC-1044,"Dr. Arvind Lal, FRCPath",Sneha Banerjee,849440,0xf2b011b79b34652518137c1402da22732436324b,31,female,Dr. Rohan Patel,0x976EA74026E726554dB657fA54763abd0C3a0aa9,Apollo Multispecialty Hospital,Microbiology Tests,Dengue Duo NS1 Ag + IgM/IgG Antibody ELISA,Serum,"Dengue NS1 Antigen: POSITIVE, IgM: Reactive",Non-Reactive / Negative,POSITIVE_ABNORMAL,Medium,1400,Diagnostic Laboratory Reports,Consent Verified (Active on Blockchain),AES-256-GCM,vault-transit-key-0xf2b011b7,Qm74a60b3821e191f1eec8ce4527339a8cb84b21083e10,Pinata Dedicated IPFS Gateway,0.0.4891024,5240,2026-09-13 11:55:40 UTC,0x79b78b438df84609b26fb8b7e8882c3a4ea50f5ab51206868fdc162357473829,0.0001
LAB-REP-00241,ACC-LAB-005-000241,SRL Diagnostics Regional Core Lab,0xa0Ee7A142d267C1f36714E4a8F75612F20a79720,NABL-MC-4491,"Dr. Ramesh Sarin, DNB Path",Chetan Saxena,849441,0xbff31d3ebad7dc77860e846e17118f28230b897d,32,male,Dr. Sarah Jenkins,0x04Fee3FD1B338d12FFD6dBD8d66dE1e8e0BB99cB,Apollo Multispecialty Hospital,Liver Function Tests,Liver Function Profile (LFT),Serum,"ALT: 88 U/L (High), AST: 74 U/L (High), Total Bili: 1.8 mg/dL","ALT: 7-56 U/L, AST: 10-40 U/L, Bilirubin: 0.1-1.2 mg/dL",HIGH,Low,950,Diagnostic Laboratory Reports,Consent Verified (Active on Blockchain),AES-256-GCM,vault-transit-key-0xbff31d3e,Qmcab2b49c2d9c2848b5020535dcbe51dc26162b0bfbff,Pinata Dedicated IPFS Gateway,0.0.4891024,5241,2026-09-13 11:55:43 UTC,0x9d748b305db2f3a88d83c0915dbf4b7b1ef686641b09a229f02cf43f19cd37b9,0.0001
LAB-REP-00242,ACC-LAB-005-000242,SRL Diagnostics Regional Core Lab,0xa0Ee7A142d267C1f36714E4a8F75612F20a79720,NABL-MC-4491,"Dr. Ramesh Sarin, DNB Path",Aarav Sharma,849442,0xc86198d2aae2995f32b29f3999019ae452620556,33,female,Dr. Sunita Narang,0xBcd4042DE499D14e55001CcbB24a551F3b954096,Apollo Multispecialty Hospital,Endocrinology Tests,HbA1c Glycated Hemoglobin,Whole Blood (EDTA),HbA1c: 7.6% (Diabetic Range),"<5.7% Normal, 5.7-6.4% Prediabetes, >=6.5% Diabetes",HIGH,Low,650,Diagnostic Laboratory Reports,Consent Verified (Active on Blockchain),AES-256-GCM,vault-transit-key-0xc86198d2,Qm2b32426254a8f61ad39d5a010873407a86ad26ac1b11,Pinata Dedicated IPFS Gateway,0.0.4891024,5242,2026-09-13 11:55:45 UTC,0x4c0389d6bd0ef2d9b8603e52bd979f24792cdcfa20ad45dd2ba6700c94882538,0.0001
LAB-REP-00243,ACC-LAB-002-000243,Dr. Lal PathLabs Central Reference Hub,0x976EA74026E726554dB657fA54763abd0C3a0aa9,NABL-MC-1044,"Dr. Arvind Lal, FRCPath",Manish Ghosh,849443,0x204faa81b7d561330d291dd3719799ca13dc4936,34,male,Dr. Rajesh Sharma,0x3c44CdDdB6a900fa2b585dd299e03d12FA4293BC,Care & Cure Pediatric & Maternity Hospital,Lipid Profile,Comprehensive Lipid Panel,Serum (Fasting 12h),"Total Chol: 235 mg/dL (High), LDL: 155 mg/dL, TG: 180 mg/dL","Chol: <200 mg/dL, HDL: >40 mg/dL, LDL: <100 mg/dL, TG: <150 mg/dL",HIGH,Low,850,Diagnostic Laboratory Reports,Emergency Diagnostic Upload (Pending Verification),AES-256-GCM,vault-transit-key-0x204faa81,Qmb278d4d04480be47cbb3d36efd61538424f146641fb2,Pinata Dedicated IPFS Gateway,0.0.4891024,5243,2026-09-13 11:55:47 UTC,0xcfb7b0ec1f7f08b8c9b9789e3aac9006d37944f2e90638c0c3377de160ebe88b,0.0001
LAB-REP-00244,ACC-LAB-005-000244,SRL Diagnostics Regional Core Lab,0xa0Ee7A142d267C1f36714E4a8F75612F20a79720,NABL-MC-4491,"Dr. Ramesh Sarin, DNB Path",Lata Shetty,849444,0x48c0b68ad38e90e33bc4763967cb08e48ef76de0,35,female,Dr. Sunita Narang,0xBcd4042DE499D14e55001CcbB24a551F3b954096,Apex Diagnostic & Pathology Hub,Imaging / Radiology,High-Resolution Non-Contrast Brain CT Scan,Radiological DICOM Imaging,"Small left temporal hemorrhagic contusion, no mass effect",No acute intracranial hemorrhage or midline shift,ABNORMAL_FINDING,Medium,3200,Diagnostic Laboratory Reports,Consent Verified (Active on Blockchain),AES-256-GCM,vault-transit-key-0x48c0b68a,Qmc3c75619b773e7810010511c2d97ce3b6e38dd27e0a0,Pinata Dedicated IPFS Gateway,0.0.4891024,5244,2026-09-13 11:55:49 UTC,0xc0702c4dd9acb5cd006a0ba726f19c8870fe7c06fdaabc48ba10eb523b393656,0.0001
LAB-REP-00245,ACC-LAB-004-000245,Apollo Diagnostics Advanced Enclave,0x23618e81E3f5cdF7f54C3d65f7FBc0aBf5B21E8f,NABL-MC-5102,"Dr. Shanti Swaminathan, MD",Nandini Verma,849445,0xe82f534b721300dc18fe1754a28372e840b20a46,36,male,Dr. Sarah Jenkins,0x04Fee3FD1B338d12FFD6dBD8d66dE1e8e0BB99cB,Apex Diagnostic & Pathology Hub,Imaging / Radiology,Whole Body PET-CT Oncology Scan,18F-FDG Radiotracer DICOM,"Hypermetabolic primary lesion, SUVmax 9.2, no distant metastases","Physiological FDG biodistribution, no hypermetabolic malignancy",ABNORMAL_FINDING,High - Genomic/Oncology,18500,Diagnostic Laboratory Reports,Consent Verified (Active on Blockchain),AES-256-GCM,vault-transit-key-0xe82f534b,Qme5517801663798854e0ea70b176ceb89866f22c0739b,Pinata Dedicated IPFS Gateway,0.0.4891024,5245,2026-09-13 11:55:51 UTC,0xe0849c82174de36567c7bd62349a4960802d0b8db727eac8afe3f1177d2961a7,0.0001
LAB-REP-00246,ACC-LAB-001-000246,Apex Diagnostic Reference Labs,0x04Fee3FD1B338d12FFD6dBD8d66dE1e8e0BB99cB,NABL-MC-2091,"Dr. Sunita Narang, MD Path",Geeta Ghosh,849446,0x7131c1575139331e97fdfcbddac2a87577881775,37,female,Dr. Sunita Narang,0xBcd4042DE499D14e55001CcbB24a551F3b954096,Apex Diagnostic & Pathology Hub,Endocrinology Tests,HbA1c Glycated Hemoglobin,Whole Blood (EDTA),HbA1c: 7.6% (Diabetic Range),"<5.7% Normal, 5.7-6.4% Prediabetes, >=6.5% Diabetes",HIGH,Low,650,Diagnostic Laboratory Reports,Consent Verified (Active on Blockchain),AES-256-GCM,vault-transit-key-0x7131c157,Qm276a2331f0e27141479210caca11f6e07ad0c02e01da,Pinata Dedicated IPFS Gateway,0.0.4891024,5246,2026-09-13 11:55:53 UTC,0x3810c372cc1371304b4d367dd49bc80592f058a39a6dfcf627bdcd9d8dd01e71,0.0001
LAB-REP-00247,ACC-LAB-001-000247,Apex Diagnostic Reference Labs,0x04Fee3FD1B338d12FFD6dBD8d66dE1e8e0BB99cB,NABL-MC-2091,"Dr. Sunita Narang, MD Path",Siddharth Rao,849447,0xa3d161e0a06076ccd46575d1565d6a70f6271535,38,male,Dr. Sarah Jenkins,0x04Fee3FD1B338d12FFD6dBD8d66dE1e8e0BB99cB,Apollo Multispecialty Hospital,Microbiology Tests,Dengue Duo NS1 Ag + IgM/IgG Antibody ELISA,Serum,"Dengue NS1 Antigen: POSITIVE, IgM: Reactive",Non-Reactive / Negative,POSITIVE_ABNORMAL,Medium,1400,Diagnostic Laboratory Reports,Consent Verified (Active on Blockchain),AES-256-GCM,vault-transit-key-0xa3d161e0,Qmb928bb43fd9a3ed5135b6958d011de3f6bc20c404506,Pinata Dedicated IPFS Gateway,0.0.4891024,5247,2026-09-13 11:55:56 UTC,0xa9a10de4c06fbff6942cbce2326b8805664fb78a8876124a229be19ca844aeac,0.0001
LAB-REP-00248,ACC-LAB-002-000248,Dr. Lal PathLabs Central Reference Hub,0x976EA74026E726554dB657fA54763abd0C3a0aa9,NABL-MC-1044,"Dr. Arvind Lal, FRCPath",Bhavna Deshmukh,849448,0xb2706c60e50e32fc3d3692139ea4eee99bfe2bcc,39,female,Dr. Rajesh Sharma,0x3c44CdDdB6a900fa2b585dd299e03d12FA4293BC,Care & Cure Pediatric & Maternity Hospital,Blood Tests,Thrombocytopenia Platelet Monitoring,Whole Blood (EDTA),"Platelets: 42,000 /uL (Severe Low)","Platelets: 150,000 - 450,000 /uL",CRITICAL_ALERT,Low,350,Diagnostic Laboratory Reports,Emergency Diagnostic Upload (Pending Verification),AES-256-GCM,vault-transit-key-0xb2706c60,Qm966b47282bc766d8a11dd19ba19f7f43cb55c63f8d0c,Pinata Dedicated IPFS Gateway,0.0.4891024,5248,2026-09-13 11:55:58 UTC,0x2741e238ea9f44ba1ca2eb383d8bd70b99d32b561b73a66388008c5e5225da8f,0.0001
LAB-REP-00249,ACC-LAB-001-000249,Apex Diagnostic Reference Labs,0x04Fee3FD1B338d12FFD6dBD8d66dE1e8e0BB99cB,NABL-MC-2091,"Dr. Sunita Narang, MD Path",Priyanka Banerjee,849449,0xc38ff4b3cc407d255b41362407ea3288231cb04d,40,male,Dr. Sarah Jenkins,0x04Fee3FD1B338d12FFD6dBD8d66dE1e8e0BB99cB,Apex Diagnostic & Pathology Hub,Blood Tests,Thrombocytopenia Platelet Monitoring,Whole Blood (EDTA),"Platelets: 42,000 /uL (Severe Low)","Platelets: 150,000 - 450,000 /uL",CRITICAL_ALERT,Low,350,Diagnostic Laboratory Reports,Consent Verified (Active on Blockchain),AES-256-GCM,vault-transit-key-0xc38ff4b3,Qmd6a55467122cd2bfd91645715be8438d98a3f4a49fbb,Pinata Dedicated IPFS Gateway,0.0.4891024,5249,2026-09-13 11:56:01 UTC,0xe40e6843514ad11a50295d01e5efbc64f694c9e586c8a3783c6aa68ea0229c31,0.0001
LAB-REP-00250,ACC-LAB-003-000250,Metropolis Healthcare Molecular Laboratory,0x14dC79964da2C08b23698B3D3cc7Ca32193d9955,NABL-MC-3819,"Dr. Nilesh Shah, MD",Madhav Pandey,849450,0xa835ce59ddafa8f8fc2cace87c7aa839853d56f7,41,female,Dr. Preeti Deshmukh,0x23618e81E3f5cdF7f54C3d65f7FBc0aBf5B21E8f,Fortis Memorial Neuro & Trauma Center,Kidney Function Tests,Renal Function Profile (KFT),Serum,"BUN: 14 mg/dL, Creatinine: 0.9 mg/dL, eGFR: 92 mL/min","BUN: 7-20 mg/dL, Creatinine: 0.6-1.2 mg/dL, eGFR: >60 mL/min",NORMAL,Low,850,Diagnostic Laboratory Reports,Consent Verified (Active on Blockchain),AES-256-GCM,vault-transit-key-0xa835ce59,Qm5fc3ebf5e724798013f5cc13ee77ee40901d1fe64c9a,Pinata Dedicated IPFS Gateway,0.0.4891024,5250,2026-09-13 11:56:03 UTC,0x59f0d5719bfeafc5da48e20b015295387263307ae5615573dd9d5da621df82a8,0.0001
LAB-REP-00251,ACC-LAB-001-000251,Apex Diagnostic Reference Labs,0x04Fee3FD1B338d12FFD6dBD8d66dE1e8e0BB99cB,NABL-MC-2091,"Dr. Sunita Narang, MD Path",Rohan Gupta,849451,0x32d652b2e8ada2dec8bbc5b2e5a7b6ab71e97298,42,male,Dr. Rajesh Sharma,0x3c44CdDdB6a900fa2b585dd299e03d12FA4293BC,Fortis Memorial Neuro & Trauma Center,Imaging / Radiology,Whole Body PET-CT Oncology Scan,18F-FDG Radiotracer DICOM,"Hypermetabolic primary lesion, SUVmax 9.2, no distant metastases","Physiological FDG biodistribution, no hypermetabolic malignancy",ABNORMAL_FINDING,High - Genomic/Oncology,18500,Diagnostic Laboratory Reports,Consent Verified (Active on Blockchain),AES-256-GCM,vault-transit-key-0x32d652b2,Qm95c117cdba92c21a31915e847254ae212922ff22dbbb,Pinata Dedicated IPFS Gateway,0.0.4891024,5251,2026-09-13 11:56:04 UTC,0x8acd613289d474b64167ae39129310fc59f234742b0bacd22637a1b0bedbfc7a,0.0001
LAB-REP-00252,ACC-LAB-002-000252,Dr. Lal PathLabs Central Reference Hub,0x976EA74026E726554dB657fA54763abd0C3a0aa9,NABL-MC-1044,"Dr. Arvind Lal, FRCPath",Deepak Bhatia,849452,0x5ed9cf04fca87a2330f5ef84b3b191de98e00637,43,female,Dr. Vikram Seth,0x15d34AAf54267DB7D7c367839AAf71A00a2C6A65,Max Super Speciality Cancer Institute,Liver Function Tests,Liver Function Profile (LFT),Serum,"ALT: 88 U/L (High), AST: 74 U/L (High), Total Bili: 1.8 mg/dL","ALT: 7-56 U/L, AST: 10-40 U/L, Bilirubin: 0.1-1.2 mg/dL",HIGH,Low,950,Diagnostic Laboratory Reports,Consent Verified (Active on Blockchain),AES-256-GCM,vault-transit-key-0x5ed9cf04,Qm48781ab4fd676fd336be10a4c510cffe8ec5716752e3,Pinata Dedicated IPFS Gateway,0.0.4891024,5252,2026-09-13 11:56:07 UTC,0xee813d3950e88739e3e5479e3239bda7ed7da78a0f374d1deb686e084732f9d5,0.0001
LAB-REP-00253,ACC-LAB-004-000253,Apollo Diagnostics Advanced Enclave,0x23618e81E3f5cdF7f54C3d65f7FBc0aBf5B21E8f,NABL-MC-5102,"Dr. Shanti Swaminathan, MD",Vikas Mehta,849453,0xdf5529c485aea26db4fe51cebaf9c71bfb54b114,44,male,Dr. Rohan Patel,0x976EA74026E726554dB657fA54763abd0C3a0aa9,Apex Diagnostic & Pathology Hub,Microbiology Tests,Dengue Duo NS1 Ag + IgM/IgG Antibody ELISA,Serum,"Dengue NS1 Antigen: POSITIVE, IgM: Reactive",Non-Reactive / Negative,POSITIVE_ABNORMAL,Medium,1400,Diagnostic Laboratory Reports,Consent Verified (Active on Blockchain),AES-256-GCM,vault-transit-key-0xdf5529c4,Qm5a6030af2d92b622686bcce4cb964117ed1c23a719f9,Pinata Dedicated IPFS Gateway,0.0.4891024,5253,2026-09-13 11:56:09 UTC,0x81e72bfcf362536901a8c8b080e7a3a3cc9eedc647aea3609ce198ac63deb709,0.0001
LAB-REP-00254,ACC-LAB-004-000254,Apollo Diagnostics Advanced Enclave,0x23618e81E3f5cdF7f54C3d65f7FBc0aBf5B21E8f,NABL-MC-5102,"Dr. Shanti Swaminathan, MD",Rakesh Mukherjee,849454,0xdcad8c1a140d6215be67fca3a529b86caf868280,45,female,Dr. Ananya Roy,0x9965507D1a55bcC2695C58ba16FB37d819B0A4dc,Care & Cure Pediatric & Maternity Hospital,Metabolic Panel,Comprehensive Metabolic Panel (CMP),Serum,"Na: 138 mmol/L, K: 4.1 mmol/L, Creat: 1.05 mg/dL","Na: 135-145, K: 3.5-5.0, Creatinine: 0.7-1.3 mg/dL",NORMAL,Medium,1200,Diagnostic Laboratory Reports,Consent Verified (Active on Blockchain),AES-256-GCM,vault-transit-key-0xdcad8c1a,Qm525defade7d6d4725089c2857cc82167b6df6934ab0b,Pinata Dedicated IPFS Gateway,0.0.4891024,5254,2026-09-13 11:56:12 UTC,0x19ed3cb6209a265b43238e057abc88d362e8e7a613d98ca74cf64a9aaf5ce8d8,0.0001
LAB-REP-00255,ACC-LAB-001-000255,Apex Diagnostic Reference Labs,0x04Fee3FD1B338d12FFD6dBD8d66dE1e8e0BB99cB,NABL-MC-2091,"Dr. Sunita Narang, MD Path",Kavya Deshmukh,849455,0x5ddce791ab59c4ddd8ec4730cc686142bd858946,46,male,Dr. Sunita Narang,0xBcd4042DE499D14e55001CcbB24a551F3b954096,Max Super Speciality Cancer Institute,Imaging / Radiology,High-Resolution Non-Contrast Brain CT Scan,Radiological DICOM Imaging,"Small left temporal hemorrhagic contusion, no mass effect",No acute intracranial hemorrhage or midline shift,ABNORMAL_FINDING,Medium,3200,Diagnostic Laboratory Reports,Consent Verified (Active on Blockchain),AES-256-GCM,vault-transit-key-0x5ddce791,Qmed494e6d3a8d56416597dfff7e594e2a95609acd75d4,Pinata Dedicated IPFS Gateway,0.0.4891024,5255,2026-09-13 11:56:13 UTC,0x45360119d4e3e6439192c47086e443a20d996094b562f00fd010bc417c559908,0.0001
LAB-REP-00256,ACC-LAB-002-000256,Dr. Lal PathLabs Central Reference Hub,0x976EA74026E726554dB657fA54763abd0C3a0aa9,NABL-MC-1044,"Dr. Arvind Lal, FRCPath",Bhavna Gupta,849456,0x4c4225e595b984526df044cfc6e5e1e8b97c8e17,47,female,Dr. Preeti Deshmukh,0x23618e81E3f5cdF7f54C3d65f7FBc0aBf5B21E8f,Max Super Speciality Cancer Institute,Cardiology Tests,High-Sensitivity Cardiac Troponin-I (hs-cTnI),Serum / Plasma,hs-cTnI: 1850 ng/L (Markedly Elevated Acute Myocardial Infarction),< 14 ng/L (99th Percentile Upper Reference Limit),CRITICAL_ALERT,Medium,1800,Diagnostic Laboratory Reports,Consent Verified (Active on Blockchain),AES-256-GCM,vault-transit-key-0x4c4225e5,Qm38683ab4fde302a55017b013e41abc23443093fd9dc3,Pinata Dedicated IPFS Gateway,0.0.4891024,5256,2026-09-13 11:56:16 UTC,0xe7b749f9c22b1979249ddee37fe100e187097766dbe2f76b4ae48b0ddc614feb,0.0001
LAB-REP-00257,ACC-LAB-002-000257,Dr. Lal PathLabs Central Reference Hub,0x976EA74026E726554dB657fA54763abd0C3a0aa9,NABL-MC-1044,"Dr. Arvind Lal, FRCPath",Riya Sharma,849457,0x49851c79a121fac34fceab7d3d91d4bc049619ca,48,male,Dr. Ananya Roy,0x9965507D1a55bcC2695C58ba16FB37d819B0A4dc,Max Super Speciality Cancer Institute,Blood Tests,Complete Blood Count (CBC),Whole Blood (EDTA),"Hb: 13.5 g/dL, WBC: 7200 /uL, Platelets: 2.4 Lakhs/uL","Hb: 12-16 g/dL, WBC: 4000-11000 /uL, Platelets: 1.5-4.5 Lakhs/uL",NORMAL,Low,450,Diagnostic Laboratory Reports,Consent Verified (Active on Blockchain),AES-256-GCM,vault-transit-key-0x49851c79,Qm933ea9a2e537165051f159da190a57177f5537f4d69b,Pinata Dedicated IPFS Gateway,0.0.4891024,5257,2026-09-13 11:56:18 UTC,0x995fd66f590abd6f5e19c267f9a2f6b1a4eeb8dda08bf8bcc577148809a8cb6c,0.0001
LAB-REP-00258,ACC-LAB-003-000258,Metropolis Healthcare Molecular Laboratory,0x14dC79964da2C08b23698B3D3cc7Ca32193d9955,NABL-MC-3819,"Dr. Nilesh Shah, MD",Anand Deshmukh,849458,0xde9097a0e0b8ec2d4dcc61bd6a3944ffc2b44ce2,49,female,Dr. Rajesh Sharma,0x3c44CdDdB6a900fa2b585dd299e03d12FA4293BC,Care & Cure Pediatric & Maternity Hospital,Lipid Profile,Comprehensive Lipid Panel,Serum (Fasting 12h),"Total Chol: 235 mg/dL (High), LDL: 155 mg/dL, TG: 180 mg/dL","Chol: <200 mg/dL, HDL: >40 mg/dL, LDL: <100 mg/dL, TG: <150 mg/dL",HIGH,Low,850,Diagnostic Laboratory Reports,Consent Verified (Active on Blockchain),AES-256-GCM,vault-transit-key-0xde9097a0,Qmd616bc6e1aad2a1164e087fb56c46c08b01b8f712827,Pinata Dedicated IPFS Gateway,0.0.4891024,5258,2026-09-13 11:56:20 UTC,0x5ccd1e1909da255f362386055c578be1977936f2dc2ecfa28230a802480a57cf,0.0001
LAB-REP-00259,ACC-LAB-003-000259,Metropolis Healthcare Molecular Laboratory,0x14dC79964da2C08b23698B3D3cc7Ca32193d9955,NABL-MC-3819,"Dr. Nilesh Shah, MD",Nikhil Kapoor,849459,0x4547d73c6d3c629683f3eabc54cf18642ebf5cd5,50,male,Dr. Rajesh Sharma,0x3c44CdDdB6a900fa2b585dd299e03d12FA4293BC,Max Super Speciality Cancer Institute,Kidney Function Tests,Renal Function Profile (KFT),Serum,"BUN: 14 mg/dL, Creatinine: 0.9 mg/dL, eGFR: 92 mL/min","BUN: 7-20 mg/dL, Creatinine: 0.6-1.2 mg/dL, eGFR: >60 mL/min",NORMAL,Low,850,Diagnostic Laboratory Reports,Consent Verified (Active on Blockchain),AES-256-GCM,vault-transit-key-0x4547d73c,Qm4a81adb865b5ebe4709d2a79d5fc35db0f91e41fbe36,Pinata Dedicated IPFS Gateway,0.0.4891024,5259,2026-09-13 11:56:23 UTC,0xa7e583ecec70123f6ca54f9c578dcf47962d383f8f9d708f40d7a19f7eedc7a8,0.0001
LAB-REP-00260,ACC-LAB-005-000260,SRL Diagnostics Regional Core Lab,0xa0Ee7A142d267C1f36714E4a8F75612F20a79720,NABL-MC-4491,"Dr. Ramesh Sarin, DNB Path",Divya Nair,849460,0xebb34e443f4bd2487efb092cf98db13b8212c96a,51,female,Dr. Sarah Jenkins,0x04Fee3FD1B338d12FFD6dBD8d66dE1e8e0BB99cB,Apex Diagnostic & Pathology Hub,Metabolic Panel,Comprehensive Metabolic Panel (CMP),Serum,"Na: 138 mmol/L, K: 4.1 mmol/L, Creat: 1.05 mg/dL","Na: 135-145, K: 3.5-5.0, Creatinine: 0.7-1.3 mg/dL",NORMAL,Medium,1200,Diagnostic Laboratory Reports,Consent Verified (Active on Blockchain),AES-256-GCM,vault-transit-key-0xebb34e44,Qmde9c9904ad697eca9ccb40eb6eae25ab94e3964d3203,Pinata Dedicated IPFS Gateway,0.0.4891024,5260,2026-09-13 11:56:25 UTC,0x05f8683dcb6cb88fe519287369cc5b182fad4a18dc9fba1ac234d04573a5ee21,0.0001
LAB-REP-00261,ACC-LAB-004-000261,Apollo Diagnostics Advanced Enclave,0x23618e81E3f5cdF7f54C3d65f7FBc0aBf5B21E8f,NABL-MC-5102,"Dr. Shanti Swaminathan, MD",Ishaan Shetty,849461,0xc426b0da65f25abcf349d7f87bddaea3621721b0,52,male,Dr. Sarah Jenkins,0x04Fee3FD1B338d12FFD6dBD8d66dE1e8e0BB99cB,Max Super Speciality Cancer Institute,Imaging / Radiology,Whole Body PET-CT Oncology Scan,18F-FDG Radiotracer DICOM,"Hypermetabolic primary lesion, SUVmax 9.2, no distant metastases","Physiological FDG biodistribution, no hypermetabolic malignancy",ABNORMAL_FINDING,High - Genomic/Oncology,18500,Diagnostic Laboratory Reports,Consent Verified (Active on Blockchain),AES-256-GCM,vault-transit-key-0xc426b0da,Qmddb5cfe54ac52881b7b0f49e848437b9bec422885b65,Pinata Dedicated IPFS Gateway,0.0.4891024,5261,2026-09-13 11:56:27 UTC,0xcccd1f80a4744defeba5c8026e8bfe7d76ac5e27125fc145b32c27731f5ecc01,0.0001
LAB-REP-00262,ACC-LAB-001-000262,Apex Diagnostic Reference Labs,0x04Fee3FD1B338d12FFD6dBD8d66dE1e8e0BB99cB,NABL-MC-2091,"Dr. Sunita Narang, MD Path",Sanjay Saxena,849462,0x5c348bed13a50e212579c72fdb1481e054642bfd,53,female,Dr. Vikram Seth,0x15d34AAf54267DB7D7c367839AAf71A00a2C6A65,Care & Cure Pediatric & Maternity Hospital,Blood Tests,Thrombocytopenia Platelet Monitoring,Whole Blood (EDTA),"Platelets: 42,000 /uL (Severe Low)","Platelets: 150,000 - 450,000 /uL",CRITICAL_ALERT,Low,350,Diagnostic Laboratory Reports,Emergency Diagnostic Upload (Pending Verification),AES-256-GCM,vault-transit-key-0x5c348bed,Qm40da3cc55a4b5e79ddaeb839ba2005cf5117523dea94,Pinata Dedicated IPFS Gateway,0.0.4891024,5262,2026-09-13 11:56:29 UTC,0x77285b43c3db3f7293b547e9188402161b3a02152c694cfc8291b3cbb1d19583,0.0001
LAB-REP-00263,ACC-LAB-002-000263,Dr. Lal PathLabs Central Reference Hub,0x976EA74026E726554dB657fA54763abd0C3a0aa9,NABL-MC-1044,"Dr. Arvind Lal, FRCPath",Yashwanth Agarwal,849463,0x27a035ebbd5cb6ca8d51abaf759418d318e385bb,54,male,Dr. Rajesh Sharma,0x3c44CdDdB6a900fa2b585dd299e03d12FA4293BC,Apollo Multispecialty Hospital,Liver Function Tests,Liver Function Profile (LFT),Serum,"ALT: 88 U/L (High), AST: 74 U/L (High), Total Bili: 1.8 mg/dL","ALT: 7-56 U/L, AST: 10-40 U/L, Bilirubin: 0.1-1.2 mg/dL",HIGH,Low,950,Diagnostic Laboratory Reports,Consent Verified (Active on Blockchain),AES-256-GCM,vault-transit-key-0x27a035eb,Qm826e017dfe0411f9b6d8656965d37c0271432bb3f3f1,Pinata Dedicated IPFS Gateway,0.0.4891024,5263,2026-09-13 11:56:31 UTC,0x3b0ef9ec742dd48f7ac3961632d1cab765d638d12555e2585f632eed2388ce91,0.0001
LAB-REP-00264,ACC-LAB-002-000264,Dr. Lal PathLabs Central Reference Hub,0x976EA74026E726554dB657fA54763abd0C3a0aa9,NABL-MC-1044,"Dr. Arvind Lal, FRCPath",Arjun Patel,849464,0x04a7cc31a91849316b1266b9fabaeccfde6618d1,55,female,Dr. Rohan Patel,0x976EA74026E726554dB657fA54763abd0C3a0aa9,Max Super Speciality Cancer Institute,Cardiology Tests,High-Sensitivity Cardiac Troponin-I (hs-cTnI),Serum / Plasma,hs-cTnI: 1850 ng/L (Markedly Elevated Acute Myocardial Infarction),< 14 ng/L (99th Percentile Upper Reference Limit),CRITICAL_ALERT,Medium,1800,Diagnostic Laboratory Reports,Consent Verified (Active on Blockchain),AES-256-GCM,vault-transit-key-0x04a7cc31,Qm3a103634631355f539f2118a63eb9518b48a06c08e88,Pinata Dedicated IPFS Gateway,0.0.4891024,5264,2026-09-13 11:56:34 UTC,0x1f3d9e00cdef2d65ea697fab74ef2aa715a7bf417c56a332b60ee72bf9a7612e,0.0001
LAB-REP-00265,ACC-LAB-002-000265,Dr. Lal PathLabs Central Reference Hub,0x976EA74026E726554dB657fA54763abd0C3a0aa9,NABL-MC-1044,"Dr. Arvind Lal, FRCPath",Aditi Patel,849465,0x5d441028d55abce8176e195d3d90c9ebc6b63f9d,56,male,Dr. Rajesh Sharma,0x3c44CdDdB6a900fa2b585dd299e03d12FA4293BC,Max Super Speciality Cancer Institute,Microbiology Tests,Dengue Duo NS1 Ag + IgM/IgG Antibody ELISA,Serum,"Dengue NS1 Antigen: POSITIVE, IgM: Reactive",Non-Reactive / Negative,POSITIVE_ABNORMAL,Medium,1400,Diagnostic Laboratory Reports,Consent Verified (Active on Blockchain),AES-256-GCM,vault-transit-key-0x5d441028,Qm41681a4b18da753363db4ce159814a097adb42c7c774,Pinata Dedicated IPFS Gateway,0.0.4891024,5265,2026-09-13 11:56:36 UTC,0x1e8d96ae7168132d0ff6460b6033a7e4cbaceb1f588d9cdb13f37ebc3143a94b,0.0001
LAB-REP-00266,ACC-LAB-003-000266,Metropolis Healthcare Molecular Laboratory,0x14dC79964da2C08b23698B3D3cc7Ca32193d9955,NABL-MC-3819,"Dr. Nilesh Shah, MD",Varun Patel,849466,0xaf95925b36f03659eb91b3e0bef74d821692f1f6,57,female,Dr. Sarah Jenkins,0x04Fee3FD1B338d12FFD6dBD8d66dE1e8e0BB99cB,Max Super Speciality Cancer Institute,Blood Tests,Complete Blood Count (CBC),Whole Blood (EDTA),"Hb: 13.5 g/dL, WBC: 7200 /uL, Platelets: 2.4 Lakhs/uL","Hb: 12-16 g/dL, WBC: 4000-11000 /uL, Platelets: 1.5-4.5 Lakhs/uL",NORMAL,Low,450,Diagnostic Laboratory Reports,Consent Verified (Active on Blockchain),AES-256-GCM,vault-transit-key-0xaf95925b,Qmb6d05d2382e7babb27b734bf95843102277299a9fb73,Pinata Dedicated IPFS Gateway,0.0.4891024,5266,2026-09-13 11:56:39 UTC,0x4d8e21bad7009a8430f52ccb7ad7cd3cb6d054955083ed1eeb5f7bd21e688b65,0.0001
LAB-REP-00267,ACC-LAB-004-000267,Apollo Diagnostics Advanced Enclave,0x23618e81E3f5cdF7f54C3d65f7FBc0aBf5B21E8f,NABL-MC-5102,"Dr. Shanti Swaminathan, MD",Shreya Sharma,849467,0x6a1182928ac948de4c57a00469c2685d5aeed540,58,male,Dr. Preeti Deshmukh,0x23618e81E3f5cdF7f54C3d65f7FBc0aBf5B21E8f,Care & Cure Pediatric & Maternity Hospital,Endocrinology Tests,HbA1c Glycated Hemoglobin,Whole Blood (EDTA),HbA1c: 7.6% (Diabetic Range),"<5.7% Normal, 5.7-6.4% Prediabetes, >=6.5% Diabetes",HIGH,Low,650,Diagnostic Laboratory Reports,Consent Verified (Active on Blockchain),AES-256-GCM,vault-transit-key-0x6a118292,Qma7e6c83006652a01622dcfaecb07244cfcbb3762902c,Pinata Dedicated IPFS Gateway,0.0.4891024,5267,2026-09-13 11:56:41 UTC,0xe5bc1401067685c79b6a79e73cc9c1af9ffe0a494809b1bfe26262e85925a437,0.0001
LAB-REP-00268,ACC-LAB-004-000268,Apollo Diagnostics Advanced Enclave,0x23618e81E3f5cdF7f54C3d65f7FBc0aBf5B21E8f,NABL-MC-5102,"Dr. Shanti Swaminathan, MD",Rahul Choudhury,849468,0x608d7079a5dbcd774325587f25ecc1078ce457b6,59,female,Dr. Preeti Deshmukh,0x23618e81E3f5cdF7f54C3d65f7FBc0aBf5B21E8f,Apollo Multispecialty Hospital,Liver Function Tests,Liver Function Profile (LFT),Serum,"ALT: 88 U/L (High), AST: 74 U/L (High), Total Bili: 1.8 mg/dL","ALT: 7-56 U/L, AST: 10-40 U/L, Bilirubin: 0.1-1.2 mg/dL",HIGH,Low,950,Diagnostic Laboratory Reports,Consent Verified (Active on Blockchain),AES-256-GCM,vault-transit-key-0x608d7079,Qm25b518f13c48161eba9c08b2ee12c69144b13aa4da8d,Pinata Dedicated IPFS Gateway,0.0.4891024,5268,2026-09-13 11:56:43 UTC,0x451fe71e006c3fbdd1ea90d68fc3bff5424af511f1819648bd9a89165d7727b6,0.0001
LAB-REP-00269,ACC-LAB-002-000269,Dr. Lal PathLabs Central Reference Hub,0x976EA74026E726554dB657fA54763abd0C3a0aa9,NABL-MC-1044,"Dr. Arvind Lal, FRCPath",Vikas Kapoor,849469,0x63d39ab959c96bd2def6ca845532b728058ca74c,60,male,Dr. Sunita Narang,0xBcd4042DE499D14e55001CcbB24a551F3b954096,Fortis Memorial Neuro & Trauma Center,Endocrinology Tests,HbA1c Glycated Hemoglobin,Whole Blood (EDTA),HbA1c: 7.6% (Diabetic Range),"<5.7% Normal, 5.7-6.4% Prediabetes, >=6.5% Diabetes",HIGH,Low,650,Diagnostic Laboratory Reports,Consent Verified (Active on Blockchain),AES-256-GCM,vault-transit-key-0x63d39ab9,Qm82794b5d124040841b799bcf8e93d70fddc0a28abf7b,Pinata Dedicated IPFS Gateway,0.0.4891024,5269,2026-09-13 11:56:45 UTC,0xee8233273a8f33aeb1c045d766b737e87b37e30adeb121fc98027294b5a3489c,0.0001
LAB-REP-00270,ACC-LAB-001-000270,Apex Diagnostic Reference Labs,0x04Fee3FD1B338d12FFD6dBD8d66dE1e8e0BB99cB,NABL-MC-2091,"Dr. Sunita Narang, MD Path",Gautam Agarwal,849470,0x9c551bfff0c91900a0076288426f9d74fd08ac3e,61,female,Dr. Vikram Seth,0x15d34AAf54267DB7D7c367839AAf71A00a2C6A65,Max Super Speciality Cancer Institute,Blood Tests,Complete Blood Count (CBC),Whole Blood (EDTA),"Hb: 13.5 g/dL, WBC: 7200 /uL, Platelets: 2.4 Lakhs/uL","Hb: 12-16 g/dL, WBC: 4000-11000 /uL, Platelets: 1.5-4.5 Lakhs/uL",NORMAL,Low,450,Diagnostic Laboratory Reports,Consent Verified (Active on Blockchain),AES-256-GCM,vault-transit-key-0x9c551bff,Qm7f37e1ee1142e5d72f084a4d7951af5c7f46b762670b,Pinata Dedicated IPFS Gateway,0.0.4891024,5270,2026-09-13 11:56:48 UTC,0x9ca41ec592d2118424740669821f50df3fe50aaf573d9df83b09f73f94112214,0.0001
LAB-REP-00271,ACC-LAB-003-000271,Metropolis Healthcare Molecular Laboratory,0x14dC79964da2C08b23698B3D3cc7Ca32193d9955,NABL-MC-3819,"Dr. Nilesh Shah, MD",Pooja Menon,849471,0x734b9b1133a07bcb33b47a8d9cf50b10520f116f,62,male,Dr. Ananya Roy,0x9965507D1a55bcC2695C58ba16FB37d819B0A4dc,Max Super Speciality Cancer Institute,Liver Function Tests,Liver Function Profile (LFT),Serum,"ALT: 88 U/L (High), AST: 74 U/L (High), Total Bili: 1.8 mg/dL","ALT: 7-56 U/L, AST: 10-40 U/L, Bilirubin: 0.1-1.2 mg/dL",HIGH,Low,950,Diagnostic Laboratory Reports,Consent Verified (Active on Blockchain),AES-256-GCM,vault-transit-key-0x734b9b11,Qm8a0f1581527352550f9496639ee90dc3704ed1331753,Pinata Dedicated IPFS Gateway,0.0.4891024,5271,2026-09-13 11:56:50 UTC,0xc6faea96ad8cf4fe1a1c785bf78b2e08056e2a555dab10ba70d7eb27d571d440,0.0001
LAB-REP-00272,ACC-LAB-004-000272,Apollo Diagnostics Advanced Enclave,0x23618e81E3f5cdF7f54C3d65f7FBc0aBf5B21E8f,NABL-MC-5102,"Dr. Shanti Swaminathan, MD",Tanvi Patel,849472,0xbc78bde2fa9426556531d072fdeabf3f1c294b47,63,female,Dr. Ananya Roy,0x9965507D1a55bcC2695C58ba16FB37d819B0A4dc,Apex Diagnostic & Pathology Hub,Metabolic Panel,Comprehensive Metabolic Panel (CMP),Serum,"Na: 138 mmol/L, K: 4.1 mmol/L, Creat: 1.05 mg/dL","Na: 135-145, K: 3.5-5.0, Creatinine: 0.7-1.3 mg/dL",NORMAL,Medium,1200,Diagnostic Laboratory Reports,Consent Verified (Active on Blockchain),AES-256-GCM,vault-transit-key-0xbc78bde2,Qmb496a7aaf3a1239f456c7aba37d2d59731963afff53d,Pinata Dedicated IPFS Gateway,0.0.4891024,5272,2026-09-13 11:56:52 UTC,0x5e4c0d9d7c0ede50f740c5bfff413656558676cec32d403fc5144fad01452047,0.0001
LAB-REP-00273,ACC-LAB-004-000273,Apollo Diagnostics Advanced Enclave,0x23618e81E3f5cdF7f54C3d65f7FBc0aBf5B21E8f,NABL-MC-5102,"Dr. Shanti Swaminathan, MD",Kavya Ghosh,849473,0x3f10d6412ce07c162a62e8711cd5ed4ab140ec3b,64,male,Dr. Preeti Deshmukh,0x23618e81E3f5cdF7f54C3d65f7FBc0aBf5B21E8f,Max Super Speciality Cancer Institute,Endocrinology Tests,HbA1c Glycated Hemoglobin,Whole Blood (EDTA),HbA1c: 7.6% (Diabetic Range),"<5.7% Normal, 5.7-6.4% Prediabetes, >=6.5% Diabetes",HIGH,Low,650,Diagnostic Laboratory Reports,Consent Verified (Active on Blockchain),AES-256-GCM,vault-transit-key-0x3f10d641,Qmc6d759a9e5b3bd285e217b671c9698041289feff85a5,Pinata Dedicated IPFS Gateway,0.0.4891024,5273,2026-09-13 11:56:54 UTC,0x5485f13a5572181cb6a72c149ee787ec42aa3cb18613187ce72d42ba0b2713e0,0.0001
LAB-REP-00274,ACC-LAB-004-000274,Apollo Diagnostics Advanced Enclave,0x23618e81E3f5cdF7f54C3d65f7FBc0aBf5B21E8f,NABL-MC-5102,"Dr. Shanti Swaminathan, MD",Bhavna Joshi,849474,0x5e516849993dc963861eb740cb33993854a633d4,65,female,Dr. Preeti Deshmukh,0x23618e81E3f5cdF7f54C3d65f7FBc0aBf5B21E8f,Care & Cure Pediatric & Maternity Hospital,Kidney Function Tests,Renal Function Profile (KFT),Serum,"BUN: 14 mg/dL, Creatinine: 0.9 mg/dL, eGFR: 92 mL/min","BUN: 7-20 mg/dL, Creatinine: 0.6-1.2 mg/dL, eGFR: >60 mL/min",NORMAL,Low,850,Diagnostic Laboratory Reports,Consent Verified (Active on Blockchain),AES-256-GCM,vault-transit-key-0x5e516849,Qm5ce9f090fbeb9b5f78b4879b4c440d39ace5a204d1c5,Pinata Dedicated IPFS Gateway,0.0.4891024,5274,2026-09-13 11:56:56 UTC,0xeaff06b18af8c986fde7cc3f75c17d05fcd274fadbb8573af45bf650b4cd0bd3,0.0001
LAB-REP-00275,ACC-LAB-001-000275,Apex Diagnostic Reference Labs,0x04Fee3FD1B338d12FFD6dBD8d66dE1e8e0BB99cB,NABL-MC-2091,"Dr. Sunita Narang, MD Path",Kavya Deshmukh,849475,0x92fbc70cadb0e489763655ac33b5f6c58d891773,66,male,Dr. Rohan Patel,0x976EA74026E726554dB657fA54763abd0C3a0aa9,Care & Cure Pediatric & Maternity Hospital,Endocrinology Tests,HbA1c Glycated Hemoglobin,Whole Blood (EDTA),HbA1c: 7.6% (Diabetic Range),"<5.7% Normal, 5.7-6.4% Prediabetes, >=6.5% Diabetes",HIGH,Low,650,Diagnostic Laboratory Reports,Emergency Diagnostic Upload (Pending Verification),AES-256-GCM,vault-transit-key-0x92fbc70c,Qma67422d7bee59fe8238f56a13dce1384c09509882da2,Pinata Dedicated IPFS Gateway,0.0.4891024,5275,2026-09-13 11:56:59 UTC,0x8e8475e265001c136944cbe932db6950a4e78ca29916b61de30852fd84a3aef9,0.0001
LAB-REP-00276,ACC-LAB-003-000276,Metropolis Healthcare Molecular Laboratory,0x14dC79964da2C08b23698B3D3cc7Ca32193d9955,NABL-MC-3819,"Dr. Nilesh Shah, MD",Bhavna Mukherjee,849476,0x7e5614d6c2deb4e30f4b1a8845405c04e8bd6356,67,female,Dr. Sunita Narang,0xBcd4042DE499D14e55001CcbB24a551F3b954096,Apex Diagnostic & Pathology Hub,Liver Function Tests,Liver Function Profile (LFT),Serum,"ALT: 88 U/L (High), AST: 74 U/L (High), Total Bili: 1.8 mg/dL","ALT: 7-56 U/L, AST: 10-40 U/L, Bilirubin: 0.1-1.2 mg/dL",HIGH,Low,950,Diagnostic Laboratory Reports,Consent Verified (Active on Blockchain),AES-256-GCM,vault-transit-key-0x7e5614d6,Qmdf45d4dbe3681f61f1e4207828388e335fdbb36f17f4,Pinata Dedicated IPFS Gateway,0.0.4891024,5276,2026-09-13 11:57:01 UTC,0x6ff10ca780bb5315f0ab50289ec7e976370da1778de135eadabf5edcfb7f6375,0.0001
LAB-REP-00277,ACC-LAB-002-000277,Dr. Lal PathLabs Central Reference Hub,0x976EA74026E726554dB657fA54763abd0C3a0aa9,NABL-MC-1044,"Dr. Arvind Lal, FRCPath",Divya Shetty,849477,0x1d9b448fb1abb29786dd36dda3ee45ffbc83e9ac,68,male,Dr. Rohan Patel,0x976EA74026E726554dB657fA54763abd0C3a0aa9,Apollo Multispecialty Hospital,Pathology / Biopsy,Core Needle Biopsy Histopathology & Immunohistochemistry,Tissue Biopsy in 10% Formalin,"Infiltrating Ductal Carcinoma Grade 2, ER 85%+, PR 60%+, HER2/neu Negative",Benign / No malignancy,MALIGNANT_POSITIVE,High - Genomic/Oncology,4500,Diagnostic Laboratory Reports,Consent Verified (Active on Blockchain),AES-256-GCM,vault-transit-key-0x1d9b448f,Qm67300e2ebe8d19c170ee1a52479622faeedeaf13a554,Pinata Dedicated IPFS Gateway,0.0.4891024,5277,2026-09-13 11:57:03 UTC,0xe1f015cce73002f7d059a37f077707327eaccb1322ccb985aa6183141d3b48c7,0.0001
LAB-REP-00278,ACC-LAB-001-000278,Apex Diagnostic Reference Labs,0x04Fee3FD1B338d12FFD6dBD8d66dE1e8e0BB99cB,NABL-MC-2091,"Dr. Sunita Narang, MD Path",Ananya Kapoor,849478,0x9ada971b64510be515a722836d3426e671b39f21,69,female,Dr. Sunita Narang,0xBcd4042DE499D14e55001CcbB24a551F3b954096,Apex Diagnostic & Pathology Hub,Liver Function Tests,Liver Function Profile (LFT),Serum,"ALT: 88 U/L (High), AST: 74 U/L (High), Total Bili: 1.8 mg/dL","ALT: 7-56 U/L, AST: 10-40 U/L, Bilirubin: 0.1-1.2 mg/dL",HIGH,Low,950,Diagnostic Laboratory Reports,Consent Verified (Active on Blockchain),AES-256-GCM,vault-transit-key-0x9ada971b,Qmd1b13c2202d00d6afc95b21c58271e5aee00ea8df45b,Pinata Dedicated IPFS Gateway,0.0.4891024,5278,2026-09-13 11:57:06 UTC,0xb2cdd98b26fcbef566f13004a26f0beb023c224aa864923162d16a869e3fa02f,0.0001
LAB-REP-00279,ACC-LAB-002-000279,Dr. Lal PathLabs Central Reference Hub,0x976EA74026E726554dB657fA54763abd0C3a0aa9,NABL-MC-1044,"Dr. Arvind Lal, FRCPath",Rohan Gupta,849479,0xa4065ec35a58f760ada0d396e31a44f9bcc72352,70,male,Dr. Rajesh Sharma,0x3c44CdDdB6a900fa2b585dd299e03d12FA4293BC,Fortis Memorial Neuro & Trauma Center,Liver Function Tests,Liver Function Profile (LFT),Serum,"ALT: 88 U/L (High), AST: 74 U/L (High), Total Bili: 1.8 mg/dL","ALT: 7-56 U/L, AST: 10-40 U/L, Bilirubin: 0.1-1.2 mg/dL",HIGH,Low,950,Diagnostic Laboratory Reports,Consent Verified (Active on Blockchain),AES-256-GCM,vault-transit-key-0xa4065ec3,Qmb2c8ad0ac79d2038f030c8972eed1d7d9e4433b2e34b,Pinata Dedicated IPFS Gateway,0.0.4891024,5279,2026-09-13 11:57:08 UTC,0xef69fff3315d7392c0d154ae1d0fdc3b71bd740a6f421c18ca0ac5fcbc0087c3,0.0001
LAB-REP-00280,ACC-LAB-004-000280,Apollo Diagnostics Advanced Enclave,0x23618e81E3f5cdF7f54C3d65f7FBc0aBf5B21E8f,NABL-MC-5102,"Dr. Shanti Swaminathan, MD",Arjun Choudhury,849480,0xc3a7773e457af48faff536e6cfd5ffebf7c1dbc0,71,female,Dr. Preeti Deshmukh,0x23618e81E3f5cdF7f54C3d65f7FBc0aBf5B21E8f,Care & Cure Pediatric & Maternity Hospital,Cardiology Tests,High-Sensitivity Cardiac Troponin-I (hs-cTnI),Serum / Plasma,hs-cTnI: 1850 ng/L (Markedly Elevated Acute Myocardial Infarction),< 14 ng/L (99th Percentile Upper Reference Limit),CRITICAL_ALERT,Medium,1800,Diagnostic Laboratory Reports,Consent Verified (Active on Blockchain),AES-256-GCM,vault-transit-key-0xc3a7773e,Qm875bcb0f2baf0ac57f3c631e2f5c03f8cd9bbacad1bb,Pinata Dedicated IPFS Gateway,0.0.4891024,5280,2026-09-13 11:57:10 UTC,0xdb1cfed00640c7605072302f7a265f70d846b49cd0b99d0050fdb66379ab1a12,0.0001
LAB-REP-00281,ACC-LAB-003-000281,Metropolis Healthcare Molecular Laboratory,0x14dC79964da2C08b23698B3D3cc7Ca32193d9955,NABL-MC-3819,"Dr. Nilesh Shah, MD",Manish Patel,849481,0x73df3fb69a44050ef08c275bc70ee6d943b32b70,72,male,Dr. Sunita Narang,0xBcd4042DE499D14e55001CcbB24a551F3b954096,Care & Cure Pediatric & Maternity Hospital,Liver Function Tests,Liver Function Profile (LFT),Serum,"ALT: 88 U/L (High), AST: 74 U/L (High), Total Bili: 1.8 mg/dL","ALT: 7-56 U/L, AST: 10-40 U/L, Bilirubin: 0.1-1.2 mg/dL",HIGH,Low,950,Diagnostic Laboratory Reports,Consent Verified (Active on Blockchain),AES-256-GCM,vault-transit-key-0x73df3fb6,Qm6c908f5a9d0810da32e8a4885872cac7c5e27f21adf6,Pinata Dedicated IPFS Gateway,0.0.4891024,5281,2026-09-13 11:57:13 UTC,0xdab71aeeef2fba14496ef5e0ccb8972ba98404baca88c2e0f0deb4e75938d78e,0.0001
LAB-REP-00282,ACC-LAB-003-000282,Metropolis Healthcare Molecular Laboratory,0x14dC79964da2C08b23698B3D3cc7Ca32193d9955,NABL-MC-3819,"Dr. Nilesh Shah, MD",Sanjay Nair,849482,0x119e698e25b2b3a886a2482ae36951c482aef870,73,female,Dr. Vikram Seth,0x15d34AAf54267DB7D7c367839AAf71A00a2C6A65,Apex Diagnostic & Pathology Hub,Imaging / Radiology,Whole Body PET-CT Oncology Scan,18F-FDG Radiotracer DICOM,"Hypermetabolic primary lesion, SUVmax 9.2, no distant metastases","Physiological FDG biodistribution, no hypermetabolic malignancy",ABNORMAL_FINDING,High - Genomic/Oncology,18500,Diagnostic Laboratory Reports,Consent Verified (Active on Blockchain),AES-256-GCM,vault-transit-key-0x119e698e,Qm0895b699b74460e11e6d9179ef0aba81f20d90a702b2,Pinata Dedicated IPFS Gateway,0.0.4891024,5282,2026-09-13 11:57:15 UTC,0xcb83f456c4a41db6dcb550bbdcac3ac635749e18ea1ab67050c0f11f336cb053,0.0001
LAB-REP-00283,ACC-LAB-003-000283,Metropolis Healthcare Molecular Laboratory,0x14dC79964da2C08b23698B3D3cc7Ca32193d9955,NABL-MC-3819,"Dr. Nilesh Shah, MD",Rakesh Hegde,849483,0xc1f6d5c72b2fde534951033f77f130e1895a6748,74,male,Dr. Preeti Deshmukh,0x23618e81E3f5cdF7f54C3d65f7FBc0aBf5B21E8f,Apollo Multispecialty Hospital,Imaging / Radiology,Whole Body PET-CT Oncology Scan,18F-FDG Radiotracer DICOM,"Hypermetabolic primary lesion, SUVmax 9.2, no distant metastases","Physiological FDG biodistribution, no hypermetabolic malignancy",ABNORMAL_FINDING,High - Genomic/Oncology,18500,Diagnostic Laboratory Reports,Consent Verified (Active on Blockchain),AES-256-GCM,vault-transit-key-0xc1f6d5c7,Qm2b0e9b47e3e35019bb9a132889bff09c68a46e5ce29e,Pinata Dedicated IPFS Gateway,0.0.4891024,5283,2026-09-13 11:57:17 UTC,0xd927f279a14d79b5c9765e0d98765d1534252de204d9d2c9820ac79eadb632a0,0.0001
LAB-REP-00284,ACC-LAB-002-000284,Dr. Lal PathLabs Central Reference Hub,0x976EA74026E726554dB657fA54763abd0C3a0aa9,NABL-MC-1044,"Dr. Arvind Lal, FRCPath",Nandini Chatterjee,849484,0xef58bd817f8de9b9c846bc73907452a5c7e72f38,75,female,Dr. Rohan Patel,0x976EA74026E726554dB657fA54763abd0C3a0aa9,Apex Diagnostic & Pathology Hub,Blood Tests,Thrombocytopenia Platelet Monitoring,Whole Blood (EDTA),"Platelets: 42,000 /uL (Severe Low)","Platelets: 150,000 - 450,000 /uL",CRITICAL_ALERT,Low,350,Diagnostic Laboratory Reports,Consent Verified (Active on Blockchain),AES-256-GCM,vault-transit-key-0xef58bd81,Qm18e5c9884e8f262abb02f78a5093bacfe61dc5ac15e6,Pinata Dedicated IPFS Gateway,0.0.4891024,5284,2026-09-13 11:57:19 UTC,0x4c97fe7ca00edf491dd3febd73ae7dc0caa821f1c624eaf364f6e31f5f7e7fdf,0.0001
LAB-REP-00285,ACC-LAB-004-000285,Apollo Diagnostics Advanced Enclave,0x23618e81E3f5cdF7f54C3d65f7FBc0aBf5B21E8f,NABL-MC-5102,"Dr. Shanti Swaminathan, MD",Priyanka Sharma,849485,0x67fa3153058a3d19d6918b39635173e6d6e7af03,76,male,Dr. Rajesh Sharma,0x3c44CdDdB6a900fa2b585dd299e03d12FA4293BC,Fortis Memorial Neuro & Trauma Center,Lipid Profile,Comprehensive Lipid Panel,Serum (Fasting 12h),"Total Chol: 235 mg/dL (High), LDL: 155 mg/dL, TG: 180 mg/dL","Chol: <200 mg/dL, HDL: >40 mg/dL, LDL: <100 mg/dL, TG: <150 mg/dL",HIGH,Low,850,Diagnostic Laboratory Reports,Consent Verified (Active on Blockchain),AES-256-GCM,vault-transit-key-0x67fa3153,Qm42e8803bb3857e0f9dd042cddc8721f1cf6e1417605a,Pinata Dedicated IPFS Gateway,0.0.4891024,5285,2026-09-13 11:57:21 UTC,0xde204fe84374a99b04f9170eac0e5d2680eabed67e81c3e1d2d31f7684961544,0.0001
LAB-REP-00286,ACC-LAB-005-000286,SRL Diagnostics Regional Core Lab,0xa0Ee7A142d267C1f36714E4a8F75612F20a79720,NABL-MC-4491,"Dr. Ramesh Sarin, DNB Path",Riya Mishra,849486,0x3d53c92b0d832f318702a016fff13261c7c9ec9e,77,female,Dr. Sunita Narang,0xBcd4042DE499D14e55001CcbB24a551F3b954096,Max Super Speciality Cancer Institute,Imaging / Radiology,High-Resolution Non-Contrast Brain CT Scan,Radiological DICOM Imaging,"Small left temporal hemorrhagic contusion, no mass effect",No acute intracranial hemorrhage or midline shift,ABNORMAL_FINDING,Medium,3200,Diagnostic Laboratory Reports,Consent Verified (Active on Blockchain),AES-256-GCM,vault-transit-key-0x3d53c92b,Qm53324a93a066c9f2ac0b130781b2a6f501fcc6bc0e56,Pinata Dedicated IPFS Gateway,0.0.4891024,5286,2026-09-13 11:57:24 UTC,0x2d67dc41f8fdbec7e16549c3648b9a923fc74a0255bb16b6de7ec5e01bdb91a6,0.0001
LAB-REP-00287,ACC-LAB-004-000287,Apollo Diagnostics Advanced Enclave,0x23618e81E3f5cdF7f54C3d65f7FBc0aBf5B21E8f,NABL-MC-5102,"Dr. Shanti Swaminathan, MD",Rakesh Saxena,849487,0x447ad2c1362fb55db3defc5f8a3e9e6b4449ecd8,78,male,Dr. Rohan Patel,0x976EA74026E726554dB657fA54763abd0C3a0aa9,Apollo Multispecialty Hospital,Endocrinology Tests,HbA1c Glycated Hemoglobin,Whole Blood (EDTA),HbA1c: 7.6% (Diabetic Range),"<5.7% Normal, 5.7-6.4% Prediabetes, >=6.5% Diabetes",HIGH,Low,650,Diagnostic Laboratory Reports,Consent Verified (Active on Blockchain),AES-256-GCM,vault-transit-key-0x447ad2c1,Qm496d95d9e1efdac80d944aff851634a8d41f2f180149,Pinata Dedicated IPFS Gateway,0.0.4891024,5287,2026-09-13 11:57:26 UTC,0x46368abfe2411e8703e5735e0e730813f2e91b429e5e25f6e326bc47192ffd2e,0.0001
LAB-REP-00288,ACC-LAB-001-000288,Apex Diagnostic Reference Labs,0x04Fee3FD1B338d12FFD6dBD8d66dE1e8e0BB99cB,NABL-MC-2091,"Dr. Sunita Narang, MD Path",Aditi Bhatia,849488,0xd5e940c9e05f407e5c7c275e24c47cb99dbaf6d0,79,female,Dr. Sunita Narang,0xBcd4042DE499D14e55001CcbB24a551F3b954096,Apollo Multispecialty Hospital,Blood Tests,Complete Blood Count (CBC),Whole Blood (EDTA),"Hb: 13.5 g/dL, WBC: 7200 /uL, Platelets: 2.4 Lakhs/uL","Hb: 12-16 g/dL, WBC: 4000-11000 /uL, Platelets: 1.5-4.5 Lakhs/uL",NORMAL,Low,450,Diagnostic Laboratory Reports,Consent Verified (Active on Blockchain),AES-256-GCM,vault-transit-key-0xd5e940c9,Qm2661da47bdb12b30e5ff3de08f008b6dce42bc733803,Pinata Dedicated IPFS Gateway,0.0.4891024,5288,2026-09-13 11:57:28 UTC,0x2c53f140974590f22fccea8ba50eb231ddb357c294dae3d3ccfa6152b1a3b737,0.0001
LAB-REP-00289,ACC-LAB-003-000289,Metropolis Healthcare Molecular Laboratory,0x14dC79964da2C08b23698B3D3cc7Ca32193d9955,NABL-MC-3819,"Dr. Nilesh Shah, MD",Rohan Iyer,849489,0x52145d7570dc17a3479e82019c4b35fb145d79ef,80,male,Dr. Sarah Jenkins,0x04Fee3FD1B338d12FFD6dBD8d66dE1e8e0BB99cB,Max Super Speciality Cancer Institute,Lipid Profile,Comprehensive Lipid Panel,Serum (Fasting 12h),"Total Chol: 235 mg/dL (High), LDL: 155 mg/dL, TG: 180 mg/dL","Chol: <200 mg/dL, HDL: >40 mg/dL, LDL: <100 mg/dL, TG: <150 mg/dL",HIGH,Low,850,Diagnostic Laboratory Reports,Emergency Diagnostic Upload (Pending Verification),AES-256-GCM,vault-transit-key-0x52145d75,Qm227003c58370aa7aa3fd28f61b596e21d8d3d3af6324,Pinata Dedicated IPFS Gateway,0.0.4891024,5289,2026-09-13 11:57:30 UTC,0xd2bab33bdb869f03ddbfb9cafbeec85f71cdaec5a1a84ff9b6c9aed08cba41d8,0.0001
LAB-REP-00290,ACC-LAB-003-000290,Metropolis Healthcare Molecular Laboratory,0x14dC79964da2C08b23698B3D3cc7Ca32193d9955,NABL-MC-3819,"Dr. Nilesh Shah, MD",Sneha Verma,849490,0x00f48f41c33c1f289b2afb8834d553723549eca8,81,female,Dr. Rohan Patel,0x976EA74026E726554dB657fA54763abd0C3a0aa9,Apex Diagnostic & Pathology Hub,Endocrinology Tests,HbA1c Glycated Hemoglobin,Whole Blood (EDTA),HbA1c: 7.6% (Diabetic Range),"<5.7% Normal, 5.7-6.4% Prediabetes, >=6.5% Diabetes",HIGH,Low,650,Diagnostic Laboratory Reports,Consent Verified (Active on Blockchain),AES-256-GCM,vault-transit-key-0x00f48f41,Qmd9db068e0c10f8fd33da71129e68641bc3877de1b422,Pinata Dedicated IPFS Gateway,0.0.4891024,5290,2026-09-13 11:57:32 UTC,0xeb30399dfabd5d253d875836d6e7e26311de720b587edb35e41f691100945d0e,0.0001
LAB-REP-00291,ACC-LAB-001-000291,Apex Diagnostic Reference Labs,0x04Fee3FD1B338d12FFD6dBD8d66dE1e8e0BB99cB,NABL-MC-2091,"Dr. Sunita Narang, MD Path",Anand Gupta,849491,0x4bbb3cf602f59ce2f83589760bced3e0eda47d4e,82,male,Dr. Preeti Deshmukh,0x23618e81E3f5cdF7f54C3d65f7FBc0aBf5B21E8f,Apex Diagnostic & Pathology Hub,Endocrinology Tests,HbA1c Glycated Hemoglobin,Whole Blood (EDTA),HbA1c: 7.6% (Diabetic Range),"<5.7% Normal, 5.7-6.4% Prediabetes, >=6.5% Diabetes",HIGH,Low,650,Diagnostic Laboratory Reports,Consent Verified (Active on Blockchain),AES-256-GCM,vault-transit-key-0x4bbb3cf6,Qme8d09a42c9da909427210709098e0d1ed22b46231080,Pinata Dedicated IPFS Gateway,0.0.4891024,5291,2026-09-13 11:57:34 UTC,0x5711e91683b2471e57cf6ac388ab9dcdeca2b14bce7ba41dd99b6f5c9ed9e4ca,0.0001
LAB-REP-00292,ACC-LAB-001-000292,Apex Diagnostic Reference Labs,0x04Fee3FD1B338d12FFD6dBD8d66dE1e8e0BB99cB,NABL-MC-2091,"Dr. Sunita Narang, MD Path",Nikhil Nair,849492,0x4a66139cf1ab60b295bfe26211067c946e1c5b82,83,female,Dr. Preeti Deshmukh,0x23618e81E3f5cdF7f54C3d65f7FBc0aBf5B21E8f,Max Super Speciality Cancer Institute,Blood Tests,Thrombocytopenia Platelet Monitoring,Whole Blood (EDTA),"Platelets: 42,000 /uL (Severe Low)","Platelets: 150,000 - 450,000 /uL",CRITICAL_ALERT,Low,350,Diagnostic Laboratory Reports,Consent Verified (Active on Blockchain),AES-256-GCM,vault-transit-key-0x4a66139c,Qm13e9143af66a640273c48b89f07859861147c57449f8,Pinata Dedicated IPFS Gateway,0.0.4891024,5292,2026-09-13 11:57:37 UTC,0x1465ec7905853fa4038f95620f756fa766eb30efcfcc4d64e8d28a5f75d6ab35,0.0001
LAB-REP-00293,ACC-LAB-005-000293,SRL Diagnostics Regional Core Lab,0xa0Ee7A142d267C1f36714E4a8F75612F20a79720,NABL-MC-4491,"Dr. Ramesh Sarin, DNB Path",Lata Agarwal,849493,0x672c3791db044e90a1bf68027d0d11013e9d41fc,84,male,Dr. Sarah Jenkins,0x04Fee3FD1B338d12FFD6dBD8d66dE1e8e0BB99cB,Apollo Multispecialty Hospital,Blood Tests,Thrombocytopenia Platelet Monitoring,Whole Blood (EDTA),"Platelets: 42,000 /uL (Severe Low)","Platelets: 150,000 - 450,000 /uL",CRITICAL_ALERT,Low,350,Diagnostic Laboratory Reports,Consent Verified (Active on Blockchain),AES-256-GCM,vault-transit-key-0x672c3791,Qm068b00d39ab505bbf5c0f334b111a688ac17340a218e,Pinata Dedicated IPFS Gateway,0.0.4891024,5293,2026-09-13 11:57:39 UTC,0xcfc42bacc3537ca47841fb8e80a5a3220e4125427ef8726d25bafd3d7d6a52ad,0.0001
LAB-REP-00294,ACC-LAB-003-000294,Metropolis Healthcare Molecular Laboratory,0x14dC79964da2C08b23698B3D3cc7Ca32193d9955,NABL-MC-3819,"Dr. Nilesh Shah, MD",Aarav Iyer,849494,0x169cf7918c01cd5d639e0649b9c03c0bdaafea83,85,female,Dr. Ananya Roy,0x9965507D1a55bcC2695C58ba16FB37d819B0A4dc,Apollo Multispecialty Hospital,Lipid Profile,Comprehensive Lipid Panel,Serum (Fasting 12h),"Total Chol: 235 mg/dL (High), LDL: 155 mg/dL, TG: 180 mg/dL","Chol: <200 mg/dL, HDL: >40 mg/dL, LDL: <100 mg/dL, TG: <150 mg/dL",HIGH,Low,850,Diagnostic Laboratory Reports,Consent Verified (Active on Blockchain),AES-256-GCM,vault-transit-key-0x169cf791,Qm20fcc6daf8ed309738f2a4bd3d6d06badf49e9322c65,Pinata Dedicated IPFS Gateway,0.0.4891024,5294,2026-09-13 11:57:42 UTC,0x4695fa39257d248f04bd3653b77b94fcc0cac7e6619926272b1b860fdf78d535,0.0001
LAB-REP-00295,ACC-LAB-001-000295,Apex Diagnostic Reference Labs,0x04Fee3FD1B338d12FFD6dBD8d66dE1e8e0BB99cB,NABL-MC-2091,"Dr. Sunita Narang, MD Path",Anand Menon,849495,0x5068d665cf7d90e4895e3ad38d5f4f49c0f2f0f8,86,male,Dr. Rohan Patel,0x976EA74026E726554dB657fA54763abd0C3a0aa9,Care & Cure Pediatric & Maternity Hospital,Imaging / Radiology,Whole Body PET-CT Oncology Scan,18F-FDG Radiotracer DICOM,"Hypermetabolic primary lesion, SUVmax 9.2, no distant metastases","Physiological FDG biodistribution, no hypermetabolic malignancy",ABNORMAL_FINDING,High - Genomic/Oncology,18500,Diagnostic Laboratory Reports,Consent Verified (Active on Blockchain),AES-256-GCM,vault-transit-key-0x5068d665,Qm456ac62c91f5e5b273ffc0e92fc56f41c4cf7459fb84,Pinata Dedicated IPFS Gateway,0.0.4891024,5295,2026-09-13 11:57:44 UTC,0x73c3421226ff60961aa14235669b149f697b2c6b302fa5e09fd81f907455975a,0.0001
LAB-REP-00296,ACC-LAB-001-000296,Apex Diagnostic Reference Labs,0x04Fee3FD1B338d12FFD6dBD8d66dE1e8e0BB99cB,NABL-MC-2091,"Dr. Sunita Narang, MD Path",Ananya Gowda,849496,0x62f12e10516521d5655cb07c8d1454fd18f73fb2,87,female,Dr. Preeti Deshmukh,0x23618e81E3f5cdF7f54C3d65f7FBc0aBf5B21E8f,Care & Cure Pediatric & Maternity Hospital,Metabolic Panel,Comprehensive Metabolic Panel (CMP),Serum,"Na: 138 mmol/L, K: 4.1 mmol/L, Creat: 1.05 mg/dL","Na: 135-145, K: 3.5-5.0, Creatinine: 0.7-1.3 mg/dL",NORMAL,Medium,1200,Diagnostic Laboratory Reports,Emergency Diagnostic Upload (Pending Verification),AES-256-GCM,vault-transit-key-0x62f12e10,Qm2a62cc8b1a694288e222681e1f8cb47c71a56a924d98,Pinata Dedicated IPFS Gateway,0.0.4891024,5296,2026-09-13 11:57:46 UTC,0x3b98125c4db82ec8d2b15faab5427541b82e579f8086c1a0a25462c2b59284db,0.0001
LAB-REP-00297,ACC-LAB-001-000297,Apex Diagnostic Reference Labs,0x04Fee3FD1B338d12FFD6dBD8d66dE1e8e0BB99cB,NABL-MC-2091,"Dr. Sunita Narang, MD Path",Nandini Gowda,849497,0x5d0a189c891e7663fac48153aec81ddfdf8a51cc,88,male,Dr. Preeti Deshmukh,0x23618e81E3f5cdF7f54C3d65f7FBc0aBf5B21E8f,Apex Diagnostic & Pathology Hub,Liver Function Tests,Liver Function Profile (LFT),Serum,"ALT: 88 U/L (High), AST: 74 U/L (High), Total Bili: 1.8 mg/dL","ALT: 7-56 U/L, AST: 10-40 U/L, Bilirubin: 0.1-1.2 mg/dL",HIGH,Low,950,Diagnostic Laboratory Reports,Consent Verified (Active on Blockchain),AES-256-GCM,vault-transit-key-0x5d0a189c,Qm4e4dc975ceac3626deaffced198cc64c720b93c233bd,Pinata Dedicated IPFS Gateway,0.0.4891024,5297,2026-09-13 11:57:49 UTC,0x52ea0cb3ffcc3dcffd3e8b5a5c12f7702065e2fde007b09aec8235ca8854a27e,0.0001
LAB-REP-00298,ACC-LAB-004-000298,Apollo Diagnostics Advanced Enclave,0x23618e81E3f5cdF7f54C3d65f7FBc0aBf5B21E8f,NABL-MC-5102,"Dr. Shanti Swaminathan, MD",Riya Mukherjee,849498,0x809bfe9845a6fec94c09d20b3608c7af0099487a,89,female,Dr. Sunita Narang,0xBcd4042DE499D14e55001CcbB24a551F3b954096,Apex Diagnostic & Pathology Hub,Kidney Function Tests,Renal Function Profile (KFT),Serum,"BUN: 14 mg/dL, Creatinine: 0.9 mg/dL, eGFR: 92 mL/min","BUN: 7-20 mg/dL, Creatinine: 0.6-1.2 mg/dL, eGFR: >60 mL/min",NORMAL,Low,850,Diagnostic Laboratory Reports,Emergency Diagnostic Upload (Pending Verification),AES-256-GCM,vault-transit-key-0x809bfe98,Qmaae5782460ad566393f3e15c5b14053f572634d61efd,Pinata Dedicated IPFS Gateway,0.0.4891024,5298,2026-09-13 11:57:51 UTC,0x6b6e84fa344e9c5b2dd0ea1182883b76eb2e7b2c56e1c4bf15a568d3f251266a,0.0001
LAB-REP-00299,ACC-LAB-002-000299,Dr. Lal PathLabs Central Reference Hub,0x976EA74026E726554dB657fA54763abd0C3a0aa9,NABL-MC-1044,"Dr. Arvind Lal, FRCPath",Ishaan Patel,849499,0x1e79e5041c5add67d0400f4a1937953376757e94,90,male,Dr. Ananya Roy,0x9965507D1a55bcC2695C58ba16FB37d819B0A4dc,Fortis Memorial Neuro & Trauma Center,Lipid Profile,Comprehensive Lipid Panel,Serum (Fasting 12h),"Total Chol: 235 mg/dL (High), LDL: 155 mg/dL, TG: 180 mg/dL","Chol: <200 mg/dL, HDL: >40 mg/dL, LDL: <100 mg/dL, TG: <150 mg/dL",HIGH,Low,850,Diagnostic Laboratory Reports,Consent Verified (Active on Blockchain),AES-256-GCM,vault-transit-key-0x1e79e504,Qmfc74a52d2d53dc81dddd67abd1bfe712de4e05863369,Pinata Dedicated IPFS Gateway,0.0.4891024,5299,2026-09-13 11:57:53 UTC,0x686e8d1ea1e5f75da0bd3be08b3ee419409f625a657963839d9fee1f56b48e0e,0.0001
LAB-REP-00300,ACC-LAB-004-000300,Apollo Diagnostics Advanced Enclave,0x23618e81E3f5cdF7f54C3d65f7FBc0aBf5B21E8f,NABL-MC-5102,"Dr. Shanti Swaminathan, MD",Ishaan Sharma,849500,0x198475035c46d35f48db39b92ea5c8b385cafca5,16,female,Dr. Rajesh Sharma,0x3c44CdDdB6a900fa2b585dd299e03d12FA4293BC,Apex Diagnostic & Pathology Hub,Cardiology Tests,High-Sensitivity Cardiac Troponin-I (hs-cTnI),Serum / Plasma,hs-cTnI: 1850 ng/L (Markedly Elevated Acute Myocardial Infarction),< 14 ng/L (99th Percentile Upper Reference Limit),CRITICAL_ALERT,Medium,1800,Diagnostic Laboratory Reports,Consent Verified (Active on Blockchain),AES-256-GCM,vault-transit-key-0x19847503,Qm39a124efe27f1e68e774b27d9ec3b56919b9e5b24eab,Pinata Dedicated IPFS Gateway,0.0.4891024,5300,2026-09-13 11:57:55 UTC,0xe41a0eac93e32f96855adc6b1404d1551bad79921e527e801e1e54b9b4e4b7f5,0.0001
LAB-REP-00301,ACC-LAB-001-000301,Apex Diagnostic Reference Labs,0x04Fee3FD1B338d12FFD6dBD8d66dE1e8e0BB99cB,NABL-MC-2091,"Dr. Sunita Narang, MD Path",Chetan Menon,849501,0x5edb72891a1363d72716ef8179aef705a7470ad7,17,male,Dr. Ananya Roy,0x9965507D1a55bcC2695C58ba16FB37d819B0A4dc,Max Super Speciality Cancer Institute,Imaging / Radiology,Whole Body PET-CT Oncology Scan,18F-FDG Radiotracer DICOM,"Hypermetabolic primary lesion, SUVmax 9.2, no distant metastases","Physiological FDG biodistribution, no hypermetabolic malignancy",ABNORMAL_FINDING,High - Genomic/Oncology,18500,Diagnostic Laboratory Reports,Consent Verified (Active on Blockchain),AES-256-GCM,vault-transit-key-0x5edb7289,Qmdf2b2bfccd6056d18bdac88e21570755ab44f92b00a5,Pinata Dedicated IPFS Gateway,0.0.4891024,5301,2026-09-13 11:57:58 UTC,0x76956448b67b62773edb7c7aa8258025799ac529dc88806589c91a9946312f42,0.0001
LAB-REP-00302,ACC-LAB-002-000302,Dr. Lal PathLabs Central Reference Hub,0x976EA74026E726554dB657fA54763abd0C3a0aa9,NABL-MC-1044,"Dr. Arvind Lal, FRCPath",Arjun Pillai,849502,0x5c8c9b02c4b7bfab1fb026a7485acfea8786a253,18,female,Dr. Ananya Roy,0x9965507D1a55bcC2695C58ba16FB37d819B0A4dc,Apollo Multispecialty Hospital,Endocrinology Tests,HbA1c Glycated Hemoglobin,Whole Blood (EDTA),HbA1c: 7.6% (Diabetic Range),"<5.7% Normal, 5.7-6.4% Prediabetes, >=6.5% Diabetes",HIGH,Low,650,Diagnostic Laboratory Reports,Consent Verified (Active on Blockchain),AES-256-GCM,vault-transit-key-0x5c8c9b02,Qm24ad29de3eb44de7bd79cbcf128f1cc1f8ee89095a79,Pinata Dedicated IPFS Gateway,0.0.4891024,5302,2026-09-13 11:57:59 UTC,0x098d2142598898ce0e1050a4b11d867c8289220ed58e7d3864ca5a5b6b0cbcaf,0.0001
LAB-REP-00303,ACC-LAB-005-000303,SRL Diagnostics Regional Core Lab,0xa0Ee7A142d267C1f36714E4a8F75612F20a79720,NABL-MC-4491,"Dr. Ramesh Sarin, DNB Path",Harish Pillai,849503,0xaa52dc15e8dce8fc7eb0e3e8b3c0b797e6d51099,19,male,Dr. Sarah Jenkins,0x04Fee3FD1B338d12FFD6dBD8d66dE1e8e0BB99cB,Apex Diagnostic & Pathology Hub,Endocrinology Tests,"Thyroid Function Panel (TSH, Free T3, Free T4)",Serum,"TSH: 6.8 uIU/mL (Hypothyroid), FT4: 0.72 ng/dL (Low)","TSH: 0.45-4.5 uIU/mL, FT3: 2.0-4.4 pg/mL, FT4: 0.8-1.8 ng/dL",LOW,Low,750,Diagnostic Laboratory Reports,Emergency Diagnostic Upload (Pending Verification),AES-256-GCM,vault-transit-key-0xaa52dc15,Qm357e1d2e1e529bb4bc55981c0fe540bc02ee105c3b10,Pinata Dedicated IPFS Gateway,0.0.4891024,5303,2026-09-13 11:58:02 UTC,0x80b7b222f0fb875027fba6cb369563970385264497e9b185816d53f60ec848f8,0.0001
LAB-REP-00304,ACC-LAB-002-000304,Dr. Lal PathLabs Central Reference Hub,0x976EA74026E726554dB657fA54763abd0C3a0aa9,NABL-MC-1044,"Dr. Arvind Lal, FRCPath",Kavya Swaminathan,849504,0x30f1c41cd5079aa464743fa89bd1844cc568f341,20,female,Dr. Preeti Deshmukh,0x23618e81E3f5cdF7f54C3d65f7FBc0aBf5B21E8f,Apex Diagnostic & Pathology Hub,Imaging / Radiology,Whole Body PET-CT Oncology Scan,18F-FDG Radiotracer DICOM,"Hypermetabolic primary lesion, SUVmax 9.2, no distant metastases","Physiological FDG biodistribution, no hypermetabolic malignancy",ABNORMAL_FINDING,High - Genomic/Oncology,18500,Diagnostic Laboratory Reports,Consent Verified (Active on Blockchain),AES-256-GCM,vault-transit-key-0x30f1c41c,Qm5a4c5f9e9e261fa0650540a1918c881b6471a6c449a5,Pinata Dedicated IPFS Gateway,0.0.4891024,5304,2026-09-13 11:58:04 UTC,0xe5f8002d0497682a1213b9b10807ff99c4ececd982bc2c12ba2ca4b6670cd1cf,0.0001
LAB-REP-00305,ACC-LAB-004-000305,Apollo Diagnostics Advanced Enclave,0x23618e81E3f5cdF7f54C3d65f7FBc0aBf5B21E8f,NABL-MC-5102,"Dr. Shanti Swaminathan, MD",Rahul Chatterjee,849505,0x6900899857bcd9b514d0153101954dc22eb68548,21,male,Dr. Sunita Narang,0xBcd4042DE499D14e55001CcbB24a551F3b954096,Apollo Multispecialty Hospital,Cardiology Tests,High-Sensitivity Cardiac Troponin-I (hs-cTnI),Serum / Plasma,hs-cTnI: 1850 ng/L (Markedly Elevated Acute Myocardial Infarction),< 14 ng/L (99th Percentile Upper Reference Limit),CRITICAL_ALERT,Medium,1800,Diagnostic Laboratory Reports,Consent Verified (Active on Blockchain),AES-256-GCM,vault-transit-key-0x69008998,Qme1ad45bb16bfd6f3eee77397773575935560d2accaa2,Pinata Dedicated IPFS Gateway,0.0.4891024,5305,2026-09-13 11:58:06 UTC,0x25cd78faab40b459e8a52917956c2ade84276b1797bff48c4f962c48bd52ef7e,0.0001
LAB-REP-00306,ACC-LAB-004-000306,Apollo Diagnostics Advanced Enclave,0x23618e81E3f5cdF7f54C3d65f7FBc0aBf5B21E8f,NABL-MC-5102,"Dr. Shanti Swaminathan, MD",Pranav Verma,849506,0x663026c28661d90d7195ad4b5ef546346b02fe4a,22,female,Dr. Ananya Roy,0x9965507D1a55bcC2695C58ba16FB37d819B0A4dc,Apex Diagnostic & Pathology Hub,Blood Tests,Thrombocytopenia Platelet Monitoring,Whole Blood (EDTA),"Platelets: 42,000 /uL (Severe Low)","Platelets: 150,000 - 450,000 /uL",CRITICAL_ALERT,Low,350,Diagnostic Laboratory Reports,Emergency Diagnostic Upload (Pending Verification),AES-256-GCM,vault-transit-key-0x663026c2,Qmb54fc2b3312efc7645b5c5910e85c3a75197a2358230,Pinata Dedicated IPFS Gateway,0.0.4891024,5306,2026-09-13 11:58:08 UTC,0x7d60d16c317945235c771537746d5d0fbbb5f4e08cf98ab270edf417d6f3acba,0.0001
LAB-REP-00307,ACC-LAB-003-000307,Metropolis Healthcare Molecular Laboratory,0x14dC79964da2C08b23698B3D3cc7Ca32193d9955,NABL-MC-3819,"Dr. Nilesh Shah, MD",Neha Hegde,849507,0xaeff7c3db7cd1b3e09b35d303db14437d925bd18,23,male,Dr. Rohan Patel,0x976EA74026E726554dB657fA54763abd0C3a0aa9,Apollo Multispecialty Hospital,Pathology / Biopsy,Core Needle Biopsy Histopathology & Immunohistochemistry,Tissue Biopsy in 10% Formalin,"Infiltrating Ductal Carcinoma Grade 2, ER 85%+, PR 60%+, HER2/neu Negative",Benign / No malignancy,MALIGNANT_POSITIVE,High - Genomic/Oncology,4500,Diagnostic Laboratory Reports,Consent Verified (Active on Blockchain),AES-256-GCM,vault-transit-key-0xaeff7c3d,Qm907e297369a2d95f8a29cfb56a16559cf3995c0a07ab,Pinata Dedicated IPFS Gateway,0.0.4891024,5307,2026-09-13 11:58:11 UTC,0xe4bd3755e08fb8addbca74eff0acbf47c0e9d97c024c5fa5f87537c3e33f4755,0.0001
LAB-REP-00308,ACC-LAB-003-000308,Metropolis Healthcare Molecular Laboratory,0x14dC79964da2C08b23698B3D3cc7Ca32193d9955,NABL-MC-3819,"Dr. Nilesh Shah, MD",Shreya Hegde,849508,0xb7774d5025adfefd0e988ca82f3947ea4dd424f6,24,female,Dr. Ananya Roy,0x9965507D1a55bcC2695C58ba16FB37d819B0A4dc,Apex Diagnostic & Pathology Hub,Blood Tests,Complete Blood Count (CBC),Whole Blood (EDTA),"Hb: 13.5 g/dL, WBC: 7200 /uL, Platelets: 2.4 Lakhs/uL (Borderline clinical correlation advised)","Hb: 12-16 g/dL, WBC: 4000-11000 /uL, Platelets: 1.5-4.5 Lakhs/uL",BORDERLINE,Low,450,Diagnostic Laboratory Reports,Consent Verified (Active on Blockchain),AES-256-GCM,vault-transit-key-0xb7774d50,Qm34c0751bc68c3835ce5ce8404ab21538c8ca99568dee,Pinata Dedicated IPFS Gateway,0.0.4891024,5308,2026-09-13 11:58:13 UTC,0x18ba1345293dbbb81219b871220f454a468185413de3a346251fa470e722c54a,0.0001
LAB-REP-00309,ACC-LAB-002-000309,Dr. Lal PathLabs Central Reference Hub,0x976EA74026E726554dB657fA54763abd0C3a0aa9,NABL-MC-1044,"Dr. Arvind Lal, FRCPath",Riya Iyer,849509,0xe04ef0a21da8c464064456bc6f4e584619cf74ed,25,male,Dr. Rajesh Sharma,0x3c44CdDdB6a900fa2b585dd299e03d12FA4293BC,Care & Cure Pediatric & Maternity Hospital,Metabolic Panel,Comprehensive Metabolic Panel (CMP),Serum,"Na: 138 mmol/L, K: 4.1 mmol/L, Creat: 1.05 mg/dL","Na: 135-145, K: 3.5-5.0, Creatinine: 0.7-1.3 mg/dL",NORMAL,Medium,1200,Diagnostic Laboratory Reports,Consent Verified (Active on Blockchain),AES-256-GCM,vault-transit-key-0xe04ef0a2,Qm0a5b2c65104c38e4708753317d4204ac67cee3c0cf94,Pinata Dedicated IPFS Gateway,0.0.4891024,5309,2026-09-13 11:58:15 UTC,0x4884140f3df5eb343480dff2387df0c4f4d6b95c8b16014e43a56e75fd8ba980,0.0001
LAB-REP-00310,ACC-LAB-004-000310,Apollo Diagnostics Advanced Enclave,0x23618e81E3f5cdF7f54C3d65f7FBc0aBf5B21E8f,NABL-MC-5102,"Dr. Shanti Swaminathan, MD",Lata Verma,849510,0x14ce65f3d7dbaa638db558ac93de997beeafa08c,26,female,Dr. Rohan Patel,0x976EA74026E726554dB657fA54763abd0C3a0aa9,Care & Cure Pediatric & Maternity Hospital,Cardiology Tests,High-Sensitivity Cardiac Troponin-I (hs-cTnI),Serum / Plasma,hs-cTnI: 1850 ng/L (Markedly Elevated Acute Myocardial Infarction),< 14 ng/L (99th Percentile Upper Reference Limit),CRITICAL_ALERT,Medium,1800,Diagnostic Laboratory Reports,Consent Verified (Active on Blockchain),AES-256-GCM,vault-transit-key-0x14ce65f3,Qm0862136edb7d3ca57f553bfb9da20f9cf3cd020b1ab6,Pinata Dedicated IPFS Gateway,0.0.4891024,5310,2026-09-13 11:58:18 UTC,0xf56527583c89eaa016ba48f28672f1638aa09b8882b0f67f295b566bb1cc2325,0.0001
LAB-REP-00311,ACC-LAB-004-000311,Apollo Diagnostics Advanced Enclave,0x23618e81E3f5cdF7f54C3d65f7FBc0aBf5B21E8f,NABL-MC-5102,"Dr. Shanti Swaminathan, MD",Rahul Joshi,849511,0x7d678be81d6cd53c2b38a9d287f9e1c644cc2910,27,male,Dr. Sarah Jenkins,0x04Fee3FD1B338d12FFD6dBD8d66dE1e8e0BB99cB,Care & Cure Pediatric & Maternity Hospital,Imaging / Radiology,Whole Body PET-CT Oncology Scan,18F-FDG Radiotracer DICOM,"Hypermetabolic primary lesion, SUVmax 9.2, no distant metastases","Physiological FDG biodistribution, no hypermetabolic malignancy",ABNORMAL_FINDING,High - Genomic/Oncology,18500,Diagnostic Laboratory Reports,Consent Verified (Active on Blockchain),AES-256-GCM,vault-transit-key-0x7d678be8,Qmff04fca1d81f6fcf1a25364f9a545b92a285af0df0bf,Pinata Dedicated IPFS Gateway,0.0.4891024,5311,2026-09-13 11:58:20 UTC,0x0146708a35943bcd2a541e699e4da074242d0bbb347e352b61de4b7d5038ef0d,0.0001
LAB-REP-00312,ACC-LAB-004-000312,Apollo Diagnostics Advanced Enclave,0x23618e81E3f5cdF7f54C3d65f7FBc0aBf5B21E8f,NABL-MC-5102,"Dr. Shanti Swaminathan, MD",Sanjay Patel,849512,0xe356e03b69b915fb339ae6b9e88c6504f7fce974,28,female,Dr. Rohan Patel,0x976EA74026E726554dB657fA54763abd0C3a0aa9,Apollo Multispecialty Hospital,Lipid Profile,Comprehensive Lipid Panel,Serum (Fasting 12h),"Total Chol: 235 mg/dL (High), LDL: 155 mg/dL, TG: 180 mg/dL","Chol: <200 mg/dL, HDL: >40 mg/dL, LDL: <100 mg/dL, TG: <150 mg/dL",HIGH,Low,850,Diagnostic Laboratory Reports,Consent Verified (Active on Blockchain),AES-256-GCM,vault-transit-key-0xe356e03b,Qme5a8370d16593f8fceaa584fd3a0b97b9036b28494d5,Pinata Dedicated IPFS Gateway,0.0.4891024,5312,2026-09-13 11:58:22 UTC,0xe8b450d41a6b20757ff57320152745e5bdcf2be73f0780cfffdaf93d1fbf22a8,0.0001
LAB-REP-00313,ACC-LAB-003-000313,Metropolis Healthcare Molecular Laboratory,0x14dC79964da2C08b23698B3D3cc7Ca32193d9955,NABL-MC-3819,"Dr. Nilesh Shah, MD",Manish Patel,849513,0x659f2e1c89dabb184c67637a63a8bdfc43f5f6be,29,male,Dr. Sarah Jenkins,0x04Fee3FD1B338d12FFD6dBD8d66dE1e8e0BB99cB,Apollo Multispecialty Hospital,Endocrinology Tests,HbA1c Glycated Hemoglobin,Whole Blood (EDTA),HbA1c: 7.6% (Diabetic Range),"<5.7% Normal, 5.7-6.4% Prediabetes, >=6.5% Diabetes",HIGH,Low,650,Diagnostic Laboratory Reports,Emergency Diagnostic Upload (Pending Verification),AES-256-GCM,vault-transit-key-0x659f2e1c,Qm2202b437a1d93978bb145af247d9064ff04156050547,Pinata Dedicated IPFS Gateway,0.0.4891024,5313,2026-09-13 11:58:25 UTC,0x315423b735bddf88521d07b65c3bcc52b61869c09f879603ed2b94dde66dbcd9,0.0001
LAB-REP-00314,ACC-LAB-001-000314,Apex Diagnostic Reference Labs,0x04Fee3FD1B338d12FFD6dBD8d66dE1e8e0BB99cB,NABL-MC-2091,"Dr. Sunita Narang, MD Path",Manish Joshi,849514,0x2442257021ab15c06d778e874bf2e328637f5928,30,female,Dr. Sarah Jenkins,0x04Fee3FD1B338d12FFD6dBD8d66dE1e8e0BB99cB,Care & Cure Pediatric & Maternity Hospital,Blood Tests,Complete Blood Count (CBC),Whole Blood (EDTA),"Hb: 13.5 g/dL, WBC: 7200 /uL, Platelets: 2.4 Lakhs/uL","Hb: 12-16 g/dL, WBC: 4000-11000 /uL, Platelets: 1.5-4.5 Lakhs/uL",NORMAL,Low,450,Diagnostic Laboratory Reports,Consent Verified (Active on Blockchain),AES-256-GCM,vault-transit-key-0x24422570,Qmed4f93637ebf2fb9a5671df5ffb4a5d17311e7922fcb,Pinata Dedicated IPFS Gateway,0.0.4891024,5314,2026-09-13 11:58:27 UTC,0x92cf38ff0b0015b1b0d8373d107c36ce2c15a03a58170e0e9da10be8d63ba945,0.0001
LAB-REP-00315,ACC-LAB-003-000315,Metropolis Healthcare Molecular Laboratory,0x14dC79964da2C08b23698B3D3cc7Ca32193d9955,NABL-MC-3819,"Dr. Nilesh Shah, MD",Chetan Gowda,849515,0xb0641d8566ffc3af2029552899fbd2e073fe00be,31,male,Dr. Sunita Narang,0xBcd4042DE499D14e55001CcbB24a551F3b954096,Max Super Speciality Cancer Institute,Liver Function Tests,Liver Function Profile (LFT),Serum,"ALT: 88 U/L (High), AST: 74 U/L (High), Total Bili: 1.8 mg/dL","ALT: 7-56 U/L, AST: 10-40 U/L, Bilirubin: 0.1-1.2 mg/dL",HIGH,Low,950,Diagnostic Laboratory Reports,Consent Verified (Active on Blockchain),AES-256-GCM,vault-transit-key-0xb0641d85,Qmde14f19d877117f1bf8794b64076be9d60f71bf019e9,Pinata Dedicated IPFS Gateway,0.0.4891024,5315,2026-09-13 11:58:29 UTC,0x39bfaa69270b29b35519463bb27ddd011374e4c2b4358e0ec217cbc9825190bc,0.0001
LAB-REP-00316,ACC-LAB-005-000316,SRL Diagnostics Regional Core Lab,0xa0Ee7A142d267C1f36714E4a8F75612F20a79720,NABL-MC-4491,"Dr. Ramesh Sarin, DNB Path",Ishaan Agarwal,849516,0xcf10d4e067267d3337f71b8fd54676d225a98e49,32,female,Dr. Sunita Narang,0xBcd4042DE499D14e55001CcbB24a551F3b954096,Max Super Speciality Cancer Institute,Microbiology Tests,Dengue Duo NS1 Ag + IgM/IgG Antibody ELISA,Serum,"Dengue NS1 Antigen: POSITIVE, IgM: Reactive",Non-Reactive / Negative,POSITIVE_ABNORMAL,Medium,1400,Diagnostic Laboratory Reports,Consent Verified (Active on Blockchain),AES-256-GCM,vault-transit-key-0xcf10d4e0,Qm32e8be6002c3e6432bb26d860b11390dfc1affceef8e,Pinata Dedicated IPFS Gateway,0.0.4891024,5316,2026-09-13 11:58:31 UTC,0xfed9ec212347e85cf4d9790cb7ddc35461ce35a5b93bb00078c42478178c8849,0.0001
LAB-REP-00317,ACC-LAB-001-000317,Apex Diagnostic Reference Labs,0x04Fee3FD1B338d12FFD6dBD8d66dE1e8e0BB99cB,NABL-MC-2091,"Dr. Sunita Narang, MD Path",Riya Mishra,849517,0xfe9b791df0d6f41575e9139b2e893335ce9dd0b7,33,male,Dr. Rajesh Sharma,0x3c44CdDdB6a900fa2b585dd299e03d12FA4293BC,Apollo Multispecialty Hospital,Blood Tests,Complete Blood Count (CBC),Whole Blood (EDTA),"Hb: 13.5 g/dL, WBC: 7200 /uL, Platelets: 2.4 Lakhs/uL","Hb: 12-16 g/dL, WBC: 4000-11000 /uL, Platelets: 1.5-4.5 Lakhs/uL",NORMAL,Low,450,Diagnostic Laboratory Reports,Consent Verified (Active on Blockchain),AES-256-GCM,vault-transit-key-0xfe9b791d,Qm6e1d7fedd5da92a05fa2c26e6ff42177e8a15e56fa08,Pinata Dedicated IPFS Gateway,0.0.4891024,5317,2026-09-13 11:58:33 UTC,0xb6189096b4271dd949b8cf054d9dd68689736d6b14034fc0c6abccd028fb06a7,0.0001
LAB-REP-00318,ACC-LAB-001-000318,Apex Diagnostic Reference Labs,0x04Fee3FD1B338d12FFD6dBD8d66dE1e8e0BB99cB,NABL-MC-2091,"Dr. Sunita Narang, MD Path",Madhav Hegde,849518,0x12a022c22e755cc1f33f847e710e8dbe683d1282,34,female,Dr. Sunita Narang,0xBcd4042DE499D14e55001CcbB24a551F3b954096,Apollo Multispecialty Hospital,Kidney Function Tests,Renal Function Profile (KFT),Serum,"BUN: 14 mg/dL, Creatinine: 0.9 mg/dL, eGFR: 92 mL/min","BUN: 7-20 mg/dL, Creatinine: 0.6-1.2 mg/dL, eGFR: >60 mL/min",NORMAL,Low,850,Diagnostic Laboratory Reports,Consent Verified (Active on Blockchain),AES-256-GCM,vault-transit-key-0x12a022c2,Qma30363e75f859c2b6b339fc79cf2faa4e22ff9cb0105,Pinata Dedicated IPFS Gateway,0.0.4891024,5318,2026-09-13 11:58:35 UTC,0x81397869c41993e8b61cf5f704664bdc574366b243198d416a284cb5a234eea1,0.0001
LAB-REP-00319,ACC-LAB-001-000319,Apex Diagnostic Reference Labs,0x04Fee3FD1B338d12FFD6dBD8d66dE1e8e0BB99cB,NABL-MC-2091,"Dr. Sunita Narang, MD Path",Shreya Malhotra,849519,0xf45685c8acea29a88fb66ed995a74d3bd883fed7,35,male,Dr. Ananya Roy,0x9965507D1a55bcC2695C58ba16FB37d819B0A4dc,Care & Cure Pediatric & Maternity Hospital,Imaging / Radiology,High-Resolution Non-Contrast Brain CT Scan,Radiological DICOM Imaging,"Small left temporal hemorrhagic contusion, no mass effect",No acute intracranial hemorrhage or midline shift,ABNORMAL_FINDING,Medium,3200,Diagnostic Laboratory Reports,Consent Verified (Active on Blockchain),AES-256-GCM,vault-transit-key-0xf45685c8,Qmbc22d639ef22907fc75d1fb202ac71bb4e2b2200a2ab,Pinata Dedicated IPFS Gateway,0.0.4891024,5319,2026-09-13 11:58:38 UTC,0x7e984ccd719ebaa0e8fd2e360ea38b1d86e870a883c126278ad5becb54805197,0.0001
LAB-REP-00320,ACC-LAB-003-000320,Metropolis Healthcare Molecular Laboratory,0x14dC79964da2C08b23698B3D3cc7Ca32193d9955,NABL-MC-3819,"Dr. Nilesh Shah, MD",Harish Joshi,849520,0x3ad817324cec77b5450bf71c3e93a5b1fe68207b,36,female,Dr. Ananya Roy,0x9965507D1a55bcC2695C58ba16FB37d819B0A4dc,Max Super Speciality Cancer Institute,Lipid Profile,Comprehensive Lipid Panel,Serum (Fasting 12h),"Total Chol: 235 mg/dL (High), LDL: 155 mg/dL, TG: 180 mg/dL","Chol: <200 mg/dL, HDL: >40 mg/dL, LDL: <100 mg/dL, TG: <150 mg/dL",HIGH,Low,850,Diagnostic Laboratory Reports,Consent Verified (Active on Blockchain),AES-256-GCM,vault-transit-key-0x3ad81732,Qmd8dcbdb39de79860052031efb930243c7432730a55f5,Pinata Dedicated IPFS Gateway,0.0.4891024,5320,2026-09-13 11:58:40 UTC,0xe6075e58005e4b82cea60bb22f736f43b35f74c1acaa4e80b5431d3b01802253,0.0001
LAB-REP-00321,ACC-LAB-003-000321,Metropolis Healthcare Molecular Laboratory,0x14dC79964da2C08b23698B3D3cc7Ca32193d9955,NABL-MC-3819,"Dr. Nilesh Shah, MD",Sameer Rao,849521,0x3fa8e5824b96760a85875bce64280953c4c94471,37,male,Dr. Rohan Patel,0x976EA74026E726554dB657fA54763abd0C3a0aa9,Apollo Multispecialty Hospital,Blood Tests,Thrombocytopenia Platelet Monitoring,Whole Blood (EDTA),"Platelets: 42,000 /uL (Severe Low)","Platelets: 150,000 - 450,000 /uL",CRITICAL_ALERT,Low,350,Diagnostic Laboratory Reports,Consent Verified (Active on Blockchain),AES-256-GCM,vault-transit-key-0x3fa8e582,Qmedb91eb235cbcb0a396296fb73fefc04edfca2fcf71c,Pinata Dedicated IPFS Gateway,0.0.4891024,5321,2026-09-13 11:58:42 UTC,0xbe11ce39446ce971eccff6e42e8455b729f56d7686c4a2c1612a08448561cd9e,0.0001
LAB-REP-00322,ACC-LAB-003-000322,Metropolis Healthcare Molecular Laboratory,0x14dC79964da2C08b23698B3D3cc7Ca32193d9955,NABL-MC-3819,"Dr. Nilesh Shah, MD",Ishaan Swaminathan,849522,0xcadcc1ac560cc5aae276021228adf6f9cc952065,38,female,Dr. Ananya Roy,0x9965507D1a55bcC2695C58ba16FB37d819B0A4dc,Care & Cure Pediatric & Maternity Hospital,Liver Function Tests,Liver Function Profile (LFT),Serum,"ALT: 88 U/L (High), AST: 74 U/L (High), Total Bili: 1.8 mg/dL","ALT: 7-56 U/L, AST: 10-40 U/L, Bilirubin: 0.1-1.2 mg/dL",HIGH,Low,950,Diagnostic Laboratory Reports,Consent Verified (Active on Blockchain),AES-256-GCM,vault-transit-key-0xcadcc1ac,Qm22ecbc030611ce74675a146c48ac8a3dbb3c7bc092dc,Pinata Dedicated IPFS Gateway,0.0.4891024,5322,2026-09-13 11:58:44 UTC,0x2c47a15f6dee00c0ec8342a5021559a9170eaf9391c7acb5db3ce491ad82d50f,0.0001
LAB-REP-00323,ACC-LAB-005-000323,SRL Diagnostics Regional Core Lab,0xa0Ee7A142d267C1f36714E4a8F75612F20a79720,NABL-MC-4491,"Dr. Ramesh Sarin, DNB Path",Anand Mishra,849523,0xc35454a89509f2b58df35f2dc4917026a3cfa973,39,male,Dr. Sunita Narang,0xBcd4042DE499D14e55001CcbB24a551F3b954096,Care & Cure Pediatric & Maternity Hospital,Blood Tests,Thrombocytopenia Platelet Monitoring,Whole Blood (EDTA),"Platelets: 42,000 /uL (Severe Low)","Platelets: 150,000 - 450,000 /uL",CRITICAL_ALERT,Low,350,Diagnostic Laboratory Reports,Consent Verified (Active on Blockchain),AES-256-GCM,vault-transit-key-0xc35454a8,Qm5efa4d84a20515c69caa6e548a31ac0194145f2fc922,Pinata Dedicated IPFS Gateway,0.0.4891024,5323,2026-09-13 11:58:47 UTC,0xa1b269036b6a571e79905a10c884b353bc4dbc4cdcca094792a3216ef531f2fb,0.0001
LAB-REP-00324,ACC-LAB-003-000324,Metropolis Healthcare Molecular Laboratory,0x14dC79964da2C08b23698B3D3cc7Ca32193d9955,NABL-MC-3819,"Dr. Nilesh Shah, MD",Harish Mehta,849524,0x3ff76a3bc62531c1201f98b589bea133ecb9f2b4,40,female,Dr. Preeti Deshmukh,0x23618e81E3f5cdF7f54C3d65f7FBc0aBf5B21E8f,Apollo Multispecialty Hospital,Metabolic Panel,Comprehensive Metabolic Panel (CMP),Serum,"Na: 138 mmol/L, K: 4.1 mmol/L, Creat: 1.05 mg/dL","Na: 135-145, K: 3.5-5.0, Creatinine: 0.7-1.3 mg/dL",NORMAL,Medium,1200,Diagnostic Laboratory Reports,Consent Verified (Active on Blockchain),AES-256-GCM,vault-transit-key-0x3ff76a3b,Qm6ba2aa09ba5a2bf3d04eac86841310adda3b6a19825d,Pinata Dedicated IPFS Gateway,0.0.4891024,5324,2026-09-13 11:58:49 UTC,0x1105204716058675eee786e080b139e017289fdb043c94e0f09e965b7a2a8f71,0.0001
LAB-REP-00325,ACC-LAB-001-000325,Apex Diagnostic Reference Labs,0x04Fee3FD1B338d12FFD6dBD8d66dE1e8e0BB99cB,NABL-MC-2091,"Dr. Sunita Narang, MD Path",Anand Mehta,849525,0x5b64542a0cada744fd971e640df9ffee24fb2107,41,male,Dr. Rajesh Sharma,0x3c44CdDdB6a900fa2b585dd299e03d12FA4293BC,Max Super Speciality Cancer Institute,Microbiology Tests,Dengue Duo NS1 Ag + IgM/IgG Antibody ELISA,Serum,"Dengue NS1 Antigen: POSITIVE, IgM: Reactive",Non-Reactive / Negative,POSITIVE_ABNORMAL,Medium,1400,Diagnostic Laboratory Reports,Consent Verified (Active on Blockchain),AES-256-GCM,vault-transit-key-0x5b64542a,Qm0abd995134ca06f4d8a16c9aa2df6f805e4e61850a5e,Pinata Dedicated IPFS Gateway,0.0.4891024,5325,2026-09-13 11:58:51 UTC,0xc5e3400fb9d6c3373d71063c3cd5aee745650522e6e1b78ae84048d94895364d,0.0001
LAB-REP-00326,ACC-LAB-001-000326,Apex Diagnostic Reference Labs,0x04Fee3FD1B338d12FFD6dBD8d66dE1e8e0BB99cB,NABL-MC-2091,"Dr. Sunita Narang, MD Path",Anand Mishra,849526,0xe8d9de4ed7a0a1b35df6337fc693453add4003ac,42,female,Dr. Vikram Seth,0x15d34AAf54267DB7D7c367839AAf71A00a2C6A65,Fortis Memorial Neuro & Trauma Center,Liver Function Tests,Liver Function Profile (LFT),Serum,"ALT: 88 U/L (High), AST: 74 U/L (High), Total Bili: 1.8 mg/dL","ALT: 7-56 U/L, AST: 10-40 U/L, Bilirubin: 0.1-1.2 mg/dL",HIGH,Low,950,Diagnostic Laboratory Reports,Consent Verified (Active on Blockchain),AES-256-GCM,vault-transit-key-0xe8d9de4e,Qm00100dc76c354823c2b082e949fb59cbe79408ee6904,Pinata Dedicated IPFS Gateway,0.0.4891024,5326,2026-09-13 11:58:54 UTC,0x647a3a992de3dd6f0ede7542149f8cadeadaa9fd083dd416f028f200a75c389c,0.0001
LAB-REP-00327,ACC-LAB-005-000327,SRL Diagnostics Regional Core Lab,0xa0Ee7A142d267C1f36714E4a8F75612F20a79720,NABL-MC-4491,"Dr. Ramesh Sarin, DNB Path",Ananya Gowda,849527,0x70360dd6359fee14592056a98381458c026dc491,43,male,Dr. Ananya Roy,0x9965507D1a55bcC2695C58ba16FB37d819B0A4dc,Max Super Speciality Cancer Institute,Lipid Profile,Comprehensive Lipid Panel,Serum (Fasting 12h),"Total Chol: 235 mg/dL (High), LDL: 155 mg/dL, TG: 180 mg/dL","Chol: <200 mg/dL, HDL: >40 mg/dL, LDL: <100 mg/dL, TG: <150 mg/dL",HIGH,Low,850,Diagnostic Laboratory Reports,Consent Verified (Active on Blockchain),AES-256-GCM,vault-transit-key-0x70360dd6,Qm5dd3bc15df61d655ca6d9369183b3ac35eab22209109,Pinata Dedicated IPFS Gateway,0.0.4891024,5327,2026-09-13 11:58:55 UTC,0x19d7ea7eb0c1f926c251f1b90cc389c1ab64e9094f7c91b866cc253d03081dfd,0.0001
LAB-REP-00328,ACC-LAB-003-000328,Metropolis Healthcare Molecular Laboratory,0x14dC79964da2C08b23698B3D3cc7Ca32193d9955,NABL-MC-3819,"Dr. Nilesh Shah, MD",Manish Choudhury,849528,0xd8e649440cb87728205e5579c93f6a8259768412,44,female,Dr. Ananya Roy,0x9965507D1a55bcC2695C58ba16FB37d819B0A4dc,Fortis Memorial Neuro & Trauma Center,Imaging / Radiology,Whole Body PET-CT Oncology Scan,18F-FDG Radiotracer DICOM,"Hypermetabolic primary lesion, SUVmax 9.2, no distant metastases","Physiological FDG biodistribution, no hypermetabolic malignancy",ABNORMAL_FINDING,High - Genomic/Oncology,18500,Diagnostic Laboratory Reports,Consent Verified (Active on Blockchain),AES-256-GCM,vault-transit-key-0xd8e64944,Qm5993c2213fde19f7aeda26a1bbc122d1b5055dd7d17b,Pinata Dedicated IPFS Gateway,0.0.4891024,5328,2026-09-13 11:58:58 UTC,0x027c881bde079ad14425c1ba9eaba7983ac42533ecb6028835426e0dba7183d7,0.0001
LAB-REP-00329,ACC-LAB-002-000329,Dr. Lal PathLabs Central Reference Hub,0x976EA74026E726554dB657fA54763abd0C3a0aa9,NABL-MC-1044,"Dr. Arvind Lal, FRCPath",Yashwanth Banerjee,849529,0x959794ea59e2365cc7c0a7814eb7be9ba6b2fb07,45,male,Dr. Sarah Jenkins,0x04Fee3FD1B338d12FFD6dBD8d66dE1e8e0BB99cB,Fortis Memorial Neuro & Trauma Center,Blood Tests,Thrombocytopenia Platelet Monitoring,Whole Blood (EDTA),"Platelets: 42,000 /uL (Severe Low)","Platelets: 150,000 - 450,000 /uL",CRITICAL_ALERT,Low,350,Diagnostic Laboratory Reports,Consent Verified (Active on Blockchain),AES-256-GCM,vault-transit-key-0x959794ea,Qm6657e11915cbee41fdc8cb54e7dbf0a95c95a5aa56cc,Pinata Dedicated IPFS Gateway,0.0.4891024,5329,2026-09-13 11:59:00 UTC,0xaf4cd1bfc443a1fb8e681fb2ebe29011ce7a47599ebeec37444d941c60adbc86,0.0001
LAB-REP-00330,ACC-LAB-001-000330,Apex Diagnostic Reference Labs,0x04Fee3FD1B338d12FFD6dBD8d66dE1e8e0BB99cB,NABL-MC-2091,"Dr. Sunita Narang, MD Path",Yashwanth Iyer,849530,0x575f936f2fe4aaf1814718b87d5d5c67c2c07e53,46,female,Dr. Sunita Narang,0xBcd4042DE499D14e55001CcbB24a551F3b954096,Apex Diagnostic & Pathology Hub,Endocrinology Tests,"Thyroid Function Panel (TSH, Free T3, Free T4)",Serum,"TSH: 6.8 uIU/mL (Hypothyroid), FT4: 0.72 ng/dL (Low)","TSH: 0.45-4.5 uIU/mL, FT3: 2.0-4.4 pg/mL, FT4: 0.8-1.8 ng/dL",LOW,Low,750,Diagnostic Laboratory Reports,Consent Verified (Active on Blockchain),AES-256-GCM,vault-transit-key-0x575f936f,Qm2f850e86c33cfaed13222cd47a092b6ac1dc940170c9,Pinata Dedicated IPFS Gateway,0.0.4891024,5330,2026-09-13 11:59:02 UTC,0x0b89bc6542d0968835fac30457e8bb83b4ec08510deb3dd1cdc4a262e594226a,0.0001
LAB-REP-00331,ACC-LAB-004-000331,Apollo Diagnostics Advanced Enclave,0x23618e81E3f5cdF7f54C3d65f7FBc0aBf5B21E8f,NABL-MC-5102,"Dr. Shanti Swaminathan, MD",Rahul Gowda,849531,0x56051bbf7dde2a9ba6f95e30f0d693ee091a9dab,47,male,Dr. Rohan Patel,0x976EA74026E726554dB657fA54763abd0C3a0aa9,Max Super Speciality Cancer Institute,Endocrinology Tests,"Thyroid Function Panel (TSH, Free T3, Free T4)",Serum,"TSH: 6.8 uIU/mL (Hypothyroid), FT4: 0.72 ng/dL (Low)","TSH: 0.45-4.5 uIU/mL, FT3: 2.0-4.4 pg/mL, FT4: 0.8-1.8 ng/dL",LOW,Low,750,Diagnostic Laboratory Reports,Consent Verified (Active on Blockchain),AES-256-GCM,vault-transit-key-0x56051bbf,Qm00668a19599e154c81202d71a5649d38111f39a01a25,Pinata Dedicated IPFS Gateway,0.0.4891024,5331,2026-09-13 11:59:04 UTC,0x0c971b3c0880778a41e0f52c5e3c6cefcce3a0875f41db5674cc6dc3332b521b,0.0001
LAB-REP-00332,ACC-LAB-004-000332,Apollo Diagnostics Advanced Enclave,0x23618e81E3f5cdF7f54C3d65f7FBc0aBf5B21E8f,NABL-MC-5102,"Dr. Shanti Swaminathan, MD",Pooja Reddy,849532,0xf482894c1e075e2b39c2abad30b62d20100fe145,48,female,Dr. Vikram Seth,0x15d34AAf54267DB7D7c367839AAf71A00a2C6A65,Fortis Memorial Neuro & Trauma Center,Lipid Profile,Comprehensive Lipid Panel,Serum (Fasting 12h),"Total Chol: 235 mg/dL (High), LDL: 155 mg/dL, TG: 180 mg/dL","Chol: <200 mg/dL, HDL: >40 mg/dL, LDL: <100 mg/dL, TG: <150 mg/dL",HIGH,Low,850,Diagnostic Laboratory Reports,Consent Verified (Active on Blockchain),AES-256-GCM,vault-transit-key-0xf482894c,Qm225a467dd342640dfedae34e135811095b43a08bf27b,Pinata Dedicated IPFS Gateway,0.0.4891024,5332,2026-09-13 11:59:07 UTC,0x8980ff6dfb06f977015148fb8c586b886441459965d1ca4a4317977f4c00bb1e,0.0001
LAB-REP-00333,ACC-LAB-004-000333,Apollo Diagnostics Advanced Enclave,0x23618e81E3f5cdF7f54C3d65f7FBc0aBf5B21E8f,NABL-MC-5102,"Dr. Shanti Swaminathan, MD",Neha Swaminathan,849533,0xbdc0b22266d9bae7e3f196024a69c6986c101563,49,male,Dr. Vikram Seth,0x15d34AAf54267DB7D7c367839AAf71A00a2C6A65,Apollo Multispecialty Hospital,Liver Function Tests,Liver Function Profile (LFT),Serum,"ALT: 88 U/L (High), AST: 74 U/L (High), Total Bili: 1.8 mg/dL","ALT: 7-56 U/L, AST: 10-40 U/L, Bilirubin: 0.1-1.2 mg/dL",HIGH,Low,950,Diagnostic Laboratory Reports,Consent Verified (Active on Blockchain),AES-256-GCM,vault-transit-key-0xbdc0b222,Qm886b9b5c56240d54e95aa6fcb466283c6d0ed60aa4c4,Pinata Dedicated IPFS Gateway,0.0.4891024,5333,2026-09-13 11:59:09 UTC,0x26c67583cc7a5cf5dbb520bd77eb1c24bbb59fb1de6ab9a8e1c89fc398444014,0.0001
LAB-REP-00334,ACC-LAB-002-000334,Dr. Lal PathLabs Central Reference Hub,0x976EA74026E726554dB657fA54763abd0C3a0aa9,NABL-MC-1044,"Dr. Arvind Lal, FRCPath",Yashwanth Shetty,849534,0xeb810d1414591bdd9b32ef820834ecd4f43bd5a6,50,female,Dr. Ananya Roy,0x9965507D1a55bcC2695C58ba16FB37d819B0A4dc,Apollo Multispecialty Hospital,Metabolic Panel,Comprehensive Metabolic Panel (CMP),Serum,"Na: 138 mmol/L, K: 4.1 mmol/L, Creat: 1.05 mg/dL","Na: 135-145, K: 3.5-5.0, Creatinine: 0.7-1.3 mg/dL",NORMAL,Medium,1200,Diagnostic Laboratory Reports,Consent Verified (Active on Blockchain),AES-256-GCM,vault-transit-key-0xeb810d14,Qmfa153fd6ec712878f97326f62aa83a2da3c3c13ebd34,Pinata Dedicated IPFS Gateway,0.0.4891024,5334,2026-09-13 11:59:12 UTC,0x17d92cf78599b9eed2c97a8e24a3c697c77c604d30e74b564f58307e35d371bd,0.0001
LAB-REP-00335,ACC-LAB-005-000335,SRL Diagnostics Regional Core Lab,0xa0Ee7A142d267C1f36714E4a8F75612F20a79720,NABL-MC-4491,"Dr. Ramesh Sarin, DNB Path",Sneha Shetty,849535,0x829b81bec28375fa0bd090dd4c6243256a4eb6da,51,male,Dr. Ananya Roy,0x9965507D1a55bcC2695C58ba16FB37d819B0A4dc,Max Super Speciality Cancer Institute,Endocrinology Tests,"Thyroid Function Panel (TSH, Free T3, Free T4)",Serum,"TSH: 6.8 uIU/mL (Hypothyroid), FT4: 0.72 ng/dL (Low)","TSH: 0.45-4.5 uIU/mL, FT3: 2.0-4.4 pg/mL, FT4: 0.8-1.8 ng/dL",LOW,Low,750,Diagnostic Laboratory Reports,Consent Verified (Active on Blockchain),AES-256-GCM,vault-transit-key-0x829b81be,Qmb30a98cc97aa95d1b72ece117e452a2fdb77e8f55d7b,Pinata Dedicated IPFS Gateway,0.0.4891024,5335,2026-09-13 11:59:14 UTC,0x225bf364978cee446948b394eb7ae35abfc8f6fd5046882b9e29d8c528bff546,0.0001
LAB-REP-00336,ACC-LAB-004-000336,Apollo Diagnostics Advanced Enclave,0x23618e81E3f5cdF7f54C3d65f7FBc0aBf5B21E8f,NABL-MC-5102,"Dr. Shanti Swaminathan, MD",Rohan Verma,849536,0xb4fab8cac99c311b907cd22146e91939e95433f7,52,female,Dr. Ananya Roy,0x9965507D1a55bcC2695C58ba16FB37d819B0A4dc,Care & Cure Pediatric & Maternity Hospital,Liver Function Tests,Liver Function Profile (LFT),Serum,"ALT: 88 U/L (High), AST: 74 U/L (High), Total Bili: 1.8 mg/dL","ALT: 7-56 U/L, AST: 10-40 U/L, Bilirubin: 0.1-1.2 mg/dL",HIGH,Low,950,Diagnostic Laboratory Reports,Consent Verified (Active on Blockchain),AES-256-GCM,vault-transit-key-0xb4fab8ca,Qmea1df372d0e17af559340e74c56b3a98066c1274cf05,Pinata Dedicated IPFS Gateway,0.0.4891024,5336,2026-09-13 11:59:16 UTC,0xafdcf9d282e3ae7032779f60f2529bd2f83c73b7bd3100cbdd31421c8b8112d6,0.0001
LAB-REP-00337,ACC-LAB-002-000337,Dr. Lal PathLabs Central Reference Hub,0x976EA74026E726554dB657fA54763abd0C3a0aa9,NABL-MC-1044,"Dr. Arvind Lal, FRCPath",Siddharth Shetty,849537,0xfffac172128136a8df0da2e854b60d26f4034efe,53,male,Dr. Rajesh Sharma,0x3c44CdDdB6a900fa2b585dd299e03d12FA4293BC,Care & Cure Pediatric & Maternity Hospital,Blood Tests,Thrombocytopenia Platelet Monitoring,Whole Blood (EDTA),"Platelets: 42,000 /uL (Severe Low)","Platelets: 150,000 - 450,000 /uL",CRITICAL_ALERT,Low,350,Diagnostic Laboratory Reports,Emergency Diagnostic Upload (Pending Verification),AES-256-GCM,vault-transit-key-0xfffac172,Qmb271b8592f969300f05a5e3402938e293a534adbfe12,Pinata Dedicated IPFS Gateway,0.0.4891024,5337,2026-09-13 11:59:19 UTC,0xf0056f70155adfc3bc582131ae136d481dbd281df4a48bd7223d9d0422734c9a,0.0001
LAB-REP-00338,ACC-LAB-002-000338,Dr. Lal PathLabs Central Reference Hub,0x976EA74026E726554dB657fA54763abd0C3a0aa9,NABL-MC-1044,"Dr. Arvind Lal, FRCPath",Pooja Mehta,849538,0x8bf08897da183d29b7924de8ed89124f14ee0548,54,female,Dr. Preeti Deshmukh,0x23618e81E3f5cdF7f54C3d65f7FBc0aBf5B21E8f,Apex Diagnostic & Pathology Hub,Endocrinology Tests,HbA1c Glycated Hemoglobin,Whole Blood (EDTA),HbA1c: 7.6% (Diabetic Range),"<5.7% Normal, 5.7-6.4% Prediabetes, >=6.5% Diabetes",HIGH,Low,650,Diagnostic Laboratory Reports,Consent Verified (Active on Blockchain),AES-256-GCM,vault-transit-key-0x8bf08897,Qm8881978e90675d0b3c2bc538780b5b3ea658b1459ddf,Pinata Dedicated IPFS Gateway,0.0.4891024,5338,2026-09-13 11:59:21 UTC,0x1f461e1be44b51e72b9123e9c2cc37e26ede48418dc9e8294e1c7145e8ea3e65,0.0001
LAB-REP-00339,ACC-LAB-005-000339,SRL Diagnostics Regional Core Lab,0xa0Ee7A142d267C1f36714E4a8F75612F20a79720,NABL-MC-4491,"Dr. Ramesh Sarin, DNB Path",Kavya Bhatia,849539,0xa4be04e5cb0b74316925ff9ed6aabdb7a8edbb6e,55,male,Dr. Rajesh Sharma,0x3c44CdDdB6a900fa2b585dd299e03d12FA4293BC,Max Super Speciality Cancer Institute,Cardiology Tests,High-Sensitivity Cardiac Troponin-I (hs-cTnI),Serum / Plasma,hs-cTnI: 1850 ng/L (Markedly Elevated Acute Myocardial Infarction),< 14 ng/L (99th Percentile Upper Reference Limit),CRITICAL_ALERT,Medium,1800,Diagnostic Laboratory Reports,Consent Verified (Active on Blockchain),AES-256-GCM,vault-transit-key-0xa4be04e5,Qm9243a2cccee468e21a310cff1b0f325bc7431cdc2ae6,Pinata Dedicated IPFS Gateway,0.0.4891024,5339,2026-09-13 11:59:23 UTC,0x92709818f394bb8be8579f85cf0ed132cd5d204fc77bf32336021a4c9347c41f,0.0001
LAB-REP-00340,ACC-LAB-001-000340,Apex Diagnostic Reference Labs,0x04Fee3FD1B338d12FFD6dBD8d66dE1e8e0BB99cB,NABL-MC-2091,"Dr. Sunita Narang, MD Path",Amit Agarwal,849540,0x2325966fa0e066702357909abe12b702f45edd63,56,female,Dr. Ananya Roy,0x9965507D1a55bcC2695C58ba16FB37d819B0A4dc,Apollo Multispecialty Hospital,Imaging / Radiology,Whole Body PET-CT Oncology Scan,18F-FDG Radiotracer DICOM,"Hypermetabolic primary lesion, SUVmax 9.2, no distant metastases","Physiological FDG biodistribution, no hypermetabolic malignancy",ABNORMAL_FINDING,High - Genomic/Oncology,18500,Diagnostic Laboratory Reports,Consent Verified (Active on Blockchain),AES-256-GCM,vault-transit-key-0x2325966f,Qm50fe14d2a602edc26fca54ff619c8a1344fbd168d070,Pinata Dedicated IPFS Gateway,0.0.4891024,5340,2026-09-13 11:59:25 UTC,0x55ff9709badab50d44b87a3a36a18178068f35daec225e41b4575b963c773c2f,0.0001
LAB-REP-00341,ACC-LAB-002-000341,Dr. Lal PathLabs Central Reference Hub,0x976EA74026E726554dB657fA54763abd0C3a0aa9,NABL-MC-1044,"Dr. Arvind Lal, FRCPath",Sneha Saxena,849541,0x43fb3c6a66c87f2c5c27f1cf161af322c79ba646,57,male,Dr. Rajesh Sharma,0x3c44CdDdB6a900fa2b585dd299e03d12FA4293BC,Apollo Multispecialty Hospital,Imaging / Radiology,High-Resolution Non-Contrast Brain CT Scan,Radiological DICOM Imaging,"Small left temporal hemorrhagic contusion, no mass effect",No acute intracranial hemorrhage or midline shift,ABNORMAL_FINDING,Medium,3200,Diagnostic Laboratory Reports,Consent Verified (Active on Blockchain),AES-256-GCM,vault-transit-key-0x43fb3c6a,Qm31315a0cfe92129d4b7deeb715710e16c0f9565a319c,Pinata Dedicated IPFS Gateway,0.0.4891024,5341,2026-09-13 11:59:27 UTC,0x1277624763b2c71aba6af612475ac6535afb2cc35a1be3cb76e273c4b6d019bd,0.0001
LAB-REP-00342,ACC-LAB-001-000342,Apex Diagnostic Reference Labs,0x04Fee3FD1B338d12FFD6dBD8d66dE1e8e0BB99cB,NABL-MC-2091,"Dr. Sunita Narang, MD Path",Priyanka Deshmukh,849542,0x5d3de0f33d373088fc55e14298c0f392893bca81,58,female,Dr. Vikram Seth,0x15d34AAf54267DB7D7c367839AAf71A00a2C6A65,Apollo Multispecialty Hospital,Pathology / Biopsy,Core Needle Biopsy Histopathology & Immunohistochemistry,Tissue Biopsy in 10% Formalin,"Infiltrating Ductal Carcinoma Grade 2, ER 85%+, PR 60%+, HER2/neu Negative",Benign / No malignancy,MALIGNANT_POSITIVE,High - Genomic/Oncology,4500,Diagnostic Laboratory Reports,Consent Verified (Active on Blockchain),AES-256-GCM,vault-transit-key-0x5d3de0f3,Qm17e01dae9bcbd0f43f819507f1bfa80b83f0f3c2587c,Pinata Dedicated IPFS Gateway,0.0.4891024,5342,2026-09-13 11:59:30 UTC,0xbcfd477e0351c22bb18b73f5ed1111408db9461e5082e0516d931b045cb656da,0.0001
LAB-REP-00343,ACC-LAB-002-000343,Dr. Lal PathLabs Central Reference Hub,0x976EA74026E726554dB657fA54763abd0C3a0aa9,NABL-MC-1044,"Dr. Arvind Lal, FRCPath",Manish Chatterjee,849543,0x1187bbcdf1e13bfba6d2ef371dd6a2fcec462997,59,male,Dr. Rohan Patel,0x976EA74026E726554dB657fA54763abd0C3a0aa9,Care & Cure Pediatric & Maternity Hospital,Imaging / Radiology,High-Resolution Non-Contrast Brain CT Scan,Radiological DICOM Imaging,"Small left temporal hemorrhagic contusion, no mass effect",No acute intracranial hemorrhage or midline shift,ABNORMAL_FINDING,Medium,3200,Diagnostic Laboratory Reports,Consent Verified (Active on Blockchain),AES-256-GCM,vault-transit-key-0x1187bbcd,Qmce0ee5f18581d5032bd0f16ee51b71a20d6c0515b9b3,Pinata Dedicated IPFS Gateway,0.0.4891024,5343,2026-09-13 11:59:32 UTC,0xaaef7a56da8030bd894852f29529ccfdd3fa01d1fa552983b5cca2a88a990669,0.0001
LAB-REP-00344,ACC-LAB-004-000344,Apollo Diagnostics Advanced Enclave,0x23618e81E3f5cdF7f54C3d65f7FBc0aBf5B21E8f,NABL-MC-5102,"Dr. Shanti Swaminathan, MD",Madhav Mukherjee,849544,0x096787916913252a63a4db355d26e90e9b6b1897,60,female,Dr. Ananya Roy,0x9965507D1a55bcC2695C58ba16FB37d819B0A4dc,Fortis Memorial Neuro & Trauma Center,Imaging / Radiology,Whole Body PET-CT Oncology Scan,18F-FDG Radiotracer DICOM,"Hypermetabolic primary lesion, SUVmax 9.2, no distant metastases","Physiological FDG biodistribution, no hypermetabolic malignancy",ABNORMAL_FINDING,High - Genomic/Oncology,18500,Diagnostic Laboratory Reports,Consent Verified (Active on Blockchain),AES-256-GCM,vault-transit-key-0x09678791,Qmf35a4942479ede1e99e72f307e0735f63ff089a0dade,Pinata Dedicated IPFS Gateway,0.0.4891024,5344,2026-09-13 11:59:34 UTC,0xa8ba081806080fddc580247526315b42a1f47a98e8289e113a299329718abe80,0.0001
LAB-REP-00345,ACC-LAB-004-000345,Apollo Diagnostics Advanced Enclave,0x23618e81E3f5cdF7f54C3d65f7FBc0aBf5B21E8f,NABL-MC-5102,"Dr. Shanti Swaminathan, MD",Sakshi Kapoor,849545,0x4c1e0fb7e91fa7d7155fda44ee7647cb0af62179,61,male,Dr. Sarah Jenkins,0x04Fee3FD1B338d12FFD6dBD8d66dE1e8e0BB99cB,Care & Cure Pediatric & Maternity Hospital,Cardiology Tests,High-Sensitivity Cardiac Troponin-I (hs-cTnI),Serum / Plasma,hs-cTnI: 1850 ng/L (Markedly Elevated Acute Myocardial Infarction),< 14 ng/L (99th Percentile Upper Reference Limit),CRITICAL_ALERT,Medium,1800,Diagnostic Laboratory Reports,Consent Verified (Active on Blockchain),AES-256-GCM,vault-transit-key-0x4c1e0fb7,Qma94ac11582ca6a6883c463454b2d68f45d5dcab1fa6a,Pinata Dedicated IPFS Gateway,0.0.4891024,5345,2026-09-13 11:59:36 UTC,0x7a6dbaa89a1d531a600d7c58e982099869127e9b2fa80827782e40b3b3c71f78,0.0001
LAB-REP-00346,ACC-LAB-003-000346,Metropolis Healthcare Molecular Laboratory,0x14dC79964da2C08b23698B3D3cc7Ca32193d9955,NABL-MC-3819,"Dr. Nilesh Shah, MD",Anand Pillai,849546,0xb67c3239cf5b1038c085ad07f14e4cc9c364b508,62,female,Dr. Vikram Seth,0x15d34AAf54267DB7D7c367839AAf71A00a2C6A65,Fortis Memorial Neuro & Trauma Center,Metabolic Panel,Comprehensive Metabolic Panel (CMP),Serum,"Na: 138 mmol/L, K: 4.1 mmol/L, Creat: 1.05 mg/dL","Na: 135-145, K: 3.5-5.0, Creatinine: 0.7-1.3 mg/dL",NORMAL,Medium,1200,Diagnostic Laboratory Reports,Consent Verified (Active on Blockchain),AES-256-GCM,vault-transit-key-0xb67c3239,Qm2fa617539d77009659f53a8e544b112f78b819f946dc,Pinata Dedicated IPFS Gateway,0.0.4891024,5346,2026-09-13 11:59:39 UTC,0x41b8c52b405891397a581ab6d26d990848b476685c275387c1f53358522e96a8,0.0001
LAB-REP-00347,ACC-LAB-005-000347,SRL Diagnostics Regional Core Lab,0xa0Ee7A142d267C1f36714E4a8F75612F20a79720,NABL-MC-4491,"Dr. Ramesh Sarin, DNB Path",Aditi Rao,849547,0xbefa2757085164c7df3b547afec25e603978fa7e,63,male,Dr. Vikram Seth,0x15d34AAf54267DB7D7c367839AAf71A00a2C6A65,Max Super Speciality Cancer Institute,Metabolic Panel,Comprehensive Metabolic Panel (CMP),Serum,"Na: 138 mmol/L, K: 4.1 mmol/L, Creat: 1.05 mg/dL","Na: 135-145, K: 3.5-5.0, Creatinine: 0.7-1.3 mg/dL",NORMAL,Medium,1200,Diagnostic Laboratory Reports,Emergency Diagnostic Upload (Pending Verification),AES-256-GCM,vault-transit-key-0xbefa2757,Qmd2d5a65c6dc1216f04fa8a3ed777bb5225807c1ec049,Pinata Dedicated IPFS Gateway,0.0.4891024,5347,2026-09-13 11:59:41 UTC,0xaddd439170e50d7f8fbb7296dca43f9d07b5a4b618ae13d58c5e1e7c53e4db0a,0.0001
LAB-REP-00348,ACC-LAB-002-000348,Dr. Lal PathLabs Central Reference Hub,0x976EA74026E726554dB657fA54763abd0C3a0aa9,NABL-MC-1044,"Dr. Arvind Lal, FRCPath",Kavya Banerjee,849548,0x7184a9dc81d901e9efdc53796dc3fccda74222c1,64,female,Dr. Rajesh Sharma,0x3c44CdDdB6a900fa2b585dd299e03d12FA4293BC,Apollo Multispecialty Hospital,Imaging / Radiology,High-Resolution Non-Contrast Brain CT Scan,Radiological DICOM Imaging,"Small left temporal hemorrhagic contusion, no mass effect",No acute intracranial hemorrhage or midline shift,ABNORMAL_FINDING,Medium,3200,Diagnostic Laboratory Reports,Consent Verified (Active on Blockchain),AES-256-GCM,vault-transit-key-0x7184a9dc,Qmd21f0261bc030ce8f9ea99d1eff10b879c896e881424,Pinata Dedicated IPFS Gateway,0.0.4891024,5348,2026-09-13 11:59:43 UTC,0xe9e186768830a6345805dd6168a375bee47e2b987d77c8e8718191219344fe2f,0.0001
LAB-REP-00349,ACC-LAB-001-000349,Apex Diagnostic Reference Labs,0x04Fee3FD1B338d12FFD6dBD8d66dE1e8e0BB99cB,NABL-MC-2091,"Dr. Sunita Narang, MD Path",Manish Chatterjee,849549,0xb8519bb2a7d38b9ec1d4d7a71aa6c9a6f35a8f43,65,male,Dr. Sarah Jenkins,0x04Fee3FD1B338d12FFD6dBD8d66dE1e8e0BB99cB,Apollo Multispecialty Hospital,Endocrinology Tests,"Thyroid Function Panel (TSH, Free T3, Free T4)",Serum,"TSH: 6.8 uIU/mL (Hypothyroid), FT4: 0.72 ng/dL (Low)","TSH: 0.45-4.5 uIU/mL, FT3: 2.0-4.4 pg/mL, FT4: 0.8-1.8 ng/dL",LOW,Low,750,Diagnostic Laboratory Reports,Consent Verified (Active on Blockchain),AES-256-GCM,vault-transit-key-0xb8519bb2,Qmd90426e35b8f7f98f22c042307ec262d9b40462374c4,Pinata Dedicated IPFS Gateway,0.0.4891024,5349,2026-09-13 11:59:46 UTC,0xd965e45e3b211a59b5b9f4eb755e71eaf30261f5a3670b2db1229057f8a466d1,0.0001
LAB-REP-00350,ACC-LAB-005-000350,SRL Diagnostics Regional Core Lab,0xa0Ee7A142d267C1f36714E4a8F75612F20a79720,NABL-MC-4491,"Dr. Ramesh Sarin, DNB Path",Anand Kapoor,849550,0xd9e75d76dded5ccb535a58d87fcb0cd5ee366d07,66,female,Dr. Sarah Jenkins,0x04Fee3FD1B338d12FFD6dBD8d66dE1e8e0BB99cB,Care & Cure Pediatric & Maternity Hospital,Blood Tests,Thrombocytopenia Platelet Monitoring,Whole Blood (EDTA),"Platelets: 42,000 /uL (Severe Low)","Platelets: 150,000 - 450,000 /uL",CRITICAL_ALERT,Low,350,Diagnostic Laboratory Reports,Consent Verified (Active on Blockchain),AES-256-GCM,vault-transit-key-0xd9e75d76,Qm825a0ad4b16461163a887651aa02298d9b6ccf186859,Pinata Dedicated IPFS Gateway,0.0.4891024,5350,2026-09-13 11:59:47 UTC,0xdb53d4d07c66b9d5dc05847ef206e9331984257b7470b8a83fa8bc08096714ea,0.0001
LAB-REP-00351,ACC-LAB-005-000351,SRL Diagnostics Regional Core Lab,0xa0Ee7A142d267C1f36714E4a8F75612F20a79720,NABL-MC-4491,"Dr. Ramesh Sarin, DNB Path",Riya Nair,849551,0x59f10adf4ff5cd3a6723ab43348d2b10d02b3c34,67,male,Dr. Rohan Patel,0x976EA74026E726554dB657fA54763abd0C3a0aa9,Fortis Memorial Neuro & Trauma Center,Blood Tests,Thrombocytopenia Platelet Monitoring,Whole Blood (EDTA),"Platelets: 42,000 /uL (Severe Low)","Platelets: 150,000 - 450,000 /uL",CRITICAL_ALERT,Low,350,Diagnostic Laboratory Reports,Consent Verified (Active on Blockchain),AES-256-GCM,vault-transit-key-0x59f10adf,Qm2ab95d22fa36f3d425ec15f34d7b1c4c73100b60d95d,Pinata Dedicated IPFS Gateway,0.0.4891024,5351,2026-09-13 11:59:50 UTC,0xf05e8378c3f214e7d0ed803306bfa43db2ae61a82dfa8af4dd1be8a8e02f7210,0.0001
LAB-REP-00352,ACC-LAB-005-000352,SRL Diagnostics Regional Core Lab,0xa0Ee7A142d267C1f36714E4a8F75612F20a79720,NABL-MC-4491,"Dr. Ramesh Sarin, DNB Path",Sneha Saxena,849552,0x5d1c65207c1cfa7b22748c1e6ad3179936900347,68,female,Dr. Rajesh Sharma,0x3c44CdDdB6a900fa2b585dd299e03d12FA4293BC,Apollo Multispecialty Hospital,Kidney Function Tests,Renal Function Profile (KFT),Serum,"BUN: 14 mg/dL, Creatinine: 0.9 mg/dL, eGFR: 92 mL/min","BUN: 7-20 mg/dL, Creatinine: 0.6-1.2 mg/dL, eGFR: >60 mL/min",NORMAL,Low,850,Diagnostic Laboratory Reports,Consent Verified (Active on Blockchain),AES-256-GCM,vault-transit-key-0x5d1c6520,Qme5f2d305e2c2f9ab4cc97540e8936cafb106bad6dc5f,Pinata Dedicated IPFS Gateway,0.0.4891024,5352,2026-09-13 11:59:52 UTC,0xf671e6796d0d8ca8f3dcdfd47eb47de7caf2a538cfd9e874e595aaa9c3be9b53,0.0001
LAB-REP-00353,ACC-LAB-002-000353,Dr. Lal PathLabs Central Reference Hub,0x976EA74026E726554dB657fA54763abd0C3a0aa9,NABL-MC-1044,"Dr. Arvind Lal, FRCPath",Lata Sharma,849553,0x56e16cae2cecd0e926dab9fc249441385e105fdb,69,male,Dr. Rohan Patel,0x976EA74026E726554dB657fA54763abd0C3a0aa9,Max Super Speciality Cancer Institute,Metabolic Panel,Comprehensive Metabolic Panel (CMP),Serum,"Na: 138 mmol/L, K: 4.1 mmol/L, Creat: 1.05 mg/dL (Borderline clinical correlation advised)","Na: 135-145, K: 3.5-5.0, Creatinine: 0.7-1.3 mg/dL",BORDERLINE,Medium,1200,Diagnostic Laboratory Reports,Consent Verified (Active on Blockchain),AES-256-GCM,vault-transit-key-0x56e16cae,Qmaac6d2f865766a68f389b0cd5a1ec3f713ab5fe9d7b5,Pinata Dedicated IPFS Gateway,0.0.4891024,5353,2026-09-13 11:59:54 UTC,0x4b4a8048857131dddc41e5a6f433f8601ef7b62786e1e004bc975281b80810d6,0.0001
LAB-REP-00354,ACC-LAB-005-000354,SRL Diagnostics Regional Core Lab,0xa0Ee7A142d267C1f36714E4a8F75612F20a79720,NABL-MC-4491,"Dr. Ramesh Sarin, DNB Path",Kiran Hegde,849554,0xaf9ea6b5efdf5641013228e003b05ed4ac311eb3,70,female,Dr. Sarah Jenkins,0x04Fee3FD1B338d12FFD6dBD8d66dE1e8e0BB99cB,Apollo Multispecialty Hospital,Liver Function Tests,Liver Function Profile (LFT),Serum,"ALT: 88 U/L (High), AST: 74 U/L (High), Total Bili: 1.8 mg/dL","ALT: 7-56 U/L, AST: 10-40 U/L, Bilirubin: 0.1-1.2 mg/dL",HIGH,Low,950,Diagnostic Laboratory Reports,Consent Verified (Active on Blockchain),AES-256-GCM,vault-transit-key-0xaf9ea6b5,Qmca90aa040298a4625c49b4a465a7aa82af487be00e05,Pinata Dedicated IPFS Gateway,0.0.4891024,5354,2026-09-13 11:59:57 UTC,0x8b56ca5fcd5fd540a81e6a5ccf86da3b6eacda3b1911299f145375387cb951db,0.0001
LAB-REP-00355,ACC-LAB-001-000355,Apex Diagnostic Reference Labs,0x04Fee3FD1B338d12FFD6dBD8d66dE1e8e0BB99cB,NABL-MC-2091,"Dr. Sunita Narang, MD Path",Rakesh Chatterjee,849555,0x12f83f652dfc4869ab73f30b3ec1e23e61b22224,71,male,Dr. Sarah Jenkins,0x04Fee3FD1B338d12FFD6dBD8d66dE1e8e0BB99cB,Care & Cure Pediatric & Maternity Hospital,Cardiology Tests,High-Sensitivity Cardiac Troponin-I (hs-cTnI),Serum / Plasma,hs-cTnI: 1850 ng/L (Markedly Elevated Acute Myocardial Infarction),< 14 ng/L (99th Percentile Upper Reference Limit),CRITICAL_ALERT,Medium,1800,Diagnostic Laboratory Reports,Consent Verified (Active on Blockchain),AES-256-GCM,vault-transit-key-0x12f83f65,Qmfd1c5dd2f1c1d035e1b31475aaf6dfc27d28c1fb0600,Pinata Dedicated IPFS Gateway,0.0.4891024,5355,2026-09-13 11:59:58 UTC,0x9645601e2e10952c42c1d63a699b2447471b005d3c245a3d8e3064b3126a8ebd,0.0001
LAB-REP-00356,ACC-LAB-001-000356,Apex Diagnostic Reference Labs,0x04Fee3FD1B338d12FFD6dBD8d66dE1e8e0BB99cB,NABL-MC-2091,"Dr. Sunita Narang, MD Path",Vikas Banerjee,849556,0xf380e318018464f7f5036953d56287d92f31cf22,72,female,Dr. Rajesh Sharma,0x3c44CdDdB6a900fa2b585dd299e03d12FA4293BC,Apollo Multispecialty Hospital,Endocrinology Tests,HbA1c Glycated Hemoglobin,Whole Blood (EDTA),HbA1c: 7.6% (Diabetic Range),"<5.7% Normal, 5.7-6.4% Prediabetes, >=6.5% Diabetes",HIGH,Low,650,Diagnostic Laboratory Reports,Emergency Diagnostic Upload (Pending Verification),AES-256-GCM,vault-transit-key-0xf380e318,Qmaecb9e1498a13b601360ba914deac1bead73a2f66d1c,Pinata Dedicated IPFS Gateway,0.0.4891024,5356,2026-09-13 12:00:01 UTC,0xe390966b1526ee0cc2c6e2bd661317b49fd74b328665e7c972a17aabfae9a9a7,0.0001
LAB-REP-00357,ACC-LAB-003-000357,Metropolis Healthcare Molecular Laboratory,0x14dC79964da2C08b23698B3D3cc7Ca32193d9955,NABL-MC-3819,"Dr. Nilesh Shah, MD",Ananya Swaminathan,849557,0x72146da53ca3fab1e0c329e91048a0f987b17584,73,male,Dr. Preeti Deshmukh,0x23618e81E3f5cdF7f54C3d65f7FBc0aBf5B21E8f,Apollo Multispecialty Hospital,Blood Tests,Complete Blood Count (CBC),Whole Blood (EDTA),"Hb: 13.5 g/dL, WBC: 7200 /uL, Platelets: 2.4 Lakhs/uL","Hb: 12-16 g/dL, WBC: 4000-11000 /uL, Platelets: 1.5-4.5 Lakhs/uL",NORMAL,Low,450,Diagnostic Laboratory Reports,Consent Verified (Active on Blockchain),AES-256-GCM,vault-transit-key-0x72146da5,Qmea2d948cf73e62bf56e2266bd046149e3f0f80356ecb,Pinata Dedicated IPFS Gateway,0.0.4891024,5357,2026-09-13 12:00:03 UTC,0xa8f40978d811d196e084c232e465b2f98443d2aae05a5fd9cc18af0dc34be796,0.0001
LAB-REP-00358,ACC-LAB-004-000358,Apollo Diagnostics Advanced Enclave,0x23618e81E3f5cdF7f54C3d65f7FBc0aBf5B21E8f,NABL-MC-5102,"Dr. Shanti Swaminathan, MD",Tanvi Ghosh,849558,0xe6d708c7a93027b9f5e504d5cec543b9b17e96bc,74,female,Dr. Rajesh Sharma,0x3c44CdDdB6a900fa2b585dd299e03d12FA4293BC,Fortis Memorial Neuro & Trauma Center,Liver Function Tests,Liver Function Profile (LFT),Serum,"ALT: 88 U/L (High), AST: 74 U/L (High), Total Bili: 1.8 mg/dL","ALT: 7-56 U/L, AST: 10-40 U/L, Bilirubin: 0.1-1.2 mg/dL",HIGH,Low,950,Diagnostic Laboratory Reports,Consent Verified (Active on Blockchain),AES-256-GCM,vault-transit-key-0xe6d708c7,Qm34cf4a3afbd22e6be16ba6b7ea53dcc9c66cbee16b82,Pinata Dedicated IPFS Gateway,0.0.4891024,5358,2026-09-13 12:00:05 UTC,0x5527aad928a34b61f89e21b7a63b167eef219b25fa42bf0aeb2e5fd7f61392d1,0.0001
LAB-REP-00359,ACC-LAB-004-000359,Apollo Diagnostics Advanced Enclave,0x23618e81E3f5cdF7f54C3d65f7FBc0aBf5B21E8f,NABL-MC-5102,"Dr. Shanti Swaminathan, MD",Ishaan Mukherjee,849559,0x8599cf0c4936df04cf7ddf27642c2bf065f42474,75,male,Dr. Rajesh Sharma,0x3c44CdDdB6a900fa2b585dd299e03d12FA4293BC,Apex Diagnostic & Pathology Hub,Liver Function Tests,Liver Function Profile (LFT),Serum,"ALT: 88 U/L (High), AST: 74 U/L (High), Total Bili: 1.8 mg/dL","ALT: 7-56 U/L, AST: 10-40 U/L, Bilirubin: 0.1-1.2 mg/dL",HIGH,Low,950,Diagnostic Laboratory Reports,Consent Verified (Active on Blockchain),AES-256-GCM,vault-transit-key-0x8599cf0c,Qm45cf656be3adf8f41c2f40c18d1d5bdd2c730324e34e,Pinata Dedicated IPFS Gateway,0.0.4891024,5359,2026-09-13 12:00:08 UTC,0x1a3f068ba7f121097d0af7eacc311ccc9e57e3515180877751d170469d78471b,0.0001
LAB-REP-00360,ACC-LAB-005-000360,SRL Diagnostics Regional Core Lab,0xa0Ee7A142d267C1f36714E4a8F75612F20a79720,NABL-MC-4491,"Dr. Ramesh Sarin, DNB Path",Priyanka Malhotra,849560,0x3d43d00241dff531d24d2bf9fd5931409a446795,76,female,Dr. Sarah Jenkins,0x04Fee3FD1B338d12FFD6dBD8d66dE1e8e0BB99cB,Apex Diagnostic & Pathology Hub,Lipid Profile,Comprehensive Lipid Panel,Serum (Fasting 12h),"Total Chol: 235 mg/dL (High), LDL: 155 mg/dL, TG: 180 mg/dL","Chol: <200 mg/dL, HDL: >40 mg/dL, LDL: <100 mg/dL, TG: <150 mg/dL",HIGH,Low,850,Diagnostic Laboratory Reports,Emergency Diagnostic Upload (Pending Verification),AES-256-GCM,vault-transit-key-0x3d43d002,Qmfe0d168c233642a7cf9439871e69cdd698690042066c,Pinata Dedicated IPFS Gateway,0.0.4891024,5360,2026-09-13 12:00:10 UTC,0x4aa43f578739d41bc09e9a0dcc8963724881359c53a9b1f67f9e5dc59328ee77,0.0001
LAB-REP-00361,ACC-LAB-003-000361,Metropolis Healthcare Molecular Laboratory,0x14dC79964da2C08b23698B3D3cc7Ca32193d9955,NABL-MC-3819,"Dr. Nilesh Shah, MD",Sneha Gowda,849561,0xdb1eaf3593d578a69ce69342c2f730d0dba3ccfa,77,male,Dr. Vikram Seth,0x15d34AAf54267DB7D7c367839AAf71A00a2C6A65,Apollo Multispecialty Hospital,Metabolic Panel,Comprehensive Metabolic Panel (CMP),Serum,"Na: 138 mmol/L, K: 4.1 mmol/L, Creat: 1.05 mg/dL","Na: 135-145, K: 3.5-5.0, Creatinine: 0.7-1.3 mg/dL",NORMAL,Medium,1200,Diagnostic Laboratory Reports,Consent Verified (Active on Blockchain),AES-256-GCM,vault-transit-key-0xdb1eaf35,Qm7f19d44cf5e599b1a8d853fc44abd3b5d14d95b47bc2,Pinata Dedicated IPFS Gateway,0.0.4891024,5361,2026-09-13 12:00:12 UTC,0x376c3e2e0df0b209ed4323ad5154eccb5e500012524e5e3c20b9d0d780832933,0.0001
LAB-REP-00362,ACC-LAB-001-000362,Apex Diagnostic Reference Labs,0x04Fee3FD1B338d12FFD6dBD8d66dE1e8e0BB99cB,NABL-MC-2091,"Dr. Sunita Narang, MD Path",Harish Mehta,849562,0x78d1625dc6a2c7805ccbeff59c6aab1e3152157e,78,female,Dr. Preeti Deshmukh,0x23618e81E3f5cdF7f54C3d65f7FBc0aBf5B21E8f,Apex Diagnostic & Pathology Hub,Lipid Profile,Comprehensive Lipid Panel,Serum (Fasting 12h),"Total Chol: 235 mg/dL (High), LDL: 155 mg/dL, TG: 180 mg/dL","Chol: <200 mg/dL, HDL: >40 mg/dL, LDL: <100 mg/dL, TG: <150 mg/dL",HIGH,Low,850,Diagnostic Laboratory Reports,Consent Verified (Active on Blockchain),AES-256-GCM,vault-transit-key-0x78d1625d,Qma174b234b8870df1a364a03ecc14b1d123931e4a234a,Pinata Dedicated IPFS Gateway,0.0.4891024,5362,2026-09-13 12:00:14 UTC,0x4e2b29561a37116ac3c1eee23a933460a77bad00bcfdb61ab3f31c6b9ff03da4,0.0001
LAB-REP-00363,ACC-LAB-002-000363,Dr. Lal PathLabs Central Reference Hub,0x976EA74026E726554dB657fA54763abd0C3a0aa9,NABL-MC-1044,"Dr. Arvind Lal, FRCPath",Kavya Banerjee,849563,0x55a4f450d936bf796581408272195b7ea43afc0f,79,male,Dr. Sunita Narang,0xBcd4042DE499D14e55001CcbB24a551F3b954096,Care & Cure Pediatric & Maternity Hospital,Metabolic Panel,Comprehensive Metabolic Panel (CMP),Serum,"Na: 138 mmol/L, K: 4.1 mmol/L, Creat: 1.05 mg/dL","Na: 135-145, K: 3.5-5.0, Creatinine: 0.7-1.3 mg/dL",NORMAL,Medium,1200,Diagnostic Laboratory Reports,Consent Verified (Active on Blockchain),AES-256-GCM,vault-transit-key-0x55a4f450,Qm6f810b0d488171705af67d310a3f1bef522e91af2467,Pinata Dedicated IPFS Gateway,0.0.4891024,5363,2026-09-13 12:00:17 UTC,0x0614b255fca8cb42bd429f86474e2300d55edc3f8adcc37586266542641ecee2,0.0001
LAB-REP-00364,ACC-LAB-004-000364,Apollo Diagnostics Advanced Enclave,0x23618e81E3f5cdF7f54C3d65f7FBc0aBf5B21E8f,NABL-MC-5102,"Dr. Shanti Swaminathan, MD",Ishaan Ghosh,849564,0x9c07554c328860f0ef5051509cf3a6048ecf93e5,80,female,Dr. Rajesh Sharma,0x3c44CdDdB6a900fa2b585dd299e03d12FA4293BC,Fortis Memorial Neuro & Trauma Center,Pathology / Biopsy,Core Needle Biopsy Histopathology & Immunohistochemistry,Tissue Biopsy in 10% Formalin,"Infiltrating Ductal Carcinoma Grade 2, ER 85%+, PR 60%+, HER2/neu Negative",Benign / No malignancy,MALIGNANT_POSITIVE,High - Genomic/Oncology,4500,Diagnostic Laboratory Reports,Consent Verified (Active on Blockchain),AES-256-GCM,vault-transit-key-0x9c07554c,Qm03aabe87a36beda10e51be5f12c7d40543ed4672ed02,Pinata Dedicated IPFS Gateway,0.0.4891024,5364,2026-09-13 12:00:19 UTC,0x7e2971d2439a7a430c944ae51cdf48367661a49db9daf5e76834d19372391ada,0.0001
LAB-REP-00365,ACC-LAB-004-000365,Apollo Diagnostics Advanced Enclave,0x23618e81E3f5cdF7f54C3d65f7FBc0aBf5B21E8f,NABL-MC-5102,"Dr. Shanti Swaminathan, MD",Kiran Ghosh,849565,0x684e903f96bdb1afae0161753fe12fe86581f578,81,male,Dr. Sarah Jenkins,0x04Fee3FD1B338d12FFD6dBD8d66dE1e8e0BB99cB,Max Super Speciality Cancer Institute,Endocrinology Tests,HbA1c Glycated Hemoglobin,Whole Blood (EDTA),HbA1c: 7.6% (Diabetic Range),"<5.7% Normal, 5.7-6.4% Prediabetes, >=6.5% Diabetes",HIGH,Low,650,Diagnostic Laboratory Reports,Consent Verified (Active on Blockchain),AES-256-GCM,vault-transit-key-0x684e903f,Qm7c29e5fa0c4b66076b66a76a17e1ef22a1266709fdcc,Pinata Dedicated IPFS Gateway,0.0.4891024,5365,2026-09-13 12:00:21 UTC,0x3fc9b2b0e63045855281e87a981df60b6a2a5d2df4846a8f88c9d25db4cd4990,0.0001
LAB-REP-00366,ACC-LAB-003-000366,Metropolis Healthcare Molecular Laboratory,0x14dC79964da2C08b23698B3D3cc7Ca32193d9955,NABL-MC-3819,"Dr. Nilesh Shah, MD",Sneha Kulkarni,849566,0xfa0d6c26bc4307f87936e7bbe6c0c1c3ea478994,82,female,Dr. Sunita Narang,0xBcd4042DE499D14e55001CcbB24a551F3b954096,Max Super Speciality Cancer Institute,Endocrinology Tests,"Thyroid Function Panel (TSH, Free T3, Free T4)",Serum,"TSH: 6.8 uIU/mL (Hypothyroid), FT4: 0.72 ng/dL (Low)","TSH: 0.45-4.5 uIU/mL, FT3: 2.0-4.4 pg/mL, FT4: 0.8-1.8 ng/dL",LOW,Low,750,Diagnostic Laboratory Reports,Emergency Diagnostic Upload (Pending Verification),AES-256-GCM,vault-transit-key-0xfa0d6c26,Qm5ef8157320c4f82983c60486086e0df1e7ecd6c6415d,Pinata Dedicated IPFS Gateway,0.0.4891024,5366,2026-09-13 12:00:24 UTC,0x1beda964a22a48859b080702582d319ab77d1ec05b97fda0b3cdce03302bd3b4,0.0001
LAB-REP-00367,ACC-LAB-002-000367,Dr. Lal PathLabs Central Reference Hub,0x976EA74026E726554dB657fA54763abd0C3a0aa9,NABL-MC-1044,"Dr. Arvind Lal, FRCPath",Rohan Bhatia,849567,0xf95f1fa179e315144b4ff2120dd692e1890adef9,83,male,Dr. Rohan Patel,0x976EA74026E726554dB657fA54763abd0C3a0aa9,Care & Cure Pediatric & Maternity Hospital,Liver Function Tests,Liver Function Profile (LFT),Serum,"ALT: 88 U/L (High), AST: 74 U/L (High), Total Bili: 1.8 mg/dL","ALT: 7-56 U/L, AST: 10-40 U/L, Bilirubin: 0.1-1.2 mg/dL",HIGH,Low,950,Diagnostic Laboratory Reports,Consent Verified (Active on Blockchain),AES-256-GCM,vault-transit-key-0xf95f1fa1,Qm52e9af5556b6da2e9d2561052c7192acbdcba2eac22b,Pinata Dedicated IPFS Gateway,0.0.4891024,5367,2026-09-13 12:00:26 UTC,0xb775ecaefa2bbc89717aba0887967c8a1f43986ee7d253ee712a2b5c8001774d,0.0001
LAB-REP-00368,ACC-LAB-001-000368,Apex Diagnostic Reference Labs,0x04Fee3FD1B338d12FFD6dBD8d66dE1e8e0BB99cB,NABL-MC-2091,"Dr. Sunita Narang, MD Path",Lata Bhatia,849568,0x3db5db341400718b52edb8e8e3695a76631ace68,84,female,Dr. Ananya Roy,0x9965507D1a55bcC2695C58ba16FB37d819B0A4dc,Apollo Multispecialty Hospital,Cardiology Tests,High-Sensitivity Cardiac Troponin-I (hs-cTnI),Serum / Plasma,hs-cTnI: 1850 ng/L (Markedly Elevated Acute Myocardial Infarction),< 14 ng/L (99th Percentile Upper Reference Limit),CRITICAL_ALERT,Medium,1800,Diagnostic Laboratory Reports,Emergency Diagnostic Upload (Pending Verification),AES-256-GCM,vault-transit-key-0x3db5db34,Qm1accb746596fd2df5b62beb4de6aaad6a966b4c60543,Pinata Dedicated IPFS Gateway,0.0.4891024,5368,2026-09-13 12:00:28 UTC,0x840bc71152bf15659306ce076180b5e8024148f88a0c1b76dbae5fa8f7b7054c,0.0001
LAB-REP-00369,ACC-LAB-001-000369,Apex Diagnostic Reference Labs,0x04Fee3FD1B338d12FFD6dBD8d66dE1e8e0BB99cB,NABL-MC-2091,"Dr. Sunita Narang, MD Path",Rohan Ghosh,849569,0x378eb39d28c998cdcc3ec66019f6ea99099ef444,85,male,Dr. Ananya Roy,0x9965507D1a55bcC2695C58ba16FB37d819B0A4dc,Care & Cure Pediatric & Maternity Hospital,Kidney Function Tests,Renal Function Profile (KFT),Serum,"BUN: 14 mg/dL, Creatinine: 0.9 mg/dL, eGFR: 92 mL/min","BUN: 7-20 mg/dL, Creatinine: 0.6-1.2 mg/dL, eGFR: >60 mL/min",NORMAL,Low,850,Diagnostic Laboratory Reports,Consent Verified (Active on Blockchain),AES-256-GCM,vault-transit-key-0x378eb39d,Qmdd850be2328a3ce1d3a911cc1a29747cff12c396d185,Pinata Dedicated IPFS Gateway,0.0.4891024,5369,2026-09-13 12:00:30 UTC,0x53905e4d520490f4dde002282339ff1b5b9839125b81f992fdf7b640bbc1c5b4,0.0001
LAB-REP-00370,ACC-LAB-005-000370,SRL Diagnostics Regional Core Lab,0xa0Ee7A142d267C1f36714E4a8F75612F20a79720,NABL-MC-4491,"Dr. Ramesh Sarin, DNB Path",Meera Verma,849570,0x5996eb74c03d420ebba37f84d24932441887d16a,86,female,Dr. Sarah Jenkins,0x04Fee3FD1B338d12FFD6dBD8d66dE1e8e0BB99cB,Apollo Multispecialty Hospital,Microbiology Tests,Dengue Duo NS1 Ag + IgM/IgG Antibody ELISA,Serum,"Dengue NS1 Antigen: POSITIVE, IgM: Reactive",Non-Reactive / Negative,POSITIVE_ABNORMAL,Medium,1400,Diagnostic Laboratory Reports,Emergency Diagnostic Upload (Pending Verification),AES-256-GCM,vault-transit-key-0x5996eb74,Qme5d82abebf68d3c69ea4344eb4ac4f0a6945119308eb,Pinata Dedicated IPFS Gateway,0.0.4891024,5370,2026-09-13 12:00:32 UTC,0xe89502898f35b1248937c3c3895a62963764c3335c410fc725c1153959d98fc2,0.0001
LAB-REP-00371,ACC-LAB-002-000371,Dr. Lal PathLabs Central Reference Hub,0x976EA74026E726554dB657fA54763abd0C3a0aa9,NABL-MC-1044,"Dr. Arvind Lal, FRCPath",Madhav Verma,849571,0x3402763112b3910f39205bb0b125ecffe276f5d9,87,male,Dr. Rajesh Sharma,0x3c44CdDdB6a900fa2b585dd299e03d12FA4293BC,Apollo Multispecialty Hospital,Kidney Function Tests,Renal Function Profile (KFT),Serum,"BUN: 14 mg/dL, Creatinine: 0.9 mg/dL, eGFR: 92 mL/min","BUN: 7-20 mg/dL, Creatinine: 0.6-1.2 mg/dL, eGFR: >60 mL/min",NORMAL,Low,850,Diagnostic Laboratory Reports,Emergency Diagnostic Upload (Pending Verification),AES-256-GCM,vault-transit-key-0x34027631,Qm2fad5357cb09a3e0265d2203ce7510aba505be04f8c6,Pinata Dedicated IPFS Gateway,0.0.4891024,5371,2026-09-13 12:00:35 UTC,0x29a5eb21cc789d1d82778d81649072c759b521d41e9cc85c8be46460612b5cc9,0.0001
LAB-REP-00372,ACC-LAB-001-000372,Apex Diagnostic Reference Labs,0x04Fee3FD1B338d12FFD6dBD8d66dE1e8e0BB99cB,NABL-MC-2091,"Dr. Sunita Narang, MD Path",Priyanka Agarwal,849572,0xd691d634f908fc25c64793026753496dfedf2fad,88,female,Dr. Vikram Seth,0x15d34AAf54267DB7D7c367839AAf71A00a2C6A65,Fortis Memorial Neuro & Trauma Center,Cardiology Tests,High-Sensitivity Cardiac Troponin-I (hs-cTnI),Serum / Plasma,hs-cTnI: 1850 ng/L (Markedly Elevated Acute Myocardial Infarction),< 14 ng/L (99th Percentile Upper Reference Limit),CRITICAL_ALERT,Medium,1800,Diagnostic Laboratory Reports,Consent Verified (Active on Blockchain),AES-256-GCM,vault-transit-key-0xd691d634,Qmb7fbabb1ade5f8cc1ce45571f03e41d8152203a1f11d,Pinata Dedicated IPFS Gateway,0.0.4891024,5372,2026-09-13 12:00:37 UTC,0xcc6434e9c90dee8debff4d8c421ae075cc03aa9726269403347a9d67bfc803df,0.0001
LAB-REP-00373,ACC-LAB-002-000373,Dr. Lal PathLabs Central Reference Hub,0x976EA74026E726554dB657fA54763abd0C3a0aa9,NABL-MC-1044,"Dr. Arvind Lal, FRCPath",Lata Rao,849573,0x3b1021d2d75f170392a21d7e5824db01eb251d2d,89,male,Dr. Rajesh Sharma,0x3c44CdDdB6a900fa2b585dd299e03d12FA4293BC,Fortis Memorial Neuro & Trauma Center,Lipid Profile,Comprehensive Lipid Panel,Serum (Fasting 12h),"Total Chol: 235 mg/dL (High), LDL: 155 mg/dL, TG: 180 mg/dL","Chol: <200 mg/dL, HDL: >40 mg/dL, LDL: <100 mg/dL, TG: <150 mg/dL",HIGH,Low,850,Diagnostic Laboratory Reports,Consent Verified (Active on Blockchain),AES-256-GCM,vault-transit-key-0x3b1021d2,Qm8d6741bef005efee38fbf31a8d7561964c631fbd9554,Pinata Dedicated IPFS Gateway,0.0.4891024,5373,2026-09-13 12:00:39 UTC,0xca8882c96625330dc1dc5758b3a1db0cfddba2b02dd421c1849c5289766a0889,0.0001
LAB-REP-00374,ACC-LAB-002-000374,Dr. Lal PathLabs Central Reference Hub,0x976EA74026E726554dB657fA54763abd0C3a0aa9,NABL-MC-1044,"Dr. Arvind Lal, FRCPath",Aarav Nair,849574,0x8e96657b706f6a8111389dfbfe557d2bee8dc221,90,female,Dr. Vikram Seth,0x15d34AAf54267DB7D7c367839AAf71A00a2C6A65,Apollo Multispecialty Hospital,Blood Tests,Complete Blood Count (CBC),Whole Blood (EDTA),"Hb: 13.5 g/dL, WBC: 7200 /uL, Platelets: 2.4 Lakhs/uL","Hb: 12-16 g/dL, WBC: 4000-11000 /uL, Platelets: 1.5-4.5 Lakhs/uL",NORMAL,Low,450,Diagnostic Laboratory Reports,Consent Verified (Active on Blockchain),AES-256-GCM,vault-transit-key-0x8e96657b,Qm8a3153d4838058228bd7907ad3b391a78cab69dcc4ea,Pinata Dedicated IPFS Gateway,0.0.4891024,5374,2026-09-13 12:00:42 UTC,0x0c62d228e8997198605cf683ee2f56fcfa44d008b7a560b23636021e2dfce284,0.0001
LAB-REP-00375,ACC-LAB-001-000375,Apex Diagnostic Reference Labs,0x04Fee3FD1B338d12FFD6dBD8d66dE1e8e0BB99cB,NABL-MC-2091,"Dr. Sunita Narang, MD Path",Sameer Bhatia,849575,0x558716df1a543cbac50b53c2e79ecae6348f1296,16,male,Dr. Sarah Jenkins,0x04Fee3FD1B338d12FFD6dBD8d66dE1e8e0BB99cB,Apex Diagnostic & Pathology Hub,Imaging / Radiology,High-Resolution Non-Contrast Brain CT Scan,Radiological DICOM Imaging,"Small left temporal hemorrhagic contusion, no mass effect",No acute intracranial hemorrhage or midline shift,ABNORMAL_FINDING,Medium,3200,Diagnostic Laboratory Reports,Consent Verified (Active on Blockchain),AES-256-GCM,vault-transit-key-0x558716df,Qmfdb76fbf41cf01307a374c52075bed45530c5c110a33,Pinata Dedicated IPFS Gateway,0.0.4891024,5375,2026-09-13 12:00:44 UTC,0x6a502955ecbf543600bbce9ca952bd0183d2a248ac998642267dd718a5e4316d,0.0001
LAB-REP-00376,ACC-LAB-001-000376,Apex Diagnostic Reference Labs,0x04Fee3FD1B338d12FFD6dBD8d66dE1e8e0BB99cB,NABL-MC-2091,"Dr. Sunita Narang, MD Path",Riya Mehta,849576,0x9fce5a12ef6d765209e11c12280ac94638462446,17,female,Dr. Rajesh Sharma,0x3c44CdDdB6a900fa2b585dd299e03d12FA4293BC,Care & Cure Pediatric & Maternity Hospital,Microbiology Tests,Dengue Duo NS1 Ag + IgM/IgG Antibody ELISA,Serum,"Dengue NS1 Antigen: POSITIVE, IgM: Reactive",Non-Reactive / Negative,POSITIVE_ABNORMAL,Medium,1400,Diagnostic Laboratory Reports,Consent Verified (Active on Blockchain),AES-256-GCM,vault-transit-key-0x9fce5a12,Qm42397093f6211772abba22d528f7db56c38114589460,Pinata Dedicated IPFS Gateway,0.0.4891024,5376,2026-09-13 12:00:46 UTC,0xf37cf715d097ffa390f418afe1ad3b6ce8d05a050ad41f8ecc2767e10212afcf,0.0001
LAB-REP-00377,ACC-LAB-002-000377,Dr. Lal PathLabs Central Reference Hub,0x976EA74026E726554dB657fA54763abd0C3a0aa9,NABL-MC-1044,"Dr. Arvind Lal, FRCPath",Harish Choudhury,849577,0xa417975e3627de1d57894f92351bcf15588ff8ca,18,male,Dr. Rohan Patel,0x976EA74026E726554dB657fA54763abd0C3a0aa9,Max Super Speciality Cancer Institute,Imaging / Radiology,Whole Body PET-CT Oncology Scan,18F-FDG Radiotracer DICOM,"Hypermetabolic primary lesion, SUVmax 9.2, no distant metastases","Physiological FDG biodistribution, no hypermetabolic malignancy",ABNORMAL_FINDING,High - Genomic/Oncology,18500,Diagnostic Laboratory Reports,Consent Verified (Active on Blockchain),AES-256-GCM,vault-transit-key-0xa417975e,Qm267dc698ba2245abeecde0516995dbf2c51d1d611f3a,Pinata Dedicated IPFS Gateway,0.0.4891024,5377,2026-09-13 12:00:48 UTC,0x811b841470d6ffb8b0ae86036d5244d8f88415af712616b2d24e75201c7a2b92,0.0001
LAB-REP-00378,ACC-LAB-002-000378,Dr. Lal PathLabs Central Reference Hub,0x976EA74026E726554dB657fA54763abd0C3a0aa9,NABL-MC-1044,"Dr. Arvind Lal, FRCPath",Meera Choudhury,849578,0xdbe00220e131cca422a0d182e78f6c0cdf6e9496,19,female,Dr. Ananya Roy,0x9965507D1a55bcC2695C58ba16FB37d819B0A4dc,Max Super Speciality Cancer Institute,Microbiology Tests,Dengue Duo NS1 Ag + IgM/IgG Antibody ELISA,Serum,"Dengue NS1 Antigen: POSITIVE, IgM: Reactive",Non-Reactive / Negative,POSITIVE_ABNORMAL,Medium,1400,Diagnostic Laboratory Reports,Consent Verified (Active on Blockchain),AES-256-GCM,vault-transit-key-0xdbe00220,Qm01991f52c87c3b95ebfbe8684eafc0a4e1bd8e86da4c,Pinata Dedicated IPFS Gateway,0.0.4891024,5378,2026-09-13 12:00:50 UTC,0xe70e9f54502fe9b164a391ecac58b763fe46c730dc0533c4e0aa8730681f6ccf,0.0001
LAB-REP-00379,ACC-LAB-003-000379,Metropolis Healthcare Molecular Laboratory,0x14dC79964da2C08b23698B3D3cc7Ca32193d9955,NABL-MC-3819,"Dr. Nilesh Shah, MD",Geeta Sharma,849579,0x0e0b737dc4b285c8cc03c14cc3582e32ad40bce5,20,male,Dr. Rohan Patel,0x976EA74026E726554dB657fA54763abd0C3a0aa9,Apex Diagnostic & Pathology Hub,Pathology / Biopsy,Core Needle Biopsy Histopathology & Immunohistochemistry,Tissue Biopsy in 10% Formalin,"Infiltrating Ductal Carcinoma Grade 2, ER 85%+, PR 60%+, HER2/neu Negative",Benign / No malignancy,MALIGNANT_POSITIVE,High - Genomic/Oncology,4500,Diagnostic Laboratory Reports,Consent Verified (Active on Blockchain),AES-256-GCM,vault-transit-key-0x0e0b737d,Qm6c295bada5e278a64bb7232546bd3ef0ce15a5f2e38d,Pinata Dedicated IPFS Gateway,0.0.4891024,5379,2026-09-13 12:00:52 UTC,0xae63a544ee37bb5551a57ce2bf6f6edff43df1702841ef2be333fd24b19830f6,0.0001
LAB-REP-00380,ACC-LAB-003-000380,Metropolis Healthcare Molecular Laboratory,0x14dC79964da2C08b23698B3D3cc7Ca32193d9955,NABL-MC-3819,"Dr. Nilesh Shah, MD",Rakesh Gowda,849580,0x70e354411d35dfe3f56a2ccd7500ffdd622397e9,21,female,Dr. Sarah Jenkins,0x04Fee3FD1B338d12FFD6dBD8d66dE1e8e0BB99cB,Max Super Speciality Cancer Institute,Microbiology Tests,Dengue Duo NS1 Ag + IgM/IgG Antibody ELISA,Serum,"Dengue NS1 Antigen: POSITIVE, IgM: Reactive",Non-Reactive / Negative,POSITIVE_ABNORMAL,Medium,1400,Diagnostic Laboratory Reports,Consent Verified (Active on Blockchain),AES-256-GCM,vault-transit-key-0x70e35441,Qm9d939bda6b5b669a215452ff38f37fb19915f07235d6,Pinata Dedicated IPFS Gateway,0.0.4891024,5380,2026-09-13 12:00:55 UTC,0x8495d07425defd1a9f498328f4f248abc25cb5168b5381801890c6fa0b5ce3d5,0.0001
LAB-REP-00381,ACC-LAB-005-000381,SRL Diagnostics Regional Core Lab,0xa0Ee7A142d267C1f36714E4a8F75612F20a79720,NABL-MC-4491,"Dr. Ramesh Sarin, DNB Path",Sameer Gowda,849581,0x7285468b38ff8962d312e054c0e744f8d5319990,22,male,Dr. Ananya Roy,0x9965507D1a55bcC2695C58ba16FB37d819B0A4dc,Fortis Memorial Neuro & Trauma Center,Microbiology Tests,Dengue Duo NS1 Ag + IgM/IgG Antibody ELISA,Serum,"Dengue NS1 Antigen: POSITIVE, IgM: Reactive",Non-Reactive / Negative,POSITIVE_ABNORMAL,Medium,1400,Diagnostic Laboratory Reports,Consent Verified (Active on Blockchain),AES-256-GCM,vault-transit-key-0x7285468b,Qmfea089a04ac1c872d9a4a8b4d049d8d19c573864186c,Pinata Dedicated IPFS Gateway,0.0.4891024,5381,2026-09-13 12:00:57 UTC,0x032b3cd2cc7a1705f585c216b7210fa8fda2101c595705dbdf006400a7bf2d34,0.0001
LAB-REP-00382,ACC-LAB-002-000382,Dr. Lal PathLabs Central Reference Hub,0x976EA74026E726554dB657fA54763abd0C3a0aa9,NABL-MC-1044,"Dr. Arvind Lal, FRCPath",Arjun Reddy,849582,0x274ec2b8735fdfc24feae5aee66b6a467b82e488,23,female,Dr. Rajesh Sharma,0x3c44CdDdB6a900fa2b585dd299e03d12FA4293BC,Care & Cure Pediatric & Maternity Hospital,Endocrinology Tests,HbA1c Glycated Hemoglobin,Whole Blood (EDTA),HbA1c: 7.6% (Diabetic Range),"<5.7% Normal, 5.7-6.4% Prediabetes, >=6.5% Diabetes",HIGH,Low,650,Diagnostic Laboratory Reports,Consent Verified (Active on Blockchain),AES-256-GCM,vault-transit-key-0x274ec2b8,Qm42e82ad3d1510843a6d2714cb409d636fa8f4f00dd2b,Pinata Dedicated IPFS Gateway,0.0.4891024,5382,2026-09-13 12:01:00 UTC,0x29dbf57995dbc8c209f7a1b4525da2e91824fd28f7255670c5428a4fea206714,0.0001
LAB-REP-00383,ACC-LAB-005-000383,SRL Diagnostics Regional Core Lab,0xa0Ee7A142d267C1f36714E4a8F75612F20a79720,NABL-MC-4491,"Dr. Ramesh Sarin, DNB Path",Yashwanth Choudhury,849583,0xff15ed2a4ef48dca5f84a7a89b82893fec60c576,24,male,Dr. Vikram Seth,0x15d34AAf54267DB7D7c367839AAf71A00a2C6A65,Fortis Memorial Neuro & Trauma Center,Metabolic Panel,Comprehensive Metabolic Panel (CMP),Serum,"Na: 138 mmol/L, K: 4.1 mmol/L, Creat: 1.05 mg/dL (Borderline clinical correlation advised)","Na: 135-145, K: 3.5-5.0, Creatinine: 0.7-1.3 mg/dL",BORDERLINE,Medium,1200,Diagnostic Laboratory Reports,Consent Verified (Active on Blockchain),AES-256-GCM,vault-transit-key-0xff15ed2a,Qm128b296cc4e50c45acce38087699c799ff8e047ac4b6,Pinata Dedicated IPFS Gateway,0.0.4891024,5383,2026-09-13 12:01:02 UTC,0xec04d217715b14e2782c3763a8a28c19135cd714b79c777e3841c6ce3f37a20c,0.0001
LAB-REP-00384,ACC-LAB-003-000384,Metropolis Healthcare Molecular Laboratory,0x14dC79964da2C08b23698B3D3cc7Ca32193d9955,NABL-MC-3819,"Dr. Nilesh Shah, MD",Madhav Gowda,849584,0xfa8743a85596b9e24a08250e8fa149bbac766da6,25,female,Dr. Preeti Deshmukh,0x23618e81E3f5cdF7f54C3d65f7FBc0aBf5B21E8f,Apollo Multispecialty Hospital,Microbiology Tests,Dengue Duo NS1 Ag + IgM/IgG Antibody ELISA,Serum,"Dengue NS1 Antigen: POSITIVE, IgM: Reactive",Non-Reactive / Negative,POSITIVE_ABNORMAL,Medium,1400,Diagnostic Laboratory Reports,Consent Verified (Active on Blockchain),AES-256-GCM,vault-transit-key-0xfa8743a8,Qmb5fd2546ed13fa3de0ebffafeda38dd94b58eb32d0db,Pinata Dedicated IPFS Gateway,0.0.4891024,5384,2026-09-13 12:01:04 UTC,0x5a1a3f9f805028be89277a4ef1e2541659f397d6004b7f4aa3d20d6975a51061,0.0001
LAB-REP-00385,ACC-LAB-001-000385,Apex Diagnostic Reference Labs,0x04Fee3FD1B338d12FFD6dBD8d66dE1e8e0BB99cB,NABL-MC-2091,"Dr. Sunita Narang, MD Path",Sameer Agarwal,849585,0x3128593ccea0172aa5a5c58d3e4905e75a8dd385,26,male,Dr. Rohan Patel,0x976EA74026E726554dB657fA54763abd0C3a0aa9,Max Super Speciality Cancer Institute,Metabolic Panel,Comprehensive Metabolic Panel (CMP),Serum,"Na: 138 mmol/L, K: 4.1 mmol/L, Creat: 1.05 mg/dL","Na: 135-145, K: 3.5-5.0, Creatinine: 0.7-1.3 mg/dL",NORMAL,Medium,1200,Diagnostic Laboratory Reports,Consent Verified (Active on Blockchain),AES-256-GCM,vault-transit-key-0x3128593c,Qmca24baa62d126b9e6dd55ddf63a399d1da9e6cd3cda3,Pinata Dedicated IPFS Gateway,0.0.4891024,5385,2026-09-13 12:01:06 UTC,0x4434095cced00e23f90590a9014a732562435816427aec4bedc80744b1442021,0.0001
LAB-REP-00386,ACC-LAB-003-000386,Metropolis Healthcare Molecular Laboratory,0x14dC79964da2C08b23698B3D3cc7Ca32193d9955,NABL-MC-3819,"Dr. Nilesh Shah, MD",Gautam Chatterjee,849586,0xccd62857302bf472e98cdcd10cbd42113690025e,27,female,Dr. Rajesh Sharma,0x3c44CdDdB6a900fa2b585dd299e03d12FA4293BC,Care & Cure Pediatric & Maternity Hospital,Metabolic Panel,Comprehensive Metabolic Panel (CMP),Serum,"Na: 138 mmol/L, K: 4.1 mmol/L, Creat: 1.05 mg/dL","Na: 135-145, K: 3.5-5.0, Creatinine: 0.7-1.3 mg/dL",NORMAL,Medium,1200,Diagnostic Laboratory Reports,Emergency Diagnostic Upload (Pending Verification),AES-256-GCM,vault-transit-key-0xccd62857,Qm850f569568efa5fad584a775349eb29311b312324d15,Pinata Dedicated IPFS Gateway,0.0.4891024,5386,2026-09-13 12:01:08 UTC,0x903e106c60a16bc42578d843ab5f283c281dba9b4800683e33f5b13e28b02971,0.0001
LAB-REP-00387,ACC-LAB-002-000387,Dr. Lal PathLabs Central Reference Hub,0x976EA74026E726554dB657fA54763abd0C3a0aa9,NABL-MC-1044,"Dr. Arvind Lal, FRCPath",Amit Mehta,849587,0x282bc7e6690639dc0f22dc16d215a1fe07d08908,28,male,Dr. Preeti Deshmukh,0x23618e81E3f5cdF7f54C3d65f7FBc0aBf5B21E8f,Apex Diagnostic & Pathology Hub,Pathology / Biopsy,Core Needle Biopsy Histopathology & Immunohistochemistry,Tissue Biopsy in 10% Formalin,"Infiltrating Ductal Carcinoma Grade 2, ER 85%+, PR 60%+, HER2/neu Negative",Benign / No malignancy,MALIGNANT_POSITIVE,High - Genomic/Oncology,4500,Diagnostic Laboratory Reports,Emergency Diagnostic Upload (Pending Verification),AES-256-GCM,vault-transit-key-0x282bc7e6,Qmf504784ea615ee7af2ef21b65de8ffd3407a54b2e69b,Pinata Dedicated IPFS Gateway,0.0.4891024,5387,2026-09-13 12:01:11 UTC,0x3905ad36929af7cbea1f852e39ac6bdaa11b3c4cd5e8130c4af64cf671cdeb99,0.0001
LAB-REP-00388,ACC-LAB-002-000388,Dr. Lal PathLabs Central Reference Hub,0x976EA74026E726554dB657fA54763abd0C3a0aa9,NABL-MC-1044,"Dr. Arvind Lal, FRCPath",Siddharth Reddy,849588,0x094d0e69053189ee6b23f4d14527f0dd9dfdc05a,29,female,Dr. Preeti Deshmukh,0x23618e81E3f5cdF7f54C3d65f7FBc0aBf5B21E8f,Apollo Multispecialty Hospital,Microbiology Tests,Dengue Duo NS1 Ag + IgM/IgG Antibody ELISA,Serum,"Dengue NS1 Antigen: POSITIVE, IgM: Reactive",Non-Reactive / Negative,POSITIVE_ABNORMAL,Medium,1400,Diagnostic Laboratory Reports,Consent Verified (Active on Blockchain),AES-256-GCM,vault-transit-key-0x094d0e69,Qm8e213579ea70e6d0362fa54e85310ee37f5f164caf95,Pinata Dedicated IPFS Gateway,0.0.4891024,5388,2026-09-13 12:01:13 UTC,0x1ff96bdd4c8ee900e70e5b8d7753e83add59d339101760733d870250f7b2be6f,0.0001
LAB-REP-00389,ACC-LAB-001-000389,Apex Diagnostic Reference Labs,0x04Fee3FD1B338d12FFD6dBD8d66dE1e8e0BB99cB,NABL-MC-2091,"Dr. Sunita Narang, MD Path",Pranav Sharma,849589,0x402daa96859e1f3a0e5ed3dbf4394f14d65c0fd7,30,male,Dr. Rohan Patel,0x976EA74026E726554dB657fA54763abd0C3a0aa9,Apex Diagnostic & Pathology Hub,Metabolic Panel,Comprehensive Metabolic Panel (CMP),Serum,"Na: 138 mmol/L, K: 4.1 mmol/L, Creat: 1.05 mg/dL","Na: 135-145, K: 3.5-5.0, Creatinine: 0.7-1.3 mg/dL",NORMAL,Medium,1200,Diagnostic Laboratory Reports,Emergency Diagnostic Upload (Pending Verification),AES-256-GCM,vault-transit-key-0x402daa96,Qme50551dbc269a0457e2c671cf84dc20f2339de165797,Pinata Dedicated IPFS Gateway,0.0.4891024,5389,2026-09-13 12:01:15 UTC,0x7326381a0166ede278dd43f1d58ca227d22715e785000fba943a1967e1b122df,0.0001
LAB-REP-00390,ACC-LAB-002-000390,Dr. Lal PathLabs Central Reference Hub,0x976EA74026E726554dB657fA54763abd0C3a0aa9,NABL-MC-1044,"Dr. Arvind Lal, FRCPath",Sakshi Mukherjee,849590,0x5b9778f8425cf24b86d4375c2c9047375684e328,31,female,Dr. Vikram Seth,0x15d34AAf54267DB7D7c367839AAf71A00a2C6A65,Apollo Multispecialty Hospital,Lipid Profile,Comprehensive Lipid Panel,Serum (Fasting 12h),"Total Chol: 235 mg/dL (High), LDL: 155 mg/dL, TG: 180 mg/dL","Chol: <200 mg/dL, HDL: >40 mg/dL, LDL: <100 mg/dL, TG: <150 mg/dL",HIGH,Low,850,Diagnostic Laboratory Reports,Consent Verified (Active on Blockchain),AES-256-GCM,vault-transit-key-0x5b9778f8,Qm1126b59bbacd5ae8acaecaa71798037c40401a902cf1,Pinata Dedicated IPFS Gateway,0.0.4891024,5390,2026-09-13 12:01:17 UTC,0x13daa41a1a5f82ac59da8ccdc439e3a078873b3e8f86e83fb502020e5eebe537,0.0001
LAB-REP-00391,ACC-LAB-002-000391,Dr. Lal PathLabs Central Reference Hub,0x976EA74026E726554dB657fA54763abd0C3a0aa9,NABL-MC-1044,"Dr. Arvind Lal, FRCPath",Deepak Bhatia,849591,0x103989f8f3e6d7a86f78c476c7eee674bbbe6acc,32,male,Dr. Sunita Narang,0xBcd4042DE499D14e55001CcbB24a551F3b954096,Fortis Memorial Neuro & Trauma Center,Kidney Function Tests,Renal Function Profile (KFT),Serum,"BUN: 14 mg/dL, Creatinine: 0.9 mg/dL, eGFR: 92 mL/min (Borderline clinical correlation advised)","BUN: 7-20 mg/dL, Creatinine: 0.6-1.2 mg/dL, eGFR: >60 mL/min",BORDERLINE,Low,850,Diagnostic Laboratory Reports,Consent Verified (Active on Blockchain),AES-256-GCM,vault-transit-key-0x103989f8,Qme0580d3d69b068c3633c66b476eb6d24e83ea5020067,Pinata Dedicated IPFS Gateway,0.0.4891024,5391,2026-09-13 12:01:20 UTC,0x93228a579e05abf3b0978833213907745464c4a09c458bef7148da33342cf74a,0.0001
LAB-REP-00392,ACC-LAB-005-000392,SRL Diagnostics Regional Core Lab,0xa0Ee7A142d267C1f36714E4a8F75612F20a79720,NABL-MC-4491,"Dr. Ramesh Sarin, DNB Path",Kavya Reddy,849592,0xcc7ed8ef46e016d37556b3cbc86931fea651408b,33,female,Dr. Preeti Deshmukh,0x23618e81E3f5cdF7f54C3d65f7FBc0aBf5B21E8f,Apollo Multispecialty Hospital,Liver Function Tests,Liver Function Profile (LFT),Serum,"ALT: 88 U/L (High), AST: 74 U/L (High), Total Bili: 1.8 mg/dL","ALT: 7-56 U/L, AST: 10-40 U/L, Bilirubin: 0.1-1.2 mg/dL",HIGH,Low,950,Diagnostic Laboratory Reports,Consent Verified (Active on Blockchain),AES-256-GCM,vault-transit-key-0xcc7ed8ef,Qm36e8ca344f2b4929abbd7c9d3b1c0f89f5267fee2045,Pinata Dedicated IPFS Gateway,0.0.4891024,5392,2026-09-13 12:01:22 UTC,0x6d0fe8df92be08d60b164d2ee81113e9654a4500998332ffbd3d7d0787fbe0e9,0.0001
LAB-REP-00393,ACC-LAB-004-000393,Apollo Diagnostics Advanced Enclave,0x23618e81E3f5cdF7f54C3d65f7FBc0aBf5B21E8f,NABL-MC-5102,"Dr. Shanti Swaminathan, MD",Chetan Mukherjee,849593,0x92a8fe9efbe2bc82964d5d3911de91e92148d1dc,34,male,Dr. Ananya Roy,0x9965507D1a55bcC2695C58ba16FB37d819B0A4dc,Apex Diagnostic & Pathology Hub,Endocrinology Tests,"Thyroid Function Panel (TSH, Free T3, Free T4)",Serum,"TSH: 6.8 uIU/mL (Hypothyroid), FT4: 0.72 ng/dL (Low)","TSH: 0.45-4.5 uIU/mL, FT3: 2.0-4.4 pg/mL, FT4: 0.8-1.8 ng/dL",LOW,Low,750,Diagnostic Laboratory Reports,Consent Verified (Active on Blockchain),AES-256-GCM,vault-transit-key-0x92a8fe9e,Qmec927d9290088b0d772f0651b01cc4d06524c35d0d8b,Pinata Dedicated IPFS Gateway,0.0.4891024,5393,2026-09-13 12:01:24 UTC,0xf61b61326b905751662d5609fc9acb51a32eed63483d04dc62a465e91b04c95c,0.0001
LAB-REP-00394,ACC-LAB-002-000394,Dr. Lal PathLabs Central Reference Hub,0x976EA74026E726554dB657fA54763abd0C3a0aa9,NABL-MC-1044,"Dr. Arvind Lal, FRCPath",Yashwanth Agarwal,849594,0x73e70bfcda3c9d6564fd14b9e348d01e361ddc36,35,female,Dr. Vikram Seth,0x15d34AAf54267DB7D7c367839AAf71A00a2C6A65,Fortis Memorial Neuro & Trauma Center,Metabolic Panel,Comprehensive Metabolic Panel (CMP),Serum,"Na: 138 mmol/L, K: 4.1 mmol/L, Creat: 1.05 mg/dL","Na: 135-145, K: 3.5-5.0, Creatinine: 0.7-1.3 mg/dL",NORMAL,Medium,1200,Diagnostic Laboratory Reports,Consent Verified (Active on Blockchain),AES-256-GCM,vault-transit-key-0x73e70bfc,Qm09e880aa382df00574179d5549989f43a1dae442d9f0,Pinata Dedicated IPFS Gateway,0.0.4891024,5394,2026-09-13 12:01:27 UTC,0xd1bfa27ceb8281929d7a9060bf1761e5854e80766708a3c5b759bdf430a157c3,0.0001
LAB-REP-00395,ACC-LAB-003-000395,Metropolis Healthcare Molecular Laboratory,0x14dC79964da2C08b23698B3D3cc7Ca32193d9955,NABL-MC-3819,"Dr. Nilesh Shah, MD",Priyanka Pillai,849595,0xb872f63e9743fe884a75009e248dd0a23688c270,36,male,Dr. Preeti Deshmukh,0x23618e81E3f5cdF7f54C3d65f7FBc0aBf5B21E8f,Fortis Memorial Neuro & Trauma Center,Imaging / Radiology,High-Resolution Non-Contrast Brain CT Scan,Radiological DICOM Imaging,"Small left temporal hemorrhagic contusion, no mass effect",No acute intracranial hemorrhage or midline shift,ABNORMAL_FINDING,Medium,3200,Diagnostic Laboratory Reports,Emergency Diagnostic Upload (Pending Verification),AES-256-GCM,vault-transit-key-0xb872f63e,Qma5d9bed75823ef2b253b3a80d88579b43c8a53976380,Pinata Dedicated IPFS Gateway,0.0.4891024,5395,2026-09-13 12:01:29 UTC,0x56beaef46a803ac3144c61022721253efc1dd76815832a838f55fb9a867234bc,0.0001
LAB-REP-00396,ACC-LAB-002-000396,Dr. Lal PathLabs Central Reference Hub,0x976EA74026E726554dB657fA54763abd0C3a0aa9,NABL-MC-1044,"Dr. Arvind Lal, FRCPath",Ishaan Saxena,849596,0xff73eab466cb07d2219823af449b2f3edab6588a,37,female,Dr. Preeti Deshmukh,0x23618e81E3f5cdF7f54C3d65f7FBc0aBf5B21E8f,Apollo Multispecialty Hospital,Liver Function Tests,Liver Function Profile (LFT),Serum,"ALT: 88 U/L (High), AST: 74 U/L (High), Total Bili: 1.8 mg/dL","ALT: 7-56 U/L, AST: 10-40 U/L, Bilirubin: 0.1-1.2 mg/dL",HIGH,Low,950,Diagnostic Laboratory Reports,Consent Verified (Active on Blockchain),AES-256-GCM,vault-transit-key-0xff73eab4,Qmee28b39428a1cc83a2b15f5e3994ca36f30840823fcc,Pinata Dedicated IPFS Gateway,0.0.4891024,5396,2026-09-13 12:01:31 UTC,0x56744bd71e321b805bbd8739ede6b9c062bbf1defa82dddcbfd5f83ed36554af,0.0001
LAB-REP-00397,ACC-LAB-004-000397,Apollo Diagnostics Advanced Enclave,0x23618e81E3f5cdF7f54C3d65f7FBc0aBf5B21E8f,NABL-MC-5102,"Dr. Shanti Swaminathan, MD",Anand Verma,849597,0xbdc9ad0c251fe2209e96df739ae6808dbb687743,38,male,Dr. Ananya Roy,0x9965507D1a55bcC2695C58ba16FB37d819B0A4dc,Care & Cure Pediatric & Maternity Hospital,Microbiology Tests,Dengue Duo NS1 Ag + IgM/IgG Antibody ELISA,Serum,"Dengue NS1 Antigen: POSITIVE, IgM: Reactive",Non-Reactive / Negative,POSITIVE_ABNORMAL,Medium,1400,Diagnostic Laboratory Reports,Consent Verified (Active on Blockchain),AES-256-GCM,vault-transit-key-0xbdc9ad0c,Qm45fa980e844ed5df25ccc87c2b9d4a607b24c1f536bd,Pinata Dedicated IPFS Gateway,0.0.4891024,5397,2026-09-13 12:01:33 UTC,0x09c091fc203ae207b4831bbfc1fbe3820b61a7c1b33acf884b0c51254a443b7d,0.0001
LAB-REP-00398,ACC-LAB-002-000398,Dr. Lal PathLabs Central Reference Hub,0x976EA74026E726554dB657fA54763abd0C3a0aa9,NABL-MC-1044,"Dr. Arvind Lal, FRCPath",Priyanka Gowda,849598,0xfb55f162ad42489b67b77b2660d91c300f588a44,39,female,Dr. Rohan Patel,0x976EA74026E726554dB657fA54763abd0C3a0aa9,Apex Diagnostic & Pathology Hub,Cardiology Tests,High-Sensitivity Cardiac Troponin-I (hs-cTnI),Serum / Plasma,hs-cTnI: 1850 ng/L (Markedly Elevated Acute Myocardial Infarction),< 14 ng/L (99th Percentile Upper Reference Limit),CRITICAL_ALERT,Medium,1800,Diagnostic Laboratory Reports,Consent Verified (Active on Blockchain),AES-256-GCM,vault-transit-key-0xfb55f162,Qm79e6f399bc817afd658a970020c3c1acda6f52fb265a,Pinata Dedicated IPFS Gateway,0.0.4891024,5398,2026-09-13 12:01:35 UTC,0x0a8f90f3d1e6ad1f963dac2f2628b066b5ca9e42399add2efe2f4291a91fe5ea,0.0001
LAB-REP-00399,ACC-LAB-005-000399,SRL Diagnostics Regional Core Lab,0xa0Ee7A142d267C1f36714E4a8F75612F20a79720,NABL-MC-4491,"Dr. Ramesh Sarin, DNB Path",Sanjay Mukherjee,849599,0xbcbfa47bacdd53a8d9081d9e306510e3a303538c,40,male,Dr. Sarah Jenkins,0x04Fee3FD1B338d12FFD6dBD8d66dE1e8e0BB99cB,Max Super Speciality Cancer Institute,Kidney Function Tests,Renal Function Profile (KFT),Serum,"BUN: 14 mg/dL, Creatinine: 0.9 mg/dL, eGFR: 92 mL/min","BUN: 7-20 mg/dL, Creatinine: 0.6-1.2 mg/dL, eGFR: >60 mL/min",NORMAL,Low,850,Diagnostic Laboratory Reports,Consent Verified (Active on Blockchain),AES-256-GCM,vault-transit-key-0xbcbfa47b,Qm0949d2b94f50ef0f228e84a32eafab22b9b62b9b5a49,Pinata Dedicated IPFS Gateway,0.0.4891024,5399,2026-09-13 12:01:38 UTC,0xd4fe5cd834091bbf21c1be4ea55b23b4318ad245508800614d8e120ce105bbf8,0.0001
LAB-REP-00400,ACC-LAB-001-000400,Apex Diagnostic Reference Labs,0x04Fee3FD1B338d12FFD6dBD8d66dE1e8e0BB99cB,NABL-MC-2091,"Dr. Sunita Narang, MD Path",Varun Deshmukh,849600,0x87cfa5a7ffb3b29790252fae7fd29c602a0e1ef9,41,female,Dr. Rohan Patel,0x976EA74026E726554dB657fA54763abd0C3a0aa9,Fortis Memorial Neuro & Trauma Center,Pathology / Biopsy,Core Needle Biopsy Histopathology & Immunohistochemistry,Tissue Biopsy in 10% Formalin,"Infiltrating Ductal Carcinoma Grade 2, ER 85%+, PR 60%+, HER2/neu Negative",Benign / No malignancy,MALIGNANT_POSITIVE,High - Genomic/Oncology,4500,Diagnostic Laboratory Reports,Consent Verified (Active on Blockchain),AES-256-GCM,vault-transit-key-0x87cfa5a7,Qme0c9756645b1eb61bb6ec697add2fcb446e07cd4c18d,Pinata Dedicated IPFS Gateway,0.0.4891024,5400,2026-09-13 12:01:40 UTC,0x1bad522491af404e20263f265452c05e63a40f53dea41fca47b3d73c3e9f7c8c,0.0001
LAB-REP-00401,ACC-LAB-005-000401,SRL Diagnostics Regional Core Lab,0xa0Ee7A142d267C1f36714E4a8F75612F20a79720,NABL-MC-4491,"Dr. Ramesh Sarin, DNB Path",Sanjay Menon,849601,0x5de5148586fbd1de63bd78a9c3352d42e523e949,42,male,Dr. Rohan Patel,0x976EA74026E726554dB657fA54763abd0C3a0aa9,Max Super Speciality Cancer Institute,Imaging / Radiology,High-Resolution Non-Contrast Brain CT Scan,Radiological DICOM Imaging,"Small left temporal hemorrhagic contusion, no mass effect",No acute intracranial hemorrhage or midline shift,ABNORMAL_FINDING,Medium,3200,Diagnostic Laboratory Reports,Consent Verified (Active on Blockchain),AES-256-GCM,vault-transit-key-0x5de51485,Qmeb97c31272350300b7e33cbd7093eda2d698736ac83a,Pinata Dedicated IPFS Gateway,0.0.4891024,5401,2026-09-13 12:01:43 UTC,0x1985d8570f5a21d99050390c8715a455c7d9b824a9058180650c3fbde0d09c07,0.0001
LAB-REP-00402,ACC-LAB-004-000402,Apollo Diagnostics Advanced Enclave,0x23618e81E3f5cdF7f54C3d65f7FBc0aBf5B21E8f,NABL-MC-5102,"Dr. Shanti Swaminathan, MD",Sakshi Pillai,849602,0x79b173ee035995770928cb0d4c701fea62feb488,43,female,Dr. Preeti Deshmukh,0x23618e81E3f5cdF7f54C3d65f7FBc0aBf5B21E8f,Care & Cure Pediatric & Maternity Hospital,Metabolic Panel,Comprehensive Metabolic Panel (CMP),Serum,"Na: 138 mmol/L, K: 4.1 mmol/L, Creat: 1.05 mg/dL","Na: 135-145, K: 3.5-5.0, Creatinine: 0.7-1.3 mg/dL",NORMAL,Medium,1200,Diagnostic Laboratory Reports,Consent Verified (Active on Blockchain),AES-256-GCM,vault-transit-key-0x79b173ee,Qmf86f824887df34fd5ac1e3d3b901e291b74cfab9735e,Pinata Dedicated IPFS Gateway,0.0.4891024,5402,2026-09-13 12:01:45 UTC,0x974905e4d3b54586eb6df0d3198ba7a7dbb9fbeece1683d4bed092df65b83bac,0.0001
LAB-REP-00403,ACC-LAB-004-000403,Apollo Diagnostics Advanced Enclave,0x23618e81E3f5cdF7f54C3d65f7FBc0aBf5B21E8f,NABL-MC-5102,"Dr. Shanti Swaminathan, MD",Bhavna Deshmukh,849603,0xa0a6ef7301fe555cb99b5ec2b0dc988484560088,44,male,Dr. Ananya Roy,0x9965507D1a55bcC2695C58ba16FB37d819B0A4dc,Max Super Speciality Cancer Institute,Pathology / Biopsy,Core Needle Biopsy Histopathology & Immunohistochemistry,Tissue Biopsy in 10% Formalin,"Infiltrating Ductal Carcinoma Grade 2, ER 85%+, PR 60%+, HER2/neu Negative",Benign / No malignancy,MALIGNANT_POSITIVE,High - Genomic/Oncology,4500,Diagnostic Laboratory Reports,Consent Verified (Active on Blockchain),AES-256-GCM,vault-transit-key-0xa0a6ef73,Qm8c41e2d556fee97c277c6c996c991b237b5e3d5fa4cd,Pinata Dedicated IPFS Gateway,0.0.4891024,5403,2026-09-13 12:01:47 UTC,0xc29670e6c1d99ade93ad560958c2c0a6eaba908746649f6419e51e3acbecf97d,0.0001
LAB-REP-00404,ACC-LAB-002-000404,Dr. Lal PathLabs Central Reference Hub,0x976EA74026E726554dB657fA54763abd0C3a0aa9,NABL-MC-1044,"Dr. Arvind Lal, FRCPath",Shreya Choudhury,849604,0x0d15626c3dbaef3724c5bd6f6e29543d09260f3d,45,female,Dr. Sunita Narang,0xBcd4042DE499D14e55001CcbB24a551F3b954096,Fortis Memorial Neuro & Trauma Center,Imaging / Radiology,High-Resolution Non-Contrast Brain CT Scan,Radiological DICOM Imaging,"Small left temporal hemorrhagic contusion, no mass effect",No acute intracranial hemorrhage or midline shift,ABNORMAL_FINDING,Medium,3200,Diagnostic Laboratory Reports,Consent Verified (Active on Blockchain),AES-256-GCM,vault-transit-key-0x0d15626c,Qm2756667e0b6e4825e2dde9a36ea57f667ef0edee0fc8,Pinata Dedicated IPFS Gateway,0.0.4891024,5404,2026-09-13 12:01:49 UTC,0x394e4c77bd92d992f3dd087c5a94bd7930519d7b7a4e734d3e6b99d09d230a53,0.0001
LAB-REP-00405,ACC-LAB-002-000405,Dr. Lal PathLabs Central Reference Hub,0x976EA74026E726554dB657fA54763abd0C3a0aa9,NABL-MC-1044,"Dr. Arvind Lal, FRCPath",Lata Joshi,849605,0xf9a67e58dccbd812cd4d4f0b974d0e8694981fd7,46,male,Dr. Rohan Patel,0x976EA74026E726554dB657fA54763abd0C3a0aa9,Max Super Speciality Cancer Institute,Metabolic Panel,Comprehensive Metabolic Panel (CMP),Serum,"Na: 138 mmol/L, K: 4.1 mmol/L, Creat: 1.05 mg/dL","Na: 135-145, K: 3.5-5.0, Creatinine: 0.7-1.3 mg/dL",NORMAL,Medium,1200,Diagnostic Laboratory Reports,Consent Verified (Active on Blockchain),AES-256-GCM,vault-transit-key-0xf9a67e58,Qm08f65aead5d058123d4bc61e04d3ce209f267feb1853,Pinata Dedicated IPFS Gateway,0.0.4891024,5405,2026-09-13 12:01:52 UTC,0x9eaa65654b0adef86b63b5e071a5136c17df63324753b8400cb47358478f8559,0.0001
LAB-REP-00406,ACC-LAB-002-000406,Dr. Lal PathLabs Central Reference Hub,0x976EA74026E726554dB657fA54763abd0C3a0aa9,NABL-MC-1044,"Dr. Arvind Lal, FRCPath",Gautam Pandey,849606,0xe3845b003987dc88e029f54f756681a859c4cc84,47,female,Dr. Vikram Seth,0x15d34AAf54267DB7D7c367839AAf71A00a2C6A65,Care & Cure Pediatric & Maternity Hospital,Metabolic Panel,Comprehensive Metabolic Panel (CMP),Serum,"Na: 138 mmol/L, K: 4.1 mmol/L, Creat: 1.05 mg/dL","Na: 135-145, K: 3.5-5.0, Creatinine: 0.7-1.3 mg/dL",NORMAL,Medium,1200,Diagnostic Laboratory Reports,Emergency Diagnostic Upload (Pending Verification),AES-256-GCM,vault-transit-key-0xe3845b00,Qmc4d2d34c0d8e204fa4446950a3fcb86a9125b0c8c339,Pinata Dedicated IPFS Gateway,0.0.4891024,5406,2026-09-13 12:01:54 UTC,0x21e5fb0bfa435b64153f8f546b9cec37e90ff1f2691b22b6b32ab79f8a7cb5ab,0.0001
LAB-REP-00407,ACC-LAB-004-000407,Apollo Diagnostics Advanced Enclave,0x23618e81E3f5cdF7f54C3d65f7FBc0aBf5B21E8f,NABL-MC-5102,"Dr. Shanti Swaminathan, MD",Neha Pandey,849607,0xdd0a3499718cb77c710393766adb961a31c1497a,48,male,Dr. Rajesh Sharma,0x3c44CdDdB6a900fa2b585dd299e03d12FA4293BC,Apex Diagnostic & Pathology Hub,Imaging / Radiology,Whole Body PET-CT Oncology Scan,18F-FDG Radiotracer DICOM,"Hypermetabolic primary lesion, SUVmax 9.2, no distant metastases","Physiological FDG biodistribution, no hypermetabolic malignancy",ABNORMAL_FINDING,High - Genomic/Oncology,18500,Diagnostic Laboratory Reports,Consent Verified (Active on Blockchain),AES-256-GCM,vault-transit-key-0xdd0a3499,Qme5e654fcd25dff6f21dad80f524025169ef8b292698e,Pinata Dedicated IPFS Gateway,0.0.4891024,5407,2026-09-13 12:01:56 UTC,0xe26b4172b72edae3dd4b9243391b7f08a2b42756f7607dc08b422502a3277b2d,0.0001
LAB-REP-00408,ACC-LAB-002-000408,Dr. Lal PathLabs Central Reference Hub,0x976EA74026E726554dB657fA54763abd0C3a0aa9,NABL-MC-1044,"Dr. Arvind Lal, FRCPath",Aarav Patel,849608,0xb3828f7672fe346bf5babcae30e36eace90714b7,49,female,Dr. Sunita Narang,0xBcd4042DE499D14e55001CcbB24a551F3b954096,Max Super Speciality Cancer Institute,Lipid Profile,Comprehensive Lipid Panel,Serum (Fasting 12h),"Total Chol: 235 mg/dL (High), LDL: 155 mg/dL, TG: 180 mg/dL","Chol: <200 mg/dL, HDL: >40 mg/dL, LDL: <100 mg/dL, TG: <150 mg/dL",HIGH,Low,850,Diagnostic Laboratory Reports,Emergency Diagnostic Upload (Pending Verification),AES-256-GCM,vault-transit-key-0xb3828f76,Qmfe1df87ed7652f11a1d3b8b4b8a0043e2496429ca974,Pinata Dedicated IPFS Gateway,0.0.4891024,5408,2026-09-13 12:01:58 UTC,0x407978b68f38ceb703d5c2ee5327f5cfc586e85875947271535f58a5b58ef33c,0.0001
LAB-REP-00409,ACC-LAB-005-000409,SRL Diagnostics Regional Core Lab,0xa0Ee7A142d267C1f36714E4a8F75612F20a79720,NABL-MC-4491,"Dr. Ramesh Sarin, DNB Path",Riya Saxena,849609,0xd169cc30d1b71b915598b2f44148601bae5863a9,50,male,Dr. Rajesh Sharma,0x3c44CdDdB6a900fa2b585dd299e03d12FA4293BC,Apex Diagnostic & Pathology Hub,Blood Tests,Complete Blood Count (CBC),Whole Blood (EDTA),"Hb: 13.5 g/dL, WBC: 7200 /uL, Platelets: 2.4 Lakhs/uL","Hb: 12-16 g/dL, WBC: 4000-11000 /uL, Platelets: 1.5-4.5 Lakhs/uL",NORMAL,Low,450,Diagnostic Laboratory Reports,Consent Verified (Active on Blockchain),AES-256-GCM,vault-transit-key-0xd169cc30,Qm32cf3bb2243493593d08dc07c499dc6151a9bdacb7f2,Pinata Dedicated IPFS Gateway,0.0.4891024,5409,2026-09-13 12:02:01 UTC,0x0e55ab4a664208c0c4e76080ceb544c58d9cf403f24749f0d92368f988dbc125,0.0001
LAB-REP-00410,ACC-LAB-002-000410,Dr. Lal PathLabs Central Reference Hub,0x976EA74026E726554dB657fA54763abd0C3a0aa9,NABL-MC-1044,"Dr. Arvind Lal, FRCPath",Tanvi Joshi,849610,0x80e20cf8db82b750c6e63664afa8d02e0aec41c1,51,female,Dr. Sunita Narang,0xBcd4042DE499D14e55001CcbB24a551F3b954096,Care & Cure Pediatric & Maternity Hospital,Blood Tests,Complete Blood Count (CBC),Whole Blood (EDTA),"Hb: 13.5 g/dL, WBC: 7200 /uL, Platelets: 2.4 Lakhs/uL (Borderline clinical correlation advised)","Hb: 12-16 g/dL, WBC: 4000-11000 /uL, Platelets: 1.5-4.5 Lakhs/uL",BORDERLINE,Low,450,Diagnostic Laboratory Reports,Consent Verified (Active on Blockchain),AES-256-GCM,vault-transit-key-0x80e20cf8,Qm95d8607fc231342589abf7421b9e1f555ee2db1fdb23,Pinata Dedicated IPFS Gateway,0.0.4891024,5410,2026-09-13 12:02:02 UTC,0x27967b14b4497ccfb021a2673981799ec2209b84624419076353514bac2d0414,0.0001
LAB-REP-00411,ACC-LAB-001-000411,Apex Diagnostic Reference Labs,0x04Fee3FD1B338d12FFD6dBD8d66dE1e8e0BB99cB,NABL-MC-2091,"Dr. Sunita Narang, MD Path",Sameer Ghosh,849611,0xff5a0ee5f2a192d344b4dc9b00bbcf050191c628,52,male,Dr. Rohan Patel,0x976EA74026E726554dB657fA54763abd0C3a0aa9,Fortis Memorial Neuro & Trauma Center,Endocrinology Tests,HbA1c Glycated Hemoglobin,Whole Blood (EDTA),HbA1c: 7.6% (Diabetic Range),"<5.7% Normal, 5.7-6.4% Prediabetes, >=6.5% Diabetes",HIGH,Low,650,Diagnostic Laboratory Reports,Consent Verified (Active on Blockchain),AES-256-GCM,vault-transit-key-0xff5a0ee5,Qm2de93f99c306ec0558350668a60132adcf43ac772924,Pinata Dedicated IPFS Gateway,0.0.4891024,5411,2026-09-13 12:02:04 UTC,0x9e62b55bd686afaccb5ef9f7df801c5f2b5f233d6a47fd0bb00afbd75086510e,0.0001
LAB-REP-00412,ACC-LAB-003-000412,Metropolis Healthcare Molecular Laboratory,0x14dC79964da2C08b23698B3D3cc7Ca32193d9955,NABL-MC-3819,"Dr. Nilesh Shah, MD",Amit Ghosh,849612,0xd2a22127c563740d1cac66a2f6f0da915188ed36,53,female,Dr. Preeti Deshmukh,0x23618e81E3f5cdF7f54C3d65f7FBc0aBf5B21E8f,Apollo Multispecialty Hospital,Blood Tests,Complete Blood Count (CBC),Whole Blood (EDTA),"Hb: 13.5 g/dL, WBC: 7200 /uL, Platelets: 2.4 Lakhs/uL","Hb: 12-16 g/dL, WBC: 4000-11000 /uL, Platelets: 1.5-4.5 Lakhs/uL",NORMAL,Low,450,Diagnostic Laboratory Reports,Consent Verified (Active on Blockchain),AES-256-GCM,vault-transit-key-0xd2a22127,Qmef6c950151bfb8eb49cdd636a20c3bc9792c315740da,Pinata Dedicated IPFS Gateway,0.0.4891024,5412,2026-09-13 12:02:07 UTC,0xfd14e48b4bcd80848f28eeb4ce01983671eb837a052f623b0d316c9b2e6719bc,0.0001
LAB-REP-00413,ACC-LAB-002-000413,Dr. Lal PathLabs Central Reference Hub,0x976EA74026E726554dB657fA54763abd0C3a0aa9,NABL-MC-1044,"Dr. Arvind Lal, FRCPath",Divya Saxena,849613,0x4143ca1e14712c49ed7964c9f125f2d4850f8a7a,54,male,Dr. Rajesh Sharma,0x3c44CdDdB6a900fa2b585dd299e03d12FA4293BC,Fortis Memorial Neuro & Trauma Center,Imaging / Radiology,Whole Body PET-CT Oncology Scan,18F-FDG Radiotracer DICOM,"Hypermetabolic primary lesion, SUVmax 9.2, no distant metastases","Physiological FDG biodistribution, no hypermetabolic malignancy",ABNORMAL_FINDING,High - Genomic/Oncology,18500,Diagnostic Laboratory Reports,Consent Verified (Active on Blockchain),AES-256-GCM,vault-transit-key-0x4143ca1e,Qmfbffdb06fd01e49593153d4d10c2f2918b183178ed48,Pinata Dedicated IPFS Gateway,0.0.4891024,5413,2026-09-13 12:02:09 UTC,0x4ddd23377a9c31f311a54b550064c74459f0b90ff697b3d33e430444d4e48807,0.0001
LAB-REP-00414,ACC-LAB-002-000414,Dr. Lal PathLabs Central Reference Hub,0x976EA74026E726554dB657fA54763abd0C3a0aa9,NABL-MC-1044,"Dr. Arvind Lal, FRCPath",Neha Gupta,849614,0x5567a494cf977393548a3e67f6af078d9774d2f9,55,female,Dr. Vikram Seth,0x15d34AAf54267DB7D7c367839AAf71A00a2C6A65,Care & Cure Pediatric & Maternity Hospital,Blood Tests,Thrombocytopenia Platelet Monitoring,Whole Blood (EDTA),"Platelets: 42,000 /uL (Severe Low)","Platelets: 150,000 - 450,000 /uL",CRITICAL_ALERT,Low,350,Diagnostic Laboratory Reports,Consent Verified (Active on Blockchain),AES-256-GCM,vault-transit-key-0x5567a494,Qmec5c4675b8ace26f97fe3c6752a7b58a07ae605cc79c,Pinata Dedicated IPFS Gateway,0.0.4891024,5414,2026-09-13 12:02:12 UTC,0xd7f2bdd62806e1ed3b7fda24aaf8bf9d90ed8a91e7ee8a8f9c3955ba0fad9b73,0.0001
LAB-REP-00415,ACC-LAB-001-000415,Apex Diagnostic Reference Labs,0x04Fee3FD1B338d12FFD6dBD8d66dE1e8e0BB99cB,NABL-MC-2091,"Dr. Sunita Narang, MD Path",Pranav Joshi,849615,0xe0a69f8514911c9acd695cf3a46184d2cc9bc212,56,male,Dr. Preeti Deshmukh,0x23618e81E3f5cdF7f54C3d65f7FBc0aBf5B21E8f,Apollo Multispecialty Hospital,Endocrinology Tests,HbA1c Glycated Hemoglobin,Whole Blood (EDTA),HbA1c: 7.6% (Diabetic Range),"<5.7% Normal, 5.7-6.4% Prediabetes, >=6.5% Diabetes",HIGH,Low,650,Diagnostic Laboratory Reports,Emergency Diagnostic Upload (Pending Verification),AES-256-GCM,vault-transit-key-0xe0a69f85,Qmf21aab34ffbf7930e1db69aa0a17e8b8620a74ad579b,Pinata Dedicated IPFS Gateway,0.0.4891024,5415,2026-09-13 12:02:14 UTC,0x837ecc6d451c35c768ef73d3ec57662e6cc4b6eac661d79280d6147da9bb71c9,0.0001
LAB-REP-00416,ACC-LAB-004-000416,Apollo Diagnostics Advanced Enclave,0x23618e81E3f5cdF7f54C3d65f7FBc0aBf5B21E8f,NABL-MC-5102,"Dr. Shanti Swaminathan, MD",Manish Banerjee,849616,0x0b0c92c6b302e67f9183bb5231be694891f8fd86,57,female,Dr. Preeti Deshmukh,0x23618e81E3f5cdF7f54C3d65f7FBc0aBf5B21E8f,Apollo Multispecialty Hospital,Kidney Function Tests,Renal Function Profile (KFT),Serum,"BUN: 14 mg/dL, Creatinine: 0.9 mg/dL, eGFR: 92 mL/min","BUN: 7-20 mg/dL, Creatinine: 0.6-1.2 mg/dL, eGFR: >60 mL/min",NORMAL,Low,850,Diagnostic Laboratory Reports,Consent Verified (Active on Blockchain),AES-256-GCM,vault-transit-key-0x0b0c92c6,Qm02a4bc601803a133f2a056daae045c40e7cba5da20cf,Pinata Dedicated IPFS Gateway,0.0.4891024,5416,2026-09-13 12:02:16 UTC,0x3f499e4d0369c56cbdfdc46edd44f66f0f7b8a4229cf5b7464feb736e18fc22a,0.0001
LAB-REP-00417,ACC-LAB-001-000417,Apex Diagnostic Reference Labs,0x04Fee3FD1B338d12FFD6dBD8d66dE1e8e0BB99cB,NABL-MC-2091,"Dr. Sunita Narang, MD Path",Tanvi Ghosh,849617,0xb922e0ed9a67556f93dbaa5f789dd0dd4440570b,58,male,Dr. Ananya Roy,0x9965507D1a55bcC2695C58ba16FB37d819B0A4dc,Care & Cure Pediatric & Maternity Hospital,Metabolic Panel,Comprehensive Metabolic Panel (CMP),Serum,"Na: 138 mmol/L, K: 4.1 mmol/L, Creat: 1.05 mg/dL","Na: 135-145, K: 3.5-5.0, Creatinine: 0.7-1.3 mg/dL",NORMAL,Medium,1200,Diagnostic Laboratory Reports,Consent Verified (Active on Blockchain),AES-256-GCM,vault-transit-key-0xb922e0ed,Qm04a7587b0d400eff82808128064d77baec0fd3404af5,Pinata Dedicated IPFS Gateway,0.0.4891024,5417,2026-09-13 12:02:18 UTC,0xfb05765e421142413bd156d310e2df92134ac5a66b45082a3083a01df54821ef,0.0001
LAB-REP-00418,ACC-LAB-001-000418,Apex Diagnostic Reference Labs,0x04Fee3FD1B338d12FFD6dBD8d66dE1e8e0BB99cB,NABL-MC-2091,"Dr. Sunita Narang, MD Path",Sanjay Sharma,849618,0x84b1db6d5bc2c94b2f352c4fe8fb1db22be0b8ca,59,female,Dr. Rohan Patel,0x976EA74026E726554dB657fA54763abd0C3a0aa9,Fortis Memorial Neuro & Trauma Center,Lipid Profile,Comprehensive Lipid Panel,Serum (Fasting 12h),"Total Chol: 235 mg/dL (High), LDL: 155 mg/dL, TG: 180 mg/dL","Chol: <200 mg/dL, HDL: >40 mg/dL, LDL: <100 mg/dL, TG: <150 mg/dL",HIGH,Low,850,Diagnostic Laboratory Reports,Consent Verified (Active on Blockchain),AES-256-GCM,vault-transit-key-0x84b1db6d,Qmdd4f8535978bbf97e3e649a1511db5a24ee6819f4489,Pinata Dedicated IPFS Gateway,0.0.4891024,5418,2026-09-13 12:02:20 UTC,0x584f3c809bf8c70e25609184bdf16eb3c337a47daa2a1b9567aa5239e6bd0b07,0.0001
LAB-REP-00419,ACC-LAB-001-000419,Apex Diagnostic Reference Labs,0x04Fee3FD1B338d12FFD6dBD8d66dE1e8e0BB99cB,NABL-MC-2091,"Dr. Sunita Narang, MD Path",Rakesh Kapoor,849619,0x82c6b897bea6aecc07ef287c80e5863fd6ad67de,60,male,Dr. Ananya Roy,0x9965507D1a55bcC2695C58ba16FB37d819B0A4dc,Care & Cure Pediatric & Maternity Hospital,Pathology / Biopsy,Core Needle Biopsy Histopathology & Immunohistochemistry,Tissue Biopsy in 10% Formalin,"Infiltrating Ductal Carcinoma Grade 2, ER 85%+, PR 60%+, HER2/neu Negative",Benign / No malignancy,MALIGNANT_POSITIVE,High - Genomic/Oncology,4500,Diagnostic Laboratory Reports,Consent Verified (Active on Blockchain),AES-256-GCM,vault-transit-key-0x82c6b897,Qm90b2dff2a644724b3326c984deefa514b46165365c26,Pinata Dedicated IPFS Gateway,0.0.4891024,5419,2026-09-13 12:02:23 UTC,0x5dc3755e1b1a57bb440b277ac5b03b1dc2283f51dbc974a3428e12342231964a,0.0001
LAB-REP-00420,ACC-LAB-002-000420,Dr. Lal PathLabs Central Reference Hub,0x976EA74026E726554dB657fA54763abd0C3a0aa9,NABL-MC-1044,"Dr. Arvind Lal, FRCPath",Ishaan Iyer,849620,0x3c7c05bed98e6171da67fc689c72cde96e5d8f1f,61,female,Dr. Sunita Narang,0xBcd4042DE499D14e55001CcbB24a551F3b954096,Care & Cure Pediatric & Maternity Hospital,Blood Tests,Thrombocytopenia Platelet Monitoring,Whole Blood (EDTA),"Platelets: 42,000 /uL (Severe Low)","Platelets: 150,000 - 450,000 /uL",CRITICAL_ALERT,Low,350,Diagnostic Laboratory Reports,Consent Verified (Active on Blockchain),AES-256-GCM,vault-transit-key-0x3c7c05be,Qm69d5227088bfc33357d7858791a1a1bcd82c2e113196,Pinata Dedicated IPFS Gateway,0.0.4891024,5420,2026-09-13 12:02:25 UTC,0xd83690ed090e276e72f616fc40eeb15254653100d5f530bd09a6f3e95ef7c0e9,0.0001
LAB-REP-00421,ACC-LAB-003-000421,Metropolis Healthcare Molecular Laboratory,0x14dC79964da2C08b23698B3D3cc7Ca32193d9955,NABL-MC-3819,"Dr. Nilesh Shah, MD",Nandini Deshmukh,849621,0xc827360b8e51951b7b5505447308a7338185d6ee,62,male,Dr. Preeti Deshmukh,0x23618e81E3f5cdF7f54C3d65f7FBc0aBf5B21E8f,Apollo Multispecialty Hospital,Endocrinology Tests,HbA1c Glycated Hemoglobin,Whole Blood (EDTA),HbA1c: 7.6% (Diabetic Range),"<5.7% Normal, 5.7-6.4% Prediabetes, >=6.5% Diabetes",HIGH,Low,650,Diagnostic Laboratory Reports,Consent Verified (Active on Blockchain),AES-256-GCM,vault-transit-key-0xc827360b,Qmd5e6a6b155ad1054554df0f0aed13e62dffdac3a1ba6,Pinata Dedicated IPFS Gateway,0.0.4891024,5421,2026-09-13 12:02:27 UTC,0x4a18577a4a74320f49fe4007d71636a56e33edffe0a019307a7d3767678b7e6e,0.0001
LAB-REP-00422,ACC-LAB-003-000422,Metropolis Healthcare Molecular Laboratory,0x14dC79964da2C08b23698B3D3cc7Ca32193d9955,NABL-MC-3819,"Dr. Nilesh Shah, MD",Gautam Joshi,849622,0x4b7ca9611e15586484df033f644b1572973b6138,63,female,Dr. Vikram Seth,0x15d34AAf54267DB7D7c367839AAf71A00a2C6A65,Fortis Memorial Neuro & Trauma Center,Blood Tests,Thrombocytopenia Platelet Monitoring,Whole Blood (EDTA),"Platelets: 42,000 /uL (Severe Low)","Platelets: 150,000 - 450,000 /uL",CRITICAL_ALERT,Low,350,Diagnostic Laboratory Reports,Emergency Diagnostic Upload (Pending Verification),AES-256-GCM,vault-transit-key-0x4b7ca961,Qm99eda0e28b67d73314eb1acace08285c63c5a7610c51,Pinata Dedicated IPFS Gateway,0.0.4891024,5422,2026-09-13 12:02:29 UTC,0x639650bcafd2cfee471a0f48d4a42f53205ae1a2f56a0ee6c9096ce489eaee0c,0.0001
LAB-REP-00423,ACC-LAB-004-000423,Apollo Diagnostics Advanced Enclave,0x23618e81E3f5cdF7f54C3d65f7FBc0aBf5B21E8f,NABL-MC-5102,"Dr. Shanti Swaminathan, MD",Yashwanth Nair,849623,0x897d60990da21c83fcecea55bc895260e1137ca4,64,male,Dr. Ananya Roy,0x9965507D1a55bcC2695C58ba16FB37d819B0A4dc,Care & Cure Pediatric & Maternity Hospital,Cardiology Tests,High-Sensitivity Cardiac Troponin-I (hs-cTnI),Serum / Plasma,hs-cTnI: 1850 ng/L (Markedly Elevated Acute Myocardial Infarction),< 14 ng/L (99th Percentile Upper Reference Limit),CRITICAL_ALERT,Medium,1800,Diagnostic Laboratory Reports,Consent Verified (Active on Blockchain),AES-256-GCM,vault-transit-key-0x897d6099,Qm7cbc437e4750cbae39582c4458bdc05914e80a3c7445,Pinata Dedicated IPFS Gateway,0.0.4891024,5423,2026-09-13 12:02:32 UTC,0x90ca3bbcc096ddaa5ac58b7b5eeb8c5323b358c728f1021bf1cd65a236527f83,0.0001
LAB-REP-00424,ACC-LAB-002-000424,Dr. Lal PathLabs Central Reference Hub,0x976EA74026E726554dB657fA54763abd0C3a0aa9,NABL-MC-1044,"Dr. Arvind Lal, FRCPath",Ananya Kapoor,849624,0x52e4dcefbd8f4b34d91d206822e8c8f83abe6772,65,female,Dr. Sunita Narang,0xBcd4042DE499D14e55001CcbB24a551F3b954096,Fortis Memorial Neuro & Trauma Center,Microbiology Tests,Dengue Duo NS1 Ag + IgM/IgG Antibody ELISA,Serum,"Dengue NS1 Antigen: POSITIVE, IgM: Reactive",Non-Reactive / Negative,POSITIVE_ABNORMAL,Medium,1400,Diagnostic Laboratory Reports,Consent Verified (Active on Blockchain),AES-256-GCM,vault-transit-key-0x52e4dcef,Qmf3bb4f6c14aafcfb40993f767d4917f43d3b337204ac,Pinata Dedicated IPFS Gateway,0.0.4891024,5424,2026-09-13 12:02:34 UTC,0x22cf2b6f8a2630a9e40066b6895ac1ace587fa21d07cd279e8da4348aa68b4d9,0.0001
LAB-REP-00425,ACC-LAB-003-000425,Metropolis Healthcare Molecular Laboratory,0x14dC79964da2C08b23698B3D3cc7Ca32193d9955,NABL-MC-3819,"Dr. Nilesh Shah, MD",Ananya Ghosh,849625,0xf0970b66685b2932f32df8642b93a4b7cbf2727d,66,male,Dr. Ananya Roy,0x9965507D1a55bcC2695C58ba16FB37d819B0A4dc,Apollo Multispecialty Hospital,Endocrinology Tests,"Thyroid Function Panel (TSH, Free T3, Free T4)",Serum,"TSH: 6.8 uIU/mL (Hypothyroid), FT4: 0.72 ng/dL (Low)","TSH: 0.45-4.5 uIU/mL, FT3: 2.0-4.4 pg/mL, FT4: 0.8-1.8 ng/dL",LOW,Low,750,Diagnostic Laboratory Reports,Consent Verified (Active on Blockchain),AES-256-GCM,vault-transit-key-0xf0970b66,Qme9c60a281b087455e1a2f25742db13655b2632d5c445,Pinata Dedicated IPFS Gateway,0.0.4891024,5425,2026-09-13 12:02:36 UTC,0xa79baeec9274bc84da116611f219742cc70a36aea87e6f770e6ea2c96d1d464a,0.0001
LAB-REP-00426,ACC-LAB-005-000426,SRL Diagnostics Regional Core Lab,0xa0Ee7A142d267C1f36714E4a8F75612F20a79720,NABL-MC-4491,"Dr. Ramesh Sarin, DNB Path",Gautam Mishra,849626,0xf61ce3961905394062a806af13a9c6a7b33812fd,67,female,Dr. Ananya Roy,0x9965507D1a55bcC2695C58ba16FB37d819B0A4dc,Apollo Multispecialty Hospital,Blood Tests,Thrombocytopenia Platelet Monitoring,Whole Blood (EDTA),"Platelets: 42,000 /uL (Severe Low)","Platelets: 150,000 - 450,000 /uL",CRITICAL_ALERT,Low,350,Diagnostic Laboratory Reports,Consent Verified (Active on Blockchain),AES-256-GCM,vault-transit-key-0xf61ce396,Qmc55c1dfc7b4f845f637ddbd4d959490cc9430c7022d7,Pinata Dedicated IPFS Gateway,0.0.4891024,5426,2026-09-13 12:02:39 UTC,0x2b0a348e0579b851049a60dd1052df82145e605125afd4f0ea5a5c0d530a0d88,0.0001
LAB-REP-00427,ACC-LAB-005-000427,SRL Diagnostics Regional Core Lab,0xa0Ee7A142d267C1f36714E4a8F75612F20a79720,NABL-MC-4491,"Dr. Ramesh Sarin, DNB Path",Nandini Agarwal,849627,0x13ad33d4667ebba8d987485d03186af6bacd87db,68,male,Dr. Rajesh Sharma,0x3c44CdDdB6a900fa2b585dd299e03d12FA4293BC,Max Super Speciality Cancer Institute,Liver Function Tests,Liver Function Profile (LFT),Serum,"ALT: 88 U/L (High), AST: 74 U/L (High), Total Bili: 1.8 mg/dL","ALT: 7-56 U/L, AST: 10-40 U/L, Bilirubin: 0.1-1.2 mg/dL",HIGH,Low,950,Diagnostic Laboratory Reports,Consent Verified (Active on Blockchain),AES-256-GCM,vault-transit-key-0x13ad33d4,Qm3b781b62feb3bcd066e0a755155e585782ee640ede7f,Pinata Dedicated IPFS Gateway,0.0.4891024,5427,2026-09-13 12:02:40 UTC,0x8bc82ace3ca65b3c0d09322bea765b3f0aadd4f8b2338cde480fa79bae94d4bb,0.0001
LAB-REP-00428,ACC-LAB-005-000428,SRL Diagnostics Regional Core Lab,0xa0Ee7A142d267C1f36714E4a8F75612F20a79720,NABL-MC-4491,"Dr. Ramesh Sarin, DNB Path",Meera Choudhury,849628,0xc6a3a4dc08c0fba7d041d6682bc7b92cb9f116f0,69,female,Dr. Rajesh Sharma,0x3c44CdDdB6a900fa2b585dd299e03d12FA4293BC,Care & Cure Pediatric & Maternity Hospital,Liver Function Tests,Liver Function Profile (LFT),Serum,"ALT: 88 U/L (High), AST: 74 U/L (High), Total Bili: 1.8 mg/dL","ALT: 7-56 U/L, AST: 10-40 U/L, Bilirubin: 0.1-1.2 mg/dL",HIGH,Low,950,Diagnostic Laboratory Reports,Consent Verified (Active on Blockchain),AES-256-GCM,vault-transit-key-0xc6a3a4dc,Qme4574e17bf8c7a7835966729f1683df560c12e4334a5,Pinata Dedicated IPFS Gateway,0.0.4891024,5428,2026-09-13 12:02:43 UTC,0x523dc01e2ec1638050d49cccf554c63e281c89ef1b577b2fb8aafad76b78bfc2,0.0001
LAB-REP-00429,ACC-LAB-004-000429,Apollo Diagnostics Advanced Enclave,0x23618e81E3f5cdF7f54C3d65f7FBc0aBf5B21E8f,NABL-MC-5102,"Dr. Shanti Swaminathan, MD",Deepak Gowda,849629,0x616c950790321bd3fa6cdb668252f5b5b1147cc6,70,male,Dr. Rajesh Sharma,0x3c44CdDdB6a900fa2b585dd299e03d12FA4293BC,Max Super Speciality Cancer Institute,Liver Function Tests,Liver Function Profile (LFT),Serum,"ALT: 88 U/L (High), AST: 74 U/L (High), Total Bili: 1.8 mg/dL","ALT: 7-56 U/L, AST: 10-40 U/L, Bilirubin: 0.1-1.2 mg/dL",HIGH,Low,950,Diagnostic Laboratory Reports,Consent Verified (Active on Blockchain),AES-256-GCM,vault-transit-key-0x616c9507,Qmc27e59514334721ecc73fc7a3e5d939c4969636ebc30,Pinata Dedicated IPFS Gateway,0.0.4891024,5429,2026-09-13 12:02:46 UTC,0xe473417484baff68b54e2b9fd557a2a4530088b93b0768692444a11a59e41f9c,0.0001
LAB-REP-00430,ACC-LAB-002-000430,Dr. Lal PathLabs Central Reference Hub,0x976EA74026E726554dB657fA54763abd0C3a0aa9,NABL-MC-1044,"Dr. Arvind Lal, FRCPath",Sameer Hegde,849630,0x10b23ea59f8f3e4f21072ad05772d036903ef8df,71,female,Dr. Rohan Patel,0x976EA74026E726554dB657fA54763abd0C3a0aa9,Care & Cure Pediatric & Maternity Hospital,Microbiology Tests,Dengue Duo NS1 Ag + IgM/IgG Antibody ELISA,Serum,"Dengue NS1 Antigen: POSITIVE, IgM: Reactive",Non-Reactive / Negative,POSITIVE_ABNORMAL,Medium,1400,Diagnostic Laboratory Reports,Consent Verified (Active on Blockchain),AES-256-GCM,vault-transit-key-0x10b23ea5,Qm3d736c2381778fde3172bf73c8254fb3d5cde57f8c03,Pinata Dedicated IPFS Gateway,0.0.4891024,5430,2026-09-13 12:02:48 UTC,0x8e95dc998d1e48f85f09104f5059802f833ffc7b0cb321cb73c095201f8e9649,0.0001
LAB-REP-00431,ACC-LAB-003-000431,Metropolis Healthcare Molecular Laboratory,0x14dC79964da2C08b23698B3D3cc7Ca32193d9955,NABL-MC-3819,"Dr. Nilesh Shah, MD",Aarav Nair,849631,0x088ab0cd2695307e4f64822925403e041c7f37a6,72,male,Dr. Sunita Narang,0xBcd4042DE499D14e55001CcbB24a551F3b954096,Fortis Memorial Neuro & Trauma Center,Imaging / Radiology,Whole Body PET-CT Oncology Scan,18F-FDG Radiotracer DICOM,"Hypermetabolic primary lesion, SUVmax 9.2, no distant metastases","Physiological FDG biodistribution, no hypermetabolic malignancy",ABNORMAL_FINDING,High - Genomic/Oncology,18500,Diagnostic Laboratory Reports,Consent Verified (Active on Blockchain),AES-256-GCM,vault-transit-key-0x088ab0cd,Qmb7a92e26f566b15d309dd8316d92192d85dce8f22e1e,Pinata Dedicated IPFS Gateway,0.0.4891024,5431,2026-09-13 12:02:50 UTC,0x82a5905b59b985aa4b62e9f1c240ef53deaba3f6ee1669a67b55abf712b9aede,0.0001
LAB-REP-00432,ACC-LAB-002-000432,Dr. Lal PathLabs Central Reference Hub,0x976EA74026E726554dB657fA54763abd0C3a0aa9,NABL-MC-1044,"Dr. Arvind Lal, FRCPath",Pranav Joshi,849632,0x6280c5db72bf63db55468414e911c49e0978cc6b,73,female,Dr. Ananya Roy,0x9965507D1a55bcC2695C58ba16FB37d819B0A4dc,Apex Diagnostic & Pathology Hub,Microbiology Tests,Dengue Duo NS1 Ag + IgM/IgG Antibody ELISA,Serum,"Dengue NS1 Antigen: POSITIVE, IgM: Reactive",Non-Reactive / Negative,POSITIVE_ABNORMAL,Medium,1400,Diagnostic Laboratory Reports,Consent Verified (Active on Blockchain),AES-256-GCM,vault-transit-key-0x6280c5db,Qm0e112e6918d7191cc25ef21d0669db56718a8ff84f2f,Pinata Dedicated IPFS Gateway,0.0.4891024,5432,2026-09-13 12:02:52 UTC,0xde1993145c404d3e952739ca3fee8a7d90a9ffe47b0a4f422f8ef3bf8fb94e9a,0.0001
LAB-REP-00433,ACC-LAB-002-000433,Dr. Lal PathLabs Central Reference Hub,0x976EA74026E726554dB657fA54763abd0C3a0aa9,NABL-MC-1044,"Dr. Arvind Lal, FRCPath",Yashwanth Nair,849633,0x8be77aeaeab33b62b39857b3390005e46fcb6062,74,male,Dr. Rohan Patel,0x976EA74026E726554dB657fA54763abd0C3a0aa9,Care & Cure Pediatric & Maternity Hospital,Imaging / Radiology,High-Resolution Non-Contrast Brain CT Scan,Radiological DICOM Imaging,"Small left temporal hemorrhagic contusion, no mass effect",No acute intracranial hemorrhage or midline shift,ABNORMAL_FINDING,Medium,3200,Diagnostic Laboratory Reports,Consent Verified (Active on Blockchain),AES-256-GCM,vault-transit-key-0x8be77aea,Qm250d0424b72f58da41a7445bc72aa29458f065310637,Pinata Dedicated IPFS Gateway,0.0.4891024,5433,2026-09-13 12:02:54 UTC,0x3f24ca8af091ff4c08b90f24aad4b93980d517256cdff2e739733ba4ecc50c0b,0.0001
LAB-REP-00434,ACC-LAB-005-000434,SRL Diagnostics Regional Core Lab,0xa0Ee7A142d267C1f36714E4a8F75612F20a79720,NABL-MC-4491,"Dr. Ramesh Sarin, DNB Path",Aarav Sharma,849634,0x486c946f652919174a71e66e2db301322ab9eff0,75,female,Dr. Vikram Seth,0x15d34AAf54267DB7D7c367839AAf71A00a2C6A65,Max Super Speciality Cancer Institute,Cardiology Tests,High-Sensitivity Cardiac Troponin-I (hs-cTnI),Serum / Plasma,hs-cTnI: 1850 ng/L (Markedly Elevated Acute Myocardial Infarction),< 14 ng/L (99th Percentile Upper Reference Limit),CRITICAL_ALERT,Medium,1800,Diagnostic Laboratory Reports,Emergency Diagnostic Upload (Pending Verification),AES-256-GCM,vault-transit-key-0x486c946f,Qmc4c0cd56d46805a4c6c5ccd275198dc2a89cab45f894,Pinata Dedicated IPFS Gateway,0.0.4891024,5434,2026-09-13 12:02:57 UTC,0x2769c4506f8ad4aed319a73013aa5709c64aff6b0e80c905a91458a85c0eb886,0.0001
LAB-REP-00435,ACC-LAB-003-000435,Metropolis Healthcare Molecular Laboratory,0x14dC79964da2C08b23698B3D3cc7Ca32193d9955,NABL-MC-3819,"Dr. Nilesh Shah, MD",Sakshi Chatterjee,849635,0x6d035abe0b74eb8beca224c9850cd09b93c5fc00,76,male,Dr. Rajesh Sharma,0x3c44CdDdB6a900fa2b585dd299e03d12FA4293BC,Apollo Multispecialty Hospital,Endocrinology Tests,HbA1c Glycated Hemoglobin,Whole Blood (EDTA),HbA1c: 7.6% (Diabetic Range),"<5.7% Normal, 5.7-6.4% Prediabetes, >=6.5% Diabetes",HIGH,Low,650,Diagnostic Laboratory Reports,Consent Verified (Active on Blockchain),AES-256-GCM,vault-transit-key-0x6d035abe,Qm3273c6e6c85e9183fa08aefecff8b917b39e738eb0fb,Pinata Dedicated IPFS Gateway,0.0.4891024,5435,2026-09-13 12:02:59 UTC,0xb39aa5aa81b6c5c5703bd4b4017114306220c6c332d1eb4c97530ab414cc7124,0.0001
LAB-REP-00436,ACC-LAB-005-000436,SRL Diagnostics Regional Core Lab,0xa0Ee7A142d267C1f36714E4a8F75612F20a79720,NABL-MC-4491,"Dr. Ramesh Sarin, DNB Path",Sakshi Gowda,849636,0x011cb46482c8554e973b3f335453f0c752b13cb8,77,female,Dr. Rohan Patel,0x976EA74026E726554dB657fA54763abd0C3a0aa9,Apollo Multispecialty Hospital,Imaging / Radiology,Whole Body PET-CT Oncology Scan,18F-FDG Radiotracer DICOM,"Hypermetabolic primary lesion, SUVmax 9.2, no distant metastases","Physiological FDG biodistribution, no hypermetabolic malignancy",ABNORMAL_FINDING,High - Genomic/Oncology,18500,Diagnostic Laboratory Reports,Consent Verified (Active on Blockchain),AES-256-GCM,vault-transit-key-0x011cb464,Qm62bf560cedfafe90415650f53a36594ebda2700ab630,Pinata Dedicated IPFS Gateway,0.0.4891024,5436,2026-09-13 12:03:01 UTC,0x30217b6ce885a5f87f835a1f2bce19938688ade4c45be45ec48c6306e542f991,0.0001
LAB-REP-00437,ACC-LAB-005-000437,SRL Diagnostics Regional Core Lab,0xa0Ee7A142d267C1f36714E4a8F75612F20a79720,NABL-MC-4491,"Dr. Ramesh Sarin, DNB Path",Pranav Chatterjee,849637,0xa2148a79b8f804d0887a194461adb8fc202c48e4,78,male,Dr. Sarah Jenkins,0x04Fee3FD1B338d12FFD6dBD8d66dE1e8e0BB99cB,Fortis Memorial Neuro & Trauma Center,Pathology / Biopsy,Core Needle Biopsy Histopathology & Immunohistochemistry,Tissue Biopsy in 10% Formalin,"Infiltrating Ductal Carcinoma Grade 2, ER 85%+, PR 60%+, HER2/neu Negative",Benign / No malignancy,MALIGNANT_POSITIVE,High - Genomic/Oncology,4500,Diagnostic Laboratory Reports,Consent Verified (Active on Blockchain),AES-256-GCM,vault-transit-key-0xa2148a79,Qm83dd74f65ce5e857d0819facc7acce6ec63eeca3a917,Pinata Dedicated IPFS Gateway,0.0.4891024,5437,2026-09-13 12:03:03 UTC,0xcb6898a5b6f9c6584ffacf6d50005d7597a19c1e048a1457e6454a29c81fd23e,0.0001
LAB-REP-00438,ACC-LAB-004-000438,Apollo Diagnostics Advanced Enclave,0x23618e81E3f5cdF7f54C3d65f7FBc0aBf5B21E8f,NABL-MC-5102,"Dr. Shanti Swaminathan, MD",Anand Mukherjee,849638,0x2fe2b50dff840549d24f28a3823dbcb5b0e191ab,79,female,Dr. Preeti Deshmukh,0x23618e81E3f5cdF7f54C3d65f7FBc0aBf5B21E8f,Apollo Multispecialty Hospital,Liver Function Tests,Liver Function Profile (LFT),Serum,"ALT: 88 U/L (High), AST: 74 U/L (High), Total Bili: 1.8 mg/dL","ALT: 7-56 U/L, AST: 10-40 U/L, Bilirubin: 0.1-1.2 mg/dL",HIGH,Low,950,Diagnostic Laboratory Reports,Consent Verified (Active on Blockchain),AES-256-GCM,vault-transit-key-0x2fe2b50d,Qmfbf184d98e97db9f8e465afcf44d9c4a5b4b1eb238b0,Pinata Dedicated IPFS Gateway,0.0.4891024,5438,2026-09-13 12:03:06 UTC,0xfba6020ce09f95d8f73b90fdb0c276e00372df1ecee67fed5e82e8902ca3b779,0.0001
LAB-REP-00439,ACC-LAB-003-000439,Metropolis Healthcare Molecular Laboratory,0x14dC79964da2C08b23698B3D3cc7Ca32193d9955,NABL-MC-3819,"Dr. Nilesh Shah, MD",Chetan Deshmukh,849639,0x155ba8408eb477d72028a2d1b1ce5105c7c064b9,80,male,Dr. Rajesh Sharma,0x3c44CdDdB6a900fa2b585dd299e03d12FA4293BC,Care & Cure Pediatric & Maternity Hospital,Blood Tests,Complete Blood Count (CBC),Whole Blood (EDTA),"Hb: 13.5 g/dL, WBC: 7200 /uL, Platelets: 2.4 Lakhs/uL","Hb: 12-16 g/dL, WBC: 4000-11000 /uL, Platelets: 1.5-4.5 Lakhs/uL",NORMAL,Low,450,Diagnostic Laboratory Reports,Consent Verified (Active on Blockchain),AES-256-GCM,vault-transit-key-0x155ba840,Qm35fbfb09aa059bdf078925a5a7b21714249f434e6824,Pinata Dedicated IPFS Gateway,0.0.4891024,5439,2026-09-13 12:03:08 UTC,0x2897fb6650469bdeded17f812ce3c525c8f3f1115675bcff8f1c883610e617bf,0.0001
LAB-REP-00440,ACC-LAB-003-000440,Metropolis Healthcare Molecular Laboratory,0x14dC79964da2C08b23698B3D3cc7Ca32193d9955,NABL-MC-3819,"Dr. Nilesh Shah, MD",Vikas Ghosh,849640,0x5cbde241b2db4ac90fb9c5da6e756819f70a2795,81,female,Dr. Ananya Roy,0x9965507D1a55bcC2695C58ba16FB37d819B0A4dc,Fortis Memorial Neuro & Trauma Center,Endocrinology Tests,HbA1c Glycated Hemoglobin,Whole Blood (EDTA),HbA1c: 7.6% (Diabetic Range),"<5.7% Normal, 5.7-6.4% Prediabetes, >=6.5% Diabetes",HIGH,Low,650,Diagnostic Laboratory Reports,Consent Verified (Active on Blockchain),AES-256-GCM,vault-transit-key-0x5cbde241,Qm82d03d894f6b3626bf0942a50b885343f4d524386d3b,Pinata Dedicated IPFS Gateway,0.0.4891024,5440,2026-09-13 12:03:10 UTC,0x0ac31c46589afc6c5be9c61bd45e716843aec546558a0370ae7c20a572e69bca,0.0001
LAB-REP-00441,ACC-LAB-002-000441,Dr. Lal PathLabs Central Reference Hub,0x976EA74026E726554dB657fA54763abd0C3a0aa9,NABL-MC-1044,"Dr. Arvind Lal, FRCPath",Siddharth Gowda,849641,0x2e3928fd99884ad525cf058f0d59a937a354b239,82,male,Dr. Ananya Roy,0x9965507D1a55bcC2695C58ba16FB37d819B0A4dc,Apex Diagnostic & Pathology Hub,Imaging / Radiology,Whole Body PET-CT Oncology Scan,18F-FDG Radiotracer DICOM,"Hypermetabolic primary lesion, SUVmax 9.2, no distant metastases","Physiological FDG biodistribution, no hypermetabolic malignancy",ABNORMAL_FINDING,High - Genomic/Oncology,18500,Diagnostic Laboratory Reports,Emergency Diagnostic Upload (Pending Verification),AES-256-GCM,vault-transit-key-0x2e3928fd,Qme863ae85891cb1c9ae36e44da70f4eedd55ff6db6803,Pinata Dedicated IPFS Gateway,0.0.4891024,5441,2026-09-13 12:03:13 UTC,0xe859cefd7f36564e3a085ec270234c9b1261462c6b1f32a9da42d6975e91fa45,0.0001
LAB-REP-00442,ACC-LAB-003-000442,Metropolis Healthcare Molecular Laboratory,0x14dC79964da2C08b23698B3D3cc7Ca32193d9955,NABL-MC-3819,"Dr. Nilesh Shah, MD",Deepak Bhatia,849642,0x41ae9f989f4f9f171d0d06696005bdc21ee40141,83,female,Dr. Preeti Deshmukh,0x23618e81E3f5cdF7f54C3d65f7FBc0aBf5B21E8f,Apollo Multispecialty Hospital,Cardiology Tests,High-Sensitivity Cardiac Troponin-I (hs-cTnI),Serum / Plasma,hs-cTnI: 1850 ng/L (Markedly Elevated Acute Myocardial Infarction),< 14 ng/L (99th Percentile Upper Reference Limit),CRITICAL_ALERT,Medium,1800,Diagnostic Laboratory Reports,Consent Verified (Active on Blockchain),AES-256-GCM,vault-transit-key-0x41ae9f98,Qm08cfec0718026e17e1b74ca37d352ae1ff0ccd0da13d,Pinata Dedicated IPFS Gateway,0.0.4891024,5442,2026-09-13 12:03:15 UTC,0xc9611e2e6af13fcd4d2f6c36db0f8a28b84d11c62acdfa81190b365bc0821b8e,0.0001
LAB-REP-00443,ACC-LAB-001-000443,Apex Diagnostic Reference Labs,0x04Fee3FD1B338d12FFD6dBD8d66dE1e8e0BB99cB,NABL-MC-2091,"Dr. Sunita Narang, MD Path",Madhav Saxena,849643,0x3d27e5e9d02e533807b147fa4c7f96c177f5b8bf,84,male,Dr. Sarah Jenkins,0x04Fee3FD1B338d12FFD6dBD8d66dE1e8e0BB99cB,Max Super Speciality Cancer Institute,Endocrinology Tests,"Thyroid Function Panel (TSH, Free T3, Free T4)",Serum,"TSH: 6.8 uIU/mL (Hypothyroid), FT4: 0.72 ng/dL (Low)","TSH: 0.45-4.5 uIU/mL, FT3: 2.0-4.4 pg/mL, FT4: 0.8-1.8 ng/dL",LOW,Low,750,Diagnostic Laboratory Reports,Consent Verified (Active on Blockchain),AES-256-GCM,vault-transit-key-0x3d27e5e9,Qm68fe129bab907868db4e516bea19d9d584205e2637aa,Pinata Dedicated IPFS Gateway,0.0.4891024,5443,2026-09-13 12:03:17 UTC,0x011b372eb9374f0488b055117f3163d9a9d2415abc14dcc8e6bad6da3e68b755,0.0001
LAB-REP-00444,ACC-LAB-001-000444,Apex Diagnostic Reference Labs,0x04Fee3FD1B338d12FFD6dBD8d66dE1e8e0BB99cB,NABL-MC-2091,"Dr. Sunita Narang, MD Path",Meera Saxena,849644,0x3fed57c53120307278d15155fc4255e654ffab5e,85,female,Dr. Sarah Jenkins,0x04Fee3FD1B338d12FFD6dBD8d66dE1e8e0BB99cB,Apex Diagnostic & Pathology Hub,Liver Function Tests,Liver Function Profile (LFT),Serum,"ALT: 88 U/L (High), AST: 74 U/L (High), Total Bili: 1.8 mg/dL","ALT: 7-56 U/L, AST: 10-40 U/L, Bilirubin: 0.1-1.2 mg/dL",HIGH,Low,950,Diagnostic Laboratory Reports,Consent Verified (Active on Blockchain),AES-256-GCM,vault-transit-key-0x3fed57c5,Qm5b29a6bdb77c1ee4cf85a4f1fc8fa3782d36026f2686,Pinata Dedicated IPFS Gateway,0.0.4891024,5444,2026-09-13 12:03:19 UTC,0x4f0b6dcad35d5c71f56364539e5f16221cd173cde1870a949ff447a5e471efac,0.0001
LAB-REP-00445,ACC-LAB-005-000445,SRL Diagnostics Regional Core Lab,0xa0Ee7A142d267C1f36714E4a8F75612F20a79720,NABL-MC-4491,"Dr. Ramesh Sarin, DNB Path",Yashwanth Kulkarni,849645,0xd1fc2ee64b94c9869b8c05c83bd2aa8c666b5e3a,86,male,Dr. Ananya Roy,0x9965507D1a55bcC2695C58ba16FB37d819B0A4dc,Apollo Multispecialty Hospital,Liver Function Tests,Liver Function Profile (LFT),Serum,"ALT: 88 U/L (High), AST: 74 U/L (High), Total Bili: 1.8 mg/dL","ALT: 7-56 U/L, AST: 10-40 U/L, Bilirubin: 0.1-1.2 mg/dL",HIGH,Low,950,Diagnostic Laboratory Reports,Emergency Diagnostic Upload (Pending Verification),AES-256-GCM,vault-transit-key-0xd1fc2ee6,Qm81b80a55407ceef9a70614bcc3ff92ed4d452c31c024,Pinata Dedicated IPFS Gateway,0.0.4891024,5445,2026-09-13 12:03:21 UTC,0x05c709f15daa66dfb9c6faac9dadc39fc913725f0e020ffbd8616feeae4929c6,0.0001
LAB-REP-00446,ACC-LAB-004-000446,Apollo Diagnostics Advanced Enclave,0x23618e81E3f5cdF7f54C3d65f7FBc0aBf5B21E8f,NABL-MC-5102,"Dr. Shanti Swaminathan, MD",Tanvi Gowda,849646,0x99d469af7272b3d5fa6e2c2c26a6fa2d9e1dfd12,87,female,Dr. Sarah Jenkins,0x04Fee3FD1B338d12FFD6dBD8d66dE1e8e0BB99cB,Fortis Memorial Neuro & Trauma Center,Blood Tests,Complete Blood Count (CBC),Whole Blood (EDTA),"Hb: 13.5 g/dL, WBC: 7200 /uL, Platelets: 2.4 Lakhs/uL","Hb: 12-16 g/dL, WBC: 4000-11000 /uL, Platelets: 1.5-4.5 Lakhs/uL",NORMAL,Low,450,Diagnostic Laboratory Reports,Consent Verified (Active on Blockchain),AES-256-GCM,vault-transit-key-0x99d469af,Qm80b8c5bdfd74f798890d3b196a184e82bede3977d966,Pinata Dedicated IPFS Gateway,0.0.4891024,5446,2026-09-13 12:03:23 UTC,0x3fdc955012d18d7d66015cd238770e884d242f89f633dbdfd626171601fa1e66,0.0001
LAB-REP-00447,ACC-LAB-005-000447,SRL Diagnostics Regional Core Lab,0xa0Ee7A142d267C1f36714E4a8F75612F20a79720,NABL-MC-4491,"Dr. Ramesh Sarin, DNB Path",Varun Saxena,849647,0x51063c20be384f64321047e43bdcb5091c7936fc,88,male,Dr. Rajesh Sharma,0x3c44CdDdB6a900fa2b585dd299e03d12FA4293BC,Max Super Speciality Cancer Institute,Blood Tests,Complete Blood Count (CBC),Whole Blood (EDTA),"Hb: 13.5 g/dL, WBC: 7200 /uL, Platelets: 2.4 Lakhs/uL","Hb: 12-16 g/dL, WBC: 4000-11000 /uL, Platelets: 1.5-4.5 Lakhs/uL",NORMAL,Low,450,Diagnostic Laboratory Reports,Consent Verified (Active on Blockchain),AES-256-GCM,vault-transit-key-0x51063c20,Qm3f1995d8072660162cfa5d05a3eac84d3d068392a674,Pinata Dedicated IPFS Gateway,0.0.4891024,5447,2026-09-13 12:03:26 UTC,0x9e2b4eeb4e1417b696c8d40f2229333d8cb98b58eb2905f373f4236d70e9cc98,0.0001
LAB-REP-00448,ACC-LAB-004-000448,Apollo Diagnostics Advanced Enclave,0x23618e81E3f5cdF7f54C3d65f7FBc0aBf5B21E8f,NABL-MC-5102,"Dr. Shanti Swaminathan, MD",Pooja Sharma,849648,0xb009a30d4abd25b08317a4909483a251b074cc2c,89,female,Dr. Ananya Roy,0x9965507D1a55bcC2695C58ba16FB37d819B0A4dc,Apollo Multispecialty Hospital,Cardiology Tests,High-Sensitivity Cardiac Troponin-I (hs-cTnI),Serum / Plasma,hs-cTnI: 1850 ng/L (Markedly Elevated Acute Myocardial Infarction),< 14 ng/L (99th Percentile Upper Reference Limit),CRITICAL_ALERT,Medium,1800,Diagnostic Laboratory Reports,Emergency Diagnostic Upload (Pending Verification),AES-256-GCM,vault-transit-key-0xb009a30d,Qme9cfd8cb27fce0509593a138cf63c9c88e2ae7c9a089,Pinata Dedicated IPFS Gateway,0.0.4891024,5448,2026-09-13 12:03:28 UTC,0x1fd106f381a67733cb106bd0b8c2e7b1ddba97d19ff9fc8cdd1f1b2793c72e46,0.0001
LAB-REP-00449,ACC-LAB-004-000449,Apollo Diagnostics Advanced Enclave,0x23618e81E3f5cdF7f54C3d65f7FBc0aBf5B21E8f,NABL-MC-5102,"Dr. Shanti Swaminathan, MD",Neha Kapoor,849649,0x426cd2657dbdf87383b0497552f0f225a094ed9d,90,male,Dr. Sunita Narang,0xBcd4042DE499D14e55001CcbB24a551F3b954096,Care & Cure Pediatric & Maternity Hospital,Microbiology Tests,Dengue Duo NS1 Ag + IgM/IgG Antibody ELISA,Serum,"Dengue NS1 Antigen: POSITIVE, IgM: Reactive",Non-Reactive / Negative,POSITIVE_ABNORMAL,Medium,1400,Diagnostic Laboratory Reports,Consent Verified (Active on Blockchain),AES-256-GCM,vault-transit-key-0x426cd265,Qm351123da24c3da67ca130f10f7b99402f483a3a30e5d,Pinata Dedicated IPFS Gateway,0.0.4891024,5449,2026-09-13 12:03:31 UTC,0xa9b643712a09c843e509eb760f9e2fd529741576782b00a7ac1fbf64a4f2f04d,0.0001
LAB-REP-00450,ACC-LAB-001-000450,Apex Diagnostic Reference Labs,0x04Fee3FD1B338d12FFD6dBD8d66dE1e8e0BB99cB,NABL-MC-2091,"Dr. Sunita Narang, MD Path",Divya Agarwal,849650,0xbac32a3864f487a7d6529caf006fa2e4c8cadc74,16,female,Dr. Sunita Narang,0xBcd4042DE499D14e55001CcbB24a551F3b954096,Apex Diagnostic & Pathology Hub,Endocrinology Tests,"Thyroid Function Panel (TSH, Free T3, Free T4)",Serum,"TSH: 6.8 uIU/mL (Hypothyroid), FT4: 0.72 ng/dL (Low)","TSH: 0.45-4.5 uIU/mL, FT3: 2.0-4.4 pg/mL, FT4: 0.8-1.8 ng/dL",LOW,Low,750,Diagnostic Laboratory Reports,Consent Verified (Active on Blockchain),AES-256-GCM,vault-transit-key-0xbac32a38,Qm14e9caaf1884e8d5c93c2adb1088d470e6487c17560c,Pinata Dedicated IPFS Gateway,0.0.4891024,5450,2026-09-13 12:03:33 UTC,0xcb3fa7b76ba70ff35a836f2d8dfcaea2cac49ea097f44766239f710f1a000681,0.0001
LAB-REP-00451,ACC-LAB-002-000451,Dr. Lal PathLabs Central Reference Hub,0x976EA74026E726554dB657fA54763abd0C3a0aa9,NABL-MC-1044,"Dr. Arvind Lal, FRCPath",Varun Mehta,849651,0xe009961c96d0e70efe9b3325ce5e4d388dc54570,17,male,Dr. Rohan Patel,0x976EA74026E726554dB657fA54763abd0C3a0aa9,Fortis Memorial Neuro & Trauma Center,Pathology / Biopsy,Core Needle Biopsy Histopathology & Immunohistochemistry,Tissue Biopsy in 10% Formalin,"Infiltrating Ductal Carcinoma Grade 2, ER 85%+, PR 60%+, HER2/neu Negative",Benign / No malignancy,MALIGNANT_POSITIVE,High - Genomic/Oncology,4500,Diagnostic Laboratory Reports,Consent Verified (Active on Blockchain),AES-256-GCM,vault-transit-key-0xe009961c,Qm339cfafe6915ba7586b472f567c9e5b6277ab8572d6d,Pinata Dedicated IPFS Gateway,0.0.4891024,5451,2026-09-13 12:03:35 UTC,0xbe64683873c8592bdd8bf993824b6c0ff7b124fbf79d9578d7f4934bbd38d73e,0.0001
LAB-REP-00452,ACC-LAB-004-000452,Apollo Diagnostics Advanced Enclave,0x23618e81E3f5cdF7f54C3d65f7FBc0aBf5B21E8f,NABL-MC-5102,"Dr. Shanti Swaminathan, MD",Ananya Joshi,849652,0xa6c9afaac2266d0bf291b9af6c535b53429ac798,18,female,Dr. Sunita Narang,0xBcd4042DE499D14e55001CcbB24a551F3b954096,Max Super Speciality Cancer Institute,Microbiology Tests,Dengue Duo NS1 Ag + IgM/IgG Antibody ELISA,Serum,"Dengue NS1 Antigen: POSITIVE, IgM: Reactive",Non-Reactive / Negative,POSITIVE_ABNORMAL,Medium,1400,Diagnostic Laboratory Reports,Consent Verified (Active on Blockchain),AES-256-GCM,vault-transit-key-0xa6c9afaa,Qm88a149cbd5a49f768de0d1205b163cbf738dbbb4f20b,Pinata Dedicated IPFS Gateway,0.0.4891024,5452,2026-09-13 12:03:37 UTC,0x31e4db08f595cc62f34d82930bb3a7edbd8b6a05910b12d40c80da395d6d1823,0.0001
LAB-REP-00453,ACC-LAB-005-000453,SRL Diagnostics Regional Core Lab,0xa0Ee7A142d267C1f36714E4a8F75612F20a79720,NABL-MC-4491,"Dr. Ramesh Sarin, DNB Path",Meera Pillai,849653,0xac739f3c944b5f856f2d5abe69ee877e207e8a8d,19,male,Dr. Preeti Deshmukh,0x23618e81E3f5cdF7f54C3d65f7FBc0aBf5B21E8f,Apex Diagnostic & Pathology Hub,Cardiology Tests,High-Sensitivity Cardiac Troponin-I (hs-cTnI),Serum / Plasma,hs-cTnI: 1850 ng/L (Markedly Elevated Acute Myocardial Infarction),< 14 ng/L (99th Percentile Upper Reference Limit),CRITICAL_ALERT,Medium,1800,Diagnostic Laboratory Reports,Consent Verified (Active on Blockchain),AES-256-GCM,vault-transit-key-0xac739f3c,Qm4a0f54a3412d74cd331730a71109ba83024892425137,Pinata Dedicated IPFS Gateway,0.0.4891024,5453,2026-09-13 12:03:39 UTC,0x2b45c2eaef80393d4594068f134d77b4a2d4c1ae6f041c7c8fcb086f59c1bd5e,0.0001
LAB-REP-00454,ACC-LAB-003-000454,Metropolis Healthcare Molecular Laboratory,0x14dC79964da2C08b23698B3D3cc7Ca32193d9955,NABL-MC-3819,"Dr. Nilesh Shah, MD",Aditi Menon,849654,0xf0bfb214f01153b58c1a6699133879472b2296b4,20,female,Dr. Sunita Narang,0xBcd4042DE499D14e55001CcbB24a551F3b954096,Fortis Memorial Neuro & Trauma Center,Blood Tests,Complete Blood Count (CBC),Whole Blood (EDTA),"Hb: 13.5 g/dL, WBC: 7200 /uL, Platelets: 2.4 Lakhs/uL","Hb: 12-16 g/dL, WBC: 4000-11000 /uL, Platelets: 1.5-4.5 Lakhs/uL",NORMAL,Low,450,Diagnostic Laboratory Reports,Consent Verified (Active on Blockchain),AES-256-GCM,vault-transit-key-0xf0bfb214,Qmde3cc99cce72e9c215c8222c59d9431102c76152c95f,Pinata Dedicated IPFS Gateway,0.0.4891024,5454,2026-09-13 12:03:42 UTC,0xa87ff1ee4bb2625824e31ecbf12e79529a4b76c7aa78816897f5034194764ff8,0.0001
LAB-REP-00455,ACC-LAB-001-000455,Apex Diagnostic Reference Labs,0x04Fee3FD1B338d12FFD6dBD8d66dE1e8e0BB99cB,NABL-MC-2091,"Dr. Sunita Narang, MD Path",Kavya Gupta,849655,0x5bbecef55f57f085c163e0f13d5495388c827412,21,male,Dr. Preeti Deshmukh,0x23618e81E3f5cdF7f54C3d65f7FBc0aBf5B21E8f,Care & Cure Pediatric & Maternity Hospital,Blood Tests,Complete Blood Count (CBC),Whole Blood (EDTA),"Hb: 13.5 g/dL, WBC: 7200 /uL, Platelets: 2.4 Lakhs/uL","Hb: 12-16 g/dL, WBC: 4000-11000 /uL, Platelets: 1.5-4.5 Lakhs/uL",NORMAL,Low,450,Diagnostic Laboratory Reports,Emergency Diagnostic Upload (Pending Verification),AES-256-GCM,vault-transit-key-0x5bbecef5,Qm698bdba8da8f5622e9aefdc7c19dd85e9a40966fd8f8,Pinata Dedicated IPFS Gateway,0.0.4891024,5455,2026-09-13 12:03:44 UTC,0xe3ed6b2791e339d2c0833af8cf43f9832aa3a75b4fc19d0a93218597aec4dfee,0.0001
LAB-REP-00456,ACC-LAB-004-000456,Apollo Diagnostics Advanced Enclave,0x23618e81E3f5cdF7f54C3d65f7FBc0aBf5B21E8f,NABL-MC-5102,"Dr. Shanti Swaminathan, MD",Deepak Pandey,849656,0x020539982e9bf266bc2fc56c1a58a5823c6c3d7d,22,female,Dr. Preeti Deshmukh,0x23618e81E3f5cdF7f54C3d65f7FBc0aBf5B21E8f,Care & Cure Pediatric & Maternity Hospital,Blood Tests,Complete Blood Count (CBC),Whole Blood (EDTA),"Hb: 13.5 g/dL, WBC: 7200 /uL, Platelets: 2.4 Lakhs/uL","Hb: 12-16 g/dL, WBC: 4000-11000 /uL, Platelets: 1.5-4.5 Lakhs/uL",NORMAL,Low,450,Diagnostic Laboratory Reports,Consent Verified (Active on Blockchain),AES-256-GCM,vault-transit-key-0x02053998,Qmeb03b8e325d5fd88b6b210713ef0035dcf756fc896b9,Pinata Dedicated IPFS Gateway,0.0.4891024,5456,2026-09-13 12:03:46 UTC,0x3cec03663d3cf7b2bdbe69d9476070579bb78ddd136016c05b6b07861c635466,0.0001
LAB-REP-00457,ACC-LAB-002-000457,Dr. Lal PathLabs Central Reference Hub,0x976EA74026E726554dB657fA54763abd0C3a0aa9,NABL-MC-1044,"Dr. Arvind Lal, FRCPath",Deepak Joshi,849657,0xc377eb2071768458ce8ecffae797314c01f0a440,23,male,Dr. Rohan Patel,0x976EA74026E726554dB657fA54763abd0C3a0aa9,Apollo Multispecialty Hospital,Endocrinology Tests,"Thyroid Function Panel (TSH, Free T3, Free T4)",Serum,"TSH: 6.8 uIU/mL (Hypothyroid), FT4: 0.72 ng/dL (Low)","TSH: 0.45-4.5 uIU/mL, FT3: 2.0-4.4 pg/mL, FT4: 0.8-1.8 ng/dL",LOW,Low,750,Diagnostic Laboratory Reports,Consent Verified (Active on Blockchain),AES-256-GCM,vault-transit-key-0xc377eb20,Qmb2fb4f6554c6d80c2b101a29225a8d7c19b9d04960f6,Pinata Dedicated IPFS Gateway,0.0.4891024,5457,2026-09-13 12:03:49 UTC,0xe40bba163b9a5e2b82b09fdb4db625180e35238707434088b7f5819cb7f597a2,0.0001
LAB-REP-00458,ACC-LAB-002-000458,Dr. Lal PathLabs Central Reference Hub,0x976EA74026E726554dB657fA54763abd0C3a0aa9,NABL-MC-1044,"Dr. Arvind Lal, FRCPath",Lata Saxena,849658,0x11428daa8d588925d1f677878c03f7f429475664,24,female,Dr. Sunita Narang,0xBcd4042DE499D14e55001CcbB24a551F3b954096,Apex Diagnostic & Pathology Hub,Microbiology Tests,Dengue Duo NS1 Ag + IgM/IgG Antibody ELISA,Serum,"Dengue NS1 Antigen: POSITIVE, IgM: Reactive",Non-Reactive / Negative,POSITIVE_ABNORMAL,Medium,1400,Diagnostic Laboratory Reports,Consent Verified (Active on Blockchain),AES-256-GCM,vault-transit-key-0x11428daa,Qme1030cd299dfad3551e11b8a8ba36fc4cd1e0d63a6fb,Pinata Dedicated IPFS Gateway,0.0.4891024,5458,2026-09-13 12:03:51 UTC,0x73fac68cfea5d31133b5b1a48c41da56a35f6ca63c2aacac0bfaba56686bd6b0,0.0001
LAB-REP-00459,ACC-LAB-002-000459,Dr. Lal PathLabs Central Reference Hub,0x976EA74026E726554dB657fA54763abd0C3a0aa9,NABL-MC-1044,"Dr. Arvind Lal, FRCPath",Geeta Malhotra,849659,0xa5c548954156f6d30dfb99e6cd892783c851ac86,25,male,Dr. Ananya Roy,0x9965507D1a55bcC2695C58ba16FB37d819B0A4dc,Apollo Multispecialty Hospital,Cardiology Tests,High-Sensitivity Cardiac Troponin-I (hs-cTnI),Serum / Plasma,hs-cTnI: 1850 ng/L (Markedly Elevated Acute Myocardial Infarction),< 14 ng/L (99th Percentile Upper Reference Limit),CRITICAL_ALERT,Medium,1800,Diagnostic Laboratory Reports,Consent Verified (Active on Blockchain),AES-256-GCM,vault-transit-key-0xa5c54895,Qm3bfb3cd9acb732f05edab055242d90bcb72ea122667a,Pinata Dedicated IPFS Gateway,0.0.4891024,5459,2026-09-13 12:03:53 UTC,0xe9cb2e401bdaa21687754add4fadd19231b49e94362187f226ddf4bd19c99267,0.0001
LAB-REP-00460,ACC-LAB-002-000460,Dr. Lal PathLabs Central Reference Hub,0x976EA74026E726554dB657fA54763abd0C3a0aa9,NABL-MC-1044,"Dr. Arvind Lal, FRCPath",Sakshi Swaminathan,849660,0xb317c6a5d07aacf67ed931a780d59c60e4f2f8a0,26,female,Dr. Sunita Narang,0xBcd4042DE499D14e55001CcbB24a551F3b954096,Max Super Speciality Cancer Institute,Endocrinology Tests,"Thyroid Function Panel (TSH, Free T3, Free T4)",Serum,"TSH: 6.8 uIU/mL (Hypothyroid), FT4: 0.72 ng/dL (Low)","TSH: 0.45-4.5 uIU/mL, FT3: 2.0-4.4 pg/mL, FT4: 0.8-1.8 ng/dL",LOW,Low,750,Diagnostic Laboratory Reports,Consent Verified (Active on Blockchain),AES-256-GCM,vault-transit-key-0xb317c6a5,Qmca078b5fb0de801c62dcef80b5ce33633cb18603a5cd,Pinata Dedicated IPFS Gateway,0.0.4891024,5460,2026-09-13 12:03:55 UTC,0x105510375883fcd2a5f1b049e0331ac9aa789cd34edf2b24fd4ca953144b2431,0.0001
LAB-REP-00461,ACC-LAB-004-000461,Apollo Diagnostics Advanced Enclave,0x23618e81E3f5cdF7f54C3d65f7FBc0aBf5B21E8f,NABL-MC-5102,"Dr. Shanti Swaminathan, MD",Aarav Pandey,849661,0x4e0c1dd5b86527562bc1f1fe4dda9274753700d9,27,male,Dr. Sunita Narang,0xBcd4042DE499D14e55001CcbB24a551F3b954096,Fortis Memorial Neuro & Trauma Center,Microbiology Tests,Dengue Duo NS1 Ag + IgM/IgG Antibody ELISA,Serum,"Dengue NS1 Antigen: POSITIVE, IgM: Reactive",Non-Reactive / Negative,POSITIVE_ABNORMAL,Medium,1400,Diagnostic Laboratory Reports,Consent Verified (Active on Blockchain),AES-256-GCM,vault-transit-key-0x4e0c1dd5,Qmfaf6a747d9257b1bd3d27beaa8a35c18662b7dfa68ae,Pinata Dedicated IPFS Gateway,0.0.4891024,5461,2026-09-13 12:03:57 UTC,0xcef4d6c0cb83660d831e57b18f657223896678cc29c4d1c01687f1bebe9fbfac,0.0001
LAB-REP-00462,ACC-LAB-002-000462,Dr. Lal PathLabs Central Reference Hub,0x976EA74026E726554dB657fA54763abd0C3a0aa9,NABL-MC-1044,"Dr. Arvind Lal, FRCPath",Lata Choudhury,849662,0x97668205376531663ed13d6e1fc5c3ac0466aa84,28,female,Dr. Sarah Jenkins,0x04Fee3FD1B338d12FFD6dBD8d66dE1e8e0BB99cB,Max Super Speciality Cancer Institute,Imaging / Radiology,High-Resolution Non-Contrast Brain CT Scan,Radiological DICOM Imaging,"Small left temporal hemorrhagic contusion, no mass effect",No acute intracranial hemorrhage or midline shift,ABNORMAL_FINDING,Medium,3200,Diagnostic Laboratory Reports,Consent Verified (Active on Blockchain),AES-256-GCM,vault-transit-key-0x97668205,Qm22c9f0ce2e80f0e013a57f91addd8b7f67c351a83a5e,Pinata Dedicated IPFS Gateway,0.0.4891024,5462,2026-09-13 12:04:00 UTC,0x310713577672e3eed39a6b1563db20ea0708ebf3382d6b7f466d1b212d4de7a0,0.0001
LAB-REP-00463,ACC-LAB-001-000463,Apex Diagnostic Reference Labs,0x04Fee3FD1B338d12FFD6dBD8d66dE1e8e0BB99cB,NABL-MC-2091,"Dr. Sunita Narang, MD Path",Priyanka Swaminathan,849663,0xbb55a890e5a0c281ccf5f76f9fd21c0bff903f74,29,male,Dr. Preeti Deshmukh,0x23618e81E3f5cdF7f54C3d65f7FBc0aBf5B21E8f,Max Super Speciality Cancer Institute,Kidney Function Tests,Renal Function Profile (KFT),Serum,"BUN: 14 mg/dL, Creatinine: 0.9 mg/dL, eGFR: 92 mL/min","BUN: 7-20 mg/dL, Creatinine: 0.6-1.2 mg/dL, eGFR: >60 mL/min",NORMAL,Low,850,Diagnostic Laboratory Reports,Emergency Diagnostic Upload (Pending Verification),AES-256-GCM,vault-transit-key-0xbb55a890,Qm72df55c5e90b8829ba3eb7dd015268a48e38d8021546,Pinata Dedicated IPFS Gateway,0.0.4891024,5463,2026-09-13 12:04:02 UTC,0x232a9345a76ab0ab0e9d4698c1a9f1a48394ea88b5a7779889894649679976ad,0.0001
LAB-REP-00464,ACC-LAB-003-000464,Metropolis Healthcare Molecular Laboratory,0x14dC79964da2C08b23698B3D3cc7Ca32193d9955,NABL-MC-3819,"Dr. Nilesh Shah, MD",Aditi Reddy,849664,0xf215ff90cfe7d6bd8e79789fd1261ae54ffbfd76,30,female,Dr. Vikram Seth,0x15d34AAf54267DB7D7c367839AAf71A00a2C6A65,Apex Diagnostic & Pathology Hub,Microbiology Tests,Dengue Duo NS1 Ag + IgM/IgG Antibody ELISA,Serum,"Dengue NS1 Antigen: POSITIVE, IgM: Reactive",Non-Reactive / Negative,POSITIVE_ABNORMAL,Medium,1400,Diagnostic Laboratory Reports,Emergency Diagnostic Upload (Pending Verification),AES-256-GCM,vault-transit-key-0xf215ff90,Qm9b0c5e7b22c3cead397e613254628cc506b6644cc877,Pinata Dedicated IPFS Gateway,0.0.4891024,5464,2026-09-13 12:04:04 UTC,0x26cd36ecd78e9c515fa5eaf3a5e5952c2c13f0ef3e1769305a01d5faa90fcab7,0.0001
LAB-REP-00465,ACC-LAB-005-000465,SRL Diagnostics Regional Core Lab,0xa0Ee7A142d267C1f36714E4a8F75612F20a79720,NABL-MC-4491,"Dr. Ramesh Sarin, DNB Path",Aditi Joshi,849665,0x5b0d5202b30732f700f742a7f50481d84b273caa,31,male,Dr. Rajesh Sharma,0x3c44CdDdB6a900fa2b585dd299e03d12FA4293BC,Apollo Multispecialty Hospital,Microbiology Tests,Dengue Duo NS1 Ag + IgM/IgG Antibody ELISA,Serum,"Dengue NS1 Antigen: POSITIVE, IgM: Reactive",Non-Reactive / Negative,POSITIVE_ABNORMAL,Medium,1400,Diagnostic Laboratory Reports,Consent Verified (Active on Blockchain),AES-256-GCM,vault-transit-key-0x5b0d5202,Qm2d2d4dbcd88395e689dc3e8bd92df2d49974f03c5b6d,Pinata Dedicated IPFS Gateway,0.0.4891024,5465,2026-09-13 12:04:06 UTC,0xd036510f89f8de6b75b489bbb70d2f828230b80bd92221b5772bd637753935f6,0.0001
LAB-REP-00466,ACC-LAB-001-000466,Apex Diagnostic Reference Labs,0x04Fee3FD1B338d12FFD6dBD8d66dE1e8e0BB99cB,NABL-MC-2091,"Dr. Sunita Narang, MD Path",Vikas Iyer,849666,0x7b8d1d9180d4d222587dff57659efb11d1c7d292,32,female,Dr. Vikram Seth,0x15d34AAf54267DB7D7c367839AAf71A00a2C6A65,Fortis Memorial Neuro & Trauma Center,Microbiology Tests,Dengue Duo NS1 Ag + IgM/IgG Antibody ELISA,Serum,"Dengue NS1 Antigen: POSITIVE, IgM: Reactive",Non-Reactive / Negative,POSITIVE_ABNORMAL,Medium,1400,Diagnostic Laboratory Reports,Consent Verified (Active on Blockchain),AES-256-GCM,vault-transit-key-0x7b8d1d91,Qmf52b132db2085a247a16f3309c37bc9dde0481e8bff6,Pinata Dedicated IPFS Gateway,0.0.4891024,5466,2026-09-13 12:04:08 UTC,0x6994e34ebb1fd7977db0bf2f8bbb11d8d625e038f1493d7cad5d26b3a69f340e,0.0001
LAB-REP-00467,ACC-LAB-005-000467,SRL Diagnostics Regional Core Lab,0xa0Ee7A142d267C1f36714E4a8F75612F20a79720,NABL-MC-4491,"Dr. Ramesh Sarin, DNB Path",Pranav Pandey,849667,0xed6a5bc5e47074ac0327cf9f3e65017d0dce612d,33,male,Dr. Preeti Deshmukh,0x23618e81E3f5cdF7f54C3d65f7FBc0aBf5B21E8f,Fortis Memorial Neuro & Trauma Center,Pathology / Biopsy,Core Needle Biopsy Histopathology & Immunohistochemistry,Tissue Biopsy in 10% Formalin,"Infiltrating Ductal Carcinoma Grade 2, ER 85%+, PR 60%+, HER2/neu Negative",Benign / No malignancy,MALIGNANT_POSITIVE,High - Genomic/Oncology,4500,Diagnostic Laboratory Reports,Consent Verified (Active on Blockchain),AES-256-GCM,vault-transit-key-0xed6a5bc5,Qmada28bc1a593f12d2418bc48000e10f79e891e1c6b61,Pinata Dedicated IPFS Gateway,0.0.4891024,5467,2026-09-13 12:04:11 UTC,0x1888c6b58d0742614f0537a8981652007ee35fe0772dcbdc04f4cccd57200f3c,0.0001
LAB-REP-00468,ACC-LAB-002-000468,Dr. Lal PathLabs Central Reference Hub,0x976EA74026E726554dB657fA54763abd0C3a0aa9,NABL-MC-1044,"Dr. Arvind Lal, FRCPath",Arjun Pillai,849668,0xd212a638529be1d44ff9c1bf49032135e2b37a21,34,female,Dr. Sunita Narang,0xBcd4042DE499D14e55001CcbB24a551F3b954096,Apollo Multispecialty Hospital,Endocrinology Tests,"Thyroid Function Panel (TSH, Free T3, Free T4)",Serum,"TSH: 6.8 uIU/mL (Hypothyroid), FT4: 0.72 ng/dL (Low)","TSH: 0.45-4.5 uIU/mL, FT3: 2.0-4.4 pg/mL, FT4: 0.8-1.8 ng/dL",LOW,Low,750,Diagnostic Laboratory Reports,Consent Verified (Active on Blockchain),AES-256-GCM,vault-transit-key-0xd212a638,Qma0dc5bf12ec247032f054617f097547d2cc6794523ea,Pinata Dedicated IPFS Gateway,0.0.4891024,5468,2026-09-13 12:04:13 UTC,0xa4084869bae04ffa97a4f4963a8c2e325bee4b1cb6ab25b1f90257e707a3d84d,0.0001
LAB-REP-00469,ACC-LAB-005-000469,SRL Diagnostics Regional Core Lab,0xa0Ee7A142d267C1f36714E4a8F75612F20a79720,NABL-MC-4491,"Dr. Ramesh Sarin, DNB Path",Tanvi Chatterjee,849669,0x11bc3389e3dceddde3c053d04f341d331ff81251,35,male,Dr. Sunita Narang,0xBcd4042DE499D14e55001CcbB24a551F3b954096,Apollo Multispecialty Hospital,Endocrinology Tests,HbA1c Glycated Hemoglobin,Whole Blood (EDTA),HbA1c: 7.6% (Diabetic Range),"<5.7% Normal, 5.7-6.4% Prediabetes, >=6.5% Diabetes",HIGH,Low,650,Diagnostic Laboratory Reports,Consent Verified (Active on Blockchain),AES-256-GCM,vault-transit-key-0x11bc3389,Qm82e5b718b14ea70f09871294cba644bd6a2e7380c025,Pinata Dedicated IPFS Gateway,0.0.4891024,5469,2026-09-13 12:04:16 UTC,0x2cbbc371b309834663d955c80a0de09f180c11bc872e921b05edd90a7231cf5d,0.0001
LAB-REP-00470,ACC-LAB-002-000470,Dr. Lal PathLabs Central Reference Hub,0x976EA74026E726554dB657fA54763abd0C3a0aa9,NABL-MC-1044,"Dr. Arvind Lal, FRCPath",Rakesh Shetty,849670,0x1dd4ad4a17a209c10051c38b71a68d5fdf4b635b,36,female,Dr. Preeti Deshmukh,0x23618e81E3f5cdF7f54C3d65f7FBc0aBf5B21E8f,Apollo Multispecialty Hospital,Kidney Function Tests,Renal Function Profile (KFT),Serum,"BUN: 14 mg/dL, Creatinine: 0.9 mg/dL, eGFR: 92 mL/min","BUN: 7-20 mg/dL, Creatinine: 0.6-1.2 mg/dL, eGFR: >60 mL/min",NORMAL,Low,850,Diagnostic Laboratory Reports,Consent Verified (Active on Blockchain),AES-256-GCM,vault-transit-key-0x1dd4ad4a,Qm8f42b901e5d7d2a6efc92f5f06a4f512525c6ceb4abd,Pinata Dedicated IPFS Gateway,0.0.4891024,5470,2026-09-13 12:04:18 UTC,0xea43a9d381a56de5d4bfe2c9206dffb775aa3b4e7664a10b6a1b8bc08374a98b,0.0001
LAB-REP-00471,ACC-LAB-004-000471,Apollo Diagnostics Advanced Enclave,0x23618e81E3f5cdF7f54C3d65f7FBc0aBf5B21E8f,NABL-MC-5102,"Dr. Shanti Swaminathan, MD",Arjun Reddy,849671,0x8804142593d55255211c06ea2af3fcb26b7c8222,37,male,Dr. Preeti Deshmukh,0x23618e81E3f5cdF7f54C3d65f7FBc0aBf5B21E8f,Fortis Memorial Neuro & Trauma Center,Imaging / Radiology,Whole Body PET-CT Oncology Scan,18F-FDG Radiotracer DICOM,"Hypermetabolic primary lesion, SUVmax 9.2, no distant metastases","Physiological FDG biodistribution, no hypermetabolic malignancy",ABNORMAL_FINDING,High - Genomic/Oncology,18500,Diagnostic Laboratory Reports,Consent Verified (Active on Blockchain),AES-256-GCM,vault-transit-key-0x88041425,Qm8086148edf9d8c0829991f137cee636eb6aab4c67d1d,Pinata Dedicated IPFS Gateway,0.0.4891024,5471,2026-09-13 12:04:20 UTC,0xf0711ed689c726811b19ca8f9523a1a79e1ef732b5f33d58e080c9e0b6a33263,0.0001
LAB-REP-00472,ACC-LAB-005-000472,SRL Diagnostics Regional Core Lab,0xa0Ee7A142d267C1f36714E4a8F75612F20a79720,NABL-MC-4491,"Dr. Ramesh Sarin, DNB Path",Manish Swaminathan,849672,0xe80d0e71b4397e9d50b8458a4c8c2e194d65147c,38,female,Dr. Sarah Jenkins,0x04Fee3FD1B338d12FFD6dBD8d66dE1e8e0BB99cB,Fortis Memorial Neuro & Trauma Center,Blood Tests,Complete Blood Count (CBC),Whole Blood (EDTA),"Hb: 13.5 g/dL, WBC: 7200 /uL, Platelets: 2.4 Lakhs/uL","Hb: 12-16 g/dL, WBC: 4000-11000 /uL, Platelets: 1.5-4.5 Lakhs/uL",NORMAL,Low,450,Diagnostic Laboratory Reports,Consent Verified (Active on Blockchain),AES-256-GCM,vault-transit-key-0xe80d0e71,Qmaed9c4708dddc2d2738df495c8654fc5043bb3edb22c,Pinata Dedicated IPFS Gateway,0.0.4891024,5472,2026-09-13 12:04:22 UTC,0x38fffeaa5d66add80ad1ec471796f7ff6b0d822c08bdf36479b66b32e3a2b1ca,0.0001
LAB-REP-00473,ACC-LAB-001-000473,Apex Diagnostic Reference Labs,0x04Fee3FD1B338d12FFD6dBD8d66dE1e8e0BB99cB,NABL-MC-2091,"Dr. Sunita Narang, MD Path",Ishaan Chatterjee,849673,0x6507360e48bee627816534085c9f9a2928251960,39,male,Dr. Rohan Patel,0x976EA74026E726554dB657fA54763abd0C3a0aa9,Max Super Speciality Cancer Institute,Endocrinology Tests,HbA1c Glycated Hemoglobin,Whole Blood (EDTA),HbA1c: 7.6% (Diabetic Range),"<5.7% Normal, 5.7-6.4% Prediabetes, >=6.5% Diabetes",HIGH,Low,650,Diagnostic Laboratory Reports,Consent Verified (Active on Blockchain),AES-256-GCM,vault-transit-key-0x6507360e,Qma9cde70f0eec40aec4fa128f9514235cd59e4a08d3da,Pinata Dedicated IPFS Gateway,0.0.4891024,5473,2026-09-13 12:04:24 UTC,0x6c16232598420bccc5dfc262fef148ff9bd1473cf430eaa942b485b881b12681,0.0001
LAB-REP-00474,ACC-LAB-001-000474,Apex Diagnostic Reference Labs,0x04Fee3FD1B338d12FFD6dBD8d66dE1e8e0BB99cB,NABL-MC-2091,"Dr. Sunita Narang, MD Path",Vikas Swaminathan,849674,0x6cc7f5f8ef7e00184e4ac311e9fa10f5ca227e56,40,female,Dr. Rajesh Sharma,0x3c44CdDdB6a900fa2b585dd299e03d12FA4293BC,Apollo Multispecialty Hospital,Cardiology Tests,High-Sensitivity Cardiac Troponin-I (hs-cTnI),Serum / Plasma,hs-cTnI: 1850 ng/L (Markedly Elevated Acute Myocardial Infarction),< 14 ng/L (99th Percentile Upper Reference Limit),CRITICAL_ALERT,Medium,1800,Diagnostic Laboratory Reports,Consent Verified (Active on Blockchain),AES-256-GCM,vault-transit-key-0x6cc7f5f8,Qm144067c0ca4e17fb01c97eb6247b8af88952a45d8a0b,Pinata Dedicated IPFS Gateway,0.0.4891024,5474,2026-09-13 12:04:26 UTC,0x00b0fde5821c7f36dad6f6f8d88c98ddd53170e8069dc5a790f8345a854934f5,0.0001
LAB-REP-00475,ACC-LAB-001-000475,Apex Diagnostic Reference Labs,0x04Fee3FD1B338d12FFD6dBD8d66dE1e8e0BB99cB,NABL-MC-2091,"Dr. Sunita Narang, MD Path",Chetan Kulkarni,849675,0x213615bcd966f604d87748ed5f7faf436d9350d2,41,male,Dr. Ananya Roy,0x9965507D1a55bcC2695C58ba16FB37d819B0A4dc,Max Super Speciality Cancer Institute,Endocrinology Tests,HbA1c Glycated Hemoglobin,Whole Blood (EDTA),HbA1c: 7.6% (Diabetic Range),"<5.7% Normal, 5.7-6.4% Prediabetes, >=6.5% Diabetes",HIGH,Low,650,Diagnostic Laboratory Reports,Consent Verified (Active on Blockchain),AES-256-GCM,vault-transit-key-0x213615bc,Qm57617e1c0772c4f7ea6ef76bb70aac5501df3549f255,Pinata Dedicated IPFS Gateway,0.0.4891024,5475,2026-09-13 12:04:29 UTC,0xc42932b465b0d19fbb511ed0a69fa0f6a96c325f1c6efce05c668a8f8d409cb6,0.0001
LAB-REP-00476,ACC-LAB-005-000476,SRL Diagnostics Regional Core Lab,0xa0Ee7A142d267C1f36714E4a8F75612F20a79720,NABL-MC-4491,"Dr. Ramesh Sarin, DNB Path",Madhav Kapoor,849676,0xdc74095f4a4afcb7e9c03f853ec31148e9029570,42,female,Dr. Rajesh Sharma,0x3c44CdDdB6a900fa2b585dd299e03d12FA4293BC,Fortis Memorial Neuro & Trauma Center,Liver Function Tests,Liver Function Profile (LFT),Serum,"ALT: 88 U/L (High), AST: 74 U/L (High), Total Bili: 1.8 mg/dL","ALT: 7-56 U/L, AST: 10-40 U/L, Bilirubin: 0.1-1.2 mg/dL",HIGH,Low,950,Diagnostic Laboratory Reports,Consent Verified (Active on Blockchain),AES-256-GCM,vault-transit-key-0xdc74095f,Qm5a4b26de62ce1b3c481dfd98a2f98b21a8bd6d34c1c8,Pinata Dedicated IPFS Gateway,0.0.4891024,5476,2026-09-13 12:04:31 UTC,0x879ed5a5cc128b0f5cd8722fdd621cd2717471220e3b6c7634a15f97be9b8673,0.0001
LAB-REP-00477,ACC-LAB-001-000477,Apex Diagnostic Reference Labs,0x04Fee3FD1B338d12FFD6dBD8d66dE1e8e0BB99cB,NABL-MC-2091,"Dr. Sunita Narang, MD Path",Aditi Shetty,849677,0x2c7dbc6d8bb4e35dcaeb0e473806dce0edd6bcf6,43,male,Dr. Ananya Roy,0x9965507D1a55bcC2695C58ba16FB37d819B0A4dc,Max Super Speciality Cancer Institute,Cardiology Tests,High-Sensitivity Cardiac Troponin-I (hs-cTnI),Serum / Plasma,hs-cTnI: 1850 ng/L (Markedly Elevated Acute Myocardial Infarction),< 14 ng/L (99th Percentile Upper Reference Limit),CRITICAL_ALERT,Medium,1800,Diagnostic Laboratory Reports,Consent Verified (Active on Blockchain),AES-256-GCM,vault-transit-key-0x2c7dbc6d,Qmf3552869dc0072a4627e2599978f07404bc89c7d639d,Pinata Dedicated IPFS Gateway,0.0.4891024,5477,2026-09-13 12:04:33 UTC,0xd79ce93a99e04e603cf4236f98d57269ec7ea8ec1cbb5861475c7598139d4a01,0.0001
LAB-REP-00478,ACC-LAB-002-000478,Dr. Lal PathLabs Central Reference Hub,0x976EA74026E726554dB657fA54763abd0C3a0aa9,NABL-MC-1044,"Dr. Arvind Lal, FRCPath",Sameer Saxena,849678,0xd72b72dc3193de3064394f45dc05b6626c029606,44,female,Dr. Preeti Deshmukh,0x23618e81E3f5cdF7f54C3d65f7FBc0aBf5B21E8f,Care & Cure Pediatric & Maternity Hospital,Pathology / Biopsy,Core Needle Biopsy Histopathology & Immunohistochemistry,Tissue Biopsy in 10% Formalin,"Infiltrating Ductal Carcinoma Grade 2, ER 85%+, PR 60%+, HER2/neu Negative",Benign / No malignancy,MALIGNANT_POSITIVE,High - Genomic/Oncology,4500,Diagnostic Laboratory Reports,Consent Verified (Active on Blockchain),AES-256-GCM,vault-transit-key-0xd72b72dc,Qm57997987e50185e559f0efc069227255d10dbe137886,Pinata Dedicated IPFS Gateway,0.0.4891024,5478,2026-09-13 12:04:35 UTC,0x9d282a381cf7d994747b0cfc4ab951a3a5c36b454349a1c3e3fd94c03b026e0c,0.0001
LAB-REP-00479,ACC-LAB-001-000479,Apex Diagnostic Reference Labs,0x04Fee3FD1B338d12FFD6dBD8d66dE1e8e0BB99cB,NABL-MC-2091,"Dr. Sunita Narang, MD Path",Tanvi Pandey,849679,0xbed65dcadcf7d8e9c189d7349b0a572f4cb07157,45,male,Dr. Ananya Roy,0x9965507D1a55bcC2695C58ba16FB37d819B0A4dc,Apex Diagnostic & Pathology Hub,Pathology / Biopsy,Core Needle Biopsy Histopathology & Immunohistochemistry,Tissue Biopsy in 10% Formalin,"Infiltrating Ductal Carcinoma Grade 2, ER 85%+, PR 60%+, HER2/neu Negative",Benign / No malignancy,MALIGNANT_POSITIVE,High - Genomic/Oncology,4500,Diagnostic Laboratory Reports,Consent Verified (Active on Blockchain),AES-256-GCM,vault-transit-key-0xbed65dca,Qm399597fe3ba8f304e1bbaf873e992a738ebc0fff42a1,Pinata Dedicated IPFS Gateway,0.0.4891024,5479,2026-09-13 12:04:38 UTC,0x0f726e193184ab9eb064cdece2124194f5981911226b207af6bfffc9131d6a75,0.0001
LAB-REP-00480,ACC-LAB-001-000480,Apex Diagnostic Reference Labs,0x04Fee3FD1B338d12FFD6dBD8d66dE1e8e0BB99cB,NABL-MC-2091,"Dr. Sunita Narang, MD Path",Siddharth Mukherjee,849680,0xcfdd1cac51237ef35d6f6840a961769d8029eaeb,46,female,Dr. Rajesh Sharma,0x3c44CdDdB6a900fa2b585dd299e03d12FA4293BC,Care & Cure Pediatric & Maternity Hospital,Endocrinology Tests,HbA1c Glycated Hemoglobin,Whole Blood (EDTA),HbA1c: 7.6% (Diabetic Range),"<5.7% Normal, 5.7-6.4% Prediabetes, >=6.5% Diabetes",HIGH,Low,650,Diagnostic Laboratory Reports,Consent Verified (Active on Blockchain),AES-256-GCM,vault-transit-key-0xcfdd1cac,Qm3ab38f96f6b0ddb5b2da3cb017dd677b7e6024699ba8,Pinata Dedicated IPFS Gateway,0.0.4891024,5480,2026-09-13 12:04:40 UTC,0x25932941738949e283464730630f171c62988af2f5970a0a16f184c1d6cbed20,0.0001
LAB-REP-00481,ACC-LAB-005-000481,SRL Diagnostics Regional Core Lab,0xa0Ee7A142d267C1f36714E4a8F75612F20a79720,NABL-MC-4491,"Dr. Ramesh Sarin, DNB Path",Harish Verma,849681,0xbc06decd5c34980ca8c06ae7994312c652904870,47,male,Dr. Rajesh Sharma,0x3c44CdDdB6a900fa2b585dd299e03d12FA4293BC,Apollo Multispecialty Hospital,Lipid Profile,Comprehensive Lipid Panel,Serum (Fasting 12h),"Total Chol: 235 mg/dL (High), LDL: 155 mg/dL, TG: 180 mg/dL","Chol: <200 mg/dL, HDL: >40 mg/dL, LDL: <100 mg/dL, TG: <150 mg/dL",HIGH,Low,850,Diagnostic Laboratory Reports,Consent Verified (Active on Blockchain),AES-256-GCM,vault-transit-key-0xbc06decd,Qmcd170cae4efb15bec96640d70e0b535075f60768e2b8,Pinata Dedicated IPFS Gateway,0.0.4891024,5481,2026-09-13 12:04:42 UTC,0xa2d8c0a53bcfff315bb09e748c19f9ae8b5bd1414fd34392b300d9686778ccf5,0.0001
LAB-REP-00482,ACC-LAB-002-000482,Dr. Lal PathLabs Central Reference Hub,0x976EA74026E726554dB657fA54763abd0C3a0aa9,NABL-MC-1044,"Dr. Arvind Lal, FRCPath",Arjun Kulkarni,849682,0x73c7eeae47aba5b4cb88c2f6daa0764a9414ae0a,48,female,Dr. Ananya Roy,0x9965507D1a55bcC2695C58ba16FB37d819B0A4dc,Max Super Speciality Cancer Institute,Pathology / Biopsy,Core Needle Biopsy Histopathology & Immunohistochemistry,Tissue Biopsy in 10% Formalin,"Infiltrating Ductal Carcinoma Grade 2, ER 85%+, PR 60%+, HER2/neu Negative",Benign / No malignancy,MALIGNANT_POSITIVE,High - Genomic/Oncology,4500,Diagnostic Laboratory Reports,Emergency Diagnostic Upload (Pending Verification),AES-256-GCM,vault-transit-key-0x73c7eeae,Qm8701253ade86d129c2ab5c9b3de768c23cdfaa11c6e8,Pinata Dedicated IPFS Gateway,0.0.4891024,5482,2026-09-13 12:04:44 UTC,0xe448e3a2ad3d104e3647a578fba37be52abdfc2b3e90683fbf2a75b582b7bdf3,0.0001
LAB-REP-00483,ACC-LAB-002-000483,Dr. Lal PathLabs Central Reference Hub,0x976EA74026E726554dB657fA54763abd0C3a0aa9,NABL-MC-1044,"Dr. Arvind Lal, FRCPath",Rakesh Deshmukh,849683,0x5202e6200c8947fe4103e4347b7682f6086a0bf2,49,male,Dr. Vikram Seth,0x15d34AAf54267DB7D7c367839AAf71A00a2C6A65,Apex Diagnostic & Pathology Hub,Endocrinology Tests,HbA1c Glycated Hemoglobin,Whole Blood (EDTA),HbA1c: 7.6% (Diabetic Range),"<5.7% Normal, 5.7-6.4% Prediabetes, >=6.5% Diabetes",HIGH,Low,650,Diagnostic Laboratory Reports,Consent Verified (Active on Blockchain),AES-256-GCM,vault-transit-key-0x5202e620,Qm1ff39bd15950d39556e141f640519d4af0b2a95748d7,Pinata Dedicated IPFS Gateway,0.0.4891024,5483,2026-09-13 12:04:47 UTC,0x37253012c568c1fc4ec6a8399a161bb552ad7d1029ce19b99c23230f0e00188e,0.0001
LAB-REP-00484,ACC-LAB-005-000484,SRL Diagnostics Regional Core Lab,0xa0Ee7A142d267C1f36714E4a8F75612F20a79720,NABL-MC-4491,"Dr. Ramesh Sarin, DNB Path",Rahul Mehta,849684,0x2867cb466bfb12287985b4f63eef5650292e886a,50,female,Dr. Preeti Deshmukh,0x23618e81E3f5cdF7f54C3d65f7FBc0aBf5B21E8f,Care & Cure Pediatric & Maternity Hospital,Blood Tests,Complete Blood Count (CBC),Whole Blood (EDTA),"Hb: 13.5 g/dL, WBC: 7200 /uL, Platelets: 2.4 Lakhs/uL (Borderline clinical correlation advised)","Hb: 12-16 g/dL, WBC: 4000-11000 /uL, Platelets: 1.5-4.5 Lakhs/uL",BORDERLINE,Low,450,Diagnostic Laboratory Reports,Consent Verified (Active on Blockchain),AES-256-GCM,vault-transit-key-0x2867cb46,Qm60d7434a30a9b4e6fd45a669cafc6ee21704520354bb,Pinata Dedicated IPFS Gateway,0.0.4891024,5484,2026-09-13 12:04:49 UTC,0xd54c63bbb1cec304d49c2f02ae8b3379214544febd8825ca6c703ac705cd6927,0.0001
LAB-REP-00485,ACC-LAB-002-000485,Dr. Lal PathLabs Central Reference Hub,0x976EA74026E726554dB657fA54763abd0C3a0aa9,NABL-MC-1044,"Dr. Arvind Lal, FRCPath",Riya Hegde,849685,0x68af170106b1de8dfab464071032ae8043cfb5ab,51,male,Dr. Vikram Seth,0x15d34AAf54267DB7D7c367839AAf71A00a2C6A65,Max Super Speciality Cancer Institute,Pathology / Biopsy,Core Needle Biopsy Histopathology & Immunohistochemistry,Tissue Biopsy in 10% Formalin,"Infiltrating Ductal Carcinoma Grade 2, ER 85%+, PR 60%+, HER2/neu Negative",Benign / No malignancy,MALIGNANT_POSITIVE,High - Genomic/Oncology,4500,Diagnostic Laboratory Reports,Emergency Diagnostic Upload (Pending Verification),AES-256-GCM,vault-transit-key-0x68af1701,Qm057ccedd4b988833db0544868677f4d33b9a2e9c1304,Pinata Dedicated IPFS Gateway,0.0.4891024,5485,2026-09-13 12:04:51 UTC,0xaf5b57f3b77748079e9783ffbb04cf9efbf779e886bc0e9186f73c717db9bfe4,0.0001
LAB-REP-00486,ACC-LAB-001-000486,Apex Diagnostic Reference Labs,0x04Fee3FD1B338d12FFD6dBD8d66dE1e8e0BB99cB,NABL-MC-2091,"Dr. Sunita Narang, MD Path",Tanvi Agarwal,849686,0x18f80352020aaecf361e897320edf2c8cf5c4144,52,female,Dr. Rohan Patel,0x976EA74026E726554dB657fA54763abd0C3a0aa9,Apollo Multispecialty Hospital,Metabolic Panel,Comprehensive Metabolic Panel (CMP),Serum,"Na: 138 mmol/L, K: 4.1 mmol/L, Creat: 1.05 mg/dL","Na: 135-145, K: 3.5-5.0, Creatinine: 0.7-1.3 mg/dL",NORMAL,Medium,1200,Diagnostic Laboratory Reports,Consent Verified (Active on Blockchain),AES-256-GCM,vault-transit-key-0x18f80352,Qmf6e8a1a1b2ae672d5a9222fb5473b8ae9b69ae02bb81,Pinata Dedicated IPFS Gateway,0.0.4891024,5486,2026-09-13 12:04:53 UTC,0x07b1887643d59cbda904f4f7dc999a6ab1bf684cb46ca58d16aafd0853799582,0.0001
LAB-REP-00487,ACC-LAB-005-000487,SRL Diagnostics Regional Core Lab,0xa0Ee7A142d267C1f36714E4a8F75612F20a79720,NABL-MC-4491,"Dr. Ramesh Sarin, DNB Path",Aarav Nair,849687,0xac1b8a16049e008edcf849250990020744c53b10,53,male,Dr. Vikram Seth,0x15d34AAf54267DB7D7c367839AAf71A00a2C6A65,Apex Diagnostic & Pathology Hub,Endocrinology Tests,"Thyroid Function Panel (TSH, Free T3, Free T4)",Serum,"TSH: 6.8 uIU/mL (Hypothyroid), FT4: 0.72 ng/dL (Low)","TSH: 0.45-4.5 uIU/mL, FT3: 2.0-4.4 pg/mL, FT4: 0.8-1.8 ng/dL",LOW,Low,750,Diagnostic Laboratory Reports,Consent Verified (Active on Blockchain),AES-256-GCM,vault-transit-key-0xac1b8a16,Qm333d3a536adf655620828233d5d077703976696f8b88,Pinata Dedicated IPFS Gateway,0.0.4891024,5487,2026-09-13 12:04:56 UTC,0xc31dc44be64ded0e3fd3d22c7966691863079fbddfdea2d1e83d216464449c2e,0.0001
LAB-REP-00488,ACC-LAB-005-000488,SRL Diagnostics Regional Core Lab,0xa0Ee7A142d267C1f36714E4a8F75612F20a79720,NABL-MC-4491,"Dr. Ramesh Sarin, DNB Path",Arjun Rao,849688,0x885fc05134196fab518d8c590c47d71e3ea1de43,54,female,Dr. Ananya Roy,0x9965507D1a55bcC2695C58ba16FB37d819B0A4dc,Care & Cure Pediatric & Maternity Hospital,Blood Tests,Complete Blood Count (CBC),Whole Blood (EDTA),"Hb: 13.5 g/dL, WBC: 7200 /uL, Platelets: 2.4 Lakhs/uL (Borderline clinical correlation advised)","Hb: 12-16 g/dL, WBC: 4000-11000 /uL, Platelets: 1.5-4.5 Lakhs/uL",BORDERLINE,Low,450,Diagnostic Laboratory Reports,Consent Verified (Active on Blockchain),AES-256-GCM,vault-transit-key-0x885fc051,Qm675a8479636bc6cf1c8661e959b7ded3480121806336,Pinata Dedicated IPFS Gateway,0.0.4891024,5488,2026-09-13 12:04:58 UTC,0x7427b19b25cb477eacf832ada89af02347ad3a0cf737119acd622d6e85c476ca,0.0001
LAB-REP-00489,ACC-LAB-002-000489,Dr. Lal PathLabs Central Reference Hub,0x976EA74026E726554dB657fA54763abd0C3a0aa9,NABL-MC-1044,"Dr. Arvind Lal, FRCPath",Siddharth Mehta,849689,0x85b10f6c7087ddd6e62434f6c5e570b910d4b890,55,male,Dr. Sunita Narang,0xBcd4042DE499D14e55001CcbB24a551F3b954096,Fortis Memorial Neuro & Trauma Center,Blood Tests,Complete Blood Count (CBC),Whole Blood (EDTA),"Hb: 13.5 g/dL, WBC: 7200 /uL, Platelets: 2.4 Lakhs/uL","Hb: 12-16 g/dL, WBC: 4000-11000 /uL, Platelets: 1.5-4.5 Lakhs/uL",NORMAL,Low,450,Diagnostic Laboratory Reports,Consent Verified (Active on Blockchain),AES-256-GCM,vault-transit-key-0x85b10f6c,Qm546bf2fb1b5c1fdaa7e4d200ef8913a717568732d4c3,Pinata Dedicated IPFS Gateway,0.0.4891024,5489,2026-09-13 12:05:01 UTC,0x29b214269e6416ab89aff49725e7db207a90b888410a1be49637c8246b4b53dc,0.0001
LAB-REP-00490,ACC-LAB-005-000490,SRL Diagnostics Regional Core Lab,0xa0Ee7A142d267C1f36714E4a8F75612F20a79720,NABL-MC-4491,"Dr. Ramesh Sarin, DNB Path",Varun Deshmukh,849690,0xe86a021f46dc7ca5b5a6853ca0732f7b37018ae3,56,female,Dr. Sunita Narang,0xBcd4042DE499D14e55001CcbB24a551F3b954096,Apollo Multispecialty Hospital,Imaging / Radiology,High-Resolution Non-Contrast Brain CT Scan,Radiological DICOM Imaging,"Small left temporal hemorrhagic contusion, no mass effect",No acute intracranial hemorrhage or midline shift,ABNORMAL_FINDING,Medium,3200,Diagnostic Laboratory Reports,Consent Verified (Active on Blockchain),AES-256-GCM,vault-transit-key-0xe86a021f,Qm4f3458618fa5c79acc653a24c02eabe4d2d4783af9c8,Pinata Dedicated IPFS Gateway,0.0.4891024,5490,2026-09-13 12:05:03 UTC,0x35109f9f939968cae63d51591f09735a41482353d3b31b13e250071431732b5c,0.0001
LAB-REP-00491,ACC-LAB-003-000491,Metropolis Healthcare Molecular Laboratory,0x14dC79964da2C08b23698B3D3cc7Ca32193d9955,NABL-MC-3819,"Dr. Nilesh Shah, MD",Shreya Gowda,849691,0xa5d2ec20fb799169f4b068c4e2a6b10f3bde8fb4,57,male,Dr. Preeti Deshmukh,0x23618e81E3f5cdF7f54C3d65f7FBc0aBf5B21E8f,Apollo Multispecialty Hospital,Lipid Profile,Comprehensive Lipid Panel,Serum (Fasting 12h),"Total Chol: 235 mg/dL (High), LDL: 155 mg/dL, TG: 180 mg/dL","Chol: <200 mg/dL, HDL: >40 mg/dL, LDL: <100 mg/dL, TG: <150 mg/dL",HIGH,Low,850,Diagnostic Laboratory Reports,Emergency Diagnostic Upload (Pending Verification),AES-256-GCM,vault-transit-key-0xa5d2ec20,Qmd883dfd7a581e2bc713dc43a65dceef98c84b1349c85,Pinata Dedicated IPFS Gateway,0.0.4891024,5491,2026-09-13 12:05:05 UTC,0x91664704963edea38c55406b3cd60a568f301709b6b0fdc710d305b9970a5b0e,0.0001
LAB-REP-00492,ACC-LAB-005-000492,SRL Diagnostics Regional Core Lab,0xa0Ee7A142d267C1f36714E4a8F75612F20a79720,NABL-MC-4491,"Dr. Ramesh Sarin, DNB Path",Rakesh Ghosh,849692,0xb31e73b02bc1f2cfb906e36032281c8dbb35b808,58,female,Dr. Rohan Patel,0x976EA74026E726554dB657fA54763abd0C3a0aa9,Max Super Speciality Cancer Institute,Blood Tests,Thrombocytopenia Platelet Monitoring,Whole Blood (EDTA),"Platelets: 42,000 /uL (Severe Low)","Platelets: 150,000 - 450,000 /uL",CRITICAL_ALERT,Low,350,Diagnostic Laboratory Reports,Consent Verified (Active on Blockchain),AES-256-GCM,vault-transit-key-0xb31e73b0,Qm30a1be9bfdc584e2f7c74fb57f6309be2a3f914c8897,Pinata Dedicated IPFS Gateway,0.0.4891024,5492,2026-09-13 12:05:07 UTC,0x375b78d3708a1a8f204f0d366cc987f21d8ec6538b847e7f004a674f79d0c139,0.0001
LAB-REP-00493,ACC-LAB-004-000493,Apollo Diagnostics Advanced Enclave,0x23618e81E3f5cdF7f54C3d65f7FBc0aBf5B21E8f,NABL-MC-5102,"Dr. Shanti Swaminathan, MD",Kiran Banerjee,849693,0x43943b79a9f63f70e80220d3808cce25cb603277,59,male,Dr. Rajesh Sharma,0x3c44CdDdB6a900fa2b585dd299e03d12FA4293BC,Apex Diagnostic & Pathology Hub,Kidney Function Tests,Renal Function Profile (KFT),Serum,"BUN: 14 mg/dL, Creatinine: 0.9 mg/dL, eGFR: 92 mL/min","BUN: 7-20 mg/dL, Creatinine: 0.6-1.2 mg/dL, eGFR: >60 mL/min",NORMAL,Low,850,Diagnostic Laboratory Reports,Consent Verified (Active on Blockchain),AES-256-GCM,vault-transit-key-0x43943b79,Qm58f224d2d51e886b156e0131f4ddca8f8d1818550999,Pinata Dedicated IPFS Gateway,0.0.4891024,5493,2026-09-13 12:05:09 UTC,0x20c878661f20c3a4d1983728bd1ea371db1336dc6b83b6345f80c85e3967089c,0.0001
LAB-REP-00494,ACC-LAB-002-000494,Dr. Lal PathLabs Central Reference Hub,0x976EA74026E726554dB657fA54763abd0C3a0aa9,NABL-MC-1044,"Dr. Arvind Lal, FRCPath",Manish Iyer,849694,0xa6d7f1e7c691db07ba53efb95e2d01bf6d6c6452,60,female,Dr. Rajesh Sharma,0x3c44CdDdB6a900fa2b585dd299e03d12FA4293BC,Care & Cure Pediatric & Maternity Hospital,Blood Tests,Complete Blood Count (CBC),Whole Blood (EDTA),"Hb: 13.5 g/dL, WBC: 7200 /uL, Platelets: 2.4 Lakhs/uL","Hb: 12-16 g/dL, WBC: 4000-11000 /uL, Platelets: 1.5-4.5 Lakhs/uL",NORMAL,Low,450,Diagnostic Laboratory Reports,Consent Verified (Active on Blockchain),AES-256-GCM,vault-transit-key-0xa6d7f1e7,Qmf7e7c575af47e6becee6419834d194d6cec2e60d9fcd,Pinata Dedicated IPFS Gateway,0.0.4891024,5494,2026-09-13 12:05:12 UTC,0x6979bfcdbb6be040ff5cddc39806d8ff3c8c5f02de517486dfbf71a832b7fdd2,0.0001
LAB-REP-00495,ACC-LAB-004-000495,Apollo Diagnostics Advanced Enclave,0x23618e81E3f5cdF7f54C3d65f7FBc0aBf5B21E8f,NABL-MC-5102,"Dr. Shanti Swaminathan, MD",Nandini Mishra,849695,0xad87e7ba10e98efef0b8f188cd88d9b23b28767a,61,male,Dr. Vikram Seth,0x15d34AAf54267DB7D7c367839AAf71A00a2C6A65,Apex Diagnostic & Pathology Hub,Blood Tests,Thrombocytopenia Platelet Monitoring,Whole Blood (EDTA),"Platelets: 42,000 /uL (Severe Low)","Platelets: 150,000 - 450,000 /uL",CRITICAL_ALERT,Low,350,Diagnostic Laboratory Reports,Consent Verified (Active on Blockchain),AES-256-GCM,vault-transit-key-0xad87e7ba,Qm250e16563141de769d7055a4456e555f9c5b2072336a,Pinata Dedicated IPFS Gateway,0.0.4891024,5495,2026-09-13 12:05:14 UTC,0x809ca5f325f9e8326adcd2d180b55c874b9d04032991966e512f336214f7ea8c,0.0001
LAB-REP-00496,ACC-LAB-004-000496,Apollo Diagnostics Advanced Enclave,0x23618e81E3f5cdF7f54C3d65f7FBc0aBf5B21E8f,NABL-MC-5102,"Dr. Shanti Swaminathan, MD",Rohan Saxena,849696,0x09d7850c2c7450bacbade49b134e3328889c35e6,62,female,Dr. Sunita Narang,0xBcd4042DE499D14e55001CcbB24a551F3b954096,Max Super Speciality Cancer Institute,Metabolic Panel,Comprehensive Metabolic Panel (CMP),Serum,"Na: 138 mmol/L, K: 4.1 mmol/L, Creat: 1.05 mg/dL","Na: 135-145, K: 3.5-5.0, Creatinine: 0.7-1.3 mg/dL",NORMAL,Medium,1200,Diagnostic Laboratory Reports,Emergency Diagnostic Upload (Pending Verification),AES-256-GCM,vault-transit-key-0x09d7850c,Qmd86c8d31fbeba11c0bac8e94a0ad43f1d64051634219,Pinata Dedicated IPFS Gateway,0.0.4891024,5496,2026-09-13 12:05:16 UTC,0xee3c76151c45376bae2bf8a74b865562cf3d13af47933e08caaaa81098a4f9e5,0.0001
LAB-REP-00497,ACC-LAB-004-000497,Apollo Diagnostics Advanced Enclave,0x23618e81E3f5cdF7f54C3d65f7FBc0aBf5B21E8f,NABL-MC-5102,"Dr. Shanti Swaminathan, MD",Madhav Mishra,849697,0xd6004b71e291f4aaccd4c79a04591646d91128be,63,male,Dr. Rajesh Sharma,0x3c44CdDdB6a900fa2b585dd299e03d12FA4293BC,Max Super Speciality Cancer Institute,Endocrinology Tests,HbA1c Glycated Hemoglobin,Whole Blood (EDTA),HbA1c: 7.6% (Diabetic Range),"<5.7% Normal, 5.7-6.4% Prediabetes, >=6.5% Diabetes",HIGH,Low,650,Diagnostic Laboratory Reports,Consent Verified (Active on Blockchain),AES-256-GCM,vault-transit-key-0xd6004b71,Qmde8e74ac855e5760183b29ce59bd2f523a0437ff123e,Pinata Dedicated IPFS Gateway,0.0.4891024,5497,2026-09-13 12:05:18 UTC,0xd0d8851b365c35bf6ce50d01c1b0686af6b8b5c7bae7fd238805be36a1449866,0.0001
LAB-REP-00498,ACC-LAB-004-000498,Apollo Diagnostics Advanced Enclave,0x23618e81E3f5cdF7f54C3d65f7FBc0aBf5B21E8f,NABL-MC-5102,"Dr. Shanti Swaminathan, MD",Aarav Joshi,849698,0xf99468983a11afc7c33d9cf70e44cdb73c57cc5d,64,female,Dr. Ananya Roy,0x9965507D1a55bcC2695C58ba16FB37d819B0A4dc,Apollo Multispecialty Hospital,Endocrinology Tests,"Thyroid Function Panel (TSH, Free T3, Free T4)",Serum,"TSH: 6.8 uIU/mL (Hypothyroid), FT4: 0.72 ng/dL (Low)","TSH: 0.45-4.5 uIU/mL, FT3: 2.0-4.4 pg/mL, FT4: 0.8-1.8 ng/dL",LOW,Low,750,Diagnostic Laboratory Reports,Emergency Diagnostic Upload (Pending Verification),AES-256-GCM,vault-transit-key-0xf9946898,Qm4f924b14e2d250ddea09146d7a1f0a4bf350e7cd5c6b,Pinata Dedicated IPFS Gateway,0.0.4891024,5498,2026-09-13 12:05:21 UTC,0x3adc8a6f70f0939039953d77275cc0be4859ade3ce16c00be43947ffaccbe719,0.0001
LAB-REP-00499,ACC-LAB-002-000499,Dr. Lal PathLabs Central Reference Hub,0x976EA74026E726554dB657fA54763abd0C3a0aa9,NABL-MC-1044,"Dr. Arvind Lal, FRCPath",Lata Kapoor,849699,0x9e265ab55c41284e95307b67e9fb7ba8f7cc3719,65,male,Dr. Rajesh Sharma,0x3c44CdDdB6a900fa2b585dd299e03d12FA4293BC,Fortis Memorial Neuro & Trauma Center,Endocrinology Tests,HbA1c Glycated Hemoglobin,Whole Blood (EDTA),HbA1c: 7.6% (Diabetic Range),"<5.7% Normal, 5.7-6.4% Prediabetes, >=6.5% Diabetes",HIGH,Low,650,Diagnostic Laboratory Reports,Consent Verified (Active on Blockchain),AES-256-GCM,vault-transit-key-0x9e265ab5,Qmb33022ab35078de50dbca316d841f2aed0dc7caa972a,Pinata Dedicated IPFS Gateway,0.0.4891024,5499,2026-09-13 12:05:23 UTC,0x9dfbde4ae79f618c691be0f619f4101c36728a5cad49843e79b1b48454084f5e,0.0001
LAB-REP-00500,ACC-LAB-002-000500,Dr. Lal PathLabs Central Reference Hub,0x976EA74026E726554dB657fA54763abd0C3a0aa9,NABL-MC-1044,"Dr. Arvind Lal, FRCPath",Madhav Shetty,849700,0x1137b544cec44d877b4d8e306af089b4f00b2721,66,female,Dr. Rohan Patel,0x976EA74026E726554dB657fA54763abd0C3a0aa9,Apex Diagnostic & Pathology Hub,Imaging / Radiology,Whole Body PET-CT Oncology Scan,18F-FDG Radiotracer DICOM,"Hypermetabolic primary lesion, SUVmax 9.2, no distant metastases","Physiological FDG biodistribution, no hypermetabolic malignancy",ABNORMAL_FINDING,High - Genomic/Oncology,18500,Diagnostic Laboratory Reports,Emergency Diagnostic Upload (Pending Verification),AES-256-GCM,vault-transit-key-0x1137b544,Qm1a04712df0fcb98d7bf77db3e126863495f18fc59aa2,Pinata Dedicated IPFS Gateway,0.0.4891024,5500,2026-09-13 12:05:25 UTC,0x7fc22171f872b63d8330e42f6f163a471e4353c18d2142d3e75218dad4bc7861,0.0001
LAB-REP-00501,ACC-LAB-003-000501,Metropolis Healthcare Molecular Laboratory,0x14dC79964da2C08b23698B3D3cc7Ca32193d9955,NABL-MC-3819,"Dr. Nilesh Shah, MD",Priyanka Iyer,849701,0x00599c815db17173032e1bc7b617df1f64be6d81,67,male,Dr. Sunita Narang,0xBcd4042DE499D14e55001CcbB24a551F3b954096,Apex Diagnostic & Pathology Hub,Imaging / Radiology,High-Resolution Non-Contrast Brain CT Scan,Radiological DICOM Imaging,"Small left temporal hemorrhagic contusion, no mass effect",No acute intracranial hemorrhage or midline shift,ABNORMAL_FINDING,Medium,3200,Diagnostic Laboratory Reports,Consent Verified (Active on Blockchain),AES-256-GCM,vault-transit-key-0x00599c81,Qm19d2ccf8faf309e0f50a86c0ae623b1d865ee382f46a,Pinata Dedicated IPFS Gateway,0.0.4891024,5501,2026-09-13 12:05:27 UTC,0x7c874fac536be9081c9d02d79fcfda58dfe2c723ea723beb26faa8bbdc12efca,0.0001
LAB-REP-00502,ACC-LAB-004-000502,Apollo Diagnostics Advanced Enclave,0x23618e81E3f5cdF7f54C3d65f7FBc0aBf5B21E8f,NABL-MC-5102,"Dr. Shanti Swaminathan, MD",Harish Mishra,849702,0x196ae10e0e472964993f33ee2465a25994f7bb0e,68,female,Dr. Preeti Deshmukh,0x23618e81E3f5cdF7f54C3d65f7FBc0aBf5B21E8f,Care & Cure Pediatric & Maternity Hospital,Endocrinology Tests,"Thyroid Function Panel (TSH, Free T3, Free T4)",Serum,"TSH: 6.8 uIU/mL (Hypothyroid), FT4: 0.72 ng/dL (Low)","TSH: 0.45-4.5 uIU/mL, FT3: 2.0-4.4 pg/mL, FT4: 0.8-1.8 ng/dL",LOW,Low,750,Diagnostic Laboratory Reports,Consent Verified (Active on Blockchain),AES-256-GCM,vault-transit-key-0x196ae10e,Qm2b2f424329d44d71e342644d9fa9135e5e5a11fb2102,Pinata Dedicated IPFS Gateway,0.0.4891024,5502,2026-09-13 12:05:29 UTC,0x6dd68eab5d8ab640ee9332b68ebe46f73a9f601253b7c291678ff9780c18342a,0.0001
LAB-REP-00503,ACC-LAB-003-000503,Metropolis Healthcare Molecular Laboratory,0x14dC79964da2C08b23698B3D3cc7Ca32193d9955,NABL-MC-3819,"Dr. Nilesh Shah, MD",Varun Sharma,849703,0xe6030fda7676f4734c8e6e53abb18b21e6042b0a,69,male,Dr. Sarah Jenkins,0x04Fee3FD1B338d12FFD6dBD8d66dE1e8e0BB99cB,Max Super Speciality Cancer Institute,Liver Function Tests,Liver Function Profile (LFT),Serum,"ALT: 88 U/L (High), AST: 74 U/L (High), Total Bili: 1.8 mg/dL","ALT: 7-56 U/L, AST: 10-40 U/L, Bilirubin: 0.1-1.2 mg/dL",HIGH,Low,950,Diagnostic Laboratory Reports,Consent Verified (Active on Blockchain),AES-256-GCM,vault-transit-key-0xe6030fda,Qm365856c4d287c65bfaba5a0ea4cca68d2529d8cfcd66,Pinata Dedicated IPFS Gateway,0.0.4891024,5503,2026-09-13 12:05:31 UTC,0x79e7376d3a9b29454253f348a1d85934a292f632bc158a63c5123c6152b527e1,0.0001
LAB-REP-00504,ACC-LAB-003-000504,Metropolis Healthcare Molecular Laboratory,0x14dC79964da2C08b23698B3D3cc7Ca32193d9955,NABL-MC-3819,"Dr. Nilesh Shah, MD",Chetan Mukherjee,849704,0xb6f05ebfa1a4f0dd61ca479540dfa1e74a35deff,70,female,Dr. Rohan Patel,0x976EA74026E726554dB657fA54763abd0C3a0aa9,Max Super Speciality Cancer Institute,Blood Tests,Thrombocytopenia Platelet Monitoring,Whole Blood (EDTA),"Platelets: 42,000 /uL (Severe Low)","Platelets: 150,000 - 450,000 /uL",CRITICAL_ALERT,Low,350,Diagnostic Laboratory Reports,Consent Verified (Active on Blockchain),AES-256-GCM,vault-transit-key-0xb6f05ebf,Qmcd5d726fed0f93c5c72a77012c025f95e70aff7694d1,Pinata Dedicated IPFS Gateway,0.0.4891024,5504,2026-09-13 12:05:34 UTC,0x04c29a500615b4bcd94194afcc76797ab3c28e43a4898c52555bcae95ada5fc6,0.0001
LAB-REP-00505,ACC-LAB-002-000505,Dr. Lal PathLabs Central Reference Hub,0x976EA74026E726554dB657fA54763abd0C3a0aa9,NABL-MC-1044,"Dr. Arvind Lal, FRCPath",Chetan Menon,849705,0xd4e88f76102fb8b7ed90427adfa0af6d2bd43d6f,71,male,Dr. Sunita Narang,0xBcd4042DE499D14e55001CcbB24a551F3b954096,Apex Diagnostic & Pathology Hub,Blood Tests,Thrombocytopenia Platelet Monitoring,Whole Blood (EDTA),"Platelets: 42,000 /uL (Severe Low)","Platelets: 150,000 - 450,000 /uL",CRITICAL_ALERT,Low,350,Diagnostic Laboratory Reports,Consent Verified (Active on Blockchain),AES-256-GCM,vault-transit-key-0xd4e88f76,Qm06acf30a1a4715152757c8eee1690f04cb15efa3ff36,Pinata Dedicated IPFS Gateway,0.0.4891024,5505,2026-09-13 12:05:36 UTC,0xa1a42fcdb0c876104376ba1bc14946a68de1cdc99b60f2bb268c67de6a46640e,0.0001
LAB-REP-00506,ACC-LAB-001-000506,Apex Diagnostic Reference Labs,0x04Fee3FD1B338d12FFD6dBD8d66dE1e8e0BB99cB,NABL-MC-2091,"Dr. Sunita Narang, MD Path",Sneha Sharma,849706,0xe1e4b9b7a2d83e127de927057d48d1dd37612233,72,female,Dr. Sarah Jenkins,0x04Fee3FD1B338d12FFD6dBD8d66dE1e8e0BB99cB,Apollo Multispecialty Hospital,Liver Function Tests,Liver Function Profile (LFT),Serum,"ALT: 88 U/L (High), AST: 74 U/L (High), Total Bili: 1.8 mg/dL","ALT: 7-56 U/L, AST: 10-40 U/L, Bilirubin: 0.1-1.2 mg/dL",HIGH,Low,950,Diagnostic Laboratory Reports,Consent Verified (Active on Blockchain),AES-256-GCM,vault-transit-key-0xe1e4b9b7,Qmcf8feb2898dbc4bcaf73efb8f057f15baa7211659153,Pinata Dedicated IPFS Gateway,0.0.4891024,5506,2026-09-13 12:05:39 UTC,0x447dc8a0f2661fbeef6d87f71a941eedbf8e7735321ed644bc996f7315cdde98,0.0001
LAB-REP-00507,ACC-LAB-004-000507,Apollo Diagnostics Advanced Enclave,0x23618e81E3f5cdF7f54C3d65f7FBc0aBf5B21E8f,NABL-MC-5102,"Dr. Shanti Swaminathan, MD",Yashwanth Malhotra,849707,0xf8512e5e08a79296edaa4a56ea3a3b652efd3bc3,73,male,Dr. Rajesh Sharma,0x3c44CdDdB6a900fa2b585dd299e03d12FA4293BC,Apex Diagnostic & Pathology Hub,Imaging / Radiology,High-Resolution Non-Contrast Brain CT Scan,Radiological DICOM Imaging,"Small left temporal hemorrhagic contusion, no mass effect",No acute intracranial hemorrhage or midline shift,ABNORMAL_FINDING,Medium,3200,Diagnostic Laboratory Reports,Consent Verified (Active on Blockchain),AES-256-GCM,vault-transit-key-0xf8512e5e,Qma267abcac99cc3d50d62cef4562ae6cc17c78cf9f730,Pinata Dedicated IPFS Gateway,0.0.4891024,5507,2026-09-13 12:05:40 UTC,0xeed2aaebea74cc587ffbdf0e05b102d73b7876914ff433a5c919804badfb66ad,0.0001
LAB-REP-00508,ACC-LAB-002-000508,Dr. Lal PathLabs Central Reference Hub,0x976EA74026E726554dB657fA54763abd0C3a0aa9,NABL-MC-1044,"Dr. Arvind Lal, FRCPath",Rohan Menon,849708,0xdc5f8011c11cdb65d5e6c84636a27c6711052815,74,female,Dr. Sunita Narang,0xBcd4042DE499D14e55001CcbB24a551F3b954096,Apollo Multispecialty Hospital,Liver Function Tests,Liver Function Profile (LFT),Serum,"ALT: 88 U/L (High), AST: 74 U/L (High), Total Bili: 1.8 mg/dL","ALT: 7-56 U/L, AST: 10-40 U/L, Bilirubin: 0.1-1.2 mg/dL",HIGH,Low,950,Diagnostic Laboratory Reports,Consent Verified (Active on Blockchain),AES-256-GCM,vault-transit-key-0xdc5f8011,Qmf2f35038f31f64f2975d18dc20c149c46448be300017,Pinata Dedicated IPFS Gateway,0.0.4891024,5508,2026-09-13 12:05:43 UTC,0xda2fbe6f89fdfed125465d911eaba03169d6799df8c91c9facf46232b5e359a6,0.0001
LAB-REP-00509,ACC-LAB-003-000509,Metropolis Healthcare Molecular Laboratory,0x14dC79964da2C08b23698B3D3cc7Ca32193d9955,NABL-MC-3819,"Dr. Nilesh Shah, MD",Deepak Iyer,849709,0xd12d1771d97dd5f8b981d8709c36705bbbe3ac77,75,male,Dr. Sarah Jenkins,0x04Fee3FD1B338d12FFD6dBD8d66dE1e8e0BB99cB,Apollo Multispecialty Hospital,Lipid Profile,Comprehensive Lipid Panel,Serum (Fasting 12h),"Total Chol: 235 mg/dL (High), LDL: 155 mg/dL, TG: 180 mg/dL","Chol: <200 mg/dL, HDL: >40 mg/dL, LDL: <100 mg/dL, TG: <150 mg/dL",HIGH,Low,850,Diagnostic Laboratory Reports,Consent Verified (Active on Blockchain),AES-256-GCM,vault-transit-key-0xd12d1771,Qm152072e1a823875f5610ba8b87720ebd7d7708a150b2,Pinata Dedicated IPFS Gateway,0.0.4891024,5509,2026-09-13 12:05:45 UTC,0xf34eda5f42d3631fc43c6cf23fbfa5dcea91e950ec9cb67499defb37b0d876fb,0.0001
LAB-REP-00510,ACC-LAB-002-000510,Dr. Lal PathLabs Central Reference Hub,0x976EA74026E726554dB657fA54763abd0C3a0aa9,NABL-MC-1044,"Dr. Arvind Lal, FRCPath",Anand Mehta,849710,0xa916b3c76ef8ca1b5e69d6548c57649bb21e0863,76,female,Dr. Preeti Deshmukh,0x23618e81E3f5cdF7f54C3d65f7FBc0aBf5B21E8f,Apex Diagnostic & Pathology Hub,Endocrinology Tests,"Thyroid Function Panel (TSH, Free T3, Free T4)",Serum,"TSH: 6.8 uIU/mL (Hypothyroid), FT4: 0.72 ng/dL (Low)","TSH: 0.45-4.5 uIU/mL, FT3: 2.0-4.4 pg/mL, FT4: 0.8-1.8 ng/dL",LOW,Low,750,Diagnostic Laboratory Reports,Consent Verified (Active on Blockchain),AES-256-GCM,vault-transit-key-0xa916b3c7,Qm99274c9977466fe946400eae74be91ad51cce22d8ac6,Pinata Dedicated IPFS Gateway,0.0.4891024,5510,2026-09-13 12:05:48 UTC,0x2f427ed6182523af9646f6d76ce20b62ca07b34ab28fc4947e67f3d3a717c3ad,0.0001
LAB-REP-00511,ACC-LAB-004-000511,Apollo Diagnostics Advanced Enclave,0x23618e81E3f5cdF7f54C3d65f7FBc0aBf5B21E8f,NABL-MC-5102,"Dr. Shanti Swaminathan, MD",Nandini Pandey,849711,0xa9c888d65e80ee41cd4d5a2866e56b97a85d695d,77,male,Dr. Preeti Deshmukh,0x23618e81E3f5cdF7f54C3d65f7FBc0aBf5B21E8f,Fortis Memorial Neuro & Trauma Center,Pathology / Biopsy,Core Needle Biopsy Histopathology & Immunohistochemistry,Tissue Biopsy in 10% Formalin,"Infiltrating Ductal Carcinoma Grade 2, ER 85%+, PR 60%+, HER2/neu Negative",Benign / No malignancy,MALIGNANT_POSITIVE,High - Genomic/Oncology,4500,Diagnostic Laboratory Reports,Consent Verified (Active on Blockchain),AES-256-GCM,vault-transit-key-0xa9c888d6,Qmae33a3c569f2adaf94ae5730bc06a9873581e3e6a0de,Pinata Dedicated IPFS Gateway,0.0.4891024,5511,2026-09-13 12:05:50 UTC,0x8d0df80ad84544c6c1ad955fdd2c29a66c8e51420610e815a22b89f55fe3b73c,0.0001
LAB-REP-00512,ACC-LAB-001-000512,Apex Diagnostic Reference Labs,0x04Fee3FD1B338d12FFD6dBD8d66dE1e8e0BB99cB,NABL-MC-2091,"Dr. Sunita Narang, MD Path",Kavya Choudhury,849712,0xf86b9d582f0e1e6979d216023bc0f1f1bfe841b9,78,female,Dr. Vikram Seth,0x15d34AAf54267DB7D7c367839AAf71A00a2C6A65,Apex Diagnostic & Pathology Hub,Imaging / Radiology,High-Resolution Non-Contrast Brain CT Scan,Radiological DICOM Imaging,"Small left temporal hemorrhagic contusion, no mass effect",No acute intracranial hemorrhage or midline shift,ABNORMAL_FINDING,Medium,3200,Diagnostic Laboratory Reports,Consent Verified (Active on Blockchain),AES-256-GCM,vault-transit-key-0xf86b9d58,Qm3259ac7de4528944ab00bf193dc453b0caadb35d15a6,Pinata Dedicated IPFS Gateway,0.0.4891024,5512,2026-09-13 12:05:52 UTC,0xf5a8005bdf5918f5f8f797be9c971cbf75bf03a28db0a789ae89ac5f18a67b1d,0.0001
LAB-REP-00513,ACC-LAB-002-000513,Dr. Lal PathLabs Central Reference Hub,0x976EA74026E726554dB657fA54763abd0C3a0aa9,NABL-MC-1044,"Dr. Arvind Lal, FRCPath",Chetan Nair,849713,0xf36f1be08e68926f466abf14f809c87ae7b570f1,79,male,Dr. Vikram Seth,0x15d34AAf54267DB7D7c367839AAf71A00a2C6A65,Max Super Speciality Cancer Institute,Blood Tests,Complete Blood Count (CBC),Whole Blood (EDTA),"Hb: 13.5 g/dL, WBC: 7200 /uL, Platelets: 2.4 Lakhs/uL","Hb: 12-16 g/dL, WBC: 4000-11000 /uL, Platelets: 1.5-4.5 Lakhs/uL",NORMAL,Low,450,Diagnostic Laboratory Reports,Consent Verified (Active on Blockchain),AES-256-GCM,vault-transit-key-0xf36f1be0,Qmeadc41b7011a933aa01dab6dcc5616cba3b472bda97c,Pinata Dedicated IPFS Gateway,0.0.4891024,5513,2026-09-13 12:05:54 UTC,0x6a6e4c341baeebedf7a282ddf7bf30c1107504a7817cf2d372c2cc7e22ca8f13,0.0001
LAB-REP-00514,ACC-LAB-001-000514,Apex Diagnostic Reference Labs,0x04Fee3FD1B338d12FFD6dBD8d66dE1e8e0BB99cB,NABL-MC-2091,"Dr. Sunita Narang, MD Path",Varun Agarwal,849714,0x36dd8f48ed0086de74b5480b8496bff5ace2a17d,80,female,Dr. Rohan Patel,0x976EA74026E726554dB657fA54763abd0C3a0aa9,Fortis Memorial Neuro & Trauma Center,Cardiology Tests,High-Sensitivity Cardiac Troponin-I (hs-cTnI),Serum / Plasma,hs-cTnI: 1850 ng/L (Markedly Elevated Acute Myocardial Infarction),< 14 ng/L (99th Percentile Upper Reference Limit),CRITICAL_ALERT,Medium,1800,Diagnostic Laboratory Reports,Emergency Diagnostic Upload (Pending Verification),AES-256-GCM,vault-transit-key-0x36dd8f48,Qm608c9fefa5201481497954d534d25bafd746e23af4e2,Pinata Dedicated IPFS Gateway,0.0.4891024,5514,2026-09-13 12:05:57 UTC,0xb38c21d02ab96768f201400af2a2cb74663646d77f64eb60996c627437089f62,0.0001
LAB-REP-00515,ACC-LAB-005-000515,SRL Diagnostics Regional Core Lab,0xa0Ee7A142d267C1f36714E4a8F75612F20a79720,NABL-MC-4491,"Dr. Ramesh Sarin, DNB Path",Kavya Malhotra,849715,0x3dabceb63ed4f1279a64d27a5bc8cac05ba0af9d,81,male,Dr. Sunita Narang,0xBcd4042DE499D14e55001CcbB24a551F3b954096,Apex Diagnostic & Pathology Hub,Blood Tests,Complete Blood Count (CBC),Whole Blood (EDTA),"Hb: 13.5 g/dL, WBC: 7200 /uL, Platelets: 2.4 Lakhs/uL","Hb: 12-16 g/dL, WBC: 4000-11000 /uL, Platelets: 1.5-4.5 Lakhs/uL",NORMAL,Low,450,Diagnostic Laboratory Reports,Emergency Diagnostic Upload (Pending Verification),AES-256-GCM,vault-transit-key-0x3dabceb6,Qme8449275d249fd4922087b19c1f798c8eeed4cda20cf,Pinata Dedicated IPFS Gateway,0.0.4891024,5515,2026-09-13 12:05:59 UTC,0x218025c5dc5b4e3c3fe14c78ffbf18ee9f861681fa4256604ab1bb9228d3e617,0.0001
LAB-REP-00516,ACC-LAB-001-000516,Apex Diagnostic Reference Labs,0x04Fee3FD1B338d12FFD6dBD8d66dE1e8e0BB99cB,NABL-MC-2091,"Dr. Sunita Narang, MD Path",Geeta Gupta,849716,0xcecc388847f42cefa671b63bfc58f777527ff510,82,female,Dr. Sarah Jenkins,0x04Fee3FD1B338d12FFD6dBD8d66dE1e8e0BB99cB,Care & Cure Pediatric & Maternity Hospital,Pathology / Biopsy,Core Needle Biopsy Histopathology & Immunohistochemistry,Tissue Biopsy in 10% Formalin,"Infiltrating Ductal Carcinoma Grade 2, ER 85%+, PR 60%+, HER2/neu Negative",Benign / No malignancy,MALIGNANT_POSITIVE,High - Genomic/Oncology,4500,Diagnostic Laboratory Reports,Consent Verified (Active on Blockchain),AES-256-GCM,vault-transit-key-0xcecc3888,Qmfa6ffc8d517f761a366c66f2e569cf811c7111956053,Pinata Dedicated IPFS Gateway,0.0.4891024,5516,2026-09-13 12:06:01 UTC,0x292fd0ce060d61ac657a9d4f415506596bdf3b0d367749544c0cd7817fb0c9c5,0.0001
LAB-REP-00517,ACC-LAB-005-000517,SRL Diagnostics Regional Core Lab,0xa0Ee7A142d267C1f36714E4a8F75612F20a79720,NABL-MC-4491,"Dr. Ramesh Sarin, DNB Path",Aarav Banerjee,849717,0x3de149f5d1e18eebda14ad524a37187d71a181e1,83,male,Dr. Ananya Roy,0x9965507D1a55bcC2695C58ba16FB37d819B0A4dc,Care & Cure Pediatric & Maternity Hospital,Blood Tests,Thrombocytopenia Platelet Monitoring,Whole Blood (EDTA),"Platelets: 42,000 /uL (Severe Low)","Platelets: 150,000 - 450,000 /uL",CRITICAL_ALERT,Low,350,Diagnostic Laboratory Reports,Emergency Diagnostic Upload (Pending Verification),AES-256-GCM,vault-transit-key-0x3de149f5,Qme7648544092d8d144289e8e6e2ff7c00ed188d3f6b96,Pinata Dedicated IPFS Gateway,0.0.4891024,5517,2026-09-13 12:06:03 UTC,0x759b1de99ad48b3483a37121eb4adb5e1b3cb1cfb18b94579d8d21bb549963c7,0.0001
LAB-REP-00518,ACC-LAB-004-000518,Apollo Diagnostics Advanced Enclave,0x23618e81E3f5cdF7f54C3d65f7FBc0aBf5B21E8f,NABL-MC-5102,"Dr. Shanti Swaminathan, MD",Kiran Mehta,849718,0x6a16b755bfd299443476f3138bfa103be22659d9,84,female,Dr. Rajesh Sharma,0x3c44CdDdB6a900fa2b585dd299e03d12FA4293BC,Fortis Memorial Neuro & Trauma Center,Blood Tests,Complete Blood Count (CBC),Whole Blood (EDTA),"Hb: 13.5 g/dL, WBC: 7200 /uL, Platelets: 2.4 Lakhs/uL","Hb: 12-16 g/dL, WBC: 4000-11000 /uL, Platelets: 1.5-4.5 Lakhs/uL",NORMAL,Low,450,Diagnostic Laboratory Reports,Consent Verified (Active on Blockchain),AES-256-GCM,vault-transit-key-0x6a16b755,Qmb142a1eec712a8da445ec929ab558a77d696551d80c5,Pinata Dedicated IPFS Gateway,0.0.4891024,5518,2026-09-13 12:06:05 UTC,0xf924d489b8ae7c7ab77d10f56f6a8b6692c893071ff62f8893c238570ac7aaa2,0.0001
LAB-REP-00519,ACC-LAB-001-000519,Apex Diagnostic Reference Labs,0x04Fee3FD1B338d12FFD6dBD8d66dE1e8e0BB99cB,NABL-MC-2091,"Dr. Sunita Narang, MD Path",Anand Deshmukh,849719,0x1b9b4cd06377e55867eccd8584a9ed5165a8bad0,85,male,Dr. Preeti Deshmukh,0x23618e81E3f5cdF7f54C3d65f7FBc0aBf5B21E8f,Max Super Speciality Cancer Institute,Kidney Function Tests,Renal Function Profile (KFT),Serum,"BUN: 14 mg/dL, Creatinine: 0.9 mg/dL, eGFR: 92 mL/min","BUN: 7-20 mg/dL, Creatinine: 0.6-1.2 mg/dL, eGFR: >60 mL/min",NORMAL,Low,850,Diagnostic Laboratory Reports,Consent Verified (Active on Blockchain),AES-256-GCM,vault-transit-key-0x1b9b4cd0,Qmb13d9a11ee7401c8e6c003f229ce77fb2d24e3b3441e,Pinata Dedicated IPFS Gateway,0.0.4891024,5519,2026-09-13 12:06:08 UTC,0x42e443b4552bf5907bc3132082eef48f0508efb1cb63be3ac74fb5231fa8bb7f,0.0001
LAB-REP-00520,ACC-LAB-005-000520,SRL Diagnostics Regional Core Lab,0xa0Ee7A142d267C1f36714E4a8F75612F20a79720,NABL-MC-4491,"Dr. Ramesh Sarin, DNB Path",Amit Shetty,849720,0x7ee69edad6f292438436601a10860bc0b2dce03a,86,female,Dr. Vikram Seth,0x15d34AAf54267DB7D7c367839AAf71A00a2C6A65,Care & Cure Pediatric & Maternity Hospital,Blood Tests,Thrombocytopenia Platelet Monitoring,Whole Blood (EDTA),"Platelets: 42,000 /uL (Severe Low)","Platelets: 150,000 - 450,000 /uL",CRITICAL_ALERT,Low,350,Diagnostic Laboratory Reports,Consent Verified (Active on Blockchain),AES-256-GCM,vault-transit-key-0x7ee69eda,Qm1ec3382518559ccd22ce969940d99dae173365bc1717,Pinata Dedicated IPFS Gateway,0.0.4891024,5520,2026-09-13 12:06:10 UTC,0x0f8026704cb17732626eaf397cd0c45068f587f83505462a7c93ab85d045f9b1,0.0001
LAB-REP-00521,ACC-LAB-002-000521,Dr. Lal PathLabs Central Reference Hub,0x976EA74026E726554dB657fA54763abd0C3a0aa9,NABL-MC-1044,"Dr. Arvind Lal, FRCPath",Anand Chatterjee,849721,0x561466c88bc4496ca81953622f928a483fdabe7f,87,male,Dr. Preeti Deshmukh,0x23618e81E3f5cdF7f54C3d65f7FBc0aBf5B21E8f,Max Super Speciality Cancer Institute,Blood Tests,Thrombocytopenia Platelet Monitoring,Whole Blood (EDTA),"Platelets: 42,000 /uL (Severe Low)","Platelets: 150,000 - 450,000 /uL",CRITICAL_ALERT,Low,350,Diagnostic Laboratory Reports,Consent Verified (Active on Blockchain),AES-256-GCM,vault-transit-key-0x561466c8,Qm4f0d0bf2985bc6f4e150e43d78ea08bb307281204a90,Pinata Dedicated IPFS Gateway,0.0.4891024,5521,2026-09-13 12:06:12 UTC,0x154eb521ba2bc5e1083c25691aa7bfc55ae7699499ea21025137fa724362b66b,0.0001
LAB-REP-00522,ACC-LAB-004-000522,Apollo Diagnostics Advanced Enclave,0x23618e81E3f5cdF7f54C3d65f7FBc0aBf5B21E8f,NABL-MC-5102,"Dr. Shanti Swaminathan, MD",Arjun Rao,849722,0x5174b9cd8da87307297a0a901671b572405c624c,88,female,Dr. Sarah Jenkins,0x04Fee3FD1B338d12FFD6dBD8d66dE1e8e0BB99cB,Apex Diagnostic & Pathology Hub,Imaging / Radiology,Whole Body PET-CT Oncology Scan,18F-FDG Radiotracer DICOM,"Hypermetabolic primary lesion, SUVmax 9.2, no distant metastases","Physiological FDG biodistribution, no hypermetabolic malignancy",ABNORMAL_FINDING,High - Genomic/Oncology,18500,Diagnostic Laboratory Reports,Consent Verified (Active on Blockchain),AES-256-GCM,vault-transit-key-0x5174b9cd,Qm95b31cab66d621c81588d52f632ee2efc8bfc89a7473,Pinata Dedicated IPFS Gateway,0.0.4891024,5522,2026-09-13 12:06:14 UTC,0x8b83e55c66df8240c88e13da15b072cb2667920b303c2f01b27f044057653f3c,0.0001
LAB-REP-00523,ACC-LAB-003-000523,Metropolis Healthcare Molecular Laboratory,0x14dC79964da2C08b23698B3D3cc7Ca32193d9955,NABL-MC-3819,"Dr. Nilesh Shah, MD",Manish Pillai,849723,0x5e5113c9b024d7f4a6ff741b2341d11612edb3a8,89,male,Dr. Sunita Narang,0xBcd4042DE499D14e55001CcbB24a551F3b954096,Apex Diagnostic & Pathology Hub,Imaging / Radiology,High-Resolution Non-Contrast Brain CT Scan,Radiological DICOM Imaging,"Small left temporal hemorrhagic contusion, no mass effect",No acute intracranial hemorrhage or midline shift,ABNORMAL_FINDING,Medium,3200,Diagnostic Laboratory Reports,Consent Verified (Active on Blockchain),AES-256-GCM,vault-transit-key-0x5e5113c9,Qmef0ff6e0d60cdf1a2ca143ff7b4f2ecc8363387d3589,Pinata Dedicated IPFS Gateway,0.0.4891024,5523,2026-09-13 12:06:17 UTC,0xb8c644f44ba933a369714f689a22f25ee979320c04191148180642a798c86a29,0.0001
LAB-REP-00524,ACC-LAB-002-000524,Dr. Lal PathLabs Central Reference Hub,0x976EA74026E726554dB657fA54763abd0C3a0aa9,NABL-MC-1044,"Dr. Arvind Lal, FRCPath",Deepak Saxena,849724,0x011c45f9087d5f7020b8b694509096434763ddbc,90,female,Dr. Rohan Patel,0x976EA74026E726554dB657fA54763abd0C3a0aa9,Care & Cure Pediatric & Maternity Hospital,Lipid Profile,Comprehensive Lipid Panel,Serum (Fasting 12h),"Total Chol: 235 mg/dL (High), LDL: 155 mg/dL, TG: 180 mg/dL","Chol: <200 mg/dL, HDL: >40 mg/dL, LDL: <100 mg/dL, TG: <150 mg/dL",HIGH,Low,850,Diagnostic Laboratory Reports,Consent Verified (Active on Blockchain),AES-256-GCM,vault-transit-key-0x011c45f9,Qmd2071c2dc569b0b540bc2a4129b37dd335a9281c2998,Pinata Dedicated IPFS Gateway,0.0.4891024,5524,2026-09-13 12:06:19 UTC,0x5ec99c6ba13bd80f53ce4de957d958143a58abca3bab325bc9a1cb64ee3184f6,0.0001
LAB-REP-00525,ACC-LAB-002-000525,Dr. Lal PathLabs Central Reference Hub,0x976EA74026E726554dB657fA54763abd0C3a0aa9,NABL-MC-1044,"Dr. Arvind Lal, FRCPath",Nikhil Choudhury,849725,0xfe0474263c0196ae6b60375ad32220a0926a8de5,16,male,Dr. Sunita Narang,0xBcd4042DE499D14e55001CcbB24a551F3b954096,Fortis Memorial Neuro & Trauma Center,Liver Function Tests,Liver Function Profile (LFT),Serum,"ALT: 88 U/L (High), AST: 74 U/L (High), Total Bili: 1.8 mg/dL","ALT: 7-56 U/L, AST: 10-40 U/L, Bilirubin: 0.1-1.2 mg/dL",HIGH,Low,950,Diagnostic Laboratory Reports,Consent Verified (Active on Blockchain),AES-256-GCM,vault-transit-key-0xfe047426,Qm3d6ca87bb735fad6337af49fff214cc62e81348d29d9,Pinata Dedicated IPFS Gateway,0.0.4891024,5525,2026-09-13 12:06:21 UTC,0xaf3ecbbaa1fdf0c64cb6b576919a3f5ccb694ebb823560fb4cd6e766ccb516a7,0.0001
LAB-REP-00526,ACC-LAB-005-000526,SRL Diagnostics Regional Core Lab,0xa0Ee7A142d267C1f36714E4a8F75612F20a79720,NABL-MC-4491,"Dr. Ramesh Sarin, DNB Path",Riya Pandey,849726,0x8ca7ac7eb892a8f4eacc7f139364185cd53d2686,17,female,Dr. Sarah Jenkins,0x04Fee3FD1B338d12FFD6dBD8d66dE1e8e0BB99cB,Fortis Memorial Neuro & Trauma Center,Endocrinology Tests,"Thyroid Function Panel (TSH, Free T3, Free T4)",Serum,"TSH: 6.8 uIU/mL (Hypothyroid), FT4: 0.72 ng/dL (Low)","TSH: 0.45-4.5 uIU/mL, FT3: 2.0-4.4 pg/mL, FT4: 0.8-1.8 ng/dL",LOW,Low,750,Diagnostic Laboratory Reports,Consent Verified (Active on Blockchain),AES-256-GCM,vault-transit-key-0x8ca7ac7e,Qm7c142b97fddaa2ebcf37d982a569062aca13535e76d5,Pinata Dedicated IPFS Gateway,0.0.4891024,5526,2026-09-13 12:06:24 UTC,0x105745c25b667e9c4e124717246afd882b2b41b0bb0f46118cbccf8445ef74db,0.0001
LAB-REP-00527,ACC-LAB-002-000527,Dr. Lal PathLabs Central Reference Hub,0x976EA74026E726554dB657fA54763abd0C3a0aa9,NABL-MC-1044,"Dr. Arvind Lal, FRCPath",Geeta Kapoor,849727,0x6dfdd324feabc54e49ede0585f16ee557e3adf3e,18,male,Dr. Sunita Narang,0xBcd4042DE499D14e55001CcbB24a551F3b954096,Max Super Speciality Cancer Institute,Kidney Function Tests,Renal Function Profile (KFT),Serum,"BUN: 14 mg/dL, Creatinine: 0.9 mg/dL, eGFR: 92 mL/min","BUN: 7-20 mg/dL, Creatinine: 0.6-1.2 mg/dL, eGFR: >60 mL/min",NORMAL,Low,850,Diagnostic Laboratory Reports,Emergency Diagnostic Upload (Pending Verification),AES-256-GCM,vault-transit-key-0x6dfdd324,Qm2330d90550c26e6210deb854c0c3f0fab8e3bb823465,Pinata Dedicated IPFS Gateway,0.0.4891024,5527,2026-09-13 12:06:25 UTC,0xad8fb926124b68dcbd50a7d0e3c2d025e0c1ee01c33a3eb6c62a9f17e5d2c11c,0.0001
LAB-REP-00528,ACC-LAB-003-000528,Metropolis Healthcare Molecular Laboratory,0x14dC79964da2C08b23698B3D3cc7Ca32193d9955,NABL-MC-3819,"Dr. Nilesh Shah, MD",Amit Kapoor,849728,0x0048c249d897d978cfce6c6c2a1f6b4ba408685d,19,female,Dr. Sarah Jenkins,0x04Fee3FD1B338d12FFD6dBD8d66dE1e8e0BB99cB,Apex Diagnostic & Pathology Hub,Blood Tests,Thrombocytopenia Platelet Monitoring,Whole Blood (EDTA),"Platelets: 42,000 /uL (Severe Low)","Platelets: 150,000 - 450,000 /uL",CRITICAL_ALERT,Low,350,Diagnostic Laboratory Reports,Consent Verified (Active on Blockchain),AES-256-GCM,vault-transit-key-0x0048c249,Qmc7b524cad9f28a777b8cfe82ad95d33ead611e9400fc,Pinata Dedicated IPFS Gateway,0.0.4891024,5528,2026-09-13 12:06:28 UTC,0x27bf3ef3038bce269f2ce29eb1d8930566679e17c4bbc9043797a430a1dde421,0.0001
LAB-REP-00529,ACC-LAB-005-000529,SRL Diagnostics Regional Core Lab,0xa0Ee7A142d267C1f36714E4a8F75612F20a79720,NABL-MC-4491,"Dr. Ramesh Sarin, DNB Path",Ananya Malhotra,849729,0x1cedfc60c32b8ea764aaa9b03aadd811e72090a9,20,male,Dr. Sunita Narang,0xBcd4042DE499D14e55001CcbB24a551F3b954096,Fortis Memorial Neuro & Trauma Center,Blood Tests,Thrombocytopenia Platelet Monitoring,Whole Blood (EDTA),"Platelets: 42,000 /uL (Severe Low)","Platelets: 150,000 - 450,000 /uL",CRITICAL_ALERT,Low,350,Diagnostic Laboratory Reports,Consent Verified (Active on Blockchain),AES-256-GCM,vault-transit-key-0x1cedfc60,Qmf5a77fd798e905a88514147e284b8f4baa45271b4b1e,Pinata Dedicated IPFS Gateway,0.0.4891024,5529,2026-09-13 12:06:30 UTC,0xd9591569db88cf15eb8b29c8dde254dfc570441ccde0214f5b6d721c2d6e0e7e,0.0001
LAB-REP-00530,ACC-LAB-005-000530,SRL Diagnostics Regional Core Lab,0xa0Ee7A142d267C1f36714E4a8F75612F20a79720,NABL-MC-4491,"Dr. Ramesh Sarin, DNB Path",Meera Mukherjee,849730,0x423e953ec071390a63416222102c2cd59829cefd,21,female,Dr. Rohan Patel,0x976EA74026E726554dB657fA54763abd0C3a0aa9,Fortis Memorial Neuro & Trauma Center,Blood Tests,Thrombocytopenia Platelet Monitoring,Whole Blood (EDTA),"Platelets: 42,000 /uL (Severe Low)","Platelets: 150,000 - 450,000 /uL",CRITICAL_ALERT,Low,350,Diagnostic Laboratory Reports,Consent Verified (Active on Blockchain),AES-256-GCM,vault-transit-key-0x423e953e,Qm86f8b04f7b7f52e91774fc3fed0524333a6d46e9f410,Pinata Dedicated IPFS Gateway,0.0.4891024,5530,2026-09-13 12:06:32 UTC,0x72b6e4198b9f7af714a1c96fb273840ee2ddf9ca35df3a24078e9342180c8d23,0.0001
LAB-REP-00531,ACC-LAB-001-000531,Apex Diagnostic Reference Labs,0x04Fee3FD1B338d12FFD6dBD8d66dE1e8e0BB99cB,NABL-MC-2091,"Dr. Sunita Narang, MD Path",Nikhil Deshmukh,849731,0x818710528ab89f8de1c84173a9ec71930878ed19,22,male,Dr. Rohan Patel,0x976EA74026E726554dB657fA54763abd0C3a0aa9,Apollo Multispecialty Hospital,Cardiology Tests,High-Sensitivity Cardiac Troponin-I (hs-cTnI),Serum / Plasma,hs-cTnI: 1850 ng/L (Markedly Elevated Acute Myocardial Infarction),< 14 ng/L (99th Percentile Upper Reference Limit),CRITICAL_ALERT,Medium,1800,Diagnostic Laboratory Reports,Consent Verified (Active on Blockchain),AES-256-GCM,vault-transit-key-0x81871052,Qm716c4284e0b134953774b11e74e5a405ab3a48593c6f,Pinata Dedicated IPFS Gateway,0.0.4891024,5531,2026-09-13 12:06:35 UTC,0x45ef3102e7ed94f0bb978a4f1a999b006ed8139eda746ca702c79db8cd146597,0.0001
LAB-REP-00532,ACC-LAB-003-000532,Metropolis Healthcare Molecular Laboratory,0x14dC79964da2C08b23698B3D3cc7Ca32193d9955,NABL-MC-3819,"Dr. Nilesh Shah, MD",Aarav Bhatia,849732,0x820e4dc9e502efd45b287377c0cb81cbf6c5ff28,23,female,Dr. Rohan Patel,0x976EA74026E726554dB657fA54763abd0C3a0aa9,Apollo Multispecialty Hospital,Imaging / Radiology,High-Resolution Non-Contrast Brain CT Scan,Radiological DICOM Imaging,"Small left temporal hemorrhagic contusion, no mass effect",No acute intracranial hemorrhage or midline shift,ABNORMAL_FINDING,Medium,3200,Diagnostic Laboratory Reports,Consent Verified (Active on Blockchain),AES-256-GCM,vault-transit-key-0x820e4dc9,Qmeea3fb5231a058b08bbfc04de9fd424db540ff7836f4,Pinata Dedicated IPFS Gateway,0.0.4891024,5532,2026-09-13 12:06:37 UTC,0x4fdcc30d152291afcc48e8265768b13d53b7783d0841d8f643fa21201e225754,0.0001
LAB-REP-00533,ACC-LAB-004-000533,Apollo Diagnostics Advanced Enclave,0x23618e81E3f5cdF7f54C3d65f7FBc0aBf5B21E8f,NABL-MC-5102,"Dr. Shanti Swaminathan, MD",Sakshi Swaminathan,849733,0x7efb11ad461e0f983699c5ff8fcb3891fca70e28,24,male,Dr. Vikram Seth,0x15d34AAf54267DB7D7c367839AAf71A00a2C6A65,Fortis Memorial Neuro & Trauma Center,Imaging / Radiology,High-Resolution Non-Contrast Brain CT Scan,Radiological DICOM Imaging,"Small left temporal hemorrhagic contusion, no mass effect",No acute intracranial hemorrhage or midline shift,ABNORMAL_FINDING,Medium,3200,Diagnostic Laboratory Reports,Consent Verified (Active on Blockchain),AES-256-GCM,vault-transit-key-0x7efb11ad,Qm470c22efb58d03fffb0a7589897c81eff6c9489a51e4,Pinata Dedicated IPFS Gateway,0.0.4891024,5533,2026-09-13 12:06:39 UTC,0x98aed1561826f9b51a9824f31cbf79b16e3b24feb660cc7a6a20aec42764cfe0,0.0001
LAB-REP-00534,ACC-LAB-005-000534,SRL Diagnostics Regional Core Lab,0xa0Ee7A142d267C1f36714E4a8F75612F20a79720,NABL-MC-4491,"Dr. Ramesh Sarin, DNB Path",Shreya Rao,849734,0xe50ecbdb3ede208357253533ee392293e92d0776,25,female,Dr. Preeti Deshmukh,0x23618e81E3f5cdF7f54C3d65f7FBc0aBf5B21E8f,Apollo Multispecialty Hospital,Endocrinology Tests,HbA1c Glycated Hemoglobin,Whole Blood (EDTA),HbA1c: 7.6% (Diabetic Range),"<5.7% Normal, 5.7-6.4% Prediabetes, >=6.5% Diabetes",HIGH,Low,650,Diagnostic Laboratory Reports,Consent Verified (Active on Blockchain),AES-256-GCM,vault-transit-key-0xe50ecbdb,Qm7c5615cced1769e696d000fa200112a84b54dad18413,Pinata Dedicated IPFS Gateway,0.0.4891024,5534,2026-09-13 12:06:42 UTC,0x74d74f205a61669685c802a9de5aad20111a942853e8b4382bc12c0bdbf7c424,0.0001
LAB-REP-00535,ACC-LAB-001-000535,Apex Diagnostic Reference Labs,0x04Fee3FD1B338d12FFD6dBD8d66dE1e8e0BB99cB,NABL-MC-2091,"Dr. Sunita Narang, MD Path",Amit Sharma,849735,0xea09e0802b96564626448d6258151e14161bd93b,26,male,Dr. Vikram Seth,0x15d34AAf54267DB7D7c367839AAf71A00a2C6A65,Apollo Multispecialty Hospital,Microbiology Tests,Dengue Duo NS1 Ag + IgM/IgG Antibody ELISA,Serum,"Dengue NS1 Antigen: POSITIVE, IgM: Reactive",Non-Reactive / Negative,POSITIVE_ABNORMAL,Medium,1400,Diagnostic Laboratory Reports,Consent Verified (Active on Blockchain),AES-256-GCM,vault-transit-key-0xea09e080,Qme98a9d2c488870d1c1882106bd31e49064b8bf81d7b8,Pinata Dedicated IPFS Gateway,0.0.4891024,5535,2026-09-13 12:06:44 UTC,0x424930efd7d4dc7f3bc3aafea519a3a3e8c44e2ffb2b1bdb3e6aa7248e12dc6f,0.0001
LAB-REP-00536,ACC-LAB-003-000536,Metropolis Healthcare Molecular Laboratory,0x14dC79964da2C08b23698B3D3cc7Ca32193d9955,NABL-MC-3819,"Dr. Nilesh Shah, MD",Aarav Pillai,849736,0x799089962f8e1ede971dfa315b57628e018270fc,27,female,Dr. Vikram Seth,0x15d34AAf54267DB7D7c367839AAf71A00a2C6A65,Fortis Memorial Neuro & Trauma Center,Blood Tests,Thrombocytopenia Platelet Monitoring,Whole Blood (EDTA),"Platelets: 42,000 /uL (Severe Low)","Platelets: 150,000 - 450,000 /uL",CRITICAL_ALERT,Low,350,Diagnostic Laboratory Reports,Consent Verified (Active on Blockchain),AES-256-GCM,vault-transit-key-0x79908996,Qm68e6996d3862bcb72ada0a0c38c504d4967fe0b09415,Pinata Dedicated IPFS Gateway,0.0.4891024,5536,2026-09-13 12:06:46 UTC,0xec408bd45f66ee8a64da8ef693d57375b57044b6a54f852b79c3a7cf87b19bcb,0.0001
LAB-REP-00537,ACC-LAB-005-000537,SRL Diagnostics Regional Core Lab,0xa0Ee7A142d267C1f36714E4a8F75612F20a79720,NABL-MC-4491,"Dr. Ramesh Sarin, DNB Path",Priyanka Agarwal,849737,0x5738dd6399ff5d110ff064bedef9e635286e037b,28,male,Dr. Rajesh Sharma,0x3c44CdDdB6a900fa2b585dd299e03d12FA4293BC,Max Super Speciality Cancer Institute,Blood Tests,Thrombocytopenia Platelet Monitoring,Whole Blood (EDTA),"Platelets: 42,000 /uL (Severe Low)","Platelets: 150,000 - 450,000 /uL",CRITICAL_ALERT,Low,350,Diagnostic Laboratory Reports,Consent Verified (Active on Blockchain),AES-256-GCM,vault-transit-key-0x5738dd63,Qm9749f26d8397c4189fe63b2f68c425bc51c7ddb42de3,Pinata Dedicated IPFS Gateway,0.0.4891024,5537,2026-09-13 12:06:48 UTC,0x76063334a486bee7204218426b2ed3c1f7344ef88c5859c312d120d8bf9f2eab,0.0001
LAB-REP-00538,ACC-LAB-004-000538,Apollo Diagnostics Advanced Enclave,0x23618e81E3f5cdF7f54C3d65f7FBc0aBf5B21E8f,NABL-MC-5102,"Dr. Shanti Swaminathan, MD",Pooja Saxena,849738,0x9653659619daca4c1bc0212191b02bf1dedd056e,29,female,Dr. Ananya Roy,0x9965507D1a55bcC2695C58ba16FB37d819B0A4dc,Max Super Speciality Cancer Institute,Imaging / Radiology,Whole Body PET-CT Oncology Scan,18F-FDG Radiotracer DICOM,"Hypermetabolic primary lesion, SUVmax 9.2, no distant metastases","Physiological FDG biodistribution, no hypermetabolic malignancy",ABNORMAL_FINDING,High - Genomic/Oncology,18500,Diagnostic Laboratory Reports,Emergency Diagnostic Upload (Pending Verification),AES-256-GCM,vault-transit-key-0x96536596,Qm609a434e70728b906eb42979bc31c9e662bc7fcaf171,Pinata Dedicated IPFS Gateway,0.0.4891024,5538,2026-09-13 12:06:51 UTC,0xf3b8d712572a2830f38970736e27b95c3f1b6e5d4ffa381b1f53b6f1e9d8acc6,0.0001
LAB-REP-00539,ACC-LAB-005-000539,SRL Diagnostics Regional Core Lab,0xa0Ee7A142d267C1f36714E4a8F75612F20a79720,NABL-MC-4491,"Dr. Ramesh Sarin, DNB Path",Ananya Rao,849739,0xb2ea8cc82ccbacaa2f2d207673f9b0cc6882175c,30,male,Dr. Vikram Seth,0x15d34AAf54267DB7D7c367839AAf71A00a2C6A65,Apex Diagnostic & Pathology Hub,Cardiology Tests,High-Sensitivity Cardiac Troponin-I (hs-cTnI),Serum / Plasma,hs-cTnI: 1850 ng/L (Markedly Elevated Acute Myocardial Infarction),< 14 ng/L (99th Percentile Upper Reference Limit),CRITICAL_ALERT,Medium,1800,Diagnostic Laboratory Reports,Consent Verified (Active on Blockchain),AES-256-GCM,vault-transit-key-0xb2ea8cc8,Qm666ade158fb7e4f6d0509fdc68f0d3b545af8abf6193,Pinata Dedicated IPFS Gateway,0.0.4891024,5539,2026-09-13 12:06:53 UTC,0x820fe24a45e33d5ed7a0fe6e5d0e1959035895dbd86644a0101a23b4e68e90a6,0.0001
LAB-REP-00540,ACC-LAB-004-000540,Apollo Diagnostics Advanced Enclave,0x23618e81E3f5cdF7f54C3d65f7FBc0aBf5B21E8f,NABL-MC-5102,"Dr. Shanti Swaminathan, MD",Aditi Shetty,849740,0xc4cde1336eabad102f147fccc5a3f58227bc9ed0,31,female,Dr. Rohan Patel,0x976EA74026E726554dB657fA54763abd0C3a0aa9,Apex Diagnostic & Pathology Hub,Blood Tests,Complete Blood Count (CBC),Whole Blood (EDTA),"Hb: 13.5 g/dL, WBC: 7200 /uL, Platelets: 2.4 Lakhs/uL","Hb: 12-16 g/dL, WBC: 4000-11000 /uL, Platelets: 1.5-4.5 Lakhs/uL",NORMAL,Low,450,Diagnostic Laboratory Reports,Consent Verified (Active on Blockchain),AES-256-GCM,vault-transit-key-0xc4cde133,Qm92606e19931e8388a00006ae698f30b29cf14e473286,Pinata Dedicated IPFS Gateway,0.0.4891024,5540,2026-09-13 12:06:55 UTC,0x69662749aa01e214d82341d268c548bf4cad309afe802816332c44fb47d09182,0.0001
LAB-REP-00541,ACC-LAB-004-000541,Apollo Diagnostics Advanced Enclave,0x23618e81E3f5cdF7f54C3d65f7FBc0aBf5B21E8f,NABL-MC-5102,"Dr. Shanti Swaminathan, MD",Sameer Patel,849741,0xee99ac789f649db3dc227dc84292b496cd54704f,32,male,Dr. Vikram Seth,0x15d34AAf54267DB7D7c367839AAf71A00a2C6A65,Care & Cure Pediatric & Maternity Hospital,Imaging / Radiology,High-Resolution Non-Contrast Brain CT Scan,Radiological DICOM Imaging,"Small left temporal hemorrhagic contusion, no mass effect",No acute intracranial hemorrhage or midline shift,ABNORMAL_FINDING,Medium,3200,Diagnostic Laboratory Reports,Consent Verified (Active on Blockchain),AES-256-GCM,vault-transit-key-0xee99ac78,Qmf7bad293f9714772b1761a3249907e40bab1d2617377,Pinata Dedicated IPFS Gateway,0.0.4891024,5541,2026-09-13 12:06:57 UTC,0x6e43db74b98a1acc90aa52dce4a8abe4088d6695b7b53bef60d277e4d5a6d342,0.0001
LAB-REP-00542,ACC-LAB-004-000542,Apollo Diagnostics Advanced Enclave,0x23618e81E3f5cdF7f54C3d65f7FBc0aBf5B21E8f,NABL-MC-5102,"Dr. Shanti Swaminathan, MD",Priyanka Mehta,849742,0xcbc6bcc9dd6b39291a720496a16a3866123dfdb5,33,female,Dr. Rajesh Sharma,0x3c44CdDdB6a900fa2b585dd299e03d12FA4293BC,Max Super Speciality Cancer Institute,Blood Tests,Complete Blood Count (CBC),Whole Blood (EDTA),"Hb: 13.5 g/dL, WBC: 7200 /uL, Platelets: 2.4 Lakhs/uL","Hb: 12-16 g/dL, WBC: 4000-11000 /uL, Platelets: 1.5-4.5 Lakhs/uL",NORMAL,Low,450,Diagnostic Laboratory Reports,Consent Verified (Active on Blockchain),AES-256-GCM,vault-transit-key-0xcbc6bcc9,Qmb3287c0ffce5d2f390d70c9278a3eb1c898d0699eee9,Pinata Dedicated IPFS Gateway,0.0.4891024,5542,2026-09-13 12:07:00 UTC,0x39d1867e64faaf222a4ab41204ce999657cad64595392b3fb88905cf18f11d2b,0.0001
LAB-REP-00543,ACC-LAB-001-000543,Apex Diagnostic Reference Labs,0x04Fee3FD1B338d12FFD6dBD8d66dE1e8e0BB99cB,NABL-MC-2091,"Dr. Sunita Narang, MD Path",Rohan Deshmukh,849743,0x7bb24150578ee09e3e322c1e9910adbb1802ff13,34,male,Dr. Rohan Patel,0x976EA74026E726554dB657fA54763abd0C3a0aa9,Apex Diagnostic & Pathology Hub,Blood Tests,Complete Blood Count (CBC),Whole Blood (EDTA),"Hb: 13.5 g/dL, WBC: 7200 /uL, Platelets: 2.4 Lakhs/uL","Hb: 12-16 g/dL, WBC: 4000-11000 /uL, Platelets: 1.5-4.5 Lakhs/uL",NORMAL,Low,450,Diagnostic Laboratory Reports,Consent Verified (Active on Blockchain),AES-256-GCM,vault-transit-key-0x7bb24150,Qmdcc0f285959cd50e83817402dd403213bc667a3b37b7,Pinata Dedicated IPFS Gateway,0.0.4891024,5543,2026-09-13 12:07:02 UTC,0xa2e3f3b242fa52e0458940985f9a38d31b17335a7e4b39d6ea690de43c85a889,0.0001
LAB-REP-00544,ACC-LAB-005-000544,SRL Diagnostics Regional Core Lab,0xa0Ee7A142d267C1f36714E4a8F75612F20a79720,NABL-MC-4491,"Dr. Ramesh Sarin, DNB Path",Ananya Mishra,849744,0x290ef68526516cced77db9c42bfae1c378767e31,35,female,Dr. Rohan Patel,0x976EA74026E726554dB657fA54763abd0C3a0aa9,Care & Cure Pediatric & Maternity Hospital,Blood Tests,Complete Blood Count (CBC),Whole Blood (EDTA),"Hb: 13.5 g/dL, WBC: 7200 /uL, Platelets: 2.4 Lakhs/uL","Hb: 12-16 g/dL, WBC: 4000-11000 /uL, Platelets: 1.5-4.5 Lakhs/uL",NORMAL,Low,450,Diagnostic Laboratory Reports,Consent Verified (Active on Blockchain),AES-256-GCM,vault-transit-key-0x290ef685,Qmaf9518c998a132a95c381af9ca2747620254f4a1c80a,Pinata Dedicated IPFS Gateway,0.0.4891024,5544,2026-09-13 12:07:04 UTC,0x0711fb4bff6d48e69862e35f87c04e70cd6e18d1869a7b37c1898f530ca58276,0.0001
LAB-REP-00545,ACC-LAB-005-000545,SRL Diagnostics Regional Core Lab,0xa0Ee7A142d267C1f36714E4a8F75612F20a79720,NABL-MC-4491,"Dr. Ramesh Sarin, DNB Path",Ishaan Agarwal,849745,0x06f468427c7a7924ed0942f2201da14b539cae2e,36,male,Dr. Sarah Jenkins,0x04Fee3FD1B338d12FFD6dBD8d66dE1e8e0BB99cB,Apex Diagnostic & Pathology Hub,Imaging / Radiology,High-Resolution Non-Contrast Brain CT Scan,Radiological DICOM Imaging,"Small left temporal hemorrhagic contusion, no mass effect",No acute intracranial hemorrhage or midline shift,ABNORMAL_FINDING,Medium,3200,Diagnostic Laboratory Reports,Consent Verified (Active on Blockchain),AES-256-GCM,vault-transit-key-0x06f46842,Qmc79cb34f3073bb4485e7a34a741ef146c1e83cdd8adc,Pinata Dedicated IPFS Gateway,0.0.4891024,5545,2026-09-13 12:07:06 UTC,0x066912b958e6468419e23d8f352dcf41dc6e390fa012bd3a42bd6906df3207c8,0.0001
LAB-REP-00546,ACC-LAB-002-000546,Dr. Lal PathLabs Central Reference Hub,0x976EA74026E726554dB657fA54763abd0C3a0aa9,NABL-MC-1044,"Dr. Arvind Lal, FRCPath",Riya Mukherjee,849746,0x939315344b694d0f0d22cf901ea8b1cfcec6c8e3,37,female,Dr. Sarah Jenkins,0x04Fee3FD1B338d12FFD6dBD8d66dE1e8e0BB99cB,Apollo Multispecialty Hospital,Lipid Profile,Comprehensive Lipid Panel,Serum (Fasting 12h),"Total Chol: 235 mg/dL (High), LDL: 155 mg/dL, TG: 180 mg/dL","Chol: <200 mg/dL, HDL: >40 mg/dL, LDL: <100 mg/dL, TG: <150 mg/dL",HIGH,Low,850,Diagnostic Laboratory Reports,Consent Verified (Active on Blockchain),AES-256-GCM,vault-transit-key-0x93931534,Qmbc20724dc0503fd51424afaf46486666eea80b5a291f,Pinata Dedicated IPFS Gateway,0.0.4891024,5546,2026-09-13 12:07:08 UTC,0xdc43d419031f2a10fed76c2ff58c9b997bdddd58166f68aba5f25075a33da938,0.0001
LAB-REP-00547,ACC-LAB-001-000547,Apex Diagnostic Reference Labs,0x04Fee3FD1B338d12FFD6dBD8d66dE1e8e0BB99cB,NABL-MC-2091,"Dr. Sunita Narang, MD Path",Siddharth Joshi,849747,0x9d70a65e3eb8138d24cf1c3244312fcb23eb784f,38,male,Dr. Sarah Jenkins,0x04Fee3FD1B338d12FFD6dBD8d66dE1e8e0BB99cB,Fortis Memorial Neuro & Trauma Center,Cardiology Tests,High-Sensitivity Cardiac Troponin-I (hs-cTnI),Serum / Plasma,hs-cTnI: 1850 ng/L (Markedly Elevated Acute Myocardial Infarction),< 14 ng/L (99th Percentile Upper Reference Limit),CRITICAL_ALERT,Medium,1800,Diagnostic Laboratory Reports,Consent Verified (Active on Blockchain),AES-256-GCM,vault-transit-key-0x9d70a65e,Qmc33661d86d1950b183441a9ea2cbadc2e0ae9b7ea2e6,Pinata Dedicated IPFS Gateway,0.0.4891024,5547,2026-09-13 12:07:11 UTC,0xa658bb2c9fd95e6fb5d942414714c7154b18e73752afdff68d42c3660eee8fc8,0.0001
LAB-REP-00548,ACC-LAB-003-000548,Metropolis Healthcare Molecular Laboratory,0x14dC79964da2C08b23698B3D3cc7Ca32193d9955,NABL-MC-3819,"Dr. Nilesh Shah, MD",Harish Verma,849748,0xd38b4ab41e4ac2fa94928ce0246cecc4346dd95a,39,female,Dr. Rajesh Sharma,0x3c44CdDdB6a900fa2b585dd299e03d12FA4293BC,Care & Cure Pediatric & Maternity Hospital,Lipid Profile,Comprehensive Lipid Panel,Serum (Fasting 12h),"Total Chol: 235 mg/dL (High), LDL: 155 mg/dL, TG: 180 mg/dL","Chol: <200 mg/dL, HDL: >40 mg/dL, LDL: <100 mg/dL, TG: <150 mg/dL",HIGH,Low,850,Diagnostic Laboratory Reports,Consent Verified (Active on Blockchain),AES-256-GCM,vault-transit-key-0xd38b4ab4,Qma681c3f62ca9beb3023ed05d3f2dc498f7a6a732fad3,Pinata Dedicated IPFS Gateway,0.0.4891024,5548,2026-09-13 12:07:13 UTC,0x078fc9a4f746fa6a40e089ce4ef77f98a0e6d9765a08f4d65e151e18dc877318,0.0001
LAB-REP-00549,ACC-LAB-004-000549,Apollo Diagnostics Advanced Enclave,0x23618e81E3f5cdF7f54C3d65f7FBc0aBf5B21E8f,NABL-MC-5102,"Dr. Shanti Swaminathan, MD",Ishaan Agarwal,849749,0x6ebf82521f489cfa7b543f6107edc2169801a56b,40,male,Dr. Sarah Jenkins,0x04Fee3FD1B338d12FFD6dBD8d66dE1e8e0BB99cB,Fortis Memorial Neuro & Trauma Center,Endocrinology Tests,"Thyroid Function Panel (TSH, Free T3, Free T4)",Serum,"TSH: 6.8 uIU/mL (Hypothyroid), FT4: 0.72 ng/dL (Low)","TSH: 0.45-4.5 uIU/mL, FT3: 2.0-4.4 pg/mL, FT4: 0.8-1.8 ng/dL",LOW,Low,750,Diagnostic Laboratory Reports,Consent Verified (Active on Blockchain),AES-256-GCM,vault-transit-key-0x6ebf8252,Qm351d4973b0dbe8179fac1787dfb92914a8f72b7db487,Pinata Dedicated IPFS Gateway,0.0.4891024,5549,2026-09-13 12:07:16 UTC,0xf2c6c3a04f085a4160ec15e8f7daff8b56ffe16ad4c02f6309c2a510af156d8f,0.0001
LAB-REP-00550,ACC-LAB-001-000550,Apex Diagnostic Reference Labs,0x04Fee3FD1B338d12FFD6dBD8d66dE1e8e0BB99cB,NABL-MC-2091,"Dr. Sunita Narang, MD Path",Meera Gupta,849750,0x4c0bf6d09800681531beb8085bd0dde5ce8561ef,41,female,Dr. Vikram Seth,0x15d34AAf54267DB7D7c367839AAf71A00a2C6A65,Max Super Speciality Cancer Institute,Microbiology Tests,Dengue Duo NS1 Ag + IgM/IgG Antibody ELISA,Serum,"Dengue NS1 Antigen: POSITIVE, IgM: Reactive",Non-Reactive / Negative,POSITIVE_ABNORMAL,Medium,1400,Diagnostic Laboratory Reports,Emergency Diagnostic Upload (Pending Verification),AES-256-GCM,vault-transit-key-0x4c0bf6d0,Qm5733a08c1e820f92bbcc89d0b6d7e5714dfbaaf02f3f,Pinata Dedicated IPFS Gateway,0.0.4891024,5550,2026-09-13 12:07:18 UTC,0xe49defd4287baea5d4eeb70f3cddb511c6b006014485df5e43f46012a62da9cf,0.0001
LAB-REP-00551,ACC-LAB-004-000551,Apollo Diagnostics Advanced Enclave,0x23618e81E3f5cdF7f54C3d65f7FBc0aBf5B21E8f,NABL-MC-5102,"Dr. Shanti Swaminathan, MD",Aarav Chatterjee,849751,0x94ad14ce333001e73a33d6a09c3b684065394a39,42,male,Dr. Vikram Seth,0x15d34AAf54267DB7D7c367839AAf71A00a2C6A65,Fortis Memorial Neuro & Trauma Center,Imaging / Radiology,High-Resolution Non-Contrast Brain CT Scan,Radiological DICOM Imaging,"Small left temporal hemorrhagic contusion, no mass effect",No acute intracranial hemorrhage or midline shift,ABNORMAL_FINDING,Medium,3200,Diagnostic Laboratory Reports,Consent Verified (Active on Blockchain),AES-256-GCM,vault-transit-key-0x94ad14ce,Qmb4bc632eb491baee3376c366ffa6069b7eccb20ee06a,Pinata Dedicated IPFS Gateway,0.0.4891024,5551,2026-09-13 12:07:20 UTC,0xbe192c490317fd70e00dcf3844f0d500b0476cc2f3082a41930e8e83f8ac6eba,0.0001
LAB-REP-00552,ACC-LAB-005-000552,SRL Diagnostics Regional Core Lab,0xa0Ee7A142d267C1f36714E4a8F75612F20a79720,NABL-MC-4491,"Dr. Ramesh Sarin, DNB Path",Arjun Mukherjee,849752,0x5f605ce425abf29095de1395738e54ddb612421e,43,female,Dr. Preeti Deshmukh,0x23618e81E3f5cdF7f54C3d65f7FBc0aBf5B21E8f,Max Super Speciality Cancer Institute,Pathology / Biopsy,Core Needle Biopsy Histopathology & Immunohistochemistry,Tissue Biopsy in 10% Formalin,"Infiltrating Ductal Carcinoma Grade 2, ER 85%+, PR 60%+, HER2/neu Negative",Benign / No malignancy,MALIGNANT_POSITIVE,High - Genomic/Oncology,4500,Diagnostic Laboratory Reports,Emergency Diagnostic Upload (Pending Verification),AES-256-GCM,vault-transit-key-0x5f605ce4,Qm7fe68b2fa9664e17e9f59f1a86903bb937577cf2bfc4,Pinata Dedicated IPFS Gateway,0.0.4891024,5552,2026-09-13 12:07:22 UTC,0xe41c5b5abb437a0d7438a25bbaa4095bd31b2bc0c685b61a7082b9824fa3e5d7,0.0001
LAB-REP-00553,ACC-LAB-001-000553,Apex Diagnostic Reference Labs,0x04Fee3FD1B338d12FFD6dBD8d66dE1e8e0BB99cB,NABL-MC-2091,"Dr. Sunita Narang, MD Path",Vikas Gowda,849753,0x2f64085c09469a5cc1bd53cc174cd62056792368,44,male,Dr. Vikram Seth,0x15d34AAf54267DB7D7c367839AAf71A00a2C6A65,Care & Cure Pediatric & Maternity Hospital,Imaging / Radiology,High-Resolution Non-Contrast Brain CT Scan,Radiological DICOM Imaging,"Small left temporal hemorrhagic contusion, no mass effect",No acute intracranial hemorrhage or midline shift,ABNORMAL_FINDING,Medium,3200,Diagnostic Laboratory Reports,Consent Verified (Active on Blockchain),AES-256-GCM,vault-transit-key-0x2f64085c,Qm5fe39c74353daefa11c67ecc831daf85ff66950713ab,Pinata Dedicated IPFS Gateway,0.0.4891024,5553,2026-09-13 12:07:24 UTC,0x94c9471db510266d68fd5f05f44396e0652a804e0dc41643e384d8566ad77add,0.0001
LAB-REP-00554,ACC-LAB-002-000554,Dr. Lal PathLabs Central Reference Hub,0x976EA74026E726554dB657fA54763abd0C3a0aa9,NABL-MC-1044,"Dr. Arvind Lal, FRCPath",Kiran Mehta,849754,0x3c019f49305cbd26ca75340f9c87140761bbe388,45,female,Dr. Rohan Patel,0x976EA74026E726554dB657fA54763abd0C3a0aa9,Fortis Memorial Neuro & Trauma Center,Endocrinology Tests,HbA1c Glycated Hemoglobin,Whole Blood (EDTA),HbA1c: 7.6% (Diabetic Range),"<5.7% Normal, 5.7-6.4% Prediabetes, >=6.5% Diabetes",HIGH,Low,650,Diagnostic Laboratory Reports,Emergency Diagnostic Upload (Pending Verification),AES-256-GCM,vault-transit-key-0x3c019f49,Qm4b83bafd46d1c5e642ee63ba771e850544d20db1fd94,Pinata Dedicated IPFS Gateway,0.0.4891024,5554,2026-09-13 12:07:27 UTC,0xd79136fb88b5b6b5b2502bf6ee5cb67e985f7c6bf3b8648051c7b041f8d00c50,0.0001
LAB-REP-00555,ACC-LAB-002-000555,Dr. Lal PathLabs Central Reference Hub,0x976EA74026E726554dB657fA54763abd0C3a0aa9,NABL-MC-1044,"Dr. Arvind Lal, FRCPath",Siddharth Kapoor,849755,0x75855ff68121a4117311b9099f33910a97b01056,46,male,Dr. Sunita Narang,0xBcd4042DE499D14e55001CcbB24a551F3b954096,Care & Cure Pediatric & Maternity Hospital,Metabolic Panel,Comprehensive Metabolic Panel (CMP),Serum,"Na: 138 mmol/L, K: 4.1 mmol/L, Creat: 1.05 mg/dL","Na: 135-145, K: 3.5-5.0, Creatinine: 0.7-1.3 mg/dL",NORMAL,Medium,1200,Diagnostic Laboratory Reports,Consent Verified (Active on Blockchain),AES-256-GCM,vault-transit-key-0x75855ff6,Qm8e02ed2d35dd47091f67716bb6969a6f1f74f23be004,Pinata Dedicated IPFS Gateway,0.0.4891024,5555,2026-09-13 12:07:29 UTC,0xa30baf10e3d14f61bb76e512a4c654da38be79d6c9e99aaa5890faa74a783431,0.0001
LAB-REP-00556,ACC-LAB-001-000556,Apex Diagnostic Reference Labs,0x04Fee3FD1B338d12FFD6dBD8d66dE1e8e0BB99cB,NABL-MC-2091,"Dr. Sunita Narang, MD Path",Siddharth Malhotra,849756,0x64d8077ad52cde5a8692a81b4edc38c1c06d2e34,47,female,Dr. Vikram Seth,0x15d34AAf54267DB7D7c367839AAf71A00a2C6A65,Max Super Speciality Cancer Institute,Blood Tests,Complete Blood Count (CBC),Whole Blood (EDTA),"Hb: 13.5 g/dL, WBC: 7200 /uL, Platelets: 2.4 Lakhs/uL (Borderline clinical correlation advised)","Hb: 12-16 g/dL, WBC: 4000-11000 /uL, Platelets: 1.5-4.5 Lakhs/uL",BORDERLINE,Low,450,Diagnostic Laboratory Reports,Consent Verified (Active on Blockchain),AES-256-GCM,vault-transit-key-0x64d8077a,Qm1dfad654d3d864fac10f6d51b320e5b895005fccea85,Pinata Dedicated IPFS Gateway,0.0.4891024,5556,2026-09-13 12:07:31 UTC,0x58dede8ee0c6e0b89835be7d0d44256870a2858e8078005956992de7db4ff674,0.0001
LAB-REP-00557,ACC-LAB-001-000557,Apex Diagnostic Reference Labs,0x04Fee3FD1B338d12FFD6dBD8d66dE1e8e0BB99cB,NABL-MC-2091,"Dr. Sunita Narang, MD Path",Geeta Choudhury,849757,0x5606fcee431c218585e7b16313fd10cca3755db5,48,male,Dr. Rajesh Sharma,0x3c44CdDdB6a900fa2b585dd299e03d12FA4293BC,Fortis Memorial Neuro & Trauma Center,Endocrinology Tests,"Thyroid Function Panel (TSH, Free T3, Free T4)",Serum,"TSH: 6.8 uIU/mL (Hypothyroid), FT4: 0.72 ng/dL (Low)","TSH: 0.45-4.5 uIU/mL, FT3: 2.0-4.4 pg/mL, FT4: 0.8-1.8 ng/dL",LOW,Low,750,Diagnostic Laboratory Reports,Consent Verified (Active on Blockchain),AES-256-GCM,vault-transit-key-0x5606fcee,Qmf7f6aa24de4e83e18ba091f255ea93ea43da0aee5b0d,Pinata Dedicated IPFS Gateway,0.0.4891024,5557,2026-09-13 12:07:33 UTC,0xa869fdaa66f5a3d29dc60b4c696a4bd8669b4c76979d8185003c2ae7920bb358,0.0001
LAB-REP-00558,ACC-LAB-004-000558,Apollo Diagnostics Advanced Enclave,0x23618e81E3f5cdF7f54C3d65f7FBc0aBf5B21E8f,NABL-MC-5102,"Dr. Shanti Swaminathan, MD",Aarav Iyer,849758,0x7d23315b0f14b5935e04eb6cdf044accf2815b77,49,female,Dr. Rohan Patel,0x976EA74026E726554dB657fA54763abd0C3a0aa9,Care & Cure Pediatric & Maternity Hospital,Blood Tests,Complete Blood Count (CBC),Whole Blood (EDTA),"Hb: 13.5 g/dL, WBC: 7200 /uL, Platelets: 2.4 Lakhs/uL","Hb: 12-16 g/dL, WBC: 4000-11000 /uL, Platelets: 1.5-4.5 Lakhs/uL",NORMAL,Low,450,Diagnostic Laboratory Reports,Consent Verified (Active on Blockchain),AES-256-GCM,vault-transit-key-0x7d23315b,Qmcc00dcce4c651f32b13fb14b1f5f8a54a53525da874c,Pinata Dedicated IPFS Gateway,0.0.4891024,5558,2026-09-13 12:07:36 UTC,0x2898396a0a175648ef40e4e55f9c928dfbe561ffa7eedc6700c966acd9162033,0.0001
LAB-REP-00559,ACC-LAB-004-000559,Apollo Diagnostics Advanced Enclave,0x23618e81E3f5cdF7f54C3d65f7FBc0aBf5B21E8f,NABL-MC-5102,"Dr. Shanti Swaminathan, MD",Priyanka Verma,849759,0x5a8df35f712db8e133e05e67a7de8d7d81046f7b,50,male,Dr. Ananya Roy,0x9965507D1a55bcC2695C58ba16FB37d819B0A4dc,Max Super Speciality Cancer Institute,Endocrinology Tests,HbA1c Glycated Hemoglobin,Whole Blood (EDTA),HbA1c: 7.6% (Diabetic Range),"<5.7% Normal, 5.7-6.4% Prediabetes, >=6.5% Diabetes",HIGH,Low,650,Diagnostic Laboratory Reports,Consent Verified (Active on Blockchain),AES-256-GCM,vault-transit-key-0x5a8df35f,Qm4b5b3eb3270e19faf6390aa08d8ca6fc7355042bfb2f,Pinata Dedicated IPFS Gateway,0.0.4891024,5559,2026-09-13 12:07:38 UTC,0x5454b2b6b06ece2634cab6fc7ae39eea4afb3b9cdd47feb9ee2ddcffc7f6a8c3,0.0001
LAB-REP-00560,ACC-LAB-005-000560,SRL Diagnostics Regional Core Lab,0xa0Ee7A142d267C1f36714E4a8F75612F20a79720,NABL-MC-4491,"Dr. Ramesh Sarin, DNB Path",Ananya Gupta,849760,0xf4708346a399c96f5e9939a071f0a85fd1682af7,51,female,Dr. Preeti Deshmukh,0x23618e81E3f5cdF7f54C3d65f7FBc0aBf5B21E8f,Apollo Multispecialty Hospital,Pathology / Biopsy,Core Needle Biopsy Histopathology & Immunohistochemistry,Tissue Biopsy in 10% Formalin,"Infiltrating Ductal Carcinoma Grade 2, ER 85%+, PR 60%+, HER2/neu Negative",Benign / No malignancy,MALIGNANT_POSITIVE,High - Genomic/Oncology,4500,Diagnostic Laboratory Reports,Consent Verified (Active on Blockchain),AES-256-GCM,vault-transit-key-0xf4708346,Qm7bf23ce92b21996ea84e95e658290894ea70044d857e,Pinata Dedicated IPFS Gateway,0.0.4891024,5560,2026-09-13 12:07:40 UTC,0xf58685d061c7da2304c2e862830bde702aea4bd2a4a357b719c14da2eaa6cb51,0.0001
LAB-REP-00561,ACC-LAB-005-000561,SRL Diagnostics Regional Core Lab,0xa0Ee7A142d267C1f36714E4a8F75612F20a79720,NABL-MC-4491,"Dr. Ramesh Sarin, DNB Path",Aarav Agarwal,849761,0x69b3499e8eb867c5ebffebbea93f178f809702ef,52,male,Dr. Rohan Patel,0x976EA74026E726554dB657fA54763abd0C3a0aa9,Apollo Multispecialty Hospital,Blood Tests,Complete Blood Count (CBC),Whole Blood (EDTA),"Hb: 13.5 g/dL, WBC: 7200 /uL, Platelets: 2.4 Lakhs/uL","Hb: 12-16 g/dL, WBC: 4000-11000 /uL, Platelets: 1.5-4.5 Lakhs/uL",NORMAL,Low,450,Diagnostic Laboratory Reports,Consent Verified (Active on Blockchain),AES-256-GCM,vault-transit-key-0x69b3499e,Qmcf833ada77dcc3e5553afa3be31a4f18fab61eacd276,Pinata Dedicated IPFS Gateway,0.0.4891024,5561,2026-09-13 12:07:42 UTC,0x8e0943485e9e7bdda1417d873ff58e03faf32226699e17bd999b48e7faa5d9c9,0.0001
LAB-REP-00562,ACC-LAB-001-000562,Apex Diagnostic Reference Labs,0x04Fee3FD1B338d12FFD6dBD8d66dE1e8e0BB99cB,NABL-MC-2091,"Dr. Sunita Narang, MD Path",Ishaan Nair,849762,0x4a441cb2684634fd4fb93d67b3699b58c49de832,53,female,Dr. Sunita Narang,0xBcd4042DE499D14e55001CcbB24a551F3b954096,Max Super Speciality Cancer Institute,Pathology / Biopsy,Core Needle Biopsy Histopathology & Immunohistochemistry,Tissue Biopsy in 10% Formalin,"Infiltrating Ductal Carcinoma Grade 2, ER 85%+, PR 60%+, HER2/neu Negative",Benign / No malignancy,MALIGNANT_POSITIVE,High - Genomic/Oncology,4500,Diagnostic Laboratory Reports,Consent Verified (Active on Blockchain),AES-256-GCM,vault-transit-key-0x4a441cb2,Qm38e985e1d5a995a736340b1d1a052acc0e4ae3d6d13d,Pinata Dedicated IPFS Gateway,0.0.4891024,5562,2026-09-13 12:07:44 UTC,0xd1b54c7ffb3dfcf355bb23d2d6ca95653b8ec15ce1628789a1181361aa7e6b13,0.0001
LAB-REP-00563,ACC-LAB-005-000563,SRL Diagnostics Regional Core Lab,0xa0Ee7A142d267C1f36714E4a8F75612F20a79720,NABL-MC-4491,"Dr. Ramesh Sarin, DNB Path",Kavya Sharma,849763,0xe096e606b653193f557636da29580430fb8d22fa,54,male,Dr. Vikram Seth,0x15d34AAf54267DB7D7c367839AAf71A00a2C6A65,Fortis Memorial Neuro & Trauma Center,Metabolic Panel,Comprehensive Metabolic Panel (CMP),Serum,"Na: 138 mmol/L, K: 4.1 mmol/L, Creat: 1.05 mg/dL","Na: 135-145, K: 3.5-5.0, Creatinine: 0.7-1.3 mg/dL",NORMAL,Medium,1200,Diagnostic Laboratory Reports,Consent Verified (Active on Blockchain),AES-256-GCM,vault-transit-key-0xe096e606,Qm5bb039272d459f4f135ea23f0ed62b754cd14b81dabf,Pinata Dedicated IPFS Gateway,0.0.4891024,5563,2026-09-13 12:07:47 UTC,0xc711e8c55515fda746c7b4446b6fd88e83eb7bae5be4126c9d21d88e8bdfa5b6,0.0001
LAB-REP-00564,ACC-LAB-004-000564,Apollo Diagnostics Advanced Enclave,0x23618e81E3f5cdF7f54C3d65f7FBc0aBf5B21E8f,NABL-MC-5102,"Dr. Shanti Swaminathan, MD",Shreya Saxena,849764,0xb9093940673e910c59ef7ffae2ed9ddc9aff24c4,55,female,Dr. Preeti Deshmukh,0x23618e81E3f5cdF7f54C3d65f7FBc0aBf5B21E8f,Apex Diagnostic & Pathology Hub,Kidney Function Tests,Renal Function Profile (KFT),Serum,"BUN: 14 mg/dL, Creatinine: 0.9 mg/dL, eGFR: 92 mL/min","BUN: 7-20 mg/dL, Creatinine: 0.6-1.2 mg/dL, eGFR: >60 mL/min",NORMAL,Low,850,Diagnostic Laboratory Reports,Consent Verified (Active on Blockchain),AES-256-GCM,vault-transit-key-0xb9093940,Qm311fd44e2e2c86adc711b6318701b8619a20721f43cb,Pinata Dedicated IPFS Gateway,0.0.4891024,5564,2026-09-13 12:07:49 UTC,0x014f0af65a30e936f559a5b19f672387d0218bb1f09076d8b05f3a609fdd62c5,0.0001
LAB-REP-00565,ACC-LAB-001-000565,Apex Diagnostic Reference Labs,0x04Fee3FD1B338d12FFD6dBD8d66dE1e8e0BB99cB,NABL-MC-2091,"Dr. Sunita Narang, MD Path",Neha Joshi,849765,0x93dd62533d4ef57866f3d78eb32aebcbaa2db986,56,male,Dr. Sarah Jenkins,0x04Fee3FD1B338d12FFD6dBD8d66dE1e8e0BB99cB,Apex Diagnostic & Pathology Hub,Imaging / Radiology,High-Resolution Non-Contrast Brain CT Scan,Radiological DICOM Imaging,"Small left temporal hemorrhagic contusion, no mass effect",No acute intracranial hemorrhage or midline shift,ABNORMAL_FINDING,Medium,3200,Diagnostic Laboratory Reports,Consent Verified (Active on Blockchain),AES-256-GCM,vault-transit-key-0x93dd6253,Qmf76f99a626f9a83c5fc790765e13cb6d10a70b99b30d,Pinata Dedicated IPFS Gateway,0.0.4891024,5565,2026-09-13 12:07:51 UTC,0x1ffcfc75b0c56e945e9e8e83053f27db6f4b336cff150187812227ba389c8e2e,0.0001
LAB-REP-00566,ACC-LAB-004-000566,Apollo Diagnostics Advanced Enclave,0x23618e81E3f5cdF7f54C3d65f7FBc0aBf5B21E8f,NABL-MC-5102,"Dr. Shanti Swaminathan, MD",Kavya Mukherjee,849766,0x1b51402b50c1d6885bfaa8dce629f41d936bfbd7,57,female,Dr. Vikram Seth,0x15d34AAf54267DB7D7c367839AAf71A00a2C6A65,Care & Cure Pediatric & Maternity Hospital,Liver Function Tests,Liver Function Profile (LFT),Serum,"ALT: 88 U/L (High), AST: 74 U/L (High), Total Bili: 1.8 mg/dL","ALT: 7-56 U/L, AST: 10-40 U/L, Bilirubin: 0.1-1.2 mg/dL",HIGH,Low,950,Diagnostic Laboratory Reports,Consent Verified (Active on Blockchain),AES-256-GCM,vault-transit-key-0x1b51402b,Qm7504fe5469e4bcc3a2aa8653a7acbbb5c27d8e3ca9dd,Pinata Dedicated IPFS Gateway,0.0.4891024,5566,2026-09-13 12:07:53 UTC,0xfbc0eedbffb255912a277f0016895f331ad90c6de79133089084938d121a2583,0.0001
LAB-REP-00567,ACC-LAB-005-000567,SRL Diagnostics Regional Core Lab,0xa0Ee7A142d267C1f36714E4a8F75612F20a79720,NABL-MC-4491,"Dr. Ramesh Sarin, DNB Path",Rakesh Kulkarni,849767,0xc9997aeef1aa6ea8864055559472495b07bc2fb2,58,male,Dr. Rajesh Sharma,0x3c44CdDdB6a900fa2b585dd299e03d12FA4293BC,Apollo Multispecialty Hospital,Kidney Function Tests,Renal Function Profile (KFT),Serum,"BUN: 14 mg/dL, Creatinine: 0.9 mg/dL, eGFR: 92 mL/min","BUN: 7-20 mg/dL, Creatinine: 0.6-1.2 mg/dL, eGFR: >60 mL/min",NORMAL,Low,850,Diagnostic Laboratory Reports,Consent Verified (Active on Blockchain),AES-256-GCM,vault-transit-key-0xc9997aee,Qm0c87bf7566f51b760bc9bdb3619560a210ce9bb12052,Pinata Dedicated IPFS Gateway,0.0.4891024,5567,2026-09-13 12:07:56 UTC,0x94c7c1bf3153ab13ff700b3863c59ac19aedd25bf524607afb7c0fa017a2f5b4,0.0001
LAB-REP-00568,ACC-LAB-003-000568,Metropolis Healthcare Molecular Laboratory,0x14dC79964da2C08b23698B3D3cc7Ca32193d9955,NABL-MC-3819,"Dr. Nilesh Shah, MD",Riya Pillai,849768,0x95a792673f2720395ece973e49b9b2b70299a1b5,59,female,Dr. Vikram Seth,0x15d34AAf54267DB7D7c367839AAf71A00a2C6A65,Max Super Speciality Cancer Institute,Cardiology Tests,High-Sensitivity Cardiac Troponin-I (hs-cTnI),Serum / Plasma,hs-cTnI: 1850 ng/L (Markedly Elevated Acute Myocardial Infarction),< 14 ng/L (99th Percentile Upper Reference Limit),CRITICAL_ALERT,Medium,1800,Diagnostic Laboratory Reports,Consent Verified (Active on Blockchain),AES-256-GCM,vault-transit-key-0x95a79267,Qm22a3a57a65cc24ec6ed48088358d7dd7b9467a9c6610,Pinata Dedicated IPFS Gateway,0.0.4891024,5568,2026-09-13 12:07:58 UTC,0x436a304dd2d58d121602549dd231da4cd7bc5ad5aaf71e3ab2a69655ad980d77,0.0001
LAB-REP-00569,ACC-LAB-005-000569,SRL Diagnostics Regional Core Lab,0xa0Ee7A142d267C1f36714E4a8F75612F20a79720,NABL-MC-4491,"Dr. Ramesh Sarin, DNB Path",Aditi Kulkarni,849769,0x0ddebd4f96f47f65099f887dff52ca22f4b1da10,60,male,Dr. Sarah Jenkins,0x04Fee3FD1B338d12FFD6dBD8d66dE1e8e0BB99cB,Apex Diagnostic & Pathology Hub,Microbiology Tests,Dengue Duo NS1 Ag + IgM/IgG Antibody ELISA,Serum,"Dengue NS1 Antigen: POSITIVE, IgM: Reactive",Non-Reactive / Negative,POSITIVE_ABNORMAL,Medium,1400,Diagnostic Laboratory Reports,Consent Verified (Active on Blockchain),AES-256-GCM,vault-transit-key-0x0ddebd4f,Qmefeca79208a39786c9f77f774e9e8907404a73629e08,Pinata Dedicated IPFS Gateway,0.0.4891024,5569,2026-09-13 12:08:00 UTC,0x2fda218b8caa3d829740fb24f28b9432906b505139546cb609b3893ab96ff14f,0.0001
LAB-REP-00570,ACC-LAB-002-000570,Dr. Lal PathLabs Central Reference Hub,0x976EA74026E726554dB657fA54763abd0C3a0aa9,NABL-MC-1044,"Dr. Arvind Lal, FRCPath",Sanjay Mishra,849770,0x375cc5800eee0156692f64ed5fd5331616952ba1,61,female,Dr. Vikram Seth,0x15d34AAf54267DB7D7c367839AAf71A00a2C6A65,Fortis Memorial Neuro & Trauma Center,Imaging / Radiology,Whole Body PET-CT Oncology Scan,18F-FDG Radiotracer DICOM,"Hypermetabolic primary lesion, SUVmax 9.2, no distant metastases","Physiological FDG biodistribution, no hypermetabolic malignancy",ABNORMAL_FINDING,High - Genomic/Oncology,18500,Diagnostic Laboratory Reports,Consent Verified (Active on Blockchain),AES-256-GCM,vault-transit-key-0x375cc580,Qm6de0e515ef995f0168311fae459fa8808210d80b7c6b,Pinata Dedicated IPFS Gateway,0.0.4891024,5570,2026-09-13 12:08:03 UTC,0xa8086e60c74f00aa8cb50d88e0705a69b19dd99e4be43b26dece467d0efdad4d,0.0001
LAB-REP-00571,ACC-LAB-002-000571,Dr. Lal PathLabs Central Reference Hub,0x976EA74026E726554dB657fA54763abd0C3a0aa9,NABL-MC-1044,"Dr. Arvind Lal, FRCPath",Meera Mukherjee,849771,0x8453edab8f36c754b2dc10175b4eeda49b8deb9e,62,male,Dr. Rohan Patel,0x976EA74026E726554dB657fA54763abd0C3a0aa9,Fortis Memorial Neuro & Trauma Center,Metabolic Panel,Comprehensive Metabolic Panel (CMP),Serum,"Na: 138 mmol/L, K: 4.1 mmol/L, Creat: 1.05 mg/dL (Borderline clinical correlation advised)","Na: 135-145, K: 3.5-5.0, Creatinine: 0.7-1.3 mg/dL",BORDERLINE,Medium,1200,Diagnostic Laboratory Reports,Consent Verified (Active on Blockchain),AES-256-GCM,vault-transit-key-0x8453edab,Qmed1be914ea0173e0101f17d9d2b6500710b3cddb5518,Pinata Dedicated IPFS Gateway,0.0.4891024,5571,2026-09-13 12:08:04 UTC,0x4816959136f74c7ef27eb86f8859a4c5584d0026d7469a776ef1b8c98e61855f,0.0001
LAB-REP-00572,ACC-LAB-004-000572,Apollo Diagnostics Advanced Enclave,0x23618e81E3f5cdF7f54C3d65f7FBc0aBf5B21E8f,NABL-MC-5102,"Dr. Shanti Swaminathan, MD",Sakshi Pillai,849772,0x32ad64217c0a8060d94dcd7aa5169e3bc28c3ca6,63,female,Dr. Ananya Roy,0x9965507D1a55bcC2695C58ba16FB37d819B0A4dc,Apollo Multispecialty Hospital,Lipid Profile,Comprehensive Lipid Panel,Serum (Fasting 12h),"Total Chol: 235 mg/dL (High), LDL: 155 mg/dL, TG: 180 mg/dL","Chol: <200 mg/dL, HDL: >40 mg/dL, LDL: <100 mg/dL, TG: <150 mg/dL",HIGH,Low,850,Diagnostic Laboratory Reports,Emergency Diagnostic Upload (Pending Verification),AES-256-GCM,vault-transit-key-0x32ad6421,Qm3258020120be197074d906eb51b61ea17b2d3c638d2b,Pinata Dedicated IPFS Gateway,0.0.4891024,5572,2026-09-13 12:08:07 UTC,0xf5b8b6610b60b07d505360f2ad61be9c370b874bdb102e390f30ce6184d04279,0.0001
LAB-REP-00573,ACC-LAB-004-000573,Apollo Diagnostics Advanced Enclave,0x23618e81E3f5cdF7f54C3d65f7FBc0aBf5B21E8f,NABL-MC-5102,"Dr. Shanti Swaminathan, MD",Gautam Hegde,849773,0x28c9ad7aaafb66988a54cee42718ab0305e20e39,64,male,Dr. Sunita Narang,0xBcd4042DE499D14e55001CcbB24a551F3b954096,Max Super Speciality Cancer Institute,Liver Function Tests,Liver Function Profile (LFT),Serum,"ALT: 88 U/L (High), AST: 74 U/L (High), Total Bili: 1.8 mg/dL","ALT: 7-56 U/L, AST: 10-40 U/L, Bilirubin: 0.1-1.2 mg/dL",HIGH,Low,950,Diagnostic Laboratory Reports,Consent Verified (Active on Blockchain),AES-256-GCM,vault-transit-key-0x28c9ad7a,Qmeaf94745c692d7ea4e4dc8818431d7580bcff4f188d7,Pinata Dedicated IPFS Gateway,0.0.4891024,5573,2026-09-13 12:08:09 UTC,0x0b741f6aa5c1ba0904461b4a165fd1cc3372b215b986a2a343745e0ce18c3130,0.0001
LAB-REP-00574,ACC-LAB-003-000574,Metropolis Healthcare Molecular Laboratory,0x14dC79964da2C08b23698B3D3cc7Ca32193d9955,NABL-MC-3819,"Dr. Nilesh Shah, MD",Vikas Sharma,849774,0x73485fbc3a209006654405c334c7389e79feea50,65,female,Dr. Ananya Roy,0x9965507D1a55bcC2695C58ba16FB37d819B0A4dc,Max Super Speciality Cancer Institute,Imaging / Radiology,Whole Body PET-CT Oncology Scan,18F-FDG Radiotracer DICOM,"Hypermetabolic primary lesion, SUVmax 9.2, no distant metastases","Physiological FDG biodistribution, no hypermetabolic malignancy",ABNORMAL_FINDING,High - Genomic/Oncology,18500,Diagnostic Laboratory Reports,Consent Verified (Active on Blockchain),AES-256-GCM,vault-transit-key-0x73485fbc,Qm8b972c2b992e322ac99f1e3f57c67f0da9cac8f83d63,Pinata Dedicated IPFS Gateway,0.0.4891024,5574,2026-09-13 12:08:12 UTC,0x9d82b0b9ee8d8e551a521137c963335d2a07d074f0cae40f0bf2701a9fd2c663,0.0001
LAB-REP-00575,ACC-LAB-002-000575,Dr. Lal PathLabs Central Reference Hub,0x976EA74026E726554dB657fA54763abd0C3a0aa9,NABL-MC-1044,"Dr. Arvind Lal, FRCPath",Aditi Gupta,849775,0x66168a471bb76008035224cef8b6142233595976,66,male,Dr. Vikram Seth,0x15d34AAf54267DB7D7c367839AAf71A00a2C6A65,Apollo Multispecialty Hospital,Kidney Function Tests,Renal Function Profile (KFT),Serum,"BUN: 14 mg/dL, Creatinine: 0.9 mg/dL, eGFR: 92 mL/min","BUN: 7-20 mg/dL, Creatinine: 0.6-1.2 mg/dL, eGFR: >60 mL/min",NORMAL,Low,850,Diagnostic Laboratory Reports,Consent Verified (Active on Blockchain),AES-256-GCM,vault-transit-key-0x66168a47,Qm5901894d1370002ef2e8f3aea97077d2d69d18254955,Pinata Dedicated IPFS Gateway,0.0.4891024,5575,2026-09-13 12:08:14 UTC,0x43544a4b547d12573f5dd5039083a55aedd83cde6e0536780cb4a4e3025b9e11,0.0001
LAB-REP-00576,ACC-LAB-001-000576,Apex Diagnostic Reference Labs,0x04Fee3FD1B338d12FFD6dBD8d66dE1e8e0BB99cB,NABL-MC-2091,"Dr. Sunita Narang, MD Path",Nikhil Shetty,849776,0xe0ec052a569383449fb38b4cab8c9c26ddfdbf4e,67,female,Dr. Sarah Jenkins,0x04Fee3FD1B338d12FFD6dBD8d66dE1e8e0BB99cB,Care & Cure Pediatric & Maternity Hospital,Lipid Profile,Comprehensive Lipid Panel,Serum (Fasting 12h),"Total Chol: 235 mg/dL (High), LDL: 155 mg/dL, TG: 180 mg/dL","Chol: <200 mg/dL, HDL: >40 mg/dL, LDL: <100 mg/dL, TG: <150 mg/dL",HIGH,Low,850,Diagnostic Laboratory Reports,Consent Verified (Active on Blockchain),AES-256-GCM,vault-transit-key-0xe0ec052a,Qm57bdafd3d7e2bf45680e06a854c677e22741904fcafa,Pinata Dedicated IPFS Gateway,0.0.4891024,5576,2026-09-13 12:08:16 UTC,0x99b757d1987f22e6f5e4af9b75ee5e8ecccdf3c8ab5632fbfb4c131204d50c86,0.0001
LAB-REP-00577,ACC-LAB-004-000577,Apollo Diagnostics Advanced Enclave,0x23618e81E3f5cdF7f54C3d65f7FBc0aBf5B21E8f,NABL-MC-5102,"Dr. Shanti Swaminathan, MD",Divya Kapoor,849777,0xc89b4bae23ac24858aa15538044d0b3932794373,68,male,Dr. Sunita Narang,0xBcd4042DE499D14e55001CcbB24a551F3b954096,Apollo Multispecialty Hospital,Kidney Function Tests,Renal Function Profile (KFT),Serum,"BUN: 14 mg/dL, Creatinine: 0.9 mg/dL, eGFR: 92 mL/min","BUN: 7-20 mg/dL, Creatinine: 0.6-1.2 mg/dL, eGFR: >60 mL/min",NORMAL,Low,850,Diagnostic Laboratory Reports,Consent Verified (Active on Blockchain),AES-256-GCM,vault-transit-key-0xc89b4bae,Qm6501560a345578147ae65cf663c065c4734a8dfa37ac,Pinata Dedicated IPFS Gateway,0.0.4891024,5577,2026-09-13 12:08:18 UTC,0x028bc3ea992d2e8d365d424ef576c38c352043afa6f1cfd9c0b872ed004fc5ba,0.0001
LAB-REP-00578,ACC-LAB-003-000578,Metropolis Healthcare Molecular Laboratory,0x14dC79964da2C08b23698B3D3cc7Ca32193d9955,NABL-MC-3819,"Dr. Nilesh Shah, MD",Kiran Verma,849778,0xa9663f8fb772a444f37deeec9b0d533735b3dfb6,69,female,Dr. Rajesh Sharma,0x3c44CdDdB6a900fa2b585dd299e03d12FA4293BC,Max Super Speciality Cancer Institute,Liver Function Tests,Liver Function Profile (LFT),Serum,"ALT: 88 U/L (High), AST: 74 U/L (High), Total Bili: 1.8 mg/dL","ALT: 7-56 U/L, AST: 10-40 U/L, Bilirubin: 0.1-1.2 mg/dL",HIGH,Low,950,Diagnostic Laboratory Reports,Consent Verified (Active on Blockchain),AES-256-GCM,vault-transit-key-0xa9663f8f,Qmf54228f6d772b6e8dd8625f24c507886cddc45f0750f,Pinata Dedicated IPFS Gateway,0.0.4891024,5578,2026-09-13 12:08:20 UTC,0xfc201b22519abadce9d86afc50931bbcdef954e10ee1db0f50d0af97b258e10d,0.0001
LAB-REP-00579,ACC-LAB-003-000579,Metropolis Healthcare Molecular Laboratory,0x14dC79964da2C08b23698B3D3cc7Ca32193d9955,NABL-MC-3819,"Dr. Nilesh Shah, MD",Priyanka Saxena,849779,0xcc06b0928f3e84e119223dffac23120b3bf08f5d,70,male,Dr. Vikram Seth,0x15d34AAf54267DB7D7c367839AAf71A00a2C6A65,Care & Cure Pediatric & Maternity Hospital,Microbiology Tests,Dengue Duo NS1 Ag + IgM/IgG Antibody ELISA,Serum,"Dengue NS1 Antigen: POSITIVE, IgM: Reactive",Non-Reactive / Negative,POSITIVE_ABNORMAL,Medium,1400,Diagnostic Laboratory Reports,Consent Verified (Active on Blockchain),AES-256-GCM,vault-transit-key-0xcc06b092,Qm458cc99cc2637c179001998265a9ce9a71067f1f7a1b,Pinata Dedicated IPFS Gateway,0.0.4891024,5579,2026-09-13 12:08:23 UTC,0x12a778af6153d6e42d6af675d558365d241a1da9d99043e928ffa0eeed469aad,0.0001
LAB-REP-00580,ACC-LAB-003-000580,Metropolis Healthcare Molecular Laboratory,0x14dC79964da2C08b23698B3D3cc7Ca32193d9955,NABL-MC-3819,"Dr. Nilesh Shah, MD",Siddharth Deshmukh,849780,0x81f1eb7230abca440fe83a90ca0933d683dd2d28,71,female,Dr. Rajesh Sharma,0x3c44CdDdB6a900fa2b585dd299e03d12FA4293BC,Apollo Multispecialty Hospital,Pathology / Biopsy,Core Needle Biopsy Histopathology & Immunohistochemistry,Tissue Biopsy in 10% Formalin,"Infiltrating Ductal Carcinoma Grade 2, ER 85%+, PR 60%+, HER2/neu Negative",Benign / No malignancy,MALIGNANT_POSITIVE,High - Genomic/Oncology,4500,Diagnostic Laboratory Reports,Consent Verified (Active on Blockchain),AES-256-GCM,vault-transit-key-0x81f1eb72,Qm043ed0d5521d505d658a4d18cfabaebd4b93cb68f16e,Pinata Dedicated IPFS Gateway,0.0.4891024,5580,2026-09-13 12:08:25 UTC,0x7db2ab788965e9f3f087e062aeacbafcb16b21483cd4ffef818ad18cf057357b,0.0001
LAB-REP-00581,ACC-LAB-001-000581,Apex Diagnostic Reference Labs,0x04Fee3FD1B338d12FFD6dBD8d66dE1e8e0BB99cB,NABL-MC-2091,"Dr. Sunita Narang, MD Path",Yashwanth Saxena,849781,0x24ff1f61778b032fb016a785a5f8515d595a79dc,72,male,Dr. Vikram Seth,0x15d34AAf54267DB7D7c367839AAf71A00a2C6A65,Care & Cure Pediatric & Maternity Hospital,Blood Tests,Thrombocytopenia Platelet Monitoring,Whole Blood (EDTA),"Platelets: 42,000 /uL (Severe Low)","Platelets: 150,000 - 450,000 /uL",CRITICAL_ALERT,Low,350,Diagnostic Laboratory Reports,Consent Verified (Active on Blockchain),AES-256-GCM,vault-transit-key-0x24ff1f61,Qm466cbe91992534ec2e8a7111eabf70c56fbedd41b5ea,Pinata Dedicated IPFS Gateway,0.0.4891024,5581,2026-09-13 12:08:28 UTC,0x0740966815ad4e8367f00f1dc410fafc5d28e97e36045d1281e20fc65308cc75,0.0001
LAB-REP-00582,ACC-LAB-005-000582,SRL Diagnostics Regional Core Lab,0xa0Ee7A142d267C1f36714E4a8F75612F20a79720,NABL-MC-4491,"Dr. Ramesh Sarin, DNB Path",Divya Gowda,849782,0x4522847e4eaee0e39e79d996f4b13828f38ed75c,73,female,Dr. Preeti Deshmukh,0x23618e81E3f5cdF7f54C3d65f7FBc0aBf5B21E8f,Apex Diagnostic & Pathology Hub,Cardiology Tests,High-Sensitivity Cardiac Troponin-I (hs-cTnI),Serum / Plasma,hs-cTnI: 1850 ng/L (Markedly Elevated Acute Myocardial Infarction),< 14 ng/L (99th Percentile Upper Reference Limit),CRITICAL_ALERT,Medium,1800,Diagnostic Laboratory Reports,Consent Verified (Active on Blockchain),AES-256-GCM,vault-transit-key-0x4522847e,Qm6d99a41986d33a5a512856ed5e1862e226fe485e577e,Pinata Dedicated IPFS Gateway,0.0.4891024,5582,2026-09-13 12:08:30 UTC,0x74d2aafdbcd8fe9e18a989385b2298be71e35ed6d7c547dd3430cb93c8ef93a0,0.0001
LAB-REP-00583,ACC-LAB-004-000583,Apollo Diagnostics Advanced Enclave,0x23618e81E3f5cdF7f54C3d65f7FBc0aBf5B21E8f,NABL-MC-5102,"Dr. Shanti Swaminathan, MD",Rohan Mukherjee,849783,0x596169c99bbb31cd61ddba799cdd0936b6bec056,74,male,Dr. Rohan Patel,0x976EA74026E726554dB657fA54763abd0C3a0aa9,Max Super Speciality Cancer Institute,Endocrinology Tests,HbA1c Glycated Hemoglobin,Whole Blood (EDTA),HbA1c: 7.6% (Diabetic Range),"<5.7% Normal, 5.7-6.4% Prediabetes, >=6.5% Diabetes",HIGH,Low,650,Diagnostic Laboratory Reports,Consent Verified (Active on Blockchain),AES-256-GCM,vault-transit-key-0x596169c9,Qmb35e2f3e3a6ebfeb34684285cc653d199075068ec2ba,Pinata Dedicated IPFS Gateway,0.0.4891024,5583,2026-09-13 12:08:31 UTC,0x3410a36572c459d1ddb0c364a95f46643c4de9b566a875de03291b9b8c81067f,0.0001
LAB-REP-00584,ACC-LAB-002-000584,Dr. Lal PathLabs Central Reference Hub,0x976EA74026E726554dB657fA54763abd0C3a0aa9,NABL-MC-1044,"Dr. Arvind Lal, FRCPath",Harish Rao,849784,0xc7954c8cc852a1bbd73083a1feb5a3f8628d2689,75,female,Dr. Vikram Seth,0x15d34AAf54267DB7D7c367839AAf71A00a2C6A65,Apex Diagnostic & Pathology Hub,Endocrinology Tests,"Thyroid Function Panel (TSH, Free T3, Free T4)",Serum,"TSH: 6.8 uIU/mL (Hypothyroid), FT4: 0.72 ng/dL (Low)","TSH: 0.45-4.5 uIU/mL, FT3: 2.0-4.4 pg/mL, FT4: 0.8-1.8 ng/dL",LOW,Low,750,Diagnostic Laboratory Reports,Consent Verified (Active on Blockchain),AES-256-GCM,vault-transit-key-0xc7954c8c,Qm9439d4951cd1ac32b2657cc3599da38cab1b1ef16240,Pinata Dedicated IPFS Gateway,0.0.4891024,5584,2026-09-13 12:08:34 UTC,0xfe58557a7df1e7c384b0c271e81b57c453e994a8435fc5b3cb775fb9107feef5,0.0001
LAB-REP-00585,ACC-LAB-004-000585,Apollo Diagnostics Advanced Enclave,0x23618e81E3f5cdF7f54C3d65f7FBc0aBf5B21E8f,NABL-MC-5102,"Dr. Shanti Swaminathan, MD",Harish Banerjee,849785,0xd4bd11dd3cc2cb9e4d6e8ec3ace4221680bbcdc2,76,male,Dr. Rohan Patel,0x976EA74026E726554dB657fA54763abd0C3a0aa9,Apollo Multispecialty Hospital,Kidney Function Tests,Renal Function Profile (KFT),Serum,"BUN: 14 mg/dL, Creatinine: 0.9 mg/dL, eGFR: 92 mL/min","BUN: 7-20 mg/dL, Creatinine: 0.6-1.2 mg/dL, eGFR: >60 mL/min",NORMAL,Low,850,Diagnostic Laboratory Reports,Consent Verified (Active on Blockchain),AES-256-GCM,vault-transit-key-0xd4bd11dd,Qmea31f52618e4efdef9bb25c15bc81a74e0719abf3f69,Pinata Dedicated IPFS Gateway,0.0.4891024,5585,2026-09-13 12:08:36 UTC,0x7bb61fc85414f4380f7ebc1e1071b7ad58227e8c64f8106be5044aa63d371019,0.0001
LAB-REP-00586,ACC-LAB-004-000586,Apollo Diagnostics Advanced Enclave,0x23618e81E3f5cdF7f54C3d65f7FBc0aBf5B21E8f,NABL-MC-5102,"Dr. Shanti Swaminathan, MD",Priyanka Menon,849786,0x1fcb01f44522429ec000973ab84a4e90aed9e69d,77,female,Dr. Sunita Narang,0xBcd4042DE499D14e55001CcbB24a551F3b954096,Care & Cure Pediatric & Maternity Hospital,Imaging / Radiology,Whole Body PET-CT Oncology Scan,18F-FDG Radiotracer DICOM,"Hypermetabolic primary lesion, SUVmax 9.2, no distant metastases","Physiological FDG biodistribution, no hypermetabolic malignancy",ABNORMAL_FINDING,High - Genomic/Oncology,18500,Diagnostic Laboratory Reports,Consent Verified (Active on Blockchain),AES-256-GCM,vault-transit-key-0x1fcb01f4,Qm3912ae54d4a8030250c0a94505b1e25f0627bff91c88,Pinata Dedicated IPFS Gateway,0.0.4891024,5586,2026-09-13 12:08:39 UTC,0x7fda51fbfcdfbca53a624af892fb3915676d31c3b8fa6a23847c66e2ec00f84d,0.0001
LAB-REP-00587,ACC-LAB-001-000587,Apex Diagnostic Reference Labs,0x04Fee3FD1B338d12FFD6dBD8d66dE1e8e0BB99cB,NABL-MC-2091,"Dr. Sunita Narang, MD Path",Rahul Rao,849787,0x80e4a4f265ad53bdd1f95bfcd253ebb36ff67fd5,78,male,Dr. Sunita Narang,0xBcd4042DE499D14e55001CcbB24a551F3b954096,Apollo Multispecialty Hospital,Microbiology Tests,Dengue Duo NS1 Ag + IgM/IgG Antibody ELISA,Serum,"Dengue NS1 Antigen: POSITIVE, IgM: Reactive",Non-Reactive / Negative,POSITIVE_ABNORMAL,Medium,1400,Diagnostic Laboratory Reports,Consent Verified (Active on Blockchain),AES-256-GCM,vault-transit-key-0x80e4a4f2,Qm9e113750c2c188da34928005f9d98eea45aae803fb9a,Pinata Dedicated IPFS Gateway,0.0.4891024,5587,2026-09-13 12:08:40 UTC,0xd72e0474db41042984c10dbcd7be1fef32a5b1d2eee9b9b6b279c65227f95785,0.0001
LAB-REP-00588,ACC-LAB-004-000588,Apollo Diagnostics Advanced Enclave,0x23618e81E3f5cdF7f54C3d65f7FBc0aBf5B21E8f,NABL-MC-5102,"Dr. Shanti Swaminathan, MD",Madhav Bhatia,849788,0x9b394c8d0d9fb5d272e826ad94209fc6af2c1d23,79,female,Dr. Ananya Roy,0x9965507D1a55bcC2695C58ba16FB37d819B0A4dc,Max Super Speciality Cancer Institute,Lipid Profile,Comprehensive Lipid Panel,Serum (Fasting 12h),"Total Chol: 235 mg/dL (High), LDL: 155 mg/dL, TG: 180 mg/dL","Chol: <200 mg/dL, HDL: >40 mg/dL, LDL: <100 mg/dL, TG: <150 mg/dL",HIGH,Low,850,Diagnostic Laboratory Reports,Consent Verified (Active on Blockchain),AES-256-GCM,vault-transit-key-0x9b394c8d,Qm098bb93a8ce1cdbea4633fe5d3d092160578e7221e65,Pinata Dedicated IPFS Gateway,0.0.4891024,5588,2026-09-13 12:08:43 UTC,0x71ac104d839c670fa1f966456bb9815cd68ca6f32d270c1a624a73694692354d,0.0001
LAB-REP-00589,ACC-LAB-005-000589,SRL Diagnostics Regional Core Lab,0xa0Ee7A142d267C1f36714E4a8F75612F20a79720,NABL-MC-4491,"Dr. Ramesh Sarin, DNB Path",Manish Pillai,849789,0x4b7d35d8f77eec0f6857e3a3c41f95b3c5c65871,80,male,Dr. Preeti Deshmukh,0x23618e81E3f5cdF7f54C3d65f7FBc0aBf5B21E8f,Care & Cure Pediatric & Maternity Hospital,Lipid Profile,Comprehensive Lipid Panel,Serum (Fasting 12h),"Total Chol: 235 mg/dL (High), LDL: 155 mg/dL, TG: 180 mg/dL","Chol: <200 mg/dL, HDL: >40 mg/dL, LDL: <100 mg/dL, TG: <150 mg/dL",HIGH,Low,850,Diagnostic Laboratory Reports,Consent Verified (Active on Blockchain),AES-256-GCM,vault-transit-key-0x4b7d35d8,Qm2131b75a4d8e077a008639fff9132da27ce73f174751,Pinata Dedicated IPFS Gateway,0.0.4891024,5589,2026-09-13 12:08:45 UTC,0x2c2e25901cb3f52594be458f9bb52c6b25434ba4f8e46d7d6db4d01d2915e50c,0.0001
LAB-REP-00590,ACC-LAB-004-000590,Apollo Diagnostics Advanced Enclave,0x23618e81E3f5cdF7f54C3d65f7FBc0aBf5B21E8f,NABL-MC-5102,"Dr. Shanti Swaminathan, MD",Pooja Saxena,849790,0x9acc4235b872d505e796ec3dec92e89338772f2d,81,female,Dr. Vikram Seth,0x15d34AAf54267DB7D7c367839AAf71A00a2C6A65,Fortis Memorial Neuro & Trauma Center,Blood Tests,Complete Blood Count (CBC),Whole Blood (EDTA),"Hb: 13.5 g/dL, WBC: 7200 /uL, Platelets: 2.4 Lakhs/uL","Hb: 12-16 g/dL, WBC: 4000-11000 /uL, Platelets: 1.5-4.5 Lakhs/uL",NORMAL,Low,450,Diagnostic Laboratory Reports,Consent Verified (Active on Blockchain),AES-256-GCM,vault-transit-key-0x9acc4235,Qm22b918e501f570d2d583d19a077d52f71a13c207a385,Pinata Dedicated IPFS Gateway,0.0.4891024,5590,2026-09-13 12:08:47 UTC,0x4448f77eada8b690b9a1f17caac379a8ef42c37250cf8b0664468d4b87dabf81,0.0001
LAB-REP-00591,ACC-LAB-002-000591,Dr. Lal PathLabs Central Reference Hub,0x976EA74026E726554dB657fA54763abd0C3a0aa9,NABL-MC-1044,"Dr. Arvind Lal, FRCPath",Sakshi Rao,849791,0xffb3a78dc19738b464051142fb5f1913f9c037d1,82,male,Dr. Sunita Narang,0xBcd4042DE499D14e55001CcbB24a551F3b954096,Care & Cure Pediatric & Maternity Hospital,Imaging / Radiology,Whole Body PET-CT Oncology Scan,18F-FDG Radiotracer DICOM,"Hypermetabolic primary lesion, SUVmax 9.2, no distant metastases","Physiological FDG biodistribution, no hypermetabolic malignancy",ABNORMAL_FINDING,High - Genomic/Oncology,18500,Diagnostic Laboratory Reports,Emergency Diagnostic Upload (Pending Verification),AES-256-GCM,vault-transit-key-0xffb3a78d,Qm6b40eb23d13344eb0e48938c40aa1fc5a0f16b90eaaf,Pinata Dedicated IPFS Gateway,0.0.4891024,5591,2026-09-13 12:08:50 UTC,0x7df5c9a94222384e731fbdff7abb5393418cd831de239a7fe706290e029c97a2,0.0001
LAB-REP-00592,ACC-LAB-005-000592,SRL Diagnostics Regional Core Lab,0xa0Ee7A142d267C1f36714E4a8F75612F20a79720,NABL-MC-4491,"Dr. Ramesh Sarin, DNB Path",Siddharth Agarwal,849792,0x6917dd9fd82e763d05b8c5ad05b950ac0a098af3,83,female,Dr. Preeti Deshmukh,0x23618e81E3f5cdF7f54C3d65f7FBc0aBf5B21E8f,Max Super Speciality Cancer Institute,Liver Function Tests,Liver Function Profile (LFT),Serum,"ALT: 88 U/L (High), AST: 74 U/L (High), Total Bili: 1.8 mg/dL","ALT: 7-56 U/L, AST: 10-40 U/L, Bilirubin: 0.1-1.2 mg/dL",HIGH,Low,950,Diagnostic Laboratory Reports,Consent Verified (Active on Blockchain),AES-256-GCM,vault-transit-key-0x6917dd9f,Qm3037afa47e3c269bb8a2169de2fff37e3f4604b55730,Pinata Dedicated IPFS Gateway,0.0.4891024,5592,2026-09-13 12:08:52 UTC,0x140bb034e4c643f27b204fbe72794a3ff640084bdf7adc0f1d0064d959d25be9,0.0001
LAB-REP-00593,ACC-LAB-002-000593,Dr. Lal PathLabs Central Reference Hub,0x976EA74026E726554dB657fA54763abd0C3a0aa9,NABL-MC-1044,"Dr. Arvind Lal, FRCPath",Priyanka Agarwal,849793,0xd302e690bf8ae801b888862c230c019d06c43069,84,male,Dr. Rajesh Sharma,0x3c44CdDdB6a900fa2b585dd299e03d12FA4293BC,Apex Diagnostic & Pathology Hub,Kidney Function Tests,Renal Function Profile (KFT),Serum,"BUN: 14 mg/dL, Creatinine: 0.9 mg/dL, eGFR: 92 mL/min","BUN: 7-20 mg/dL, Creatinine: 0.6-1.2 mg/dL, eGFR: >60 mL/min",NORMAL,Low,850,Diagnostic Laboratory Reports,Consent Verified (Active on Blockchain),AES-256-GCM,vault-transit-key-0xd302e690,Qm71b75ea5a631c02ca2f91a690646700ad77517dcb997,Pinata Dedicated IPFS Gateway,0.0.4891024,5593,2026-09-13 12:08:54 UTC,0xf53d53bfbd25b941f33d14d023a9ade803703858de1c6498dd5db68458bb4d45,0.0001
LAB-REP-00594,ACC-LAB-005-000594,SRL Diagnostics Regional Core Lab,0xa0Ee7A142d267C1f36714E4a8F75612F20a79720,NABL-MC-4491,"Dr. Ramesh Sarin, DNB Path",Neha Sharma,849794,0x41dc8bfe59b589a2086f1e3143afa4491cb0e127,85,female,Dr. Sarah Jenkins,0x04Fee3FD1B338d12FFD6dBD8d66dE1e8e0BB99cB,Fortis Memorial Neuro & Trauma Center,Imaging / Radiology,High-Resolution Non-Contrast Brain CT Scan,Radiological DICOM Imaging,"Small left temporal hemorrhagic contusion, no mass effect",No acute intracranial hemorrhage or midline shift,ABNORMAL_FINDING,Medium,3200,Diagnostic Laboratory Reports,Emergency Diagnostic Upload (Pending Verification),AES-256-GCM,vault-transit-key-0x41dc8bfe,Qm77a2f30ad7c1b006b906229eaad7f9f7f8ca93b8a802,Pinata Dedicated IPFS Gateway,0.0.4891024,5594,2026-09-13 12:08:56 UTC,0x5125911b33f7f4228c36c353cae373b3bd5a4c9e30b9db13b94fc899c82d2b7c,0.0001
LAB-REP-00595,ACC-LAB-002-000595,Dr. Lal PathLabs Central Reference Hub,0x976EA74026E726554dB657fA54763abd0C3a0aa9,NABL-MC-1044,"Dr. Arvind Lal, FRCPath",Varun Agarwal,849795,0x75acc1b87ee066170b875597bd422ac51a57381a,86,male,Dr. Rajesh Sharma,0x3c44CdDdB6a900fa2b585dd299e03d12FA4293BC,Max Super Speciality Cancer Institute,Cardiology Tests,High-Sensitivity Cardiac Troponin-I (hs-cTnI),Serum / Plasma,hs-cTnI: 1850 ng/L (Markedly Elevated Acute Myocardial Infarction),< 14 ng/L (99th Percentile Upper Reference Limit),CRITICAL_ALERT,Medium,1800,Diagnostic Laboratory Reports,Consent Verified (Active on Blockchain),AES-256-GCM,vault-transit-key-0x75acc1b8,Qm41b61f6e179f43150e3457353c4c419fc427b0b09858,Pinata Dedicated IPFS Gateway,0.0.4891024,5595,2026-09-13 12:08:58 UTC,0xf445f2e1f0a2ccdd74cf3e866603dce3cdb399e33e79845e3909894265c51674,0.0001
LAB-REP-00596,ACC-LAB-004-000596,Apollo Diagnostics Advanced Enclave,0x23618e81E3f5cdF7f54C3d65f7FBc0aBf5B21E8f,NABL-MC-5102,"Dr. Shanti Swaminathan, MD",Pooja Choudhury,849796,0xe13fb82c8b4715937ac60f4f9d0eb5d6dce73d3d,87,female,Dr. Preeti Deshmukh,0x23618e81E3f5cdF7f54C3d65f7FBc0aBf5B21E8f,Apollo Multispecialty Hospital,Microbiology Tests,Dengue Duo NS1 Ag + IgM/IgG Antibody ELISA,Serum,"Dengue NS1 Antigen: POSITIVE, IgM: Reactive",Non-Reactive / Negative,POSITIVE_ABNORMAL,Medium,1400,Diagnostic Laboratory Reports,Consent Verified (Active on Blockchain),AES-256-GCM,vault-transit-key-0xe13fb82c,Qm0b769021820cf4d32f466da07d25153749b66dfe14ae,Pinata Dedicated IPFS Gateway,0.0.4891024,5596,2026-09-13 12:09:01 UTC,0x61dad8679ca65b8acdc1f32a582da1ef671eada760210f060f248db2d4b931ef,0.0001
LAB-REP-00597,ACC-LAB-004-000597,Apollo Diagnostics Advanced Enclave,0x23618e81E3f5cdF7f54C3d65f7FBc0aBf5B21E8f,NABL-MC-5102,"Dr. Shanti Swaminathan, MD",Madhav Sharma,849797,0x40fae6896e75928db2bba2ef8fc56057c7630dda,88,male,Dr. Vikram Seth,0x15d34AAf54267DB7D7c367839AAf71A00a2C6A65,Fortis Memorial Neuro & Trauma Center,Blood Tests,Thrombocytopenia Platelet Monitoring,Whole Blood (EDTA),"Platelets: 42,000 /uL (Severe Low)","Platelets: 150,000 - 450,000 /uL",CRITICAL_ALERT,Low,350,Diagnostic Laboratory Reports,Consent Verified (Active on Blockchain),AES-256-GCM,vault-transit-key-0x40fae689,Qm1c543bce8788fc48e822df44a04d8a2f8c76ea9112a2,Pinata Dedicated IPFS Gateway,0.0.4891024,5597,2026-09-13 12:09:03 UTC,0x27a6e1b1ae27e97680b46677c07ee3bad72ad168196c2d80f29f8ed855d497e4,0.0001
LAB-REP-00598,ACC-LAB-004-000598,Apollo Diagnostics Advanced Enclave,0x23618e81E3f5cdF7f54C3d65f7FBc0aBf5B21E8f,NABL-MC-5102,"Dr. Shanti Swaminathan, MD",Sameer Gupta,849798,0xf27774b6ca46f1de83759a8670885fd934de7d27,89,female,Dr. Sarah Jenkins,0x04Fee3FD1B338d12FFD6dBD8d66dE1e8e0BB99cB,Care & Cure Pediatric & Maternity Hospital,Kidney Function Tests,Renal Function Profile (KFT),Serum,"BUN: 14 mg/dL, Creatinine: 0.9 mg/dL, eGFR: 92 mL/min","BUN: 7-20 mg/dL, Creatinine: 0.6-1.2 mg/dL, eGFR: >60 mL/min",NORMAL,Low,850,Diagnostic Laboratory Reports,Consent Verified (Active on Blockchain),AES-256-GCM,vault-transit-key-0xf27774b6,Qm4f45974082ed33c18a090b3d4cbf1b0499ff854e9e16,Pinata Dedicated IPFS Gateway,0.0.4891024,5598,2026-09-13 12:09:06 UTC,0xd4ebbc0c99d09a6f151806a83c0c0b732577c5826015e78b494b4216de698cac,0.0001
LAB-REP-00599,ACC-LAB-005-000599,SRL Diagnostics Regional Core Lab,0xa0Ee7A142d267C1f36714E4a8F75612F20a79720,NABL-MC-4491,"Dr. Ramesh Sarin, DNB Path",Deepak Iyer,849799,0x7a6a5de701314f3de5f581476eae17b325d270bf,90,male,Dr. Rajesh Sharma,0x3c44CdDdB6a900fa2b585dd299e03d12FA4293BC,Apollo Multispecialty Hospital,Blood Tests,Complete Blood Count (CBC),Whole Blood (EDTA),"Hb: 13.5 g/dL, WBC: 7200 /uL, Platelets: 2.4 Lakhs/uL (Borderline clinical correlation advised)","Hb: 12-16 g/dL, WBC: 4000-11000 /uL, Platelets: 1.5-4.5 Lakhs/uL",BORDERLINE,Low,450,Diagnostic Laboratory Reports,Consent Verified (Active on Blockchain),AES-256-GCM,vault-transit-key-0x7a6a5de7,Qm1726ecaa373eb241e5e181899251b30bb44f4f7ebd8b,Pinata Dedicated IPFS Gateway,0.0.4891024,5599,2026-09-13 12:09:08 UTC,0x4315e402a0bf7f3b70176ae11ba016e0400531bffadb118ef35be8b16442cac1,0.0001
LAB-REP-00600,ACC-LAB-002-000600,Dr. Lal PathLabs Central Reference Hub,0x976EA74026E726554dB657fA54763abd0C3a0aa9,NABL-MC-1044,"Dr. Arvind Lal, FRCPath",Riya Rao,849200,0x069342ad4579fc7dd1cce471aa68ad91410c4b9a,16,female,Dr. Preeti Deshmukh,0x23618e81E3f5cdF7f54C3d65f7FBc0aBf5B21E8f,Max Super Speciality Cancer Institute,Metabolic Panel,Comprehensive Metabolic Panel (CMP),Serum,"Na: 138 mmol/L, K: 4.1 mmol/L, Creat: 1.05 mg/dL","Na: 135-145, K: 3.5-5.0, Creatinine: 0.7-1.3 mg/dL",NORMAL,Medium,1200,Diagnostic Laboratory Reports,Consent Verified (Active on Blockchain),AES-256-GCM,vault-transit-key-0x069342ad,Qmb872701690b0139939863d768b28ec6ca074ca56bd62,Pinata Dedicated IPFS Gateway,0.0.4891024,5600,2026-09-13 12:09:10 UTC,0x8861038000d2e5fc5a46ea5b874e209380461437fd821cd5f80642cf67d19e8e,0.0001
LAB-REP-00601,ACC-LAB-002-000601,Dr. Lal PathLabs Central Reference Hub,0x976EA74026E726554dB657fA54763abd0C3a0aa9,NABL-MC-1044,"Dr. Arvind Lal, FRCPath",Manish Malhotra,849201,0xe74ca416d5aa7a0b3bd75a39cfa1214d1fee4455,17,male,Dr. Ananya Roy,0x9965507D1a55bcC2695C58ba16FB37d819B0A4dc,Care & Cure Pediatric & Maternity Hospital,Endocrinology Tests,"Thyroid Function Panel (TSH, Free T3, Free T4)",Serum,"TSH: 6.8 uIU/mL (Hypothyroid), FT4: 0.72 ng/dL (Low)","TSH: 0.45-4.5 uIU/mL, FT3: 2.0-4.4 pg/mL, FT4: 0.8-1.8 ng/dL",LOW,Low,750,Diagnostic Laboratory Reports,Consent Verified (Active on Blockchain),AES-256-GCM,vault-transit-key-0xe74ca416,Qm095fbbd0c79960cc18e4db1dd6692539edfa5372539d,Pinata Dedicated IPFS Gateway,0.0.4891024,5601,2026-09-13 12:09:12 UTC,0x3667c90965f987a6f5a7318767eea87d04e911bb068216b3140aa8f16efa90b0,0.0001
LAB-REP-00602,ACC-LAB-005-000602,SRL Diagnostics Regional Core Lab,0xa0Ee7A142d267C1f36714E4a8F75612F20a79720,NABL-MC-4491,"Dr. Ramesh Sarin, DNB Path",Deepak Kapoor,849202,0x0d673b46d88d1340bc524a675c194ffc5cd65245,18,female,Dr. Preeti Deshmukh,0x23618e81E3f5cdF7f54C3d65f7FBc0aBf5B21E8f,Apollo Multispecialty Hospital,Endocrinology Tests,HbA1c Glycated Hemoglobin,Whole Blood (EDTA),HbA1c: 7.6% (Diabetic Range),"<5.7% Normal, 5.7-6.4% Prediabetes, >=6.5% Diabetes",HIGH,Low,650,Diagnostic Laboratory Reports,Consent Verified (Active on Blockchain),AES-256-GCM,vault-transit-key-0x0d673b46,Qm03f7007c60a0630e6bd77d163cf13571123404efe15d,Pinata Dedicated IPFS Gateway,0.0.4891024,5602,2026-09-13 12:09:14 UTC,0x2e37aa6cf94d9c56836c83f8ee4bd0994cf0e235425f25c3be5905ba341e1dd5,0.0001
LAB-REP-00603,ACC-LAB-004-000603,Apollo Diagnostics Advanced Enclave,0x23618e81E3f5cdF7f54C3d65f7FBc0aBf5B21E8f,NABL-MC-5102,"Dr. Shanti Swaminathan, MD",Amit Sharma,849203,0x1beb32b42eae6c1027d91a123f86f0991429a20c,19,male,Dr. Sarah Jenkins,0x04Fee3FD1B338d12FFD6dBD8d66dE1e8e0BB99cB,Max Super Speciality Cancer Institute,Cardiology Tests,High-Sensitivity Cardiac Troponin-I (hs-cTnI),Serum / Plasma,hs-cTnI: 1850 ng/L (Markedly Elevated Acute Myocardial Infarction),< 14 ng/L (99th Percentile Upper Reference Limit),CRITICAL_ALERT,Medium,1800,Diagnostic Laboratory Reports,Consent Verified (Active on Blockchain),AES-256-GCM,vault-transit-key-0x1beb32b4,Qmf59126a3cd985424a0db74969eb79c14e24754b1cd2c,Pinata Dedicated IPFS Gateway,0.0.4891024,5603,2026-09-13 12:09:17 UTC,0x0b941a66d7cd48fd816b545b73e6a37a7b99639206ad326eb2cff63d7933abd0,0.0001
LAB-REP-00604,ACC-LAB-001-000604,Apex Diagnostic Reference Labs,0x04Fee3FD1B338d12FFD6dBD8d66dE1e8e0BB99cB,NABL-MC-2091,"Dr. Sunita Narang, MD Path",Siddharth Hegde,849204,0xc12a1c8ffde70447eefff991360883ffa0b380d6,20,female,Dr. Vikram Seth,0x15d34AAf54267DB7D7c367839AAf71A00a2C6A65,Apex Diagnostic & Pathology Hub,Kidney Function Tests,Renal Function Profile (KFT),Serum,"BUN: 14 mg/dL, Creatinine: 0.9 mg/dL, eGFR: 92 mL/min","BUN: 7-20 mg/dL, Creatinine: 0.6-1.2 mg/dL, eGFR: >60 mL/min",NORMAL,Low,850,Diagnostic Laboratory Reports,Consent Verified (Active on Blockchain),AES-256-GCM,vault-transit-key-0xc12a1c8f,Qm01c35ee4be518826a971deeb3816a6749499c5f86c0a,Pinata Dedicated IPFS Gateway,0.0.4891024,5604,2026-09-13 12:09:19 UTC,0x61cb508c627c55dece899f8c1e4819603254b8846d8c291a9800f105afef6e5f,0.0001
LAB-REP-00605,ACC-LAB-003-000605,Metropolis Healthcare Molecular Laboratory,0x14dC79964da2C08b23698B3D3cc7Ca32193d9955,NABL-MC-3819,"Dr. Nilesh Shah, MD",Kavya Kulkarni,849205,0x38338aefb5e7887d3218e1cf40c828875c40ea61,21,male,Dr. Sarah Jenkins,0x04Fee3FD1B338d12FFD6dBD8d66dE1e8e0BB99cB,Apollo Multispecialty Hospital,Pathology / Biopsy,Core Needle Biopsy Histopathology & Immunohistochemistry,Tissue Biopsy in 10% Formalin,"Infiltrating Ductal Carcinoma Grade 2, ER 85%+, PR 60%+, HER2/neu Negative",Benign / No malignancy,MALIGNANT_POSITIVE,High - Genomic/Oncology,4500,Diagnostic Laboratory Reports,Consent Verified (Active on Blockchain),AES-256-GCM,vault-transit-key-0x38338aef,Qmf049cb1cb770a69ecfc5899ee859d95d005bcc4e53b2,Pinata Dedicated IPFS Gateway,0.0.4891024,5605,2026-09-13 12:09:22 UTC,0xe16693cbc917c8050b3516b40b77a8adb6aa90c43ae7fecead6dbf06bde74edc,0.0001
LAB-REP-00606,ACC-LAB-001-000606,Apex Diagnostic Reference Labs,0x04Fee3FD1B338d12FFD6dBD8d66dE1e8e0BB99cB,NABL-MC-2091,"Dr. Sunita Narang, MD Path",Rohan Menon,849206,0x6bab2495a8ba4af126212cb4151df14cf47763a5,22,female,Dr. Rajesh Sharma,0x3c44CdDdB6a900fa2b585dd299e03d12FA4293BC,Care & Cure Pediatric & Maternity Hospital,Liver Function Tests,Liver Function Profile (LFT),Serum,"ALT: 88 U/L (High), AST: 74 U/L (High), Total Bili: 1.8 mg/dL","ALT: 7-56 U/L, AST: 10-40 U/L, Bilirubin: 0.1-1.2 mg/dL",HIGH,Low,950,Diagnostic Laboratory Reports,Consent Verified (Active on Blockchain),AES-256-GCM,vault-transit-key-0x6bab2495,Qm2aa001c234a48cbc00845929457f927927fa91f024b1,Pinata Dedicated IPFS Gateway,0.0.4891024,5606,2026-09-13 12:09:24 UTC,0x9cfbbc01e9476ac3ff5125a39b439352ee7cfa07123631b9bf21d3acef5f6ce6,0.0001
LAB-REP-00607,ACC-LAB-003-000607,Metropolis Healthcare Molecular Laboratory,0x14dC79964da2C08b23698B3D3cc7Ca32193d9955,NABL-MC-3819,"Dr. Nilesh Shah, MD",Varun Chatterjee,849207,0x0f6b893d26bc48e6b8dc589f1fbadc83fafcebc2,23,male,Dr. Rohan Patel,0x976EA74026E726554dB657fA54763abd0C3a0aa9,Max Super Speciality Cancer Institute,Endocrinology Tests,HbA1c Glycated Hemoglobin,Whole Blood (EDTA),HbA1c: 7.6% (Diabetic Range),"<5.7% Normal, 5.7-6.4% Prediabetes, >=6.5% Diabetes",HIGH,Low,650,Diagnostic Laboratory Reports,Consent Verified (Active on Blockchain),AES-256-GCM,vault-transit-key-0x0f6b893d,Qm141db2e910c46003eb7049d6488ad5e9036f3d77bca6,Pinata Dedicated IPFS Gateway,0.0.4891024,5607,2026-09-13 12:09:25 UTC,0x21b699adf4e200cb505a985ae1b20c910845642e763843ba7c71c6b059deba39,0.0001
LAB-REP-00608,ACC-LAB-001-000608,Apex Diagnostic Reference Labs,0x04Fee3FD1B338d12FFD6dBD8d66dE1e8e0BB99cB,NABL-MC-2091,"Dr. Sunita Narang, MD Path",Shreya Saxena,849208,0x661954b94aec949b02645723476befb65806cea4,24,female,Dr. Sunita Narang,0xBcd4042DE499D14e55001CcbB24a551F3b954096,Care & Cure Pediatric & Maternity Hospital,Metabolic Panel,Comprehensive Metabolic Panel (CMP),Serum,"Na: 138 mmol/L, K: 4.1 mmol/L, Creat: 1.05 mg/dL (Borderline clinical correlation advised)","Na: 135-145, K: 3.5-5.0, Creatinine: 0.7-1.3 mg/dL",BORDERLINE,Medium,1200,Diagnostic Laboratory Reports,Consent Verified (Active on Blockchain),AES-256-GCM,vault-transit-key-0x661954b9,Qm58753e593dfd5531c865496f37730521432dc1ba56c6,Pinata Dedicated IPFS Gateway,0.0.4891024,5608,2026-09-13 12:09:28 UTC,0xc8dc103082eef401876e248146bfb04dc123363099604148cd0b1a7f384bd220,0.0001
LAB-REP-00609,ACC-LAB-005-000609,SRL Diagnostics Regional Core Lab,0xa0Ee7A142d267C1f36714E4a8F75612F20a79720,NABL-MC-4491,"Dr. Ramesh Sarin, DNB Path",Sneha Iyer,849209,0xcc03690acf81fee7243d3c718714990f25fde8c4,25,male,Dr. Preeti Deshmukh,0x23618e81E3f5cdF7f54C3d65f7FBc0aBf5B21E8f,Fortis Memorial Neuro & Trauma Center,Pathology / Biopsy,Core Needle Biopsy Histopathology & Immunohistochemistry,Tissue Biopsy in 10% Formalin,"Infiltrating Ductal Carcinoma Grade 2, ER 85%+, PR 60%+, HER2/neu Negative",Benign / No malignancy,MALIGNANT_POSITIVE,High - Genomic/Oncology,4500,Diagnostic Laboratory Reports,Consent Verified (Active on Blockchain),AES-256-GCM,vault-transit-key-0xcc03690a,Qm1184d49d249f303c959520837e552ffabb1f4a4cc795,Pinata Dedicated IPFS Gateway,0.0.4891024,5609,2026-09-13 12:09:31 UTC,0x2ec15613effc31605a6fe92cff3ae7aa6ce52872ae626bcb5fd4dfd5e314bc6d,0.0001
LAB-REP-00610,ACC-LAB-003-000610,Metropolis Healthcare Molecular Laboratory,0x14dC79964da2C08b23698B3D3cc7Ca32193d9955,NABL-MC-3819,"Dr. Nilesh Shah, MD",Sneha Swaminathan,849210,0x8b4f651cbb23a0433fd97194f8fbb1340d3ffa2b,26,female,Dr. Ananya Roy,0x9965507D1a55bcC2695C58ba16FB37d819B0A4dc,Apollo Multispecialty Hospital,Liver Function Tests,Liver Function Profile (LFT),Serum,"ALT: 88 U/L (High), AST: 74 U/L (High), Total Bili: 1.8 mg/dL","ALT: 7-56 U/L, AST: 10-40 U/L, Bilirubin: 0.1-1.2 mg/dL",HIGH,Low,950,Diagnostic Laboratory Reports,Consent Verified (Active on Blockchain),AES-256-GCM,vault-transit-key-0x8b4f651c,Qm1eb5b0ae4a3af6a57901fecbe61f35a3ae6f40c86861,Pinata Dedicated IPFS Gateway,0.0.4891024,5610,2026-09-13 12:09:32 UTC,0xe79153b290b92ec7fb53222de78e3cc4979abdefc329d7e15d7e67590b120fea,0.0001
LAB-REP-00611,ACC-LAB-004-000611,Apollo Diagnostics Advanced Enclave,0x23618e81E3f5cdF7f54C3d65f7FBc0aBf5B21E8f,NABL-MC-5102,"Dr. Shanti Swaminathan, MD",Sakshi Agarwal,849211,0xf625f84a885543164cec58376bd13b1625ad86a1,27,male,Dr. Preeti Deshmukh,0x23618e81E3f5cdF7f54C3d65f7FBc0aBf5B21E8f,Apex Diagnostic & Pathology Hub,Lipid Profile,Comprehensive Lipid Panel,Serum (Fasting 12h),"Total Chol: 235 mg/dL (High), LDL: 155 mg/dL, TG: 180 mg/dL","Chol: <200 mg/dL, HDL: >40 mg/dL, LDL: <100 mg/dL, TG: <150 mg/dL",HIGH,Low,850,Diagnostic Laboratory Reports,Consent Verified (Active on Blockchain),AES-256-GCM,vault-transit-key-0xf625f84a,Qm9578ef49467fd3ec4693529f62b3647309fdf95ecca3,Pinata Dedicated IPFS Gateway,0.0.4891024,5611,2026-09-13 12:09:35 UTC,0xcd43245c754f395b3a4b4be5c53ce39f8b20d8cbde668cdedee0611396d54f15,0.0001
LAB-REP-00612,ACC-LAB-005-000612,SRL Diagnostics Regional Core Lab,0xa0Ee7A142d267C1f36714E4a8F75612F20a79720,NABL-MC-4491,"Dr. Ramesh Sarin, DNB Path",Lata Pillai,849212,0xab17ccee0f170c691aa7618afeb49043458d187f,28,female,Dr. Preeti Deshmukh,0x23618e81E3f5cdF7f54C3d65f7FBc0aBf5B21E8f,Care & Cure Pediatric & Maternity Hospital,Imaging / Radiology,High-Resolution Non-Contrast Brain CT Scan,Radiological DICOM Imaging,"Small left temporal hemorrhagic contusion, no mass effect",No acute intracranial hemorrhage or midline shift,ABNORMAL_FINDING,Medium,3200,Diagnostic Laboratory Reports,Consent Verified (Active on Blockchain),AES-256-GCM,vault-transit-key-0xab17ccee,Qm823f095c7eeadb27c57a3d42d9ac0012d2b8c303bbe0,Pinata Dedicated IPFS Gateway,0.0.4891024,5612,2026-09-13 12:09:37 UTC,0xacb2df3ec5bfbf4a44519b71bc5dce5a6deec47d8774f8f88891008ffc30e72f,0.0001
LAB-REP-00613,ACC-LAB-005-000613,SRL Diagnostics Regional Core Lab,0xa0Ee7A142d267C1f36714E4a8F75612F20a79720,NABL-MC-4491,"Dr. Ramesh Sarin, DNB Path",Rakesh Ghosh,849213,0x272ea6b125fa697f19735246424a2080f38429a0,29,male,Dr. Sunita Narang,0xBcd4042DE499D14e55001CcbB24a551F3b954096,Apollo Multispecialty Hospital,Liver Function Tests,Liver Function Profile (LFT),Serum,"ALT: 88 U/L (High), AST: 74 U/L (High), Total Bili: 1.8 mg/dL","ALT: 7-56 U/L, AST: 10-40 U/L, Bilirubin: 0.1-1.2 mg/dL",HIGH,Low,950,Diagnostic Laboratory Reports,Consent Verified (Active on Blockchain),AES-256-GCM,vault-transit-key-0x272ea6b1,Qm81918a441c1f17ef818275fb72698c26f9e8839b192f,Pinata Dedicated IPFS Gateway,0.0.4891024,5613,2026-09-13 12:09:40 UTC,0xa11c56fec294097dcbc3ad5896248ee633cbcc74f5a9a3c1a275b3b8b178d404,0.0001
LAB-REP-00614,ACC-LAB-001-000614,Apex Diagnostic Reference Labs,0x04Fee3FD1B338d12FFD6dBD8d66dE1e8e0BB99cB,NABL-MC-2091,"Dr. Sunita Narang, MD Path",Bhavna Kapoor,849214,0xe6fa1297fa635017b409b3622de0d447a23aa0ac,30,female,Dr. Rohan Patel,0x976EA74026E726554dB657fA54763abd0C3a0aa9,Apex Diagnostic & Pathology Hub,Kidney Function Tests,Renal Function Profile (KFT),Serum,"BUN: 14 mg/dL, Creatinine: 0.9 mg/dL, eGFR: 92 mL/min","BUN: 7-20 mg/dL, Creatinine: 0.6-1.2 mg/dL, eGFR: >60 mL/min",NORMAL,Low,850,Diagnostic Laboratory Reports,Consent Verified (Active on Blockchain),AES-256-GCM,vault-transit-key-0xe6fa1297,Qm548d7ce937b8176ec0279be1151dbb1424877d268081,Pinata Dedicated IPFS Gateway,0.0.4891024,5614,2026-09-13 12:09:41 UTC,0x2cd0645fc2086c4c66625644036d02fe4f96914dfb6fbfba75977022a343fb07,0.0001
LAB-REP-00615,ACC-LAB-002-000615,Dr. Lal PathLabs Central Reference Hub,0x976EA74026E726554dB657fA54763abd0C3a0aa9,NABL-MC-1044,"Dr. Arvind Lal, FRCPath",Madhav Pillai,849215,0xed2138b6de648a9ff0356d91235e237003f92c72,31,male,Dr. Rajesh Sharma,0x3c44CdDdB6a900fa2b585dd299e03d12FA4293BC,Care & Cure Pediatric & Maternity Hospital,Imaging / Radiology,Whole Body PET-CT Oncology Scan,18F-FDG Radiotracer DICOM,"Hypermetabolic primary lesion, SUVmax 9.2, no distant metastases","Physiological FDG biodistribution, no hypermetabolic malignancy",ABNORMAL_FINDING,High - Genomic/Oncology,18500,Diagnostic Laboratory Reports,Emergency Diagnostic Upload (Pending Verification),AES-256-GCM,vault-transit-key-0xed2138b6,Qma8b33f2e018c0400d5eca7c74f288298f9b3ed007a17,Pinata Dedicated IPFS Gateway,0.0.4891024,5615,2026-09-13 12:09:44 UTC,0x620e40b3ba20a585bd3743154e1e0ddc827dc6ceca60916aa48045b75532e9cc,0.0001
LAB-REP-00616,ACC-LAB-002-000616,Dr. Lal PathLabs Central Reference Hub,0x976EA74026E726554dB657fA54763abd0C3a0aa9,NABL-MC-1044,"Dr. Arvind Lal, FRCPath",Pooja Gupta,849216,0x92b7911b803c12373b5258b0cbc54839f0fba1f3,32,female,Dr. Preeti Deshmukh,0x23618e81E3f5cdF7f54C3d65f7FBc0aBf5B21E8f,Max Super Speciality Cancer Institute,Microbiology Tests,Dengue Duo NS1 Ag + IgM/IgG Antibody ELISA,Serum,"Dengue NS1 Antigen: POSITIVE, IgM: Reactive",Non-Reactive / Negative,POSITIVE_ABNORMAL,Medium,1400,Diagnostic Laboratory Reports,Consent Verified (Active on Blockchain),AES-256-GCM,vault-transit-key-0x92b7911b,Qm01c97e5dd329e74d50a1ac3d56d71ad5916ce38cd589,Pinata Dedicated IPFS Gateway,0.0.4891024,5616,2026-09-13 12:09:46 UTC,0x54d72f5d1639c70e8a02b50a9ff5f46d52db4d45059102630b33bc29d0d2387a,0.0001
LAB-REP-00617,ACC-LAB-001-000617,Apex Diagnostic Reference Labs,0x04Fee3FD1B338d12FFD6dBD8d66dE1e8e0BB99cB,NABL-MC-2091,"Dr. Sunita Narang, MD Path",Gautam Gupta,849217,0x69fab2ffb8904afe9b8de82a4536d92f53278448,33,male,Dr. Rajesh Sharma,0x3c44CdDdB6a900fa2b585dd299e03d12FA4293BC,Apex Diagnostic & Pathology Hub,Microbiology Tests,Dengue Duo NS1 Ag + IgM/IgG Antibody ELISA,Serum,"Dengue NS1 Antigen: POSITIVE, IgM: Reactive",Non-Reactive / Negative,POSITIVE_ABNORMAL,Medium,1400,Diagnostic Laboratory Reports,Consent Verified (Active on Blockchain),AES-256-GCM,vault-transit-key-0x69fab2ff,Qmab3f48ba5010178ea60b3afb6d941fcf079de14cd1a2,Pinata Dedicated IPFS Gateway,0.0.4891024,5617,2026-09-13 12:09:48 UTC,0xea613054d514492883f331a95bbd41e0f86474bd7c0e9069aeb6af934589527c,0.0001
LAB-REP-00618,ACC-LAB-001-000618,Apex Diagnostic Reference Labs,0x04Fee3FD1B338d12FFD6dBD8d66dE1e8e0BB99cB,NABL-MC-2091,"Dr. Sunita Narang, MD Path",Deepak Shetty,849218,0x96cbc3512338c5fca6a621b1e7e916b9c42e3eed,34,female,Dr. Vikram Seth,0x15d34AAf54267DB7D7c367839AAf71A00a2C6A65,Apex Diagnostic & Pathology Hub,Liver Function Tests,Liver Function Profile (LFT),Serum,"ALT: 88 U/L (High), AST: 74 U/L (High), Total Bili: 1.8 mg/dL","ALT: 7-56 U/L, AST: 10-40 U/L, Bilirubin: 0.1-1.2 mg/dL",HIGH,Low,950,Diagnostic Laboratory Reports,Consent Verified (Active on Blockchain),AES-256-GCM,vault-transit-key-0x96cbc351,Qme0ec6a640f3ceb0c938768cd9e05cbc96b94baae2346,Pinata Dedicated IPFS Gateway,0.0.4891024,5618,2026-09-13 12:09:50 UTC,0xd4883e7c60cc81fa8abb4af3c89a80c6c7eca91a1f147612bb1dc151211407ea,0.0001
LAB-REP-00619,ACC-LAB-001-000619,Apex Diagnostic Reference Labs,0x04Fee3FD1B338d12FFD6dBD8d66dE1e8e0BB99cB,NABL-MC-2091,"Dr. Sunita Narang, MD Path",Pranav Deshmukh,849219,0xde9930eb8ea6077c47b832d721f9051a9aec67da,35,male,Dr. Sarah Jenkins,0x04Fee3FD1B338d12FFD6dBD8d66dE1e8e0BB99cB,Apollo Multispecialty Hospital,Metabolic Panel,Comprehensive Metabolic Panel (CMP),Serum,"Na: 138 mmol/L, K: 4.1 mmol/L, Creat: 1.05 mg/dL","Na: 135-145, K: 3.5-5.0, Creatinine: 0.7-1.3 mg/dL",NORMAL,Medium,1200,Diagnostic Laboratory Reports,Consent Verified (Active on Blockchain),AES-256-GCM,vault-transit-key-0xde9930eb,Qm1fbc5cff3fcc86e9ff26454fac9aa9981d953783fe5f,Pinata Dedicated IPFS Gateway,0.0.4891024,5619,2026-09-13 12:09:53 UTC,0xd624c2955ca31d908131875d3f75c121b05162a6fbe292c7c2c2b997a1bcea54,0.0001
LAB-REP-00620,ACC-LAB-002-000620,Dr. Lal PathLabs Central Reference Hub,0x976EA74026E726554dB657fA54763abd0C3a0aa9,NABL-MC-1044,"Dr. Arvind Lal, FRCPath",Meera Gupta,849220,0x7ec37f0cb174ff65114de61eeeb13d55215b9605,36,female,Dr. Sunita Narang,0xBcd4042DE499D14e55001CcbB24a551F3b954096,Apex Diagnostic & Pathology Hub,Cardiology Tests,High-Sensitivity Cardiac Troponin-I (hs-cTnI),Serum / Plasma,hs-cTnI: 1850 ng/L (Markedly Elevated Acute Myocardial Infarction),< 14 ng/L (99th Percentile Upper Reference Limit),CRITICAL_ALERT,Medium,1800,Diagnostic Laboratory Reports,Consent Verified (Active on Blockchain),AES-256-GCM,vault-transit-key-0x7ec37f0c,Qm4b2d3f3b1b59c35ca37af9b0de72022ecccca244a477,Pinata Dedicated IPFS Gateway,0.0.4891024,5620,2026-09-13 12:09:55 UTC,0x76f1ae3109ca381fd75e433b8455435f61e85dfd2e5ca19b667a89bbeb849927,0.0001
LAB-REP-00621,ACC-LAB-002-000621,Dr. Lal PathLabs Central Reference Hub,0x976EA74026E726554dB657fA54763abd0C3a0aa9,NABL-MC-1044,"Dr. Arvind Lal, FRCPath",Anand Choudhury,849221,0x7e05bcb68a17f38f9b9fa9d153c2a19eeb2434da,37,male,Dr. Sunita Narang,0xBcd4042DE499D14e55001CcbB24a551F3b954096,Max Super Speciality Cancer Institute,Kidney Function Tests,Renal Function Profile (KFT),Serum,"BUN: 14 mg/dL, Creatinine: 0.9 mg/dL, eGFR: 92 mL/min","BUN: 7-20 mg/dL, Creatinine: 0.6-1.2 mg/dL, eGFR: >60 mL/min",NORMAL,Low,850,Diagnostic Laboratory Reports,Consent Verified (Active on Blockchain),AES-256-GCM,vault-transit-key-0x7e05bcb6,Qm270558e6f1c25e939dce976a2f8896d0b4e02ea0d6bf,Pinata Dedicated IPFS Gateway,0.0.4891024,5621,2026-09-13 12:09:57 UTC,0x12cbe7294d71b33d615a91544c0876819d1791e8adc86662daee0b2aa0cc697f,0.0001
LAB-REP-00622,ACC-LAB-005-000622,SRL Diagnostics Regional Core Lab,0xa0Ee7A142d267C1f36714E4a8F75612F20a79720,NABL-MC-4491,"Dr. Ramesh Sarin, DNB Path",Anand Patel,849222,0xf36a0f3f6fed502e12f5fa07c534d0ee2b679ecd,38,female,Dr. Sunita Narang,0xBcd4042DE499D14e55001CcbB24a551F3b954096,Apex Diagnostic & Pathology Hub,Cardiology Tests,High-Sensitivity Cardiac Troponin-I (hs-cTnI),Serum / Plasma,hs-cTnI: 1850 ng/L (Markedly Elevated Acute Myocardial Infarction),< 14 ng/L (99th Percentile Upper Reference Limit),CRITICAL_ALERT,Medium,1800,Diagnostic Laboratory Reports,Consent Verified (Active on Blockchain),AES-256-GCM,vault-transit-key-0xf36a0f3f,Qm4f59c7afaf926cf61e51ab7c2172438c4ac3f5ca0069,Pinata Dedicated IPFS Gateway,0.0.4891024,5622,2026-09-13 12:09:59 UTC,0x514d890b29733d63b1c937cbb4f70ad9e6527012e9827da8f92e39d4f1a93b77,0.0001
LAB-REP-00623,ACC-LAB-005-000623,SRL Diagnostics Regional Core Lab,0xa0Ee7A142d267C1f36714E4a8F75612F20a79720,NABL-MC-4491,"Dr. Ramesh Sarin, DNB Path",Pooja Banerjee,849223,0xef5c8505336a63b72e8d53cfd03d2d582c135981,39,male,Dr. Preeti Deshmukh,0x23618e81E3f5cdF7f54C3d65f7FBc0aBf5B21E8f,Apex Diagnostic & Pathology Hub,Pathology / Biopsy,Core Needle Biopsy Histopathology & Immunohistochemistry,Tissue Biopsy in 10% Formalin,"Infiltrating Ductal Carcinoma Grade 2, ER 85%+, PR 60%+, HER2/neu Negative",Benign / No malignancy,MALIGNANT_POSITIVE,High - Genomic/Oncology,4500,Diagnostic Laboratory Reports,Consent Verified (Active on Blockchain),AES-256-GCM,vault-transit-key-0xef5c8505,Qmbb2ad4e9b36bf0b1058a419fff1db50b8ed77597f306,Pinata Dedicated IPFS Gateway,0.0.4891024,5623,2026-09-13 12:10:02 UTC,0x4cdb2c5271f7da3a2792db3514e9755e2a4bf669af393323b45871c8b4187029,0.0001
LAB-REP-00624,ACC-LAB-003-000624,Metropolis Healthcare Molecular Laboratory,0x14dC79964da2C08b23698B3D3cc7Ca32193d9955,NABL-MC-3819,"Dr. Nilesh Shah, MD",Geeta Mukherjee,849224,0xcbf17fbeab8852d3c05b1c15cecb51bc586a949a,40,female,Dr. Sarah Jenkins,0x04Fee3FD1B338d12FFD6dBD8d66dE1e8e0BB99cB,Care & Cure Pediatric & Maternity Hospital,Cardiology Tests,High-Sensitivity Cardiac Troponin-I (hs-cTnI),Serum / Plasma,hs-cTnI: 1850 ng/L (Markedly Elevated Acute Myocardial Infarction),< 14 ng/L (99th Percentile Upper Reference Limit),CRITICAL_ALERT,Medium,1800,Diagnostic Laboratory Reports,Consent Verified (Active on Blockchain),AES-256-GCM,vault-transit-key-0xcbf17fbe,Qme5961128efce252f34283d73225b0e49a308a95c28f1,Pinata Dedicated IPFS Gateway,0.0.4891024,5624,2026-09-13 12:10:04 UTC,0x1e96e63c05a239dfd428b900b7f67290418309da6c5d5903815230b0dcf6c8db,0.0001
LAB-REP-00625,ACC-LAB-002-000625,Dr. Lal PathLabs Central Reference Hub,0x976EA74026E726554dB657fA54763abd0C3a0aa9,NABL-MC-1044,"Dr. Arvind Lal, FRCPath",Deepak Menon,849225,0x0705f9672deb326a2bb4b2dfe135f6350697ba9e,41,male,Dr. Preeti Deshmukh,0x23618e81E3f5cdF7f54C3d65f7FBc0aBf5B21E8f,Fortis Memorial Neuro & Trauma Center,Microbiology Tests,Dengue Duo NS1 Ag + IgM/IgG Antibody ELISA,Serum,"Dengue NS1 Antigen: POSITIVE, IgM: Reactive",Non-Reactive / Negative,POSITIVE_ABNORMAL,Medium,1400,Diagnostic Laboratory Reports,Consent Verified (Active on Blockchain),AES-256-GCM,vault-transit-key-0x0705f967,Qm84009cb7dbd28fdd794cf7837b2b5826b944d83d0907,Pinata Dedicated IPFS Gateway,0.0.4891024,5625,2026-09-13 12:10:06 UTC,0x5faf6a33396091d06cd46f9f7df8501218153e6c5cd594b3b30001d8f1ec1bc7,0.0001
LAB-REP-00626,ACC-LAB-005-000626,SRL Diagnostics Regional Core Lab,0xa0Ee7A142d267C1f36714E4a8F75612F20a79720,NABL-MC-4491,"Dr. Ramesh Sarin, DNB Path",Rohan Banerjee,849226,0x7bc45822e96968275f634610bcf3457ab4398514,42,female,Dr. Rohan Patel,0x976EA74026E726554dB657fA54763abd0C3a0aa9,Apex Diagnostic & Pathology Hub,Liver Function Tests,Liver Function Profile (LFT),Serum,"ALT: 88 U/L (High), AST: 74 U/L (High), Total Bili: 1.8 mg/dL","ALT: 7-56 U/L, AST: 10-40 U/L, Bilirubin: 0.1-1.2 mg/dL",HIGH,Low,950,Diagnostic Laboratory Reports,Consent Verified (Active on Blockchain),AES-256-GCM,vault-transit-key-0x7bc45822,Qmb30020416d219a44f71e7343fd6ecbf4e0c06023361d,Pinata Dedicated IPFS Gateway,0.0.4891024,5626,2026-09-13 12:10:09 UTC,0x418491fb4e1667fa7684aa123fb01d5c3fd6561faa1414dad079f74cca736b08,0.0001
LAB-REP-00627,ACC-LAB-004-000627,Apollo Diagnostics Advanced Enclave,0x23618e81E3f5cdF7f54C3d65f7FBc0aBf5B21E8f,NABL-MC-5102,"Dr. Shanti Swaminathan, MD",Sakshi Mishra,849227,0xb24de647d2e1fddf75314e042129a54de9bd3cbd,43,male,Dr. Preeti Deshmukh,0x23618e81E3f5cdF7f54C3d65f7FBc0aBf5B21E8f,Care & Cure Pediatric & Maternity Hospital,Microbiology Tests,Dengue Duo NS1 Ag + IgM/IgG Antibody ELISA,Serum,"Dengue NS1 Antigen: POSITIVE, IgM: Reactive",Non-Reactive / Negative,POSITIVE_ABNORMAL,Medium,1400,Diagnostic Laboratory Reports,Consent Verified (Active on Blockchain),AES-256-GCM,vault-transit-key-0xb24de647,Qme8ca9996386e8d3eee351451dccc72b95ea473d83f15,Pinata Dedicated IPFS Gateway,0.0.4891024,5627,2026-09-13 12:10:11 UTC,0x38f2731e04849ab07cdfbdc1bb43806c6aa53d5374f4bb038dbbb85714a282a9,0.0001
LAB-REP-00628,ACC-LAB-005-000628,SRL Diagnostics Regional Core Lab,0xa0Ee7A142d267C1f36714E4a8F75612F20a79720,NABL-MC-4491,"Dr. Ramesh Sarin, DNB Path",Siddharth Iyer,849228,0xb29183dca0b7f423c3d86a9c444dd65b94655fdb,44,female,Dr. Rajesh Sharma,0x3c44CdDdB6a900fa2b585dd299e03d12FA4293BC,Apollo Multispecialty Hospital,Microbiology Tests,Dengue Duo NS1 Ag + IgM/IgG Antibody ELISA,Serum,"Dengue NS1 Antigen: POSITIVE, IgM: Reactive",Non-Reactive / Negative,POSITIVE_ABNORMAL,Medium,1400,Diagnostic Laboratory Reports,Emergency Diagnostic Upload (Pending Verification),AES-256-GCM,vault-transit-key-0xb29183dc,Qm10d8d664675e76f6cee41a90e1039ef6ab750782cc91,Pinata Dedicated IPFS Gateway,0.0.4891024,5628,2026-09-13 12:10:13 UTC,0x046fff62123f2e17e8b3c5f496a45feadfd05d726b171d46c4f604fd072abfff,0.0001
LAB-REP-00629,ACC-LAB-004-000629,Apollo Diagnostics Advanced Enclave,0x23618e81E3f5cdF7f54C3d65f7FBc0aBf5B21E8f,NABL-MC-5102,"Dr. Shanti Swaminathan, MD",Manish Iyer,849229,0x77f331205d077b0937a8e4ba06420edd3fb1aa1b,45,male,Dr. Sunita Narang,0xBcd4042DE499D14e55001CcbB24a551F3b954096,Apollo Multispecialty Hospital,Blood Tests,Complete Blood Count (CBC),Whole Blood (EDTA),"Hb: 13.5 g/dL, WBC: 7200 /uL, Platelets: 2.4 Lakhs/uL","Hb: 12-16 g/dL, WBC: 4000-11000 /uL, Platelets: 1.5-4.5 Lakhs/uL",NORMAL,Low,450,Diagnostic Laboratory Reports,Consent Verified (Active on Blockchain),AES-256-GCM,vault-transit-key-0x77f33120,Qm548d528510242f8981fc5bf363ba25415db7cb65ab31,Pinata Dedicated IPFS Gateway,0.0.4891024,5629,2026-09-13 12:10:15 UTC,0x256cfd3080b14e541db5d2d48267b189a9e4cf719eef8b4ec6bf29364249b462,0.0001
LAB-REP-00630,ACC-LAB-004-000630,Apollo Diagnostics Advanced Enclave,0x23618e81E3f5cdF7f54C3d65f7FBc0aBf5B21E8f,NABL-MC-5102,"Dr. Shanti Swaminathan, MD",Tanvi Patel,849230,0xf4af332000b730eca597922659a4274b3958c92d,46,female,Dr. Ananya Roy,0x9965507D1a55bcC2695C58ba16FB37d819B0A4dc,Max Super Speciality Cancer Institute,Blood Tests,Complete Blood Count (CBC),Whole Blood (EDTA),"Hb: 13.5 g/dL, WBC: 7200 /uL, Platelets: 2.4 Lakhs/uL (Borderline clinical correlation advised)","Hb: 12-16 g/dL, WBC: 4000-11000 /uL, Platelets: 1.5-4.5 Lakhs/uL",BORDERLINE,Low,450,Diagnostic Laboratory Reports,Consent Verified (Active on Blockchain),AES-256-GCM,vault-transit-key-0xf4af3320,Qmbc98edd2183e5104f2f2d20ece6787421540ee1fb432,Pinata Dedicated IPFS Gateway,0.0.4891024,5630,2026-09-13 12:10:17 UTC,0x22dc2a1e303e02d0bdb028256d700ff11e180028cefde2dee664a5c0ff494ae3,0.0001
LAB-REP-00631,ACC-LAB-005-000631,SRL Diagnostics Regional Core Lab,0xa0Ee7A142d267C1f36714E4a8F75612F20a79720,NABL-MC-4491,"Dr. Ramesh Sarin, DNB Path",Vikas Shetty,849231,0xe3397984605f481182e8f6c30343fb5f6e8ca4e8,47,male,Dr. Ananya Roy,0x9965507D1a55bcC2695C58ba16FB37d819B0A4dc,Fortis Memorial Neuro & Trauma Center,Kidney Function Tests,Renal Function Profile (KFT),Serum,"BUN: 14 mg/dL, Creatinine: 0.9 mg/dL, eGFR: 92 mL/min","BUN: 7-20 mg/dL, Creatinine: 0.6-1.2 mg/dL, eGFR: >60 mL/min",NORMAL,Low,850,Diagnostic Laboratory Reports,Emergency Diagnostic Upload (Pending Verification),AES-256-GCM,vault-transit-key-0xe3397984,Qmc2493ac2cdd8eb36bcc4d17d3b6ae4547b10d2b59f06,Pinata Dedicated IPFS Gateway,0.0.4891024,5631,2026-09-13 12:10:20 UTC,0x6cfae9c14727bd93d4786138c9bf9abb12fb976d1408c20e0b573f161fbc4e6d,0.0001
LAB-REP-00632,ACC-LAB-003-000632,Metropolis Healthcare Molecular Laboratory,0x14dC79964da2C08b23698B3D3cc7Ca32193d9955,NABL-MC-3819,"Dr. Nilesh Shah, MD",Sakshi Mehta,849232,0x18d3f2bccc74ba25d18d0161c03010e8fb66e282,48,female,Dr. Ananya Roy,0x9965507D1a55bcC2695C58ba16FB37d819B0A4dc,Fortis Memorial Neuro & Trauma Center,Blood Tests,Thrombocytopenia Platelet Monitoring,Whole Blood (EDTA),"Platelets: 42,000 /uL (Severe Low)","Platelets: 150,000 - 450,000 /uL",CRITICAL_ALERT,Low,350,Diagnostic Laboratory Reports,Emergency Diagnostic Upload (Pending Verification),AES-256-GCM,vault-transit-key-0x18d3f2bc,Qm4969a8a639118c9947bea599776c62d2f2fb980ca1a3,Pinata Dedicated IPFS Gateway,0.0.4891024,5632,2026-09-13 12:10:22 UTC,0x7476e7dd48b85a24ac457f127aabb64900d387ebb73f337a334fce6ecd3e2a70,0.0001
LAB-REP-00633,ACC-LAB-004-000633,Apollo Diagnostics Advanced Enclave,0x23618e81E3f5cdF7f54C3d65f7FBc0aBf5B21E8f,NABL-MC-5102,"Dr. Shanti Swaminathan, MD",Rahul Chatterjee,849233,0x22a5be7210de4dea495775af8510f1bba5cb0c53,49,male,Dr. Vikram Seth,0x15d34AAf54267DB7D7c367839AAf71A00a2C6A65,Apollo Multispecialty Hospital,Blood Tests,Complete Blood Count (CBC),Whole Blood (EDTA),"Hb: 13.5 g/dL, WBC: 7200 /uL, Platelets: 2.4 Lakhs/uL (Borderline clinical correlation advised)","Hb: 12-16 g/dL, WBC: 4000-11000 /uL, Platelets: 1.5-4.5 Lakhs/uL",BORDERLINE,Low,450,Diagnostic Laboratory Reports,Consent Verified (Active on Blockchain),AES-256-GCM,vault-transit-key-0x22a5be72,Qme7884d92fefd74387e982678092e612063abf4283e71,Pinata Dedicated IPFS Gateway,0.0.4891024,5633,2026-09-13 12:10:24 UTC,0xca212085014bb20981f95f1ddf935ca10b9bcb002497f7ab5e5070665c7699ed,0.0001
LAB-REP-00634,ACC-LAB-004-000634,Apollo Diagnostics Advanced Enclave,0x23618e81E3f5cdF7f54C3d65f7FBc0aBf5B21E8f,NABL-MC-5102,"Dr. Shanti Swaminathan, MD",Chetan Hegde,849234,0x5a0dbc2df4a90451d8efb359d97c2714b6168f4e,50,female,Dr. Sunita Narang,0xBcd4042DE499D14e55001CcbB24a551F3b954096,Apex Diagnostic & Pathology Hub,Metabolic Panel,Comprehensive Metabolic Panel (CMP),Serum,"Na: 138 mmol/L, K: 4.1 mmol/L, Creat: 1.05 mg/dL","Na: 135-145, K: 3.5-5.0, Creatinine: 0.7-1.3 mg/dL",NORMAL,Medium,1200,Diagnostic Laboratory Reports,Consent Verified (Active on Blockchain),AES-256-GCM,vault-transit-key-0x5a0dbc2d,Qmf6fbaec0f8ef55e5963d02e721b8917f1b2316e39ccc,Pinata Dedicated IPFS Gateway,0.0.4891024,5634,2026-09-13 12:10:26 UTC,0xa4086fd90558798c6d54b0ca9b429730c8e0ef2573c4ee97a2829eeaecbb5c5b,0.0001
LAB-REP-00635,ACC-LAB-003-000635,Metropolis Healthcare Molecular Laboratory,0x14dC79964da2C08b23698B3D3cc7Ca32193d9955,NABL-MC-3819,"Dr. Nilesh Shah, MD",Tanvi Joshi,849235,0xfbf6eae028896760d71cd0b4575e7defc4ed49fc,51,male,Dr. Vikram Seth,0x15d34AAf54267DB7D7c367839AAf71A00a2C6A65,Fortis Memorial Neuro & Trauma Center,Blood Tests,Thrombocytopenia Platelet Monitoring,Whole Blood (EDTA),"Platelets: 42,000 /uL (Severe Low)","Platelets: 150,000 - 450,000 /uL",CRITICAL_ALERT,Low,350,Diagnostic Laboratory Reports,Consent Verified (Active on Blockchain),AES-256-GCM,vault-transit-key-0xfbf6eae0,Qmc1dba91b72e9e07db745829f2678eba211cd628df484,Pinata Dedicated IPFS Gateway,0.0.4891024,5635,2026-09-13 12:10:29 UTC,0x11ee04c721729459327f81af6e61501218fca2f62bbc9c742f464ddbd452c837,0.0001
LAB-REP-00636,ACC-LAB-001-000636,Apex Diagnostic Reference Labs,0x04Fee3FD1B338d12FFD6dBD8d66dE1e8e0BB99cB,NABL-MC-2091,"Dr. Sunita Narang, MD Path",Rohan Deshmukh,849236,0x3bde6477dd91d158d034af3780c2d5c529ba7876,52,female,Dr. Sunita Narang,0xBcd4042DE499D14e55001CcbB24a551F3b954096,Apex Diagnostic & Pathology Hub,Microbiology Tests,Dengue Duo NS1 Ag + IgM/IgG Antibody ELISA,Serum,"Dengue NS1 Antigen: POSITIVE, IgM: Reactive",Non-Reactive / Negative,POSITIVE_ABNORMAL,Medium,1400,Diagnostic Laboratory Reports,Consent Verified (Active on Blockchain),AES-256-GCM,vault-transit-key-0x3bde6477,Qm71d5abdbc450d9b321da22267dec8d55c040c7a3a735,Pinata Dedicated IPFS Gateway,0.0.4891024,5636,2026-09-13 12:10:31 UTC,0x13e09ef7592da1c32261270f5e7e9ce1a3a5f6106f40b79d7e5310a5fc6587dc,0.0001
LAB-REP-00637,ACC-LAB-002-000637,Dr. Lal PathLabs Central Reference Hub,0x976EA74026E726554dB657fA54763abd0C3a0aa9,NABL-MC-1044,"Dr. Arvind Lal, FRCPath",Aarav Gupta,849237,0x3ea59f78e3e7d49d8699c154f42c8d8da75ee592,53,male,Dr. Rajesh Sharma,0x3c44CdDdB6a900fa2b585dd299e03d12FA4293BC,Apex Diagnostic & Pathology Hub,Endocrinology Tests,HbA1c Glycated Hemoglobin,Whole Blood (EDTA),HbA1c: 7.6% (Diabetic Range),"<5.7% Normal, 5.7-6.4% Prediabetes, >=6.5% Diabetes",HIGH,Low,650,Diagnostic Laboratory Reports,Emergency Diagnostic Upload (Pending Verification),AES-256-GCM,vault-transit-key-0x3ea59f78,Qm7f7ef3c6feea899a65938bc99d5a989741e01d06f6a6,Pinata Dedicated IPFS Gateway,0.0.4891024,5637,2026-09-13 12:10:33 UTC,0x69b8b59eb03dd9208a1477c35ac5056968c5aaf1be4635b917f1df4ce1c8945a,0.0001
LAB-REP-00638,ACC-LAB-002-000638,Dr. Lal PathLabs Central Reference Hub,0x976EA74026E726554dB657fA54763abd0C3a0aa9,NABL-MC-1044,"Dr. Arvind Lal, FRCPath",Aditi Mishra,849238,0xfe60a83e45d85e68f56df93a1400f27b336cb75c,54,female,Dr. Sunita Narang,0xBcd4042DE499D14e55001CcbB24a551F3b954096,Fortis Memorial Neuro & Trauma Center,Endocrinology Tests,"Thyroid Function Panel (TSH, Free T3, Free T4)",Serum,"TSH: 6.8 uIU/mL (Hypothyroid), FT4: 0.72 ng/dL (Low)","TSH: 0.45-4.5 uIU/mL, FT3: 2.0-4.4 pg/mL, FT4: 0.8-1.8 ng/dL",LOW,Low,750,Diagnostic Laboratory Reports,Emergency Diagnostic Upload (Pending Verification),AES-256-GCM,vault-transit-key-0xfe60a83e,Qma6e1b656ea4ab119a3a163486d244302bd316957daf6,Pinata Dedicated IPFS Gateway,0.0.4891024,5638,2026-09-13 12:10:36 UTC,0x24a728a29f14514a7eba407c7baaec6b8e1c482102fb3e7b797161368200e6d6,0.0001
LAB-REP-00639,ACC-LAB-001-000639,Apex Diagnostic Reference Labs,0x04Fee3FD1B338d12FFD6dBD8d66dE1e8e0BB99cB,NABL-MC-2091,"Dr. Sunita Narang, MD Path",Deepak Banerjee,849239,0xc33ee8eeb570b12a34fcd5e31aff03c7fd4a7fe6,55,male,Dr. Rajesh Sharma,0x3c44CdDdB6a900fa2b585dd299e03d12FA4293BC,Care & Cure Pediatric & Maternity Hospital,Lipid Profile,Comprehensive Lipid Panel,Serum (Fasting 12h),"Total Chol: 235 mg/dL (High), LDL: 155 mg/dL, TG: 180 mg/dL","Chol: <200 mg/dL, HDL: >40 mg/dL, LDL: <100 mg/dL, TG: <150 mg/dL",HIGH,Low,850,Diagnostic Laboratory Reports,Consent Verified (Active on Blockchain),AES-256-GCM,vault-transit-key-0xc33ee8ee,Qm609aee8da42fc18cc70993150d829528b91418ed570f,Pinata Dedicated IPFS Gateway,0.0.4891024,5639,2026-09-13 12:10:38 UTC,0x8b140751fd1d7586e16fac4e1028fae48e04935d33cfe4bab518e22bb397dde0,0.0001
LAB-REP-00640,ACC-LAB-003-000640,Metropolis Healthcare Molecular Laboratory,0x14dC79964da2C08b23698B3D3cc7Ca32193d9955,NABL-MC-3819,"Dr. Nilesh Shah, MD",Rohan Hegde,849240,0x1860a9c0307a93741dfdf6a119be3a729f489ded,56,female,Dr. Rajesh Sharma,0x3c44CdDdB6a900fa2b585dd299e03d12FA4293BC,Max Super Speciality Cancer Institute,Cardiology Tests,High-Sensitivity Cardiac Troponin-I (hs-cTnI),Serum / Plasma,hs-cTnI: 1850 ng/L (Markedly Elevated Acute Myocardial Infarction),< 14 ng/L (99th Percentile Upper Reference Limit),CRITICAL_ALERT,Medium,1800,Diagnostic Laboratory Reports,Consent Verified (Active on Blockchain),AES-256-GCM,vault-transit-key-0x1860a9c0,Qm23bbc83896566514a3c552d9c4e1ddf6d418677472b1,Pinata Dedicated IPFS Gateway,0.0.4891024,5640,2026-09-13 12:10:40 UTC,0xa08ea7f74e56ac82efda92a531ae3ba2fd3e0dd1631179f772a7c7b67f1a0891,0.0001
LAB-REP-00641,ACC-LAB-003-000641,Metropolis Healthcare Molecular Laboratory,0x14dC79964da2C08b23698B3D3cc7Ca32193d9955,NABL-MC-3819,"Dr. Nilesh Shah, MD",Neha Verma,849241,0x86954db9abb3505c4bf8c5586ef81578df7dde3b,57,male,Dr. Preeti Deshmukh,0x23618e81E3f5cdF7f54C3d65f7FBc0aBf5B21E8f,Apollo Multispecialty Hospital,Cardiology Tests,High-Sensitivity Cardiac Troponin-I (hs-cTnI),Serum / Plasma,hs-cTnI: 1850 ng/L (Markedly Elevated Acute Myocardial Infarction),< 14 ng/L (99th Percentile Upper Reference Limit),CRITICAL_ALERT,Medium,1800,Diagnostic Laboratory Reports,Consent Verified (Active on Blockchain),AES-256-GCM,vault-transit-key-0x86954db9,Qme5e6d89fc1b18712b68336475b6cf682af34ebf6ea97,Pinata Dedicated IPFS Gateway,0.0.4891024,5641,2026-09-13 12:10:42 UTC,0x9c4ffb76fd5ec3a4679068c72e7af68e808644dffb8c6fc4c264667695c0aa0a,0.0001
LAB-REP-00642,ACC-LAB-005-000642,SRL Diagnostics Regional Core Lab,0xa0Ee7A142d267C1f36714E4a8F75612F20a79720,NABL-MC-4491,"Dr. Ramesh Sarin, DNB Path",Pranav Sharma,849242,0x7a0c5ae17bc3e3351b15350472df1d12d5d64766,58,female,Dr. Sunita Narang,0xBcd4042DE499D14e55001CcbB24a551F3b954096,Fortis Memorial Neuro & Trauma Center,Imaging / Radiology,High-Resolution Non-Contrast Brain CT Scan,Radiological DICOM Imaging,"Small left temporal hemorrhagic contusion, no mass effect",No acute intracranial hemorrhage or midline shift,ABNORMAL_FINDING,Medium,3200,Diagnostic Laboratory Reports,Consent Verified (Active on Blockchain),AES-256-GCM,vault-transit-key-0x7a0c5ae1,Qmfcf24df8db3150a05fed896eb299665caf4c84780409,Pinata Dedicated IPFS Gateway,0.0.4891024,5642,2026-09-13 12:10:44 UTC,0xe9c1d3a5282b896acb4b470a06640126e7ec788f240dd7bc03ae83c5192b6c54,0.0001
LAB-REP-00643,ACC-LAB-005-000643,SRL Diagnostics Regional Core Lab,0xa0Ee7A142d267C1f36714E4a8F75612F20a79720,NABL-MC-4491,"Dr. Ramesh Sarin, DNB Path",Lata Sharma,849243,0x55ce62541a7e08d76c04fcda4618be921daf2044,59,male,Dr. Sunita Narang,0xBcd4042DE499D14e55001CcbB24a551F3b954096,Care & Cure Pediatric & Maternity Hospital,Pathology / Biopsy,Core Needle Biopsy Histopathology & Immunohistochemistry,Tissue Biopsy in 10% Formalin,"Infiltrating Ductal Carcinoma Grade 2, ER 85%+, PR 60%+, HER2/neu Negative",Benign / No malignancy,MALIGNANT_POSITIVE,High - Genomic/Oncology,4500,Diagnostic Laboratory Reports,Consent Verified (Active on Blockchain),AES-256-GCM,vault-transit-key-0x55ce6254,Qmea8c2b3833fad0f21d3944c592ff156fd3b5d44e79d3,Pinata Dedicated IPFS Gateway,0.0.4891024,5643,2026-09-13 12:10:47 UTC,0xaff375fb26bf78668ada572ef12c1eb34b59a4c307ca9495c4c20426ad30c648,0.0001
LAB-REP-00644,ACC-LAB-004-000644,Apollo Diagnostics Advanced Enclave,0x23618e81E3f5cdF7f54C3d65f7FBc0aBf5B21E8f,NABL-MC-5102,"Dr. Shanti Swaminathan, MD",Amit Agarwal,849244,0x29dfce0d9cc4f8d4140040c8e43ca35249c68de8,60,female,Dr. Sunita Narang,0xBcd4042DE499D14e55001CcbB24a551F3b954096,Apex Diagnostic & Pathology Hub,Endocrinology Tests,"Thyroid Function Panel (TSH, Free T3, Free T4)",Serum,"TSH: 6.8 uIU/mL (Hypothyroid), FT4: 0.72 ng/dL (Low)","TSH: 0.45-4.5 uIU/mL, FT3: 2.0-4.4 pg/mL, FT4: 0.8-1.8 ng/dL",LOW,Low,750,Diagnostic Laboratory Reports,Consent Verified (Active on Blockchain),AES-256-GCM,vault-transit-key-0x29dfce0d,Qmbe1b969eb34486aa112d2f16d69ac3a761272cefed08,Pinata Dedicated IPFS Gateway,0.0.4891024,5644,2026-09-13 12:10:49 UTC,0xecc5e31fd6422ab30e3ea85121100bba738944276c074eed00c20913c448defd,0.0001
LAB-REP-00645,ACC-LAB-005-000645,SRL Diagnostics Regional Core Lab,0xa0Ee7A142d267C1f36714E4a8F75612F20a79720,NABL-MC-4491,"Dr. Ramesh Sarin, DNB Path",Sameer Gupta,849245,0x88b7beb1b0d04ec7615ead96cc20a4fc3402fb66,61,male,Dr. Vikram Seth,0x15d34AAf54267DB7D7c367839AAf71A00a2C6A65,Apollo Multispecialty Hospital,Lipid Profile,Comprehensive Lipid Panel,Serum (Fasting 12h),"Total Chol: 235 mg/dL (High), LDL: 155 mg/dL, TG: 180 mg/dL","Chol: <200 mg/dL, HDL: >40 mg/dL, LDL: <100 mg/dL, TG: <150 mg/dL",HIGH,Low,850,Diagnostic Laboratory Reports,Consent Verified (Active on Blockchain),AES-256-GCM,vault-transit-key-0x88b7beb1,Qmc7bdec6bbda9453d20e29ab1c38196c672baf99362d3,Pinata Dedicated IPFS Gateway,0.0.4891024,5645,2026-09-13 12:10:51 UTC,0x1c1d046cfc7a0949b02c4be7986dafce9a34988ffc49b09f198871eb6c9d5003,0.0001
LAB-REP-00646,ACC-LAB-001-000646,Apex Diagnostic Reference Labs,0x04Fee3FD1B338d12FFD6dBD8d66dE1e8e0BB99cB,NABL-MC-2091,"Dr. Sunita Narang, MD Path",Rakesh Mishra,849246,0xa0b638c7f7e832a0bfec662742b8894e9a92ca66,62,female,Dr. Vikram Seth,0x15d34AAf54267DB7D7c367839AAf71A00a2C6A65,Fortis Memorial Neuro & Trauma Center,Blood Tests,Complete Blood Count (CBC),Whole Blood (EDTA),"Hb: 13.5 g/dL, WBC: 7200 /uL, Platelets: 2.4 Lakhs/uL","Hb: 12-16 g/dL, WBC: 4000-11000 /uL, Platelets: 1.5-4.5 Lakhs/uL",NORMAL,Low,450,Diagnostic Laboratory Reports,Consent Verified (Active on Blockchain),AES-256-GCM,vault-transit-key-0xa0b638c7,Qmc16460823f93ff4fd620b91bd24aadc9f1a5bc8aa8e9,Pinata Dedicated IPFS Gateway,0.0.4891024,5646,2026-09-13 12:10:54 UTC,0x2d4acbc4f8e6688a2cecbb2b5ddf71cc70dbfa66526d65b1da48c835bb948db8,0.0001
LAB-REP-00647,ACC-LAB-004-000647,Apollo Diagnostics Advanced Enclave,0x23618e81E3f5cdF7f54C3d65f7FBc0aBf5B21E8f,NABL-MC-5102,"Dr. Shanti Swaminathan, MD",Siddharth Gowda,849247,0x99e348444cd7bd68d089c6cbe1dd4156c1986b40,63,male,Dr. Vikram Seth,0x15d34AAf54267DB7D7c367839AAf71A00a2C6A65,Apex Diagnostic & Pathology Hub,Blood Tests,Complete Blood Count (CBC),Whole Blood (EDTA),"Hb: 13.5 g/dL, WBC: 7200 /uL, Platelets: 2.4 Lakhs/uL","Hb: 12-16 g/dL, WBC: 4000-11000 /uL, Platelets: 1.5-4.5 Lakhs/uL",NORMAL,Low,450,Diagnostic Laboratory Reports,Consent Verified (Active on Blockchain),AES-256-GCM,vault-transit-key-0x99e34844,Qmd35b1acfa4b4eb473ba648eb2f06f88a8c19a721228b,Pinata Dedicated IPFS Gateway,0.0.4891024,5647,2026-09-13 12:10:56 UTC,0x94498ae14e583730253f1d2d0590f0242f9bf42d58216eb1d3c068577767ff4b,0.0001
LAB-REP-00648,ACC-LAB-003-000648,Metropolis Healthcare Molecular Laboratory,0x14dC79964da2C08b23698B3D3cc7Ca32193d9955,NABL-MC-3819,"Dr. Nilesh Shah, MD",Pranav Saxena,849248,0xa2dc6b65bb058916b0e8b468620150a0883a5f75,64,female,Dr. Preeti Deshmukh,0x23618e81E3f5cdF7f54C3d65f7FBc0aBf5B21E8f,Apollo Multispecialty Hospital,Kidney Function Tests,Renal Function Profile (KFT),Serum,"BUN: 14 mg/dL, Creatinine: 0.9 mg/dL, eGFR: 92 mL/min","BUN: 7-20 mg/dL, Creatinine: 0.6-1.2 mg/dL, eGFR: >60 mL/min",NORMAL,Low,850,Diagnostic Laboratory Reports,Consent Verified (Active on Blockchain),AES-256-GCM,vault-transit-key-0xa2dc6b65,Qm7cf9e1342e96b0720565ad40fe0445d0f9d9b6379342,Pinata Dedicated IPFS Gateway,0.0.4891024,5648,2026-09-13 12:10:58 UTC,0xf528873b0572dabc86323db39afa927873be3106df3d17e84121229d28d5904e,0.0001
LAB-REP-00649,ACC-LAB-004-000649,Apollo Diagnostics Advanced Enclave,0x23618e81E3f5cdF7f54C3d65f7FBc0aBf5B21E8f,NABL-MC-5102,"Dr. Shanti Swaminathan, MD",Ananya Gupta,849249,0xdc4245d10f97583867165ff05adb0c5f7b9cb939,65,male,Dr. Sarah Jenkins,0x04Fee3FD1B338d12FFD6dBD8d66dE1e8e0BB99cB,Max Super Speciality Cancer Institute,Imaging / Radiology,High-Resolution Non-Contrast Brain CT Scan,Radiological DICOM Imaging,"Small left temporal hemorrhagic contusion, no mass effect",No acute intracranial hemorrhage or midline shift,ABNORMAL_FINDING,Medium,3200,Diagnostic Laboratory Reports,Consent Verified (Active on Blockchain),AES-256-GCM,vault-transit-key-0xdc4245d1,Qm5064c087e0749d994ee308e5f8f3346386dbeadadb1a,Pinata Dedicated IPFS Gateway,0.0.4891024,5649,2026-09-13 12:11:00 UTC,0x94a490fcc4fe0bd03c6d9757c728558529a58c047688431cc313aa00ec68b37f,0.0001
LAB-REP-00650,ACC-LAB-001-000650,Apex Diagnostic Reference Labs,0x04Fee3FD1B338d12FFD6dBD8d66dE1e8e0BB99cB,NABL-MC-2091,"Dr. Sunita Narang, MD Path",Manish Kulkarni,849250,0x620b7add4566191b44ba304209d9edf5b803c9c7,66,female,Dr. Sunita Narang,0xBcd4042DE499D14e55001CcbB24a551F3b954096,Max Super Speciality Cancer Institute,Blood Tests,Thrombocytopenia Platelet Monitoring,Whole Blood (EDTA),"Platelets: 42,000 /uL (Severe Low)","Platelets: 150,000 - 450,000 /uL",CRITICAL_ALERT,Low,350,Diagnostic Laboratory Reports,Consent Verified (Active on Blockchain),AES-256-GCM,vault-transit-key-0x620b7add,Qmae7e3e085836e091980397b21845b32d690f14ec8a7b,Pinata Dedicated IPFS Gateway,0.0.4891024,5650,2026-09-13 12:11:03 UTC,0xc59953b6b1d306d5ce42ebb76a89b6d8302b5b970bb94041115cb460c7206200,0.0001
LAB-REP-00651,ACC-LAB-002-000651,Dr. Lal PathLabs Central Reference Hub,0x976EA74026E726554dB657fA54763abd0C3a0aa9,NABL-MC-1044,"Dr. Arvind Lal, FRCPath",Madhav Gowda,849251,0x90cc46b48ab962b9359e9871e0c9ad29ce957639,67,male,Dr. Vikram Seth,0x15d34AAf54267DB7D7c367839AAf71A00a2C6A65,Apex Diagnostic & Pathology Hub,Liver Function Tests,Liver Function Profile (LFT),Serum,"ALT: 88 U/L (High), AST: 74 U/L (High), Total Bili: 1.8 mg/dL","ALT: 7-56 U/L, AST: 10-40 U/L, Bilirubin: 0.1-1.2 mg/dL",HIGH,Low,950,Diagnostic Laboratory Reports,Consent Verified (Active on Blockchain),AES-256-GCM,vault-transit-key-0x90cc46b4,Qmcf9762509362af93b0e6b3d30056be9fbfb86e25b52e,Pinata Dedicated IPFS Gateway,0.0.4891024,5651,2026-09-13 12:11:04 UTC,0x37ca23c4044ee2066ef0d2c32cbb61ba0b95f1293f405b9845944ffe27f8893f,0.0001
LAB-REP-00652,ACC-LAB-003-000652,Metropolis Healthcare Molecular Laboratory,0x14dC79964da2C08b23698B3D3cc7Ca32193d9955,NABL-MC-3819,"Dr. Nilesh Shah, MD",Yashwanth Iyer,849252,0x6ab33094c1ef1de997be469abfdf5d3c4acb0157,68,female,Dr. Rajesh Sharma,0x3c44CdDdB6a900fa2b585dd299e03d12FA4293BC,Apollo Multispecialty Hospital,Lipid Profile,Comprehensive Lipid Panel,Serum (Fasting 12h),"Total Chol: 235 mg/dL (High), LDL: 155 mg/dL, TG: 180 mg/dL","Chol: <200 mg/dL, HDL: >40 mg/dL, LDL: <100 mg/dL, TG: <150 mg/dL",HIGH,Low,850,Diagnostic Laboratory Reports,Consent Verified (Active on Blockchain),AES-256-GCM,vault-transit-key-0x6ab33094,Qm23fe3498d66ab25ba62ffcf3831810ea93729f7efb0f,Pinata Dedicated IPFS Gateway,0.0.4891024,5652,2026-09-13 12:11:07 UTC,0xf5796a3a1640ad8fffb67fd0514baca48dc186ca81d63b142e3b5240506eea35,0.0001
LAB-REP-00653,ACC-LAB-004-000653,Apollo Diagnostics Advanced Enclave,0x23618e81E3f5cdF7f54C3d65f7FBc0aBf5B21E8f,NABL-MC-5102,"Dr. Shanti Swaminathan, MD",Vikas Shetty,849253,0x8727456e8589d358e140f03e48695250de90e7b8,69,male,Dr. Ananya Roy,0x9965507D1a55bcC2695C58ba16FB37d819B0A4dc,Fortis Memorial Neuro & Trauma Center,Cardiology Tests,High-Sensitivity Cardiac Troponin-I (hs-cTnI),Serum / Plasma,hs-cTnI: 1850 ng/L (Markedly Elevated Acute Myocardial Infarction),< 14 ng/L (99th Percentile Upper Reference Limit),CRITICAL_ALERT,Medium,1800,Diagnostic Laboratory Reports,Consent Verified (Active on Blockchain),AES-256-GCM,vault-transit-key-0x8727456e,Qmd958291b06048f1811695dd90f97f87b8425f943c129,Pinata Dedicated IPFS Gateway,0.0.4891024,5653,2026-09-13 12:11:09 UTC,0xe8f17fcb03cc68d91664a2d2865fc18ddb877d16ef9ce65e055ebd135dd7569d,0.0001
LAB-REP-00654,ACC-LAB-001-000654,Apex Diagnostic Reference Labs,0x04Fee3FD1B338d12FFD6dBD8d66dE1e8e0BB99cB,NABL-MC-2091,"Dr. Sunita Narang, MD Path",Nandini Bhatia,849254,0x4e2022f4c8830ba5c0364d29a57f0df8b81a12ac,70,female,Dr. Preeti Deshmukh,0x23618e81E3f5cdF7f54C3d65f7FBc0aBf5B21E8f,Fortis Memorial Neuro & Trauma Center,Blood Tests,Thrombocytopenia Platelet Monitoring,Whole Blood (EDTA),"Platelets: 42,000 /uL (Severe Low)","Platelets: 150,000 - 450,000 /uL",CRITICAL_ALERT,Low,350,Diagnostic Laboratory Reports,Consent Verified (Active on Blockchain),AES-256-GCM,vault-transit-key-0x4e2022f4,Qm2434a467307bc8434fb219484273672f6bf445a23d65,Pinata Dedicated IPFS Gateway,0.0.4891024,5654,2026-09-13 12:11:12 UTC,0xf29e69d6bbf360f1fc58f61f0ec46327c699712a5a32a2786d8b3fa9f290cc20,0.0001
LAB-REP-00655,ACC-LAB-005-000655,SRL Diagnostics Regional Core Lab,0xa0Ee7A142d267C1f36714E4a8F75612F20a79720,NABL-MC-4491,"Dr. Ramesh Sarin, DNB Path",Rakesh Malhotra,849255,0x845bb5328aa83ec18914c5c6848065d84b25038d,71,male,Dr. Preeti Deshmukh,0x23618e81E3f5cdF7f54C3d65f7FBc0aBf5B21E8f,Max Super Speciality Cancer Institute,Lipid Profile,Comprehensive Lipid Panel,Serum (Fasting 12h),"Total Chol: 235 mg/dL (High), LDL: 155 mg/dL, TG: 180 mg/dL","Chol: <200 mg/dL, HDL: >40 mg/dL, LDL: <100 mg/dL, TG: <150 mg/dL",HIGH,Low,850,Diagnostic Laboratory Reports,Consent Verified (Active on Blockchain),AES-256-GCM,vault-transit-key-0x845bb532,Qm73f3fa2f81d3c4ea58ee49525caf0cbcf920188eda6f,Pinata Dedicated IPFS Gateway,0.0.4891024,5655,2026-09-13 12:11:14 UTC,0x89053034152e1cbce2c23175c01a7a598a83180b27d0ccc05f54c69248adaed0,0.0001
LAB-REP-00656,ACC-LAB-005-000656,SRL Diagnostics Regional Core Lab,0xa0Ee7A142d267C1f36714E4a8F75612F20a79720,NABL-MC-4491,"Dr. Ramesh Sarin, DNB Path",Kavya Ghosh,849256,0x524005280e3ed8699cf77716fcbc9a3615fc5aa2,72,female,Dr. Vikram Seth,0x15d34AAf54267DB7D7c367839AAf71A00a2C6A65,Apex Diagnostic & Pathology Hub,Endocrinology Tests,HbA1c Glycated Hemoglobin,Whole Blood (EDTA),HbA1c: 7.6% (Diabetic Range),"<5.7% Normal, 5.7-6.4% Prediabetes, >=6.5% Diabetes",HIGH,Low,650,Diagnostic Laboratory Reports,Consent Verified (Active on Blockchain),AES-256-GCM,vault-transit-key-0x52400528,Qm88a58befd0fb8e7fbae99e070320713a5d378f543ec5,Pinata Dedicated IPFS Gateway,0.0.4891024,5656,2026-09-13 12:11:16 UTC,0xec99657e9d1f1eae023cc8392ff8473c27036148117bf43a1e778e4b0f0092e3,0.0001
LAB-REP-00657,ACC-LAB-005-000657,SRL Diagnostics Regional Core Lab,0xa0Ee7A142d267C1f36714E4a8F75612F20a79720,NABL-MC-4491,"Dr. Ramesh Sarin, DNB Path",Rakesh Reddy,849257,0x8873226cfa1d4e212bc3a4a6d9f4c2f11ce0459e,73,male,Dr. Ananya Roy,0x9965507D1a55bcC2695C58ba16FB37d819B0A4dc,Max Super Speciality Cancer Institute,Lipid Profile,Comprehensive Lipid Panel,Serum (Fasting 12h),"Total Chol: 235 mg/dL (High), LDL: 155 mg/dL, TG: 180 mg/dL","Chol: <200 mg/dL, HDL: >40 mg/dL, LDL: <100 mg/dL, TG: <150 mg/dL",HIGH,Low,850,Diagnostic Laboratory Reports,Consent Verified (Active on Blockchain),AES-256-GCM,vault-transit-key-0x8873226c,Qmb27902f0088aef227e99120fbdb6d843e2bd0748507b,Pinata Dedicated IPFS Gateway,0.0.4891024,5657,2026-09-13 12:11:18 UTC,0x5363638ff1a84334dc2fdbac6f9bb9dc1458413ec6ff95a666f64aca78836d79,0.0001
LAB-REP-00658,ACC-LAB-004-000658,Apollo Diagnostics Advanced Enclave,0x23618e81E3f5cdF7f54C3d65f7FBc0aBf5B21E8f,NABL-MC-5102,"Dr. Shanti Swaminathan, MD",Meera Swaminathan,849258,0x8a54a992c6535fe1bc2d214f8ef3b1a89b0f17fc,74,female,Dr. Sarah Jenkins,0x04Fee3FD1B338d12FFD6dBD8d66dE1e8e0BB99cB,Fortis Memorial Neuro & Trauma Center,Imaging / Radiology,High-Resolution Non-Contrast Brain CT Scan,Radiological DICOM Imaging,"Small left temporal hemorrhagic contusion, no mass effect",No acute intracranial hemorrhage or midline shift,ABNORMAL_FINDING,Medium,3200,Diagnostic Laboratory Reports,Consent Verified (Active on Blockchain),AES-256-GCM,vault-transit-key-0x8a54a992,Qmdfacbde4e4056e30f382804675acdfe3e8aa184e7b17,Pinata Dedicated IPFS Gateway,0.0.4891024,5658,2026-09-13 12:11:21 UTC,0xe42efbe58ed004a1b54f1a3ffe32078deea61f188cdd3bce3edb7dd8133dde64,0.0001
LAB-REP-00659,ACC-LAB-003-000659,Metropolis Healthcare Molecular Laboratory,0x14dC79964da2C08b23698B3D3cc7Ca32193d9955,NABL-MC-3819,"Dr. Nilesh Shah, MD",Nandini Gowda,849259,0x9427027290381676adc2efea75df1a9131ea2d84,75,male,Dr. Rajesh Sharma,0x3c44CdDdB6a900fa2b585dd299e03d12FA4293BC,Care & Cure Pediatric & Maternity Hospital,Endocrinology Tests,HbA1c Glycated Hemoglobin,Whole Blood (EDTA),HbA1c: 7.6% (Diabetic Range),"<5.7% Normal, 5.7-6.4% Prediabetes, >=6.5% Diabetes",HIGH,Low,650,Diagnostic Laboratory Reports,Consent Verified (Active on Blockchain),AES-256-GCM,vault-transit-key-0x94270272,Qm923a2cfa2ae768d991a19c0cd61c23030d75642e0e90,Pinata Dedicated IPFS Gateway,0.0.4891024,5659,2026-09-13 12:11:23 UTC,0x671491a9db034a787f85826e2c361341b8bdb6c49e93be2310c0a55e24e8fbd5,0.0001
LAB-REP-00660,ACC-LAB-001-000660,Apex Diagnostic Reference Labs,0x04Fee3FD1B338d12FFD6dBD8d66dE1e8e0BB99cB,NABL-MC-2091,"Dr. Sunita Narang, MD Path",Chetan Iyer,849260,0x9d54d112a43c9039aecc419a4a92d64c98628861,76,female,Dr. Sunita Narang,0xBcd4042DE499D14e55001CcbB24a551F3b954096,Care & Cure Pediatric & Maternity Hospital,Lipid Profile,Comprehensive Lipid Panel,Serum (Fasting 12h),"Total Chol: 235 mg/dL (High), LDL: 155 mg/dL, TG: 180 mg/dL","Chol: <200 mg/dL, HDL: >40 mg/dL, LDL: <100 mg/dL, TG: <150 mg/dL",HIGH,Low,850,Diagnostic Laboratory Reports,Consent Verified (Active on Blockchain),AES-256-GCM,vault-transit-key-0x9d54d112,Qmfb75d9a0261f8821e4b8b1ed2b2e5ff8410aa99ad796,Pinata Dedicated IPFS Gateway,0.0.4891024,5660,2026-09-13 12:11:25 UTC,0xab33fee42bc449fc2f6b2e5c1f7f0d2b3892f80198832d1d5f3bc9401f038fed,0.0001
LAB-REP-00661,ACC-LAB-005-000661,SRL Diagnostics Regional Core Lab,0xa0Ee7A142d267C1f36714E4a8F75612F20a79720,NABL-MC-4491,"Dr. Ramesh Sarin, DNB Path",Sneha Nair,849261,0x95c13f5a70a3816bacdfb02f109afe7f38ec3618,77,male,Dr. Rajesh Sharma,0x3c44CdDdB6a900fa2b585dd299e03d12FA4293BC,Apollo Multispecialty Hospital,Kidney Function Tests,Renal Function Profile (KFT),Serum,"BUN: 14 mg/dL, Creatinine: 0.9 mg/dL, eGFR: 92 mL/min (Borderline clinical correlation advised)","BUN: 7-20 mg/dL, Creatinine: 0.6-1.2 mg/dL, eGFR: >60 mL/min",BORDERLINE,Low,850,Diagnostic Laboratory Reports,Consent Verified (Active on Blockchain),AES-256-GCM,vault-transit-key-0x95c13f5a,Qm0fe45fd2c738e9d1afadaf452484091696b6f90c861a,Pinata Dedicated IPFS Gateway,0.0.4891024,5661,2026-09-13 12:11:28 UTC,0x5cc915a8d2b254d2fe4558aa382e60dc443dc3038211b318fd55a0c3139ab9f8,0.0001
LAB-REP-00662,ACC-LAB-005-000662,SRL Diagnostics Regional Core Lab,0xa0Ee7A142d267C1f36714E4a8F75612F20a79720,NABL-MC-4491,"Dr. Ramesh Sarin, DNB Path",Divya Banerjee,849262,0x406a1ccac12d7a405fd8625e09ae27d257e2907a,78,female,Dr. Rohan Patel,0x976EA74026E726554dB657fA54763abd0C3a0aa9,Max Super Speciality Cancer Institute,Liver Function Tests,Liver Function Profile (LFT),Serum,"ALT: 88 U/L (High), AST: 74 U/L (High), Total Bili: 1.8 mg/dL","ALT: 7-56 U/L, AST: 10-40 U/L, Bilirubin: 0.1-1.2 mg/dL",HIGH,Low,950,Diagnostic Laboratory Reports,Consent Verified (Active on Blockchain),AES-256-GCM,vault-transit-key-0x406a1cca,Qm074de8af4137e62d440828984fbcfe60f818d0ac2718,Pinata Dedicated IPFS Gateway,0.0.4891024,5662,2026-09-13 12:11:29 UTC,0x575a39bc82b4258c0dc6d774df3f9e5d5ac75ae196d7bfb04ab8d455bbdbd2dd,0.0001
LAB-REP-00663,ACC-LAB-003-000663,Metropolis Healthcare Molecular Laboratory,0x14dC79964da2C08b23698B3D3cc7Ca32193d9955,NABL-MC-3819,"Dr. Nilesh Shah, MD",Shreya Ghosh,849263,0xb5fbbaddad8513979ff17a4861021b8af35286c6,79,male,Dr. Rohan Patel,0x976EA74026E726554dB657fA54763abd0C3a0aa9,Fortis Memorial Neuro & Trauma Center,Endocrinology Tests,HbA1c Glycated Hemoglobin,Whole Blood (EDTA),HbA1c: 7.6% (Diabetic Range),"<5.7% Normal, 5.7-6.4% Prediabetes, >=6.5% Diabetes",HIGH,Low,650,Diagnostic Laboratory Reports,Consent Verified (Active on Blockchain),AES-256-GCM,vault-transit-key-0xb5fbbadd,Qm5a75937a6dca64ea6076936f46fa1e1c80a58f9a996f,Pinata Dedicated IPFS Gateway,0.0.4891024,5663,2026-09-13 12:11:32 UTC,0xcc213992e0a066c36b383cf1713ca5b2b13282222553b2c514b0e994cd39706c,0.0001
LAB-REP-00664,ACC-LAB-004-000664,Apollo Diagnostics Advanced Enclave,0x23618e81E3f5cdF7f54C3d65f7FBc0aBf5B21E8f,NABL-MC-5102,"Dr. Shanti Swaminathan, MD",Aditi Malhotra,849264,0x90ac66017a1061cc0e7e3f11038e70c97b026ca6,80,female,Dr. Rajesh Sharma,0x3c44CdDdB6a900fa2b585dd299e03d12FA4293BC,Max Super Speciality Cancer Institute,Metabolic Panel,Comprehensive Metabolic Panel (CMP),Serum,"Na: 138 mmol/L, K: 4.1 mmol/L, Creat: 1.05 mg/dL","Na: 135-145, K: 3.5-5.0, Creatinine: 0.7-1.3 mg/dL",NORMAL,Medium,1200,Diagnostic Laboratory Reports,Consent Verified (Active on Blockchain),AES-256-GCM,vault-transit-key-0x90ac6601,Qm8272df24ec635742fac9d0179d018dc694d619f360a6,Pinata Dedicated IPFS Gateway,0.0.4891024,5664,2026-09-13 12:11:34 UTC,0x91cb88ecbc199ba6513be05362771f7c28392b82d6c646bf8ad9f0d79bbd6e33,0.0001
LAB-REP-00665,ACC-LAB-004-000665,Apollo Diagnostics Advanced Enclave,0x23618e81E3f5cdF7f54C3d65f7FBc0aBf5B21E8f,NABL-MC-5102,"Dr. Shanti Swaminathan, MD",Amit Reddy,849265,0x1ebd2d8e7adb5d979c3679d8d6851954c0951a3f,81,male,Dr. Rohan Patel,0x976EA74026E726554dB657fA54763abd0C3a0aa9,Apex Diagnostic & Pathology Hub,Microbiology Tests,Dengue Duo NS1 Ag + IgM/IgG Antibody ELISA,Serum,"Dengue NS1 Antigen: POSITIVE, IgM: Reactive",Non-Reactive / Negative,POSITIVE_ABNORMAL,Medium,1400,Diagnostic Laboratory Reports,Consent Verified (Active on Blockchain),AES-256-GCM,vault-transit-key-0x1ebd2d8e,Qm8e7b151a2c0bc64136a5eacf7e8f0caf5fe6d654424d,Pinata Dedicated IPFS Gateway,0.0.4891024,5665,2026-09-13 12:11:36 UTC,0xb8498979174c2dd5d093a02beb80e472476a9ed0257c16282b0c01fb06de0084,0.0001
LAB-REP-00666,ACC-LAB-004-000666,Apollo Diagnostics Advanced Enclave,0x23618e81E3f5cdF7f54C3d65f7FBc0aBf5B21E8f,NABL-MC-5102,"Dr. Shanti Swaminathan, MD",Meera Rao,849266,0x57c0be2c15a6b07734c5e606b3293b684e47b161,82,female,Dr. Preeti Deshmukh,0x23618e81E3f5cdF7f54C3d65f7FBc0aBf5B21E8f,Apex Diagnostic & Pathology Hub,Blood Tests,Complete Blood Count (CBC),Whole Blood (EDTA),"Hb: 13.5 g/dL, WBC: 7200 /uL, Platelets: 2.4 Lakhs/uL (Borderline clinical correlation advised)","Hb: 12-16 g/dL, WBC: 4000-11000 /uL, Platelets: 1.5-4.5 Lakhs/uL",BORDERLINE,Low,450,Diagnostic Laboratory Reports,Consent Verified (Active on Blockchain),AES-256-GCM,vault-transit-key-0x57c0be2c,Qm5209541645199543f49442755a41617c61483c596adc,Pinata Dedicated IPFS Gateway,0.0.4891024,5666,2026-09-13 12:11:39 UTC,0x78805074793a507b29f014d4b117dd426f30d06c0b0a937f5651942c4fb57f22,0.0001
LAB-REP-00667,ACC-LAB-003-000667,Metropolis Healthcare Molecular Laboratory,0x14dC79964da2C08b23698B3D3cc7Ca32193d9955,NABL-MC-3819,"Dr. Nilesh Shah, MD",Varun Mehta,849267,0x2f8abe25c22c1fd05aee11651eca932349448012,83,male,Dr. Sunita Narang,0xBcd4042DE499D14e55001CcbB24a551F3b954096,Apex Diagnostic & Pathology Hub,Pathology / Biopsy,Core Needle Biopsy Histopathology & Immunohistochemistry,Tissue Biopsy in 10% Formalin,"Infiltrating Ductal Carcinoma Grade 2, ER 85%+, PR 60%+, HER2/neu Negative",Benign / No malignancy,MALIGNANT_POSITIVE,High - Genomic/Oncology,4500,Diagnostic Laboratory Reports,Consent Verified (Active on Blockchain),AES-256-GCM,vault-transit-key-0x2f8abe25,Qme24422b988517840befc5ed6d92e30cb5de401357e0b,Pinata Dedicated IPFS Gateway,0.0.4891024,5667,2026-09-13 12:11:40 UTC,0x2552be93e891eedaed1524c86a6f5a37c8d3f25b6ce42d67f2cbdc4727694fca,0.0001
LAB-REP-00668,ACC-LAB-004-000668,Apollo Diagnostics Advanced Enclave,0x23618e81E3f5cdF7f54C3d65f7FBc0aBf5B21E8f,NABL-MC-5102,"Dr. Shanti Swaminathan, MD",Harish Deshmukh,849268,0x499479dfb54b3cfd9831b9d0053bb888edae0b2e,84,female,Dr. Ananya Roy,0x9965507D1a55bcC2695C58ba16FB37d819B0A4dc,Apex Diagnostic & Pathology Hub,Kidney Function Tests,Renal Function Profile (KFT),Serum,"BUN: 14 mg/dL, Creatinine: 0.9 mg/dL, eGFR: 92 mL/min","BUN: 7-20 mg/dL, Creatinine: 0.6-1.2 mg/dL, eGFR: >60 mL/min",NORMAL,Low,850,Diagnostic Laboratory Reports,Consent Verified (Active on Blockchain),AES-256-GCM,vault-transit-key-0x499479df,Qm703866464328ed8d3e1367961a22dd5023bf48a5dce6,Pinata Dedicated IPFS Gateway,0.0.4891024,5668,2026-09-13 12:11:43 UTC,0x21e494ca1a877c3fa84ba47e4277d6cff437f785a18086c5c39efd104a8d9462,0.0001
LAB-REP-00669,ACC-LAB-004-000669,Apollo Diagnostics Advanced Enclave,0x23618e81E3f5cdF7f54C3d65f7FBc0aBf5B21E8f,NABL-MC-5102,"Dr. Shanti Swaminathan, MD",Vikas Kapoor,849269,0x269b1238585beb010673255bdbd55321a3e2eeaa,85,male,Dr. Vikram Seth,0x15d34AAf54267DB7D7c367839AAf71A00a2C6A65,Fortis Memorial Neuro & Trauma Center,Lipid Profile,Comprehensive Lipid Panel,Serum (Fasting 12h),"Total Chol: 235 mg/dL (High), LDL: 155 mg/dL, TG: 180 mg/dL","Chol: <200 mg/dL, HDL: >40 mg/dL, LDL: <100 mg/dL, TG: <150 mg/dL",HIGH,Low,850,Diagnostic Laboratory Reports,Consent Verified (Active on Blockchain),AES-256-GCM,vault-transit-key-0x269b1238,Qmd3be702587a76f1686f153ca215f1185b38fcaeeacbb,Pinata Dedicated IPFS Gateway,0.0.4891024,5669,2026-09-13 12:11:45 UTC,0xb1f344e7f0cb5ba8cc437ccad04fec4495a94577f9e8d60fff1f451569ad655a,0.0001
LAB-REP-00670,ACC-LAB-005-000670,SRL Diagnostics Regional Core Lab,0xa0Ee7A142d267C1f36714E4a8F75612F20a79720,NABL-MC-4491,"Dr. Ramesh Sarin, DNB Path",Geeta Pandey,849270,0x22f9f7184e41e96da4627b4f5bae2e0ba4967d3c,86,female,Dr. Preeti Deshmukh,0x23618e81E3f5cdF7f54C3d65f7FBc0aBf5B21E8f,Apollo Multispecialty Hospital,Endocrinology Tests,"Thyroid Function Panel (TSH, Free T3, Free T4)",Serum,"TSH: 6.8 uIU/mL (Hypothyroid), FT4: 0.72 ng/dL (Low)","TSH: 0.45-4.5 uIU/mL, FT3: 2.0-4.4 pg/mL, FT4: 0.8-1.8 ng/dL",LOW,Low,750,Diagnostic Laboratory Reports,Consent Verified (Active on Blockchain),AES-256-GCM,vault-transit-key-0x22f9f718,Qm992c818a3d4cad55e4391c73ed54d480fa15b7cad80a,Pinata Dedicated IPFS Gateway,0.0.4891024,5670,2026-09-13 12:11:48 UTC,0xb42233d2fa24b2f1a8d29364652e02f0590c3aa7521ec922c253355d92139c3b,0.0001
LAB-REP-00671,ACC-LAB-003-000671,Metropolis Healthcare Molecular Laboratory,0x14dC79964da2C08b23698B3D3cc7Ca32193d9955,NABL-MC-3819,"Dr. Nilesh Shah, MD",Bhavna Patel,849271,0x45e5b413ae40ce70970a7a8c2e8a6db107e97cc8,87,male,Dr. Rohan Patel,0x976EA74026E726554dB657fA54763abd0C3a0aa9,Apollo Multispecialty Hospital,Kidney Function Tests,Renal Function Profile (KFT),Serum,"BUN: 14 mg/dL, Creatinine: 0.9 mg/dL, eGFR: 92 mL/min","BUN: 7-20 mg/dL, Creatinine: 0.6-1.2 mg/dL, eGFR: >60 mL/min",NORMAL,Low,850,Diagnostic Laboratory Reports,Consent Verified (Active on Blockchain),AES-256-GCM,vault-transit-key-0x45e5b413,Qmc5eabf7e7458fce7f0817d5a1ad18a4b23cb964d27ed,Pinata Dedicated IPFS Gateway,0.0.4891024,5671,2026-09-13 12:11:50 UTC,0x2791a2315213b410803b8a14b781362ed2660b0e23c1b24afff5703dfea20d5f,0.0001
LAB-REP-00672,ACC-LAB-005-000672,SRL Diagnostics Regional Core Lab,0xa0Ee7A142d267C1f36714E4a8F75612F20a79720,NABL-MC-4491,"Dr. Ramesh Sarin, DNB Path",Rohan Bhatia,849272,0xcaa44f31650a68194ae5d9879a294a1e93f4763e,88,female,Dr. Rohan Patel,0x976EA74026E726554dB657fA54763abd0C3a0aa9,Care & Cure Pediatric & Maternity Hospital,Metabolic Panel,Comprehensive Metabolic Panel (CMP),Serum,"Na: 138 mmol/L, K: 4.1 mmol/L, Creat: 1.05 mg/dL","Na: 135-145, K: 3.5-5.0, Creatinine: 0.7-1.3 mg/dL",NORMAL,Medium,1200,Diagnostic Laboratory Reports,Consent Verified (Active on Blockchain),AES-256-GCM,vault-transit-key-0xcaa44f31,Qmc1890140fd17d3cdcefea3b8e76b22757a08d8b60ce0,Pinata Dedicated IPFS Gateway,0.0.4891024,5672,2026-09-13 12:11:52 UTC,0x8f8e8f7e03b14cafe0e70e415dcf8b038a770b0190cd178e9ac048ec34fe7ea3,0.0001
LAB-REP-00673,ACC-LAB-005-000673,SRL Diagnostics Regional Core Lab,0xa0Ee7A142d267C1f36714E4a8F75612F20a79720,NABL-MC-4491,"Dr. Ramesh Sarin, DNB Path",Rahul Pandey,849273,0x86c0d25f65a19ebcb5d5bdfc2ae157fe526c69a2,89,male,Dr. Ananya Roy,0x9965507D1a55bcC2695C58ba16FB37d819B0A4dc,Care & Cure Pediatric & Maternity Hospital,Lipid Profile,Comprehensive Lipid Panel,Serum (Fasting 12h),"Total Chol: 235 mg/dL (High), LDL: 155 mg/dL, TG: 180 mg/dL","Chol: <200 mg/dL, HDL: >40 mg/dL, LDL: <100 mg/dL, TG: <150 mg/dL",HIGH,Low,850,Diagnostic Laboratory Reports,Consent Verified (Active on Blockchain),AES-256-GCM,vault-transit-key-0x86c0d25f,Qmca00d45c8d7a6b4c708e386aa4dfd8362160ed688d10,Pinata Dedicated IPFS Gateway,0.0.4891024,5673,2026-09-13 12:11:54 UTC,0x5ec2ade14586f58efed1617164718999d3977bb1ec67e3e5d22b7c61d7d04af2,0.0001
LAB-REP-00674,ACC-LAB-004-000674,Apollo Diagnostics Advanced Enclave,0x23618e81E3f5cdF7f54C3d65f7FBc0aBf5B21E8f,NABL-MC-5102,"Dr. Shanti Swaminathan, MD",Aditi Shetty,849274,0xa44e2cf2668955393d1b78febe07c6cc84f44663,90,female,Dr. Ananya Roy,0x9965507D1a55bcC2695C58ba16FB37d819B0A4dc,Apollo Multispecialty Hospital,Metabolic Panel,Comprehensive Metabolic Panel (CMP),Serum,"Na: 138 mmol/L, K: 4.1 mmol/L, Creat: 1.05 mg/dL","Na: 135-145, K: 3.5-5.0, Creatinine: 0.7-1.3 mg/dL",NORMAL,Medium,1200,Diagnostic Laboratory Reports,Consent Verified (Active on Blockchain),AES-256-GCM,vault-transit-key-0xa44e2cf2,Qm344428227e6cf38d0be9e85d84f45fb18427c2f040f7,Pinata Dedicated IPFS Gateway,0.0.4891024,5674,2026-09-13 12:11:56 UTC,0x52585a15f1b21abc3876143dcb169c3a12d12db413dba4c9854d0cadfb19364b,0.0001
LAB-REP-00675,ACC-LAB-005-000675,SRL Diagnostics Regional Core Lab,0xa0Ee7A142d267C1f36714E4a8F75612F20a79720,NABL-MC-4491,"Dr. Ramesh Sarin, DNB Path",Neha Reddy,849275,0xe30cb93a20952b2b9db90643b6e4e2536ec9ca61,16,male,Dr. Sarah Jenkins,0x04Fee3FD1B338d12FFD6dBD8d66dE1e8e0BB99cB,Fortis Memorial Neuro & Trauma Center,Imaging / Radiology,High-Resolution Non-Contrast Brain CT Scan,Radiological DICOM Imaging,"Small left temporal hemorrhagic contusion, no mass effect",No acute intracranial hemorrhage or midline shift,ABNORMAL_FINDING,Medium,3200,Diagnostic Laboratory Reports,Consent Verified (Active on Blockchain),AES-256-GCM,vault-transit-key-0xe30cb93a,Qm87ef923346cf204f9ef10e12303008768a925ebfeb59,Pinata Dedicated IPFS Gateway,0.0.4891024,5675,2026-09-13 12:11:59 UTC,0x7dca3449d0abfa982fcd21f33786f44281d90a690363f880938bff749ffcc751,0.0001
LAB-REP-00676,ACC-LAB-002-000676,Dr. Lal PathLabs Central Reference Hub,0x976EA74026E726554dB657fA54763abd0C3a0aa9,NABL-MC-1044,"Dr. Arvind Lal, FRCPath",Geeta Reddy,849276,0xc1f3a1d1584e5da812a793b1c112ff30c9614327,17,female,Dr. Rohan Patel,0x976EA74026E726554dB657fA54763abd0C3a0aa9,Apex Diagnostic & Pathology Hub,Cardiology Tests,High-Sensitivity Cardiac Troponin-I (hs-cTnI),Serum / Plasma,hs-cTnI: 1850 ng/L (Markedly Elevated Acute Myocardial Infarction),< 14 ng/L (99th Percentile Upper Reference Limit),CRITICAL_ALERT,Medium,1800,Diagnostic Laboratory Reports,Consent Verified (Active on Blockchain),AES-256-GCM,vault-transit-key-0xc1f3a1d1,Qm4bd7751fada9c058576727ec6720f63b956856ac18e5,Pinata Dedicated IPFS Gateway,0.0.4891024,5676,2026-09-13 12:12:01 UTC,0xca635ab69c44cbce4a928ecc6868d7ed8a499f0f061c4220da478b58131f94a9,0.0001
LAB-REP-00677,ACC-LAB-002-000677,Dr. Lal PathLabs Central Reference Hub,0x976EA74026E726554dB657fA54763abd0C3a0aa9,NABL-MC-1044,"Dr. Arvind Lal, FRCPath",Gautam Mishra,849277,0xe49c9279889b19aa2ecadaea677ae260b4e115bf,18,male,Dr. Sunita Narang,0xBcd4042DE499D14e55001CcbB24a551F3b954096,Apollo Multispecialty Hospital,Pathology / Biopsy,Core Needle Biopsy Histopathology & Immunohistochemistry,Tissue Biopsy in 10% Formalin,"Infiltrating Ductal Carcinoma Grade 2, ER 85%+, PR 60%+, HER2/neu Negative",Benign / No malignancy,MALIGNANT_POSITIVE,High - Genomic/Oncology,4500,Diagnostic Laboratory Reports,Consent Verified (Active on Blockchain),AES-256-GCM,vault-transit-key-0xe49c9279,Qmb1be5225cbf3710e2c2bc22ee42ddfb0634ed6d1a355,Pinata Dedicated IPFS Gateway,0.0.4891024,5677,2026-09-13 12:12:03 UTC,0x1e33dd7ec63a6ff8634670f4a6346e039f7bd92996868398aedd0272209ad9f0,0.0001
LAB-REP-00678,ACC-LAB-005-000678,SRL Diagnostics Regional Core Lab,0xa0Ee7A142d267C1f36714E4a8F75612F20a79720,NABL-MC-4491,"Dr. Ramesh Sarin, DNB Path",Sneha Joshi,849278,0x6a8643a06c38cb3bb95bdad86799986736ecaa31,19,female,Dr. Sarah Jenkins,0x04Fee3FD1B338d12FFD6dBD8d66dE1e8e0BB99cB,Apollo Multispecialty Hospital,Blood Tests,Complete Blood Count (CBC),Whole Blood (EDTA),"Hb: 13.5 g/dL, WBC: 7200 /uL, Platelets: 2.4 Lakhs/uL","Hb: 12-16 g/dL, WBC: 4000-11000 /uL, Platelets: 1.5-4.5 Lakhs/uL",NORMAL,Low,450,Diagnostic Laboratory Reports,Consent Verified (Active on Blockchain),AES-256-GCM,vault-transit-key-0x6a8643a0,Qma4aec798d9488e1378666c98ee97d76525d6680f6262,Pinata Dedicated IPFS Gateway,0.0.4891024,5678,2026-09-13 12:12:06 UTC,0x38521a1bf220c653725130002c76cd4ca049c5cb8a84a1dd2d24077959bd33df,0.0001
LAB-REP-00679,ACC-LAB-005-000679,SRL Diagnostics Regional Core Lab,0xa0Ee7A142d267C1f36714E4a8F75612F20a79720,NABL-MC-4491,"Dr. Ramesh Sarin, DNB Path",Manish Saxena,849279,0xdb94f074cbd7beefaa5c4718e13e50763f661b84,20,male,Dr. Rajesh Sharma,0x3c44CdDdB6a900fa2b585dd299e03d12FA4293BC,Care & Cure Pediatric & Maternity Hospital,Cardiology Tests,High-Sensitivity Cardiac Troponin-I (hs-cTnI),Serum / Plasma,hs-cTnI: 1850 ng/L (Markedly Elevated Acute Myocardial Infarction),< 14 ng/L (99th Percentile Upper Reference Limit),CRITICAL_ALERT,Medium,1800,Diagnostic Laboratory Reports,Consent Verified (Active on Blockchain),AES-256-GCM,vault-transit-key-0xdb94f074,Qmd754ba434eb588b87c34ae0ccb267c038f4573ec894a,Pinata Dedicated IPFS Gateway,0.0.4891024,5679,2026-09-13 12:12:08 UTC,0x9f2fcfb084cef237000ad49c2a8e2617186c99919e84e51b33415c15419e8529,0.0001
LAB-REP-00680,ACC-LAB-005-000680,SRL Diagnostics Regional Core Lab,0xa0Ee7A142d267C1f36714E4a8F75612F20a79720,NABL-MC-4491,"Dr. Ramesh Sarin, DNB Path",Pranav Deshmukh,849280,0xd75ce54499e58f54b39ffe61bc6fa190cf9d3d8b,21,female,Dr. Preeti Deshmukh,0x23618e81E3f5cdF7f54C3d65f7FBc0aBf5B21E8f,Care & Cure Pediatric & Maternity Hospital,Pathology / Biopsy,Core Needle Biopsy Histopathology & Immunohistochemistry,Tissue Biopsy in 10% Formalin,"Infiltrating Ductal Carcinoma Grade 2, ER 85%+, PR 60%+, HER2/neu Negative",Benign / No malignancy,MALIGNANT_POSITIVE,High - Genomic/Oncology,4500,Diagnostic Laboratory Reports,Consent Verified (Active on Blockchain),AES-256-GCM,vault-transit-key-0xd75ce544,Qm202cb5e7e5eca9147b0eef485cac3450d690aa5c0fd8,Pinata Dedicated IPFS Gateway,0.0.4891024,5680,2026-09-13 12:12:10 UTC,0xb81805e5fef73abc8cdd870f611ecd6d898f5328611f58a6cde186c3a2541eb1,0.0001
LAB-REP-00681,ACC-LAB-003-000681,Metropolis Healthcare Molecular Laboratory,0x14dC79964da2C08b23698B3D3cc7Ca32193d9955,NABL-MC-3819,"Dr. Nilesh Shah, MD",Ananya Rao,849281,0x24eeee2415444821b4f56e88a4f7c16313404243,22,male,Dr. Sarah Jenkins,0x04Fee3FD1B338d12FFD6dBD8d66dE1e8e0BB99cB,Care & Cure Pediatric & Maternity Hospital,Endocrinology Tests,"Thyroid Function Panel (TSH, Free T3, Free T4)",Serum,"TSH: 6.8 uIU/mL (Hypothyroid), FT4: 0.72 ng/dL (Low)","TSH: 0.45-4.5 uIU/mL, FT3: 2.0-4.4 pg/mL, FT4: 0.8-1.8 ng/dL",LOW,Low,750,Diagnostic Laboratory Reports,Consent Verified (Active on Blockchain),AES-256-GCM,vault-transit-key-0x24eeee24,Qm6162d5ad1f92d9f26f08534a757e32486f4345050389,Pinata Dedicated IPFS Gateway,0.0.4891024,5681,2026-09-13 12:12:12 UTC,0x6bc4ad032ceb2b667e9a48f097b17caa7e6a16c28403393b8e840dfb925a882e,0.0001
LAB-REP-00682,ACC-LAB-005-000682,SRL Diagnostics Regional Core Lab,0xa0Ee7A142d267C1f36714E4a8F75612F20a79720,NABL-MC-4491,"Dr. Ramesh Sarin, DNB Path",Nandini Kapoor,849282,0x11543fe9a667751cef94063a19409f68a758ba0a,23,female,Dr. Sunita Narang,0xBcd4042DE499D14e55001CcbB24a551F3b954096,Max Super Speciality Cancer Institute,Lipid Profile,Comprehensive Lipid Panel,Serum (Fasting 12h),"Total Chol: 235 mg/dL (High), LDL: 155 mg/dL, TG: 180 mg/dL","Chol: <200 mg/dL, HDL: >40 mg/dL, LDL: <100 mg/dL, TG: <150 mg/dL",HIGH,Low,850,Diagnostic Laboratory Reports,Consent Verified (Active on Blockchain),AES-256-GCM,vault-transit-key-0x11543fe9,Qm079acc0c43d6f62852a0712563b91499523322e171d1,Pinata Dedicated IPFS Gateway,0.0.4891024,5682,2026-09-13 12:12:15 UTC,0x5654d7b530e823dc449984414de89355e22410e69ec1b799e59e776cff68fee8,0.0001
LAB-REP-00683,ACC-LAB-004-000683,Apollo Diagnostics Advanced Enclave,0x23618e81E3f5cdF7f54C3d65f7FBc0aBf5B21E8f,NABL-MC-5102,"Dr. Shanti Swaminathan, MD",Vikas Sharma,849283,0xe2b1241e037742ac3dd5b27d6fe88277959b7d60,24,male,Dr. Ananya Roy,0x9965507D1a55bcC2695C58ba16FB37d819B0A4dc,Max Super Speciality Cancer Institute,Imaging / Radiology,High-Resolution Non-Contrast Brain CT Scan,Radiological DICOM Imaging,"Small left temporal hemorrhagic contusion, no mass effect",No acute intracranial hemorrhage or midline shift,ABNORMAL_FINDING,Medium,3200,Diagnostic Laboratory Reports,Consent Verified (Active on Blockchain),AES-256-GCM,vault-transit-key-0xe2b1241e,Qm76a6cc52488a4a4bd974e35b3d63dd347cc37e03d513,Pinata Dedicated IPFS Gateway,0.0.4891024,5683,2026-09-13 12:12:17 UTC,0x67b0f24c6c65374cc4d85ac19913a953481dbd9295a680795a305aeac867745a,0.0001
LAB-REP-00684,ACC-LAB-003-000684,Metropolis Healthcare Molecular Laboratory,0x14dC79964da2C08b23698B3D3cc7Ca32193d9955,NABL-MC-3819,"Dr. Nilesh Shah, MD",Pooja Reddy,849284,0xf828393389fc1e15e9adbf36481da4d2a0af3aa1,25,female,Dr. Vikram Seth,0x15d34AAf54267DB7D7c367839AAf71A00a2C6A65,Fortis Memorial Neuro & Trauma Center,Pathology / Biopsy,Core Needle Biopsy Histopathology & Immunohistochemistry,Tissue Biopsy in 10% Formalin,"Infiltrating Ductal Carcinoma Grade 2, ER 85%+, PR 60%+, HER2/neu Negative",Benign / No malignancy,MALIGNANT_POSITIVE,High - Genomic/Oncology,4500,Diagnostic Laboratory Reports,Consent Verified (Active on Blockchain),AES-256-GCM,vault-transit-key-0xf8283933,Qm47f585d530b7bbe9821b371c0bb0f8d22d9f84c858c8,Pinata Dedicated IPFS Gateway,0.0.4891024,5684,2026-09-13 12:12:19 UTC,0xaf2948b6c2c750c8308ef3e80429fc7e8df63dfa03cf81cfb7f730799a7e593b,0.0001
LAB-REP-00685,ACC-LAB-001-000685,Apex Diagnostic Reference Labs,0x04Fee3FD1B338d12FFD6dBD8d66dE1e8e0BB99cB,NABL-MC-2091,"Dr. Sunita Narang, MD Path",Sakshi Banerjee,849285,0x2386d235b9026be4fdace250703714e564f59ebc,26,male,Dr. Vikram Seth,0x15d34AAf54267DB7D7c367839AAf71A00a2C6A65,Max Super Speciality Cancer Institute,Pathology / Biopsy,Core Needle Biopsy Histopathology & Immunohistochemistry,Tissue Biopsy in 10% Formalin,"Infiltrating Ductal Carcinoma Grade 2, ER 85%+, PR 60%+, HER2/neu Negative",Benign / No malignancy,MALIGNANT_POSITIVE,High - Genomic/Oncology,4500,Diagnostic Laboratory Reports,Consent Verified (Active on Blockchain),AES-256-GCM,vault-transit-key-0x2386d235,Qm7f49ee45e5922e7740fe9d132cf56359ce99d7f7be82,Pinata Dedicated IPFS Gateway,0.0.4891024,5685,2026-09-13 12:12:21 UTC,0x9d623b03458ce247e313901c3db0ef83fe541592875812edea6bac1a5f0ca1ae,0.0001
LAB-REP-00686,ACC-LAB-002-000686,Dr. Lal PathLabs Central Reference Hub,0x976EA74026E726554dB657fA54763abd0C3a0aa9,NABL-MC-1044,"Dr. Arvind Lal, FRCPath",Nandini Agarwal,849286,0x5e17977e94d06ae5b24f05372f4b6921eee33a42,27,female,Dr. Rohan Patel,0x976EA74026E726554dB657fA54763abd0C3a0aa9,Fortis Memorial Neuro & Trauma Center,Imaging / Radiology,High-Resolution Non-Contrast Brain CT Scan,Radiological DICOM Imaging,"Small left temporal hemorrhagic contusion, no mass effect",No acute intracranial hemorrhage or midline shift,ABNORMAL_FINDING,Medium,3200,Diagnostic Laboratory Reports,Consent Verified (Active on Blockchain),AES-256-GCM,vault-transit-key-0x5e17977e,Qm27080d8acb9a7d4ee05500a72515631287f76dd24485,Pinata Dedicated IPFS Gateway,0.0.4891024,5686,2026-09-13 12:12:23 UTC,0x9e86894a39e399b5077186b25e006ca9fc56fe25716dbf399c0c7814a5779948,0.0001
LAB-REP-00687,ACC-LAB-003-000687,Metropolis Healthcare Molecular Laboratory,0x14dC79964da2C08b23698B3D3cc7Ca32193d9955,NABL-MC-3819,"Dr. Nilesh Shah, MD",Ananya Choudhury,849287,0x4021d766bab6c94d0570cb1c75897abe450e5fcc,28,male,Dr. Rohan Patel,0x976EA74026E726554dB657fA54763abd0C3a0aa9,Apex Diagnostic & Pathology Hub,Lipid Profile,Comprehensive Lipid Panel,Serum (Fasting 12h),"Total Chol: 235 mg/dL (High), LDL: 155 mg/dL, TG: 180 mg/dL","Chol: <200 mg/dL, HDL: >40 mg/dL, LDL: <100 mg/dL, TG: <150 mg/dL",HIGH,Low,850,Diagnostic Laboratory Reports,Consent Verified (Active on Blockchain),AES-256-GCM,vault-transit-key-0x4021d766,Qmfa001f3829c56cf4dfbe0d235f853e691d436c965f58,Pinata Dedicated IPFS Gateway,0.0.4891024,5687,2026-09-13 12:12:25 UTC,0xe28f9f75754030d2538a2facfe3bea2eea92646bcbd99a81f9b0424d65805b37,0.0001
LAB-REP-00688,ACC-LAB-003-000688,Metropolis Healthcare Molecular Laboratory,0x14dC79964da2C08b23698B3D3cc7Ca32193d9955,NABL-MC-3819,"Dr. Nilesh Shah, MD",Rohan Patel,849288,0x4eb5c47da65f0438ee47a4f3582429d61603a848,29,female,Dr. Ananya Roy,0x9965507D1a55bcC2695C58ba16FB37d819B0A4dc,Apollo Multispecialty Hospital,Pathology / Biopsy,Core Needle Biopsy Histopathology & Immunohistochemistry,Tissue Biopsy in 10% Formalin,"Infiltrating Ductal Carcinoma Grade 2, ER 85%+, PR 60%+, HER2/neu Negative",Benign / No malignancy,MALIGNANT_POSITIVE,High - Genomic/Oncology,4500,Diagnostic Laboratory Reports,Emergency Diagnostic Upload (Pending Verification),AES-256-GCM,vault-transit-key-0x4eb5c47d,Qme7ebd7e4d374f125ba7640bd3cb385c22441a983edee,Pinata Dedicated IPFS Gateway,0.0.4891024,5688,2026-09-13 12:12:28 UTC,0xde2aee8e3254f626fbe1d582ff5961b933585c9706eea99ea2bb81baef6bfc0f,0.0001
LAB-REP-00689,ACC-LAB-002-000689,Dr. Lal PathLabs Central Reference Hub,0x976EA74026E726554dB657fA54763abd0C3a0aa9,NABL-MC-1044,"Dr. Arvind Lal, FRCPath",Manish Malhotra,849289,0xbac79d7e3fdc1725af744aaeb0a4a6716297591f,30,male,Dr. Preeti Deshmukh,0x23618e81E3f5cdF7f54C3d65f7FBc0aBf5B21E8f,Fortis Memorial Neuro & Trauma Center,Blood Tests,Complete Blood Count (CBC),Whole Blood (EDTA),"Hb: 13.5 g/dL, WBC: 7200 /uL, Platelets: 2.4 Lakhs/uL","Hb: 12-16 g/dL, WBC: 4000-11000 /uL, Platelets: 1.5-4.5 Lakhs/uL",NORMAL,Low,450,Diagnostic Laboratory Reports,Consent Verified (Active on Blockchain),AES-256-GCM,vault-transit-key-0xbac79d7e,Qmde8e53fa3bcc8f16fb5ee7f6a037a285126e8c7f4499,Pinata Dedicated IPFS Gateway,0.0.4891024,5689,2026-09-13 12:12:30 UTC,0xd42d9fbeb064dbb7615bc4f2eeabf26195e19fc10c03d110d772bdaac6ab8a84,0.0001
LAB-REP-00690,ACC-LAB-004-000690,Apollo Diagnostics Advanced Enclave,0x23618e81E3f5cdF7f54C3d65f7FBc0aBf5B21E8f,NABL-MC-5102,"Dr. Shanti Swaminathan, MD",Ishaan Mehta,849290,0x31b627925b1536e7f8f069afc5e83ce2118c8d97,31,female,Dr. Sunita Narang,0xBcd4042DE499D14e55001CcbB24a551F3b954096,Apex Diagnostic & Pathology Hub,Microbiology Tests,Dengue Duo NS1 Ag + IgM/IgG Antibody ELISA,Serum,"Dengue NS1 Antigen: POSITIVE, IgM: Reactive",Non-Reactive / Negative,POSITIVE_ABNORMAL,Medium,1400,Diagnostic Laboratory Reports,Consent Verified (Active on Blockchain),AES-256-GCM,vault-transit-key-0x31b62792,Qm65408c3c6902091e226555540345e13fa2827e7db09d,Pinata Dedicated IPFS Gateway,0.0.4891024,5690,2026-09-13 12:12:32 UTC,0x332a236cacc109db06de18973fa82cca3e515119144410d8945868b84dbdef4c,0.0001
LAB-REP-00691,ACC-LAB-004-000691,Apollo Diagnostics Advanced Enclave,0x23618e81E3f5cdF7f54C3d65f7FBc0aBf5B21E8f,NABL-MC-5102,"Dr. Shanti Swaminathan, MD",Lata Kulkarni,849291,0xf594c98575126f45781527b503294e9f768add26,32,male,Dr. Sunita Narang,0xBcd4042DE499D14e55001CcbB24a551F3b954096,Care & Cure Pediatric & Maternity Hospital,Microbiology Tests,Dengue Duo NS1 Ag + IgM/IgG Antibody ELISA,Serum,"Dengue NS1 Antigen: POSITIVE, IgM: Reactive",Non-Reactive / Negative,POSITIVE_ABNORMAL,Medium,1400,Diagnostic Laboratory Reports,Consent Verified (Active on Blockchain),AES-256-GCM,vault-transit-key-0xf594c985,Qm289906e84a9910d4342e8d2b430053197df5531f8a08,Pinata Dedicated IPFS Gateway,0.0.4891024,5691,2026-09-13 12:12:34 UTC,0xce6bd9b046da59a60609d07b9d3bbc26d85ab642f04a694a2c54c8fc3a54b10f,0.0001
LAB-REP-00692,ACC-LAB-003-000692,Metropolis Healthcare Molecular Laboratory,0x14dC79964da2C08b23698B3D3cc7Ca32193d9955,NABL-MC-3819,"Dr. Nilesh Shah, MD",Manish Rao,849292,0xf0a0669fa7f3a942847e071f0a2721a5ccb8aabb,33,female,Dr. Sunita Narang,0xBcd4042DE499D14e55001CcbB24a551F3b954096,Fortis Memorial Neuro & Trauma Center,Kidney Function Tests,Renal Function Profile (KFT),Serum,"BUN: 14 mg/dL, Creatinine: 0.9 mg/dL, eGFR: 92 mL/min","BUN: 7-20 mg/dL, Creatinine: 0.6-1.2 mg/dL, eGFR: >60 mL/min",NORMAL,Low,850,Diagnostic Laboratory Reports,Consent Verified (Active on Blockchain),AES-256-GCM,vault-transit-key-0xf0a0669f,Qmcd72d2a44f4515060ea6fb1e282afa78a5969131db4a,Pinata Dedicated IPFS Gateway,0.0.4891024,5692,2026-09-13 12:12:37 UTC,0x0b4907995a8d4bf5df3cb4a3c4fa480cdfcd40287a3516735025f47f15ea5480,0.0001
LAB-REP-00693,ACC-LAB-003-000693,Metropolis Healthcare Molecular Laboratory,0x14dC79964da2C08b23698B3D3cc7Ca32193d9955,NABL-MC-3819,"Dr. Nilesh Shah, MD",Amit Saxena,849293,0xa928e95050e803ac17127993e1ffbb557577eca5,34,male,Dr. Sarah Jenkins,0x04Fee3FD1B338d12FFD6dBD8d66dE1e8e0BB99cB,Max Super Speciality Cancer Institute,Imaging / Radiology,Whole Body PET-CT Oncology Scan,18F-FDG Radiotracer DICOM,"Hypermetabolic primary lesion, SUVmax 9.2, no distant metastases","Physiological FDG biodistribution, no hypermetabolic malignancy",ABNORMAL_FINDING,High - Genomic/Oncology,18500,Diagnostic Laboratory Reports,Consent Verified (Active on Blockchain),AES-256-GCM,vault-transit-key-0xa928e950,Qma8da145445e940033b5736fe5cf4a1f99ead2a25417c,Pinata Dedicated IPFS Gateway,0.0.4891024,5693,2026-09-13 12:12:39 UTC,0x7285ba8386bfa33bb84256528905133f6c675f7f6e66a25764953cc2c5fb8b73,0.0001
LAB-REP-00694,ACC-LAB-001-000694,Apex Diagnostic Reference Labs,0x04Fee3FD1B338d12FFD6dBD8d66dE1e8e0BB99cB,NABL-MC-2091,"Dr. Sunita Narang, MD Path",Rohan Ghosh,849294,0xb0a4c635b470f73793745da8328dc54460ae0d02,35,female,Dr. Sarah Jenkins,0x04Fee3FD1B338d12FFD6dBD8d66dE1e8e0BB99cB,Care & Cure Pediatric & Maternity Hospital,Lipid Profile,Comprehensive Lipid Panel,Serum (Fasting 12h),"Total Chol: 235 mg/dL (High), LDL: 155 mg/dL, TG: 180 mg/dL","Chol: <200 mg/dL, HDL: >40 mg/dL, LDL: <100 mg/dL, TG: <150 mg/dL",HIGH,Low,850,Diagnostic Laboratory Reports,Emergency Diagnostic Upload (Pending Verification),AES-256-GCM,vault-transit-key-0xb0a4c635,Qm954147f1ac99fee2fbc67d6e239cbc644f9fb611bcff,Pinata Dedicated IPFS Gateway,0.0.4891024,5694,2026-09-13 12:12:42 UTC,0xeeb6473da8e345325f74fb54d9a6572518e8fd83a91e20cba2f0a9cfc47e76a4,0.0001
LAB-REP-00695,ACC-LAB-002-000695,Dr. Lal PathLabs Central Reference Hub,0x976EA74026E726554dB657fA54763abd0C3a0aa9,NABL-MC-1044,"Dr. Arvind Lal, FRCPath",Sakshi Chatterjee,849295,0x0468016ac06be573352387d44dc3676f9d830d51,36,male,Dr. Sunita Narang,0xBcd4042DE499D14e55001CcbB24a551F3b954096,Care & Cure Pediatric & Maternity Hospital,Cardiology Tests,High-Sensitivity Cardiac Troponin-I (hs-cTnI),Serum / Plasma,hs-cTnI: 1850 ng/L (Markedly Elevated Acute Myocardial Infarction),< 14 ng/L (99th Percentile Upper Reference Limit),CRITICAL_ALERT,Medium,1800,Diagnostic Laboratory Reports,Consent Verified (Active on Blockchain),AES-256-GCM,vault-transit-key-0x0468016a,Qmffb9d99736646464877eccff9a249cdd41d190419410,Pinata Dedicated IPFS Gateway,0.0.4891024,5695,2026-09-13 12:12:43 UTC,0xa2993824af538917ed7a14c0d4c056700dc79ae4f805b7732ed5ddef8530937c,0.0001
LAB-REP-00696,ACC-LAB-004-000696,Apollo Diagnostics Advanced Enclave,0x23618e81E3f5cdF7f54C3d65f7FBc0aBf5B21E8f,NABL-MC-5102,"Dr. Shanti Swaminathan, MD",Sanjay Saxena,849296,0xf9b3e412c9a515fb76977ec7af26275143a75549,37,female,Dr. Vikram Seth,0x15d34AAf54267DB7D7c367839AAf71A00a2C6A65,Care & Cure Pediatric & Maternity Hospital,Imaging / Radiology,High-Resolution Non-Contrast Brain CT Scan,Radiological DICOM Imaging,"Small left temporal hemorrhagic contusion, no mass effect",No acute intracranial hemorrhage or midline shift,ABNORMAL_FINDING,Medium,3200,Diagnostic Laboratory Reports,Emergency Diagnostic Upload (Pending Verification),AES-256-GCM,vault-transit-key-0xf9b3e412,Qmc26526330611d77700deb8e73fa74022a6fa6bee14d4,Pinata Dedicated IPFS Gateway,0.0.4891024,5696,2026-09-13 12:12:46 UTC,0xe98e025bf819ea81cda908f36bf7ff053498bc305ff4159c65efedc92c03e75a,0.0001
LAB-REP-00697,ACC-LAB-004-000697,Apollo Diagnostics Advanced Enclave,0x23618e81E3f5cdF7f54C3d65f7FBc0aBf5B21E8f,NABL-MC-5102,"Dr. Shanti Swaminathan, MD",Manish Shetty,849297,0xb3f81b8192e0134154c11f66e754f89e4fc244c8,38,male,Dr. Rajesh Sharma,0x3c44CdDdB6a900fa2b585dd299e03d12FA4293BC,Apollo Multispecialty Hospital,Cardiology Tests,High-Sensitivity Cardiac Troponin-I (hs-cTnI),Serum / Plasma,hs-cTnI: 1850 ng/L (Markedly Elevated Acute Myocardial Infarction),< 14 ng/L (99th Percentile Upper Reference Limit),CRITICAL_ALERT,Medium,1800,Diagnostic Laboratory Reports,Consent Verified (Active on Blockchain),AES-256-GCM,vault-transit-key-0xb3f81b81,Qm723fcc00bb5aca8bfbcdd2d65028a26ea5ab6162a09c,Pinata Dedicated IPFS Gateway,0.0.4891024,5697,2026-09-13 12:12:48 UTC,0x90b1b96d92dde902bc94b4761a4df935a49b8990ed66703ae697f6301f7adff7,0.0001
LAB-REP-00698,ACC-LAB-001-000698,Apex Diagnostic Reference Labs,0x04Fee3FD1B338d12FFD6dBD8d66dE1e8e0BB99cB,NABL-MC-2091,"Dr. Sunita Narang, MD Path",Pooja Pillai,849298,0xd86473d3e133f13e3a2f8b6300bc287c5de5c6a5,39,female,Dr. Rajesh Sharma,0x3c44CdDdB6a900fa2b585dd299e03d12FA4293BC,Apex Diagnostic & Pathology Hub,Blood Tests,Thrombocytopenia Platelet Monitoring,Whole Blood (EDTA),"Platelets: 42,000 /uL (Severe Low)","Platelets: 150,000 - 450,000 /uL",CRITICAL_ALERT,Low,350,Diagnostic Laboratory Reports,Consent Verified (Active on Blockchain),AES-256-GCM,vault-transit-key-0xd86473d3,Qm53ed81879ff34b3132e3804339be5cba02c3a5eb4b58,Pinata Dedicated IPFS Gateway,0.0.4891024,5698,2026-09-13 12:12:50 UTC,0x260b150fe70124036ba82c06566548c8c0ec8f1f46df86f7c4efc046a6bda796,0.0001
LAB-REP-00699,ACC-LAB-002-000699,Dr. Lal PathLabs Central Reference Hub,0x976EA74026E726554dB657fA54763abd0C3a0aa9,NABL-MC-1044,"Dr. Arvind Lal, FRCPath",Rohan Kulkarni,849299,0x3d002509e24ad749ad7dda4e6ac86101aad63141,40,male,Dr. Sunita Narang,0xBcd4042DE499D14e55001CcbB24a551F3b954096,Max Super Speciality Cancer Institute,Lipid Profile,Comprehensive Lipid Panel,Serum (Fasting 12h),"Total Chol: 235 mg/dL (High), LDL: 155 mg/dL, TG: 180 mg/dL","Chol: <200 mg/dL, HDL: >40 mg/dL, LDL: <100 mg/dL, TG: <150 mg/dL",HIGH,Low,850,Diagnostic Laboratory Reports,Consent Verified (Active on Blockchain),AES-256-GCM,vault-transit-key-0x3d002509,Qmf2c1fff6de74d5f6fbaf8575a81d1a449db2ebaad28e,Pinata Dedicated IPFS Gateway,0.0.4891024,5699,2026-09-13 12:12:52 UTC,0x2e1829a5052a1f4591fa92714e6f910c052efbf70ce6a5f6005ad016da731ebf,0.0001
LAB-REP-00700,ACC-LAB-003-000700,Metropolis Healthcare Molecular Laboratory,0x14dC79964da2C08b23698B3D3cc7Ca32193d9955,NABL-MC-3819,"Dr. Nilesh Shah, MD",Siddharth Mukherjee,849300,0x7479eb3ea71226826d6a82c1b6d452abf89628cd,41,female,Dr. Sarah Jenkins,0x04Fee3FD1B338d12FFD6dBD8d66dE1e8e0BB99cB,Apex Diagnostic & Pathology Hub,Kidney Function Tests,Renal Function Profile (KFT),Serum,"BUN: 14 mg/dL, Creatinine: 0.9 mg/dL, eGFR: 92 mL/min","BUN: 7-20 mg/dL, Creatinine: 0.6-1.2 mg/dL, eGFR: >60 mL/min",NORMAL,Low,850,Diagnostic Laboratory Reports,Consent Verified (Active on Blockchain),AES-256-GCM,vault-transit-key-0x7479eb3e,Qm6e0b6e33f31c2269ad95d08e5cb8bb6d56323c3a754a,Pinata Dedicated IPFS Gateway,0.0.4891024,5700,2026-09-13 12:12:55 UTC,0xc93df46d541aabd18bd0ba1718b8a4029929538dd6682eefa82d269c886a0726,0.0001
LAB-REP-00701,ACC-LAB-004-000701,Apollo Diagnostics Advanced Enclave,0x23618e81E3f5cdF7f54C3d65f7FBc0aBf5B21E8f,NABL-MC-5102,"Dr. Shanti Swaminathan, MD",Lata Kapoor,849301,0xd0ebac7b59757f71347319e70f7f4523eafd5ef5,42,male,Dr. Sarah Jenkins,0x04Fee3FD1B338d12FFD6dBD8d66dE1e8e0BB99cB,Care & Cure Pediatric & Maternity Hospital,Lipid Profile,Comprehensive Lipid Panel,Serum (Fasting 12h),"Total Chol: 235 mg/dL (High), LDL: 155 mg/dL, TG: 180 mg/dL","Chol: <200 mg/dL, HDL: >40 mg/dL, LDL: <100 mg/dL, TG: <150 mg/dL",HIGH,Low,850,Diagnostic Laboratory Reports,Consent Verified (Active on Blockchain),AES-256-GCM,vault-transit-key-0xd0ebac7b,Qm9f1c98d0370fe6b76dc7dc6c41976ced80b26084d410,Pinata Dedicated IPFS Gateway,0.0.4891024,5701,2026-09-13 12:12:58 UTC,0xc26d57b40fe45a0406626fb6a7b5a0847825190a1671fee10f77a740de107f77,0.0001
LAB-REP-00702,ACC-LAB-004-000702,Apollo Diagnostics Advanced Enclave,0x23618e81E3f5cdF7f54C3d65f7FBc0aBf5B21E8f,NABL-MC-5102,"Dr. Shanti Swaminathan, MD",Siddharth Mukherjee,849302,0xe70bafd3e22bc7101f8e3608bb4ed822af9bb33e,43,female,Dr. Preeti Deshmukh,0x23618e81E3f5cdF7f54C3d65f7FBc0aBf5B21E8f,Fortis Memorial Neuro & Trauma Center,Endocrinology Tests,HbA1c Glycated Hemoglobin,Whole Blood (EDTA),HbA1c: 7.6% (Diabetic Range),"<5.7% Normal, 5.7-6.4% Prediabetes, >=6.5% Diabetes",HIGH,Low,650,Diagnostic Laboratory Reports,Consent Verified (Active on Blockchain),AES-256-GCM,vault-transit-key-0xe70bafd3,Qm099dc449c897843f92f15cbaf3f0431cf935b9868ab6,Pinata Dedicated IPFS Gateway,0.0.4891024,5702,2026-09-13 12:12:59 UTC,0x208c11f11314fb3b603cee02b4bc1ad5dfbe67219b2333e6e2f8483f3c363364,0.0001
LAB-REP-00703,ACC-LAB-005-000703,SRL Diagnostics Regional Core Lab,0xa0Ee7A142d267C1f36714E4a8F75612F20a79720,NABL-MC-4491,"Dr. Ramesh Sarin, DNB Path",Sanjay Menon,849303,0x03306033235b5c2f61b9b888b9b16e6a01c7ab0b,44,male,Dr. Vikram Seth,0x15d34AAf54267DB7D7c367839AAf71A00a2C6A65,Apex Diagnostic & Pathology Hub,Liver Function Tests,Liver Function Profile (LFT),Serum,"ALT: 88 U/L (High), AST: 74 U/L (High), Total Bili: 1.8 mg/dL","ALT: 7-56 U/L, AST: 10-40 U/L, Bilirubin: 0.1-1.2 mg/dL",HIGH,Low,950,Diagnostic Laboratory Reports,Consent Verified (Active on Blockchain),AES-256-GCM,vault-transit-key-0x03306033,Qmeb1189f676a484db749e6d927a1b50f25922d54c0ea3,Pinata Dedicated IPFS Gateway,0.0.4891024,5703,2026-09-13 12:13:02 UTC,0xbdcaa350a22bc059caf58091197df1e9598b6a664150dd05240dcbb6cf3434a1,0.0001
LAB-REP-00704,ACC-LAB-005-000704,SRL Diagnostics Regional Core Lab,0xa0Ee7A142d267C1f36714E4a8F75612F20a79720,NABL-MC-4491,"Dr. Ramesh Sarin, DNB Path",Anand Deshmukh,849304,0x2f677a416f4742c878a3c4ae5e0f5e8e325a94f1,45,female,Dr. Sarah Jenkins,0x04Fee3FD1B338d12FFD6dBD8d66dE1e8e0BB99cB,Care & Cure Pediatric & Maternity Hospital,Blood Tests,Thrombocytopenia Platelet Monitoring,Whole Blood (EDTA),"Platelets: 42,000 /uL (Severe Low)","Platelets: 150,000 - 450,000 /uL",CRITICAL_ALERT,Low,350,Diagnostic Laboratory Reports,Consent Verified (Active on Blockchain),AES-256-GCM,vault-transit-key-0x2f677a41,Qmafe51a269caf35909c4a8e9c7ad4dd8b89c5e16e4011,Pinata Dedicated IPFS Gateway,0.0.4891024,5704,2026-09-13 12:13:04 UTC,0x89320d373df5cf1c3400852be4afbc4f76a427aacd2701951d74c57e208f5e63,0.0001
LAB-REP-00705,ACC-LAB-002-000705,Dr. Lal PathLabs Central Reference Hub,0x976EA74026E726554dB657fA54763abd0C3a0aa9,NABL-MC-1044,"Dr. Arvind Lal, FRCPath",Aarav Nair,849305,0xc7d0d6245799f47aa2bd6732b6cf1b3e022a965e,46,male,Dr. Sarah Jenkins,0x04Fee3FD1B338d12FFD6dBD8d66dE1e8e0BB99cB,Apex Diagnostic & Pathology Hub,Pathology / Biopsy,Core Needle Biopsy Histopathology & Immunohistochemistry,Tissue Biopsy in 10% Formalin,"Infiltrating Ductal Carcinoma Grade 2, ER 85%+, PR 60%+, HER2/neu Negative",Benign / No malignancy,MALIGNANT_POSITIVE,High - Genomic/Oncology,4500,Diagnostic Laboratory Reports,Consent Verified (Active on Blockchain),AES-256-GCM,vault-transit-key-0xc7d0d624,Qm622904c5abd7ce04cee0134b414b0fb7bc154afbe2de,Pinata Dedicated IPFS Gateway,0.0.4891024,5705,2026-09-13 12:13:06 UTC,0xe8e01b970192e7c2ea0ba4583a58d4f2aea43ff560b1e905f058fe031713613d,0.0001
LAB-REP-00706,ACC-LAB-003-000706,Metropolis Healthcare Molecular Laboratory,0x14dC79964da2C08b23698B3D3cc7Ca32193d9955,NABL-MC-3819,"Dr. Nilesh Shah, MD",Harish Patel,849306,0xfe4e976cb15037f2ec45f67c06a599762a751d65,47,female,Dr. Sarah Jenkins,0x04Fee3FD1B338d12FFD6dBD8d66dE1e8e0BB99cB,Max Super Speciality Cancer Institute,Imaging / Radiology,Whole Body PET-CT Oncology Scan,18F-FDG Radiotracer DICOM,"Hypermetabolic primary lesion, SUVmax 9.2, no distant metastases","Physiological FDG biodistribution, no hypermetabolic malignancy",ABNORMAL_FINDING,High - Genomic/Oncology,18500,Diagnostic Laboratory Reports,Consent Verified (Active on Blockchain),AES-256-GCM,vault-transit-key-0xfe4e976c,Qm1451ea6ec691702a24c9c138abf898c82e37c882fa48,Pinata Dedicated IPFS Gateway,0.0.4891024,5706,2026-09-13 12:13:08 UTC,0x941423637d8d5de9c40a871a17529c308f9dbef6a6345d5c6f980bb1fbcdaef5,0.0001
LAB-REP-00707,ACC-LAB-001-000707,Apex Diagnostic Reference Labs,0x04Fee3FD1B338d12FFD6dBD8d66dE1e8e0BB99cB,NABL-MC-2091,"Dr. Sunita Narang, MD Path",Amit Joshi,849307,0xe517e716b56bfabed3dc78efa781d81f662bd14c,48,male,Dr. Preeti Deshmukh,0x23618e81E3f5cdF7f54C3d65f7FBc0aBf5B21E8f,Apex Diagnostic & Pathology Hub,Liver Function Tests,Liver Function Profile (LFT),Serum,"ALT: 88 U/L (High), AST: 74 U/L (High), Total Bili: 1.8 mg/dL","ALT: 7-56 U/L, AST: 10-40 U/L, Bilirubin: 0.1-1.2 mg/dL",HIGH,Low,950,Diagnostic Laboratory Reports,Consent Verified (Active on Blockchain),AES-256-GCM,vault-transit-key-0xe517e716,Qm7e8e80858728f990791f9a27e1071456d96d1bbe9bdf,Pinata Dedicated IPFS Gateway,0.0.4891024,5707,2026-09-13 12:13:11 UTC,0x6c110a73c21210d85f54326a62bd979fded92d9b8bd8e514fe605a1aff7286ad,0.0001
LAB-REP-00708,ACC-LAB-004-000708,Apollo Diagnostics Advanced Enclave,0x23618e81E3f5cdF7f54C3d65f7FBc0aBf5B21E8f,NABL-MC-5102,"Dr. Shanti Swaminathan, MD",Anand Hegde,849308,0x8b9d17468cf1f813de6a94510b66ab6c4852568f,49,female,Dr. Vikram Seth,0x15d34AAf54267DB7D7c367839AAf71A00a2C6A65,Apollo Multispecialty Hospital,Imaging / Radiology,High-Resolution Non-Contrast Brain CT Scan,Radiological DICOM Imaging,"Small left temporal hemorrhagic contusion, no mass effect",No acute intracranial hemorrhage or midline shift,ABNORMAL_FINDING,Medium,3200,Diagnostic Laboratory Reports,Emergency Diagnostic Upload (Pending Verification),AES-256-GCM,vault-transit-key-0x8b9d1746,Qmfacd41d249985330d4f2c6b19275879a93a5599ee354,Pinata Dedicated IPFS Gateway,0.0.4891024,5708,2026-09-13 12:13:13 UTC,0x3e8b0ab863ae770086778dfb2de437bb259e1d4919ad59ff08fc0e762d7536eb,0.0001
LAB-REP-00709,ACC-LAB-004-000709,Apollo Diagnostics Advanced Enclave,0x23618e81E3f5cdF7f54C3d65f7FBc0aBf5B21E8f,NABL-MC-5102,"Dr. Shanti Swaminathan, MD",Kavya Pandey,849309,0xe2bec2acd9082d39793bb8776310ae064b9ff091,50,male,Dr. Vikram Seth,0x15d34AAf54267DB7D7c367839AAf71A00a2C6A65,Max Super Speciality Cancer Institute,Lipid Profile,Comprehensive Lipid Panel,Serum (Fasting 12h),"Total Chol: 235 mg/dL (High), LDL: 155 mg/dL, TG: 180 mg/dL","Chol: <200 mg/dL, HDL: >40 mg/dL, LDL: <100 mg/dL, TG: <150 mg/dL",HIGH,Low,850,Diagnostic Laboratory Reports,Consent Verified (Active on Blockchain),AES-256-GCM,vault-transit-key-0xe2bec2ac,Qm2d500d1addbf46be22ab1a097e6c9493a76a13c629a5,Pinata Dedicated IPFS Gateway,0.0.4891024,5709,2026-09-13 12:13:15 UTC,0xf721798608d4c06d8fe475e4cb33e2ed5e3feb13acb5e1546eba727446830e5b,0.0001
LAB-REP-00710,ACC-LAB-003-000710,Metropolis Healthcare Molecular Laboratory,0x14dC79964da2C08b23698B3D3cc7Ca32193d9955,NABL-MC-3819,"Dr. Nilesh Shah, MD",Manish Kapoor,849310,0x02af895fea6438ddab8dbf24b45eb04794853290,51,female,Dr. Preeti Deshmukh,0x23618e81E3f5cdF7f54C3d65f7FBc0aBf5B21E8f,Apollo Multispecialty Hospital,Microbiology Tests,Dengue Duo NS1 Ag + IgM/IgG Antibody ELISA,Serum,"Dengue NS1 Antigen: POSITIVE, IgM: Reactive",Non-Reactive / Negative,POSITIVE_ABNORMAL,Medium,1400,Diagnostic Laboratory Reports,Consent Verified (Active on Blockchain),AES-256-GCM,vault-transit-key-0x02af895f,Qm3e05d8ef241b40769916a3170ca57ba51d3202862c52,Pinata Dedicated IPFS Gateway,0.0.4891024,5710,2026-09-13 12:13:18 UTC,0xd3fd15c95bdb2bf2c3df74ac385dfaa70eb793483bc57a22e7e75559b497346a,0.0001
LAB-REP-00711,ACC-LAB-002-000711,Dr. Lal PathLabs Central Reference Hub,0x976EA74026E726554dB657fA54763abd0C3a0aa9,NABL-MC-1044,"Dr. Arvind Lal, FRCPath",Siddharth Pillai,849311,0x81464bc75db1d4ed93e64141363fc9054fddb584,52,male,Dr. Sarah Jenkins,0x04Fee3FD1B338d12FFD6dBD8d66dE1e8e0BB99cB,Apex Diagnostic & Pathology Hub,Lipid Profile,Comprehensive Lipid Panel,Serum (Fasting 12h),"Total Chol: 235 mg/dL (High), LDL: 155 mg/dL, TG: 180 mg/dL","Chol: <200 mg/dL, HDL: >40 mg/dL, LDL: <100 mg/dL, TG: <150 mg/dL",HIGH,Low,850,Diagnostic Laboratory Reports,Consent Verified (Active on Blockchain),AES-256-GCM,vault-transit-key-0x81464bc7,Qma26904f6fa589934e3c5bff0120fe2fe44ddd52c3fe1,Pinata Dedicated IPFS Gateway,0.0.4891024,5711,2026-09-13 12:13:20 UTC,0x032d7b7fb637555ed0b0f5dce004dd2f94bd043e8921e30fe568f6a88aeb4266,0.0001
LAB-REP-00712,ACC-LAB-005-000712,SRL Diagnostics Regional Core Lab,0xa0Ee7A142d267C1f36714E4a8F75612F20a79720,NABL-MC-4491,"Dr. Ramesh Sarin, DNB Path",Yashwanth Reddy,849312,0x6c555d8c0584c22e95d681b59372402482b6415d,53,female,Dr. Preeti Deshmukh,0x23618e81E3f5cdF7f54C3d65f7FBc0aBf5B21E8f,Care & Cure Pediatric & Maternity Hospital,Endocrinology Tests,HbA1c Glycated Hemoglobin,Whole Blood (EDTA),HbA1c: 7.6% (Diabetic Range),"<5.7% Normal, 5.7-6.4% Prediabetes, >=6.5% Diabetes",HIGH,Low,650,Diagnostic Laboratory Reports,Consent Verified (Active on Blockchain),AES-256-GCM,vault-transit-key-0x6c555d8c,Qm2b7033e88ab1ad7399bbcfe40fea85d067229a6917ce,Pinata Dedicated IPFS Gateway,0.0.4891024,5712,2026-09-13 12:13:22 UTC,0x4a9876a49b77986c92874e5fe9b9ffb95a608c0cf8de03c80c0ad0eca3bcc4c5,0.0001
LAB-REP-00713,ACC-LAB-003-000713,Metropolis Healthcare Molecular Laboratory,0x14dC79964da2C08b23698B3D3cc7Ca32193d9955,NABL-MC-3819,"Dr. Nilesh Shah, MD",Aarav Gupta,849313,0xb1501bc0eb19e78d17dcde773037009d47d32b6d,54,male,Dr. Preeti Deshmukh,0x23618e81E3f5cdF7f54C3d65f7FBc0aBf5B21E8f,Care & Cure Pediatric & Maternity Hospital,Lipid Profile,Comprehensive Lipid Panel,Serum (Fasting 12h),"Total Chol: 235 mg/dL (High), LDL: 155 mg/dL, TG: 180 mg/dL","Chol: <200 mg/dL, HDL: >40 mg/dL, LDL: <100 mg/dL, TG: <150 mg/dL",HIGH,Low,850,Diagnostic Laboratory Reports,Consent Verified (Active on Blockchain),AES-256-GCM,vault-transit-key-0xb1501bc0,Qmbddc112b9dfd7629cf6d99a6b9a9b45dfba51b2dc82e,Pinata Dedicated IPFS Gateway,0.0.4891024,5713,2026-09-13 12:13:25 UTC,0xe1320557f7b8be58ef055a0b048dbd7da769a429814825997e8dc41f37bf1ed0,0.0001
LAB-REP-00714,ACC-LAB-002-000714,Dr. Lal PathLabs Central Reference Hub,0x976EA74026E726554dB657fA54763abd0C3a0aa9,NABL-MC-1044,"Dr. Arvind Lal, FRCPath",Ananya Gupta,849314,0xfbde78ce7bc9c8d0a57875e63d600facc3e84a7e,55,female,Dr. Rajesh Sharma,0x3c44CdDdB6a900fa2b585dd299e03d12FA4293BC,Max Super Speciality Cancer Institute,Liver Function Tests,Liver Function Profile (LFT),Serum,"ALT: 88 U/L (High), AST: 74 U/L (High), Total Bili: 1.8 mg/dL","ALT: 7-56 U/L, AST: 10-40 U/L, Bilirubin: 0.1-1.2 mg/dL",HIGH,Low,950,Diagnostic Laboratory Reports,Consent Verified (Active on Blockchain),AES-256-GCM,vault-transit-key-0xfbde78ce,Qma82ce6f69eccff38fa1713adfd89e0f7a7b07b902176,Pinata Dedicated IPFS Gateway,0.0.4891024,5714,2026-09-13 12:13:27 UTC,0x2060975b0efc45df973641725fc2b7fb83f35d611dd586bdecd7471d92e58677,0.0001
LAB-REP-00715,ACC-LAB-002-000715,Dr. Lal PathLabs Central Reference Hub,0x976EA74026E726554dB657fA54763abd0C3a0aa9,NABL-MC-1044,"Dr. Arvind Lal, FRCPath",Ananya Patel,849315,0x492f9b5bce966d00ac1a678182c5e90893b76595,56,male,Dr. Preeti Deshmukh,0x23618e81E3f5cdF7f54C3d65f7FBc0aBf5B21E8f,Care & Cure Pediatric & Maternity Hospital,Endocrinology Tests,HbA1c Glycated Hemoglobin,Whole Blood (EDTA),HbA1c: 7.6% (Diabetic Range),"<5.7% Normal, 5.7-6.4% Prediabetes, >=6.5% Diabetes",HIGH,Low,650,Diagnostic Laboratory Reports,Consent Verified (Active on Blockchain),AES-256-GCM,vault-transit-key-0x492f9b5b,Qm4267a5b46987c1fca46510396f6e43accf612e0500c7,Pinata Dedicated IPFS Gateway,0.0.4891024,5715,2026-09-13 12:13:29 UTC,0xa16f898812567ae2949a0c7942d11c8e925228764550e9b20100323062ba95b3,0.0001
LAB-REP-00716,ACC-LAB-005-000716,SRL Diagnostics Regional Core Lab,0xa0Ee7A142d267C1f36714E4a8F75612F20a79720,NABL-MC-4491,"Dr. Ramesh Sarin, DNB Path",Anand Bhatia,849316,0xc2bafebbf85b52f31800272f20218240c36629ba,57,female,Dr. Preeti Deshmukh,0x23618e81E3f5cdF7f54C3d65f7FBc0aBf5B21E8f,Apollo Multispecialty Hospital,Blood Tests,Thrombocytopenia Platelet Monitoring,Whole Blood (EDTA),"Platelets: 42,000 /uL (Severe Low)","Platelets: 150,000 - 450,000 /uL",CRITICAL_ALERT,Low,350,Diagnostic Laboratory Reports,Consent Verified (Active on Blockchain),AES-256-GCM,vault-transit-key-0xc2bafebb,Qm0ea2cf500f79b4d10a026fb92606201f420befe41476,Pinata Dedicated IPFS Gateway,0.0.4891024,5716,2026-09-13 12:13:31 UTC,0x45601c482ad57efc8aadbc8e17371423109dee05ff90dadafc0a3cce2ced07bf,0.0001
LAB-REP-00717,ACC-LAB-003-000717,Metropolis Healthcare Molecular Laboratory,0x14dC79964da2C08b23698B3D3cc7Ca32193d9955,NABL-MC-3819,"Dr. Nilesh Shah, MD",Nandini Patel,849317,0x2922b6860eb21b4431176c346fdf32f6fb6cd35f,58,male,Dr. Rajesh Sharma,0x3c44CdDdB6a900fa2b585dd299e03d12FA4293BC,Fortis Memorial Neuro & Trauma Center,Liver Function Tests,Liver Function Profile (LFT),Serum,"ALT: 88 U/L (High), AST: 74 U/L (High), Total Bili: 1.8 mg/dL","ALT: 7-56 U/L, AST: 10-40 U/L, Bilirubin: 0.1-1.2 mg/dL",HIGH,Low,950,Diagnostic Laboratory Reports,Consent Verified (Active on Blockchain),AES-256-GCM,vault-transit-key-0x2922b686,Qm6a001ae7bd2d49ad9e3b0e89ae28aefe0850ca86dbe4,Pinata Dedicated IPFS Gateway,0.0.4891024,5717,2026-09-13 12:13:33 UTC,0x9cd2c029c6027c376c7b86854355f93aafdba56a0c1a583d542dcf2a519e12e0,0.0001
LAB-REP-00718,ACC-LAB-001-000718,Apex Diagnostic Reference Labs,0x04Fee3FD1B338d12FFD6dBD8d66dE1e8e0BB99cB,NABL-MC-2091,"Dr. Sunita Narang, MD Path",Rakesh Choudhury,849318,0x34d2c013419671dd7c58c6e6c3fe8195c096139f,59,female,Dr. Rohan Patel,0x976EA74026E726554dB657fA54763abd0C3a0aa9,Max Super Speciality Cancer Institute,Lipid Profile,Comprehensive Lipid Panel,Serum (Fasting 12h),"Total Chol: 235 mg/dL (High), LDL: 155 mg/dL, TG: 180 mg/dL","Chol: <200 mg/dL, HDL: >40 mg/dL, LDL: <100 mg/dL, TG: <150 mg/dL",HIGH,Low,850,Diagnostic Laboratory Reports,Consent Verified (Active on Blockchain),AES-256-GCM,vault-transit-key-0x34d2c013,Qm2ccffa9122893042b22d872b955b3c17cf20a7b7a4b9,Pinata Dedicated IPFS Gateway,0.0.4891024,5718,2026-09-13 12:13:35 UTC,0xf65747fd6ae8349e2a1c22f0c8ea96aea3420bfdbe04113c860410558966419e,0.0001
LAB-REP-00719,ACC-LAB-003-000719,Metropolis Healthcare Molecular Laboratory,0x14dC79964da2C08b23698B3D3cc7Ca32193d9955,NABL-MC-3819,"Dr. Nilesh Shah, MD",Deepak Banerjee,849319,0x0d8ba5d0926ce172334b43560f080d0eee170734,60,male,Dr. Sunita Narang,0xBcd4042DE499D14e55001CcbB24a551F3b954096,Care & Cure Pediatric & Maternity Hospital,Kidney Function Tests,Renal Function Profile (KFT),Serum,"BUN: 14 mg/dL, Creatinine: 0.9 mg/dL, eGFR: 92 mL/min","BUN: 7-20 mg/dL, Creatinine: 0.6-1.2 mg/dL, eGFR: >60 mL/min",NORMAL,Low,850,Diagnostic Laboratory Reports,Consent Verified (Active on Blockchain),AES-256-GCM,vault-transit-key-0x0d8ba5d0,Qmf080343f1ee8593b25f0c942fc8c286a3af09c58201c,Pinata Dedicated IPFS Gateway,0.0.4891024,5719,2026-09-13 12:13:38 UTC,0x4732eebc3a20fb5ab2e8e90a2cbfd882886d89b8bb91495d23bda04d7f9e42c6,0.0001
LAB-REP-00720,ACC-LAB-001-000720,Apex Diagnostic Reference Labs,0x04Fee3FD1B338d12FFD6dBD8d66dE1e8e0BB99cB,NABL-MC-2091,"Dr. Sunita Narang, MD Path",Siddharth Ghosh,849320,0x0e340b6be1b951e0bcf7270d6d86b5fd0ce7ef94,61,female,Dr. Sarah Jenkins,0x04Fee3FD1B338d12FFD6dBD8d66dE1e8e0BB99cB,Apex Diagnostic & Pathology Hub,Endocrinology Tests,HbA1c Glycated Hemoglobin,Whole Blood (EDTA),HbA1c: 7.6% (Diabetic Range),"<5.7% Normal, 5.7-6.4% Prediabetes, >=6.5% Diabetes",HIGH,Low,650,Diagnostic Laboratory Reports,Consent Verified (Active on Blockchain),AES-256-GCM,vault-transit-key-0x0e340b6b,Qm9113c190f260efc8e6dd9cc2bf014b86457c57c9b291,Pinata Dedicated IPFS Gateway,0.0.4891024,5720,2026-09-13 12:13:40 UTC,0xb501240e85010494fc90bebcf2cda0b4941d57bd61436604343c61b99fbe1283,0.0001
LAB-REP-00721,ACC-LAB-002-000721,Dr. Lal PathLabs Central Reference Hub,0x976EA74026E726554dB657fA54763abd0C3a0aa9,NABL-MC-1044,"Dr. Arvind Lal, FRCPath",Kavya Joshi,849321,0x849f7891f158afae52a096af2416df106dcecf38,62,male,Dr. Sarah Jenkins,0x04Fee3FD1B338d12FFD6dBD8d66dE1e8e0BB99cB,Apex Diagnostic & Pathology Hub,Microbiology Tests,Dengue Duo NS1 Ag + IgM/IgG Antibody ELISA,Serum,"Dengue NS1 Antigen: POSITIVE, IgM: Reactive",Non-Reactive / Negative,POSITIVE_ABNORMAL,Medium,1400,Diagnostic Laboratory Reports,Consent Verified (Active on Blockchain),AES-256-GCM,vault-transit-key-0x849f7891,Qmdb61a21a58d8261aa8ecd9c8095520f1c3775364924a,Pinata Dedicated IPFS Gateway,0.0.4891024,5721,2026-09-13 12:13:42 UTC,0x2d458ee12194082c5cff2fb720c7ed9d633e7d6211edae1a716db93c0b230c4d,0.0001
LAB-REP-00722,ACC-LAB-005-000722,SRL Diagnostics Regional Core Lab,0xa0Ee7A142d267C1f36714E4a8F75612F20a79720,NABL-MC-4491,"Dr. Ramesh Sarin, DNB Path",Siddharth Swaminathan,849322,0x5384e19c43ccd66349b8ca0b01884e8d51bceb85,63,female,Dr. Preeti Deshmukh,0x23618e81E3f5cdF7f54C3d65f7FBc0aBf5B21E8f,Fortis Memorial Neuro & Trauma Center,Kidney Function Tests,Renal Function Profile (KFT),Serum,"BUN: 14 mg/dL, Creatinine: 0.9 mg/dL, eGFR: 92 mL/min","BUN: 7-20 mg/dL, Creatinine: 0.6-1.2 mg/dL, eGFR: >60 mL/min",NORMAL,Low,850,Diagnostic Laboratory Reports,Consent Verified (Active on Blockchain),AES-256-GCM,vault-transit-key-0x5384e19c,Qmdc416f47e42712021f18ed6bc3bc72bd07244f0a4dde,Pinata Dedicated IPFS Gateway,0.0.4891024,5722,2026-09-13 12:13:44 UTC,0xf7be33e5ffb5fff29f8437296f57997799dcd7f60ebb68138cf579f7b930da7f,0.0001
LAB-REP-00723,ACC-LAB-004-000723,Apollo Diagnostics Advanced Enclave,0x23618e81E3f5cdF7f54C3d65f7FBc0aBf5B21E8f,NABL-MC-5102,"Dr. Shanti Swaminathan, MD",Anand Shetty,849323,0x9f1e8c7a3b486e855e219ec26f9bb0ab6578cf56,64,male,Dr. Ananya Roy,0x9965507D1a55bcC2695C58ba16FB37d819B0A4dc,Fortis Memorial Neuro & Trauma Center,Imaging / Radiology,Whole Body PET-CT Oncology Scan,18F-FDG Radiotracer DICOM,"Hypermetabolic primary lesion, SUVmax 9.2, no distant metastases","Physiological FDG biodistribution, no hypermetabolic malignancy",ABNORMAL_FINDING,High - Genomic/Oncology,18500,Diagnostic Laboratory Reports,Consent Verified (Active on Blockchain),AES-256-GCM,vault-transit-key-0x9f1e8c7a,Qmb69f0d0beee26d120381aa13d5310139175a3099c37f,Pinata Dedicated IPFS Gateway,0.0.4891024,5723,2026-09-13 12:13:47 UTC,0x9cddc1d4eb648514cb51be2eb42108ec5ec0a052df839e32c26bae8e9f005dbe,0.0001
LAB-REP-00724,ACC-LAB-002-000724,Dr. Lal PathLabs Central Reference Hub,0x976EA74026E726554dB657fA54763abd0C3a0aa9,NABL-MC-1044,"Dr. Arvind Lal, FRCPath",Ananya Sharma,849324,0xb14a821528a3c775d50547799abe22aef7db51e0,65,female,Dr. Sunita Narang,0xBcd4042DE499D14e55001CcbB24a551F3b954096,Apex Diagnostic & Pathology Hub,Kidney Function Tests,Renal Function Profile (KFT),Serum,"BUN: 14 mg/dL, Creatinine: 0.9 mg/dL, eGFR: 92 mL/min (Borderline clinical correlation advised)","BUN: 7-20 mg/dL, Creatinine: 0.6-1.2 mg/dL, eGFR: >60 mL/min",BORDERLINE,Low,850,Diagnostic Laboratory Reports,Consent Verified (Active on Blockchain),AES-256-GCM,vault-transit-key-0xb14a8215,Qm2754fd1095b2f24534f6f018f5c724bc58c93a874751,Pinata Dedicated IPFS Gateway,0.0.4891024,5724,2026-09-13 12:13:49 UTC,0x7156d758e19d4bd28e0beff723476ec6ad8695d1934b69d11766cf6178f3ca4b,0.0001
LAB-REP-00725,ACC-LAB-001-000725,Apex Diagnostic Reference Labs,0x04Fee3FD1B338d12FFD6dBD8d66dE1e8e0BB99cB,NABL-MC-2091,"Dr. Sunita Narang, MD Path",Sameer Mehta,849325,0x24fbe8eec6d99d539a968d768ad095a882d63a93,66,male,Dr. Preeti Deshmukh,0x23618e81E3f5cdF7f54C3d65f7FBc0aBf5B21E8f,Max Super Speciality Cancer Institute,Imaging / Radiology,Whole Body PET-CT Oncology Scan,18F-FDG Radiotracer DICOM,"Hypermetabolic primary lesion, SUVmax 9.2, no distant metastases","Physiological FDG biodistribution, no hypermetabolic malignancy",ABNORMAL_FINDING,High - Genomic/Oncology,18500,Diagnostic Laboratory Reports,Emergency Diagnostic Upload (Pending Verification),AES-256-GCM,vault-transit-key-0x24fbe8ee,Qm80f898e8d658e2a7ef47cee26f910c73bd4bcbb9b875,Pinata Dedicated IPFS Gateway,0.0.4891024,5725,2026-09-13 12:13:52 UTC,0xf8116bf486436bc123cb53093858e754bc3290b727491b7a1a1296774094e8c9,0.0001
LAB-REP-00726,ACC-LAB-003-000726,Metropolis Healthcare Molecular Laboratory,0x14dC79964da2C08b23698B3D3cc7Ca32193d9955,NABL-MC-3819,"Dr. Nilesh Shah, MD",Riya Malhotra,849326,0x1ce530bd509e8bbb40cd8599978b601e73415319,67,female,Dr. Rohan Patel,0x976EA74026E726554dB657fA54763abd0C3a0aa9,Care & Cure Pediatric & Maternity Hospital,Endocrinology Tests,"Thyroid Function Panel (TSH, Free T3, Free T4)",Serum,"TSH: 6.8 uIU/mL (Hypothyroid), FT4: 0.72 ng/dL (Low)","TSH: 0.45-4.5 uIU/mL, FT3: 2.0-4.4 pg/mL, FT4: 0.8-1.8 ng/dL",LOW,Low,750,Diagnostic Laboratory Reports,Consent Verified (Active on Blockchain),AES-256-GCM,vault-transit-key-0x1ce530bd,Qm4779770a163398c27168eb5b8ba6415733352370d07f,Pinata Dedicated IPFS Gateway,0.0.4891024,5726,2026-09-13 12:13:54 UTC,0xbc2f17b6f07181f7cf2dab35398b6035bc1cd93a50a02850d5615c2915b15c29,0.0001
LAB-REP-00727,ACC-LAB-005-000727,SRL Diagnostics Regional Core Lab,0xa0Ee7A142d267C1f36714E4a8F75612F20a79720,NABL-MC-4491,"Dr. Ramesh Sarin, DNB Path",Geeta Rao,849327,0x2cdd1c30cf531f080eebc09f9f781f28e2f0f577,68,male,Dr. Sarah Jenkins,0x04Fee3FD1B338d12FFD6dBD8d66dE1e8e0BB99cB,Fortis Memorial Neuro & Trauma Center,Endocrinology Tests,"Thyroid Function Panel (TSH, Free T3, Free T4)",Serum,"TSH: 6.8 uIU/mL (Hypothyroid), FT4: 0.72 ng/dL (Low)","TSH: 0.45-4.5 uIU/mL, FT3: 2.0-4.4 pg/mL, FT4: 0.8-1.8 ng/dL",LOW,Low,750,Diagnostic Laboratory Reports,Consent Verified (Active on Blockchain),AES-256-GCM,vault-transit-key-0x2cdd1c30,Qme456ce7050ab52cdbc7b5780122a9eca7804c1039d3b,Pinata Dedicated IPFS Gateway,0.0.4891024,5727,2026-09-13 12:13:56 UTC,0x1fd64e338cf2f3372656f9bb9c31f65723c5a8c999126b921b093efe0bc6fe39,0.0001
LAB-REP-00728,ACC-LAB-003-000728,Metropolis Healthcare Molecular Laboratory,0x14dC79964da2C08b23698B3D3cc7Ca32193d9955,NABL-MC-3819,"Dr. Nilesh Shah, MD",Deepak Deshmukh,849328,0xa8171e1ad098b05ed19641245e176b9dc7d36a48,69,female,Dr. Vikram Seth,0x15d34AAf54267DB7D7c367839AAf71A00a2C6A65,Care & Cure Pediatric & Maternity Hospital,Imaging / Radiology,High-Resolution Non-Contrast Brain CT Scan,Radiological DICOM Imaging,"Small left temporal hemorrhagic contusion, no mass effect",No acute intracranial hemorrhage or midline shift,ABNORMAL_FINDING,Medium,3200,Diagnostic Laboratory Reports,Consent Verified (Active on Blockchain),AES-256-GCM,vault-transit-key-0xa8171e1a,Qm724457aa4afa5249b399577f812556d83f56308d83cd,Pinata Dedicated IPFS Gateway,0.0.4891024,5728,2026-09-13 12:13:58 UTC,0x5896899ce8ba8b7816914053c1d6f16bb8800c84214c3477dd589a3145e10a67,0.0001
LAB-REP-00729,ACC-LAB-004-000729,Apollo Diagnostics Advanced Enclave,0x23618e81E3f5cdF7f54C3d65f7FBc0aBf5B21E8f,NABL-MC-5102,"Dr. Shanti Swaminathan, MD",Shreya Shetty,849329,0x061ce4e62de1bd3fecdc9ca55db40646b55e1eb7,70,male,Dr. Vikram Seth,0x15d34AAf54267DB7D7c367839AAf71A00a2C6A65,Apex Diagnostic & Pathology Hub,Lipid Profile,Comprehensive Lipid Panel,Serum (Fasting 12h),"Total Chol: 235 mg/dL (High), LDL: 155 mg/dL, TG: 180 mg/dL","Chol: <200 mg/dL, HDL: >40 mg/dL, LDL: <100 mg/dL, TG: <150 mg/dL",HIGH,Low,850,Diagnostic Laboratory Reports,Consent Verified (Active on Blockchain),AES-256-GCM,vault-transit-key-0x061ce4e6,Qmfe798495f29e3569b3780e503b471a3f750b0feea31f,Pinata Dedicated IPFS Gateway,0.0.4891024,5729,2026-09-13 12:14:00 UTC,0xe98781791d83798c8d2e4ba40134e0605206589aa49be3245bc72cb26c48cc41,0.0001
LAB-REP-00730,ACC-LAB-005-000730,SRL Diagnostics Regional Core Lab,0xa0Ee7A142d267C1f36714E4a8F75612F20a79720,NABL-MC-4491,"Dr. Ramesh Sarin, DNB Path",Ishaan Deshmukh,849330,0xaba61d9ca43863cd3684852d6fa49441dade67dd,71,female,Dr. Ananya Roy,0x9965507D1a55bcC2695C58ba16FB37d819B0A4dc,Apex Diagnostic & Pathology Hub,Cardiology Tests,High-Sensitivity Cardiac Troponin-I (hs-cTnI),Serum / Plasma,hs-cTnI: 1850 ng/L (Markedly Elevated Acute Myocardial Infarction),< 14 ng/L (99th Percentile Upper Reference Limit),CRITICAL_ALERT,Medium,1800,Diagnostic Laboratory Reports,Consent Verified (Active on Blockchain),AES-256-GCM,vault-transit-key-0xaba61d9c,Qm41255d579859a6a6deef973d42ad716d485bf4a4b135,Pinata Dedicated IPFS Gateway,0.0.4891024,5730,2026-09-13 12:14:03 UTC,0x1bcb09d5304e5aea96954f8fe33ab0f26eb10f23d297e9de8e7dcacba8b0e3e5,0.0001
LAB-REP-00731,ACC-LAB-001-000731,Apex Diagnostic Reference Labs,0x04Fee3FD1B338d12FFD6dBD8d66dE1e8e0BB99cB,NABL-MC-2091,"Dr. Sunita Narang, MD Path",Sakshi Iyer,849331,0xc6a27b315705364733e7c15f8cbed91bc135d5ea,72,male,Dr. Rajesh Sharma,0x3c44CdDdB6a900fa2b585dd299e03d12FA4293BC,Apollo Multispecialty Hospital,Liver Function Tests,Liver Function Profile (LFT),Serum,"ALT: 88 U/L (High), AST: 74 U/L (High), Total Bili: 1.8 mg/dL","ALT: 7-56 U/L, AST: 10-40 U/L, Bilirubin: 0.1-1.2 mg/dL",HIGH,Low,950,Diagnostic Laboratory Reports,Consent Verified (Active on Blockchain),AES-256-GCM,vault-transit-key-0xc6a27b31,Qma1043811a5c4605d62655d334828ac4e115db6aac1ee,Pinata Dedicated IPFS Gateway,0.0.4891024,5731,2026-09-13 12:14:05 UTC,0x485e765e745a27514136d2e94e3c94407eefb1870e7d4acbc81a5646493ecd9d,0.0001
LAB-REP-00732,ACC-LAB-004-000732,Apollo Diagnostics Advanced Enclave,0x23618e81E3f5cdF7f54C3d65f7FBc0aBf5B21E8f,NABL-MC-5102,"Dr. Shanti Swaminathan, MD",Riya Rao,849332,0x043e77187acdf34df9cfbe0e6b99dff37610c43a,73,female,Dr. Ananya Roy,0x9965507D1a55bcC2695C58ba16FB37d819B0A4dc,Care & Cure Pediatric & Maternity Hospital,Endocrinology Tests,HbA1c Glycated Hemoglobin,Whole Blood (EDTA),HbA1c: 7.6% (Diabetic Range),"<5.7% Normal, 5.7-6.4% Prediabetes, >=6.5% Diabetes",HIGH,Low,650,Diagnostic Laboratory Reports,Consent Verified (Active on Blockchain),AES-256-GCM,vault-transit-key-0x043e7718,Qm109ebd8ca691c1e4004f861fc5fb35ff13944340a5a0,Pinata Dedicated IPFS Gateway,0.0.4891024,5732,2026-09-13 12:14:07 UTC,0x0b4c867699f75ffc13d5393f83bb0cfbf480948481bb9b805e25dec77757820d,0.0001
LAB-REP-00733,ACC-LAB-005-000733,SRL Diagnostics Regional Core Lab,0xa0Ee7A142d267C1f36714E4a8F75612F20a79720,NABL-MC-4491,"Dr. Ramesh Sarin, DNB Path",Arjun Pillai,849333,0xd30ee5daca45a56c1b44a6e0b3af05c0294e7033,74,male,Dr. Sunita Narang,0xBcd4042DE499D14e55001CcbB24a551F3b954096,Fortis Memorial Neuro & Trauma Center,Cardiology Tests,High-Sensitivity Cardiac Troponin-I (hs-cTnI),Serum / Plasma,hs-cTnI: 1850 ng/L (Markedly Elevated Acute Myocardial Infarction),< 14 ng/L (99th Percentile Upper Reference Limit),CRITICAL_ALERT,Medium,1800,Diagnostic Laboratory Reports,Consent Verified (Active on Blockchain),AES-256-GCM,vault-transit-key-0xd30ee5da,Qm048f5a15bbaee6c0316f56ac9379e02b0391d3bab878,Pinata Dedicated IPFS Gateway,0.0.4891024,5733,2026-09-13 12:14:09 UTC,0x8dc14a4fcdf2aa4a7d0679ce283f772c31f32baa2bea440630a662dccfadfa50,0.0001
LAB-REP-00734,ACC-LAB-002-000734,Dr. Lal PathLabs Central Reference Hub,0x976EA74026E726554dB657fA54763abd0C3a0aa9,NABL-MC-1044,"Dr. Arvind Lal, FRCPath",Geeta Chatterjee,849334,0xce60a6220507d0a66af2bfe10aafb8fbe22457b0,75,female,Dr. Sarah Jenkins,0x04Fee3FD1B338d12FFD6dBD8d66dE1e8e0BB99cB,Fortis Memorial Neuro & Trauma Center,Lipid Profile,Comprehensive Lipid Panel,Serum (Fasting 12h),"Total Chol: 235 mg/dL (High), LDL: 155 mg/dL, TG: 180 mg/dL","Chol: <200 mg/dL, HDL: >40 mg/dL, LDL: <100 mg/dL, TG: <150 mg/dL",HIGH,Low,850,Diagnostic Laboratory Reports,Consent Verified (Active on Blockchain),AES-256-GCM,vault-transit-key-0xce60a622,Qm9ed2a1f9d92584be3ef738ba71435a9622dcd719b6d1,Pinata Dedicated IPFS Gateway,0.0.4891024,5734,2026-09-13 12:14:11 UTC,0x897f0b0d9fd280d2fad58755dc7f927d30e86d7e6a5b11cc0e5f7786c2ab61ed,0.0001
LAB-REP-00735,ACC-LAB-003-000735,Metropolis Healthcare Molecular Laboratory,0x14dC79964da2C08b23698B3D3cc7Ca32193d9955,NABL-MC-3819,"Dr. Nilesh Shah, MD",Divya Patel,849335,0x18aa86e6afc476067728e9a270d9faa5b3987822,76,male,Dr. Rajesh Sharma,0x3c44CdDdB6a900fa2b585dd299e03d12FA4293BC,Care & Cure Pediatric & Maternity Hospital,Endocrinology Tests,"Thyroid Function Panel (TSH, Free T3, Free T4)",Serum,"TSH: 6.8 uIU/mL (Hypothyroid), FT4: 0.72 ng/dL (Low)","TSH: 0.45-4.5 uIU/mL, FT3: 2.0-4.4 pg/mL, FT4: 0.8-1.8 ng/dL",LOW,Low,750,Diagnostic Laboratory Reports,Consent Verified (Active on Blockchain),AES-256-GCM,vault-transit-key-0x18aa86e6,Qmf6fc40df4d39c91e77f5b27db2f4b2cf36dc88e83f1d,Pinata Dedicated IPFS Gateway,0.0.4891024,5735,2026-09-13 12:14:14 UTC,0xc87d04329510544501bf52e9b1e9b6235e7dd8d36779e7cd6af6a1e07af0d5a2,0.0001
LAB-REP-00736,ACC-LAB-001-000736,Apex Diagnostic Reference Labs,0x04Fee3FD1B338d12FFD6dBD8d66dE1e8e0BB99cB,NABL-MC-2091,"Dr. Sunita Narang, MD Path",Gautam Hegde,849336,0x3565dbedccc84d9bc462cbf864d3a4ed57930330,77,female,Dr. Ananya Roy,0x9965507D1a55bcC2695C58ba16FB37d819B0A4dc,Apex Diagnostic & Pathology Hub,Blood Tests,Thrombocytopenia Platelet Monitoring,Whole Blood (EDTA),"Platelets: 42,000 /uL (Severe Low)","Platelets: 150,000 - 450,000 /uL",CRITICAL_ALERT,Low,350,Diagnostic Laboratory Reports,Consent Verified (Active on Blockchain),AES-256-GCM,vault-transit-key-0x3565dbed,Qmf540ab22a476e777383b47cbeee1b47fcc91937590f9,Pinata Dedicated IPFS Gateway,0.0.4891024,5736,2026-09-13 12:14:16 UTC,0xf5be37b03948fc8f6013111111f85f7648e501aa0332c81510e71e8e2f1111bc,0.0001
LAB-REP-00737,ACC-LAB-004-000737,Apollo Diagnostics Advanced Enclave,0x23618e81E3f5cdF7f54C3d65f7FBc0aBf5B21E8f,NABL-MC-5102,"Dr. Shanti Swaminathan, MD",Ananya Agarwal,849337,0x7f98981b8619f50c9d85f592924f533c95acc0af,78,male,Dr. Preeti Deshmukh,0x23618e81E3f5cdF7f54C3d65f7FBc0aBf5B21E8f,Apex Diagnostic & Pathology Hub,Kidney Function Tests,Renal Function Profile (KFT),Serum,"BUN: 14 mg/dL, Creatinine: 0.9 mg/dL, eGFR: 92 mL/min","BUN: 7-20 mg/dL, Creatinine: 0.6-1.2 mg/dL, eGFR: >60 mL/min",NORMAL,Low,850,Diagnostic Laboratory Reports,Consent Verified (Active on Blockchain),AES-256-GCM,vault-transit-key-0x7f98981b,Qmd15de2248551cd1f89cb5442649cd85b41e615a1e699,Pinata Dedicated IPFS Gateway,0.0.4891024,5737,2026-09-13 12:14:19 UTC,0xc700713d2d1d7a84dc73a25ff077cb6682a1cc2298a566f5a0fa20a1d9d2288c,0.0001
LAB-REP-00738,ACC-LAB-001-000738,Apex Diagnostic Reference Labs,0x04Fee3FD1B338d12FFD6dBD8d66dE1e8e0BB99cB,NABL-MC-2091,"Dr. Sunita Narang, MD Path",Yashwanth Ghosh,849338,0x60ab6de9d9e202a3077fbc1aa4603425b48d5c75,79,female,Dr. Ananya Roy,0x9965507D1a55bcC2695C58ba16FB37d819B0A4dc,Apex Diagnostic & Pathology Hub,Pathology / Biopsy,Core Needle Biopsy Histopathology & Immunohistochemistry,Tissue Biopsy in 10% Formalin,"Infiltrating Ductal Carcinoma Grade 2, ER 85%+, PR 60%+, HER2/neu Negative",Benign / No malignancy,MALIGNANT_POSITIVE,High - Genomic/Oncology,4500,Diagnostic Laboratory Reports,Consent Verified (Active on Blockchain),AES-256-GCM,vault-transit-key-0x60ab6de9,Qmf8a41f1beb856cd1d502225aef8e47c5953d00e4782b,Pinata Dedicated IPFS Gateway,0.0.4891024,5738,2026-09-13 12:14:20 UTC,0x00f7bcd2448a4fc3d6acccacaa0ff207dd3292eff75788be853c068e06acfa48,0.0001
LAB-REP-00739,ACC-LAB-005-000739,SRL Diagnostics Regional Core Lab,0xa0Ee7A142d267C1f36714E4a8F75612F20a79720,NABL-MC-4491,"Dr. Ramesh Sarin, DNB Path",Varun Ghosh,849339,0x2ad882f314cd8cdf48b56b0d45e7f1dee333ec8d,80,male,Dr. Preeti Deshmukh,0x23618e81E3f5cdF7f54C3d65f7FBc0aBf5B21E8f,Max Super Speciality Cancer Institute,Lipid Profile,Comprehensive Lipid Panel,Serum (Fasting 12h),"Total Chol: 235 mg/dL (High), LDL: 155 mg/dL, TG: 180 mg/dL","Chol: <200 mg/dL, HDL: >40 mg/dL, LDL: <100 mg/dL, TG: <150 mg/dL",HIGH,Low,850,Diagnostic Laboratory Reports,Emergency Diagnostic Upload (Pending Verification),AES-256-GCM,vault-transit-key-0x2ad882f3,Qm11acdb1fea92d9152032c75d18101fa3c868f0a6c7cc,Pinata Dedicated IPFS Gateway,0.0.4891024,5739,2026-09-13 12:14:23 UTC,0x8af7f8404374356b3f930e5b9a4445e6840b98229d5d1847fceed8bfa11b93b4,0.0001
LAB-REP-00740,ACC-LAB-003-000740,Metropolis Healthcare Molecular Laboratory,0x14dC79964da2C08b23698B3D3cc7Ca32193d9955,NABL-MC-3819,"Dr. Nilesh Shah, MD",Deepak Bhatia,849340,0xf04dbe98dbe5ec38f13d775f723907d73652a3d0,81,female,Dr. Rajesh Sharma,0x3c44CdDdB6a900fa2b585dd299e03d12FA4293BC,Max Super Speciality Cancer Institute,Blood Tests,Complete Blood Count (CBC),Whole Blood (EDTA),"Hb: 13.5 g/dL, WBC: 7200 /uL, Platelets: 2.4 Lakhs/uL","Hb: 12-16 g/dL, WBC: 4000-11000 /uL, Platelets: 1.5-4.5 Lakhs/uL",NORMAL,Low,450,Diagnostic Laboratory Reports,Consent Verified (Active on Blockchain),AES-256-GCM,vault-transit-key-0xf04dbe98,Qm4805a40dfdf09f783923066991e33afde80ae072dede,Pinata Dedicated IPFS Gateway,0.0.4891024,5740,2026-09-13 12:14:25 UTC,0x2f31f99c0ef407c734ca4d0672a5d4216f1d83a42b3657e1b860146e309fccc9,0.0001
LAB-REP-00741,ACC-LAB-005-000741,SRL Diagnostics Regional Core Lab,0xa0Ee7A142d267C1f36714E4a8F75612F20a79720,NABL-MC-4491,"Dr. Ramesh Sarin, DNB Path",Arjun Nair,849341,0x2cdb116080e8e3256a58568e09aba3b8971aba42,82,male,Dr. Ananya Roy,0x9965507D1a55bcC2695C58ba16FB37d819B0A4dc,Fortis Memorial Neuro & Trauma Center,Pathology / Biopsy,Core Needle Biopsy Histopathology & Immunohistochemistry,Tissue Biopsy in 10% Formalin,"Infiltrating Ductal Carcinoma Grade 2, ER 85%+, PR 60%+, HER2/neu Negative",Benign / No malignancy,MALIGNANT_POSITIVE,High - Genomic/Oncology,4500,Diagnostic Laboratory Reports,Consent Verified (Active on Blockchain),AES-256-GCM,vault-transit-key-0x2cdb1160,Qm963ca7fae756c9a36182546390a3bfeef1b4e65db45c,Pinata Dedicated IPFS Gateway,0.0.4891024,5741,2026-09-13 12:14:27 UTC,0x2c07b9de6c713ae09ffda2ab1a327155fdbce1b87f7c5b11bf3c24febb5d27f9,0.0001
LAB-REP-00742,ACC-LAB-003-000742,Metropolis Healthcare Molecular Laboratory,0x14dC79964da2C08b23698B3D3cc7Ca32193d9955,NABL-MC-3819,"Dr. Nilesh Shah, MD",Aditi Shetty,849342,0x28d771faa208cc78d603859cb019fb230d6d9d36,83,female,Dr. Sunita Narang,0xBcd4042DE499D14e55001CcbB24a551F3b954096,Max Super Speciality Cancer Institute,Metabolic Panel,Comprehensive Metabolic Panel (CMP),Serum,"Na: 138 mmol/L, K: 4.1 mmol/L, Creat: 1.05 mg/dL","Na: 135-145, K: 3.5-5.0, Creatinine: 0.7-1.3 mg/dL",NORMAL,Medium,1200,Diagnostic Laboratory Reports,Consent Verified (Active on Blockchain),AES-256-GCM,vault-transit-key-0x28d771fa,Qm5c4a76a512b499b92e6b8d4860b0ddbb303ec06445ea,Pinata Dedicated IPFS Gateway,0.0.4891024,5742,2026-09-13 12:14:29 UTC,0xf0002b65d2ab9d1c91f2d1a3a1cf94c85545a8f7a71d8d2a50efe3c05edde9cd,0.0001
LAB-REP-00743,ACC-LAB-004-000743,Apollo Diagnostics Advanced Enclave,0x23618e81E3f5cdF7f54C3d65f7FBc0aBf5B21E8f,NABL-MC-5102,"Dr. Shanti Swaminathan, MD",Manish Sharma,849343,0xcecb42f31c5fad15f08e063e8639cc929d7e6e07,84,male,Dr. Ananya Roy,0x9965507D1a55bcC2695C58ba16FB37d819B0A4dc,Care & Cure Pediatric & Maternity Hospital,Blood Tests,Complete Blood Count (CBC),Whole Blood (EDTA),"Hb: 13.5 g/dL, WBC: 7200 /uL, Platelets: 2.4 Lakhs/uL (Borderline clinical correlation advised)","Hb: 12-16 g/dL, WBC: 4000-11000 /uL, Platelets: 1.5-4.5 Lakhs/uL",BORDERLINE,Low,450,Diagnostic Laboratory Reports,Consent Verified (Active on Blockchain),AES-256-GCM,vault-transit-key-0xcecb42f3,Qm79d2901c5c4b2e04970801f6a100d32d69ec15ebb902,Pinata Dedicated IPFS Gateway,0.0.4891024,5743,2026-09-13 12:14:32 UTC,0xb20bfd0e3993a1e04b07140aa5e6e1a11cbd048a6186f7f8130b925f870c8219,0.0001
LAB-REP-00744,ACC-LAB-002-000744,Dr. Lal PathLabs Central Reference Hub,0x976EA74026E726554dB657fA54763abd0C3a0aa9,NABL-MC-1044,"Dr. Arvind Lal, FRCPath",Lata Saxena,849344,0x2491dff8e8b727306850ee4f7be32eca9c3ecf36,85,female,Dr. Sarah Jenkins,0x04Fee3FD1B338d12FFD6dBD8d66dE1e8e0BB99cB,Apollo Multispecialty Hospital,Endocrinology Tests,HbA1c Glycated Hemoglobin,Whole Blood (EDTA),HbA1c: 7.6% (Diabetic Range),"<5.7% Normal, 5.7-6.4% Prediabetes, >=6.5% Diabetes",HIGH,Low,650,Diagnostic Laboratory Reports,Consent Verified (Active on Blockchain),AES-256-GCM,vault-transit-key-0x2491dff8,Qm249af4efbbbaba92dd1525b54a329304946e6b26d0dc,Pinata Dedicated IPFS Gateway,0.0.4891024,5744,2026-09-13 12:14:34 UTC,0xd08b6f2a7ffa816dc0e6e1eba9801c209c32d446b089ed3b97d50ae8c2b7d62f,0.0001
LAB-REP-00745,ACC-LAB-005-000745,SRL Diagnostics Regional Core Lab,0xa0Ee7A142d267C1f36714E4a8F75612F20a79720,NABL-MC-4491,"Dr. Ramesh Sarin, DNB Path",Pooja Mukherjee,849345,0x977195ce2b72e0cb13063ef35e4141efad7b9a3d,86,male,Dr. Rajesh Sharma,0x3c44CdDdB6a900fa2b585dd299e03d12FA4293BC,Max Super Speciality Cancer Institute,Metabolic Panel,Comprehensive Metabolic Panel (CMP),Serum,"Na: 138 mmol/L, K: 4.1 mmol/L, Creat: 1.05 mg/dL","Na: 135-145, K: 3.5-5.0, Creatinine: 0.7-1.3 mg/dL",NORMAL,Medium,1200,Diagnostic Laboratory Reports,Consent Verified (Active on Blockchain),AES-256-GCM,vault-transit-key-0x977195ce,Qm30b0a9404aa3508500d4adac52084187b5ec94e02099,Pinata Dedicated IPFS Gateway,0.0.4891024,5745,2026-09-13 12:14:36 UTC,0x7d64640d98f1c139ae63fa130ad9d1d96e692d41053411a98edeece25c7d16a4,0.0001
LAB-REP-00746,ACC-LAB-005-000746,SRL Diagnostics Regional Core Lab,0xa0Ee7A142d267C1f36714E4a8F75612F20a79720,NABL-MC-4491,"Dr. Ramesh Sarin, DNB Path",Sakshi Rao,849346,0x36c949ed102f1982e8c33696195ad10eed40b43b,87,female,Dr. Rajesh Sharma,0x3c44CdDdB6a900fa2b585dd299e03d12FA4293BC,Max Super Speciality Cancer Institute,Pathology / Biopsy,Core Needle Biopsy Histopathology & Immunohistochemistry,Tissue Biopsy in 10% Formalin,"Infiltrating Ductal Carcinoma Grade 2, ER 85%+, PR 60%+, HER2/neu Negative",Benign / No malignancy,MALIGNANT_POSITIVE,High - Genomic/Oncology,4500,Diagnostic Laboratory Reports,Consent Verified (Active on Blockchain),AES-256-GCM,vault-transit-key-0x36c949ed,Qmc63563a6b90c558513aadcd9ad1ef24fb05a96b28f12,Pinata Dedicated IPFS Gateway,0.0.4891024,5746,2026-09-13 12:14:38 UTC,0xe84cd13f5b4ca57ae14c45e1cc2586422daebe59256644096e96683e99e8ce3c,0.0001
LAB-REP-00747,ACC-LAB-001-000747,Apex Diagnostic Reference Labs,0x04Fee3FD1B338d12FFD6dBD8d66dE1e8e0BB99cB,NABL-MC-2091,"Dr. Sunita Narang, MD Path",Siddharth Gupta,849347,0xd90c7aa2af6e9a3ede5ae0e6474f554870b8aade,88,male,Dr. Sarah Jenkins,0x04Fee3FD1B338d12FFD6dBD8d66dE1e8e0BB99cB,Apex Diagnostic & Pathology Hub,Imaging / Radiology,Whole Body PET-CT Oncology Scan,18F-FDG Radiotracer DICOM,"Hypermetabolic primary lesion, SUVmax 9.2, no distant metastases","Physiological FDG biodistribution, no hypermetabolic malignancy",ABNORMAL_FINDING,High - Genomic/Oncology,18500,Diagnostic Laboratory Reports,Consent Verified (Active on Blockchain),AES-256-GCM,vault-transit-key-0xd90c7aa2,Qm66e1d7ba031c841be156565a1a9941abc80b8b7e2e70,Pinata Dedicated IPFS Gateway,0.0.4891024,5747,2026-09-13 12:14:40 UTC,0xf84fe2cc564a332e84425d11c884a58527fded0e734a2a854021a2aae761cc83,0.0001
LAB-REP-00748,ACC-LAB-002-000748,Dr. Lal PathLabs Central Reference Hub,0x976EA74026E726554dB657fA54763abd0C3a0aa9,NABL-MC-1044,"Dr. Arvind Lal, FRCPath",Ishaan Gowda,849348,0x10b1a0728fc7e3642562ae2e406e38ee708ac773,89,female,Dr. Vikram Seth,0x15d34AAf54267DB7D7c367839AAf71A00a2C6A65,Apex Diagnostic & Pathology Hub,Liver Function Tests,Liver Function Profile (LFT),Serum,"ALT: 88 U/L (High), AST: 74 U/L (High), Total Bili: 1.8 mg/dL","ALT: 7-56 U/L, AST: 10-40 U/L, Bilirubin: 0.1-1.2 mg/dL",HIGH,Low,950,Diagnostic Laboratory Reports,Consent Verified (Active on Blockchain),AES-256-GCM,vault-transit-key-0x10b1a072,Qm28edc1aebfcc5fbbaa0d0b9ed734fa7e3991e21eda62,Pinata Dedicated IPFS Gateway,0.0.4891024,5748,2026-09-13 12:14:43 UTC,0x2295c6a3194ed0c603dbd88d6a887844eed4ee905bfbcb8cf48d41fcf047dcf2,0.0001
LAB-REP-00749,ACC-LAB-002-000749,Dr. Lal PathLabs Central Reference Hub,0x976EA74026E726554dB657fA54763abd0C3a0aa9,NABL-MC-1044,"Dr. Arvind Lal, FRCPath",Gautam Iyer,849349,0x4c62c06a133db4c48e597bda9c40b496a6ca1e51,90,male,Dr. Preeti Deshmukh,0x23618e81E3f5cdF7f54C3d65f7FBc0aBf5B21E8f,Max Super Speciality Cancer Institute,Kidney Function Tests,Renal Function Profile (KFT),Serum,"BUN: 14 mg/dL, Creatinine: 0.9 mg/dL, eGFR: 92 mL/min","BUN: 7-20 mg/dL, Creatinine: 0.6-1.2 mg/dL, eGFR: >60 mL/min",NORMAL,Low,850,Diagnostic Laboratory Reports,Consent Verified (Active on Blockchain),AES-256-GCM,vault-transit-key-0x4c62c06a,Qm0f3b7bd7f7b9985a3653c46c3b27321df5007782248f,Pinata Dedicated IPFS Gateway,0.0.4891024,5749,2026-09-13 12:14:45 UTC,0xe4a804bf44e7079d9e307d98d78248ad469d2709063ab8fa890dbc026f8c25c4,0.0001
LAB-REP-00750,ACC-LAB-002-000750,Dr. Lal PathLabs Central Reference Hub,0x976EA74026E726554dB657fA54763abd0C3a0aa9,NABL-MC-1044,"Dr. Arvind Lal, FRCPath",Pooja Nair,849350,0xc6c0dd5ab7bd08055cf2393dc7a25116525c963d,16,female,Dr. Preeti Deshmukh,0x23618e81E3f5cdF7f54C3d65f7FBc0aBf5B21E8f,Apex Diagnostic & Pathology Hub,Liver Function Tests,Liver Function Profile (LFT),Serum,"ALT: 88 U/L (High), AST: 74 U/L (High), Total Bili: 1.8 mg/dL","ALT: 7-56 U/L, AST: 10-40 U/L, Bilirubin: 0.1-1.2 mg/dL",HIGH,Low,950,Diagnostic Laboratory Reports,Consent Verified (Active on Blockchain),AES-256-GCM,vault-transit-key-0xc6c0dd5a,Qmc118c4dc0de301b4b42cd639246bf2aa4431141e3797,Pinata Dedicated IPFS Gateway,0.0.4891024,5750,2026-09-13 12:14:48 UTC,0x2960041332be1c4217bd818685a2cdad60cf9bff24eefab2d7d36024083af9d6,0.0001
LAB-REP-00751,ACC-LAB-002-000751,Dr. Lal PathLabs Central Reference Hub,0x976EA74026E726554dB657fA54763abd0C3a0aa9,NABL-MC-1044,"Dr. Arvind Lal, FRCPath",Riya Mehta,849351,0xca99fc7bf799ac72519f3aa1a15cd3fc7360fbc2,17,male,Dr. Rajesh Sharma,0x3c44CdDdB6a900fa2b585dd299e03d12FA4293BC,Fortis Memorial Neuro & Trauma Center,Metabolic Panel,Comprehensive Metabolic Panel (CMP),Serum,"Na: 138 mmol/L, K: 4.1 mmol/L, Creat: 1.05 mg/dL","Na: 135-145, K: 3.5-5.0, Creatinine: 0.7-1.3 mg/dL",NORMAL,Medium,1200,Diagnostic Laboratory Reports,Consent Verified (Active on Blockchain),AES-256-GCM,vault-transit-key-0xca99fc7b,Qmd27649592f34311ccb09276c3f17adebd239e2ec3272,Pinata Dedicated IPFS Gateway,0.0.4891024,5751,2026-09-13 12:14:50 UTC,0x69d426de83f8f6d35d94ec82d53f9e563b7a0d01699a6ac6326be6834d298170,0.0001
LAB-REP-00752,ACC-LAB-004-000752,Apollo Diagnostics Advanced Enclave,0x23618e81E3f5cdF7f54C3d65f7FBc0aBf5B21E8f,NABL-MC-5102,"Dr. Shanti Swaminathan, MD",Rohan Agarwal,849352,0x5dbc56f03e217f77d3bc45c8d866d1524ed1fca2,18,female,Dr. Ananya Roy,0x9965507D1a55bcC2695C58ba16FB37d819B0A4dc,Apollo Multispecialty Hospital,Metabolic Panel,Comprehensive Metabolic Panel (CMP),Serum,"Na: 138 mmol/L, K: 4.1 mmol/L, Creat: 1.05 mg/dL","Na: 135-145, K: 3.5-5.0, Creatinine: 0.7-1.3 mg/dL",NORMAL,Medium,1200,Diagnostic Laboratory Reports,Consent Verified (Active on Blockchain),AES-256-GCM,vault-transit-key-0x5dbc56f0,Qmbe7c784036c2576e502cdb957d49a05c073b349cb9f5,Pinata Dedicated IPFS Gateway,0.0.4891024,5752,2026-09-13 12:14:52 UTC,0xd605a6996d15918deac143d0f407d0b3a80573abbc7d6b626ba4f3eb525ed044,0.0001
LAB-REP-00753,ACC-LAB-002-000753,Dr. Lal PathLabs Central Reference Hub,0x976EA74026E726554dB657fA54763abd0C3a0aa9,NABL-MC-1044,"Dr. Arvind Lal, FRCPath",Nikhil Deshmukh,849353,0x07896b3fd009e32b8e6a66257d464459697de7dc,19,male,Dr. Preeti Deshmukh,0x23618e81E3f5cdF7f54C3d65f7FBc0aBf5B21E8f,Apollo Multispecialty Hospital,Imaging / Radiology,High-Resolution Non-Contrast Brain CT Scan,Radiological DICOM Imaging,"Small left temporal hemorrhagic contusion, no mass effect",No acute intracranial hemorrhage or midline shift,ABNORMAL_FINDING,Medium,3200,Diagnostic Laboratory Reports,Consent Verified (Active on Blockchain),AES-256-GCM,vault-transit-key-0x07896b3f,Qm7a84cac5fa4dd7769a47c1f196102bba1f711ee0ccd8,Pinata Dedicated IPFS Gateway,0.0.4891024,5753,2026-09-13 12:14:54 UTC,0xbbe6975eea182f685616c6fc6ab8afc82574193e53230d8c95ffa7300a3be108,0.0001
LAB-REP-00754,ACC-LAB-004-000754,Apollo Diagnostics Advanced Enclave,0x23618e81E3f5cdF7f54C3d65f7FBc0aBf5B21E8f,NABL-MC-5102,"Dr. Shanti Swaminathan, MD",Priyanka Kapoor,849354,0x7bb6fed1088c88f134a612fabe7478d8685302cc,20,female,Dr. Preeti Deshmukh,0x23618e81E3f5cdF7f54C3d65f7FBc0aBf5B21E8f,Care & Cure Pediatric & Maternity Hospital,Pathology / Biopsy,Core Needle Biopsy Histopathology & Immunohistochemistry,Tissue Biopsy in 10% Formalin,"Infiltrating Ductal Carcinoma Grade 2, ER 85%+, PR 60%+, HER2/neu Negative",Benign / No malignancy,MALIGNANT_POSITIVE,High - Genomic/Oncology,4500,Diagnostic Laboratory Reports,Emergency Diagnostic Upload (Pending Verification),AES-256-GCM,vault-transit-key-0x7bb6fed1,Qm93ae43d96c9dac8c37238b047acca36745cd2bbeaba7,Pinata Dedicated IPFS Gateway,0.0.4891024,5754,2026-09-13 12:14:57 UTC,0x4e7a00922d9969ae0dbe1a636e5e655d481daeea7f866d1f1ba1706c29860875,0.0001
LAB-REP-00755,ACC-LAB-005-000755,SRL Diagnostics Regional Core Lab,0xa0Ee7A142d267C1f36714E4a8F75612F20a79720,NABL-MC-4491,"Dr. Ramesh Sarin, DNB Path",Priyanka Deshmukh,849355,0x8781c811afccda25a04c88c4894dfdb153e2f282,21,male,Dr. Rohan Patel,0x976EA74026E726554dB657fA54763abd0C3a0aa9,Fortis Memorial Neuro & Trauma Center,Metabolic Panel,Comprehensive Metabolic Panel (CMP),Serum,"Na: 138 mmol/L, K: 4.1 mmol/L, Creat: 1.05 mg/dL","Na: 135-145, K: 3.5-5.0, Creatinine: 0.7-1.3 mg/dL",NORMAL,Medium,1200,Diagnostic Laboratory Reports,Consent Verified (Active on Blockchain),AES-256-GCM,vault-transit-key-0x8781c811,Qm2c14597fc05c05a593541d19516acc30f5cc57c3fcd3,Pinata Dedicated IPFS Gateway,0.0.4891024,5755,2026-09-13 12:14:59 UTC,0xa7efa06e1838b9dbef1b45cc7a6045597261b74e971ba86ab4957aa77c38e7f9,0.0001
LAB-REP-00756,ACC-LAB-001-000756,Apex Diagnostic Reference Labs,0x04Fee3FD1B338d12FFD6dBD8d66dE1e8e0BB99cB,NABL-MC-2091,"Dr. Sunita Narang, MD Path",Sneha Ghosh,849356,0xa9688a5504c5e6bb09b38a232e46da09df539834,22,female,Dr. Vikram Seth,0x15d34AAf54267DB7D7c367839AAf71A00a2C6A65,Max Super Speciality Cancer Institute,Endocrinology Tests,HbA1c Glycated Hemoglobin,Whole Blood (EDTA),HbA1c: 7.6% (Diabetic Range),"<5.7% Normal, 5.7-6.4% Prediabetes, >=6.5% Diabetes",HIGH,Low,650,Diagnostic Laboratory Reports,Emergency Diagnostic Upload (Pending Verification),AES-256-GCM,vault-transit-key-0xa9688a55,Qm51f347b9036912338567fc2b424b174ec94fc0b5aec5,Pinata Dedicated IPFS Gateway,0.0.4891024,5756,2026-09-13 12:15:01 UTC,0x3133be3c0746568cde3883c0ef3edb53e8a1b2bb1b15062c01a5027bf3918c56,0.0001
LAB-REP-00757,ACC-LAB-003-000757,Metropolis Healthcare Molecular Laboratory,0x14dC79964da2C08b23698B3D3cc7Ca32193d9955,NABL-MC-3819,"Dr. Nilesh Shah, MD",Shreya Ghosh,849357,0x1ea42a4fe4e748db655cfb656de7147cad9f7201,23,male,Dr. Rohan Patel,0x976EA74026E726554dB657fA54763abd0C3a0aa9,Apollo Multispecialty Hospital,Liver Function Tests,Liver Function Profile (LFT),Serum,"ALT: 88 U/L (High), AST: 74 U/L (High), Total Bili: 1.8 mg/dL","ALT: 7-56 U/L, AST: 10-40 U/L, Bilirubin: 0.1-1.2 mg/dL",HIGH,Low,950,Diagnostic Laboratory Reports,Consent Verified (Active on Blockchain),AES-256-GCM,vault-transit-key-0x1ea42a4f,Qmef20a3392e0cba3ed8f6522934a7fa413fee72efd5da,Pinata Dedicated IPFS Gateway,0.0.4891024,5757,2026-09-13 12:15:03 UTC,0x8cea3ffebf7d8bee177192adcfeb1ccbf0832d2b2e0c196b54a0b1aa288a652f,0.0001
LAB-REP-00758,ACC-LAB-002-000758,Dr. Lal PathLabs Central Reference Hub,0x976EA74026E726554dB657fA54763abd0C3a0aa9,NABL-MC-1044,"Dr. Arvind Lal, FRCPath",Meera Bhatia,849358,0x22fd879ec69f5611bd3dca913adf0831c2350af9,24,female,Dr. Sunita Narang,0xBcd4042DE499D14e55001CcbB24a551F3b954096,Apex Diagnostic & Pathology Hub,Blood Tests,Complete Blood Count (CBC),Whole Blood (EDTA),"Hb: 13.5 g/dL, WBC: 7200 /uL, Platelets: 2.4 Lakhs/uL","Hb: 12-16 g/dL, WBC: 4000-11000 /uL, Platelets: 1.5-4.5 Lakhs/uL",NORMAL,Low,450,Diagnostic Laboratory Reports,Consent Verified (Active on Blockchain),AES-256-GCM,vault-transit-key-0x22fd879e,Qm104151957d6c5812bbb9950003bdb7d45dd8387afeeb,Pinata Dedicated IPFS Gateway,0.0.4891024,5758,2026-09-13 12:15:05 UTC,0x88aa3beba3d7b486d8d036d812840afd4dcbcd5c3af49ea684d0a304ee5d3440,0.0001
LAB-REP-00759,ACC-LAB-004-000759,Apollo Diagnostics Advanced Enclave,0x23618e81E3f5cdF7f54C3d65f7FBc0aBf5B21E8f,NABL-MC-5102,"Dr. Shanti Swaminathan, MD",Gautam Deshmukh,849359,0x23a9a9b33a00dce5615df1453c6b52ec61f760ec,25,male,Dr. Sunita Narang,0xBcd4042DE499D14e55001CcbB24a551F3b954096,Fortis Memorial Neuro & Trauma Center,Lipid Profile,Comprehensive Lipid Panel,Serum (Fasting 12h),"Total Chol: 235 mg/dL (High), LDL: 155 mg/dL, TG: 180 mg/dL","Chol: <200 mg/dL, HDL: >40 mg/dL, LDL: <100 mg/dL, TG: <150 mg/dL",HIGH,Low,850,Diagnostic Laboratory Reports,Consent Verified (Active on Blockchain),AES-256-GCM,vault-transit-key-0x23a9a9b3,Qm7b65fb8c4269b5d84bbfa2a0482e187074bcf0c45506,Pinata Dedicated IPFS Gateway,0.0.4891024,5759,2026-09-13 12:15:08 UTC,0xccacc411de5345376d7e17015859f856cccfa32852410eb3724cceaca6123929,0.0001
LAB-REP-00760,ACC-LAB-003-000760,Metropolis Healthcare Molecular Laboratory,0x14dC79964da2C08b23698B3D3cc7Ca32193d9955,NABL-MC-3819,"Dr. Nilesh Shah, MD",Shreya Nair,849360,0x1eabafa530f41f967b2b1b82ac4b55dd8bbeeeef,26,female,Dr. Ananya Roy,0x9965507D1a55bcC2695C58ba16FB37d819B0A4dc,Fortis Memorial Neuro & Trauma Center,Imaging / Radiology,Whole Body PET-CT Oncology Scan,18F-FDG Radiotracer DICOM,"Hypermetabolic primary lesion, SUVmax 9.2, no distant metastases","Physiological FDG biodistribution, no hypermetabolic malignancy",ABNORMAL_FINDING,High - Genomic/Oncology,18500,Diagnostic Laboratory Reports,Consent Verified (Active on Blockchain),AES-256-GCM,vault-transit-key-0x1eabafa5,Qm47c03b0b7a9564b3ba5ae700871a5d8b878c36249e8d,Pinata Dedicated IPFS Gateway,0.0.4891024,5760,2026-09-13 12:15:10 UTC,0xd12043e79f7ef5c61202af2381037d9093996681a4f2fc462e8111898cf8f577,0.0001
LAB-REP-00761,ACC-LAB-002-000761,Dr. Lal PathLabs Central Reference Hub,0x976EA74026E726554dB657fA54763abd0C3a0aa9,NABL-MC-1044,"Dr. Arvind Lal, FRCPath",Sakshi Shetty,849361,0x0527684afa835845127f4a11daa7ecf3fbfb7516,27,male,Dr. Vikram Seth,0x15d34AAf54267DB7D7c367839AAf71A00a2C6A65,Max Super Speciality Cancer Institute,Cardiology Tests,High-Sensitivity Cardiac Troponin-I (hs-cTnI),Serum / Plasma,hs-cTnI: 1850 ng/L (Markedly Elevated Acute Myocardial Infarction),< 14 ng/L (99th Percentile Upper Reference Limit),CRITICAL_ALERT,Medium,1800,Diagnostic Laboratory Reports,Consent Verified (Active on Blockchain),AES-256-GCM,vault-transit-key-0x0527684a,Qmb86f46ac8cf9e8245089eff9c9084e467699ea45ddc0,Pinata Dedicated IPFS Gateway,0.0.4891024,5761,2026-09-13 12:15:13 UTC,0x64b8c6d92a709c5f999b1a26e67e2edc3b21ebdc63edb64a8375052c913bdee2,0.0001
LAB-REP-00762,ACC-LAB-005-000762,SRL Diagnostics Regional Core Lab,0xa0Ee7A142d267C1f36714E4a8F75612F20a79720,NABL-MC-4491,"Dr. Ramesh Sarin, DNB Path",Tanvi Gupta,849362,0xd2646edd7e4ec08680d1574f788dd6b88dd32710,28,female,Dr. Rohan Patel,0x976EA74026E726554dB657fA54763abd0C3a0aa9,Fortis Memorial Neuro & Trauma Center,Imaging / Radiology,High-Resolution Non-Contrast Brain CT Scan,Radiological DICOM Imaging,"Small left temporal hemorrhagic contusion, no mass effect",No acute intracranial hemorrhage or midline shift,ABNORMAL_FINDING,Medium,3200,Diagnostic Laboratory Reports,Consent Verified (Active on Blockchain),AES-256-GCM,vault-transit-key-0xd2646edd,Qm736e3383dacc6036be1d2cac2831ccfcc23a8d9e8d3f,Pinata Dedicated IPFS Gateway,0.0.4891024,5762,2026-09-13 12:15:14 UTC,0x6712d9d46c5c215d8cd112566219165dfd669800b44e9661b1e4d862f5ebac5e,0.0001
LAB-REP-00763,ACC-LAB-004-000763,Apollo Diagnostics Advanced Enclave,0x23618e81E3f5cdF7f54C3d65f7FBc0aBf5B21E8f,NABL-MC-5102,"Dr. Shanti Swaminathan, MD",Nikhil Swaminathan,849363,0x95e28ea6bae4c4b486724ca0f9137fbd72f72445,29,male,Dr. Ananya Roy,0x9965507D1a55bcC2695C58ba16FB37d819B0A4dc,Apex Diagnostic & Pathology Hub,Metabolic Panel,Comprehensive Metabolic Panel (CMP),Serum,"Na: 138 mmol/L, K: 4.1 mmol/L, Creat: 1.05 mg/dL","Na: 135-145, K: 3.5-5.0, Creatinine: 0.7-1.3 mg/dL",NORMAL,Medium,1200,Diagnostic Laboratory Reports,Consent Verified (Active on Blockchain),AES-256-GCM,vault-transit-key-0x95e28ea6,Qm42ee88efe70e42ef7e66dc1f9cedd2fe11dd91a1b9be,Pinata Dedicated IPFS Gateway,0.0.4891024,5763,2026-09-13 12:15:16 UTC,0xfcd31d3b24fabdd8e748d6c94bfef75b1d0964e7fc81da6a64a0f65f3096143a,0.0001
LAB-REP-00764,ACC-LAB-004-000764,Apollo Diagnostics Advanced Enclave,0x23618e81E3f5cdF7f54C3d65f7FBc0aBf5B21E8f,NABL-MC-5102,"Dr. Shanti Swaminathan, MD",Meera Kulkarni,849364,0x08f94955d68ed8bd98301ee4cf78bd607dbabdf4,30,female,Dr. Sunita Narang,0xBcd4042DE499D14e55001CcbB24a551F3b954096,Care & Cure Pediatric & Maternity Hospital,Lipid Profile,Comprehensive Lipid Panel,Serum (Fasting 12h),"Total Chol: 235 mg/dL (High), LDL: 155 mg/dL, TG: 180 mg/dL","Chol: <200 mg/dL, HDL: >40 mg/dL, LDL: <100 mg/dL, TG: <150 mg/dL",HIGH,Low,850,Diagnostic Laboratory Reports,Consent Verified (Active on Blockchain),AES-256-GCM,vault-transit-key-0x08f94955,Qmbf4c2633b23d24e178a231450bebb020e76815fac03f,Pinata Dedicated IPFS Gateway,0.0.4891024,5764,2026-09-13 12:15:19 UTC,0x68d234813c9985fea5e4f13477fa16f743dbc0607ffa773f5b77db3881f26d3b,0.0001
LAB-REP-00765,ACC-LAB-003-000765,Metropolis Healthcare Molecular Laboratory,0x14dC79964da2C08b23698B3D3cc7Ca32193d9955,NABL-MC-3819,"Dr. Nilesh Shah, MD",Pranav Mehta,849365,0x8c61e66f47eb014abb50a217865897c781301849,31,male,Dr. Rajesh Sharma,0x3c44CdDdB6a900fa2b585dd299e03d12FA4293BC,Fortis Memorial Neuro & Trauma Center,Endocrinology Tests,HbA1c Glycated Hemoglobin,Whole Blood (EDTA),HbA1c: 7.6% (Diabetic Range),"<5.7% Normal, 5.7-6.4% Prediabetes, >=6.5% Diabetes",HIGH,Low,650,Diagnostic Laboratory Reports,Consent Verified (Active on Blockchain),AES-256-GCM,vault-transit-key-0x8c61e66f,Qm58248ad405d8f1ea48fec93a26aba853329605263edd,Pinata Dedicated IPFS Gateway,0.0.4891024,5765,2026-09-13 12:15:21 UTC,0x03561098ef908df324d79543ff69394002e20bf4c96ee19e365d5754c60be3a1,0.0001
LAB-REP-00766,ACC-LAB-005-000766,SRL Diagnostics Regional Core Lab,0xa0Ee7A142d267C1f36714E4a8F75612F20a79720,NABL-MC-4491,"Dr. Ramesh Sarin, DNB Path",Varun Rao,849366,0x390c18d759e83742985ed40271c6d0dbec575b27,32,female,Dr. Sarah Jenkins,0x04Fee3FD1B338d12FFD6dBD8d66dE1e8e0BB99cB,Care & Cure Pediatric & Maternity Hospital,Imaging / Radiology,Whole Body PET-CT Oncology Scan,18F-FDG Radiotracer DICOM,"Hypermetabolic primary lesion, SUVmax 9.2, no distant metastases","Physiological FDG biodistribution, no hypermetabolic malignancy",ABNORMAL_FINDING,High - Genomic/Oncology,18500,Diagnostic Laboratory Reports,Consent Verified (Active on Blockchain),AES-256-GCM,vault-transit-key-0x390c18d7,Qm91d2f02715811def5cbe1f23fe762ca2c3dadd04ccd9,Pinata Dedicated IPFS Gateway,0.0.4891024,5766,2026-09-13 12:15:24 UTC,0x3dcd3d9a01d578914292316156757a31edfa09d751f29916deb9455383310ff6,0.0001
LAB-REP-00767,ACC-LAB-003-000767,Metropolis Healthcare Molecular Laboratory,0x14dC79964da2C08b23698B3D3cc7Ca32193d9955,NABL-MC-3819,"Dr. Nilesh Shah, MD",Geeta Gupta,849367,0xd450930f3159c24b1f2eb1d6b593b82398b809f5,33,male,Dr. Rohan Patel,0x976EA74026E726554dB657fA54763abd0C3a0aa9,Care & Cure Pediatric & Maternity Hospital,Microbiology Tests,Dengue Duo NS1 Ag + IgM/IgG Antibody ELISA,Serum,"Dengue NS1 Antigen: POSITIVE, IgM: Reactive",Non-Reactive / Negative,POSITIVE_ABNORMAL,Medium,1400,Diagnostic Laboratory Reports,Consent Verified (Active on Blockchain),AES-256-GCM,vault-transit-key-0xd450930f,Qm004754025eb35d54389d2e774768baf5b926ffb069c2,Pinata Dedicated IPFS Gateway,0.0.4891024,5767,2026-09-13 12:15:26 UTC,0x565b9712d4418581014070c9178173acdfe61b4645318db038aad41acf2a3de9,0.0001
LAB-REP-00768,ACC-LAB-005-000768,SRL Diagnostics Regional Core Lab,0xa0Ee7A142d267C1f36714E4a8F75612F20a79720,NABL-MC-4491,"Dr. Ramesh Sarin, DNB Path",Madhav Gowda,849368,0xe078dad9a5520f955539d923aae79e108555c315,34,female,Dr. Sunita Narang,0xBcd4042DE499D14e55001CcbB24a551F3b954096,Apollo Multispecialty Hospital,Endocrinology Tests,HbA1c Glycated Hemoglobin,Whole Blood (EDTA),HbA1c: 7.6% (Diabetic Range),"<5.7% Normal, 5.7-6.4% Prediabetes, >=6.5% Diabetes",HIGH,Low,650,Diagnostic Laboratory Reports,Consent Verified (Active on Blockchain),AES-256-GCM,vault-transit-key-0xe078dad9,Qm6cd687d5f1f241810b3297a89eb52ef5facc9136ba3b,Pinata Dedicated IPFS Gateway,0.0.4891024,5768,2026-09-13 12:15:28 UTC,0xa8142dac504a2a5db3100ba54b3805c5ebe0434c1c020186a013ba90ade9bfd4,0.0001
LAB-REP-00769,ACC-LAB-001-000769,Apex Diagnostic Reference Labs,0x04Fee3FD1B338d12FFD6dBD8d66dE1e8e0BB99cB,NABL-MC-2091,"Dr. Sunita Narang, MD Path",Bhavna Patel,849369,0x73ea71ae0cd07d515d4d905ece83e2a257d60d63,35,male,Dr. Ananya Roy,0x9965507D1a55bcC2695C58ba16FB37d819B0A4dc,Apex Diagnostic & Pathology Hub,Pathology / Biopsy,Core Needle Biopsy Histopathology & Immunohistochemistry,Tissue Biopsy in 10% Formalin,"Infiltrating Ductal Carcinoma Grade 2, ER 85%+, PR 60%+, HER2/neu Negative",Benign / No malignancy,MALIGNANT_POSITIVE,High - Genomic/Oncology,4500,Diagnostic Laboratory Reports,Consent Verified (Active on Blockchain),AES-256-GCM,vault-transit-key-0x73ea71ae,Qm468804d04a2495eb69db1e9e08f2b0da2fd5308d61a4,Pinata Dedicated IPFS Gateway,0.0.4891024,5769,2026-09-13 12:15:30 UTC,0x7f0d54236621c564d3191a2b5c3a616a2eb69f2b921c0bb142821a7edbbf51f8,0.0001
LAB-REP-00770,ACC-LAB-002-000770,Dr. Lal PathLabs Central Reference Hub,0x976EA74026E726554dB657fA54763abd0C3a0aa9,NABL-MC-1044,"Dr. Arvind Lal, FRCPath",Divya Sharma,849370,0x027848ef4bc1958ef892fe36b6635fb9bf2be3c3,36,female,Dr. Sarah Jenkins,0x04Fee3FD1B338d12FFD6dBD8d66dE1e8e0BB99cB,Care & Cure Pediatric & Maternity Hospital,Imaging / Radiology,Whole Body PET-CT Oncology Scan,18F-FDG Radiotracer DICOM,"Hypermetabolic primary lesion, SUVmax 9.2, no distant metastases","Physiological FDG biodistribution, no hypermetabolic malignancy",ABNORMAL_FINDING,High - Genomic/Oncology,18500,Diagnostic Laboratory Reports,Consent Verified (Active on Blockchain),AES-256-GCM,vault-transit-key-0x027848ef,Qmca5a987d0b0b6f136a3552277640a93e6d0af14e66a0,Pinata Dedicated IPFS Gateway,0.0.4891024,5770,2026-09-13 12:15:32 UTC,0x7bafe0b8ad39682b0e5f70d42854c0f31d0aa32453dbdc10702e56f46b8148e8,0.0001
LAB-REP-00771,ACC-LAB-004-000771,Apollo Diagnostics Advanced Enclave,0x23618e81E3f5cdF7f54C3d65f7FBc0aBf5B21E8f,NABL-MC-5102,"Dr. Shanti Swaminathan, MD",Siddharth Verma,849371,0x923dc6d36169195b9c2fd01949b3eddf43038709,37,male,Dr. Preeti Deshmukh,0x23618e81E3f5cdF7f54C3d65f7FBc0aBf5B21E8f,Max Super Speciality Cancer Institute,Imaging / Radiology,Whole Body PET-CT Oncology Scan,18F-FDG Radiotracer DICOM,"Hypermetabolic primary lesion, SUVmax 9.2, no distant metastases","Physiological FDG biodistribution, no hypermetabolic malignancy",ABNORMAL_FINDING,High - Genomic/Oncology,18500,Diagnostic Laboratory Reports,Consent Verified (Active on Blockchain),AES-256-GCM,vault-transit-key-0x923dc6d3,Qm3dc70d7496977147a81f9c76d91e9c013a08ece29f88,Pinata Dedicated IPFS Gateway,0.0.4891024,5771,2026-09-13 12:15:34 UTC,0x2d04d7f85db5d96b6b3b39e41bfff0b2e6849ab6e83c577a316ec63fb575c6a7,0.0001
LAB-REP-00772,ACC-LAB-005-000772,SRL Diagnostics Regional Core Lab,0xa0Ee7A142d267C1f36714E4a8F75612F20a79720,NABL-MC-4491,"Dr. Ramesh Sarin, DNB Path",Gautam Deshmukh,849372,0x12be3753c0b23687e10808b20a924ce23db07f08,38,female,Dr. Rohan Patel,0x976EA74026E726554dB657fA54763abd0C3a0aa9,Care & Cure Pediatric & Maternity Hospital,Endocrinology Tests,"Thyroid Function Panel (TSH, Free T3, Free T4)",Serum,"TSH: 6.8 uIU/mL (Hypothyroid), FT4: 0.72 ng/dL (Low)","TSH: 0.45-4.5 uIU/mL, FT3: 2.0-4.4 pg/mL, FT4: 0.8-1.8 ng/dL",LOW,Low,750,Diagnostic Laboratory Reports,Emergency Diagnostic Upload (Pending Verification),AES-256-GCM,vault-transit-key-0x12be3753,Qm7b139bc17541a95d7e154853387cadd2f56b801647c0,Pinata Dedicated IPFS Gateway,0.0.4891024,5772,2026-09-13 12:15:37 UTC,0x7ad3a17f9b60909e7e0e751515d7b7fecde06d2bd9e78596c047828ea4700b88,0.0001
LAB-REP-00773,ACC-LAB-002-000773,Dr. Lal PathLabs Central Reference Hub,0x976EA74026E726554dB657fA54763abd0C3a0aa9,NABL-MC-1044,"Dr. Arvind Lal, FRCPath",Aditi Pandey,849373,0xaa8ebd6c271f6fd0899c14eb07358c52defc198e,39,male,Dr. Ananya Roy,0x9965507D1a55bcC2695C58ba16FB37d819B0A4dc,Fortis Memorial Neuro & Trauma Center,Microbiology Tests,Dengue Duo NS1 Ag + IgM/IgG Antibody ELISA,Serum,"Dengue NS1 Antigen: POSITIVE, IgM: Reactive",Non-Reactive / Negative,POSITIVE_ABNORMAL,Medium,1400,Diagnostic Laboratory Reports,Consent Verified (Active on Blockchain),AES-256-GCM,vault-transit-key-0xaa8ebd6c,Qm18b4a2141cf862b56c26a5bf55f3dfc13ba8f94639d5,Pinata Dedicated IPFS Gateway,0.0.4891024,5773,2026-09-13 12:15:39 UTC,0x84bf87134aec3c1a10f8e7cf4a71e068fa54ecd5cc28766c7ac768076f50065f,0.0001
LAB-REP-00774,ACC-LAB-004-000774,Apollo Diagnostics Advanced Enclave,0x23618e81E3f5cdF7f54C3d65f7FBc0aBf5B21E8f,NABL-MC-5102,"Dr. Shanti Swaminathan, MD",Ishaan Choudhury,849374,0x910598a12c397fe5568e6528c94ac33a4abd2658,40,female,Dr. Sunita Narang,0xBcd4042DE499D14e55001CcbB24a551F3b954096,Max Super Speciality Cancer Institute,Microbiology Tests,Dengue Duo NS1 Ag + IgM/IgG Antibody ELISA,Serum,"Dengue NS1 Antigen: POSITIVE, IgM: Reactive",Non-Reactive / Negative,POSITIVE_ABNORMAL,Medium,1400,Diagnostic Laboratory Reports,Consent Verified (Active on Blockchain),AES-256-GCM,vault-transit-key-0x910598a1,Qm5db260af379095069c6239d4931eb234faf78f48a740,Pinata Dedicated IPFS Gateway,0.0.4891024,5774,2026-09-13 12:15:42 UTC,0xdd625a77bcb0f6f7139cf6a2d318abe713d8cc6681082487826b4e863c4cef71,0.0001
LAB-REP-00775,ACC-LAB-002-000775,Dr. Lal PathLabs Central Reference Hub,0x976EA74026E726554dB657fA54763abd0C3a0aa9,NABL-MC-1044,"Dr. Arvind Lal, FRCPath",Vikas Joshi,849375,0xa11a54ef4086bf609e5bde30e5adfaef55c2003b,41,male,Dr. Vikram Seth,0x15d34AAf54267DB7D7c367839AAf71A00a2C6A65,Fortis Memorial Neuro & Trauma Center,Metabolic Panel,Comprehensive Metabolic Panel (CMP),Serum,"Na: 138 mmol/L, K: 4.1 mmol/L, Creat: 1.05 mg/dL","Na: 135-145, K: 3.5-5.0, Creatinine: 0.7-1.3 mg/dL",NORMAL,Medium,1200,Diagnostic Laboratory Reports,Emergency Diagnostic Upload (Pending Verification),AES-256-GCM,vault-transit-key-0xa11a54ef,Qm66cc636e91a57eec986ebcfacfd6f8e7f5fc38053a8f,Pinata Dedicated IPFS Gateway,0.0.4891024,5775,2026-09-13 12:15:44 UTC,0xa1bfb844422471e91f11149db4fd43ede820aa2edda8002b58b6ef6edca365c1,0.0001
LAB-REP-00776,ACC-LAB-003-000776,Metropolis Healthcare Molecular Laboratory,0x14dC79964da2C08b23698B3D3cc7Ca32193d9955,NABL-MC-3819,"Dr. Nilesh Shah, MD",Meera Joshi,849376,0x92baff9c3f92825435e0c1afb4fd664c55f5bb6c,42,female,Dr. Vikram Seth,0x15d34AAf54267DB7D7c367839AAf71A00a2C6A65,Care & Cure Pediatric & Maternity Hospital,Lipid Profile,Comprehensive Lipid Panel,Serum (Fasting 12h),"Total Chol: 235 mg/dL (High), LDL: 155 mg/dL, TG: 180 mg/dL","Chol: <200 mg/dL, HDL: >40 mg/dL, LDL: <100 mg/dL, TG: <150 mg/dL",HIGH,Low,850,Diagnostic Laboratory Reports,Emergency Diagnostic Upload (Pending Verification),AES-256-GCM,vault-transit-key-0x92baff9c,Qma5de2fd85bad79eb95c71a89b1c83ba4216aecb38bf6,Pinata Dedicated IPFS Gateway,0.0.4891024,5776,2026-09-13 12:15:46 UTC,0x9e7ce11b97d1167f443d1d273f7a233e90eefacdba74e6f9d9389f52abfc2716,0.0001
LAB-REP-00777,ACC-LAB-004-000777,Apollo Diagnostics Advanced Enclave,0x23618e81E3f5cdF7f54C3d65f7FBc0aBf5B21E8f,NABL-MC-5102,"Dr. Shanti Swaminathan, MD",Madhav Reddy,849377,0x0dc9cdbb01ecbcad7a5c2369a2e2e996e1052f91,43,male,Dr. Rajesh Sharma,0x3c44CdDdB6a900fa2b585dd299e03d12FA4293BC,Apex Diagnostic & Pathology Hub,Imaging / Radiology,Whole Body PET-CT Oncology Scan,18F-FDG Radiotracer DICOM,"Hypermetabolic primary lesion, SUVmax 9.2, no distant metastases","Physiological FDG biodistribution, no hypermetabolic malignancy",ABNORMAL_FINDING,High - Genomic/Oncology,18500,Diagnostic Laboratory Reports,Consent Verified (Active on Blockchain),AES-256-GCM,vault-transit-key-0x0dc9cdbb,Qmacf91004bec6b11b6ff3e390bbf17ea52e7fe698e161,Pinata Dedicated IPFS Gateway,0.0.4891024,5777,2026-09-13 12:15:48 UTC,0x38972294e45b18de8505ebc2b2dc7d1658b496118e8b8328adff7f7d074930d8,0.0001
LAB-REP-00778,ACC-LAB-004-000778,Apollo Diagnostics Advanced Enclave,0x23618e81E3f5cdF7f54C3d65f7FBc0aBf5B21E8f,NABL-MC-5102,"Dr. Shanti Swaminathan, MD",Aarav Iyer,849378,0xa98cc8ec690c5b83bfca17cb39071d849a6f9657,44,female,Dr. Sunita Narang,0xBcd4042DE499D14e55001CcbB24a551F3b954096,Apex Diagnostic & Pathology Hub,Liver Function Tests,Liver Function Profile (LFT),Serum,"ALT: 88 U/L (High), AST: 74 U/L (High), Total Bili: 1.8 mg/dL","ALT: 7-56 U/L, AST: 10-40 U/L, Bilirubin: 0.1-1.2 mg/dL",HIGH,Low,950,Diagnostic Laboratory Reports,Consent Verified (Active on Blockchain),AES-256-GCM,vault-transit-key-0xa98cc8ec,Qm2178a63598a52530c69f4f94741ae0b959f879f8f242,Pinata Dedicated IPFS Gateway,0.0.4891024,5778,2026-09-13 12:15:51 UTC,0x1e6071e15df9825d02c5b526e89fa13e674242f2b676dc1a01dd9cfccf29e327,0.0001
LAB-REP-00779,ACC-LAB-001-000779,Apex Diagnostic Reference Labs,0x04Fee3FD1B338d12FFD6dBD8d66dE1e8e0BB99cB,NABL-MC-2091,"Dr. Sunita Narang, MD Path",Divya Shetty,849379,0xf8bbf7bca2a0621a3ff8a475c9aa0ddcb64bf780,45,male,Dr. Rajesh Sharma,0x3c44CdDdB6a900fa2b585dd299e03d12FA4293BC,Care & Cure Pediatric & Maternity Hospital,Imaging / Radiology,High-Resolution Non-Contrast Brain CT Scan,Radiological DICOM Imaging,"Small left temporal hemorrhagic contusion, no mass effect",No acute intracranial hemorrhage or midline shift,ABNORMAL_FINDING,Medium,3200,Diagnostic Laboratory Reports,Emergency Diagnostic Upload (Pending Verification),AES-256-GCM,vault-transit-key-0xf8bbf7bc,Qm557252dca207548f96ca5007c0052317e94615bfa841,Pinata Dedicated IPFS Gateway,0.0.4891024,5779,2026-09-13 12:15:53 UTC,0x9638b4e75306517b3c20f0af76191b178192691c1e13742ef8e13d8ae3cfc94f,0.0001
LAB-REP-00780,ACC-LAB-004-000780,Apollo Diagnostics Advanced Enclave,0x23618e81E3f5cdF7f54C3d65f7FBc0aBf5B21E8f,NABL-MC-5102,"Dr. Shanti Swaminathan, MD",Riya Saxena,849380,0xd74f19e046a6f68207917e3941f3cb7d40d048b7,46,female,Dr. Sarah Jenkins,0x04Fee3FD1B338d12FFD6dBD8d66dE1e8e0BB99cB,Apex Diagnostic & Pathology Hub,Endocrinology Tests,HbA1c Glycated Hemoglobin,Whole Blood (EDTA),HbA1c: 7.6% (Diabetic Range),"<5.7% Normal, 5.7-6.4% Prediabetes, >=6.5% Diabetes",HIGH,Low,650,Diagnostic Laboratory Reports,Consent Verified (Active on Blockchain),AES-256-GCM,vault-transit-key-0xd74f19e0,Qm0e0f8c7f61049586055feabf59858a86c1ca39167d46,Pinata Dedicated IPFS Gateway,0.0.4891024,5780,2026-09-13 12:15:55 UTC,0xf89c8ca8765cd8f76db025222078020f1f37884227a736ba8754c97e36186b24,0.0001
LAB-REP-00781,ACC-LAB-005-000781,SRL Diagnostics Regional Core Lab,0xa0Ee7A142d267C1f36714E4a8F75612F20a79720,NABL-MC-4491,"Dr. Ramesh Sarin, DNB Path",Aditi Kapoor,849381,0xfceb1172375af63550c245f94dafaf800994812e,47,male,Dr. Rajesh Sharma,0x3c44CdDdB6a900fa2b585dd299e03d12FA4293BC,Max Super Speciality Cancer Institute,Kidney Function Tests,Renal Function Profile (KFT),Serum,"BUN: 14 mg/dL, Creatinine: 0.9 mg/dL, eGFR: 92 mL/min","BUN: 7-20 mg/dL, Creatinine: 0.6-1.2 mg/dL, eGFR: >60 mL/min",NORMAL,Low,850,Diagnostic Laboratory Reports,Consent Verified (Active on Blockchain),AES-256-GCM,vault-transit-key-0xfceb1172,Qm79ab2a045a2e0c535ea071b0409d86b369bcbf739bff,Pinata Dedicated IPFS Gateway,0.0.4891024,5781,2026-09-13 12:15:57 UTC,0xa1b5e8a313944bec40ea31964f0f44a3d86ae636adfa7a03c22d498f80f4a735,0.0001
LAB-REP-00782,ACC-LAB-002-000782,Dr. Lal PathLabs Central Reference Hub,0x976EA74026E726554dB657fA54763abd0C3a0aa9,NABL-MC-1044,"Dr. Arvind Lal, FRCPath",Siddharth Reddy,849382,0x052503f3afaa7726ba7ef7a2369b5f9658deaa3f,48,female,Dr. Vikram Seth,0x15d34AAf54267DB7D7c367839AAf71A00a2C6A65,Apex Diagnostic & Pathology Hub,Blood Tests,Complete Blood Count (CBC),Whole Blood (EDTA),"Hb: 13.5 g/dL, WBC: 7200 /uL, Platelets: 2.4 Lakhs/uL (Borderline clinical correlation advised)","Hb: 12-16 g/dL, WBC: 4000-11000 /uL, Platelets: 1.5-4.5 Lakhs/uL",BORDERLINE,Low,450,Diagnostic Laboratory Reports,Consent Verified (Active on Blockchain),AES-256-GCM,vault-transit-key-0x052503f3,Qm8ed990ced29a94e77e4e8f8f93239a041d8f8af4b3b7,Pinata Dedicated IPFS Gateway,0.0.4891024,5782,2026-09-13 12:15:59 UTC,0xa2b87dc011a9e7324de7852110e146361e60d0258591ed43d520609f1103d189,0.0001
LAB-REP-00783,ACC-LAB-003-000783,Metropolis Healthcare Molecular Laboratory,0x14dC79964da2C08b23698B3D3cc7Ca32193d9955,NABL-MC-3819,"Dr. Nilesh Shah, MD",Kiran Agarwal,849383,0x0c8ae18a67f254a60543172cbf4eb736f1e584b9,49,male,Dr. Preeti Deshmukh,0x23618e81E3f5cdF7f54C3d65f7FBc0aBf5B21E8f,Apex Diagnostic & Pathology Hub,Blood Tests,Complete Blood Count (CBC),Whole Blood (EDTA),"Hb: 13.5 g/dL, WBC: 7200 /uL, Platelets: 2.4 Lakhs/uL","Hb: 12-16 g/dL, WBC: 4000-11000 /uL, Platelets: 1.5-4.5 Lakhs/uL",NORMAL,Low,450,Diagnostic Laboratory Reports,Consent Verified (Active on Blockchain),AES-256-GCM,vault-transit-key-0x0c8ae18a,Qmc2527183b861e908c6edafca12269973608112190639,Pinata Dedicated IPFS Gateway,0.0.4891024,5783,2026-09-13 12:16:02 UTC,0x3ce55ad06011d27f6f77541f696ff0a8c39965c2b7abf25e166ace8f823fed0c,0.0001
LAB-REP-00784,ACC-LAB-003-000784,Metropolis Healthcare Molecular Laboratory,0x14dC79964da2C08b23698B3D3cc7Ca32193d9955,NABL-MC-3819,"Dr. Nilesh Shah, MD",Pranav Deshmukh,849384,0x0740f6b203ff48319157a38a9312b9b659e63989,50,female,Dr. Rajesh Sharma,0x3c44CdDdB6a900fa2b585dd299e03d12FA4293BC,Care & Cure Pediatric & Maternity Hospital,Pathology / Biopsy,Core Needle Biopsy Histopathology & Immunohistochemistry,Tissue Biopsy in 10% Formalin,"Infiltrating Ductal Carcinoma Grade 2, ER 85%+, PR 60%+, HER2/neu Negative",Benign / No malignancy,MALIGNANT_POSITIVE,High - Genomic/Oncology,4500,Diagnostic Laboratory Reports,Consent Verified (Active on Blockchain),AES-256-GCM,vault-transit-key-0x0740f6b2,Qm81294ce6bc31f19342ddd6268228f357a1c28dac9279,Pinata Dedicated IPFS Gateway,0.0.4891024,5784,2026-09-13 12:16:04 UTC,0x08453e800fa014adc9932a534b985a00f476b4b65396929936662b282ea917e0,0.0001
LAB-REP-00785,ACC-LAB-003-000785,Metropolis Healthcare Molecular Laboratory,0x14dC79964da2C08b23698B3D3cc7Ca32193d9955,NABL-MC-3819,"Dr. Nilesh Shah, MD",Pooja Shetty,849385,0x4f9f8c820d5fd1a8c56f570a10a581e342eb4af5,51,male,Dr. Rohan Patel,0x976EA74026E726554dB657fA54763abd0C3a0aa9,Apollo Multispecialty Hospital,Liver Function Tests,Liver Function Profile (LFT),Serum,"ALT: 88 U/L (High), AST: 74 U/L (High), Total Bili: 1.8 mg/dL","ALT: 7-56 U/L, AST: 10-40 U/L, Bilirubin: 0.1-1.2 mg/dL",HIGH,Low,950,Diagnostic Laboratory Reports,Consent Verified (Active on Blockchain),AES-256-GCM,vault-transit-key-0x4f9f8c82,Qm40818663ed961afc529af53f4a9c657d9f2b0d603512,Pinata Dedicated IPFS Gateway,0.0.4891024,5785,2026-09-13 12:16:06 UTC,0xd467459b3a6757b93c43fbe3ecefba360093b8da079e361758c51be777242965,0.0001
LAB-REP-00786,ACC-LAB-003-000786,Metropolis Healthcare Molecular Laboratory,0x14dC79964da2C08b23698B3D3cc7Ca32193d9955,NABL-MC-3819,"Dr. Nilesh Shah, MD",Geeta Hegde,849386,0x06ab43ead0a122ac2634388f4b2abc31a0278c6f,52,female,Dr. Sarah Jenkins,0x04Fee3FD1B338d12FFD6dBD8d66dE1e8e0BB99cB,Apollo Multispecialty Hospital,Blood Tests,Thrombocytopenia Platelet Monitoring,Whole Blood (EDTA),"Platelets: 42,000 /uL (Severe Low)","Platelets: 150,000 - 450,000 /uL",CRITICAL_ALERT,Low,350,Diagnostic Laboratory Reports,Emergency Diagnostic Upload (Pending Verification),AES-256-GCM,vault-transit-key-0x06ab43ea,Qm7bc26460a1fabc88cd4f9c952bbc89f2fcac953cbfda,Pinata Dedicated IPFS Gateway,0.0.4891024,5786,2026-09-13 12:16:09 UTC,0x4f7749811da98e10a93992d65d788114f8c0910b6191d183881418dba088370f,0.0001
LAB-REP-00787,ACC-LAB-001-000787,Apex Diagnostic Reference Labs,0x04Fee3FD1B338d12FFD6dBD8d66dE1e8e0BB99cB,NABL-MC-2091,"Dr. Sunita Narang, MD Path",Madhav Iyer,849387,0xd99532e033575284e5d42cb6b534b804de10ccc9,53,male,Dr. Sarah Jenkins,0x04Fee3FD1B338d12FFD6dBD8d66dE1e8e0BB99cB,Fortis Memorial Neuro & Trauma Center,Cardiology Tests,High-Sensitivity Cardiac Troponin-I (hs-cTnI),Serum / Plasma,hs-cTnI: 1850 ng/L (Markedly Elevated Acute Myocardial Infarction),< 14 ng/L (99th Percentile Upper Reference Limit),CRITICAL_ALERT,Medium,1800,Diagnostic Laboratory Reports,Consent Verified (Active on Blockchain),AES-256-GCM,vault-transit-key-0xd99532e0,Qm363430adeed47b5bc39a9aa7814852ee7301f93fea2f,Pinata Dedicated IPFS Gateway,0.0.4891024,5787,2026-09-13 12:16:11 UTC,0x12488eafa2566f13f829670df931ef32129a3069c86168e8ed1aa5f993537f53,0.0001
LAB-REP-00788,ACC-LAB-005-000788,SRL Diagnostics Regional Core Lab,0xa0Ee7A142d267C1f36714E4a8F75612F20a79720,NABL-MC-4491,"Dr. Ramesh Sarin, DNB Path",Aarav Choudhury,849388,0xc0dcb656b8f5a60831481d74618441735133d023,54,female,Dr. Preeti Deshmukh,0x23618e81E3f5cdF7f54C3d65f7FBc0aBf5B21E8f,Apex Diagnostic & Pathology Hub,Pathology / Biopsy,Core Needle Biopsy Histopathology & Immunohistochemistry,Tissue Biopsy in 10% Formalin,"Infiltrating Ductal Carcinoma Grade 2, ER 85%+, PR 60%+, HER2/neu Negative",Benign / No malignancy,MALIGNANT_POSITIVE,High - Genomic/Oncology,4500,Diagnostic Laboratory Reports,Consent Verified (Active on Blockchain),AES-256-GCM,vault-transit-key-0xc0dcb656,Qmeb820c51788092ad06f9abc02df4fa829557e106fc93,Pinata Dedicated IPFS Gateway,0.0.4891024,5788,2026-09-13 12:16:13 UTC,0x5b85fffa6bd6c662e5656b82e4ae424a210e7121fcad069817e0f08d0d1fc087,0.0001
LAB-REP-00789,ACC-LAB-003-000789,Metropolis Healthcare Molecular Laboratory,0x14dC79964da2C08b23698B3D3cc7Ca32193d9955,NABL-MC-3819,"Dr. Nilesh Shah, MD",Aditi Verma,849389,0x95cbc852bf8121fc86ebbcf7ba5a61f0f2efebed,55,male,Dr. Preeti Deshmukh,0x23618e81E3f5cdF7f54C3d65f7FBc0aBf5B21E8f,Max Super Speciality Cancer Institute,Blood Tests,Complete Blood Count (CBC),Whole Blood (EDTA),"Hb: 13.5 g/dL, WBC: 7200 /uL, Platelets: 2.4 Lakhs/uL","Hb: 12-16 g/dL, WBC: 4000-11000 /uL, Platelets: 1.5-4.5 Lakhs/uL",NORMAL,Low,450,Diagnostic Laboratory Reports,Consent Verified (Active on Blockchain),AES-256-GCM,vault-transit-key-0x95cbc852,Qm0a48e6c929c0e492f5687ba3e018573da7855c299dd6,Pinata Dedicated IPFS Gateway,0.0.4891024,5789,2026-09-13 12:16:15 UTC,0xfb252d6fb26493ec2cce3534501596c4af86d6a74390ad8eac141ca655f654d3,0.0001
LAB-REP-00790,ACC-LAB-001-000790,Apex Diagnostic Reference Labs,0x04Fee3FD1B338d12FFD6dBD8d66dE1e8e0BB99cB,NABL-MC-2091,"Dr. Sunita Narang, MD Path",Tanvi Malhotra,849390,0xf72aed4c952640a1ea8789307b41ab8dbebe2884,56,female,Dr. Ananya Roy,0x9965507D1a55bcC2695C58ba16FB37d819B0A4dc,Apex Diagnostic & Pathology Hub,Blood Tests,Complete Blood Count (CBC),Whole Blood (EDTA),"Hb: 13.5 g/dL, WBC: 7200 /uL, Platelets: 2.4 Lakhs/uL","Hb: 12-16 g/dL, WBC: 4000-11000 /uL, Platelets: 1.5-4.5 Lakhs/uL",NORMAL,Low,450,Diagnostic Laboratory Reports,Consent Verified (Active on Blockchain),AES-256-GCM,vault-transit-key-0xf72aed4c,Qm76231922964a80015c7079a6e83d576e00bc32f914a4,Pinata Dedicated IPFS Gateway,0.0.4891024,5790,2026-09-13 12:16:18 UTC,0x4ef86f0881309b8b7705a69c1a64c36a123e163836929c59e1f37c7556fc5ad8,0.0001
LAB-REP-00791,ACC-LAB-002-000791,Dr. Lal PathLabs Central Reference Hub,0x976EA74026E726554dB657fA54763abd0C3a0aa9,NABL-MC-1044,"Dr. Arvind Lal, FRCPath",Madhav Verma,849391,0xa935c08eb60a38929eb089e79fe1b6d820b2ab7e,57,male,Dr. Vikram Seth,0x15d34AAf54267DB7D7c367839AAf71A00a2C6A65,Max Super Speciality Cancer Institute,Blood Tests,Thrombocytopenia Platelet Monitoring,Whole Blood (EDTA),"Platelets: 42,000 /uL (Severe Low)","Platelets: 150,000 - 450,000 /uL",CRITICAL_ALERT,Low,350,Diagnostic Laboratory Reports,Emergency Diagnostic Upload (Pending Verification),AES-256-GCM,vault-transit-key-0xa935c08e,Qme013aee0bd2c63a378ada8e48d81b93278b985fc7e23,Pinata Dedicated IPFS Gateway,0.0.4891024,5791,2026-09-13 12:16:20 UTC,0x22d5d20cda35708d32cd094ad8a3aac88c16ce959778fbedba4ad1aaebf17429,0.0001
LAB-REP-00792,ACC-LAB-005-000792,SRL Diagnostics Regional Core Lab,0xa0Ee7A142d267C1f36714E4a8F75612F20a79720,NABL-MC-4491,"Dr. Ramesh Sarin, DNB Path",Nikhil Deshmukh,849392,0x6437261dca09786a6f8ba50f72918e8f460fa927,58,female,Dr. Preeti Deshmukh,0x23618e81E3f5cdF7f54C3d65f7FBc0aBf5B21E8f,Fortis Memorial Neuro & Trauma Center,Liver Function Tests,Liver Function Profile (LFT),Serum,"ALT: 88 U/L (High), AST: 74 U/L (High), Total Bili: 1.8 mg/dL","ALT: 7-56 U/L, AST: 10-40 U/L, Bilirubin: 0.1-1.2 mg/dL",HIGH,Low,950,Diagnostic Laboratory Reports,Consent Verified (Active on Blockchain),AES-256-GCM,vault-transit-key-0x6437261d,Qm1e98d00f12ce0ee25fbe206f6fe8919b400df049364b,Pinata Dedicated IPFS Gateway,0.0.4891024,5792,2026-09-13 12:16:22 UTC,0x5caa3b624c79aad66fc5f795d9d77eb7aa40bde82f36c640adb059c9c72dad60,0.0001
LAB-REP-00793,ACC-LAB-003-000793,Metropolis Healthcare Molecular Laboratory,0x14dC79964da2C08b23698B3D3cc7Ca32193d9955,NABL-MC-3819,"Dr. Nilesh Shah, MD",Arjun Iyer,849393,0x7d4c176043b5bf1b999a5c91a3d3a4e7bfa27317,59,male,Dr. Rajesh Sharma,0x3c44CdDdB6a900fa2b585dd299e03d12FA4293BC,Apollo Multispecialty Hospital,Endocrinology Tests,HbA1c Glycated Hemoglobin,Whole Blood (EDTA),HbA1c: 7.6% (Diabetic Range),"<5.7% Normal, 5.7-6.4% Prediabetes, >=6.5% Diabetes",HIGH,Low,650,Diagnostic Laboratory Reports,Consent Verified (Active on Blockchain),AES-256-GCM,vault-transit-key-0x7d4c1760,Qm8407934f4ca200132af5800b57926098a875e7925ed2,Pinata Dedicated IPFS Gateway,0.0.4891024,5793,2026-09-13 12:16:24 UTC,0xcd037bf7fa5cee8ecaece855a2222e5b080a987e998608c54416128fe2358878,0.0001
LAB-REP-00794,ACC-LAB-001-000794,Apex Diagnostic Reference Labs,0x04Fee3FD1B338d12FFD6dBD8d66dE1e8e0BB99cB,NABL-MC-2091,"Dr. Sunita Narang, MD Path",Kiran Shetty,849394,0x04442b3a8a7f6f94aa2b9f41da7cc94d16e59ca1,60,female,Dr. Ananya Roy,0x9965507D1a55bcC2695C58ba16FB37d819B0A4dc,Apex Diagnostic & Pathology Hub,Blood Tests,Thrombocytopenia Platelet Monitoring,Whole Blood (EDTA),"Platelets: 42,000 /uL (Severe Low)","Platelets: 150,000 - 450,000 /uL",CRITICAL_ALERT,Low,350,Diagnostic Laboratory Reports,Consent Verified (Active on Blockchain),AES-256-GCM,vault-transit-key-0x04442b3a,Qm691d1b04f259c4868fef9bf6ba352cc7dd8479fef6b8,Pinata Dedicated IPFS Gateway,0.0.4891024,5794,2026-09-13 12:16:27 UTC,0x18189cadd99b99acfa69636f5cfa4b46585b206532f7b518302be264280a6dfa,0.0001
LAB-REP-00795,ACC-LAB-001-000795,Apex Diagnostic Reference Labs,0x04Fee3FD1B338d12FFD6dBD8d66dE1e8e0BB99cB,NABL-MC-2091,"Dr. Sunita Narang, MD Path",Siddharth Verma,849395,0x0f499929a2616a77055b655563b665c66027c24b,61,male,Dr. Vikram Seth,0x15d34AAf54267DB7D7c367839AAf71A00a2C6A65,Care & Cure Pediatric & Maternity Hospital,Blood Tests,Thrombocytopenia Platelet Monitoring,Whole Blood (EDTA),"Platelets: 42,000 /uL (Severe Low)","Platelets: 150,000 - 450,000 /uL",CRITICAL_ALERT,Low,350,Diagnostic Laboratory Reports,Emergency Diagnostic Upload (Pending Verification),AES-256-GCM,vault-transit-key-0x0f499929,Qmb6e2af208b8b347bc2f45ef62309acce8243859c1b48,Pinata Dedicated IPFS Gateway,0.0.4891024,5795,2026-09-13 12:16:28 UTC,0x6223acbe68712f9443b75151bfded0f3da7585966cbd45206a867a3c2f0c9d1c,0.0001
LAB-REP-00796,ACC-LAB-002-000796,Dr. Lal PathLabs Central Reference Hub,0x976EA74026E726554dB657fA54763abd0C3a0aa9,NABL-MC-1044,"Dr. Arvind Lal, FRCPath",Anand Reddy,849396,0x23a85d4e98260edff83dfa091f497a9d24353206,62,female,Dr. Rajesh Sharma,0x3c44CdDdB6a900fa2b585dd299e03d12FA4293BC,Apollo Multispecialty Hospital,Microbiology Tests,Dengue Duo NS1 Ag + IgM/IgG Antibody ELISA,Serum,"Dengue NS1 Antigen: POSITIVE, IgM: Reactive",Non-Reactive / Negative,POSITIVE_ABNORMAL,Medium,1400,Diagnostic Laboratory Reports,Consent Verified (Active on Blockchain),AES-256-GCM,vault-transit-key-0x23a85d4e,Qme77b5dadc2b194a0f167c5a6145db18f970b5e853d5d,Pinata Dedicated IPFS Gateway,0.0.4891024,5796,2026-09-13 12:16:31 UTC,0xb7a4acaaf8dff8e25d6e5d3e3f130b8fb16c016de4d96e2320156f3f3015de64,0.0001
LAB-REP-00797,ACC-LAB-003-000797,Metropolis Healthcare Molecular Laboratory,0x14dC79964da2C08b23698B3D3cc7Ca32193d9955,NABL-MC-3819,"Dr. Nilesh Shah, MD",Aditi Gupta,849397,0xd4d2eb056c675468f3044a8c73211c477ea49fd0,63,male,Dr. Ananya Roy,0x9965507D1a55bcC2695C58ba16FB37d819B0A4dc,Apollo Multispecialty Hospital,Metabolic Panel,Comprehensive Metabolic Panel (CMP),Serum,"Na: 138 mmol/L, K: 4.1 mmol/L, Creat: 1.05 mg/dL","Na: 135-145, K: 3.5-5.0, Creatinine: 0.7-1.3 mg/dL",NORMAL,Medium,1200,Diagnostic Laboratory Reports,Consent Verified (Active on Blockchain),AES-256-GCM,vault-transit-key-0xd4d2eb05,Qmf30efe96a8527dcff79a6fb588bbed72fabdd854d828,Pinata Dedicated IPFS Gateway,0.0.4891024,5797,2026-09-13 12:16:34 UTC,0x631d8ff309bb9bc2d80d86b3ff6dfdc5ff0c89bda251283907f23836f09a7d65,0.0001
LAB-REP-00798,ACC-LAB-001-000798,Apex Diagnostic Reference Labs,0x04Fee3FD1B338d12FFD6dBD8d66dE1e8e0BB99cB,NABL-MC-2091,"Dr. Sunita Narang, MD Path",Divya Choudhury,849398,0x6ea6b0358244739fb51db5f7ecd68f8ee42a3b0c,64,female,Dr. Sarah Jenkins,0x04Fee3FD1B338d12FFD6dBD8d66dE1e8e0BB99cB,Max Super Speciality Cancer Institute,Cardiology Tests,High-Sensitivity Cardiac Troponin-I (hs-cTnI),Serum / Plasma,hs-cTnI: 1850 ng/L (Markedly Elevated Acute Myocardial Infarction),< 14 ng/L (99th Percentile Upper Reference Limit),CRITICAL_ALERT,Medium,1800,Diagnostic Laboratory Reports,Consent Verified (Active on Blockchain),AES-256-GCM,vault-transit-key-0x6ea6b035,Qmdb9bfa5dd45aa47d8b0e01ebbe0f61e8bc76339c984d,Pinata Dedicated IPFS Gateway,0.0.4891024,5798,2026-09-13 12:16:36 UTC,0x90dc16b2e34371b54ac48c01c4291aed0a17dc4909d7b522f94930a846cac2f0,0.0001
LAB-REP-00799,ACC-LAB-002-000799,Dr. Lal PathLabs Central Reference Hub,0x976EA74026E726554dB657fA54763abd0C3a0aa9,NABL-MC-1044,"Dr. Arvind Lal, FRCPath",Rohan Mehta,849399,0xc61e3514dd235c99014f240f414d51c591d268a5,65,male,Dr. Ananya Roy,0x9965507D1a55bcC2695C58ba16FB37d819B0A4dc,Apollo Multispecialty Hospital,Imaging / Radiology,Whole Body PET-CT Oncology Scan,18F-FDG Radiotracer DICOM,"Hypermetabolic primary lesion, SUVmax 9.2, no distant metastases","Physiological FDG biodistribution, no hypermetabolic malignancy",ABNORMAL_FINDING,High - Genomic/Oncology,18500,Diagnostic Laboratory Reports,Emergency Diagnostic Upload (Pending Verification),AES-256-GCM,vault-transit-key-0xc61e3514,Qm8c07eecafb37218fa6d57fdfbbf45216a6648f504de1,Pinata Dedicated IPFS Gateway,0.0.4891024,5799,2026-09-13 12:16:38 UTC,0x338f3bf58e2f72b9d12a04ea21b586e40bbb2dd6ed73b42e0fec0ada15a64177,0.0001
LAB-REP-00800,ACC-LAB-005-000800,SRL Diagnostics Regional Core Lab,0xa0Ee7A142d267C1f36714E4a8F75612F20a79720,NABL-MC-4491,"Dr. Ramesh Sarin, DNB Path",Varun Chatterjee,849400,0x03f28f42fe5e33b4e0855d9a70599701efdbe3cf,66,female,Dr. Vikram Seth,0x15d34AAf54267DB7D7c367839AAf71A00a2C6A65,Care & Cure Pediatric & Maternity Hospital,Endocrinology Tests,HbA1c Glycated Hemoglobin,Whole Blood (EDTA),HbA1c: 7.6% (Diabetic Range),"<5.7% Normal, 5.7-6.4% Prediabetes, >=6.5% Diabetes",HIGH,Low,650,Diagnostic Laboratory Reports,Consent Verified (Active on Blockchain),AES-256-GCM,vault-transit-key-0x03f28f42,Qm15b1293f114e869b9d0a8287f0cec17940c5852a53db,Pinata Dedicated IPFS Gateway,0.0.4891024,5800,2026-09-13 12:16:40 UTC,0xe06539af00f71748e47775a79f0eceb42e445f667a1f4756b6c44ccdefbd44f4,0.0001
LAB-REP-00801,ACC-LAB-001-000801,Apex Diagnostic Reference Labs,0x04Fee3FD1B338d12FFD6dBD8d66dE1e8e0BB99cB,NABL-MC-2091,"Dr. Sunita Narang, MD Path",Nikhil Agarwal,849401,0x627dc4e5a0efba687691e01b3b9d3121c928affd,67,male,Dr. Rajesh Sharma,0x3c44CdDdB6a900fa2b585dd299e03d12FA4293BC,Apex Diagnostic & Pathology Hub,Imaging / Radiology,Whole Body PET-CT Oncology Scan,18F-FDG Radiotracer DICOM,"Hypermetabolic primary lesion, SUVmax 9.2, no distant metastases","Physiological FDG biodistribution, no hypermetabolic malignancy",ABNORMAL_FINDING,High - Genomic/Oncology,18500,Diagnostic Laboratory Reports,Emergency Diagnostic Upload (Pending Verification),AES-256-GCM,vault-transit-key-0x627dc4e5,Qm06121cef5ca1b12017bc127f5079d192f845c789800f,Pinata Dedicated IPFS Gateway,0.0.4891024,5801,2026-09-13 12:16:42 UTC,0x71b249a5d8b994544acd1e683602f10c3fbc8487d1f1c9fff8bbd84ae5e59fd8,0.0001
LAB-REP-00802,ACC-LAB-005-000802,SRL Diagnostics Regional Core Lab,0xa0Ee7A142d267C1f36714E4a8F75612F20a79720,NABL-MC-4491,"Dr. Ramesh Sarin, DNB Path",Anand Choudhury,849402,0x7507620754cb2430e3ed91c664ba557228d43466,68,female,Dr. Sarah Jenkins,0x04Fee3FD1B338d12FFD6dBD8d66dE1e8e0BB99cB,Care & Cure Pediatric & Maternity Hospital,Blood Tests,Thrombocytopenia Platelet Monitoring,Whole Blood (EDTA),"Platelets: 42,000 /uL (Severe Low)","Platelets: 150,000 - 450,000 /uL",CRITICAL_ALERT,Low,350,Diagnostic Laboratory Reports,Consent Verified (Active on Blockchain),AES-256-GCM,vault-transit-key-0x75076207,Qm465704a3493c40ffc3200461e10e4efd49687598e1b6,Pinata Dedicated IPFS Gateway,0.0.4891024,5802,2026-09-13 12:16:44 UTC,0x053f28a2d8a6b7d7456ce5cdcfc499bdb974dda0bc06c2fc6b5162ef1fd12362,0.0001
LAB-REP-00803,ACC-LAB-002-000803,Dr. Lal PathLabs Central Reference Hub,0x976EA74026E726554dB657fA54763abd0C3a0aa9,NABL-MC-1044,"Dr. Arvind Lal, FRCPath",Meera Rao,849403,0x756917e2b642079343e40dc591a21d88dc20d039,69,male,Dr. Sarah Jenkins,0x04Fee3FD1B338d12FFD6dBD8d66dE1e8e0BB99cB,Fortis Memorial Neuro & Trauma Center,Liver Function Tests,Liver Function Profile (LFT),Serum,"ALT: 88 U/L (High), AST: 74 U/L (High), Total Bili: 1.8 mg/dL","ALT: 7-56 U/L, AST: 10-40 U/L, Bilirubin: 0.1-1.2 mg/dL",HIGH,Low,950,Diagnostic Laboratory Reports,Emergency Diagnostic Upload (Pending Verification),AES-256-GCM,vault-transit-key-0x756917e2,Qm1255f1120f4bead5946385859f2f400a1be18676bb3a,Pinata Dedicated IPFS Gateway,0.0.4891024,5803,2026-09-13 12:16:46 UTC,0xecf98fe98711d38a3b26d3dc92496a2f9ab16ad41aefd2ef883f870c009c67ba,0.0001
LAB-REP-00804,ACC-LAB-003-000804,Metropolis Healthcare Molecular Laboratory,0x14dC79964da2C08b23698B3D3cc7Ca32193d9955,NABL-MC-3819,"Dr. Nilesh Shah, MD",Priyanka Patel,849404,0x6d1b9b5f6ef2c279086f22a87c98d77237177232,70,female,Dr. Rajesh Sharma,0x3c44CdDdB6a900fa2b585dd299e03d12FA4293BC,Fortis Memorial Neuro & Trauma Center,Blood Tests,Complete Blood Count (CBC),Whole Blood (EDTA),"Hb: 13.5 g/dL, WBC: 7200 /uL, Platelets: 2.4 Lakhs/uL","Hb: 12-16 g/dL, WBC: 4000-11000 /uL, Platelets: 1.5-4.5 Lakhs/uL",NORMAL,Low,450,Diagnostic Laboratory Reports,Consent Verified (Active on Blockchain),AES-256-GCM,vault-transit-key-0x6d1b9b5f,Qm3d9bc345703a7cc06fc11826ca70aa8b0312473e9064,Pinata Dedicated IPFS Gateway,0.0.4891024,5804,2026-09-13 12:16:49 UTC,0x18eab53d6a5da45a2d982e984b31fc1a7a6ab9650c763ee0b226776d72c3ccc0,0.0001
LAB-REP-00805,ACC-LAB-001-000805,Apex Diagnostic Reference Labs,0x04Fee3FD1B338d12FFD6dBD8d66dE1e8e0BB99cB,NABL-MC-2091,"Dr. Sunita Narang, MD Path",Neha Joshi,849405,0x106cae289b3b0f52196c8f5f1ec39b06ce4b64a2,71,male,Dr. Ananya Roy,0x9965507D1a55bcC2695C58ba16FB37d819B0A4dc,Apex Diagnostic & Pathology Hub,Liver Function Tests,Liver Function Profile (LFT),Serum,"ALT: 88 U/L (High), AST: 74 U/L (High), Total Bili: 1.8 mg/dL","ALT: 7-56 U/L, AST: 10-40 U/L, Bilirubin: 0.1-1.2 mg/dL",HIGH,Low,950,Diagnostic Laboratory Reports,Consent Verified (Active on Blockchain),AES-256-GCM,vault-transit-key-0x106cae28,Qmb07bc23e78d4dc7c4f9d96232d638203b183cbb3ff21,Pinata Dedicated IPFS Gateway,0.0.4891024,5805,2026-09-13 12:16:51 UTC,0x56c79ad75c43ac1376546ac30fa0bc0fd343f73bd7877e161addf0e4bba35c66,0.0001
LAB-REP-00806,ACC-LAB-002-000806,Dr. Lal PathLabs Central Reference Hub,0x976EA74026E726554dB657fA54763abd0C3a0aa9,NABL-MC-1044,"Dr. Arvind Lal, FRCPath",Meera Mehta,849406,0xba6ded7cf0f9cdf5dff9fd0db0c749ddaf780f48,72,female,Dr. Sunita Narang,0xBcd4042DE499D14e55001CcbB24a551F3b954096,Care & Cure Pediatric & Maternity Hospital,Imaging / Radiology,High-Resolution Non-Contrast Brain CT Scan,Radiological DICOM Imaging,"Small left temporal hemorrhagic contusion, no mass effect",No acute intracranial hemorrhage or midline shift,ABNORMAL_FINDING,Medium,3200,Diagnostic Laboratory Reports,Consent Verified (Active on Blockchain),AES-256-GCM,vault-transit-key-0xba6ded7c,Qm922e162b16df91176840f6f9f14008f5ec4851e3733a,Pinata Dedicated IPFS Gateway,0.0.4891024,5806,2026-09-13 12:16:53 UTC,0x4a6ad0fa9966b5d77a4790bc33b745ebbfe96b5c02fd3616e6c983b762064f25,0.0001
LAB-REP-00807,ACC-LAB-003-000807,Metropolis Healthcare Molecular Laboratory,0x14dC79964da2C08b23698B3D3cc7Ca32193d9955,NABL-MC-3819,"Dr. Nilesh Shah, MD",Aarav Gupta,849407,0x0beff2b31359e1cedea20bf46ee3b6ec6d3cfa5e,73,male,Dr. Vikram Seth,0x15d34AAf54267DB7D7c367839AAf71A00a2C6A65,Care & Cure Pediatric & Maternity Hospital,Imaging / Radiology,High-Resolution Non-Contrast Brain CT Scan,Radiological DICOM Imaging,"Small left temporal hemorrhagic contusion, no mass effect",No acute intracranial hemorrhage or midline shift,ABNORMAL_FINDING,Medium,3200,Diagnostic Laboratory Reports,Consent Verified (Active on Blockchain),AES-256-GCM,vault-transit-key-0x0beff2b3,Qm2a79f280c0e6980798e39ad1990d46694f3c180a0baa,Pinata Dedicated IPFS Gateway,0.0.4891024,5807,2026-09-13 12:16:56 UTC,0x5aac08ea8d70b97a4d7e55547cc3d9d1346b51b5b75146eccf6b814ee9b179ed,0.0001
LAB-REP-00808,ACC-LAB-005-000808,SRL Diagnostics Regional Core Lab,0xa0Ee7A142d267C1f36714E4a8F75612F20a79720,NABL-MC-4491,"Dr. Ramesh Sarin, DNB Path",Yashwanth Saxena,849408,0xad23638d1e1d42cd8732041502d12545843095a3,74,female,Dr. Rohan Patel,0x976EA74026E726554dB657fA54763abd0C3a0aa9,Apex Diagnostic & Pathology Hub,Liver Function Tests,Liver Function Profile (LFT),Serum,"ALT: 88 U/L (High), AST: 74 U/L (High), Total Bili: 1.8 mg/dL","ALT: 7-56 U/L, AST: 10-40 U/L, Bilirubin: 0.1-1.2 mg/dL",HIGH,Low,950,Diagnostic Laboratory Reports,Consent Verified (Active on Blockchain),AES-256-GCM,vault-transit-key-0xad23638d,Qm5f5e185cd6bccb420963c5339e2890c3c77430864c5c,Pinata Dedicated IPFS Gateway,0.0.4891024,5808,2026-09-13 12:16:58 UTC,0xf0569a5cd118983cac46e76a34e67ce93fd1ee269dac1149a366ac3d01f7a141,0.0001
LAB-REP-00809,ACC-LAB-005-000809,SRL Diagnostics Regional Core Lab,0xa0Ee7A142d267C1f36714E4a8F75612F20a79720,NABL-MC-4491,"Dr. Ramesh Sarin, DNB Path",Varun Joshi,849409,0xced7787fd97a57854b28eb29b8d0d8c752607147,75,male,Dr. Vikram Seth,0x15d34AAf54267DB7D7c367839AAf71A00a2C6A65,Apex Diagnostic & Pathology Hub,Microbiology Tests,Dengue Duo NS1 Ag + IgM/IgG Antibody ELISA,Serum,"Dengue NS1 Antigen: POSITIVE, IgM: Reactive",Non-Reactive / Negative,POSITIVE_ABNORMAL,Medium,1400,Diagnostic Laboratory Reports,Emergency Diagnostic Upload (Pending Verification),AES-256-GCM,vault-transit-key-0xced7787f,Qme995d62f0a76fa69a2cd8e01e79c5d4c434d21bf7291,Pinata Dedicated IPFS Gateway,0.0.4891024,5809,2026-09-13 12:17:00 UTC,0x2583a871a9c237b914b03d7062e36f9e289fedbc21be146dc1b3d2b2425ab037,0.0001
LAB-REP-00810,ACC-LAB-001-000810,Apex Diagnostic Reference Labs,0x04Fee3FD1B338d12FFD6dBD8d66dE1e8e0BB99cB,NABL-MC-2091,"Dr. Sunita Narang, MD Path",Pranav Verma,849410,0xd5c7897919380edb09106b9b3264f5bc2c755cbf,76,female,Dr. Vikram Seth,0x15d34AAf54267DB7D7c367839AAf71A00a2C6A65,Apollo Multispecialty Hospital,Microbiology Tests,Dengue Duo NS1 Ag + IgM/IgG Antibody ELISA,Serum,"Dengue NS1 Antigen: POSITIVE, IgM: Reactive",Non-Reactive / Negative,POSITIVE_ABNORMAL,Medium,1400,Diagnostic Laboratory Reports,Emergency Diagnostic Upload (Pending Verification),AES-256-GCM,vault-transit-key-0xd5c78979,Qm291a821ed2dec5bf2f6bcfe6fad879b64935f9c5edf1,Pinata Dedicated IPFS Gateway,0.0.4891024,5810,2026-09-13 12:17:03 UTC,0xfe3d20dc12f338e32c6eebd4611b172b270ac125ead8c3e6f98bdbae8e96b3ef,0.0001
LAB-REP-00811,ACC-LAB-004-000811,Apollo Diagnostics Advanced Enclave,0x23618e81E3f5cdF7f54C3d65f7FBc0aBf5B21E8f,NABL-MC-5102,"Dr. Shanti Swaminathan, MD",Sameer Kapoor,849411,0x412b8955970e89126be14834cfcfc1f888056c8c,77,male,Dr. Vikram Seth,0x15d34AAf54267DB7D7c367839AAf71A00a2C6A65,Care & Cure Pediatric & Maternity Hospital,Lipid Profile,Comprehensive Lipid Panel,Serum (Fasting 12h),"Total Chol: 235 mg/dL (High), LDL: 155 mg/dL, TG: 180 mg/dL","Chol: <200 mg/dL, HDL: >40 mg/dL, LDL: <100 mg/dL, TG: <150 mg/dL",HIGH,Low,850,Diagnostic Laboratory Reports,Consent Verified (Active on Blockchain),AES-256-GCM,vault-transit-key-0x412b8955,Qmc940cf7740612785662c9b4c2a559c8263451932f2ba,Pinata Dedicated IPFS Gateway,0.0.4891024,5811,2026-09-13 12:17:05 UTC,0x5f30b3971733666c54e99f345b682c5b660110c03ed440feb6b26ac29232900d,0.0001
LAB-REP-00812,ACC-LAB-002-000812,Dr. Lal PathLabs Central Reference Hub,0x976EA74026E726554dB657fA54763abd0C3a0aa9,NABL-MC-1044,"Dr. Arvind Lal, FRCPath",Bhavna Choudhury,849412,0x03022d20201b34ae2588e87460ba142b8d389963,78,female,Dr. Sunita Narang,0xBcd4042DE499D14e55001CcbB24a551F3b954096,Max Super Speciality Cancer Institute,Endocrinology Tests,"Thyroid Function Panel (TSH, Free T3, Free T4)",Serum,"TSH: 6.8 uIU/mL (Hypothyroid), FT4: 0.72 ng/dL (Low)","TSH: 0.45-4.5 uIU/mL, FT3: 2.0-4.4 pg/mL, FT4: 0.8-1.8 ng/dL",LOW,Low,750,Diagnostic Laboratory Reports,Consent Verified (Active on Blockchain),AES-256-GCM,vault-transit-key-0x03022d20,Qmbe2c753fa80181fd9a1c5d592d9e153077398da142f8,Pinata Dedicated IPFS Gateway,0.0.4891024,5812,2026-09-13 12:17:07 UTC,0x3dcfa0ca8bfc63f7c5122017e3e5210bc72afe20f89f13c009ed796e38960796,0.0001
LAB-REP-00813,ACC-LAB-004-000813,Apollo Diagnostics Advanced Enclave,0x23618e81E3f5cdF7f54C3d65f7FBc0aBf5B21E8f,NABL-MC-5102,"Dr. Shanti Swaminathan, MD",Yashwanth Gupta,849413,0xab5237cc903217198e8395c81c9d4845b0469664,79,male,Dr. Ananya Roy,0x9965507D1a55bcC2695C58ba16FB37d819B0A4dc,Max Super Speciality Cancer Institute,Imaging / Radiology,Whole Body PET-CT Oncology Scan,18F-FDG Radiotracer DICOM,"Hypermetabolic primary lesion, SUVmax 9.2, no distant metastases","Physiological FDG biodistribution, no hypermetabolic malignancy",ABNORMAL_FINDING,High - Genomic/Oncology,18500,Diagnostic Laboratory Reports,Consent Verified (Active on Blockchain),AES-256-GCM,vault-transit-key-0xab5237cc,Qmb73fed4907001049e7acbd0465933314f2f66eeb14d4,Pinata Dedicated IPFS Gateway,0.0.4891024,5813,2026-09-13 12:17:09 UTC,0x2cfe635fcc29b900d05cb2a10f09575c016508874ef433fabdc273a21786c0d9,0.0001
LAB-REP-00814,ACC-LAB-003-000814,Metropolis Healthcare Molecular Laboratory,0x14dC79964da2C08b23698B3D3cc7Ca32193d9955,NABL-MC-3819,"Dr. Nilesh Shah, MD",Shreya Sharma,849414,0x1b2601b483c95a6fbff4f9e3bc21a16a01159e4a,80,female,Dr. Ananya Roy,0x9965507D1a55bcC2695C58ba16FB37d819B0A4dc,Apollo Multispecialty Hospital,Endocrinology Tests,"Thyroid Function Panel (TSH, Free T3, Free T4)",Serum,"TSH: 6.8 uIU/mL (Hypothyroid), FT4: 0.72 ng/dL (Low)","TSH: 0.45-4.5 uIU/mL, FT3: 2.0-4.4 pg/mL, FT4: 0.8-1.8 ng/dL",LOW,Low,750,Diagnostic Laboratory Reports,Consent Verified (Active on Blockchain),AES-256-GCM,vault-transit-key-0x1b2601b4,Qm7e492b93419f707f73dfe8d97be1bc4847a76974eb61,Pinata Dedicated IPFS Gateway,0.0.4891024,5814,2026-09-13 12:17:11 UTC,0xddf118fa1f0ae0f78900c3d5bf0cba451de0300520fa590ce2241e4a89a7a129,0.0001
LAB-REP-00815,ACC-LAB-003-000815,Metropolis Healthcare Molecular Laboratory,0x14dC79964da2C08b23698B3D3cc7Ca32193d9955,NABL-MC-3819,"Dr. Nilesh Shah, MD",Divya Choudhury,849415,0x7e44b1f13c97e056e3f0ff79c660e8c1695aded5,81,male,Dr. Sarah Jenkins,0x04Fee3FD1B338d12FFD6dBD8d66dE1e8e0BB99cB,Max Super Speciality Cancer Institute,Blood Tests,Complete Blood Count (CBC),Whole Blood (EDTA),"Hb: 13.5 g/dL, WBC: 7200 /uL, Platelets: 2.4 Lakhs/uL","Hb: 12-16 g/dL, WBC: 4000-11000 /uL, Platelets: 1.5-4.5 Lakhs/uL",NORMAL,Low,450,Diagnostic Laboratory Reports,Consent Verified (Active on Blockchain),AES-256-GCM,vault-transit-key-0x7e44b1f1,Qmf0766d347452fee0e5c21032feedd5f876b0f1fabb0e,Pinata Dedicated IPFS Gateway,0.0.4891024,5815,2026-09-13 12:17:14 UTC,0xbbc7b23dbaec478a639c20e4a4156dea3563703b56970d1d9d222cfc7dda7065,0.0001
LAB-REP-00816,ACC-LAB-002-000816,Dr. Lal PathLabs Central Reference Hub,0x976EA74026E726554dB657fA54763abd0C3a0aa9,NABL-MC-1044,"Dr. Arvind Lal, FRCPath",Tanvi Mukherjee,849416,0x40e72e8e4debc7bd4aca1db0e33062a816be8c02,82,female,Dr. Vikram Seth,0x15d34AAf54267DB7D7c367839AAf71A00a2C6A65,Apollo Multispecialty Hospital,Imaging / Radiology,Whole Body PET-CT Oncology Scan,18F-FDG Radiotracer DICOM,"Hypermetabolic primary lesion, SUVmax 9.2, no distant metastases","Physiological FDG biodistribution, no hypermetabolic malignancy",ABNORMAL_FINDING,High - Genomic/Oncology,18500,Diagnostic Laboratory Reports,Consent Verified (Active on Blockchain),AES-256-GCM,vault-transit-key-0x40e72e8e,Qm9c025025556363083e9c7258fc8f1e5b23cb17746304,Pinata Dedicated IPFS Gateway,0.0.4891024,5816,2026-09-13 12:17:16 UTC,0x7d74f6f4df1246661c153965fc6efdf34858358bd32913638d9927a0417a31cc,0.0001
LAB-REP-00817,ACC-LAB-001-000817,Apex Diagnostic Reference Labs,0x04Fee3FD1B338d12FFD6dBD8d66dE1e8e0BB99cB,NABL-MC-2091,"Dr. Sunita Narang, MD Path",Gautam Swaminathan,849417,0x5fe865161df695dd765135f2e2c72742b1ed9904,83,male,Dr. Sarah Jenkins,0x04Fee3FD1B338d12FFD6dBD8d66dE1e8e0BB99cB,Care & Cure Pediatric & Maternity Hospital,Endocrinology Tests,HbA1c Glycated Hemoglobin,Whole Blood (EDTA),HbA1c: 7.6% (Diabetic Range),"<5.7% Normal, 5.7-6.4% Prediabetes, >=6.5% Diabetes",HIGH,Low,650,Diagnostic Laboratory Reports,Consent Verified (Active on Blockchain),AES-256-GCM,vault-transit-key-0x5fe86516,Qmce64ef0bcc2a7ef5242379eca06d0044b25516dd285d,Pinata Dedicated IPFS Gateway,0.0.4891024,5817,2026-09-13 12:17:18 UTC,0xe5a4562c5b21be641aed2f3a6069a9e774f0fe2ecd2ad77273a657fcbdf105ca,0.0001
LAB-REP-00818,ACC-LAB-001-000818,Apex Diagnostic Reference Labs,0x04Fee3FD1B338d12FFD6dBD8d66dE1e8e0BB99cB,NABL-MC-2091,"Dr. Sunita Narang, MD Path",Rakesh Hegde,849418,0x1995e48ed85a43fc3209088f3823c86ef95746c3,84,female,Dr. Ananya Roy,0x9965507D1a55bcC2695C58ba16FB37d819B0A4dc,Max Super Speciality Cancer Institute,Cardiology Tests,High-Sensitivity Cardiac Troponin-I (hs-cTnI),Serum / Plasma,hs-cTnI: 1850 ng/L (Markedly Elevated Acute Myocardial Infarction),< 14 ng/L (99th Percentile Upper Reference Limit),CRITICAL_ALERT,Medium,1800,Diagnostic Laboratory Reports,Consent Verified (Active on Blockchain),AES-256-GCM,vault-transit-key-0x1995e48e,Qm502821165f653925e7f8051d237623f26d9abb58888a,Pinata Dedicated IPFS Gateway,0.0.4891024,5818,2026-09-13 12:17:21 UTC,0x0634e18ba09e49e186cc807221950e3e725684aca1f5296c80c42ae911e13cb9,0.0001
LAB-REP-00819,ACC-LAB-002-000819,Dr. Lal PathLabs Central Reference Hub,0x976EA74026E726554dB657fA54763abd0C3a0aa9,NABL-MC-1044,"Dr. Arvind Lal, FRCPath",Tanvi Nair,849419,0xe4c9f6a0379490cee80959b858beecf0b7c81135,85,male,Dr. Rohan Patel,0x976EA74026E726554dB657fA54763abd0C3a0aa9,Apollo Multispecialty Hospital,Blood Tests,Thrombocytopenia Platelet Monitoring,Whole Blood (EDTA),"Platelets: 42,000 /uL (Severe Low)","Platelets: 150,000 - 450,000 /uL",CRITICAL_ALERT,Low,350,Diagnostic Laboratory Reports,Consent Verified (Active on Blockchain),AES-256-GCM,vault-transit-key-0xe4c9f6a0,Qma7766996ae8c9d96318f62c19b0b9bec9cd13c7789f8,Pinata Dedicated IPFS Gateway,0.0.4891024,5819,2026-09-13 12:17:23 UTC,0x4220a75f8ff25ca7865057f9b7f72839bd651462716e1b0e7ea4288f06c5430d,0.0001
LAB-REP-00820,ACC-LAB-002-000820,Dr. Lal PathLabs Central Reference Hub,0x976EA74026E726554dB657fA54763abd0C3a0aa9,NABL-MC-1044,"Dr. Arvind Lal, FRCPath",Meera Gupta,849420,0x0e67e14a076988ebaa2e07efce1a7535adee8d10,86,female,Dr. Rajesh Sharma,0x3c44CdDdB6a900fa2b585dd299e03d12FA4293BC,Apex Diagnostic & Pathology Hub,Metabolic Panel,Comprehensive Metabolic Panel (CMP),Serum,"Na: 138 mmol/L, K: 4.1 mmol/L, Creat: 1.05 mg/dL","Na: 135-145, K: 3.5-5.0, Creatinine: 0.7-1.3 mg/dL",NORMAL,Medium,1200,Diagnostic Laboratory Reports,Consent Verified (Active on Blockchain),AES-256-GCM,vault-transit-key-0x0e67e14a,Qmfacf2d9ae3357a104a911052a19a083dd1a7d4721411,Pinata Dedicated IPFS Gateway,0.0.4891024,5820,2026-09-13 12:17:25 UTC,0x496e9c10015b51b160c53ff21196055cac2a4597046435bc563a8f4d09f8db52,0.0001
LAB-REP-00821,ACC-LAB-003-000821,Metropolis Healthcare Molecular Laboratory,0x14dC79964da2C08b23698B3D3cc7Ca32193d9955,NABL-MC-3819,"Dr. Nilesh Shah, MD",Aarav Pandey,849421,0x2df77b50be59d3c97c291c782b66db4ef5df326d,87,male,Dr. Ananya Roy,0x9965507D1a55bcC2695C58ba16FB37d819B0A4dc,Fortis Memorial Neuro & Trauma Center,Metabolic Panel,Comprehensive Metabolic Panel (CMP),Serum,"Na: 138 mmol/L, K: 4.1 mmol/L, Creat: 1.05 mg/dL","Na: 135-145, K: 3.5-5.0, Creatinine: 0.7-1.3 mg/dL",NORMAL,Medium,1200,Diagnostic Laboratory Reports,Consent Verified (Active on Blockchain),AES-256-GCM,vault-transit-key-0x2df77b50,Qmc575830a55ab0fcde868ea91e8725dfedb5e902d3640,Pinata Dedicated IPFS Gateway,0.0.4891024,5821,2026-09-13 12:17:27 UTC,0xa4368616f75fbfcda4b595417e208e157f62adb94d6fc770396ddb1e41feebbc,0.0001
LAB-REP-00822,ACC-LAB-003-000822,Metropolis Healthcare Molecular Laboratory,0x14dC79964da2C08b23698B3D3cc7Ca32193d9955,NABL-MC-3819,"Dr. Nilesh Shah, MD",Lata Agarwal,849422,0xb59bd773db1d9122475af1b5c055c5457a7c4435,88,female,Dr. Sarah Jenkins,0x04Fee3FD1B338d12FFD6dBD8d66dE1e8e0BB99cB,Apollo Multispecialty Hospital,Liver Function Tests,Liver Function Profile (LFT),Serum,"ALT: 88 U/L (High), AST: 74 U/L (High), Total Bili: 1.8 mg/dL","ALT: 7-56 U/L, AST: 10-40 U/L, Bilirubin: 0.1-1.2 mg/dL",HIGH,Low,950,Diagnostic Laboratory Reports,Consent Verified (Active on Blockchain),AES-256-GCM,vault-transit-key-0xb59bd773,Qm78473ed7a21a169c67c641b29ab72852fcbe0a0ae50c,Pinata Dedicated IPFS Gateway,0.0.4891024,5822,2026-09-13 12:17:30 UTC,0xf5d7d1e1f4b3c489043a305a916e02312bfec77018f887c2c384d2ea2691c673,0.0001
LAB-REP-00823,ACC-LAB-004-000823,Apollo Diagnostics Advanced Enclave,0x23618e81E3f5cdF7f54C3d65f7FBc0aBf5B21E8f,NABL-MC-5102,"Dr. Shanti Swaminathan, MD",Harish Deshmukh,849423,0xd4cbc1d6180164ad9f10350b6100e3d90d5ff093,89,male,Dr. Rohan Patel,0x976EA74026E726554dB657fA54763abd0C3a0aa9,Apollo Multispecialty Hospital,Lipid Profile,Comprehensive Lipid Panel,Serum (Fasting 12h),"Total Chol: 235 mg/dL (High), LDL: 155 mg/dL, TG: 180 mg/dL","Chol: <200 mg/dL, HDL: >40 mg/dL, LDL: <100 mg/dL, TG: <150 mg/dL",HIGH,Low,850,Diagnostic Laboratory Reports,Consent Verified (Active on Blockchain),AES-256-GCM,vault-transit-key-0xd4cbc1d6,Qmc6eed0b794290acd45315d17dd1848d32ec80dcbc948,Pinata Dedicated IPFS Gateway,0.0.4891024,5823,2026-09-13 12:17:32 UTC,0x15824b9daa51ea09ec8df2026f0f35415b3e93eb84173f376f2e38e142f29d34,0.0001
LAB-REP-00824,ACC-LAB-001-000824,Apex Diagnostic Reference Labs,0x04Fee3FD1B338d12FFD6dBD8d66dE1e8e0BB99cB,NABL-MC-2091,"Dr. Sunita Narang, MD Path",Gautam Pillai,849424,0xf546374adb647de069e299e6e8b18e730a448e52,90,female,Dr. Rajesh Sharma,0x3c44CdDdB6a900fa2b585dd299e03d12FA4293BC,Fortis Memorial Neuro & Trauma Center,Pathology / Biopsy,Core Needle Biopsy Histopathology & Immunohistochemistry,Tissue Biopsy in 10% Formalin,"Infiltrating Ductal Carcinoma Grade 2, ER 85%+, PR 60%+, HER2/neu Negative",Benign / No malignancy,MALIGNANT_POSITIVE,High - Genomic/Oncology,4500,Diagnostic Laboratory Reports,Consent Verified (Active on Blockchain),AES-256-GCM,vault-transit-key-0xf546374a,Qm6929b80a8ab979eae558cf50d451fe6cb7295fb29792,Pinata Dedicated IPFS Gateway,0.0.4891024,5824,2026-09-13 12:17:34 UTC,0xd4f17bd11bb9d692ca6d91366e6b1628532b83bbb60292db44db38e036a0febc,0.0001
LAB-REP-00825,ACC-LAB-003-000825,Metropolis Healthcare Molecular Laboratory,0x14dC79964da2C08b23698B3D3cc7Ca32193d9955,NABL-MC-3819,"Dr. Nilesh Shah, MD",Sakshi Iyer,849425,0x64281c3a7b6a78d06cb2ea7bfab0a8cee82e7365,16,male,Dr. Sunita Narang,0xBcd4042DE499D14e55001CcbB24a551F3b954096,Care & Cure Pediatric & Maternity Hospital,Metabolic Panel,Comprehensive Metabolic Panel (CMP),Serum,"Na: 138 mmol/L, K: 4.1 mmol/L, Creat: 1.05 mg/dL","Na: 135-145, K: 3.5-5.0, Creatinine: 0.7-1.3 mg/dL",NORMAL,Medium,1200,Diagnostic Laboratory Reports,Consent Verified (Active on Blockchain),AES-256-GCM,vault-transit-key-0x64281c3a,Qm37033080384e52c26057772c99d7606af8b95270aa6d,Pinata Dedicated IPFS Gateway,0.0.4891024,5825,2026-09-13 12:17:36 UTC,0xc1b636c1d2f157c7d4e9d96a9500ed17d55cc60fe459373b273278de75d86577,0.0001
LAB-REP-00826,ACC-LAB-001-000826,Apex Diagnostic Reference Labs,0x04Fee3FD1B338d12FFD6dBD8d66dE1e8e0BB99cB,NABL-MC-2091,"Dr. Sunita Narang, MD Path",Kavya Malhotra,849426,0x4586de8ad5d8d67e53f0d14573cad879c04c692b,17,female,Dr. Sunita Narang,0xBcd4042DE499D14e55001CcbB24a551F3b954096,Care & Cure Pediatric & Maternity Hospital,Liver Function Tests,Liver Function Profile (LFT),Serum,"ALT: 88 U/L (High), AST: 74 U/L (High), Total Bili: 1.8 mg/dL","ALT: 7-56 U/L, AST: 10-40 U/L, Bilirubin: 0.1-1.2 mg/dL",HIGH,Low,950,Diagnostic Laboratory Reports,Consent Verified (Active on Blockchain),AES-256-GCM,vault-transit-key-0x4586de8a,Qmc348599450d2053e91755c7707ba85bc208a9e1f6e8b,Pinata Dedicated IPFS Gateway,0.0.4891024,5826,2026-09-13 12:17:39 UTC,0x14504943e9753faa5206f0b2561da637ccf04a574a0191664cf7467983e8495d,0.0001
LAB-REP-00827,ACC-LAB-005-000827,SRL Diagnostics Regional Core Lab,0xa0Ee7A142d267C1f36714E4a8F75612F20a79720,NABL-MC-4491,"Dr. Ramesh Sarin, DNB Path",Shreya Chatterjee,849427,0x39b2cd1499d5dfa445946381488dff32eb03548f,18,male,Dr. Sarah Jenkins,0x04Fee3FD1B338d12FFD6dBD8d66dE1e8e0BB99cB,Apex Diagnostic & Pathology Hub,Imaging / Radiology,Whole Body PET-CT Oncology Scan,18F-FDG Radiotracer DICOM,"Hypermetabolic primary lesion, SUVmax 9.2, no distant metastases","Physiological FDG biodistribution, no hypermetabolic malignancy",ABNORMAL_FINDING,High - Genomic/Oncology,18500,Diagnostic Laboratory Reports,Consent Verified (Active on Blockchain),AES-256-GCM,vault-transit-key-0x39b2cd14,Qm839c76c0bde35b5fc1a810d9e48ef22182f5d85ab1f0,Pinata Dedicated IPFS Gateway,0.0.4891024,5827,2026-09-13 12:17:41 UTC,0x1bf823ebd3d107e0fd79382e3ce81aeeab6b2b61397fbf9f124e38cda1a1eee4,0.0001
LAB-REP-00828,ACC-LAB-005-000828,SRL Diagnostics Regional Core Lab,0xa0Ee7A142d267C1f36714E4a8F75612F20a79720,NABL-MC-4491,"Dr. Ramesh Sarin, DNB Path",Aditi Gupta,849428,0xb5c162136475d9c25df58b0d1a5c9edca9571c09,19,female,Dr. Sarah Jenkins,0x04Fee3FD1B338d12FFD6dBD8d66dE1e8e0BB99cB,Apollo Multispecialty Hospital,Blood Tests,Complete Blood Count (CBC),Whole Blood (EDTA),"Hb: 13.5 g/dL, WBC: 7200 /uL, Platelets: 2.4 Lakhs/uL","Hb: 12-16 g/dL, WBC: 4000-11000 /uL, Platelets: 1.5-4.5 Lakhs/uL",NORMAL,Low,450,Diagnostic Laboratory Reports,Consent Verified (Active on Blockchain),AES-256-GCM,vault-transit-key-0xb5c16213,Qm67a20632d82c95abde8c701a6f1835cc0f1ea97e00b1,Pinata Dedicated IPFS Gateway,0.0.4891024,5828,2026-09-13 12:17:43 UTC,0xb4332069e83dc61af87906ca109667e6bc8283c45ed0b4466ffd22617074fb27,0.0001
LAB-REP-00829,ACC-LAB-003-000829,Metropolis Healthcare Molecular Laboratory,0x14dC79964da2C08b23698B3D3cc7Ca32193d9955,NABL-MC-3819,"Dr. Nilesh Shah, MD",Sameer Rao,849429,0x6daeadf947ea4df0b9dc6a61e0deaefd678ee020,20,male,Dr. Sarah Jenkins,0x04Fee3FD1B338d12FFD6dBD8d66dE1e8e0BB99cB,Apex Diagnostic & Pathology Hub,Kidney Function Tests,Renal Function Profile (KFT),Serum,"BUN: 14 mg/dL, Creatinine: 0.9 mg/dL, eGFR: 92 mL/min","BUN: 7-20 mg/dL, Creatinine: 0.6-1.2 mg/dL, eGFR: >60 mL/min",NORMAL,Low,850,Diagnostic Laboratory Reports,Consent Verified (Active on Blockchain),AES-256-GCM,vault-transit-key-0x6daeadf9,Qm764f038dfee9d9c9ed91458d53deab097bd6c8534c4a,Pinata Dedicated IPFS Gateway,0.0.4891024,5829,2026-09-13 12:17:46 UTC,0x6adf4a8d54108e63274164500e067ba874176bcaebae6402e50ddc67aca0f0ab,0.0001
LAB-REP-00830,ACC-LAB-001-000830,Apex Diagnostic Reference Labs,0x04Fee3FD1B338d12FFD6dBD8d66dE1e8e0BB99cB,NABL-MC-2091,"Dr. Sunita Narang, MD Path",Bhavna Gowda,849430,0x6f0089e761762e693fa9f0f27e2f2e2fc67f6457,21,female,Dr. Preeti Deshmukh,0x23618e81E3f5cdF7f54C3d65f7FBc0aBf5B21E8f,Fortis Memorial Neuro & Trauma Center,Liver Function Tests,Liver Function Profile (LFT),Serum,"ALT: 88 U/L (High), AST: 74 U/L (High), Total Bili: 1.8 mg/dL","ALT: 7-56 U/L, AST: 10-40 U/L, Bilirubin: 0.1-1.2 mg/dL",HIGH,Low,950,Diagnostic Laboratory Reports,Consent Verified (Active on Blockchain),AES-256-GCM,vault-transit-key-0x6f0089e7,Qm96a2b3e2409797bdc5bdc9f78262a81dac2c48cb54e0,Pinata Dedicated IPFS Gateway,0.0.4891024,5830,2026-09-13 12:17:48 UTC,0x632b851fd32d5cc21b77c7db9ad4458371daffc1820b0405e155c8d9e01c2e9e,0.0001
LAB-REP-00831,ACC-LAB-002-000831,Dr. Lal PathLabs Central Reference Hub,0x976EA74026E726554dB657fA54763abd0C3a0aa9,NABL-MC-1044,"Dr. Arvind Lal, FRCPath",Yashwanth Choudhury,849431,0x8e130a91110ed968e404b3f6498d6e15197787c1,22,male,Dr. Rohan Patel,0x976EA74026E726554dB657fA54763abd0C3a0aa9,Apollo Multispecialty Hospital,Metabolic Panel,Comprehensive Metabolic Panel (CMP),Serum,"Na: 138 mmol/L, K: 4.1 mmol/L, Creat: 1.05 mg/dL (Borderline clinical correlation advised)","Na: 135-145, K: 3.5-5.0, Creatinine: 0.7-1.3 mg/dL",BORDERLINE,Medium,1200,Diagnostic Laboratory Reports,Consent Verified (Active on Blockchain),AES-256-GCM,vault-transit-key-0x8e130a91,Qm3f15d075f763236ddf35400c1435638ab9d34389e46f,Pinata Dedicated IPFS Gateway,0.0.4891024,5831,2026-09-13 12:17:50 UTC,0x6b471493481fbe0bc8c8a6996c20e734814d0eb3f43c015fb2239355fc897c93,0.0001
LAB-REP-00832,ACC-LAB-001-000832,Apex Diagnostic Reference Labs,0x04Fee3FD1B338d12FFD6dBD8d66dE1e8e0BB99cB,NABL-MC-2091,"Dr. Sunita Narang, MD Path",Nandini Rao,849432,0xef2ea116b84e2e16be7428877be036bed9360118,23,female,Dr. Ananya Roy,0x9965507D1a55bcC2695C58ba16FB37d819B0A4dc,Max Super Speciality Cancer Institute,Imaging / Radiology,Whole Body PET-CT Oncology Scan,18F-FDG Radiotracer DICOM,"Hypermetabolic primary lesion, SUVmax 9.2, no distant metastases","Physiological FDG biodistribution, no hypermetabolic malignancy",ABNORMAL_FINDING,High - Genomic/Oncology,18500,Diagnostic Laboratory Reports,Consent Verified (Active on Blockchain),AES-256-GCM,vault-transit-key-0xef2ea116,Qm2a2297436fcf4c2e22faa5cb00c5b18d5cea9c92b8b4,Pinata Dedicated IPFS Gateway,0.0.4891024,5832,2026-09-13 12:17:52 UTC,0xd2b1a5ae795ae07fd1efe35e6869a22eefbd7f8ea82070c55960603311f58cb5,0.0001
LAB-REP-00833,ACC-LAB-002-000833,Dr. Lal PathLabs Central Reference Hub,0x976EA74026E726554dB657fA54763abd0C3a0aa9,NABL-MC-1044,"Dr. Arvind Lal, FRCPath",Aditi Shetty,849433,0x6a752969339d123baf25a243aedfae43b9973244,24,male,Dr. Ananya Roy,0x9965507D1a55bcC2695C58ba16FB37d819B0A4dc,Apex Diagnostic & Pathology Hub,Microbiology Tests,Dengue Duo NS1 Ag + IgM/IgG Antibody ELISA,Serum,"Dengue NS1 Antigen: POSITIVE, IgM: Reactive",Non-Reactive / Negative,POSITIVE_ABNORMAL,Medium,1400,Diagnostic Laboratory Reports,Consent Verified (Active on Blockchain),AES-256-GCM,vault-transit-key-0x6a752969,Qm9acd43b520f85d11a37a887d887c6c52b2da35f5d50c,Pinata Dedicated IPFS Gateway,0.0.4891024,5833,2026-09-13 12:17:55 UTC,0xc03aa61257a9e6d50b45c1907382a7b5d4767a1d99481fa9a1ac991a5eacc0b4,0.0001
LAB-REP-00834,ACC-LAB-002-000834,Dr. Lal PathLabs Central Reference Hub,0x976EA74026E726554dB657fA54763abd0C3a0aa9,NABL-MC-1044,"Dr. Arvind Lal, FRCPath",Manish Reddy,849434,0x9b9122ce24ff141985e177373b8471036d2a343a,25,female,Dr. Sunita Narang,0xBcd4042DE499D14e55001CcbB24a551F3b954096,Apex Diagnostic & Pathology Hub,Imaging / Radiology,High-Resolution Non-Contrast Brain CT Scan,Radiological DICOM Imaging,"Small left temporal hemorrhagic contusion, no mass effect",No acute intracranial hemorrhage or midline shift,ABNORMAL_FINDING,Medium,3200,Diagnostic Laboratory Reports,Emergency Diagnostic Upload (Pending Verification),AES-256-GCM,vault-transit-key-0x9b9122ce,Qmdacf944cf9e58712d6b5e80ae8df7dec60d3864ab71d,Pinata Dedicated IPFS Gateway,0.0.4891024,5834,2026-09-13 12:17:57 UTC,0xc87f04e357a0dbb8dcc3470e1613b556a2b44054c400815a78a063eb7ac9ed35,0.0001
LAB-REP-00835,ACC-LAB-002-000835,Dr. Lal PathLabs Central Reference Hub,0x976EA74026E726554dB657fA54763abd0C3a0aa9,NABL-MC-1044,"Dr. Arvind Lal, FRCPath",Rahul Malhotra,849435,0xa891cf02d01dc68c0c31c5eb00278c6b7a537fc8,26,male,Dr. Sunita Narang,0xBcd4042DE499D14e55001CcbB24a551F3b954096,Care & Cure Pediatric & Maternity Hospital,Microbiology Tests,Dengue Duo NS1 Ag + IgM/IgG Antibody ELISA,Serum,"Dengue NS1 Antigen: POSITIVE, IgM: Reactive",Non-Reactive / Negative,POSITIVE_ABNORMAL,Medium,1400,Diagnostic Laboratory Reports,Consent Verified (Active on Blockchain),AES-256-GCM,vault-transit-key-0xa891cf02,Qm23d82dad272d7c2bd7d8cb6f23e6081c3d835fa0fa74,Pinata Dedicated IPFS Gateway,0.0.4891024,5835,2026-09-13 12:17:59 UTC,0x6ecf2e64dcbbc7a5330bef6eece78f0d5c5cf4679f28e8ed9803bcf25d8dc122,0.0001
LAB-REP-00836,ACC-LAB-003-000836,Metropolis Healthcare Molecular Laboratory,0x14dC79964da2C08b23698B3D3cc7Ca32193d9955,NABL-MC-3819,"Dr. Nilesh Shah, MD",Sameer Pandey,849436,0x5470cb0260b5233057e6a1c1476942dcfdcd8fc4,27,female,Dr. Vikram Seth,0x15d34AAf54267DB7D7c367839AAf71A00a2C6A65,Care & Cure Pediatric & Maternity Hospital,Imaging / Radiology,Whole Body PET-CT Oncology Scan,18F-FDG Radiotracer DICOM,"Hypermetabolic primary lesion, SUVmax 9.2, no distant metastases","Physiological FDG biodistribution, no hypermetabolic malignancy",ABNORMAL_FINDING,High - Genomic/Oncology,18500,Diagnostic Laboratory Reports,Consent Verified (Active on Blockchain),AES-256-GCM,vault-transit-key-0x5470cb02,Qm880efbe8a6d7399d5217d62ddd733fe2416e6b8c7f0c,Pinata Dedicated IPFS Gateway,0.0.4891024,5836,2026-09-13 12:18:01 UTC,0x2194f61d488dd910c4c2f1ebb218b2135f163ba7df3a56ab9a14402739bf7ab4,0.0001
LAB-REP-00837,ACC-LAB-001-000837,Apex Diagnostic Reference Labs,0x04Fee3FD1B338d12FFD6dBD8d66dE1e8e0BB99cB,NABL-MC-2091,"Dr. Sunita Narang, MD Path",Rohan Pillai,849437,0x53b04060642110e449e323bfca35f0ca41dca255,28,male,Dr. Rohan Patel,0x976EA74026E726554dB657fA54763abd0C3a0aa9,Fortis Memorial Neuro & Trauma Center,Metabolic Panel,Comprehensive Metabolic Panel (CMP),Serum,"Na: 138 mmol/L, K: 4.1 mmol/L, Creat: 1.05 mg/dL","Na: 135-145, K: 3.5-5.0, Creatinine: 0.7-1.3 mg/dL",NORMAL,Medium,1200,Diagnostic Laboratory Reports,Consent Verified (Active on Blockchain),AES-256-GCM,vault-transit-key-0x53b04060,Qmdac7fdd9c3711c36d32f113ac7372722f06c8d97a899,Pinata Dedicated IPFS Gateway,0.0.4891024,5837,2026-09-13 12:18:03 UTC,0xed5167ccaf8ca934e597bdb195e1a27246444bfbd4819b33cc247f5cba4453d8,0.0001
LAB-REP-00838,ACC-LAB-005-000838,SRL Diagnostics Regional Core Lab,0xa0Ee7A142d267C1f36714E4a8F75612F20a79720,NABL-MC-4491,"Dr. Ramesh Sarin, DNB Path",Madhav Kapoor,849438,0xd6fb5ca5adf0911e2b9ec6faae609ae1d5a3bbb0,29,female,Dr. Preeti Deshmukh,0x23618e81E3f5cdF7f54C3d65f7FBc0aBf5B21E8f,Apollo Multispecialty Hospital,Imaging / Radiology,High-Resolution Non-Contrast Brain CT Scan,Radiological DICOM Imaging,"Small left temporal hemorrhagic contusion, no mass effect",No acute intracranial hemorrhage or midline shift,ABNORMAL_FINDING,Medium,3200,Diagnostic Laboratory Reports,Consent Verified (Active on Blockchain),AES-256-GCM,vault-transit-key-0xd6fb5ca5,Qm17b8b194cf188254071618d927e18df658e1426de0ec,Pinata Dedicated IPFS Gateway,0.0.4891024,5838,2026-09-13 12:18:05 UTC,0x321fd5b3b5802d6948ce61c9467a76b117e13c1f7da53ebe945fc2e266223980,0.0001
LAB-REP-00839,ACC-LAB-005-000839,SRL Diagnostics Regional Core Lab,0xa0Ee7A142d267C1f36714E4a8F75612F20a79720,NABL-MC-4491,"Dr. Ramesh Sarin, DNB Path",Chetan Agarwal,849439,0x85ef8484aca0352b8d293086f537cbdd33273dc3,30,male,Dr. Ananya Roy,0x9965507D1a55bcC2695C58ba16FB37d819B0A4dc,Apollo Multispecialty Hospital,Endocrinology Tests,HbA1c Glycated Hemoglobin,Whole Blood (EDTA),HbA1c: 7.6% (Diabetic Range),"<5.7% Normal, 5.7-6.4% Prediabetes, >=6.5% Diabetes",HIGH,Low,650,Diagnostic Laboratory Reports,Consent Verified (Active on Blockchain),AES-256-GCM,vault-transit-key-0x85ef8484,Qm4ed3a60e5cc0443ee964498490d7f803086ad913f924,Pinata Dedicated IPFS Gateway,0.0.4891024,5839,2026-09-13 12:18:07 UTC,0x1602535c33e74807c59c6c6d445a840a82cb11fc0856f75f1e3639ab1799a5a4,0.0001
LAB-REP-00840,ACC-LAB-004-000840,Apollo Diagnostics Advanced Enclave,0x23618e81E3f5cdF7f54C3d65f7FBc0aBf5B21E8f,NABL-MC-5102,"Dr. Shanti Swaminathan, MD",Siddharth Mehta,849440,0xf2b011b79b34652518137c1402da22732436324b,31,female,Dr. Ananya Roy,0x9965507D1a55bcC2695C58ba16FB37d819B0A4dc,Max Super Speciality Cancer Institute,Lipid Profile,Comprehensive Lipid Panel,Serum (Fasting 12h),"Total Chol: 235 mg/dL (High), LDL: 155 mg/dL, TG: 180 mg/dL","Chol: <200 mg/dL, HDL: >40 mg/dL, LDL: <100 mg/dL, TG: <150 mg/dL",HIGH,Low,850,Diagnostic Laboratory Reports,Consent Verified (Active on Blockchain),AES-256-GCM,vault-transit-key-0xf2b011b7,Qm77ae1716a765fa4f1c1ac629d796ca17ae07f45319eb,Pinata Dedicated IPFS Gateway,0.0.4891024,5840,2026-09-13 12:18:10 UTC,0xd82245a07f26407f99060a79403af612d11253d48db18284fdad73f2e51b9a30,0.0001
LAB-REP-00841,ACC-LAB-001-000841,Apex Diagnostic Reference Labs,0x04Fee3FD1B338d12FFD6dBD8d66dE1e8e0BB99cB,NABL-MC-2091,"Dr. Sunita Narang, MD Path",Shreya Banerjee,849441,0xbff31d3ebad7dc77860e846e17118f28230b897d,32,male,Dr. Sarah Jenkins,0x04Fee3FD1B338d12FFD6dBD8d66dE1e8e0BB99cB,Care & Cure Pediatric & Maternity Hospital,Kidney Function Tests,Renal Function Profile (KFT),Serum,"BUN: 14 mg/dL, Creatinine: 0.9 mg/dL, eGFR: 92 mL/min (Borderline clinical correlation advised)","BUN: 7-20 mg/dL, Creatinine: 0.6-1.2 mg/dL, eGFR: >60 mL/min",BORDERLINE,Low,850,Diagnostic Laboratory Reports,Consent Verified (Active on Blockchain),AES-256-GCM,vault-transit-key-0xbff31d3e,Qmfd31ddc1b2647945f4d18bb0c99a21361c73700c281a,Pinata Dedicated IPFS Gateway,0.0.4891024,5841,2026-09-13 12:18:12 UTC,0x55a42d7210afece7021349f0b537fdd32e1e0edb6a8607389050bde26050f2e5,0.0001
LAB-REP-00842,ACC-LAB-005-000842,SRL Diagnostics Regional Core Lab,0xa0Ee7A142d267C1f36714E4a8F75612F20a79720,NABL-MC-4491,"Dr. Ramesh Sarin, DNB Path",Tanvi Shetty,849442,0xc86198d2aae2995f32b29f3999019ae452620556,33,female,Dr. Sarah Jenkins,0x04Fee3FD1B338d12FFD6dBD8d66dE1e8e0BB99cB,Fortis Memorial Neuro & Trauma Center,Microbiology Tests,Dengue Duo NS1 Ag + IgM/IgG Antibody ELISA,Serum,"Dengue NS1 Antigen: POSITIVE, IgM: Reactive",Non-Reactive / Negative,POSITIVE_ABNORMAL,Medium,1400,Diagnostic Laboratory Reports,Emergency Diagnostic Upload (Pending Verification),AES-256-GCM,vault-transit-key-0xc86198d2,Qmf52b9c39f4105c6075ab0c109e6925de80ab33f36908,Pinata Dedicated IPFS Gateway,0.0.4891024,5842,2026-09-13 12:18:14 UTC,0xc6b35f62c601960a696d05aab3f23a5fe0f742e0125fdac621300a4250e7fbc0,0.0001
LAB-REP-00843,ACC-LAB-002-000843,Dr. Lal PathLabs Central Reference Hub,0x976EA74026E726554dB657fA54763abd0C3a0aa9,NABL-MC-1044,"Dr. Arvind Lal, FRCPath",Kavya Bhatia,849443,0x204faa81b7d561330d291dd3719799ca13dc4936,34,male,Dr. Preeti Deshmukh,0x23618e81E3f5cdF7f54C3d65f7FBc0aBf5B21E8f,Apollo Multispecialty Hospital,Cardiology Tests,High-Sensitivity Cardiac Troponin-I (hs-cTnI),Serum / Plasma,hs-cTnI: 1850 ng/L (Markedly Elevated Acute Myocardial Infarction),< 14 ng/L (99th Percentile Upper Reference Limit),CRITICAL_ALERT,Medium,1800,Diagnostic Laboratory Reports,Consent Verified (Active on Blockchain),AES-256-GCM,vault-transit-key-0x204faa81,Qm0799cb6f3032ce2091a2db4f3934d9e2d0c08ec09e6b,Pinata Dedicated IPFS Gateway,0.0.4891024,5843,2026-09-13 12:18:17 UTC,0x032bece833020931b98024da5bfcffd0bce6d1a4f83af4c916902b42d9e2b70e,0.0001
LAB-REP-00844,ACC-LAB-005-000844,SRL Diagnostics Regional Core Lab,0xa0Ee7A142d267C1f36714E4a8F75612F20a79720,NABL-MC-4491,"Dr. Ramesh Sarin, DNB Path",Sneha Agarwal,849444,0x48c0b68ad38e90e33bc4763967cb08e48ef76de0,35,female,Dr. Rajesh Sharma,0x3c44CdDdB6a900fa2b585dd299e03d12FA4293BC,Apex Diagnostic & Pathology Hub,Endocrinology Tests,HbA1c Glycated Hemoglobin,Whole Blood (EDTA),HbA1c: 7.6% (Diabetic Range),"<5.7% Normal, 5.7-6.4% Prediabetes, >=6.5% Diabetes",HIGH,Low,650,Diagnostic Laboratory Reports,Consent Verified (Active on Blockchain),AES-256-GCM,vault-transit-key-0x48c0b68a,Qm52467fc5d4a3aee53d6926bbcd79c14c1eef6531d57f,Pinata Dedicated IPFS Gateway,0.0.4891024,5844,2026-09-13 12:18:19 UTC,0x3353381c2680ec7910febfec6a957f2b39b1bd962951d8ff3220c8b10e4d6d79,0.0001
LAB-REP-00845,ACC-LAB-004-000845,Apollo Diagnostics Advanced Enclave,0x23618e81E3f5cdF7f54C3d65f7FBc0aBf5B21E8f,NABL-MC-5102,"Dr. Shanti Swaminathan, MD",Yashwanth Gowda,849445,0xe82f534b721300dc18fe1754a28372e840b20a46,36,male,Dr. Sunita Narang,0xBcd4042DE499D14e55001CcbB24a551F3b954096,Max Super Speciality Cancer Institute,Kidney Function Tests,Renal Function Profile (KFT),Serum,"BUN: 14 mg/dL, Creatinine: 0.9 mg/dL, eGFR: 92 mL/min","BUN: 7-20 mg/dL, Creatinine: 0.6-1.2 mg/dL, eGFR: >60 mL/min",NORMAL,Low,850,Diagnostic Laboratory Reports,Consent Verified (Active on Blockchain),AES-256-GCM,vault-transit-key-0xe82f534b,Qm814003a80d1c1a8bffb7ec1196316e1b108e77c66029,Pinata Dedicated IPFS Gateway,0.0.4891024,5845,2026-09-13 12:18:21 UTC,0x3debe35b05e603a3fdfb6b45b80ecdd03b77699da7a7c07c36515681f33361ba,0.0001
LAB-REP-00846,ACC-LAB-002-000846,Dr. Lal PathLabs Central Reference Hub,0x976EA74026E726554dB657fA54763abd0C3a0aa9,NABL-MC-1044,"Dr. Arvind Lal, FRCPath",Riya Shetty,849446,0x7131c1575139331e97fdfcbddac2a87577881775,37,female,Dr. Rajesh Sharma,0x3c44CdDdB6a900fa2b585dd299e03d12FA4293BC,Max Super Speciality Cancer Institute,Liver Function Tests,Liver Function Profile (LFT),Serum,"ALT: 88 U/L (High), AST: 74 U/L (High), Total Bili: 1.8 mg/dL","ALT: 7-56 U/L, AST: 10-40 U/L, Bilirubin: 0.1-1.2 mg/dL",HIGH,Low,950,Diagnostic Laboratory Reports,Consent Verified (Active on Blockchain),AES-256-GCM,vault-transit-key-0x7131c157,Qmd32c0d44b31b77399995dfe681bf3d034fb28685dfd8,Pinata Dedicated IPFS Gateway,0.0.4891024,5846,2026-09-13 12:18:23 UTC,0xbd051a73cee82b85fd00ac726e6884be8ca1e09411893ef7f35b2c28fb84c362,0.0001
LAB-REP-00847,ACC-LAB-001-000847,Apex Diagnostic Reference Labs,0x04Fee3FD1B338d12FFD6dBD8d66dE1e8e0BB99cB,NABL-MC-2091,"Dr. Sunita Narang, MD Path",Bhavna Sharma,849447,0xa3d161e0a06076ccd46575d1565d6a70f6271535,38,male,Dr. Vikram Seth,0x15d34AAf54267DB7D7c367839AAf71A00a2C6A65,Apollo Multispecialty Hospital,Endocrinology Tests,"Thyroid Function Panel (TSH, Free T3, Free T4)",Serum,"TSH: 6.8 uIU/mL (Hypothyroid), FT4: 0.72 ng/dL (Low)","TSH: 0.45-4.5 uIU/mL, FT3: 2.0-4.4 pg/mL, FT4: 0.8-1.8 ng/dL",LOW,Low,750,Diagnostic Laboratory Reports,Consent Verified (Active on Blockchain),AES-256-GCM,vault-transit-key-0xa3d161e0,Qm92415737fb74841b7624b66bff40224ec74019392df3,Pinata Dedicated IPFS Gateway,0.0.4891024,5847,2026-09-13 12:18:26 UTC,0x5dc106d55497f189725e641e8f71e51f927ca1552dff8620a8f12bcf6ab6b030,0.0001
LAB-REP-00848,ACC-LAB-003-000848,Metropolis Healthcare Molecular Laboratory,0x14dC79964da2C08b23698B3D3cc7Ca32193d9955,NABL-MC-3819,"Dr. Nilesh Shah, MD",Ishaan Menon,849448,0xb2706c60e50e32fc3d3692139ea4eee99bfe2bcc,39,female,Dr. Vikram Seth,0x15d34AAf54267DB7D7c367839AAf71A00a2C6A65,Max Super Speciality Cancer Institute,Endocrinology Tests,HbA1c Glycated Hemoglobin,Whole Blood (EDTA),HbA1c: 7.6% (Diabetic Range),"<5.7% Normal, 5.7-6.4% Prediabetes, >=6.5% Diabetes",HIGH,Low,650,Diagnostic Laboratory Reports,Consent Verified (Active on Blockchain),AES-256-GCM,vault-transit-key-0xb2706c60,Qmbb378000764f06792e0b511ff4f5e10b1d5429c5a885,Pinata Dedicated IPFS Gateway,0.0.4891024,5848,2026-09-13 12:18:28 UTC,0xe72d62b467de9ff8516958f1b213abfb8021a53eb9ec626bbf4b74f12f891782,0.0001
LAB-REP-00849,ACC-LAB-003-000849,Metropolis Healthcare Molecular Laboratory,0x14dC79964da2C08b23698B3D3cc7Ca32193d9955,NABL-MC-3819,"Dr. Nilesh Shah, MD",Geeta Mehta,849449,0xc38ff4b3cc407d255b41362407ea3288231cb04d,40,male,Dr. Ananya Roy,0x9965507D1a55bcC2695C58ba16FB37d819B0A4dc,Fortis Memorial Neuro & Trauma Center,Microbiology Tests,Dengue Duo NS1 Ag + IgM/IgG Antibody ELISA,Serum,"Dengue NS1 Antigen: POSITIVE, IgM: Reactive",Non-Reactive / Negative,POSITIVE_ABNORMAL,Medium,1400,Diagnostic Laboratory Reports,Emergency Diagnostic Upload (Pending Verification),AES-256-GCM,vault-transit-key-0xc38ff4b3,Qm7b64693d2cc04162680b4604ea38ac12297baf6cd099,Pinata Dedicated IPFS Gateway,0.0.4891024,5849,2026-09-13 12:18:30 UTC,0x8aca8cb508bd391fe9d0f1f54830b69bacd6fd84128c93c3be9b0f1a1cc72018,0.0001
LAB-REP-00850,ACC-LAB-004-000850,Apollo Diagnostics Advanced Enclave,0x23618e81E3f5cdF7f54C3d65f7FBc0aBf5B21E8f,NABL-MC-5102,"Dr. Shanti Swaminathan, MD",Neha Ghosh,849450,0xa835ce59ddafa8f8fc2cace87c7aa839853d56f7,41,female,Dr. Rohan Patel,0x976EA74026E726554dB657fA54763abd0C3a0aa9,Care & Cure Pediatric & Maternity Hospital,Blood Tests,Complete Blood Count (CBC),Whole Blood (EDTA),"Hb: 13.5 g/dL, WBC: 7200 /uL, Platelets: 2.4 Lakhs/uL","Hb: 12-16 g/dL, WBC: 4000-11000 /uL, Platelets: 1.5-4.5 Lakhs/uL",NORMAL,Low,450,Diagnostic Laboratory Reports,Consent Verified (Active on Blockchain),AES-256-GCM,vault-transit-key-0xa835ce59,Qmec92f03936c71984b8efa0e69860f33eccfe5c0e0eab,Pinata Dedicated IPFS Gateway,0.0.4891024,5850,2026-09-13 12:18:33 UTC,0x32cdd375bc132aee3e3621b7e29fe7a8c38401422da5c050a5787e416b38481d,0.0001
LAB-REP-00851,ACC-LAB-002-000851,Dr. Lal PathLabs Central Reference Hub,0x976EA74026E726554dB657fA54763abd0C3a0aa9,NABL-MC-1044,"Dr. Arvind Lal, FRCPath",Arjun Rao,849451,0x32d652b2e8ada2dec8bbc5b2e5a7b6ab71e97298,42,male,Dr. Rajesh Sharma,0x3c44CdDdB6a900fa2b585dd299e03d12FA4293BC,Max Super Speciality Cancer Institute,Microbiology Tests,Dengue Duo NS1 Ag + IgM/IgG Antibody ELISA,Serum,"Dengue NS1 Antigen: POSITIVE, IgM: Reactive",Non-Reactive / Negative,POSITIVE_ABNORMAL,Medium,1400,Diagnostic Laboratory Reports,Consent Verified (Active on Blockchain),AES-256-GCM,vault-transit-key-0x32d652b2,Qmab9660cba7cd2e5cc2440e1ec07cb203a796baf9eeb2,Pinata Dedicated IPFS Gateway,0.0.4891024,5851,2026-09-13 12:18:35 UTC,0xf5adc7a888efc2c31946d38e3b432636bf5075b3d78a52af3bc515fc48fa3cb5,0.0001
LAB-REP-00852,ACC-LAB-003-000852,Metropolis Healthcare Molecular Laboratory,0x14dC79964da2C08b23698B3D3cc7Ca32193d9955,NABL-MC-3819,"Dr. Nilesh Shah, MD",Madhav Choudhury,849452,0x5ed9cf04fca87a2330f5ef84b3b191de98e00637,43,female,Dr. Rajesh Sharma,0x3c44CdDdB6a900fa2b585dd299e03d12FA4293BC,Max Super Speciality Cancer Institute,Blood Tests,Thrombocytopenia Platelet Monitoring,Whole Blood (EDTA),"Platelets: 42,000 /uL (Severe Low)","Platelets: 150,000 - 450,000 /uL",CRITICAL_ALERT,Low,350,Diagnostic Laboratory Reports,Consent Verified (Active on Blockchain),AES-256-GCM,vault-transit-key-0x5ed9cf04,Qme5b1f7ff7e9cb6c40e217873c4fb2847cb03daff448e,Pinata Dedicated IPFS Gateway,0.0.4891024,5852,2026-09-13 12:18:37 UTC,0x7a929f7640bcd29c74f69d605248505a824d8cff2273ae8a3d0a580937e4ca8e,0.0001
LAB-REP-00853,ACC-LAB-004-000853,Apollo Diagnostics Advanced Enclave,0x23618e81E3f5cdF7f54C3d65f7FBc0aBf5B21E8f,NABL-MC-5102,"Dr. Shanti Swaminathan, MD",Kavya Mishra,849453,0xdf5529c485aea26db4fe51cebaf9c71bfb54b114,44,male,Dr. Rajesh Sharma,0x3c44CdDdB6a900fa2b585dd299e03d12FA4293BC,Apollo Multispecialty Hospital,Liver Function Tests,Liver Function Profile (LFT),Serum,"ALT: 88 U/L (High), AST: 74 U/L (High), Total Bili: 1.8 mg/dL","ALT: 7-56 U/L, AST: 10-40 U/L, Bilirubin: 0.1-1.2 mg/dL",HIGH,Low,950,Diagnostic Laboratory Reports,Consent Verified (Active on Blockchain),AES-256-GCM,vault-transit-key-0xdf5529c4,Qm86003a61de39c6534812c22ed86086cb231d77c8f007,Pinata Dedicated IPFS Gateway,0.0.4891024,5853,2026-09-13 12:18:40 UTC,0x5e81e526b7aac28b7481e7c5c5bf88e91b174613e7eb87e2554a29a98d08daef,0.0001
LAB-REP-00854,ACC-LAB-004-000854,Apollo Diagnostics Advanced Enclave,0x23618e81E3f5cdF7f54C3d65f7FBc0aBf5B21E8f,NABL-MC-5102,"Dr. Shanti Swaminathan, MD",Kavya Agarwal,849454,0xdcad8c1a140d6215be67fca3a529b86caf868280,45,female,Dr. Ananya Roy,0x9965507D1a55bcC2695C58ba16FB37d819B0A4dc,Max Super Speciality Cancer Institute,Imaging / Radiology,High-Resolution Non-Contrast Brain CT Scan,Radiological DICOM Imaging,"Small left temporal hemorrhagic contusion, no mass effect",No acute intracranial hemorrhage or midline shift,ABNORMAL_FINDING,Medium,3200,Diagnostic Laboratory Reports,Consent Verified (Active on Blockchain),AES-256-GCM,vault-transit-key-0xdcad8c1a,Qm447e3c7e6868e5ed0c14105c656ccd09055b5a667e74,Pinata Dedicated IPFS Gateway,0.0.4891024,5854,2026-09-13 12:18:41 UTC,0x2aedcfbc480d9c0cf2ee1939dd0b4afb3eea8499d85e313d7794d2aa9660a629,0.0001
LAB-REP-00855,ACC-LAB-001-000855,Apex Diagnostic Reference Labs,0x04Fee3FD1B338d12FFD6dBD8d66dE1e8e0BB99cB,NABL-MC-2091,"Dr. Sunita Narang, MD Path",Vikas Nair,849455,0x5ddce791ab59c4ddd8ec4730cc686142bd858946,46,male,Dr. Ananya Roy,0x9965507D1a55bcC2695C58ba16FB37d819B0A4dc,Fortis Memorial Neuro & Trauma Center,Metabolic Panel,Comprehensive Metabolic Panel (CMP),Serum,"Na: 138 mmol/L, K: 4.1 mmol/L, Creat: 1.05 mg/dL","Na: 135-145, K: 3.5-5.0, Creatinine: 0.7-1.3 mg/dL",NORMAL,Medium,1200,Diagnostic Laboratory Reports,Consent Verified (Active on Blockchain),AES-256-GCM,vault-transit-key-0x5ddce791,Qmf440be26a53d5ce1bd89267f678b12b350cd787d1af2,Pinata Dedicated IPFS Gateway,0.0.4891024,5855,2026-09-13 12:18:43 UTC,0xce453d95932c11a92f3c8b9d6276bc04fdbbf33d592f1211e9e99d7e10fb95bd,0.0001
LAB-REP-00856,ACC-LAB-004-000856,Apollo Diagnostics Advanced Enclave,0x23618e81E3f5cdF7f54C3d65f7FBc0aBf5B21E8f,NABL-MC-5102,"Dr. Shanti Swaminathan, MD",Rohan Patel,849456,0x4c4225e595b984526df044cfc6e5e1e8b97c8e17,47,female,Dr. Ananya Roy,0x9965507D1a55bcC2695C58ba16FB37d819B0A4dc,Apex Diagnostic & Pathology Hub,Imaging / Radiology,Whole Body PET-CT Oncology Scan,18F-FDG Radiotracer DICOM,"Hypermetabolic primary lesion, SUVmax 9.2, no distant metastases","Physiological FDG biodistribution, no hypermetabolic malignancy",ABNORMAL_FINDING,High - Genomic/Oncology,18500,Diagnostic Laboratory Reports,Consent Verified (Active on Blockchain),AES-256-GCM,vault-transit-key-0x4c4225e5,Qmaefd04595f0e41ba793af8e9661bdad5ea626e5f7b90,Pinata Dedicated IPFS Gateway,0.0.4891024,5856,2026-09-13 12:18:46 UTC,0xb66a334420d969daf4a3fa545fcacf7b665bda222b72f8a3056d00b2a3d83700,0.0001
LAB-REP-00857,ACC-LAB-002-000857,Dr. Lal PathLabs Central Reference Hub,0x976EA74026E726554dB657fA54763abd0C3a0aa9,NABL-MC-1044,"Dr. Arvind Lal, FRCPath",Sanjay Shetty,849457,0x49851c79a121fac34fceab7d3d91d4bc049619ca,48,male,Dr. Rohan Patel,0x976EA74026E726554dB657fA54763abd0C3a0aa9,Max Super Speciality Cancer Institute,Endocrinology Tests,HbA1c Glycated Hemoglobin,Whole Blood (EDTA),HbA1c: 7.6% (Diabetic Range),"<5.7% Normal, 5.7-6.4% Prediabetes, >=6.5% Diabetes",HIGH,Low,650,Diagnostic Laboratory Reports,Consent Verified (Active on Blockchain),AES-256-GCM,vault-transit-key-0x49851c79,Qm864d6a2f1b2c91a02d1326b493d931907514ea15cf60,Pinata Dedicated IPFS Gateway,0.0.4891024,5857,2026-09-13 12:18:48 UTC,0x606bb37cd2b67b85d75cbf1c3c527d691d4949ed2d34c281241536b5ff2c1424,0.0001
LAB-REP-00858,ACC-LAB-001-000858,Apex Diagnostic Reference Labs,0x04Fee3FD1B338d12FFD6dBD8d66dE1e8e0BB99cB,NABL-MC-2091,"Dr. Sunita Narang, MD Path",Amit Mukherjee,849458,0xde9097a0e0b8ec2d4dcc61bd6a3944ffc2b44ce2,49,female,Dr. Ananya Roy,0x9965507D1a55bcC2695C58ba16FB37d819B0A4dc,Max Super Speciality Cancer Institute,Metabolic Panel,Comprehensive Metabolic Panel (CMP),Serum,"Na: 138 mmol/L, K: 4.1 mmol/L, Creat: 1.05 mg/dL","Na: 135-145, K: 3.5-5.0, Creatinine: 0.7-1.3 mg/dL",NORMAL,Medium,1200,Diagnostic Laboratory Reports,Consent Verified (Active on Blockchain),AES-256-GCM,vault-transit-key-0xde9097a0,Qmaa8430a1fdfe1007809a0bbeaeba02ebacbc85736b36,Pinata Dedicated IPFS Gateway,0.0.4891024,5858,2026-09-13 12:18:50 UTC,0x53d1c7adccfaeeb2e2f6f6a12ccc3edc5d447f2016d6e88b1dc198d8eb0d9235,0.0001
LAB-REP-00859,ACC-LAB-002-000859,Dr. Lal PathLabs Central Reference Hub,0x976EA74026E726554dB657fA54763abd0C3a0aa9,NABL-MC-1044,"Dr. Arvind Lal, FRCPath",Ishaan Ghosh,849459,0x4547d73c6d3c629683f3eabc54cf18642ebf5cd5,50,male,Dr. Rohan Patel,0x976EA74026E726554dB657fA54763abd0C3a0aa9,Max Super Speciality Cancer Institute,Cardiology Tests,High-Sensitivity Cardiac Troponin-I (hs-cTnI),Serum / Plasma,hs-cTnI: 1850 ng/L (Markedly Elevated Acute Myocardial Infarction),< 14 ng/L (99th Percentile Upper Reference Limit),CRITICAL_ALERT,Medium,1800,Diagnostic Laboratory Reports,Consent Verified (Active on Blockchain),AES-256-GCM,vault-transit-key-0x4547d73c,Qm5a989f30228f8ab94eed58851cc4a8aa54f7afc64358,Pinata Dedicated IPFS Gateway,0.0.4891024,5859,2026-09-13 12:18:53 UTC,0x87eb68c1fa6f538eaf95696b3e378ab95b7550df79ac3101abcc398196bf4ece,0.0001
LAB-REP-00860,ACC-LAB-002-000860,Dr. Lal PathLabs Central Reference Hub,0x976EA74026E726554dB657fA54763abd0C3a0aa9,NABL-MC-1044,"Dr. Arvind Lal, FRCPath",Sanjay Sharma,849460,0xebb34e443f4bd2487efb092cf98db13b8212c96a,51,female,Dr. Rajesh Sharma,0x3c44CdDdB6a900fa2b585dd299e03d12FA4293BC,Apollo Multispecialty Hospital,Endocrinology Tests,HbA1c Glycated Hemoglobin,Whole Blood (EDTA),HbA1c: 7.6% (Diabetic Range),"<5.7% Normal, 5.7-6.4% Prediabetes, >=6.5% Diabetes",HIGH,Low,650,Diagnostic Laboratory Reports,Consent Verified (Active on Blockchain),AES-256-GCM,vault-transit-key-0xebb34e44,Qma9f930992a910827df49b06ae29969e808d2da587a6d,Pinata Dedicated IPFS Gateway,0.0.4891024,5860,2026-09-13 12:18:55 UTC,0x7b158973649436b00836eacd439bad6e2b46662a1f1ef746ec58246060287657,0.0001
LAB-REP-00861,ACC-LAB-005-000861,SRL Diagnostics Regional Core Lab,0xa0Ee7A142d267C1f36714E4a8F75612F20a79720,NABL-MC-4491,"Dr. Ramesh Sarin, DNB Path",Arjun Reddy,849461,0xc426b0da65f25abcf349d7f87bddaea3621721b0,52,male,Dr. Rajesh Sharma,0x3c44CdDdB6a900fa2b585dd299e03d12FA4293BC,Max Super Speciality Cancer Institute,Lipid Profile,Comprehensive Lipid Panel,Serum (Fasting 12h),"Total Chol: 235 mg/dL (High), LDL: 155 mg/dL, TG: 180 mg/dL","Chol: <200 mg/dL, HDL: >40 mg/dL, LDL: <100 mg/dL, TG: <150 mg/dL",HIGH,Low,850,Diagnostic Laboratory Reports,Consent Verified (Active on Blockchain),AES-256-GCM,vault-transit-key-0xc426b0da,Qm1d07766cfa407f43e1c957bb08ea5c72a6a9bef93fd7,Pinata Dedicated IPFS Gateway,0.0.4891024,5861,2026-09-13 12:18:57 UTC,0xdeb39cc3bf3cf021a627a1eb6a8a987aee992643230e0b0e6cff04c08502ebc7,0.0001
LAB-REP-00862,ACC-LAB-004-000862,Apollo Diagnostics Advanced Enclave,0x23618e81E3f5cdF7f54C3d65f7FBc0aBf5B21E8f,NABL-MC-5102,"Dr. Shanti Swaminathan, MD",Anand Agarwal,849462,0x5c348bed13a50e212579c72fdb1481e054642bfd,53,female,Dr. Sarah Jenkins,0x04Fee3FD1B338d12FFD6dBD8d66dE1e8e0BB99cB,Apex Diagnostic & Pathology Hub,Blood Tests,Complete Blood Count (CBC),Whole Blood (EDTA),"Hb: 13.5 g/dL, WBC: 7200 /uL, Platelets: 2.4 Lakhs/uL (Borderline clinical correlation advised)","Hb: 12-16 g/dL, WBC: 4000-11000 /uL, Platelets: 1.5-4.5 Lakhs/uL",BORDERLINE,Low,450,Diagnostic Laboratory Reports,Consent Verified (Active on Blockchain),AES-256-GCM,vault-transit-key-0x5c348bed,Qmbafc102c11798b63daed2d995d2c15a1e52ac90b7f4e,Pinata Dedicated IPFS Gateway,0.0.4891024,5862,2026-09-13 12:18:59 UTC,0x15acd35dd1ec49d0e84a9811cf7326e9b202d4ef80f1af441f9c209605f293cd,0.0001
LAB-REP-00863,ACC-LAB-003-000863,Metropolis Healthcare Molecular Laboratory,0x14dC79964da2C08b23698B3D3cc7Ca32193d9955,NABL-MC-3819,"Dr. Nilesh Shah, MD",Lata Kulkarni,849463,0x27a035ebbd5cb6ca8d51abaf759418d318e385bb,54,male,Dr. Ananya Roy,0x9965507D1a55bcC2695C58ba16FB37d819B0A4dc,Apollo Multispecialty Hospital,Endocrinology Tests,HbA1c Glycated Hemoglobin,Whole Blood (EDTA),HbA1c: 7.6% (Diabetic Range),"<5.7% Normal, 5.7-6.4% Prediabetes, >=6.5% Diabetes",HIGH,Low,650,Diagnostic Laboratory Reports,Consent Verified (Active on Blockchain),AES-256-GCM,vault-transit-key-0x27a035eb,Qm5036c7b1daa971275758f390862674468d72ca4b4083,Pinata Dedicated IPFS Gateway,0.0.4891024,5863,2026-09-13 12:19:02 UTC,0x038ae8550d9126ab57696864029dae36b36a52f94e3e6ac3234698a7937a61e4,0.0001
LAB-REP-00864,ACC-LAB-003-000864,Metropolis Healthcare Molecular Laboratory,0x14dC79964da2C08b23698B3D3cc7Ca32193d9955,NABL-MC-3819,"Dr. Nilesh Shah, MD",Siddharth Pillai,849464,0x04a7cc31a91849316b1266b9fabaeccfde6618d1,55,female,Dr. Preeti Deshmukh,0x23618e81E3f5cdF7f54C3d65f7FBc0aBf5B21E8f,Care & Cure Pediatric & Maternity Hospital,Blood Tests,Thrombocytopenia Platelet Monitoring,Whole Blood (EDTA),"Platelets: 42,000 /uL (Severe Low)","Platelets: 150,000 - 450,000 /uL",CRITICAL_ALERT,Low,350,Diagnostic Laboratory Reports,Consent Verified (Active on Blockchain),AES-256-GCM,vault-transit-key-0x04a7cc31,Qm2e94d9360216c73cfc663392310bc7a0385feeb810ee,Pinata Dedicated IPFS Gateway,0.0.4891024,5864,2026-09-13 12:19:04 UTC,0xa56392db382a5b6d0f437a0c2e649a69a061b8485aeafe1de3927434d792ed21,0.0001
LAB-REP-00865,ACC-LAB-003-000865,Metropolis Healthcare Molecular Laboratory,0x14dC79964da2C08b23698B3D3cc7Ca32193d9955,NABL-MC-3819,"Dr. Nilesh Shah, MD",Sanjay Agarwal,849465,0x5d441028d55abce8176e195d3d90c9ebc6b63f9d,56,male,Dr. Sarah Jenkins,0x04Fee3FD1B338d12FFD6dBD8d66dE1e8e0BB99cB,Care & Cure Pediatric & Maternity Hospital,Microbiology Tests,Dengue Duo NS1 Ag + IgM/IgG Antibody ELISA,Serum,"Dengue NS1 Antigen: POSITIVE, IgM: Reactive",Non-Reactive / Negative,POSITIVE_ABNORMAL,Medium,1400,Diagnostic Laboratory Reports,Emergency Diagnostic Upload (Pending Verification),AES-256-GCM,vault-transit-key-0x5d441028,Qmf930ae51490116f6e6889596c9444da4b04d29742bf3,Pinata Dedicated IPFS Gateway,0.0.4891024,5865,2026-09-13 12:19:07 UTC,0x63125f96cfc9bf385b16b57dda758e6332b82cda1b462d2c217cb4d52ab1d20a,0.0001
LAB-REP-00866,ACC-LAB-001-000866,Apex Diagnostic Reference Labs,0x04Fee3FD1B338d12FFD6dBD8d66dE1e8e0BB99cB,NABL-MC-2091,"Dr. Sunita Narang, MD Path",Manish Rao,849466,0xaf95925b36f03659eb91b3e0bef74d821692f1f6,57,female,Dr. Vikram Seth,0x15d34AAf54267DB7D7c367839AAf71A00a2C6A65,Fortis Memorial Neuro & Trauma Center,Imaging / Radiology,High-Resolution Non-Contrast Brain CT Scan,Radiological DICOM Imaging,"Small left temporal hemorrhagic contusion, no mass effect",No acute intracranial hemorrhage or midline shift,ABNORMAL_FINDING,Medium,3200,Diagnostic Laboratory Reports,Consent Verified (Active on Blockchain),AES-256-GCM,vault-transit-key-0xaf95925b,Qmf7b954cd096c1901d8b5e9eeeee723ed9783209c9b31,Pinata Dedicated IPFS Gateway,0.0.4891024,5866,2026-09-13 12:19:08 UTC,0xac1c06318047f0198a7c9170e003b2d3c564af97b90e26f7a581fa173b3cae7c,0.0001
LAB-REP-00867,ACC-LAB-002-000867,Dr. Lal PathLabs Central Reference Hub,0x976EA74026E726554dB657fA54763abd0C3a0aa9,NABL-MC-1044,"Dr. Arvind Lal, FRCPath",Kavya Menon,849467,0x6a1182928ac948de4c57a00469c2685d5aeed540,58,male,Dr. Sarah Jenkins,0x04Fee3FD1B338d12FFD6dBD8d66dE1e8e0BB99cB,Care & Cure Pediatric & Maternity Hospital,Pathology / Biopsy,Core Needle Biopsy Histopathology & Immunohistochemistry,Tissue Biopsy in 10% Formalin,"Infiltrating Ductal Carcinoma Grade 2, ER 85%+, PR 60%+, HER2/neu Negative",Benign / No malignancy,MALIGNANT_POSITIVE,High - Genomic/Oncology,4500,Diagnostic Laboratory Reports,Consent Verified (Active on Blockchain),AES-256-GCM,vault-transit-key-0x6a118292,Qm279d672958f3bf3805758275247f7044ca3c6a3f0d4a,Pinata Dedicated IPFS Gateway,0.0.4891024,5867,2026-09-13 12:19:11 UTC,0x0fd97ac1df7ce485361da8dbd0feb44ca46c69c6f82928a178bc2f84af30988c,0.0001
LAB-REP-00868,ACC-LAB-001-000868,Apex Diagnostic Reference Labs,0x04Fee3FD1B338d12FFD6dBD8d66dE1e8e0BB99cB,NABL-MC-2091,"Dr. Sunita Narang, MD Path",Geeta Gowda,849468,0x608d7079a5dbcd774325587f25ecc1078ce457b6,59,female,Dr. Vikram Seth,0x15d34AAf54267DB7D7c367839AAf71A00a2C6A65,Fortis Memorial Neuro & Trauma Center,Endocrinology Tests,HbA1c Glycated Hemoglobin,Whole Blood (EDTA),HbA1c: 7.6% (Diabetic Range),"<5.7% Normal, 5.7-6.4% Prediabetes, >=6.5% Diabetes",HIGH,Low,650,Diagnostic Laboratory Reports,Consent Verified (Active on Blockchain),AES-256-GCM,vault-transit-key-0x608d7079,Qm84ee7dc4c8c0c2dc7a70df095d81194e084d4ab25e4f,Pinata Dedicated IPFS Gateway,0.0.4891024,5868,2026-09-13 12:19:13 UTC,0x214f75d8d1a6442690088eed10aa9b1aa928a16b4e63186e22872032a706bb71,0.0001
LAB-REP-00869,ACC-LAB-002-000869,Dr. Lal PathLabs Central Reference Hub,0x976EA74026E726554dB657fA54763abd0C3a0aa9,NABL-MC-1044,"Dr. Arvind Lal, FRCPath",Riya Ghosh,849469,0x63d39ab959c96bd2def6ca845532b728058ca74c,60,male,Dr. Ananya Roy,0x9965507D1a55bcC2695C58ba16FB37d819B0A4dc,Apollo Multispecialty Hospital,Imaging / Radiology,Whole Body PET-CT Oncology Scan,18F-FDG Radiotracer DICOM,"Hypermetabolic primary lesion, SUVmax 9.2, no distant metastases","Physiological FDG biodistribution, no hypermetabolic malignancy",ABNORMAL_FINDING,High - Genomic/Oncology,18500,Diagnostic Laboratory Reports,Consent Verified (Active on Blockchain),AES-256-GCM,vault-transit-key-0x63d39ab9,Qmf57080e14164e74b4daba9488c7bc941c320fade4879,Pinata Dedicated IPFS Gateway,0.0.4891024,5869,2026-09-13 12:19:15 UTC,0x5ffae84e7bf1eeaa735d64e32f3ffde4df63a645735bde30206afb061d80c316,0.0001
LAB-REP-00870,ACC-LAB-003-000870,Metropolis Healthcare Molecular Laboratory,0x14dC79964da2C08b23698B3D3cc7Ca32193d9955,NABL-MC-3819,"Dr. Nilesh Shah, MD",Riya Gowda,849470,0x9c551bfff0c91900a0076288426f9d74fd08ac3e,61,female,Dr. Rajesh Sharma,0x3c44CdDdB6a900fa2b585dd299e03d12FA4293BC,Apex Diagnostic & Pathology Hub,Imaging / Radiology,High-Resolution Non-Contrast Brain CT Scan,Radiological DICOM Imaging,"Small left temporal hemorrhagic contusion, no mass effect",No acute intracranial hemorrhage or midline shift,ABNORMAL_FINDING,Medium,3200,Diagnostic Laboratory Reports,Emergency Diagnostic Upload (Pending Verification),AES-256-GCM,vault-transit-key-0x9c551bff,Qmd5de00d3fd8e6d1b2233a6223d6a922c225d99cc2d71,Pinata Dedicated IPFS Gateway,0.0.4891024,5870,2026-09-13 12:19:17 UTC,0x1cec96f5615c783b1772fd124209ba1a2c0442e0a22c5bed96b0641d29ffb5af,0.0001
LAB-REP-00871,ACC-LAB-004-000871,Apollo Diagnostics Advanced Enclave,0x23618e81E3f5cdF7f54C3d65f7FBc0aBf5B21E8f,NABL-MC-5102,"Dr. Shanti Swaminathan, MD",Vikas Chatterjee,849471,0x734b9b1133a07bcb33b47a8d9cf50b10520f116f,62,male,Dr. Ananya Roy,0x9965507D1a55bcC2695C58ba16FB37d819B0A4dc,Care & Cure Pediatric & Maternity Hospital,Kidney Function Tests,Renal Function Profile (KFT),Serum,"BUN: 14 mg/dL, Creatinine: 0.9 mg/dL, eGFR: 92 mL/min (Borderline clinical correlation advised)","BUN: 7-20 mg/dL, Creatinine: 0.6-1.2 mg/dL, eGFR: >60 mL/min",BORDERLINE,Low,850,Diagnostic Laboratory Reports,Consent Verified (Active on Blockchain),AES-256-GCM,vault-transit-key-0x734b9b11,Qm1b6467028273a70db2992b365830990a9ff9f26387a8,Pinata Dedicated IPFS Gateway,0.0.4891024,5871,2026-09-13 12:19:20 UTC,0xe62feab63f55d44311a911b04a940a5d2cf2de4449f3ab2229ec5a63f955ca47,0.0001
LAB-REP-00872,ACC-LAB-002-000872,Dr. Lal PathLabs Central Reference Hub,0x976EA74026E726554dB657fA54763abd0C3a0aa9,NABL-MC-1044,"Dr. Arvind Lal, FRCPath",Tanvi Patel,849472,0xbc78bde2fa9426556531d072fdeabf3f1c294b47,63,female,Dr. Sarah Jenkins,0x04Fee3FD1B338d12FFD6dBD8d66dE1e8e0BB99cB,Apex Diagnostic & Pathology Hub,Metabolic Panel,Comprehensive Metabolic Panel (CMP),Serum,"Na: 138 mmol/L, K: 4.1 mmol/L, Creat: 1.05 mg/dL","Na: 135-145, K: 3.5-5.0, Creatinine: 0.7-1.3 mg/dL",NORMAL,Medium,1200,Diagnostic Laboratory Reports,Consent Verified (Active on Blockchain),AES-256-GCM,vault-transit-key-0xbc78bde2,Qme7f7d5003baf890f427b7df2f2f876a0a30938c1146c,Pinata Dedicated IPFS Gateway,0.0.4891024,5872,2026-09-13 12:19:22 UTC,0xb80781ac6afc812e038445ef9f3e7d45bfdfe3cedee6d11706c685964a0f8d37,0.0001
LAB-REP-00873,ACC-LAB-005-000873,SRL Diagnostics Regional Core Lab,0xa0Ee7A142d267C1f36714E4a8F75612F20a79720,NABL-MC-4491,"Dr. Ramesh Sarin, DNB Path",Sakshi Chatterjee,849473,0x3f10d6412ce07c162a62e8711cd5ed4ab140ec3b,64,male,Dr. Sarah Jenkins,0x04Fee3FD1B338d12FFD6dBD8d66dE1e8e0BB99cB,Care & Cure Pediatric & Maternity Hospital,Pathology / Biopsy,Core Needle Biopsy Histopathology & Immunohistochemistry,Tissue Biopsy in 10% Formalin,"Infiltrating Ductal Carcinoma Grade 2, ER 85%+, PR 60%+, HER2/neu Negative",Benign / No malignancy,MALIGNANT_POSITIVE,High - Genomic/Oncology,4500,Diagnostic Laboratory Reports,Consent Verified (Active on Blockchain),AES-256-GCM,vault-transit-key-0x3f10d641,Qm175eb1f92b44b8625d7343f0d477f16bd196cc73eced,Pinata Dedicated IPFS Gateway,0.0.4891024,5873,2026-09-13 12:19:25 UTC,0x009003b278376e860fd8e028635dfa25a3a633a4f5e6663bc2e87ce1a2a98a7b,0.0001
LAB-REP-00874,ACC-LAB-002-000874,Dr. Lal PathLabs Central Reference Hub,0x976EA74026E726554dB657fA54763abd0C3a0aa9,NABL-MC-1044,"Dr. Arvind Lal, FRCPath",Nandini Verma,849474,0x5e516849993dc963861eb740cb33993854a633d4,65,female,Dr. Rajesh Sharma,0x3c44CdDdB6a900fa2b585dd299e03d12FA4293BC,Max Super Speciality Cancer Institute,Blood Tests,Thrombocytopenia Platelet Monitoring,Whole Blood (EDTA),"Platelets: 42,000 /uL (Severe Low)","Platelets: 150,000 - 450,000 /uL",CRITICAL_ALERT,Low,350,Diagnostic Laboratory Reports,Consent Verified (Active on Blockchain),AES-256-GCM,vault-transit-key-0x5e516849,Qmf5eafb75a56389f207d0e09ee9702fa0bcbe32aae279,Pinata Dedicated IPFS Gateway,0.0.4891024,5874,2026-09-13 12:19:27 UTC,0x210b285f74b7196ea1e0f5eaee91c9ffd5e084a707e06b4d7233d1f01ec9e552,0.0001
LAB-REP-00875,ACC-LAB-005-000875,SRL Diagnostics Regional Core Lab,0xa0Ee7A142d267C1f36714E4a8F75612F20a79720,NABL-MC-4491,"Dr. Ramesh Sarin, DNB Path",Amit Kulkarni,849475,0x92fbc70cadb0e489763655ac33b5f6c58d891773,66,male,Dr. Preeti Deshmukh,0x23618e81E3f5cdF7f54C3d65f7FBc0aBf5B21E8f,Care & Cure Pediatric & Maternity Hospital,Blood Tests,Complete Blood Count (CBC),Whole Blood (EDTA),"Hb: 13.5 g/dL, WBC: 7200 /uL, Platelets: 2.4 Lakhs/uL","Hb: 12-16 g/dL, WBC: 4000-11000 /uL, Platelets: 1.5-4.5 Lakhs/uL",NORMAL,Low,450,Diagnostic Laboratory Reports,Consent Verified (Active on Blockchain),AES-256-GCM,vault-transit-key-0x92fbc70c,Qm8840cbc647a5c9f0509fae1bbbf9d7f5dab4f0b90a82,Pinata Dedicated IPFS Gateway,0.0.4891024,5875,2026-09-13 12:19:29 UTC,0x8e98c6bb3c0d90f5237e9c2952f59d7517496047ea20678b31c7abdcf76a2d3b,0.0001
LAB-REP-00876,ACC-LAB-003-000876,Metropolis Healthcare Molecular Laboratory,0x14dC79964da2C08b23698B3D3cc7Ca32193d9955,NABL-MC-3819,"Dr. Nilesh Shah, MD",Varun Iyer,849476,0x7e5614d6c2deb4e30f4b1a8845405c04e8bd6356,67,female,Dr. Rajesh Sharma,0x3c44CdDdB6a900fa2b585dd299e03d12FA4293BC,Max Super Speciality Cancer Institute,Metabolic Panel,Comprehensive Metabolic Panel (CMP),Serum,"Na: 138 mmol/L, K: 4.1 mmol/L, Creat: 1.05 mg/dL","Na: 135-145, K: 3.5-5.0, Creatinine: 0.7-1.3 mg/dL",NORMAL,Medium,1200,Diagnostic Laboratory Reports,Consent Verified (Active on Blockchain),AES-256-GCM,vault-transit-key-0x7e5614d6,Qm6511217fe7eee47c484bb3abbc2212c09332e64ce4dd,Pinata Dedicated IPFS Gateway,0.0.4891024,5876,2026-09-13 12:19:31 UTC,0x0b8e3a4d255b0589efe09a84ad16547ac5c75f252c3b2602e86ea9ed223033c0,0.0001
LAB-REP-00877,ACC-LAB-002-000877,Dr. Lal PathLabs Central Reference Hub,0x976EA74026E726554dB657fA54763abd0C3a0aa9,NABL-MC-1044,"Dr. Arvind Lal, FRCPath",Sanjay Saxena,849477,0x1d9b448fb1abb29786dd36dda3ee45ffbc83e9ac,68,male,Dr. Sarah Jenkins,0x04Fee3FD1B338d12FFD6dBD8d66dE1e8e0BB99cB,Max Super Speciality Cancer Institute,Endocrinology Tests,HbA1c Glycated Hemoglobin,Whole Blood (EDTA),HbA1c: 7.6% (Diabetic Range),"<5.7% Normal, 5.7-6.4% Prediabetes, >=6.5% Diabetes",HIGH,Low,650,Diagnostic Laboratory Reports,Consent Verified (Active on Blockchain),AES-256-GCM,vault-transit-key-0x1d9b448f,Qm9b515499d187385640c0eeb39a08c187b72309edd8c3,Pinata Dedicated IPFS Gateway,0.0.4891024,5877,2026-09-13 12:19:33 UTC,0x462bdf1623f117443b13e7abbab32ad1b9df0bd3dce13faf33cfffec3e09bec5,0.0001
LAB-REP-00878,ACC-LAB-005-000878,SRL Diagnostics Regional Core Lab,0xa0Ee7A142d267C1f36714E4a8F75612F20a79720,NABL-MC-4491,"Dr. Ramesh Sarin, DNB Path",Riya Kulkarni,849478,0x9ada971b64510be515a722836d3426e671b39f21,69,female,Dr. Vikram Seth,0x15d34AAf54267DB7D7c367839AAf71A00a2C6A65,Care & Cure Pediatric & Maternity Hospital,Lipid Profile,Comprehensive Lipid Panel,Serum (Fasting 12h),"Total Chol: 235 mg/dL (High), LDL: 155 mg/dL, TG: 180 mg/dL","Chol: <200 mg/dL, HDL: >40 mg/dL, LDL: <100 mg/dL, TG: <150 mg/dL",HIGH,Low,850,Diagnostic Laboratory Reports,Emergency Diagnostic Upload (Pending Verification),AES-256-GCM,vault-transit-key-0x9ada971b,Qm29632349e67a413a9529f367b5d802c8b7e1c380b39c,Pinata Dedicated IPFS Gateway,0.0.4891024,5878,2026-09-13 12:19:35 UTC,0x586a6b8bfce3bcfcbfe8641c3e07af39cee93c6ed3463ac8dc6a04fe17fde150,0.0001
LAB-REP-00879,ACC-LAB-002-000879,Dr. Lal PathLabs Central Reference Hub,0x976EA74026E726554dB657fA54763abd0C3a0aa9,NABL-MC-1044,"Dr. Arvind Lal, FRCPath",Divya Choudhury,849479,0xa4065ec35a58f760ada0d396e31a44f9bcc72352,70,male,Dr. Rohan Patel,0x976EA74026E726554dB657fA54763abd0C3a0aa9,Fortis Memorial Neuro & Trauma Center,Lipid Profile,Comprehensive Lipid Panel,Serum (Fasting 12h),"Total Chol: 235 mg/dL (High), LDL: 155 mg/dL, TG: 180 mg/dL","Chol: <200 mg/dL, HDL: >40 mg/dL, LDL: <100 mg/dL, TG: <150 mg/dL",HIGH,Low,850,Diagnostic Laboratory Reports,Consent Verified (Active on Blockchain),AES-256-GCM,vault-transit-key-0xa4065ec3,Qm57baa2a79a9f4a8d3af6cee0e471e618e53340d91c48,Pinata Dedicated IPFS Gateway,0.0.4891024,5879,2026-09-13 12:19:37 UTC,0xcae6b92d98362c1985c6bc6f2cca01b37e1170a92eccc9b597d68b47a1357aa1,0.0001
LAB-REP-00880,ACC-LAB-003-000880,Metropolis Healthcare Molecular Laboratory,0x14dC79964da2C08b23698B3D3cc7Ca32193d9955,NABL-MC-3819,"Dr. Nilesh Shah, MD",Priyanka Banerjee,849480,0xc3a7773e457af48faff536e6cfd5ffebf7c1dbc0,71,female,Dr. Sunita Narang,0xBcd4042DE499D14e55001CcbB24a551F3b954096,Max Super Speciality Cancer Institute,Microbiology Tests,Dengue Duo NS1 Ag + IgM/IgG Antibody ELISA,Serum,"Dengue NS1 Antigen: POSITIVE, IgM: Reactive",Non-Reactive / Negative,POSITIVE_ABNORMAL,Medium,1400,Diagnostic Laboratory Reports,Consent Verified (Active on Blockchain),AES-256-GCM,vault-transit-key-0xc3a7773e,Qm27cec55d985f2c8e420e1cbf8216733f75ebf5d280d6,Pinata Dedicated IPFS Gateway,0.0.4891024,5880,2026-09-13 12:19:40 UTC,0xaa652f7594cea405aa40316b5bdce1fe4853e1e2c49a93153625366e91e6bc8a,0.0001
LAB-REP-00881,ACC-LAB-002-000881,Dr. Lal PathLabs Central Reference Hub,0x976EA74026E726554dB657fA54763abd0C3a0aa9,NABL-MC-1044,"Dr. Arvind Lal, FRCPath",Manish Mukherjee,849481,0x73df3fb69a44050ef08c275bc70ee6d943b32b70,72,male,Dr. Preeti Deshmukh,0x23618e81E3f5cdF7f54C3d65f7FBc0aBf5B21E8f,Apollo Multispecialty Hospital,Lipid Profile,Comprehensive Lipid Panel,Serum (Fasting 12h),"Total Chol: 235 mg/dL (High), LDL: 155 mg/dL, TG: 180 mg/dL","Chol: <200 mg/dL, HDL: >40 mg/dL, LDL: <100 mg/dL, TG: <150 mg/dL",HIGH,Low,850,Diagnostic Laboratory Reports,Consent Verified (Active on Blockchain),AES-256-GCM,vault-transit-key-0x73df3fb6,Qm2bcf879cdac3f4d698de39436f7a4ecf513a2d0c98d0,Pinata Dedicated IPFS Gateway,0.0.4891024,5881,2026-09-13 12:19:42 UTC,0xe2f62661a2465164a4b6487e3feea24439f9816d9072ecdc63845d59cdddeb11,0.0001
LAB-REP-00882,ACC-LAB-005-000882,SRL Diagnostics Regional Core Lab,0xa0Ee7A142d267C1f36714E4a8F75612F20a79720,NABL-MC-4491,"Dr. Ramesh Sarin, DNB Path",Sanjay Agarwal,849482,0x119e698e25b2b3a886a2482ae36951c482aef870,73,female,Dr. Sunita Narang,0xBcd4042DE499D14e55001CcbB24a551F3b954096,Care & Cure Pediatric & Maternity Hospital,Endocrinology Tests,HbA1c Glycated Hemoglobin,Whole Blood (EDTA),HbA1c: 7.6% (Diabetic Range),"<5.7% Normal, 5.7-6.4% Prediabetes, >=6.5% Diabetes",HIGH,Low,650,Diagnostic Laboratory Reports,Consent Verified (Active on Blockchain),AES-256-GCM,vault-transit-key-0x119e698e,Qm2ca3e97e05a7dcc3420741af195e44016ec18dfde68c,Pinata Dedicated IPFS Gateway,0.0.4891024,5882,2026-09-13 12:19:44 UTC,0x431c4ee1dd55fb7d29bd1a95ea7bfe32dbf047755d93df7af01970ce8288e85d,0.0001
LAB-REP-00883,ACC-LAB-005-000883,SRL Diagnostics Regional Core Lab,0xa0Ee7A142d267C1f36714E4a8F75612F20a79720,NABL-MC-4491,"Dr. Ramesh Sarin, DNB Path",Amit Gowda,849483,0xc1f6d5c72b2fde534951033f77f130e1895a6748,74,male,Dr. Preeti Deshmukh,0x23618e81E3f5cdF7f54C3d65f7FBc0aBf5B21E8f,Fortis Memorial Neuro & Trauma Center,Blood Tests,Thrombocytopenia Platelet Monitoring,Whole Blood (EDTA),"Platelets: 42,000 /uL (Severe Low)","Platelets: 150,000 - 450,000 /uL",CRITICAL_ALERT,Low,350,Diagnostic Laboratory Reports,Consent Verified (Active on Blockchain),AES-256-GCM,vault-transit-key-0xc1f6d5c7,Qmfa0e9cd92b3ab251dc02007046647b8b49e04c844f55,Pinata Dedicated IPFS Gateway,0.0.4891024,5883,2026-09-13 12:19:47 UTC,0x5425b7fbdb7cc1a2fde9289a53466b621c063b55fb0637d4151406a4d31c67b6,0.0001
LAB-REP-00884,ACC-LAB-004-000884,Apollo Diagnostics Advanced Enclave,0x23618e81E3f5cdF7f54C3d65f7FBc0aBf5B21E8f,NABL-MC-5102,"Dr. Shanti Swaminathan, MD",Nikhil Hegde,849484,0xef58bd817f8de9b9c846bc73907452a5c7e72f38,75,female,Dr. Ananya Roy,0x9965507D1a55bcC2695C58ba16FB37d819B0A4dc,Fortis Memorial Neuro & Trauma Center,Microbiology Tests,Dengue Duo NS1 Ag + IgM/IgG Antibody ELISA,Serum,"Dengue NS1 Antigen: POSITIVE, IgM: Reactive",Non-Reactive / Negative,POSITIVE_ABNORMAL,Medium,1400,Diagnostic Laboratory Reports,Consent Verified (Active on Blockchain),AES-256-GCM,vault-transit-key-0xef58bd81,Qmad047043d8b6995e86774430500b4bf736aabc1d738d,Pinata Dedicated IPFS Gateway,0.0.4891024,5884,2026-09-13 12:19:49 UTC,0x42896f9ab57a0d8521bf5668e094b0d591d116d88db142d1c4707b20be39e683,0.0001
LAB-REP-00885,ACC-LAB-005-000885,SRL Diagnostics Regional Core Lab,0xa0Ee7A142d267C1f36714E4a8F75612F20a79720,NABL-MC-4491,"Dr. Ramesh Sarin, DNB Path",Pooja Malhotra,849485,0x67fa3153058a3d19d6918b39635173e6d6e7af03,76,male,Dr. Rajesh Sharma,0x3c44CdDdB6a900fa2b585dd299e03d12FA4293BC,Apollo Multispecialty Hospital,Blood Tests,Thrombocytopenia Platelet Monitoring,Whole Blood (EDTA),"Platelets: 42,000 /uL (Severe Low)","Platelets: 150,000 - 450,000 /uL",CRITICAL_ALERT,Low,350,Diagnostic Laboratory Reports,Consent Verified (Active on Blockchain),AES-256-GCM,vault-transit-key-0x67fa3153,Qma594ff9692df6912c20cdf756ec18b0082f69315ce10,Pinata Dedicated IPFS Gateway,0.0.4891024,5885,2026-09-13 12:19:51 UTC,0x35b76119ba018a20e5366371187f3ca9fe50eb465aa5be23002a4f7d49d08234,0.0001
LAB-REP-00886,ACC-LAB-004-000886,Apollo Diagnostics Advanced Enclave,0x23618e81E3f5cdF7f54C3d65f7FBc0aBf5B21E8f,NABL-MC-5102,"Dr. Shanti Swaminathan, MD",Aditi Ghosh,849486,0x3d53c92b0d832f318702a016fff13261c7c9ec9e,77,female,Dr. Sunita Narang,0xBcd4042DE499D14e55001CcbB24a551F3b954096,Fortis Memorial Neuro & Trauma Center,Metabolic Panel,Comprehensive Metabolic Panel (CMP),Serum,"Na: 138 mmol/L, K: 4.1 mmol/L, Creat: 1.05 mg/dL","Na: 135-145, K: 3.5-5.0, Creatinine: 0.7-1.3 mg/dL",NORMAL,Medium,1200,Diagnostic Laboratory Reports,Consent Verified (Active on Blockchain),AES-256-GCM,vault-transit-key-0x3d53c92b,Qm0dcc39b0203bada799d79542a44b690e1eb097ccde86,Pinata Dedicated IPFS Gateway,0.0.4891024,5886,2026-09-13 12:19:53 UTC,0xb841143e7b9f4c40666ebbbed8e3143fdedeb9444e33a7133c3e66cf73ec5a32,0.0001
LAB-REP-00887,ACC-LAB-002-000887,Dr. Lal PathLabs Central Reference Hub,0x976EA74026E726554dB657fA54763abd0C3a0aa9,NABL-MC-1044,"Dr. Arvind Lal, FRCPath",Varun Banerjee,849487,0x447ad2c1362fb55db3defc5f8a3e9e6b4449ecd8,78,male,Dr. Sunita Narang,0xBcd4042DE499D14e55001CcbB24a551F3b954096,Fortis Memorial Neuro & Trauma Center,Blood Tests,Thrombocytopenia Platelet Monitoring,Whole Blood (EDTA),"Platelets: 42,000 /uL (Severe Low)","Platelets: 150,000 - 450,000 /uL",CRITICAL_ALERT,Low,350,Diagnostic Laboratory Reports,Consent Verified (Active on Blockchain),AES-256-GCM,vault-transit-key-0x447ad2c1,Qm1f4b0293bea6e86900d9f87fede19672c2ad80b21543,Pinata Dedicated IPFS Gateway,0.0.4891024,5887,2026-09-13 12:19:56 UTC,0x539e16a128fabb24c3ffda73cd61fdd660e2a6fb7eac25e8172885a786222e4d,0.0001
LAB-REP-00888,ACC-LAB-003-000888,Metropolis Healthcare Molecular Laboratory,0x14dC79964da2C08b23698B3D3cc7Ca32193d9955,NABL-MC-3819,"Dr. Nilesh Shah, MD",Neha Deshmukh,849488,0xd5e940c9e05f407e5c7c275e24c47cb99dbaf6d0,79,female,Dr. Vikram Seth,0x15d34AAf54267DB7D7c367839AAf71A00a2C6A65,Max Super Speciality Cancer Institute,Imaging / Radiology,Whole Body PET-CT Oncology Scan,18F-FDG Radiotracer DICOM,"Hypermetabolic primary lesion, SUVmax 9.2, no distant metastases","Physiological FDG biodistribution, no hypermetabolic malignancy",ABNORMAL_FINDING,High - Genomic/Oncology,18500,Diagnostic Laboratory Reports,Emergency Diagnostic Upload (Pending Verification),AES-256-GCM,vault-transit-key-0xd5e940c9,Qm3b94dd5ca5ccf5c98745b9e1cec0318fc1f1a59f2da8,Pinata Dedicated IPFS Gateway,0.0.4891024,5888,2026-09-13 12:19:58 UTC,0x38fcc4c2b7ec92c132a25dc341cadc863153b1007101f33b96d3a292ed15aa5c,0.0001
LAB-REP-00889,ACC-LAB-004-000889,Apollo Diagnostics Advanced Enclave,0x23618e81E3f5cdF7f54C3d65f7FBc0aBf5B21E8f,NABL-MC-5102,"Dr. Shanti Swaminathan, MD",Shreya Shetty,849489,0x52145d7570dc17a3479e82019c4b35fb145d79ef,80,male,Dr. Vikram Seth,0x15d34AAf54267DB7D7c367839AAf71A00a2C6A65,Care & Cure Pediatric & Maternity Hospital,Microbiology Tests,Dengue Duo NS1 Ag + IgM/IgG Antibody ELISA,Serum,"Dengue NS1 Antigen: POSITIVE, IgM: Reactive",Non-Reactive / Negative,POSITIVE_ABNORMAL,Medium,1400,Diagnostic Laboratory Reports,Consent Verified (Active on Blockchain),AES-256-GCM,vault-transit-key-0x52145d75,Qm638b73c7426cd01c2c946835f08929a43dc1937890de,Pinata Dedicated IPFS Gateway,0.0.4891024,5889,2026-09-13 12:20:00 UTC,0x5e43559a3d8d699314a76b1335b39e85b2d7e553331d4aefb8f8ead29548aa3e,0.0001
LAB-REP-00890,ACC-LAB-004-000890,Apollo Diagnostics Advanced Enclave,0x23618e81E3f5cdF7f54C3d65f7FBc0aBf5B21E8f,NABL-MC-5102,"Dr. Shanti Swaminathan, MD",Rahul Mishra,849490,0x00f48f41c33c1f289b2afb8834d553723549eca8,81,female,Dr. Rohan Patel,0x976EA74026E726554dB657fA54763abd0C3a0aa9,Fortis Memorial Neuro & Trauma Center,Microbiology Tests,Dengue Duo NS1 Ag + IgM/IgG Antibody ELISA,Serum,"Dengue NS1 Antigen: POSITIVE, IgM: Reactive",Non-Reactive / Negative,POSITIVE_ABNORMAL,Medium,1400,Diagnostic Laboratory Reports,Consent Verified (Active on Blockchain),AES-256-GCM,vault-transit-key-0x00f48f41,Qmd24a016481c8f672039a431861d603c50420457019da,Pinata Dedicated IPFS Gateway,0.0.4891024,5890,2026-09-13 12:20:02 UTC,0x19f063a0037041d82fee864ed9f65501fe70853e0ab90fcba4b1682d6fdd8bcd,0.0001
LAB-REP-00891,ACC-LAB-005-000891,SRL Diagnostics Regional Core Lab,0xa0Ee7A142d267C1f36714E4a8F75612F20a79720,NABL-MC-4491,"Dr. Ramesh Sarin, DNB Path",Rakesh Ghosh,849491,0x4bbb3cf602f59ce2f83589760bced3e0eda47d4e,82,male,Dr. Vikram Seth,0x15d34AAf54267DB7D7c367839AAf71A00a2C6A65,Fortis Memorial Neuro & Trauma Center,Blood Tests,Thrombocytopenia Platelet Monitoring,Whole Blood (EDTA),"Platelets: 42,000 /uL (Severe Low)","Platelets: 150,000 - 450,000 /uL",CRITICAL_ALERT,Low,350,Diagnostic Laboratory Reports,Consent Verified (Active on Blockchain),AES-256-GCM,vault-transit-key-0x4bbb3cf6,Qm37311dc81e4c2124849918b1590799c7982d107573ff,Pinata Dedicated IPFS Gateway,0.0.4891024,5891,2026-09-13 12:20:05 UTC,0x9bf34b927f212beef09bd7dce72e373e35567fb68e0d4dd52bae53bd1e6eacd3,0.0001
LAB-REP-00892,ACC-LAB-001-000892,Apex Diagnostic Reference Labs,0x04Fee3FD1B338d12FFD6dBD8d66dE1e8e0BB99cB,NABL-MC-2091,"Dr. Sunita Narang, MD Path",Kavya Mehta,849492,0x4a66139cf1ab60b295bfe26211067c946e1c5b82,83,female,Dr. Ananya Roy,0x9965507D1a55bcC2695C58ba16FB37d819B0A4dc,Apex Diagnostic & Pathology Hub,Metabolic Panel,Comprehensive Metabolic Panel (CMP),Serum,"Na: 138 mmol/L, K: 4.1 mmol/L, Creat: 1.05 mg/dL","Na: 135-145, K: 3.5-5.0, Creatinine: 0.7-1.3 mg/dL",NORMAL,Medium,1200,Diagnostic Laboratory Reports,Consent Verified (Active on Blockchain),AES-256-GCM,vault-transit-key-0x4a66139c,Qm4628f19506a2e296cb2639e48d56517629a8c8dbb3a6,Pinata Dedicated IPFS Gateway,0.0.4891024,5892,2026-09-13 12:20:07 UTC,0xaf326fa2db894f488f998c2467f93c3693b55e852512deac5e6ed1be31274283,0.0001
LAB-REP-00893,ACC-LAB-003-000893,Metropolis Healthcare Molecular Laboratory,0x14dC79964da2C08b23698B3D3cc7Ca32193d9955,NABL-MC-3819,"Dr. Nilesh Shah, MD",Geeta Malhotra,849493,0x672c3791db044e90a1bf68027d0d11013e9d41fc,84,male,Dr. Sunita Narang,0xBcd4042DE499D14e55001CcbB24a551F3b954096,Apollo Multispecialty Hospital,Metabolic Panel,Comprehensive Metabolic Panel (CMP),Serum,"Na: 138 mmol/L, K: 4.1 mmol/L, Creat: 1.05 mg/dL","Na: 135-145, K: 3.5-5.0, Creatinine: 0.7-1.3 mg/dL",NORMAL,Medium,1200,Diagnostic Laboratory Reports,Consent Verified (Active on Blockchain),AES-256-GCM,vault-transit-key-0x672c3791,Qmbad71150044006c6cb5dfa066748d5f5fdc8838e3bbd,Pinata Dedicated IPFS Gateway,0.0.4891024,5893,2026-09-13 12:20:09 UTC,0x119fd3da6b96a95503c8beda2f4b0af5d70b39ee027482dc26edf67c10c221c6,0.0001
LAB-REP-00894,ACC-LAB-004-000894,Apollo Diagnostics Advanced Enclave,0x23618e81E3f5cdF7f54C3d65f7FBc0aBf5B21E8f,NABL-MC-5102,"Dr. Shanti Swaminathan, MD",Kavya Gowda,849494,0x169cf7918c01cd5d639e0649b9c03c0bdaafea83,85,female,Dr. Ananya Roy,0x9965507D1a55bcC2695C58ba16FB37d819B0A4dc,Care & Cure Pediatric & Maternity Hospital,Metabolic Panel,Comprehensive Metabolic Panel (CMP),Serum,"Na: 138 mmol/L, K: 4.1 mmol/L, Creat: 1.05 mg/dL","Na: 135-145, K: 3.5-5.0, Creatinine: 0.7-1.3 mg/dL",NORMAL,Medium,1200,Diagnostic Laboratory Reports,Consent Verified (Active on Blockchain),AES-256-GCM,vault-transit-key-0x169cf791,Qm19e333b98f4c46710b5de0347478b2bbc46b8b7edc04,Pinata Dedicated IPFS Gateway,0.0.4891024,5894,2026-09-13 12:20:11 UTC,0x64565f6deab3f85e6100b6d3e896102d5e632c6f2b3719a11c6e98f59cd94e44,0.0001
LAB-REP-00895,ACC-LAB-004-000895,Apollo Diagnostics Advanced Enclave,0x23618e81E3f5cdF7f54C3d65f7FBc0aBf5B21E8f,NABL-MC-5102,"Dr. Shanti Swaminathan, MD",Aditi Agarwal,849495,0x5068d665cf7d90e4895e3ad38d5f4f49c0f2f0f8,86,male,Dr. Rohan Patel,0x976EA74026E726554dB657fA54763abd0C3a0aa9,Max Super Speciality Cancer Institute,Liver Function Tests,Liver Function Profile (LFT),Serum,"ALT: 88 U/L (High), AST: 74 U/L (High), Total Bili: 1.8 mg/dL","ALT: 7-56 U/L, AST: 10-40 U/L, Bilirubin: 0.1-1.2 mg/dL",HIGH,Low,950,Diagnostic Laboratory Reports,Consent Verified (Active on Blockchain),AES-256-GCM,vault-transit-key-0x5068d665,Qma07fe466cbd79a065b82444819fe47345413ab41230f,Pinata Dedicated IPFS Gateway,0.0.4891024,5895,2026-09-13 12:20:14 UTC,0x5dda1c973845d4369c14d542ea99dea8662df94c1e043d00d74c7a5066401dda,0.0001
LAB-REP-00896,ACC-LAB-002-000896,Dr. Lal PathLabs Central Reference Hub,0x976EA74026E726554dB657fA54763abd0C3a0aa9,NABL-MC-1044,"Dr. Arvind Lal, FRCPath",Kavya Patel,849496,0x62f12e10516521d5655cb07c8d1454fd18f73fb2,87,female,Dr. Rohan Patel,0x976EA74026E726554dB657fA54763abd0C3a0aa9,Apollo Multispecialty Hospital,Liver Function Tests,Liver Function Profile (LFT),Serum,"ALT: 88 U/L (High), AST: 74 U/L (High), Total Bili: 1.8 mg/dL","ALT: 7-56 U/L, AST: 10-40 U/L, Bilirubin: 0.1-1.2 mg/dL",HIGH,Low,950,Diagnostic Laboratory Reports,Consent Verified (Active on Blockchain),AES-256-GCM,vault-transit-key-0x62f12e10,Qm99b42bb4535dc6b18f64855624f8082b4994d9c49fe9,Pinata Dedicated IPFS Gateway,0.0.4891024,5896,2026-09-13 12:20:16 UTC,0xd286fc2c38ccbd9c98c9f7f0181905cae515f2046965f74e5a787684bc9c1379,0.0001
LAB-REP-00897,ACC-LAB-001-000897,Apex Diagnostic Reference Labs,0x04Fee3FD1B338d12FFD6dBD8d66dE1e8e0BB99cB,NABL-MC-2091,"Dr. Sunita Narang, MD Path",Shreya Swaminathan,849497,0x5d0a189c891e7663fac48153aec81ddfdf8a51cc,88,male,Dr. Rajesh Sharma,0x3c44CdDdB6a900fa2b585dd299e03d12FA4293BC,Max Super Speciality Cancer Institute,Imaging / Radiology,Whole Body PET-CT Oncology Scan,18F-FDG Radiotracer DICOM,"Hypermetabolic primary lesion, SUVmax 9.2, no distant metastases","Physiological FDG biodistribution, no hypermetabolic malignancy",ABNORMAL_FINDING,High - Genomic/Oncology,18500,Diagnostic Laboratory Reports,Consent Verified (Active on Blockchain),AES-256-GCM,vault-transit-key-0x5d0a189c,Qmd71389e72215437bb94637c6c5fb825bdcf4e46cae9a,Pinata Dedicated IPFS Gateway,0.0.4891024,5897,2026-09-13 12:20:18 UTC,0xcc4270ac62139525af11a3b39e4c730241baf2e0c7e559e9f1a5736f7ea78667,0.0001
LAB-REP-00898,ACC-LAB-001-000898,Apex Diagnostic Reference Labs,0x04Fee3FD1B338d12FFD6dBD8d66dE1e8e0BB99cB,NABL-MC-2091,"Dr. Sunita Narang, MD Path",Yashwanth Pandey,849498,0x809bfe9845a6fec94c09d20b3608c7af0099487a,89,female,Dr. Vikram Seth,0x15d34AAf54267DB7D7c367839AAf71A00a2C6A65,Fortis Memorial Neuro & Trauma Center,Endocrinology Tests,"Thyroid Function Panel (TSH, Free T3, Free T4)",Serum,"TSH: 6.8 uIU/mL (Hypothyroid), FT4: 0.72 ng/dL (Low)","TSH: 0.45-4.5 uIU/mL, FT3: 2.0-4.4 pg/mL, FT4: 0.8-1.8 ng/dL",LOW,Low,750,Diagnostic Laboratory Reports,Consent Verified (Active on Blockchain),AES-256-GCM,vault-transit-key-0x809bfe98,Qm8bd6deb32638b71a927bc3a055263563984121ebbe81,Pinata Dedicated IPFS Gateway,0.0.4891024,5898,2026-09-13 12:20:21 UTC,0x613082e3e8ecdab669ef7dac27598393a72bd8f95116a2eccb8deff3324f3baa,0.0001
LAB-REP-00899,ACC-LAB-001-000899,Apex Diagnostic Reference Labs,0x04Fee3FD1B338d12FFD6dBD8d66dE1e8e0BB99cB,NABL-MC-2091,"Dr. Sunita Narang, MD Path",Kavya Bhatia,849499,0x1e79e5041c5add67d0400f4a1937953376757e94,90,male,Dr. Sunita Narang,0xBcd4042DE499D14e55001CcbB24a551F3b954096,Apex Diagnostic & Pathology Hub,Liver Function Tests,Liver Function Profile (LFT),Serum,"ALT: 88 U/L (High), AST: 74 U/L (High), Total Bili: 1.8 mg/dL","ALT: 7-56 U/L, AST: 10-40 U/L, Bilirubin: 0.1-1.2 mg/dL",HIGH,Low,950,Diagnostic Laboratory Reports,Consent Verified (Active on Blockchain),AES-256-GCM,vault-transit-key-0x1e79e504,Qm06fd7fbb4fee0d0109f4496817cb7933964285abd7b8,Pinata Dedicated IPFS Gateway,0.0.4891024,5899,2026-09-13 12:20:22 UTC,0xe2ac6bb0166dcdef5b932925958731aadee191f3cd0fc4b02c5b02da81fb98b5,0.0001
LAB-REP-00900,ACC-LAB-002-000900,Dr. Lal PathLabs Central Reference Hub,0x976EA74026E726554dB657fA54763abd0C3a0aa9,NABL-MC-1044,"Dr. Arvind Lal, FRCPath",Yashwanth Sharma,849500,0x198475035c46d35f48db39b92ea5c8b385cafca5,16,female,Dr. Rajesh Sharma,0x3c44CdDdB6a900fa2b585dd299e03d12FA4293BC,Apex Diagnostic & Pathology Hub,Cardiology Tests,High-Sensitivity Cardiac Troponin-I (hs-cTnI),Serum / Plasma,hs-cTnI: 1850 ng/L (Markedly Elevated Acute Myocardial Infarction),< 14 ng/L (99th Percentile Upper Reference Limit),CRITICAL_ALERT,Medium,1800,Diagnostic Laboratory Reports,Consent Verified (Active on Blockchain),AES-256-GCM,vault-transit-key-0x19847503,Qm6d54c1fdbaa62e49ffecda0b8d2414b8c1412c3c0157,Pinata Dedicated IPFS Gateway,0.0.4891024,5900,2026-09-13 12:20:25 UTC,0xd36d52faa739db546c755684c1360be22c87e9a5bedaa7227caca796452223b4,0.0001
LAB-REP-00901,ACC-LAB-002-000901,Dr. Lal PathLabs Central Reference Hub,0x976EA74026E726554dB657fA54763abd0C3a0aa9,NABL-MC-1044,"Dr. Arvind Lal, FRCPath",Vikas Pandey,849501,0x5edb72891a1363d72716ef8179aef705a7470ad7,17,male,Dr. Sunita Narang,0xBcd4042DE499D14e55001CcbB24a551F3b954096,Max Super Speciality Cancer Institute,Lipid Profile,Comprehensive Lipid Panel,Serum (Fasting 12h),"Total Chol: 235 mg/dL (High), LDL: 155 mg/dL, TG: 180 mg/dL","Chol: <200 mg/dL, HDL: >40 mg/dL, LDL: <100 mg/dL, TG: <150 mg/dL",HIGH,Low,850,Diagnostic Laboratory Reports,Consent Verified (Active on Blockchain),AES-256-GCM,vault-transit-key-0x5edb7289,Qmb84cfd6d53003bada5d8d003739fd73975758eff9b45,Pinata Dedicated IPFS Gateway,0.0.4891024,5901,2026-09-13 12:20:28 UTC,0x1afae3b759d374e2255088a0e7255b86ccc6763ceca7fbad80ab81419c790dd2,0.0001
LAB-REP-00902,ACC-LAB-001-000902,Apex Diagnostic Reference Labs,0x04Fee3FD1B338d12FFD6dBD8d66dE1e8e0BB99cB,NABL-MC-2091,"Dr. Sunita Narang, MD Path",Manish Pillai,849502,0x5c8c9b02c4b7bfab1fb026a7485acfea8786a253,18,female,Dr. Rohan Patel,0x976EA74026E726554dB657fA54763abd0C3a0aa9,Fortis Memorial Neuro & Trauma Center,Kidney Function Tests,Renal Function Profile (KFT),Serum,"BUN: 14 mg/dL, Creatinine: 0.9 mg/dL, eGFR: 92 mL/min (Borderline clinical correlation advised)","BUN: 7-20 mg/dL, Creatinine: 0.6-1.2 mg/dL, eGFR: >60 mL/min",BORDERLINE,Low,850,Diagnostic Laboratory Reports,Emergency Diagnostic Upload (Pending Verification),AES-256-GCM,vault-transit-key-0x5c8c9b02,Qm9c4138202a7a1fa8e2b6875d6d38b7187a3884508bfa,Pinata Dedicated IPFS Gateway,0.0.4891024,5902,2026-09-13 12:20:30 UTC,0x131095116e186928cb6ad8d9901c4eebee01e5e65dc51a7ca560533b6bc4a78b,0.0001
LAB-REP-00903,ACC-LAB-004-000903,Apollo Diagnostics Advanced Enclave,0x23618e81E3f5cdF7f54C3d65f7FBc0aBf5B21E8f,NABL-MC-5102,"Dr. Shanti Swaminathan, MD",Sneha Gowda,849503,0xaa52dc15e8dce8fc7eb0e3e8b3c0b797e6d51099,19,male,Dr. Sarah Jenkins,0x04Fee3FD1B338d12FFD6dBD8d66dE1e8e0BB99cB,Care & Cure Pediatric & Maternity Hospital,Lipid Profile,Comprehensive Lipid Panel,Serum (Fasting 12h),"Total Chol: 235 mg/dL (High), LDL: 155 mg/dL, TG: 180 mg/dL","Chol: <200 mg/dL, HDL: >40 mg/dL, LDL: <100 mg/dL, TG: <150 mg/dL",HIGH,Low,850,Diagnostic Laboratory Reports,Consent Verified (Active on Blockchain),AES-256-GCM,vault-transit-key-0xaa52dc15,Qm9c1ac2b05b71abd26a97af4858ebb4f30985edd089b5,Pinata Dedicated IPFS Gateway,0.0.4891024,5903,2026-09-13 12:20:32 UTC,0xe7d63251da1be7dc0fd14c5d406c5d172b1f4f9f4e81f83df29484281cb10366,0.0001
LAB-REP-00904,ACC-LAB-005-000904,SRL Diagnostics Regional Core Lab,0xa0Ee7A142d267C1f36714E4a8F75612F20a79720,NABL-MC-4491,"Dr. Ramesh Sarin, DNB Path",Kavya Mukherjee,849504,0x30f1c41cd5079aa464743fa89bd1844cc568f341,20,female,Dr. Ananya Roy,0x9965507D1a55bcC2695C58ba16FB37d819B0A4dc,Max Super Speciality Cancer Institute,Blood Tests,Complete Blood Count (CBC),Whole Blood (EDTA),"Hb: 13.5 g/dL, WBC: 7200 /uL, Platelets: 2.4 Lakhs/uL (Borderline clinical correlation advised)","Hb: 12-16 g/dL, WBC: 4000-11000 /uL, Platelets: 1.5-4.5 Lakhs/uL",BORDERLINE,Low,450,Diagnostic Laboratory Reports,Emergency Diagnostic Upload (Pending Verification),AES-256-GCM,vault-transit-key-0x30f1c41c,Qm6a0430cb598409b6f7d9a0ef02df06a6f9e50d115b22,Pinata Dedicated IPFS Gateway,0.0.4891024,5904,2026-09-13 12:20:34 UTC,0x9701fd91d15959ccaf6ee1f8985312b1b4129dbaf6fb7e793bcb85ffca0c2dd0,0.0001
LAB-REP-00905,ACC-LAB-001-000905,Apex Diagnostic Reference Labs,0x04Fee3FD1B338d12FFD6dBD8d66dE1e8e0BB99cB,NABL-MC-2091,"Dr. Sunita Narang, MD Path",Manish Sharma,849505,0x6900899857bcd9b514d0153101954dc22eb68548,21,male,Dr. Preeti Deshmukh,0x23618e81E3f5cdF7f54C3d65f7FBc0aBf5B21E8f,Apex Diagnostic & Pathology Hub,Liver Function Tests,Liver Function Profile (LFT),Serum,"ALT: 88 U/L (High), AST: 74 U/L (High), Total Bili: 1.8 mg/dL","ALT: 7-56 U/L, AST: 10-40 U/L, Bilirubin: 0.1-1.2 mg/dL",HIGH,Low,950,Diagnostic Laboratory Reports,Consent Verified (Active on Blockchain),AES-256-GCM,vault-transit-key-0x69008998,Qm49220048f6efb97ae476772f813677249493a99df766,Pinata Dedicated IPFS Gateway,0.0.4891024,5905,2026-09-13 12:20:36 UTC,0xd92d58c9dffa7639ed39c828af0a411d44b5cfa53e4e879321ac3a3a5a37277e,0.0001
LAB-REP-00906,ACC-LAB-003-000906,Metropolis Healthcare Molecular Laboratory,0x14dC79964da2C08b23698B3D3cc7Ca32193d9955,NABL-MC-3819,"Dr. Nilesh Shah, MD",Kavya Joshi,849506,0x663026c28661d90d7195ad4b5ef546346b02fe4a,22,female,Dr. Sunita Narang,0xBcd4042DE499D14e55001CcbB24a551F3b954096,Apex Diagnostic & Pathology Hub,Lipid Profile,Comprehensive Lipid Panel,Serum (Fasting 12h),"Total Chol: 235 mg/dL (High), LDL: 155 mg/dL, TG: 180 mg/dL","Chol: <200 mg/dL, HDL: >40 mg/dL, LDL: <100 mg/dL, TG: <150 mg/dL",HIGH,Low,850,Diagnostic Laboratory Reports,Consent Verified (Active on Blockchain),AES-256-GCM,vault-transit-key-0x663026c2,Qm2555847374f25c9b1a7bec6e83e9ebaf0609ee42c5e4,Pinata Dedicated IPFS Gateway,0.0.4891024,5906,2026-09-13 12:20:39 UTC,0x0119d2f846c37c74ecc5400e5ccc4354084cc81ec9834dda0a0f192db404238c,0.0001
LAB-REP-00907,ACC-LAB-004-000907,Apollo Diagnostics Advanced Enclave,0x23618e81E3f5cdF7f54C3d65f7FBc0aBf5B21E8f,NABL-MC-5102,"Dr. Shanti Swaminathan, MD",Pooja Kapoor,849507,0xaeff7c3db7cd1b3e09b35d303db14437d925bd18,23,male,Dr. Preeti Deshmukh,0x23618e81E3f5cdF7f54C3d65f7FBc0aBf5B21E8f,Apex Diagnostic & Pathology Hub,Endocrinology Tests,HbA1c Glycated Hemoglobin,Whole Blood (EDTA),HbA1c: 7.6% (Diabetic Range),"<5.7% Normal, 5.7-6.4% Prediabetes, >=6.5% Diabetes",HIGH,Low,650,Diagnostic Laboratory Reports,Consent Verified (Active on Blockchain),AES-256-GCM,vault-transit-key-0xaeff7c3d,Qm6f59f1900ee0cc34151e55fe84650e73d0e196a48226,Pinata Dedicated IPFS Gateway,0.0.4891024,5907,2026-09-13 12:20:41 UTC,0x3a67b28b54bc0035463f9af7bb8d7b5e6bea3b706b695386e50a1f6b92d3746f,0.0001
LAB-REP-00908,ACC-LAB-005-000908,SRL Diagnostics Regional Core Lab,0xa0Ee7A142d267C1f36714E4a8F75612F20a79720,NABL-MC-4491,"Dr. Ramesh Sarin, DNB Path",Bhavna Nair,849508,0xb7774d5025adfefd0e988ca82f3947ea4dd424f6,24,female,Dr. Rohan Patel,0x976EA74026E726554dB657fA54763abd0C3a0aa9,Care & Cure Pediatric & Maternity Hospital,Endocrinology Tests,"Thyroid Function Panel (TSH, Free T3, Free T4)",Serum,"TSH: 6.8 uIU/mL (Hypothyroid), FT4: 0.72 ng/dL (Low)","TSH: 0.45-4.5 uIU/mL, FT3: 2.0-4.4 pg/mL, FT4: 0.8-1.8 ng/dL",LOW,Low,750,Diagnostic Laboratory Reports,Consent Verified (Active on Blockchain),AES-256-GCM,vault-transit-key-0xb7774d50,Qm26961582267be28294ea18797b9773c437fc68d75eaf,Pinata Dedicated IPFS Gateway,0.0.4891024,5908,2026-09-13 12:20:43 UTC,0x9b2e0eec3a0310b92d8f304179705a48f123f838fce6acfaf1653b0c71422703,0.0001
LAB-REP-00909,ACC-LAB-002-000909,Dr. Lal PathLabs Central Reference Hub,0x976EA74026E726554dB657fA54763abd0C3a0aa9,NABL-MC-1044,"Dr. Arvind Lal, FRCPath",Divya Pillai,849509,0xe04ef0a21da8c464064456bc6f4e584619cf74ed,25,male,Dr. Ananya Roy,0x9965507D1a55bcC2695C58ba16FB37d819B0A4dc,Apollo Multispecialty Hospital,Kidney Function Tests,Renal Function Profile (KFT),Serum,"BUN: 14 mg/dL, Creatinine: 0.9 mg/dL, eGFR: 92 mL/min","BUN: 7-20 mg/dL, Creatinine: 0.6-1.2 mg/dL, eGFR: >60 mL/min",NORMAL,Low,850,Diagnostic Laboratory Reports,Consent Verified (Active on Blockchain),AES-256-GCM,vault-transit-key-0xe04ef0a2,Qm253fec756d789673698829de5bfa15111b28c5a8b2cc,Pinata Dedicated IPFS Gateway,0.0.4891024,5909,2026-09-13 12:20:45 UTC,0x7d5ad313d2b6cda458466366f6f1cc5f18755e7c785daf7613b4c47499339290,0.0001
LAB-REP-00910,ACC-LAB-005-000910,SRL Diagnostics Regional Core Lab,0xa0Ee7A142d267C1f36714E4a8F75612F20a79720,NABL-MC-4491,"Dr. Ramesh Sarin, DNB Path",Varun Swaminathan,849510,0x14ce65f3d7dbaa638db558ac93de997beeafa08c,26,female,Dr. Rajesh Sharma,0x3c44CdDdB6a900fa2b585dd299e03d12FA4293BC,Apollo Multispecialty Hospital,Cardiology Tests,High-Sensitivity Cardiac Troponin-I (hs-cTnI),Serum / Plasma,hs-cTnI: 1850 ng/L (Markedly Elevated Acute Myocardial Infarction),< 14 ng/L (99th Percentile Upper Reference Limit),CRITICAL_ALERT,Medium,1800,Diagnostic Laboratory Reports,Emergency Diagnostic Upload (Pending Verification),AES-256-GCM,vault-transit-key-0x14ce65f3,Qm72d460940fd110b0a513473a2747577a52189a6ccda4,Pinata Dedicated IPFS Gateway,0.0.4891024,5910,2026-09-13 12:20:48 UTC,0x95670facecbae34df2792cb5fb13b59352380205bb00cc5cb7139cbc76947164,0.0001
LAB-REP-00911,ACC-LAB-001-000911,Apex Diagnostic Reference Labs,0x04Fee3FD1B338d12FFD6dBD8d66dE1e8e0BB99cB,NABL-MC-2091,"Dr. Sunita Narang, MD Path",Rakesh Saxena,849511,0x7d678be81d6cd53c2b38a9d287f9e1c644cc2910,27,male,Dr. Sarah Jenkins,0x04Fee3FD1B338d12FFD6dBD8d66dE1e8e0BB99cB,Max Super Speciality Cancer Institute,Metabolic Panel,Comprehensive Metabolic Panel (CMP),Serum,"Na: 138 mmol/L, K: 4.1 mmol/L, Creat: 1.05 mg/dL","Na: 135-145, K: 3.5-5.0, Creatinine: 0.7-1.3 mg/dL",NORMAL,Medium,1200,Diagnostic Laboratory Reports,Consent Verified (Active on Blockchain),AES-256-GCM,vault-transit-key-0x7d678be8,Qm1cedc61a2722b2e5c2aab335f680418dffd0437c9ec6,Pinata Dedicated IPFS Gateway,0.0.4891024,5911,2026-09-13 12:20:49 UTC,0xb98f277f677dfb0f065ed62869b7f386b2e03f18c4f0834a8c306837c235db8b,0.0001
LAB-REP-00912,ACC-LAB-002-000912,Dr. Lal PathLabs Central Reference Hub,0x976EA74026E726554dB657fA54763abd0C3a0aa9,NABL-MC-1044,"Dr. Arvind Lal, FRCPath",Kiran Malhotra,849512,0xe356e03b69b915fb339ae6b9e88c6504f7fce974,28,female,Dr. Vikram Seth,0x15d34AAf54267DB7D7c367839AAf71A00a2C6A65,Apollo Multispecialty Hospital,Pathology / Biopsy,Core Needle Biopsy Histopathology & Immunohistochemistry,Tissue Biopsy in 10% Formalin,"Infiltrating Ductal Carcinoma Grade 2, ER 85%+, PR 60%+, HER2/neu Negative",Benign / No malignancy,MALIGNANT_POSITIVE,High - Genomic/Oncology,4500,Diagnostic Laboratory Reports,Emergency Diagnostic Upload (Pending Verification),AES-256-GCM,vault-transit-key-0xe356e03b,Qm42dad9ae4857d9c235f558e2c57af777c41a97b17a65,Pinata Dedicated IPFS Gateway,0.0.4891024,5912,2026-09-13 12:20:52 UTC,0x97257d5394a6bd057f8c265a59cff111d0d552c1d7a614a022e93d2090d8dd7a,0.0001
LAB-REP-00913,ACC-LAB-003-000913,Metropolis Healthcare Molecular Laboratory,0x14dC79964da2C08b23698B3D3cc7Ca32193d9955,NABL-MC-3819,"Dr. Nilesh Shah, MD",Deepak Reddy,849513,0x659f2e1c89dabb184c67637a63a8bdfc43f5f6be,29,male,Dr. Vikram Seth,0x15d34AAf54267DB7D7c367839AAf71A00a2C6A65,Care & Cure Pediatric & Maternity Hospital,Blood Tests,Thrombocytopenia Platelet Monitoring,Whole Blood (EDTA),"Platelets: 42,000 /uL (Severe Low)","Platelets: 150,000 - 450,000 /uL",CRITICAL_ALERT,Low,350,Diagnostic Laboratory Reports,Consent Verified (Active on Blockchain),AES-256-GCM,vault-transit-key-0x659f2e1c,Qm25944600333dcd982d86498d14e39bc96d5be8ffe6c6,Pinata Dedicated IPFS Gateway,0.0.4891024,5913,2026-09-13 12:20:55 UTC,0xa3e9cea89b49f6bd14e1f23cbc6675fd07f0310e68e350458cbcbb4b4285d15a,0.0001
LAB-REP-00914,ACC-LAB-001-000914,Apex Diagnostic Reference Labs,0x04Fee3FD1B338d12FFD6dBD8d66dE1e8e0BB99cB,NABL-MC-2091,"Dr. Sunita Narang, MD Path",Chetan Pillai,849514,0x2442257021ab15c06d778e874bf2e328637f5928,30,female,Dr. Rohan Patel,0x976EA74026E726554dB657fA54763abd0C3a0aa9,Apollo Multispecialty Hospital,Lipid Profile,Comprehensive Lipid Panel,Serum (Fasting 12h),"Total Chol: 235 mg/dL (High), LDL: 155 mg/dL, TG: 180 mg/dL","Chol: <200 mg/dL, HDL: >40 mg/dL, LDL: <100 mg/dL, TG: <150 mg/dL",HIGH,Low,850,Diagnostic Laboratory Reports,Emergency Diagnostic Upload (Pending Verification),AES-256-GCM,vault-transit-key-0x24422570,Qm6482445966e28a8e9ed49477982c7a7c546682897708,Pinata Dedicated IPFS Gateway,0.0.4891024,5914,2026-09-13 12:20:57 UTC,0x1ea2130e27d5f2eb890611684f515f2b767f228924ff66305372423e44cd7ae3,0.0001
LAB-REP-00915,ACC-LAB-001-000915,Apex Diagnostic Reference Labs,0x04Fee3FD1B338d12FFD6dBD8d66dE1e8e0BB99cB,NABL-MC-2091,"Dr. Sunita Narang, MD Path",Bhavna Saxena,849515,0xb0641d8566ffc3af2029552899fbd2e073fe00be,31,male,Dr. Vikram Seth,0x15d34AAf54267DB7D7c367839AAf71A00a2C6A65,Fortis Memorial Neuro & Trauma Center,Pathology / Biopsy,Core Needle Biopsy Histopathology & Immunohistochemistry,Tissue Biopsy in 10% Formalin,"Infiltrating Ductal Carcinoma Grade 2, ER 85%+, PR 60%+, HER2/neu Negative",Benign / No malignancy,MALIGNANT_POSITIVE,High - Genomic/Oncology,4500,Diagnostic Laboratory Reports,Consent Verified (Active on Blockchain),AES-256-GCM,vault-transit-key-0xb0641d85,Qm008da809164913b6e32f349d027dec41b0a8cc12edc2,Pinata Dedicated IPFS Gateway,0.0.4891024,5915,2026-09-13 12:20:59 UTC,0x9b810c2db168afa9c07a3e81b256df1b2206401f4602febf9a7291e6849594ef,0.0001
LAB-REP-00916,ACC-LAB-002-000916,Dr. Lal PathLabs Central Reference Hub,0x976EA74026E726554dB657fA54763abd0C3a0aa9,NABL-MC-1044,"Dr. Arvind Lal, FRCPath",Arjun Deshmukh,849516,0xcf10d4e067267d3337f71b8fd54676d225a98e49,32,female,Dr. Sarah Jenkins,0x04Fee3FD1B338d12FFD6dBD8d66dE1e8e0BB99cB,Fortis Memorial Neuro & Trauma Center,Endocrinology Tests,HbA1c Glycated Hemoglobin,Whole Blood (EDTA),HbA1c: 7.6% (Diabetic Range),"<5.7% Normal, 5.7-6.4% Prediabetes, >=6.5% Diabetes",HIGH,Low,650,Diagnostic Laboratory Reports,Consent Verified (Active on Blockchain),AES-256-GCM,vault-transit-key-0xcf10d4e0,Qm4e44eaadec620d076596b91aaaf556eebe1f0de942e6,Pinata Dedicated IPFS Gateway,0.0.4891024,5916,2026-09-13 12:21:01 UTC,0x6af9eca0f230b6141b00acb6767e3eb720ffba24659390ed97173ad693432b14,0.0001
LAB-REP-00917,ACC-LAB-002-000917,Dr. Lal PathLabs Central Reference Hub,0x976EA74026E726554dB657fA54763abd0C3a0aa9,NABL-MC-1044,"Dr. Arvind Lal, FRCPath",Sameer Patel,849517,0xfe9b791df0d6f41575e9139b2e893335ce9dd0b7,33,male,Dr. Sunita Narang,0xBcd4042DE499D14e55001CcbB24a551F3b954096,Fortis Memorial Neuro & Trauma Center,Lipid Profile,Comprehensive Lipid Panel,Serum (Fasting 12h),"Total Chol: 235 mg/dL (High), LDL: 155 mg/dL, TG: 180 mg/dL","Chol: <200 mg/dL, HDL: >40 mg/dL, LDL: <100 mg/dL, TG: <150 mg/dL",HIGH,Low,850,Diagnostic Laboratory Reports,Consent Verified (Active on Blockchain),AES-256-GCM,vault-transit-key-0xfe9b791d,Qm51463cb3fd0762a8c3f581279270fcff8733f1e21091,Pinata Dedicated IPFS Gateway,0.0.4891024,5917,2026-09-13 12:21:04 UTC,0xc34fe0b6ce2ac4dca993af651f51ceff786ba481abea4b1ef2ab6ebb507ed446,0.0001
LAB-REP-00918,ACC-LAB-005-000918,SRL Diagnostics Regional Core Lab,0xa0Ee7A142d267C1f36714E4a8F75612F20a79720,NABL-MC-4491,"Dr. Ramesh Sarin, DNB Path",Gautam Deshmukh,849518,0x12a022c22e755cc1f33f847e710e8dbe683d1282,34,female,Dr. Preeti Deshmukh,0x23618e81E3f5cdF7f54C3d65f7FBc0aBf5B21E8f,Max Super Speciality Cancer Institute,Endocrinology Tests,"Thyroid Function Panel (TSH, Free T3, Free T4)",Serum,"TSH: 6.8 uIU/mL (Hypothyroid), FT4: 0.72 ng/dL (Low)","TSH: 0.45-4.5 uIU/mL, FT3: 2.0-4.4 pg/mL, FT4: 0.8-1.8 ng/dL",LOW,Low,750,Diagnostic Laboratory Reports,Consent Verified (Active on Blockchain),AES-256-GCM,vault-transit-key-0x12a022c2,Qmcc91a088782bbf3786b49ee83ddbfc1fa1cbb5d5d30c,Pinata Dedicated IPFS Gateway,0.0.4891024,5918,2026-09-13 12:21:05 UTC,0x3e0c621590298c149651f84ac13bb8f1a9068fb7cccd0fdb3efe045b4cc0c5d1,0.0001
LAB-REP-00919,ACC-LAB-001-000919,Apex Diagnostic Reference Labs,0x04Fee3FD1B338d12FFD6dBD8d66dE1e8e0BB99cB,NABL-MC-2091,"Dr. Sunita Narang, MD Path",Sanjay Mishra,849519,0xf45685c8acea29a88fb66ed995a74d3bd883fed7,35,male,Dr. Rajesh Sharma,0x3c44CdDdB6a900fa2b585dd299e03d12FA4293BC,Apollo Multispecialty Hospital,Microbiology Tests,Dengue Duo NS1 Ag + IgM/IgG Antibody ELISA,Serum,"Dengue NS1 Antigen: POSITIVE, IgM: Reactive",Non-Reactive / Negative,POSITIVE_ABNORMAL,Medium,1400,Diagnostic Laboratory Reports,Consent Verified (Active on Blockchain),AES-256-GCM,vault-transit-key-0xf45685c8,Qmf5e00526934f694394f80e8ca8a84b2723c3df416ff5,Pinata Dedicated IPFS Gateway,0.0.4891024,5919,2026-09-13 12:21:07 UTC,0xdd9e5b3c7a8c890facf43cbbd8f9f58fd0ec9effc8d895160ad4ac2af0ff5d14,0.0001
LAB-REP-00920,ACC-LAB-003-000920,Metropolis Healthcare Molecular Laboratory,0x14dC79964da2C08b23698B3D3cc7Ca32193d9955,NABL-MC-3819,"Dr. Nilesh Shah, MD",Sneha Mishra,849520,0x3ad817324cec77b5450bf71c3e93a5b1fe68207b,36,female,Dr. Ananya Roy,0x9965507D1a55bcC2695C58ba16FB37d819B0A4dc,Fortis Memorial Neuro & Trauma Center,Endocrinology Tests,"Thyroid Function Panel (TSH, Free T3, Free T4)",Serum,"TSH: 6.8 uIU/mL (Hypothyroid), FT4: 0.72 ng/dL (Low)","TSH: 0.45-4.5 uIU/mL, FT3: 2.0-4.4 pg/mL, FT4: 0.8-1.8 ng/dL",LOW,Low,750,Diagnostic Laboratory Reports,Consent Verified (Active on Blockchain),AES-256-GCM,vault-transit-key-0x3ad81732,Qm5241eddf384e7fa98b280c5ee8bd7a6803bf8c6c17da,Pinata Dedicated IPFS Gateway,0.0.4891024,5920,2026-09-13 12:21:10 UTC,0x93d6da987972dfa7f461c8e2762f7306834a76225a612aa1c8cf1265a0cb9ec4,0.0001
LAB-REP-00921,ACC-LAB-003-000921,Metropolis Healthcare Molecular Laboratory,0x14dC79964da2C08b23698B3D3cc7Ca32193d9955,NABL-MC-3819,"Dr. Nilesh Shah, MD",Vikas Pandey,849521,0x3fa8e5824b96760a85875bce64280953c4c94471,37,male,Dr. Sarah Jenkins,0x04Fee3FD1B338d12FFD6dBD8d66dE1e8e0BB99cB,Apollo Multispecialty Hospital,Microbiology Tests,Dengue Duo NS1 Ag + IgM/IgG Antibody ELISA,Serum,"Dengue NS1 Antigen: POSITIVE, IgM: Reactive",Non-Reactive / Negative,POSITIVE_ABNORMAL,Medium,1400,Diagnostic Laboratory Reports,Consent Verified (Active on Blockchain),AES-256-GCM,vault-transit-key-0x3fa8e582,Qm8fb8234c10225fafa7f4322f34e4491183bb759216d0,Pinata Dedicated IPFS Gateway,0.0.4891024,5921,2026-09-13 12:21:12 UTC,0xc0fc3c2092278ff412b7f425cbbbaac2c2a190f00896a750e586a791826cee82,0.0001
LAB-REP-00922,ACC-LAB-005-000922,SRL Diagnostics Regional Core Lab,0xa0Ee7A142d267C1f36714E4a8F75612F20a79720,NABL-MC-4491,"Dr. Ramesh Sarin, DNB Path",Gautam Joshi,849522,0xcadcc1ac560cc5aae276021228adf6f9cc952065,38,female,Dr. Rohan Patel,0x976EA74026E726554dB657fA54763abd0C3a0aa9,Apex Diagnostic & Pathology Hub,Pathology / Biopsy,Core Needle Biopsy Histopathology & Immunohistochemistry,Tissue Biopsy in 10% Formalin,"Infiltrating Ductal Carcinoma Grade 2, ER 85%+, PR 60%+, HER2/neu Negative",Benign / No malignancy,MALIGNANT_POSITIVE,High - Genomic/Oncology,4500,Diagnostic Laboratory Reports,Consent Verified (Active on Blockchain),AES-256-GCM,vault-transit-key-0xcadcc1ac,Qm2c33f6e5be1e85ff279ff573cc30751fb9805403a25f,Pinata Dedicated IPFS Gateway,0.0.4891024,5922,2026-09-13 12:21:15 UTC,0xe97f89de11148ea49532552a9e06110263e7236283ad101460368a80abb445fb,0.0001
LAB-REP-00923,ACC-LAB-001-000923,Apex Diagnostic Reference Labs,0x04Fee3FD1B338d12FFD6dBD8d66dE1e8e0BB99cB,NABL-MC-2091,"Dr. Sunita Narang, MD Path",Gautam Kapoor,849523,0xc35454a89509f2b58df35f2dc4917026a3cfa973,39,male,Dr. Sarah Jenkins,0x04Fee3FD1B338d12FFD6dBD8d66dE1e8e0BB99cB,Fortis Memorial Neuro & Trauma Center,Cardiology Tests,High-Sensitivity Cardiac Troponin-I (hs-cTnI),Serum / Plasma,hs-cTnI: 1850 ng/L (Markedly Elevated Acute Myocardial Infarction),< 14 ng/L (99th Percentile Upper Reference Limit),CRITICAL_ALERT,Medium,1800,Diagnostic Laboratory Reports,Emergency Diagnostic Upload (Pending Verification),AES-256-GCM,vault-transit-key-0xc35454a8,Qm7c9220aa2c5f2b57e5491ad59e261d83b64b1c97a820,Pinata Dedicated IPFS Gateway,0.0.4891024,5923,2026-09-13 12:21:17 UTC,0x5f999a3aedc196a3b4288ba72770ed0a6722d658e1e45564a8963c02acde9fc0,0.0001
LAB-REP-00924,ACC-LAB-001-000924,Apex Diagnostic Reference Labs,0x04Fee3FD1B338d12FFD6dBD8d66dE1e8e0BB99cB,NABL-MC-2091,"Dr. Sunita Narang, MD Path",Chetan Kapoor,849524,0x3ff76a3bc62531c1201f98b589bea133ecb9f2b4,40,female,Dr. Sarah Jenkins,0x04Fee3FD1B338d12FFD6dBD8d66dE1e8e0BB99cB,Apex Diagnostic & Pathology Hub,Microbiology Tests,Dengue Duo NS1 Ag + IgM/IgG Antibody ELISA,Serum,"Dengue NS1 Antigen: POSITIVE, IgM: Reactive",Non-Reactive / Negative,POSITIVE_ABNORMAL,Medium,1400,Diagnostic Laboratory Reports,Consent Verified (Active on Blockchain),AES-256-GCM,vault-transit-key-0x3ff76a3b,Qm4ae3e105b7a6e429b5370ff95f629c66cc2655428f38,Pinata Dedicated IPFS Gateway,0.0.4891024,5924,2026-09-13 12:21:19 UTC,0x43c85837d5b4221d6801b919e4fdbd507be687b3c250ebd30943031e8a2d827b,0.0001
LAB-REP-00925,ACC-LAB-005-000925,SRL Diagnostics Regional Core Lab,0xa0Ee7A142d267C1f36714E4a8F75612F20a79720,NABL-MC-4491,"Dr. Ramesh Sarin, DNB Path",Vikas Bhatia,849525,0x5b64542a0cada744fd971e640df9ffee24fb2107,41,male,Dr. Preeti Deshmukh,0x23618e81E3f5cdF7f54C3d65f7FBc0aBf5B21E8f,Apex Diagnostic & Pathology Hub,Lipid Profile,Comprehensive Lipid Panel,Serum (Fasting 12h),"Total Chol: 235 mg/dL (High), LDL: 155 mg/dL, TG: 180 mg/dL","Chol: <200 mg/dL, HDL: >40 mg/dL, LDL: <100 mg/dL, TG: <150 mg/dL",HIGH,Low,850,Diagnostic Laboratory Reports,Consent Verified (Active on Blockchain),AES-256-GCM,vault-transit-key-0x5b64542a,Qm329a7d9a4897d18a9c01ec02c45baa6c503957fe5b8d,Pinata Dedicated IPFS Gateway,0.0.4891024,5925,2026-09-13 12:21:21 UTC,0xb6d453d264e8a65b52faca0ddcde0669dce72d56eda5cc563e0eec3dc95705a5,0.0001
LAB-REP-00926,ACC-LAB-004-000926,Apollo Diagnostics Advanced Enclave,0x23618e81E3f5cdF7f54C3d65f7FBc0aBf5B21E8f,NABL-MC-5102,"Dr. Shanti Swaminathan, MD",Tanvi Patel,849526,0xe8d9de4ed7a0a1b35df6337fc693453add4003ac,42,female,Dr. Sunita Narang,0xBcd4042DE499D14e55001CcbB24a551F3b954096,Apollo Multispecialty Hospital,Imaging / Radiology,High-Resolution Non-Contrast Brain CT Scan,Radiological DICOM Imaging,"Small left temporal hemorrhagic contusion, no mass effect",No acute intracranial hemorrhage or midline shift,ABNORMAL_FINDING,Medium,3200,Diagnostic Laboratory Reports,Consent Verified (Active on Blockchain),AES-256-GCM,vault-transit-key-0xe8d9de4e,Qm85d3dd24380a14b9cc96452a205b5a4907a53bf6a83e,Pinata Dedicated IPFS Gateway,0.0.4891024,5926,2026-09-13 12:21:23 UTC,0xb3470886278689865b083ad4675909354a73583cf1b13ef229081c013cadae46,0.0001
LAB-REP-00927,ACC-LAB-002-000927,Dr. Lal PathLabs Central Reference Hub,0x976EA74026E726554dB657fA54763abd0C3a0aa9,NABL-MC-1044,"Dr. Arvind Lal, FRCPath",Sameer Pandey,849527,0x70360dd6359fee14592056a98381458c026dc491,43,male,Dr. Vikram Seth,0x15d34AAf54267DB7D7c367839AAf71A00a2C6A65,Max Super Speciality Cancer Institute,Liver Function Tests,Liver Function Profile (LFT),Serum,"ALT: 88 U/L (High), AST: 74 U/L (High), Total Bili: 1.8 mg/dL","ALT: 7-56 U/L, AST: 10-40 U/L, Bilirubin: 0.1-1.2 mg/dL",HIGH,Low,950,Diagnostic Laboratory Reports,Consent Verified (Active on Blockchain),AES-256-GCM,vault-transit-key-0x70360dd6,Qm6ae1ddf0092ec7db00daea997eb0bf0da44e736b4d34,Pinata Dedicated IPFS Gateway,0.0.4891024,5927,2026-09-13 12:21:26 UTC,0x46a5a14ba2dc082201b4ff35907226f7e6cbdd8a0fb25535d35fa42b310b941e,0.0001
LAB-REP-00928,ACC-LAB-003-000928,Metropolis Healthcare Molecular Laboratory,0x14dC79964da2C08b23698B3D3cc7Ca32193d9955,NABL-MC-3819,"Dr. Nilesh Shah, MD",Deepak Saxena,849528,0xd8e649440cb87728205e5579c93f6a8259768412,44,female,Dr. Ananya Roy,0x9965507D1a55bcC2695C58ba16FB37d819B0A4dc,Fortis Memorial Neuro & Trauma Center,Endocrinology Tests,"Thyroid Function Panel (TSH, Free T3, Free T4)",Serum,"TSH: 6.8 uIU/mL (Hypothyroid), FT4: 0.72 ng/dL (Low)","TSH: 0.45-4.5 uIU/mL, FT3: 2.0-4.4 pg/mL, FT4: 0.8-1.8 ng/dL",LOW,Low,750,Diagnostic Laboratory Reports,Consent Verified (Active on Blockchain),AES-256-GCM,vault-transit-key-0xd8e64944,Qmb081199ff533787af4b323cb2e2d7a15968bf819d5dc,Pinata Dedicated IPFS Gateway,0.0.4891024,5928,2026-09-13 12:21:28 UTC,0xc76339eb6cf585640e4295e66f259ca18f563cc2fce7a3d9e428d87430e39744,0.0001
LAB-REP-00929,ACC-LAB-003-000929,Metropolis Healthcare Molecular Laboratory,0x14dC79964da2C08b23698B3D3cc7Ca32193d9955,NABL-MC-3819,"Dr. Nilesh Shah, MD",Shreya Rao,849529,0x959794ea59e2365cc7c0a7814eb7be9ba6b2fb07,45,male,Dr. Rajesh Sharma,0x3c44CdDdB6a900fa2b585dd299e03d12FA4293BC,Max Super Speciality Cancer Institute,Microbiology Tests,Dengue Duo NS1 Ag + IgM/IgG Antibody ELISA,Serum,"Dengue NS1 Antigen: POSITIVE, IgM: Reactive",Non-Reactive / Negative,POSITIVE_ABNORMAL,Medium,1400,Diagnostic Laboratory Reports,Consent Verified (Active on Blockchain),AES-256-GCM,vault-transit-key-0x959794ea,Qm7183d49bd8499ffe4753884ea1f94b441f05eaa43fab,Pinata Dedicated IPFS Gateway,0.0.4891024,5929,2026-09-13 12:21:31 UTC,0xd6abed9b7c4966ca92aa6ef0f3dd72656d706e7b274a161c17959d14693f6c9d,0.0001
LAB-REP-00930,ACC-LAB-003-000930,Metropolis Healthcare Molecular Laboratory,0x14dC79964da2C08b23698B3D3cc7Ca32193d9955,NABL-MC-3819,"Dr. Nilesh Shah, MD",Bhavna Nair,849530,0x575f936f2fe4aaf1814718b87d5d5c67c2c07e53,46,female,Dr. Rajesh Sharma,0x3c44CdDdB6a900fa2b585dd299e03d12FA4293BC,Care & Cure Pediatric & Maternity Hospital,Endocrinology Tests,HbA1c Glycated Hemoglobin,Whole Blood (EDTA),HbA1c: 7.6% (Diabetic Range),"<5.7% Normal, 5.7-6.4% Prediabetes, >=6.5% Diabetes",HIGH,Low,650,Diagnostic Laboratory Reports,Consent Verified (Active on Blockchain),AES-256-GCM,vault-transit-key-0x575f936f,Qm3ae0d533eaee55159725c1f9259b5f0807c14ee064c0,Pinata Dedicated IPFS Gateway,0.0.4891024,5930,2026-09-13 12:21:32 UTC,0x986f88bb9289ae6a3413099e64db2d307030c0c66b393c784ced9e6f2ca21b22,0.0001
LAB-REP-00931,ACC-LAB-004-000931,Apollo Diagnostics Advanced Enclave,0x23618e81E3f5cdF7f54C3d65f7FBc0aBf5B21E8f,NABL-MC-5102,"Dr. Shanti Swaminathan, MD",Yashwanth Swaminathan,849531,0x56051bbf7dde2a9ba6f95e30f0d693ee091a9dab,47,male,Dr. Vikram Seth,0x15d34AAf54267DB7D7c367839AAf71A00a2C6A65,Apex Diagnostic & Pathology Hub,Blood Tests,Complete Blood Count (CBC),Whole Blood (EDTA),"Hb: 13.5 g/dL, WBC: 7200 /uL, Platelets: 2.4 Lakhs/uL (Borderline clinical correlation advised)","Hb: 12-16 g/dL, WBC: 4000-11000 /uL, Platelets: 1.5-4.5 Lakhs/uL",BORDERLINE,Low,450,Diagnostic Laboratory Reports,Consent Verified (Active on Blockchain),AES-256-GCM,vault-transit-key-0x56051bbf,Qm49a623e0b36b2a2f0b87c6f8e1867f2c3e1282cb0830,Pinata Dedicated IPFS Gateway,0.0.4891024,5931,2026-09-13 12:21:35 UTC,0x2391c4c8f6d2f7a0da3a61f7817e2f8a3c206c8ffbe756e7f2ac08f94a7b4bf8,0.0001
LAB-REP-00932,ACC-LAB-004-000932,Apollo Diagnostics Advanced Enclave,0x23618e81E3f5cdF7f54C3d65f7FBc0aBf5B21E8f,NABL-MC-5102,"Dr. Shanti Swaminathan, MD",Rakesh Malhotra,849532,0xf482894c1e075e2b39c2abad30b62d20100fe145,48,female,Dr. Ananya Roy,0x9965507D1a55bcC2695C58ba16FB37d819B0A4dc,Apex Diagnostic & Pathology Hub,Endocrinology Tests,"Thyroid Function Panel (TSH, Free T3, Free T4)",Serum,"TSH: 6.8 uIU/mL (Hypothyroid), FT4: 0.72 ng/dL (Low)","TSH: 0.45-4.5 uIU/mL, FT3: 2.0-4.4 pg/mL, FT4: 0.8-1.8 ng/dL",LOW,Low,750,Diagnostic Laboratory Reports,Consent Verified (Active on Blockchain),AES-256-GCM,vault-transit-key-0xf482894c,Qm11f7b1f8f1d578cd86348e049de08571c1fc9f26aa20,Pinata Dedicated IPFS Gateway,0.0.4891024,5932,2026-09-13 12:21:37 UTC,0xdac106f45866890856b4ca2f285694d66d874f2e3fa75587aed2b1e1730f656a,0.0001
LAB-REP-00933,ACC-LAB-002-000933,Dr. Lal PathLabs Central Reference Hub,0x976EA74026E726554dB657fA54763abd0C3a0aa9,NABL-MC-1044,"Dr. Arvind Lal, FRCPath",Aarav Ghosh,849533,0xbdc0b22266d9bae7e3f196024a69c6986c101563,49,male,Dr. Sarah Jenkins,0x04Fee3FD1B338d12FFD6dBD8d66dE1e8e0BB99cB,Max Super Speciality Cancer Institute,Imaging / Radiology,Whole Body PET-CT Oncology Scan,18F-FDG Radiotracer DICOM,"Hypermetabolic primary lesion, SUVmax 9.2, no distant metastases","Physiological FDG biodistribution, no hypermetabolic malignancy",ABNORMAL_FINDING,High - Genomic/Oncology,18500,Diagnostic Laboratory Reports,Consent Verified (Active on Blockchain),AES-256-GCM,vault-transit-key-0xbdc0b222,Qm808124427a410c8f9fc82b607be16388709908b88f7e,Pinata Dedicated IPFS Gateway,0.0.4891024,5933,2026-09-13 12:21:39 UTC,0xbaf91bb54221a0e4e34da85da608a75d6489d4cb0c6a78173cf41f14bdd6a721,0.0001
LAB-REP-00934,ACC-LAB-004-000934,Apollo Diagnostics Advanced Enclave,0x23618e81E3f5cdF7f54C3d65f7FBc0aBf5B21E8f,NABL-MC-5102,"Dr. Shanti Swaminathan, MD",Meera Swaminathan,849534,0xeb810d1414591bdd9b32ef820834ecd4f43bd5a6,50,female,Dr. Rajesh Sharma,0x3c44CdDdB6a900fa2b585dd299e03d12FA4293BC,Care & Cure Pediatric & Maternity Hospital,Imaging / Radiology,Whole Body PET-CT Oncology Scan,18F-FDG Radiotracer DICOM,"Hypermetabolic primary lesion, SUVmax 9.2, no distant metastases","Physiological FDG biodistribution, no hypermetabolic malignancy",ABNORMAL_FINDING,High - Genomic/Oncology,18500,Diagnostic Laboratory Reports,Consent Verified (Active on Blockchain),AES-256-GCM,vault-transit-key-0xeb810d14,Qm2de66cca70424453983a8f026218b6c91d9a9c79c90c,Pinata Dedicated IPFS Gateway,0.0.4891024,5934,2026-09-13 12:21:42 UTC,0x9d69da8ea9eabebbfaff6401fa94a269c90577c7022ad2197b4fd52fdcc2bdaa,0.0001
LAB-REP-00935,ACC-LAB-002-000935,Dr. Lal PathLabs Central Reference Hub,0x976EA74026E726554dB657fA54763abd0C3a0aa9,NABL-MC-1044,"Dr. Arvind Lal, FRCPath",Harish Hegde,849535,0x829b81bec28375fa0bd090dd4c6243256a4eb6da,51,male,Dr. Vikram Seth,0x15d34AAf54267DB7D7c367839AAf71A00a2C6A65,Fortis Memorial Neuro & Trauma Center,Blood Tests,Thrombocytopenia Platelet Monitoring,Whole Blood (EDTA),"Platelets: 42,000 /uL (Severe Low)","Platelets: 150,000 - 450,000 /uL",CRITICAL_ALERT,Low,350,Diagnostic Laboratory Reports,Consent Verified (Active on Blockchain),AES-256-GCM,vault-transit-key-0x829b81be,Qm0de05e7444312ebd7434abc75320defdb408322c6c3d,Pinata Dedicated IPFS Gateway,0.0.4891024,5935,2026-09-13 12:21:44 UTC,0xaa58fb39f11b38715dc5c754c417fad7b9347f6fa31cb2f12eb900d8c88f1829,0.0001
LAB-REP-00936,ACC-LAB-003-000936,Metropolis Healthcare Molecular Laboratory,0x14dC79964da2C08b23698B3D3cc7Ca32193d9955,NABL-MC-3819,"Dr. Nilesh Shah, MD",Arjun Nair,849536,0xb4fab8cac99c311b907cd22146e91939e95433f7,52,female,Dr. Rajesh Sharma,0x3c44CdDdB6a900fa2b585dd299e03d12FA4293BC,Apex Diagnostic & Pathology Hub,Kidney Function Tests,Renal Function Profile (KFT),Serum,"BUN: 14 mg/dL, Creatinine: 0.9 mg/dL, eGFR: 92 mL/min","BUN: 7-20 mg/dL, Creatinine: 0.6-1.2 mg/dL, eGFR: >60 mL/min",NORMAL,Low,850,Diagnostic Laboratory Reports,Consent Verified (Active on Blockchain),AES-256-GCM,vault-transit-key-0xb4fab8ca,Qmfb181038554c3606cd714140824e0ed7d40934470069,Pinata Dedicated IPFS Gateway,0.0.4891024,5936,2026-09-13 12:21:46 UTC,0xcc77dfa8ccb3d75329b454ac055bfcc229f1e7ab7a7bbf20a15335595fc01273,0.0001
LAB-REP-00937,ACC-LAB-005-000937,SRL Diagnostics Regional Core Lab,0xa0Ee7A142d267C1f36714E4a8F75612F20a79720,NABL-MC-4491,"Dr. Ramesh Sarin, DNB Path",Aarav Hegde,849537,0xfffac172128136a8df0da2e854b60d26f4034efe,53,male,Dr. Ananya Roy,0x9965507D1a55bcC2695C58ba16FB37d819B0A4dc,Max Super Speciality Cancer Institute,Blood Tests,Complete Blood Count (CBC),Whole Blood (EDTA),"Hb: 13.5 g/dL, WBC: 7200 /uL, Platelets: 2.4 Lakhs/uL","Hb: 12-16 g/dL, WBC: 4000-11000 /uL, Platelets: 1.5-4.5 Lakhs/uL",NORMAL,Low,450,Diagnostic Laboratory Reports,Consent Verified (Active on Blockchain),AES-256-GCM,vault-transit-key-0xfffac172,Qm88c9ead94e94011e07d40e23027d9ac90dc1885c3d81,Pinata Dedicated IPFS Gateway,0.0.4891024,5937,2026-09-13 12:21:48 UTC,0x1b8e9c65e5de1c4c27f011d2b1a7868f3c2c8d2a1f816071d8866e69cba34872,0.0001
LAB-REP-00938,ACC-LAB-001-000938,Apex Diagnostic Reference Labs,0x04Fee3FD1B338d12FFD6dBD8d66dE1e8e0BB99cB,NABL-MC-2091,"Dr. Sunita Narang, MD Path",Kavya Swaminathan,849538,0x8bf08897da183d29b7924de8ed89124f14ee0548,54,female,Dr. Preeti Deshmukh,0x23618e81E3f5cdF7f54C3d65f7FBc0aBf5B21E8f,Care & Cure Pediatric & Maternity Hospital,Imaging / Radiology,Whole Body PET-CT Oncology Scan,18F-FDG Radiotracer DICOM,"Hypermetabolic primary lesion, SUVmax 9.2, no distant metastases","Physiological FDG biodistribution, no hypermetabolic malignancy",ABNORMAL_FINDING,High - Genomic/Oncology,18500,Diagnostic Laboratory Reports,Consent Verified (Active on Blockchain),AES-256-GCM,vault-transit-key-0x8bf08897,Qmdb14110bc09de198443a3e4e18e833e9adb10d48f029,Pinata Dedicated IPFS Gateway,0.0.4891024,5938,2026-09-13 12:21:51 UTC,0xb63e0142f69ef6c290a338a334e664ea36d2fb1f9f7ad81321bce3ddea015c91,0.0001
LAB-REP-00939,ACC-LAB-004-000939,Apollo Diagnostics Advanced Enclave,0x23618e81E3f5cdF7f54C3d65f7FBc0aBf5B21E8f,NABL-MC-5102,"Dr. Shanti Swaminathan, MD",Meera Chatterjee,849539,0xa4be04e5cb0b74316925ff9ed6aabdb7a8edbb6e,55,male,Dr. Ananya Roy,0x9965507D1a55bcC2695C58ba16FB37d819B0A4dc,Care & Cure Pediatric & Maternity Hospital,Imaging / Radiology,High-Resolution Non-Contrast Brain CT Scan,Radiological DICOM Imaging,"Small left temporal hemorrhagic contusion, no mass effect",No acute intracranial hemorrhage or midline shift,ABNORMAL_FINDING,Medium,3200,Diagnostic Laboratory Reports,Emergency Diagnostic Upload (Pending Verification),AES-256-GCM,vault-transit-key-0xa4be04e5,Qm9e7e7a9e5e8bf40efaaaa372249cb034cfe11e7beb30,Pinata Dedicated IPFS Gateway,0.0.4891024,5939,2026-09-13 12:21:52 UTC,0x260d77a36f3537153c42d0e4e5e67b55f82588e88737d6237e59138f60418877,0.0001
LAB-REP-00940,ACC-LAB-005-000940,SRL Diagnostics Regional Core Lab,0xa0Ee7A142d267C1f36714E4a8F75612F20a79720,NABL-MC-4491,"Dr. Ramesh Sarin, DNB Path",Ishaan Swaminathan,849540,0x2325966fa0e066702357909abe12b702f45edd63,56,female,Dr. Vikram Seth,0x15d34AAf54267DB7D7c367839AAf71A00a2C6A65,Max Super Speciality Cancer Institute,Kidney Function Tests,Renal Function Profile (KFT),Serum,"BUN: 14 mg/dL, Creatinine: 0.9 mg/dL, eGFR: 92 mL/min (Borderline clinical correlation advised)","BUN: 7-20 mg/dL, Creatinine: 0.6-1.2 mg/dL, eGFR: >60 mL/min",BORDERLINE,Low,850,Diagnostic Laboratory Reports,Consent Verified (Active on Blockchain),AES-256-GCM,vault-transit-key-0x2325966f,Qm40863a47c3a7cac042371a201341a9cd3d5d6d8d08f4,Pinata Dedicated IPFS Gateway,0.0.4891024,5940,2026-09-13 12:21:55 UTC,0x4bca74210b27fa7eb8a4e42d507e563698c0453eea642be0d36812d0a8fd6cb7,0.0001
LAB-REP-00941,ACC-LAB-004-000941,Apollo Diagnostics Advanced Enclave,0x23618e81E3f5cdF7f54C3d65f7FBc0aBf5B21E8f,NABL-MC-5102,"Dr. Shanti Swaminathan, MD",Bhavna Malhotra,849541,0x43fb3c6a66c87f2c5c27f1cf161af322c79ba646,57,male,Dr. Rajesh Sharma,0x3c44CdDdB6a900fa2b585dd299e03d12FA4293BC,Apollo Multispecialty Hospital,Imaging / Radiology,Whole Body PET-CT Oncology Scan,18F-FDG Radiotracer DICOM,"Hypermetabolic primary lesion, SUVmax 9.2, no distant metastases","Physiological FDG biodistribution, no hypermetabolic malignancy",ABNORMAL_FINDING,High - Genomic/Oncology,18500,Diagnostic Laboratory Reports,Consent Verified (Active on Blockchain),AES-256-GCM,vault-transit-key-0x43fb3c6a,Qmb1d29fa27439ca3a27405fa6a82c38f74b71d37ea20a,Pinata Dedicated IPFS Gateway,0.0.4891024,5941,2026-09-13 12:21:57 UTC,0xe5c95096e4cae31ba218d41b3f8a88e32cc1f45cb9d401de88f0269ab4eca0ee,0.0001
LAB-REP-00942,ACC-LAB-001-000942,Apex Diagnostic Reference Labs,0x04Fee3FD1B338d12FFD6dBD8d66dE1e8e0BB99cB,NABL-MC-2091,"Dr. Sunita Narang, MD Path",Vikas Malhotra,849542,0x5d3de0f33d373088fc55e14298c0f392893bca81,58,female,Dr. Rajesh Sharma,0x3c44CdDdB6a900fa2b585dd299e03d12FA4293BC,Apollo Multispecialty Hospital,Blood Tests,Complete Blood Count (CBC),Whole Blood (EDTA),"Hb: 13.5 g/dL, WBC: 7200 /uL, Platelets: 2.4 Lakhs/uL","Hb: 12-16 g/dL, WBC: 4000-11000 /uL, Platelets: 1.5-4.5 Lakhs/uL",NORMAL,Low,450,Diagnostic Laboratory Reports,Consent Verified (Active on Blockchain),AES-256-GCM,vault-transit-key-0x5d3de0f3,Qm85a012fdb6612b429daf8a3cc71ff5daaa4469a174b1,Pinata Dedicated IPFS Gateway,0.0.4891024,5942,2026-09-13 12:21:59 UTC,0x227ec0d3cddb43f31db06cc55f2bcf7d47ff2ba51ae8e8bf1d152ed2dca9e7d2,0.0001
LAB-REP-00943,ACC-LAB-003-000943,Metropolis Healthcare Molecular Laboratory,0x14dC79964da2C08b23698B3D3cc7Ca32193d9955,NABL-MC-3819,"Dr. Nilesh Shah, MD",Manish Iyer,849543,0x1187bbcdf1e13bfba6d2ef371dd6a2fcec462997,59,male,Dr. Preeti Deshmukh,0x23618e81E3f5cdF7f54C3d65f7FBc0aBf5B21E8f,Fortis Memorial Neuro & Trauma Center,Endocrinology Tests,"Thyroid Function Panel (TSH, Free T3, Free T4)",Serum,"TSH: 6.8 uIU/mL (Hypothyroid), FT4: 0.72 ng/dL (Low)","TSH: 0.45-4.5 uIU/mL, FT3: 2.0-4.4 pg/mL, FT4: 0.8-1.8 ng/dL",LOW,Low,750,Diagnostic Laboratory Reports,Consent Verified (Active on Blockchain),AES-256-GCM,vault-transit-key-0x1187bbcd,Qm9f7bd871b317027fd74c960381c8935aef713c9ae7f8,Pinata Dedicated IPFS Gateway,0.0.4891024,5943,2026-09-13 12:22:02 UTC,0x43ada889c07db2c94402bbbc82b5b208ec4eecbafbac34acb4697c666e33823f,0.0001
LAB-REP-00944,ACC-LAB-004-000944,Apollo Diagnostics Advanced Enclave,0x23618e81E3f5cdF7f54C3d65f7FBc0aBf5B21E8f,NABL-MC-5102,"Dr. Shanti Swaminathan, MD",Arjun Bhatia,849544,0x096787916913252a63a4db355d26e90e9b6b1897,60,female,Dr. Sunita Narang,0xBcd4042DE499D14e55001CcbB24a551F3b954096,Care & Cure Pediatric & Maternity Hospital,Endocrinology Tests,"Thyroid Function Panel (TSH, Free T3, Free T4)",Serum,"TSH: 6.8 uIU/mL (Hypothyroid), FT4: 0.72 ng/dL (Low)","TSH: 0.45-4.5 uIU/mL, FT3: 2.0-4.4 pg/mL, FT4: 0.8-1.8 ng/dL",LOW,Low,750,Diagnostic Laboratory Reports,Consent Verified (Active on Blockchain),AES-256-GCM,vault-transit-key-0x09678791,Qm88327a8c0be08fe34c2d3d74515e747eed30eae282bf,Pinata Dedicated IPFS Gateway,0.0.4891024,5944,2026-09-13 12:22:04 UTC,0x5155e9194f521b292da2c2367181f232d19fd77864ccaeb4556c5c6b31905dd0,0.0001
LAB-REP-00945,ACC-LAB-001-000945,Apex Diagnostic Reference Labs,0x04Fee3FD1B338d12FFD6dBD8d66dE1e8e0BB99cB,NABL-MC-2091,"Dr. Sunita Narang, MD Path",Varun Malhotra,849545,0x4c1e0fb7e91fa7d7155fda44ee7647cb0af62179,61,male,Dr. Preeti Deshmukh,0x23618e81E3f5cdF7f54C3d65f7FBc0aBf5B21E8f,Apex Diagnostic & Pathology Hub,Microbiology Tests,Dengue Duo NS1 Ag + IgM/IgG Antibody ELISA,Serum,"Dengue NS1 Antigen: POSITIVE, IgM: Reactive",Non-Reactive / Negative,POSITIVE_ABNORMAL,Medium,1400,Diagnostic Laboratory Reports,Consent Verified (Active on Blockchain),AES-256-GCM,vault-transit-key-0x4c1e0fb7,Qm3f3364b61c3b4bd64dc6b233abb89ad7a91da116570a,Pinata Dedicated IPFS Gateway,0.0.4891024,5945,2026-09-13 12:22:06 UTC,0x9d5bab6fc2802d3b3b4dc0b2572c68114664741df2e0daa0971e5510cf1b2144,0.0001
LAB-REP-00946,ACC-LAB-005-000946,SRL Diagnostics Regional Core Lab,0xa0Ee7A142d267C1f36714E4a8F75612F20a79720,NABL-MC-4491,"Dr. Ramesh Sarin, DNB Path",Siddharth Bhatia,849546,0xb67c3239cf5b1038c085ad07f14e4cc9c364b508,62,female,Dr. Ananya Roy,0x9965507D1a55bcC2695C58ba16FB37d819B0A4dc,Fortis Memorial Neuro & Trauma Center,Imaging / Radiology,Whole Body PET-CT Oncology Scan,18F-FDG Radiotracer DICOM,"Hypermetabolic primary lesion, SUVmax 9.2, no distant metastases","Physiological FDG biodistribution, no hypermetabolic malignancy",ABNORMAL_FINDING,High - Genomic/Oncology,18500,Diagnostic Laboratory Reports,Consent Verified (Active on Blockchain),AES-256-GCM,vault-transit-key-0xb67c3239,Qmc64dfe5b35225fecc0115cc527b0b9e97d553d567591,Pinata Dedicated IPFS Gateway,0.0.4891024,5946,2026-09-13 12:22:09 UTC,0x5e2d5df0916384a1ebfa838654d7ddae13e233af9771ce8fe6132225d1d17625,0.0001
LAB-REP-00947,ACC-LAB-003-000947,Metropolis Healthcare Molecular Laboratory,0x14dC79964da2C08b23698B3D3cc7Ca32193d9955,NABL-MC-3819,"Dr. Nilesh Shah, MD",Yashwanth Kapoor,849547,0xbefa2757085164c7df3b547afec25e603978fa7e,63,male,Dr. Sarah Jenkins,0x04Fee3FD1B338d12FFD6dBD8d66dE1e8e0BB99cB,Apex Diagnostic & Pathology Hub,Microbiology Tests,Dengue Duo NS1 Ag + IgM/IgG Antibody ELISA,Serum,"Dengue NS1 Antigen: POSITIVE, IgM: Reactive",Non-Reactive / Negative,POSITIVE_ABNORMAL,Medium,1400,Diagnostic Laboratory Reports,Consent Verified (Active on Blockchain),AES-256-GCM,vault-transit-key-0xbefa2757,Qme641c6bff0e6e04853bf0d62b02626d1bc794db24d5e,Pinata Dedicated IPFS Gateway,0.0.4891024,5947,2026-09-13 12:22:11 UTC,0x07db9c3b86ce1f354cc283b6c2450139093b63d7034b090115274c26193962ad,0.0001
LAB-REP-00948,ACC-LAB-002-000948,Dr. Lal PathLabs Central Reference Hub,0x976EA74026E726554dB657fA54763abd0C3a0aa9,NABL-MC-1044,"Dr. Arvind Lal, FRCPath",Chetan Mukherjee,849548,0x7184a9dc81d901e9efdc53796dc3fccda74222c1,64,female,Dr. Rajesh Sharma,0x3c44CdDdB6a900fa2b585dd299e03d12FA4293BC,Fortis Memorial Neuro & Trauma Center,Imaging / Radiology,Whole Body PET-CT Oncology Scan,18F-FDG Radiotracer DICOM,"Hypermetabolic primary lesion, SUVmax 9.2, no distant metastases","Physiological FDG biodistribution, no hypermetabolic malignancy",ABNORMAL_FINDING,High - Genomic/Oncology,18500,Diagnostic Laboratory Reports,Consent Verified (Active on Blockchain),AES-256-GCM,vault-transit-key-0x7184a9dc,Qm8244ae91113b33e98ee3a2d091767af8126998ad1ffb,Pinata Dedicated IPFS Gateway,0.0.4891024,5948,2026-09-13 12:22:13 UTC,0x45b1afdb6f982e1713f071cf09de10c6614c178daa29132b23bdd9a94e90bd8e,0.0001
LAB-REP-00949,ACC-LAB-003-000949,Metropolis Healthcare Molecular Laboratory,0x14dC79964da2C08b23698B3D3cc7Ca32193d9955,NABL-MC-3819,"Dr. Nilesh Shah, MD",Nandini Pillai,849549,0xb8519bb2a7d38b9ec1d4d7a71aa6c9a6f35a8f43,65,male,Dr. Rajesh Sharma,0x3c44CdDdB6a900fa2b585dd299e03d12FA4293BC,Max Super Speciality Cancer Institute,Liver Function Tests,Liver Function Profile (LFT),Serum,"ALT: 88 U/L (High), AST: 74 U/L (High), Total Bili: 1.8 mg/dL","ALT: 7-56 U/L, AST: 10-40 U/L, Bilirubin: 0.1-1.2 mg/dL",HIGH,Low,950,Diagnostic Laboratory Reports,Emergency Diagnostic Upload (Pending Verification),AES-256-GCM,vault-transit-key-0xb8519bb2,Qm3dfce1582a34079f0b35f27c17982d430eb41413eb29,Pinata Dedicated IPFS Gateway,0.0.4891024,5949,2026-09-13 12:22:16 UTC,0x9df5d420a2091f65f8eea108f75cad7a6ab1b3e7cb9d440e3cb2e832cc8e673d,0.0001
LAB-REP-00950,ACC-LAB-003-000950,Metropolis Healthcare Molecular Laboratory,0x14dC79964da2C08b23698B3D3cc7Ca32193d9955,NABL-MC-3819,"Dr. Nilesh Shah, MD",Siddharth Shetty,849550,0xd9e75d76dded5ccb535a58d87fcb0cd5ee366d07,66,female,Dr. Rajesh Sharma,0x3c44CdDdB6a900fa2b585dd299e03d12FA4293BC,Care & Cure Pediatric & Maternity Hospital,Microbiology Tests,Dengue Duo NS1 Ag + IgM/IgG Antibody ELISA,Serum,"Dengue NS1 Antigen: POSITIVE, IgM: Reactive",Non-Reactive / Negative,POSITIVE_ABNORMAL,Medium,1400,Diagnostic Laboratory Reports,Consent Verified (Active on Blockchain),AES-256-GCM,vault-transit-key-0xd9e75d76,Qm872891b3f397125f8d29db7655229c1953420b7c59a7,Pinata Dedicated IPFS Gateway,0.0.4891024,5950,2026-09-13 12:22:18 UTC,0x7abf920be20829d85ac1a9aee12a275785458bd67a71c61f8db0dc59e7aa2747,0.0001
LAB-REP-00951,ACC-LAB-001-000951,Apex Diagnostic Reference Labs,0x04Fee3FD1B338d12FFD6dBD8d66dE1e8e0BB99cB,NABL-MC-2091,"Dr. Sunita Narang, MD Path",Neha Gupta,849551,0x59f10adf4ff5cd3a6723ab43348d2b10d02b3c34,67,male,Dr. Rohan Patel,0x976EA74026E726554dB657fA54763abd0C3a0aa9,Apollo Multispecialty Hospital,Imaging / Radiology,Whole Body PET-CT Oncology Scan,18F-FDG Radiotracer DICOM,"Hypermetabolic primary lesion, SUVmax 9.2, no distant metastases","Physiological FDG biodistribution, no hypermetabolic malignancy",ABNORMAL_FINDING,High - Genomic/Oncology,18500,Diagnostic Laboratory Reports,Consent Verified (Active on Blockchain),AES-256-GCM,vault-transit-key-0x59f10adf,Qm794a1375976aec980ecd4a58e0144f9490e75a5d752b,Pinata Dedicated IPFS Gateway,0.0.4891024,5951,2026-09-13 12:22:20 UTC,0x50f130f2fd1a43148510986f74c31f54b42a7f867197402226f4b3d7ea3bb511,0.0001
LAB-REP-00952,ACC-LAB-001-000952,Apex Diagnostic Reference Labs,0x04Fee3FD1B338d12FFD6dBD8d66dE1e8e0BB99cB,NABL-MC-2091,"Dr. Sunita Narang, MD Path",Aarav Banerjee,849552,0x5d1c65207c1cfa7b22748c1e6ad3179936900347,68,female,Dr. Vikram Seth,0x15d34AAf54267DB7D7c367839AAf71A00a2C6A65,Fortis Memorial Neuro & Trauma Center,Endocrinology Tests,"Thyroid Function Panel (TSH, Free T3, Free T4)",Serum,"TSH: 6.8 uIU/mL (Hypothyroid), FT4: 0.72 ng/dL (Low)","TSH: 0.45-4.5 uIU/mL, FT3: 2.0-4.4 pg/mL, FT4: 0.8-1.8 ng/dL",LOW,Low,750,Diagnostic Laboratory Reports,Consent Verified (Active on Blockchain),AES-256-GCM,vault-transit-key-0x5d1c6520,Qmadadc5a3d37c76bb25d9b8dea17ee5f5f8e15a1347b3,Pinata Dedicated IPFS Gateway,0.0.4891024,5952,2026-09-13 12:22:22 UTC,0x1d83736dad5951b1be220b4773ce1d8d327af46bafb0d1705d1605547d9d5547,0.0001
LAB-REP-00953,ACC-LAB-001-000953,Apex Diagnostic Reference Labs,0x04Fee3FD1B338d12FFD6dBD8d66dE1e8e0BB99cB,NABL-MC-2091,"Dr. Sunita Narang, MD Path",Arjun Gowda,849553,0x56e16cae2cecd0e926dab9fc249441385e105fdb,69,male,Dr. Vikram Seth,0x15d34AAf54267DB7D7c367839AAf71A00a2C6A65,Care & Cure Pediatric & Maternity Hospital,Imaging / Radiology,Whole Body PET-CT Oncology Scan,18F-FDG Radiotracer DICOM,"Hypermetabolic primary lesion, SUVmax 9.2, no distant metastases","Physiological FDG biodistribution, no hypermetabolic malignancy",ABNORMAL_FINDING,High - Genomic/Oncology,18500,Diagnostic Laboratory Reports,Consent Verified (Active on Blockchain),AES-256-GCM,vault-transit-key-0x56e16cae,Qmc52bc096e54489520a2d16e64c1b25999f26208c2ff9,Pinata Dedicated IPFS Gateway,0.0.4891024,5953,2026-09-13 12:22:24 UTC,0xe1a1121fcc543dbf935152bf95540ceb09fd093246757e88685d9189ed8ef6ba,0.0001
LAB-REP-00954,ACC-LAB-003-000954,Metropolis Healthcare Molecular Laboratory,0x14dC79964da2C08b23698B3D3cc7Ca32193d9955,NABL-MC-3819,"Dr. Nilesh Shah, MD",Divya Malhotra,849554,0xaf9ea6b5efdf5641013228e003b05ed4ac311eb3,70,female,Dr. Sarah Jenkins,0x04Fee3FD1B338d12FFD6dBD8d66dE1e8e0BB99cB,Apollo Multispecialty Hospital,Blood Tests,Complete Blood Count (CBC),Whole Blood (EDTA),"Hb: 13.5 g/dL, WBC: 7200 /uL, Platelets: 2.4 Lakhs/uL (Borderline clinical correlation advised)","Hb: 12-16 g/dL, WBC: 4000-11000 /uL, Platelets: 1.5-4.5 Lakhs/uL",BORDERLINE,Low,450,Diagnostic Laboratory Reports,Consent Verified (Active on Blockchain),AES-256-GCM,vault-transit-key-0xaf9ea6b5,Qm89e7a6ef88bf36a69f15c07522b2ba2628987e3bb4ae,Pinata Dedicated IPFS Gateway,0.0.4891024,5954,2026-09-13 12:22:26 UTC,0xb0b62ce8b957f4fe97d06357e6702d3b4e9514c6d00727aaaf985eda2606f938,0.0001
LAB-REP-00955,ACC-LAB-001-000955,Apex Diagnostic Reference Labs,0x04Fee3FD1B338d12FFD6dBD8d66dE1e8e0BB99cB,NABL-MC-2091,"Dr. Sunita Narang, MD Path",Tanvi Sharma,849555,0x12f83f652dfc4869ab73f30b3ec1e23e61b22224,71,male,Dr. Rohan Patel,0x976EA74026E726554dB657fA54763abd0C3a0aa9,Apollo Multispecialty Hospital,Metabolic Panel,Comprehensive Metabolic Panel (CMP),Serum,"Na: 138 mmol/L, K: 4.1 mmol/L, Creat: 1.05 mg/dL","Na: 135-145, K: 3.5-5.0, Creatinine: 0.7-1.3 mg/dL",NORMAL,Medium,1200,Diagnostic Laboratory Reports,Consent Verified (Active on Blockchain),AES-256-GCM,vault-transit-key-0x12f83f65,Qm79cac57aeaf59234e1c437505c9d90de2cc984b9dc4d,Pinata Dedicated IPFS Gateway,0.0.4891024,5955,2026-09-13 12:22:29 UTC,0x2a6f9750c8e31babd1acd3e30fa4a783b97cb94b0032dbe5fd025d01cedefb1a,0.0001
LAB-REP-00956,ACC-LAB-003-000956,Metropolis Healthcare Molecular Laboratory,0x14dC79964da2C08b23698B3D3cc7Ca32193d9955,NABL-MC-3819,"Dr. Nilesh Shah, MD",Pooja Shetty,849556,0xf380e318018464f7f5036953d56287d92f31cf22,72,female,Dr. Sunita Narang,0xBcd4042DE499D14e55001CcbB24a551F3b954096,Care & Cure Pediatric & Maternity Hospital,Kidney Function Tests,Renal Function Profile (KFT),Serum,"BUN: 14 mg/dL, Creatinine: 0.9 mg/dL, eGFR: 92 mL/min","BUN: 7-20 mg/dL, Creatinine: 0.6-1.2 mg/dL, eGFR: >60 mL/min",NORMAL,Low,850,Diagnostic Laboratory Reports,Emergency Diagnostic Upload (Pending Verification),AES-256-GCM,vault-transit-key-0xf380e318,Qm0680ad4a26b34d2484d9dbb83e81c4596ddfdcd96aab,Pinata Dedicated IPFS Gateway,0.0.4891024,5956,2026-09-13 12:22:31 UTC,0x0167a7419bf2f9b3669228bc5f364293dd756a41a2efc0c481278d2ccb47700b,0.0001
LAB-REP-00957,ACC-LAB-003-000957,Metropolis Healthcare Molecular Laboratory,0x14dC79964da2C08b23698B3D3cc7Ca32193d9955,NABL-MC-3819,"Dr. Nilesh Shah, MD",Pranav Mehta,849557,0x72146da53ca3fab1e0c329e91048a0f987b17584,73,male,Dr. Rohan Patel,0x976EA74026E726554dB657fA54763abd0C3a0aa9,Apex Diagnostic & Pathology Hub,Imaging / Radiology,High-Resolution Non-Contrast Brain CT Scan,Radiological DICOM Imaging,"Small left temporal hemorrhagic contusion, no mass effect",No acute intracranial hemorrhage or midline shift,ABNORMAL_FINDING,Medium,3200,Diagnostic Laboratory Reports,Consent Verified (Active on Blockchain),AES-256-GCM,vault-transit-key-0x72146da5,Qmfadc6360de436ff109234b8c7354170389b7ec4748db,Pinata Dedicated IPFS Gateway,0.0.4891024,5957,2026-09-13 12:22:33 UTC,0x4ec32b06cee956452ee4157e3beb93e14c2f3a881756a56b4afee0874dbdf786,0.0001
LAB-REP-00958,ACC-LAB-002-000958,Dr. Lal PathLabs Central Reference Hub,0x976EA74026E726554dB657fA54763abd0C3a0aa9,NABL-MC-1044,"Dr. Arvind Lal, FRCPath",Divya Agarwal,849558,0xe6d708c7a93027b9f5e504d5cec543b9b17e96bc,74,female,Dr. Sarah Jenkins,0x04Fee3FD1B338d12FFD6dBD8d66dE1e8e0BB99cB,Fortis Memorial Neuro & Trauma Center,Microbiology Tests,Dengue Duo NS1 Ag + IgM/IgG Antibody ELISA,Serum,"Dengue NS1 Antigen: POSITIVE, IgM: Reactive",Non-Reactive / Negative,POSITIVE_ABNORMAL,Medium,1400,Diagnostic Laboratory Reports,Consent Verified (Active on Blockchain),AES-256-GCM,vault-transit-key-0xe6d708c7,Qmf25b295f467ee2b2353ac0a1c5f89671b85df5a3dcca,Pinata Dedicated IPFS Gateway,0.0.4891024,5958,2026-09-13 12:22:36 UTC,0xaf98de4e724cac07b0a3901b8dc9e2d030efa8b21b7b37f356c193203df28914,0.0001
LAB-REP-00959,ACC-LAB-003-000959,Metropolis Healthcare Molecular Laboratory,0x14dC79964da2C08b23698B3D3cc7Ca32193d9955,NABL-MC-3819,"Dr. Nilesh Shah, MD",Divya Ghosh,849559,0x8599cf0c4936df04cf7ddf27642c2bf065f42474,75,male,Dr. Ananya Roy,0x9965507D1a55bcC2695C58ba16FB37d819B0A4dc,Max Super Speciality Cancer Institute,Imaging / Radiology,High-Resolution Non-Contrast Brain CT Scan,Radiological DICOM Imaging,"Small left temporal hemorrhagic contusion, no mass effect",No acute intracranial hemorrhage or midline shift,ABNORMAL_FINDING,Medium,3200,Diagnostic Laboratory Reports,Consent Verified (Active on Blockchain),AES-256-GCM,vault-transit-key-0x8599cf0c,Qmdc33e364d8522a41bc23ae44398be978734395d21b3d,Pinata Dedicated IPFS Gateway,0.0.4891024,5959,2026-09-13 12:22:38 UTC,0x68688d66be8940d1f4e088bf97e2408110921528d2a2c6073914bb860ace352a,0.0001
LAB-REP-00960,ACC-LAB-003-000960,Metropolis Healthcare Molecular Laboratory,0x14dC79964da2C08b23698B3D3cc7Ca32193d9955,NABL-MC-3819,"Dr. Nilesh Shah, MD",Siddharth Mukherjee,849560,0x3d43d00241dff531d24d2bf9fd5931409a446795,76,female,Dr. Preeti Deshmukh,0x23618e81E3f5cdF7f54C3d65f7FBc0aBf5B21E8f,Max Super Speciality Cancer Institute,Imaging / Radiology,Whole Body PET-CT Oncology Scan,18F-FDG Radiotracer DICOM,"Hypermetabolic primary lesion, SUVmax 9.2, no distant metastases","Physiological FDG biodistribution, no hypermetabolic malignancy",ABNORMAL_FINDING,High - Genomic/Oncology,18500,Diagnostic Laboratory Reports,Consent Verified (Active on Blockchain),AES-256-GCM,vault-transit-key-0x3d43d002,Qma4e87eaf1b5099242031ab771f1aa3c4a6d39032a83f,Pinata Dedicated IPFS Gateway,0.0.4891024,5960,2026-09-13 12:22:40 UTC,0xf69022f8affe2d7d0b7b2d26cc6fbfaf216d877de0d6605aeee4def2e661a29f,0.0001
LAB-REP-00961,ACC-LAB-002-000961,Dr. Lal PathLabs Central Reference Hub,0x976EA74026E726554dB657fA54763abd0C3a0aa9,NABL-MC-1044,"Dr. Arvind Lal, FRCPath",Divya Chatterjee,849561,0xdb1eaf3593d578a69ce69342c2f730d0dba3ccfa,77,male,Dr. Sunita Narang,0xBcd4042DE499D14e55001CcbB24a551F3b954096,Care & Cure Pediatric & Maternity Hospital,Endocrinology Tests,HbA1c Glycated Hemoglobin,Whole Blood (EDTA),HbA1c: 7.6% (Diabetic Range),"<5.7% Normal, 5.7-6.4% Prediabetes, >=6.5% Diabetes",HIGH,Low,650,Diagnostic Laboratory Reports,Consent Verified (Active on Blockchain),AES-256-GCM,vault-transit-key-0xdb1eaf35,Qm1574dc1a98223bf7fb14da26fade76f226d4df829ceb,Pinata Dedicated IPFS Gateway,0.0.4891024,5961,2026-09-13 12:22:43 UTC,0xbb1f9b629de20ea590812d619a0ae69220673f79a884a2438cd2b72d3cd63240,0.0001
LAB-REP-00962,ACC-LAB-003-000962,Metropolis Healthcare Molecular Laboratory,0x14dC79964da2C08b23698B3D3cc7Ca32193d9955,NABL-MC-3819,"Dr. Nilesh Shah, MD",Chetan Gupta,849562,0x78d1625dc6a2c7805ccbeff59c6aab1e3152157e,78,female,Dr. Ananya Roy,0x9965507D1a55bcC2695C58ba16FB37d819B0A4dc,Apex Diagnostic & Pathology Hub,Kidney Function Tests,Renal Function Profile (KFT),Serum,"BUN: 14 mg/dL, Creatinine: 0.9 mg/dL, eGFR: 92 mL/min","BUN: 7-20 mg/dL, Creatinine: 0.6-1.2 mg/dL, eGFR: >60 mL/min",NORMAL,Low,850,Diagnostic Laboratory Reports,Emergency Diagnostic Upload (Pending Verification),AES-256-GCM,vault-transit-key-0x78d1625d,Qmaffea0c5e0bb4abe7a80e84ec4ad4706723d15c49a54,Pinata Dedicated IPFS Gateway,0.0.4891024,5962,2026-09-13 12:22:44 UTC,0x3c8de8aa05c432e6da6c2a63669677afb6b00410c520830893e767c37d209458,0.0001
LAB-REP-00963,ACC-LAB-002-000963,Dr. Lal PathLabs Central Reference Hub,0x976EA74026E726554dB657fA54763abd0C3a0aa9,NABL-MC-1044,"Dr. Arvind Lal, FRCPath",Anand Shetty,849563,0x55a4f450d936bf796581408272195b7ea43afc0f,79,male,Dr. Vikram Seth,0x15d34AAf54267DB7D7c367839AAf71A00a2C6A65,Apollo Multispecialty Hospital,Blood Tests,Complete Blood Count (CBC),Whole Blood (EDTA),"Hb: 13.5 g/dL, WBC: 7200 /uL, Platelets: 2.4 Lakhs/uL","Hb: 12-16 g/dL, WBC: 4000-11000 /uL, Platelets: 1.5-4.5 Lakhs/uL",NORMAL,Low,450,Diagnostic Laboratory Reports,Consent Verified (Active on Blockchain),AES-256-GCM,vault-transit-key-0x55a4f450,Qm9d8a198cee801b7cfa490027d9b18add16d2137686bf,Pinata Dedicated IPFS Gateway,0.0.4891024,5963,2026-09-13 12:22:47 UTC,0xb04917e31e8dd6a84df60bcbfd79f04b0294954bbe3bae9ffca4928a4fa7d492,0.0001
LAB-REP-00964,ACC-LAB-005-000964,SRL Diagnostics Regional Core Lab,0xa0Ee7A142d267C1f36714E4a8F75612F20a79720,NABL-MC-4491,"Dr. Ramesh Sarin, DNB Path",Manish Sharma,849564,0x9c07554c328860f0ef5051509cf3a6048ecf93e5,80,female,Dr. Ananya Roy,0x9965507D1a55bcC2695C58ba16FB37d819B0A4dc,Apollo Multispecialty Hospital,Blood Tests,Thrombocytopenia Platelet Monitoring,Whole Blood (EDTA),"Platelets: 42,000 /uL (Severe Low)","Platelets: 150,000 - 450,000 /uL",CRITICAL_ALERT,Low,350,Diagnostic Laboratory Reports,Consent Verified (Active on Blockchain),AES-256-GCM,vault-transit-key-0x9c07554c,Qmdfd9b281181236d1da34d0f14fae02aacaa820a0a545,Pinata Dedicated IPFS Gateway,0.0.4891024,5964,2026-09-13 12:22:49 UTC,0x3955672dd8554211a715ef975d75e5a22da0d3db946e7d282c2299828b0e60cd,0.0001
LAB-REP-00965,ACC-LAB-001-000965,Apex Diagnostic Reference Labs,0x04Fee3FD1B338d12FFD6dBD8d66dE1e8e0BB99cB,NABL-MC-2091,"Dr. Sunita Narang, MD Path",Siddharth Hegde,849565,0x684e903f96bdb1afae0161753fe12fe86581f578,81,male,Dr. Vikram Seth,0x15d34AAf54267DB7D7c367839AAf71A00a2C6A65,Apollo Multispecialty Hospital,Microbiology Tests,Dengue Duo NS1 Ag + IgM/IgG Antibody ELISA,Serum,"Dengue NS1 Antigen: POSITIVE, IgM: Reactive",Non-Reactive / Negative,POSITIVE_ABNORMAL,Medium,1400,Diagnostic Laboratory Reports,Consent Verified (Active on Blockchain),AES-256-GCM,vault-transit-key-0x684e903f,Qm559c86e1002b83d19f3f337fdad36555fce767c7c8e6,Pinata Dedicated IPFS Gateway,0.0.4891024,5965,2026-09-13 12:22:52 UTC,0x6ec654517ae5b8d460540c870552b067abfe67c84a38d9dfd6b2eb5e9af0cb9c,0.0001
LAB-REP-00966,ACC-LAB-002-000966,Dr. Lal PathLabs Central Reference Hub,0x976EA74026E726554dB657fA54763abd0C3a0aa9,NABL-MC-1044,"Dr. Arvind Lal, FRCPath",Sameer Deshmukh,849566,0xfa0d6c26bc4307f87936e7bbe6c0c1c3ea478994,82,female,Dr. Sunita Narang,0xBcd4042DE499D14e55001CcbB24a551F3b954096,Max Super Speciality Cancer Institute,Endocrinology Tests,"Thyroid Function Panel (TSH, Free T3, Free T4)",Serum,"TSH: 6.8 uIU/mL (Hypothyroid), FT4: 0.72 ng/dL (Low)","TSH: 0.45-4.5 uIU/mL, FT3: 2.0-4.4 pg/mL, FT4: 0.8-1.8 ng/dL",LOW,Low,750,Diagnostic Laboratory Reports,Emergency Diagnostic Upload (Pending Verification),AES-256-GCM,vault-transit-key-0xfa0d6c26,Qmc070b1b69bbfeefdd081cb8714ac7bee64a5a00ba9bd,Pinata Dedicated IPFS Gateway,0.0.4891024,5966,2026-09-13 12:22:54 UTC,0xd5bb26cd7f8701e5b1d4c128060f9b71a6279e430083ff5d003b7f7b57fc4c34,0.0001
LAB-REP-00967,ACC-LAB-001-000967,Apex Diagnostic Reference Labs,0x04Fee3FD1B338d12FFD6dBD8d66dE1e8e0BB99cB,NABL-MC-2091,"Dr. Sunita Narang, MD Path",Nikhil Menon,849567,0xf95f1fa179e315144b4ff2120dd692e1890adef9,83,male,Dr. Preeti Deshmukh,0x23618e81E3f5cdF7f54C3d65f7FBc0aBf5B21E8f,Max Super Speciality Cancer Institute,Lipid Profile,Comprehensive Lipid Panel,Serum (Fasting 12h),"Total Chol: 235 mg/dL (High), LDL: 155 mg/dL, TG: 180 mg/dL","Chol: <200 mg/dL, HDL: >40 mg/dL, LDL: <100 mg/dL, TG: <150 mg/dL",HIGH,Low,850,Diagnostic Laboratory Reports,Consent Verified (Active on Blockchain),AES-256-GCM,vault-transit-key-0xf95f1fa1,Qm69bffe7f847d5237a1c470a74aab5bed08560ddb31c3,Pinata Dedicated IPFS Gateway,0.0.4891024,5967,2026-09-13 12:22:56 UTC,0x25c41617449f78e4067fe4bbe9a8627f0066c8c6918cfb4e17e532a3868ae641,0.0001
LAB-REP-00968,ACC-LAB-005-000968,SRL Diagnostics Regional Core Lab,0xa0Ee7A142d267C1f36714E4a8F75612F20a79720,NABL-MC-4491,"Dr. Ramesh Sarin, DNB Path",Pooja Joshi,849568,0x3db5db341400718b52edb8e8e3695a76631ace68,84,female,Dr. Preeti Deshmukh,0x23618e81E3f5cdF7f54C3d65f7FBc0aBf5B21E8f,Max Super Speciality Cancer Institute,Imaging / Radiology,Whole Body PET-CT Oncology Scan,18F-FDG Radiotracer DICOM,"Hypermetabolic primary lesion, SUVmax 9.2, no distant metastases","Physiological FDG biodistribution, no hypermetabolic malignancy",ABNORMAL_FINDING,High - Genomic/Oncology,18500,Diagnostic Laboratory Reports,Consent Verified (Active on Blockchain),AES-256-GCM,vault-transit-key-0x3db5db34,Qm13464aa664588c4492a627f6ea56ef239963791a634e,Pinata Dedicated IPFS Gateway,0.0.4891024,5968,2026-09-13 12:22:58 UTC,0xe36681e295e9b5931b9fa89036b9f5c48349982af352c69b50ec111e621f19d7,0.0001
LAB-REP-00969,ACC-LAB-001-000969,Apex Diagnostic Reference Labs,0x04Fee3FD1B338d12FFD6dBD8d66dE1e8e0BB99cB,NABL-MC-2091,"Dr. Sunita Narang, MD Path",Arjun Menon,849569,0x378eb39d28c998cdcc3ec66019f6ea99099ef444,85,male,Dr. Rohan Patel,0x976EA74026E726554dB657fA54763abd0C3a0aa9,Apollo Multispecialty Hospital,Cardiology Tests,High-Sensitivity Cardiac Troponin-I (hs-cTnI),Serum / Plasma,hs-cTnI: 1850 ng/L (Markedly Elevated Acute Myocardial Infarction),< 14 ng/L (99th Percentile Upper Reference Limit),CRITICAL_ALERT,Medium,1800,Diagnostic Laboratory Reports,Consent Verified (Active on Blockchain),AES-256-GCM,vault-transit-key-0x378eb39d,Qmebfda12f646a6628f4756f2c1e526d61cb5ad7ce132b,Pinata Dedicated IPFS Gateway,0.0.4891024,5969,2026-09-13 12:23:00 UTC,0xb96aba3d256ca628405ecf5efc84d289ead0a70881769e6a6974c9c041f41838,0.0001
LAB-REP-00970,ACC-LAB-005-000970,SRL Diagnostics Regional Core Lab,0xa0Ee7A142d267C1f36714E4a8F75612F20a79720,NABL-MC-4491,"Dr. Ramesh Sarin, DNB Path",Priyanka Patel,849570,0x5996eb74c03d420ebba37f84d24932441887d16a,86,female,Dr. Ananya Roy,0x9965507D1a55bcC2695C58ba16FB37d819B0A4dc,Apex Diagnostic & Pathology Hub,Blood Tests,Thrombocytopenia Platelet Monitoring,Whole Blood (EDTA),"Platelets: 42,000 /uL (Severe Low)","Platelets: 150,000 - 450,000 /uL",CRITICAL_ALERT,Low,350,Diagnostic Laboratory Reports,Consent Verified (Active on Blockchain),AES-256-GCM,vault-transit-key-0x5996eb74,Qma7775a52e7a361e525e29b7ce1a6e0445c8860db5d01,Pinata Dedicated IPFS Gateway,0.0.4891024,5970,2026-09-13 12:23:03 UTC,0x331e4d88077527bac04c10220acc61f249857dc19111f4cb355d68bd7d395f05,0.0001
LAB-REP-00971,ACC-LAB-005-000971,SRL Diagnostics Regional Core Lab,0xa0Ee7A142d267C1f36714E4a8F75612F20a79720,NABL-MC-4491,"Dr. Ramesh Sarin, DNB Path",Rohan Mukherjee,849571,0x3402763112b3910f39205bb0b125ecffe276f5d9,87,male,Dr. Sarah Jenkins,0x04Fee3FD1B338d12FFD6dBD8d66dE1e8e0BB99cB,Max Super Speciality Cancer Institute,Cardiology Tests,High-Sensitivity Cardiac Troponin-I (hs-cTnI),Serum / Plasma,hs-cTnI: 1850 ng/L (Markedly Elevated Acute Myocardial Infarction),< 14 ng/L (99th Percentile Upper Reference Limit),CRITICAL_ALERT,Medium,1800,Diagnostic Laboratory Reports,Consent Verified (Active on Blockchain),AES-256-GCM,vault-transit-key-0x34027631,Qm3c727b2e06550067a680bb649b77b9cd752be0901b38,Pinata Dedicated IPFS Gateway,0.0.4891024,5971,2026-09-13 12:23:05 UTC,0x6d7663df117c3cec772ef357857d871b943695981edfa0bf692bd633157e087c,0.0001
LAB-REP-00972,ACC-LAB-003-000972,Metropolis Healthcare Molecular Laboratory,0x14dC79964da2C08b23698B3D3cc7Ca32193d9955,NABL-MC-3819,"Dr. Nilesh Shah, MD",Sameer Pillai,849572,0xd691d634f908fc25c64793026753496dfedf2fad,88,female,Dr. Sarah Jenkins,0x04Fee3FD1B338d12FFD6dBD8d66dE1e8e0BB99cB,Fortis Memorial Neuro & Trauma Center,Cardiology Tests,High-Sensitivity Cardiac Troponin-I (hs-cTnI),Serum / Plasma,hs-cTnI: 1850 ng/L (Markedly Elevated Acute Myocardial Infarction),< 14 ng/L (99th Percentile Upper Reference Limit),CRITICAL_ALERT,Medium,1800,Diagnostic Laboratory Reports,Emergency Diagnostic Upload (Pending Verification),AES-256-GCM,vault-transit-key-0xd691d634,Qm7c416db9e28cc75994ca70c8eb5fec630b4279687e36,Pinata Dedicated IPFS Gateway,0.0.4891024,5972,2026-09-13 12:23:07 UTC,0xb797cbf5df1717f3302519c1073ef262f626bd40285e0bc638d73ff50b65a498,0.0001
LAB-REP-00973,ACC-LAB-001-000973,Apex Diagnostic Reference Labs,0x04Fee3FD1B338d12FFD6dBD8d66dE1e8e0BB99cB,NABL-MC-2091,"Dr. Sunita Narang, MD Path",Neha Agarwal,849573,0x3b1021d2d75f170392a21d7e5824db01eb251d2d,89,male,Dr. Rohan Patel,0x976EA74026E726554dB657fA54763abd0C3a0aa9,Max Super Speciality Cancer Institute,Blood Tests,Complete Blood Count (CBC),Whole Blood (EDTA),"Hb: 13.5 g/dL, WBC: 7200 /uL, Platelets: 2.4 Lakhs/uL","Hb: 12-16 g/dL, WBC: 4000-11000 /uL, Platelets: 1.5-4.5 Lakhs/uL",NORMAL,Low,450,Diagnostic Laboratory Reports,Consent Verified (Active on Blockchain),AES-256-GCM,vault-transit-key-0x3b1021d2,Qm1f369a610ad1eb16265bc62de2ae563f2a26bd4f6601,Pinata Dedicated IPFS Gateway,0.0.4891024,5973,2026-09-13 12:23:09 UTC,0x90fe710c8476667884154c6c3d3b52c10595981604d3110233831f706e407586,0.0001
LAB-REP-00974,ACC-LAB-004-000974,Apollo Diagnostics Advanced Enclave,0x23618e81E3f5cdF7f54C3d65f7FBc0aBf5B21E8f,NABL-MC-5102,"Dr. Shanti Swaminathan, MD",Vikas Kapoor,849574,0x8e96657b706f6a8111389dfbfe557d2bee8dc221,90,female,Dr. Sarah Jenkins,0x04Fee3FD1B338d12FFD6dBD8d66dE1e8e0BB99cB,Max Super Speciality Cancer Institute,Imaging / Radiology,Whole Body PET-CT Oncology Scan,18F-FDG Radiotracer DICOM,"Hypermetabolic primary lesion, SUVmax 9.2, no distant metastases","Physiological FDG biodistribution, no hypermetabolic malignancy",ABNORMAL_FINDING,High - Genomic/Oncology,18500,Diagnostic Laboratory Reports,Consent Verified (Active on Blockchain),AES-256-GCM,vault-transit-key-0x8e96657b,Qm935b80963b1822b4b22af8033df8927e09fdb9274bc6,Pinata Dedicated IPFS Gateway,0.0.4891024,5974,2026-09-13 12:23:11 UTC,0xe2943c897937f949526becb198a11784b5924a3454b99f604cb1c43f7196bd95,0.0001
LAB-REP-00975,ACC-LAB-001-000975,Apex Diagnostic Reference Labs,0x04Fee3FD1B338d12FFD6dBD8d66dE1e8e0BB99cB,NABL-MC-2091,"Dr. Sunita Narang, MD Path",Geeta Malhotra,849575,0x558716df1a543cbac50b53c2e79ecae6348f1296,16,male,Dr. Rohan Patel,0x976EA74026E726554dB657fA54763abd0C3a0aa9,Apollo Multispecialty Hospital,Metabolic Panel,Comprehensive Metabolic Panel (CMP),Serum,"Na: 138 mmol/L, K: 4.1 mmol/L, Creat: 1.05 mg/dL","Na: 135-145, K: 3.5-5.0, Creatinine: 0.7-1.3 mg/dL",NORMAL,Medium,1200,Diagnostic Laboratory Reports,Consent Verified (Active on Blockchain),AES-256-GCM,vault-transit-key-0x558716df,Qmc2f134610ab4fc027b1ad10d98b2761efd7a53c5ad1b,Pinata Dedicated IPFS Gateway,0.0.4891024,5975,2026-09-13 12:23:14 UTC,0xc0364625c28037e765db9d35f0bfed5025ebad0e1677156d10889b30f401446c,0.0001
LAB-REP-00976,ACC-LAB-003-000976,Metropolis Healthcare Molecular Laboratory,0x14dC79964da2C08b23698B3D3cc7Ca32193d9955,NABL-MC-3819,"Dr. Nilesh Shah, MD",Chetan Patel,849576,0x9fce5a12ef6d765209e11c12280ac94638462446,17,female,Dr. Sunita Narang,0xBcd4042DE499D14e55001CcbB24a551F3b954096,Apex Diagnostic & Pathology Hub,Liver Function Tests,Liver Function Profile (LFT),Serum,"ALT: 88 U/L (High), AST: 74 U/L (High), Total Bili: 1.8 mg/dL","ALT: 7-56 U/L, AST: 10-40 U/L, Bilirubin: 0.1-1.2 mg/dL",HIGH,Low,950,Diagnostic Laboratory Reports,Consent Verified (Active on Blockchain),AES-256-GCM,vault-transit-key-0x9fce5a12,Qm5c6bfe657eabd63fb26a220e80a8739567bc35fd04d7,Pinata Dedicated IPFS Gateway,0.0.4891024,5976,2026-09-13 12:23:16 UTC,0x3f84590f452b243b30ace7a59ba85903b69d7b8752972fc3a07a261b8cd22ea7,0.0001
LAB-REP-00977,ACC-LAB-004-000977,Apollo Diagnostics Advanced Enclave,0x23618e81E3f5cdF7f54C3d65f7FBc0aBf5B21E8f,NABL-MC-5102,"Dr. Shanti Swaminathan, MD",Rahul Gowda,849577,0xa417975e3627de1d57894f92351bcf15588ff8ca,18,male,Dr. Sunita Narang,0xBcd4042DE499D14e55001CcbB24a551F3b954096,Apollo Multispecialty Hospital,Kidney Function Tests,Renal Function Profile (KFT),Serum,"BUN: 14 mg/dL, Creatinine: 0.9 mg/dL, eGFR: 92 mL/min","BUN: 7-20 mg/dL, Creatinine: 0.6-1.2 mg/dL, eGFR: >60 mL/min",NORMAL,Low,850,Diagnostic Laboratory Reports,Consent Verified (Active on Blockchain),AES-256-GCM,vault-transit-key-0xa417975e,Qm40a10a0c84319d2f28776320e32b9190d200a95ded83,Pinata Dedicated IPFS Gateway,0.0.4891024,5977,2026-09-13 12:23:19 UTC,0xa97368a672380bd4dbd30f14c31bef1e4997d5bb2e7b7c265416c4024e1153f9,0.0001
LAB-REP-00978,ACC-LAB-003-000978,Metropolis Healthcare Molecular Laboratory,0x14dC79964da2C08b23698B3D3cc7Ca32193d9955,NABL-MC-3819,"Dr. Nilesh Shah, MD",Divya Verma,849578,0xdbe00220e131cca422a0d182e78f6c0cdf6e9496,19,female,Dr. Preeti Deshmukh,0x23618e81E3f5cdF7f54C3d65f7FBc0aBf5B21E8f,Apex Diagnostic & Pathology Hub,Lipid Profile,Comprehensive Lipid Panel,Serum (Fasting 12h),"Total Chol: 235 mg/dL (High), LDL: 155 mg/dL, TG: 180 mg/dL","Chol: <200 mg/dL, HDL: >40 mg/dL, LDL: <100 mg/dL, TG: <150 mg/dL",HIGH,Low,850,Diagnostic Laboratory Reports,Consent Verified (Active on Blockchain),AES-256-GCM,vault-transit-key-0xdbe00220,Qm8150e7ef2b669853bc1281416f23df773d15af7a8d47,Pinata Dedicated IPFS Gateway,0.0.4891024,5978,2026-09-13 12:23:21 UTC,0x6f98cb15055666f426d3f9b5f281fc511fa5c27183d632c651bc5dd6dcb3fbf3,0.0001
LAB-REP-00979,ACC-LAB-005-000979,SRL Diagnostics Regional Core Lab,0xa0Ee7A142d267C1f36714E4a8F75612F20a79720,NABL-MC-4491,"Dr. Ramesh Sarin, DNB Path",Priyanka Sharma,849579,0x0e0b737dc4b285c8cc03c14cc3582e32ad40bce5,20,male,Dr. Ananya Roy,0x9965507D1a55bcC2695C58ba16FB37d819B0A4dc,Care & Cure Pediatric & Maternity Hospital,Lipid Profile,Comprehensive Lipid Panel,Serum (Fasting 12h),"Total Chol: 235 mg/dL (High), LDL: 155 mg/dL, TG: 180 mg/dL","Chol: <200 mg/dL, HDL: >40 mg/dL, LDL: <100 mg/dL, TG: <150 mg/dL",HIGH,Low,850,Diagnostic Laboratory Reports,Consent Verified (Active on Blockchain),AES-256-GCM,vault-transit-key-0x0e0b737d,Qmd9254689c605665e8003111e122a98dcdceaa4b8f3f9,Pinata Dedicated IPFS Gateway,0.0.4891024,5979,2026-09-13 12:23:23 UTC,0xf1c60f05b310bc9a211c3b59eb8b4a47a36f63cc82c9d841a81698a06585e2ef,0.0001
LAB-REP-00980,ACC-LAB-002-000980,Dr. Lal PathLabs Central Reference Hub,0x976EA74026E726554dB657fA54763abd0C3a0aa9,NABL-MC-1044,"Dr. Arvind Lal, FRCPath",Bhavna Choudhury,849580,0x70e354411d35dfe3f56a2ccd7500ffdd622397e9,21,female,Dr. Sarah Jenkins,0x04Fee3FD1B338d12FFD6dBD8d66dE1e8e0BB99cB,Apex Diagnostic & Pathology Hub,Microbiology Tests,Dengue Duo NS1 Ag + IgM/IgG Antibody ELISA,Serum,"Dengue NS1 Antigen: POSITIVE, IgM: Reactive",Non-Reactive / Negative,POSITIVE_ABNORMAL,Medium,1400,Diagnostic Laboratory Reports,Emergency Diagnostic Upload (Pending Verification),AES-256-GCM,vault-transit-key-0x70e35441,Qm75bfd67162885c50eb28cad312c33ac6925681887ee0,Pinata Dedicated IPFS Gateway,0.0.4891024,5980,2026-09-13 12:23:25 UTC,0x14914220ac6ef8e96c4d941f7aae5fe1d056f49a4d71fe5017e411ddf8756c15,0.0001
LAB-REP-00981,ACC-LAB-004-000981,Apollo Diagnostics Advanced Enclave,0x23618e81E3f5cdF7f54C3d65f7FBc0aBf5B21E8f,NABL-MC-5102,"Dr. Shanti Swaminathan, MD",Rohan Gupta,849581,0x7285468b38ff8962d312e054c0e744f8d5319990,22,male,Dr. Rohan Patel,0x976EA74026E726554dB657fA54763abd0C3a0aa9,Max Super Speciality Cancer Institute,Endocrinology Tests,"Thyroid Function Panel (TSH, Free T3, Free T4)",Serum,"TSH: 6.8 uIU/mL (Hypothyroid), FT4: 0.72 ng/dL (Low)","TSH: 0.45-4.5 uIU/mL, FT3: 2.0-4.4 pg/mL, FT4: 0.8-1.8 ng/dL",LOW,Low,750,Diagnostic Laboratory Reports,Emergency Diagnostic Upload (Pending Verification),AES-256-GCM,vault-transit-key-0x7285468b,Qma5b3c8ac8dbe5bbfd8a90593bf66c2244e8f76edfa0f,Pinata Dedicated IPFS Gateway,0.0.4891024,5981,2026-09-13 12:23:28 UTC,0xdad2dfd0d8a54a0c2ac4a8dbd40ff33364e2b2cbf7478c9e2a477bd1804c2764,0.0001
LAB-REP-00982,ACC-LAB-001-000982,Apex Diagnostic Reference Labs,0x04Fee3FD1B338d12FFD6dBD8d66dE1e8e0BB99cB,NABL-MC-2091,"Dr. Sunita Narang, MD Path",Sanjay Kulkarni,849582,0x274ec2b8735fdfc24feae5aee66b6a467b82e488,23,female,Dr. Sunita Narang,0xBcd4042DE499D14e55001CcbB24a551F3b954096,Apollo Multispecialty Hospital,Endocrinology Tests,HbA1c Glycated Hemoglobin,Whole Blood (EDTA),HbA1c: 7.6% (Diabetic Range),"<5.7% Normal, 5.7-6.4% Prediabetes, >=6.5% Diabetes",HIGH,Low,650,Diagnostic Laboratory Reports,Consent Verified (Active on Blockchain),AES-256-GCM,vault-transit-key-0x274ec2b8,Qmc16779961318c96b923b05e85248999298adeeb1f50a,Pinata Dedicated IPFS Gateway,0.0.4891024,5982,2026-09-13 12:23:30 UTC,0x1592434d55d20ea20544866ed14c395cf7c84e62a7eb0dd34a8de6c66636cf87,0.0001
LAB-REP-00983,ACC-LAB-001-000983,Apex Diagnostic Reference Labs,0x04Fee3FD1B338d12FFD6dBD8d66dE1e8e0BB99cB,NABL-MC-2091,"Dr. Sunita Narang, MD Path",Amit Pillai,849583,0xff15ed2a4ef48dca5f84a7a89b82893fec60c576,24,male,Dr. Rohan Patel,0x976EA74026E726554dB657fA54763abd0C3a0aa9,Care & Cure Pediatric & Maternity Hospital,Endocrinology Tests,"Thyroid Function Panel (TSH, Free T3, Free T4)",Serum,"TSH: 6.8 uIU/mL (Hypothyroid), FT4: 0.72 ng/dL (Low)","TSH: 0.45-4.5 uIU/mL, FT3: 2.0-4.4 pg/mL, FT4: 0.8-1.8 ng/dL",LOW,Low,750,Diagnostic Laboratory Reports,Consent Verified (Active on Blockchain),AES-256-GCM,vault-transit-key-0xff15ed2a,Qm86e6b4189edc2504c430c29933ead40621fdf0291bea,Pinata Dedicated IPFS Gateway,0.0.4891024,5983,2026-09-13 12:23:31 UTC,0x5ff545239f91fa2c8f8f46741d8fddb5f7ee6f84a110efe74dbe542f29a4b94c,0.0001
LAB-REP-00984,ACC-LAB-002-000984,Dr. Lal PathLabs Central Reference Hub,0x976EA74026E726554dB657fA54763abd0C3a0aa9,NABL-MC-1044,"Dr. Arvind Lal, FRCPath",Chetan Pandey,849584,0xfa8743a85596b9e24a08250e8fa149bbac766da6,25,female,Dr. Ananya Roy,0x9965507D1a55bcC2695C58ba16FB37d819B0A4dc,Max Super Speciality Cancer Institute,Endocrinology Tests,HbA1c Glycated Hemoglobin,Whole Blood (EDTA),HbA1c: 7.6% (Diabetic Range),"<5.7% Normal, 5.7-6.4% Prediabetes, >=6.5% Diabetes",HIGH,Low,650,Diagnostic Laboratory Reports,Consent Verified (Active on Blockchain),AES-256-GCM,vault-transit-key-0xfa8743a8,Qm1d699a59c523368c526d76bcb4f1a9a16433e0312745,Pinata Dedicated IPFS Gateway,0.0.4891024,5984,2026-09-13 12:23:34 UTC,0xd1d522a2b0fc5ee03623292dbbf713c96bebda975e6abce6a610d8348ee1aa83,0.0001
LAB-REP-00985,ACC-LAB-001-000985,Apex Diagnostic Reference Labs,0x04Fee3FD1B338d12FFD6dBD8d66dE1e8e0BB99cB,NABL-MC-2091,"Dr. Sunita Narang, MD Path",Sanjay Sharma,849585,0x3128593ccea0172aa5a5c58d3e4905e75a8dd385,26,male,Dr. Preeti Deshmukh,0x23618e81E3f5cdF7f54C3d65f7FBc0aBf5B21E8f,Care & Cure Pediatric & Maternity Hospital,Imaging / Radiology,Whole Body PET-CT Oncology Scan,18F-FDG Radiotracer DICOM,"Hypermetabolic primary lesion, SUVmax 9.2, no distant metastases","Physiological FDG biodistribution, no hypermetabolic malignancy",ABNORMAL_FINDING,High - Genomic/Oncology,18500,Diagnostic Laboratory Reports,Consent Verified (Active on Blockchain),AES-256-GCM,vault-transit-key-0x3128593c,Qm9843b5027f415dc2d91fb0881c763e7d3cad9e726de4,Pinata Dedicated IPFS Gateway,0.0.4891024,5985,2026-09-13 12:23:36 UTC,0x563331f6014195e59170fe28fe0cd1f0f64902569026d16e46b0589f90eba72a,0.0001
LAB-REP-00986,ACC-LAB-004-000986,Apollo Diagnostics Advanced Enclave,0x23618e81E3f5cdF7f54C3d65f7FBc0aBf5B21E8f,NABL-MC-5102,"Dr. Shanti Swaminathan, MD",Yashwanth Malhotra,849586,0xccd62857302bf472e98cdcd10cbd42113690025e,27,female,Dr. Rajesh Sharma,0x3c44CdDdB6a900fa2b585dd299e03d12FA4293BC,Apex Diagnostic & Pathology Hub,Metabolic Panel,Comprehensive Metabolic Panel (CMP),Serum,"Na: 138 mmol/L, K: 4.1 mmol/L, Creat: 1.05 mg/dL","Na: 135-145, K: 3.5-5.0, Creatinine: 0.7-1.3 mg/dL",NORMAL,Medium,1200,Diagnostic Laboratory Reports,Consent Verified (Active on Blockchain),AES-256-GCM,vault-transit-key-0xccd62857,Qm033b7c5438de2df9912ff44f60cc164cd54f43b259fc,Pinata Dedicated IPFS Gateway,0.0.4891024,5986,2026-09-13 12:23:39 UTC,0x6eeb1a2cc8f2bf1e9ebf607ed69bde68e3278b93df4fde445ccbdce58bf17bf6,0.0001
LAB-REP-00987,ACC-LAB-005-000987,SRL Diagnostics Regional Core Lab,0xa0Ee7A142d267C1f36714E4a8F75612F20a79720,NABL-MC-4491,"Dr. Ramesh Sarin, DNB Path",Bhavna Ghosh,849587,0x282bc7e6690639dc0f22dc16d215a1fe07d08908,28,male,Dr. Sarah Jenkins,0x04Fee3FD1B338d12FFD6dBD8d66dE1e8e0BB99cB,Apex Diagnostic & Pathology Hub,Imaging / Radiology,High-Resolution Non-Contrast Brain CT Scan,Radiological DICOM Imaging,"Small left temporal hemorrhagic contusion, no mass effect",No acute intracranial hemorrhage or midline shift,ABNORMAL_FINDING,Medium,3200,Diagnostic Laboratory Reports,Consent Verified (Active on Blockchain),AES-256-GCM,vault-transit-key-0x282bc7e6,Qm947dda1d259699a77605e49df689977c960bcd32ce98,Pinata Dedicated IPFS Gateway,0.0.4891024,5987,2026-09-13 12:23:41 UTC,0xd22dd68fae10c4f89a79ae09635c876f91f3f25047354ab0799b446d14782c94,0.0001
LAB-REP-00988,ACC-LAB-004-000988,Apollo Diagnostics Advanced Enclave,0x23618e81E3f5cdF7f54C3d65f7FBc0aBf5B21E8f,NABL-MC-5102,"Dr. Shanti Swaminathan, MD",Sneha Patel,849588,0x094d0e69053189ee6b23f4d14527f0dd9dfdc05a,29,female,Dr. Sunita Narang,0xBcd4042DE499D14e55001CcbB24a551F3b954096,Fortis Memorial Neuro & Trauma Center,Metabolic Panel,Comprehensive Metabolic Panel (CMP),Serum,"Na: 138 mmol/L, K: 4.1 mmol/L, Creat: 1.05 mg/dL","Na: 135-145, K: 3.5-5.0, Creatinine: 0.7-1.3 mg/dL",NORMAL,Medium,1200,Diagnostic Laboratory Reports,Emergency Diagnostic Upload (Pending Verification),AES-256-GCM,vault-transit-key-0x094d0e69,Qm4d7240a58b6da5ebd347f76bbed6ff4eddfd4d6b119d,Pinata Dedicated IPFS Gateway,0.0.4891024,5988,2026-09-13 12:23:43 UTC,0x39a93627be08d9cb69b13456beae61106a44d88db8e989f6d4b16bc8da461665,0.0001
LAB-REP-00989,ACC-LAB-001-000989,Apex Diagnostic Reference Labs,0x04Fee3FD1B338d12FFD6dBD8d66dE1e8e0BB99cB,NABL-MC-2091,"Dr. Sunita Narang, MD Path",Geeta Agarwal,849589,0x402daa96859e1f3a0e5ed3dbf4394f14d65c0fd7,30,male,Dr. Ananya Roy,0x9965507D1a55bcC2695C58ba16FB37d819B0A4dc,Fortis Memorial Neuro & Trauma Center,Microbiology Tests,Dengue Duo NS1 Ag + IgM/IgG Antibody ELISA,Serum,"Dengue NS1 Antigen: POSITIVE, IgM: Reactive",Non-Reactive / Negative,POSITIVE_ABNORMAL,Medium,1400,Diagnostic Laboratory Reports,Consent Verified (Active on Blockchain),AES-256-GCM,vault-transit-key-0x402daa96,Qm95ca49299a5d319ae53e19534a0ff2b10d83c3913134,Pinata Dedicated IPFS Gateway,0.0.4891024,5989,2026-09-13 12:23:46 UTC,0x504e7e3c881cfb51ab8fc33e935e402d60d2d11cc32a7a51ada3542f1418f174,0.0001
LAB-REP-00990,ACC-LAB-005-000990,SRL Diagnostics Regional Core Lab,0xa0Ee7A142d267C1f36714E4a8F75612F20a79720,NABL-MC-4491,"Dr. Ramesh Sarin, DNB Path",Sakshi Saxena,849590,0x5b9778f8425cf24b86d4375c2c9047375684e328,31,female,Dr. Sarah Jenkins,0x04Fee3FD1B338d12FFD6dBD8d66dE1e8e0BB99cB,Max Super Speciality Cancer Institute,Kidney Function Tests,Renal Function Profile (KFT),Serum,"BUN: 14 mg/dL, Creatinine: 0.9 mg/dL, eGFR: 92 mL/min","BUN: 7-20 mg/dL, Creatinine: 0.6-1.2 mg/dL, eGFR: >60 mL/min",NORMAL,Low,850,Diagnostic Laboratory Reports,Consent Verified (Active on Blockchain),AES-256-GCM,vault-transit-key-0x5b9778f8,Qmcfa49570d7cd7366dfe5e11c11a3c687b0cb4bf054a6,Pinata Dedicated IPFS Gateway,0.0.4891024,5990,2026-09-13 12:23:48 UTC,0xecc6f934970d7f66059a6c4ecab4f9792526fa1356845874ba6d3dc92f689201,0.0001
LAB-REP-00991,ACC-LAB-003-000991,Metropolis Healthcare Molecular Laboratory,0x14dC79964da2C08b23698B3D3cc7Ca32193d9955,NABL-MC-3819,"Dr. Nilesh Shah, MD",Manish Kapoor,849591,0x103989f8f3e6d7a86f78c476c7eee674bbbe6acc,32,male,Dr. Rohan Patel,0x976EA74026E726554dB657fA54763abd0C3a0aa9,Care & Cure Pediatric & Maternity Hospital,Endocrinology Tests,HbA1c Glycated Hemoglobin,Whole Blood (EDTA),HbA1c: 7.6% (Diabetic Range),"<5.7% Normal, 5.7-6.4% Prediabetes, >=6.5% Diabetes",HIGH,Low,650,Diagnostic Laboratory Reports,Consent Verified (Active on Blockchain),AES-256-GCM,vault-transit-key-0x103989f8,Qmc4eb8098fb378ae5293b7fc5075e5bee528d42d3ad48,Pinata Dedicated IPFS Gateway,0.0.4891024,5991,2026-09-13 12:23:50 UTC,0x92c4bda1ff60bb4901b6b517876ec3659b0176649d63b34e4a9c6b7cd89b61c8,0.0001
LAB-REP-00992,ACC-LAB-005-000992,SRL Diagnostics Regional Core Lab,0xa0Ee7A142d267C1f36714E4a8F75612F20a79720,NABL-MC-4491,"Dr. Ramesh Sarin, DNB Path",Nikhil Malhotra,849592,0xcc7ed8ef46e016d37556b3cbc86931fea651408b,33,female,Dr. Vikram Seth,0x15d34AAf54267DB7D7c367839AAf71A00a2C6A65,Apex Diagnostic & Pathology Hub,Blood Tests,Complete Blood Count (CBC),Whole Blood (EDTA),"Hb: 13.5 g/dL, WBC: 7200 /uL, Platelets: 2.4 Lakhs/uL","Hb: 12-16 g/dL, WBC: 4000-11000 /uL, Platelets: 1.5-4.5 Lakhs/uL",NORMAL,Low,450,Diagnostic Laboratory Reports,Emergency Diagnostic Upload (Pending Verification),AES-256-GCM,vault-transit-key-0xcc7ed8ef,Qm682d276248c80bdfd83b98e92648bf207e81162dcb7b,Pinata Dedicated IPFS Gateway,0.0.4891024,5992,2026-09-13 12:23:52 UTC,0x4dd1eaae3f0efdb894565acafd22272e6c13f7cbe8ccdaf79ad1ebdd1ab4ee99,0.0001
LAB-REP-00993,ACC-LAB-004-000993,Apollo Diagnostics Advanced Enclave,0x23618e81E3f5cdF7f54C3d65f7FBc0aBf5B21E8f,NABL-MC-5102,"Dr. Shanti Swaminathan, MD",Riya Reddy,849593,0x92a8fe9efbe2bc82964d5d3911de91e92148d1dc,34,male,Dr. Sarah Jenkins,0x04Fee3FD1B338d12FFD6dBD8d66dE1e8e0BB99cB,Care & Cure Pediatric & Maternity Hospital,Kidney Function Tests,Renal Function Profile (KFT),Serum,"BUN: 14 mg/dL, Creatinine: 0.9 mg/dL, eGFR: 92 mL/min","BUN: 7-20 mg/dL, Creatinine: 0.6-1.2 mg/dL, eGFR: >60 mL/min",NORMAL,Low,850,Diagnostic Laboratory Reports,Consent Verified (Active on Blockchain),AES-256-GCM,vault-transit-key-0x92a8fe9e,Qmb063316a6d05ff4fa9938bea78e75e10b6de0b99fcf4,Pinata Dedicated IPFS Gateway,0.0.4891024,5993,2026-09-13 12:23:54 UTC,0x5a01249ad029e7b38fd83b711916f729555bd4c25e39b8294ad68649455687e9,0.0001
LAB-REP-00994,ACC-LAB-002-000994,Dr. Lal PathLabs Central Reference Hub,0x976EA74026E726554dB657fA54763abd0C3a0aa9,NABL-MC-1044,"Dr. Arvind Lal, FRCPath",Deepak Ghosh,849594,0x73e70bfcda3c9d6564fd14b9e348d01e361ddc36,35,female,Dr. Rohan Patel,0x976EA74026E726554dB657fA54763abd0C3a0aa9,Fortis Memorial Neuro & Trauma Center,Endocrinology Tests,HbA1c Glycated Hemoglobin,Whole Blood (EDTA),HbA1c: 7.6% (Diabetic Range),"<5.7% Normal, 5.7-6.4% Prediabetes, >=6.5% Diabetes",HIGH,Low,650,Diagnostic Laboratory Reports,Consent Verified (Active on Blockchain),AES-256-GCM,vault-transit-key-0x73e70bfc,Qmed22bb7b106473588b293125334c7d51d04127111792,Pinata Dedicated IPFS Gateway,0.0.4891024,5994,2026-09-13 12:23:56 UTC,0x6010a445e6d243d03d705307b19dacae8f5e7ef5a365f96547772ca94ca31dc6,0.0001
LAB-REP-00995,ACC-LAB-004-000995,Apollo Diagnostics Advanced Enclave,0x23618e81E3f5cdF7f54C3d65f7FBc0aBf5B21E8f,NABL-MC-5102,"Dr. Shanti Swaminathan, MD",Geeta Pandey,849595,0xb872f63e9743fe884a75009e248dd0a23688c270,36,male,Dr. Sarah Jenkins,0x04Fee3FD1B338d12FFD6dBD8d66dE1e8e0BB99cB,Apollo Multispecialty Hospital,Liver Function Tests,Liver Function Profile (LFT),Serum,"ALT: 88 U/L (High), AST: 74 U/L (High), Total Bili: 1.8 mg/dL","ALT: 7-56 U/L, AST: 10-40 U/L, Bilirubin: 0.1-1.2 mg/dL",HIGH,Low,950,Diagnostic Laboratory Reports,Consent Verified (Active on Blockchain),AES-256-GCM,vault-transit-key-0xb872f63e,Qm26f45518e7bcf61b2676b79b2e20d44ac6b8d676e32f,Pinata Dedicated IPFS Gateway,0.0.4891024,5995,2026-09-13 12:23:58 UTC,0x69557f4a43718a62590634f0fb5fbc342e374fcab17a72cee1beee5058f3cf78,0.0001
LAB-REP-00996,ACC-LAB-003-000996,Metropolis Healthcare Molecular Laboratory,0x14dC79964da2C08b23698B3D3cc7Ca32193d9955,NABL-MC-3819,"Dr. Nilesh Shah, MD",Arjun Mukherjee,849596,0xff73eab466cb07d2219823af449b2f3edab6588a,37,female,Dr. Sunita Narang,0xBcd4042DE499D14e55001CcbB24a551F3b954096,Apollo Multispecialty Hospital,Blood Tests,Complete Blood Count (CBC),Whole Blood (EDTA),"Hb: 13.5 g/dL, WBC: 7200 /uL, Platelets: 2.4 Lakhs/uL","Hb: 12-16 g/dL, WBC: 4000-11000 /uL, Platelets: 1.5-4.5 Lakhs/uL",NORMAL,Low,450,Diagnostic Laboratory Reports,Consent Verified (Active on Blockchain),AES-256-GCM,vault-transit-key-0xff73eab4,Qm71d4fe5c158500435b49d8d29434bff5324ffe5ba21a,Pinata Dedicated IPFS Gateway,0.0.4891024,5996,2026-09-13 12:24:01 UTC,0xee65166b02ad663566d7c1a5d8187769fe635539689e3d712ffbbaf9789709a5,0.0001
LAB-REP-00997,ACC-LAB-002-000997,Dr. Lal PathLabs Central Reference Hub,0x976EA74026E726554dB657fA54763abd0C3a0aa9,NABL-MC-1044,"Dr. Arvind Lal, FRCPath",Madhav Pillai,849597,0xbdc9ad0c251fe2209e96df739ae6808dbb687743,38,male,Dr. Rohan Patel,0x976EA74026E726554dB657fA54763abd0C3a0aa9,Care & Cure Pediatric & Maternity Hospital,Cardiology Tests,High-Sensitivity Cardiac Troponin-I (hs-cTnI),Serum / Plasma,hs-cTnI: 1850 ng/L (Markedly Elevated Acute Myocardial Infarction),< 14 ng/L (99th Percentile Upper Reference Limit),CRITICAL_ALERT,Medium,1800,Diagnostic Laboratory Reports,Consent Verified (Active on Blockchain),AES-256-GCM,vault-transit-key-0xbdc9ad0c,Qm023cc1ac840377766e88b169e3f79bdf67b07528d471,Pinata Dedicated IPFS Gateway,0.0.4891024,5997,2026-09-13 12:24:03 UTC,0xced8456be2f048dbbf14be20c5983c5a8b9ac94345011ebffedadf9605fd03e0,0.0001
LAB-REP-00998,ACC-LAB-004-000998,Apollo Diagnostics Advanced Enclave,0x23618e81E3f5cdF7f54C3d65f7FBc0aBf5B21E8f,NABL-MC-5102,"Dr. Shanti Swaminathan, MD",Sanjay Kulkarni,849598,0xfb55f162ad42489b67b77b2660d91c300f588a44,39,female,Dr. Sarah Jenkins,0x04Fee3FD1B338d12FFD6dBD8d66dE1e8e0BB99cB,Max Super Speciality Cancer Institute,Pathology / Biopsy,Core Needle Biopsy Histopathology & Immunohistochemistry,Tissue Biopsy in 10% Formalin,"Infiltrating Ductal Carcinoma Grade 2, ER 85%+, PR 60%+, HER2/neu Negative",Benign / No malignancy,MALIGNANT_POSITIVE,High - Genomic/Oncology,4500,Diagnostic Laboratory Reports,Consent Verified (Active on Blockchain),AES-256-GCM,vault-transit-key-0xfb55f162,Qm081b791e473f43ea9dbe728a81e236712dfb20805cde,Pinata Dedicated IPFS Gateway,0.0.4891024,5998,2026-09-13 12:24:05 UTC,0x9e062e4cc45faf3485540da6414b20339b5be1fcbac2b5ab641b1287096b067b,0.0001
LAB-REP-00999,ACC-LAB-001-000999,Apex Diagnostic Reference Labs,0x04Fee3FD1B338d12FFD6dBD8d66dE1e8e0BB99cB,NABL-MC-2091,"Dr. Sunita Narang, MD Path",Lata Iyer,849599,0xbcbfa47bacdd53a8d9081d9e306510e3a303538c,40,male,Dr. Sarah Jenkins,0x04Fee3FD1B338d12FFD6dBD8d66dE1e8e0BB99cB,Apollo Multispecialty Hospital,Imaging / Radiology,High-Resolution Non-Contrast Brain CT Scan,Radiological DICOM Imaging,"Small left temporal hemorrhagic contusion, no mass effect",No acute intracranial hemorrhage or midline shift,ABNORMAL_FINDING,Medium,3200,Diagnostic Laboratory Reports,Emergency Diagnostic Upload (Pending Verification),AES-256-GCM,vault-transit-key-0xbcbfa47b,Qm3c857083c3ce8ef5a51cb78da81a87ce424c5268a5cd,Pinata Dedicated IPFS Gateway,0.0.4891024,5999,2026-09-13 12:24:08 UTC,0xdc9ba7140ba79340954f1f597a541d93e1460779a0e0fa91cc30948e4f77b16f,0.0001
LAB-REP-01000,ACC-LAB-005-001000,SRL Diagnostics Regional Core Lab,0xa0Ee7A142d267C1f36714E4a8F75612F20a79720,NABL-MC-4491,"Dr. Ramesh Sarin, DNB Path",Aarav Patel,849600,0x87cfa5a7ffb3b29790252fae7fd29c602a0e1ef9,41,female,Dr. Ananya Roy,0x9965507D1a55bcC2695C58ba16FB37d819B0A4dc,Apollo Multispecialty Hospital,Endocrinology Tests,"Thyroid Function Panel (TSH, Free T3, Free T4)",Serum,"TSH: 6.8 uIU/mL (Hypothyroid), FT4: 0.72 ng/dL (Low)","TSH: 0.45-4.5 uIU/mL, FT3: 2.0-4.4 pg/mL, FT4: 0.8-1.8 ng/dL",LOW,Low,750,Diagnostic Laboratory Reports,Consent Verified (Active on Blockchain),AES-256-GCM,vault-transit-key-0x87cfa5a7,Qm8d7443d2736b2237e1bb2aed3f50e8a6b177e90fba28,Pinata Dedicated IPFS Gateway,0.0.4891024,6000,2026-09-13 12:24:10 UTC,0x500165a8ae15fec8625dfd04cf1673dc90639f86dc77248a5203ec6c39e2bc83,0.0001
