Record_ID,Patient_Identity,Short_ID,Wallet_Address,Action_Button_UI,Dispensation_Status,Is_Authorized_By_Consent,Pending_Access_Request,Is_Dispensed_On_Chain,Total_Bill_Amount_INR,Prescribing_Doctor,Doctor_Wallet,Doctor_NMC_Reg,Originating_Hospital,Assigned_Pharmacy,Pharmacy_Wallet,Pharmacy_Drug_License,Lead_Pharmacist,ICD10_Code,ICD10_Diagnosis,Clinical_Category,Prescribed_Medications_Detail,Item_Count,Encryption_Cipher,Vault_Transit_Key,IV_96bit_Hex,Auth_Tag_128bit_Hex,ZK_Proof_Commitment,IPFS_CID,Storage_Provider,HCS_Topic_ID,HCS_Sequence_Number,HCS_Consensus_Timestamp,HCS_Running_Hash,Hedera_Gas_Fee_HBAR,DPDP_Purpose_Limitation,Identity_Verification_Status,Blockchain_Audit_Status
RX-0001,Sneha Chatterjee,849201,0x903c8c4d4f9b70d45b8d909281279839cbcdf7b1,🔓 Decrypt RX,Pending - Ready to Decrypt,YES (Patient Consent Active),NO,NO,977.71,Dr. Preeti Deshmukh,0x23618e81E3f5cdF7f54C3d65f7FBc0aBf5B21E8f,NMC-82194,Care & Cure Pediatric & Maternity Hospital,MedPlus Health Hub,0x70997970C51812dc3A010C7d01b50e0d17dc79C8,DL-MP-2023-4122,"Priya Sundaram, Pharm.D.",G43.909,"Migraine, unspecified, not intractable",Neurology,"Sumatriptan Succinate (50 mg, 1 tablet at onset of migraine SOS, Qty: 10) | Naproxen Sodium (500 mg, Twice daily as needed with food, Qty: 20) | Propranolol HCl (40 mg, Twice daily for prophylaxis, Qty: 60)",3,AES-256-GCM,vault-transit-key-0x903c8c4d,a06c222a5dc7d24ae86f9114,f6bc9eae550eea090c9f0c62eaffa57d,0x4c3a195cccc34047ff659bdafa4a5ea5488fe09c60cc6c7f216892ec79e5e810,Qm55cf115bfc52155e753b4a776e0abcbbf6961fa11147,Pinata Dedicated IPFS Gateway,0.0.4891024,2001,2026-09-13 11:46:42 UTC,0x1e08fa84f2843eb892223ce67e9509a95d6bdf4b767b00f462297e9c5bb36b2b,0.0001,Pharmacy Dispensation Verification & Medication Fulfillment,Identity Verified (Wallet Protocol),Blockchain Audit Enabled
RX-0002,Sameer Hegde,849202,0x4145a8d521089d3e44772b34a24d44ddefb2e35c,Request Access,Unauthorized / Unlinked,NO,NO,NO,3309.32,Dr. Rajesh Sharma,0x3c44CdDdB6a900fa2b585dd299e03d12FA4293BC,NMC-78491,Apollo Multispecialty Hospital,Apollo Pharmacy Global,0x04Fee3FD1B338d12FFD6dBD8d66dE1e8e0BB99cB,DL-AP-2024-8901,"K. V. Raman, R.Ph.",C61,Malignant neoplasm of prostate,Oncology,"Bicalutamide (50 mg, Once Daily morning, Qty: 30) | Tamsulosin HCl (0.4 mg, Once Daily 30 min after same meal, Qty: 30)",2,AES-256-GCM,vault-transit-key-0x4145a8d5,635049ab788675c40cb17ba4,01f9b974466d1442fa910acca207a527,0x1c662188883f413ff3e2e72c299f2b143d99142816dd7471f396b4ec80776546,Qm2c1ee925e1d99130cc1bef06cb34314587da471f8c27,Pinata Dedicated IPFS Gateway,0.0.4891024,2002,2026-09-13 11:46:45 UTC,0xbcb0829289588faf7088cca7f12422a243075ba5b96ea25e8ea907b9cd7b85a9,0.0001,Pharmacy Dispensation Verification & Medication Fulfillment,Identity Verified (Wallet Protocol),Blockchain Audit Enabled
RX-0003,Varun Banerjee,849203,0x3d01273dcdf82f28065d096064ccb0b79a295dbb,⏳ Waiting for Approval,Access Pending Approval,NO,YES,NO,1190.34,Dr. Sunita Narang,0xBcd4042DE499D14e55001CcbB24a551F3b954096,NMC-90812,Apex Diagnostic Reference Labs,Fortis Care Dispensary,0x84f93618C1D541bB1Dcf1373A8eE500A7D439634,DL-FC-2025-1094,"Amit Singhania, R.Ph.",E11.9,Type 2 diabetes mellitus without complications,Endocrinology,"Metformin Hydrochloride (500 mg, Twice Daily with meals, Qty: 60) | Dapagliflozin Propanediol (10 mg, Once Daily morning, Qty: 30) | Glimepiride (2 mg, Once Daily pre-breakfast, Qty: 30)",3,AES-256-GCM,vault-transit-key-0x3d01273d,59f3cd5ee91c2be47f8a0fd3,f0a56627038d0fc080ae38590e86e296,0x4608173eaeaafb74284aec949f1b4e65dd921198291e8bc8954024ca56177e60,Qmff7a4b51cbda54f8e64b14c94e6a9bf9fbdd987151b5,Pinata Dedicated IPFS Gateway,0.0.4891024,2003,2026-09-13 11:46:47 UTC,0x1ebd60f4e3b78d17087f3d3ba402f9a00959a4c7dbfcd905c2552bfbae0ee3b7,0.0001,Pharmacy Dispensation Verification & Medication Fulfillment,Identity Verified (Wallet Protocol),Blockchain Audit Enabled
RX-0004,Madhav Joshi,849204,0xb1431e9f2d781e980f79a846c9dd4744ff0df40e,🔓 Decrypt RX,Pending - Ready to Decrypt,YES (Patient Consent Active),NO,NO,960.24,Dr. Rohan Patel,0x976EA74026E726554dB657fA54763abd0C3a0aa9,NMC-11029,Fortis Memorial Neuro & Trauma Center,Apollo Pharmacy Global,0x04Fee3FD1B338d12FFD6dBD8d66dE1e8e0BB99cB,DL-AP-2024-8901,"K. V. Raman, R.Ph.",K21.9,Gastro-esophageal reflux disease,Gastroenterology,"Pantoprazole Gastro-resistant (40 mg, Once Daily 30 min pre-breakfast, Qty: 30) | Domperidone Sustained Release (30 mg, Once Daily morning, Qty: 30) | Sucralfate Oral Suspension (1000 mg/10mL, 10 mL thrice daily before meals, Qty: 2)",3,AES-256-GCM,vault-transit-key-0xb1431e9f,bfad41ab42cc9682926a6746,158b0e7761fed13c380f41aec8081925,0xe66e27f87b2c33103b250a42e9c96abd63856af1ff2e8e3681994a4fd6fda68e,Qm310f510f4d2e25795a182018348dff28d99a272770da,Pinata Dedicated IPFS Gateway,0.0.4891024,2004,2026-09-13 11:46:49 UTC,0xd8dd2c0c67db2712072931019145cf11ad18ed8129fb01c13516bc695ba9cf9b,0.0001,Pharmacy Dispensation Verification & Medication Fulfillment,Identity Verified (Wallet Protocol),Blockchain Audit Enabled
RX-0005,Nandini Mishra,849205,0xdc1bcdf855f8a44a29266f0f090e984adef93f1b,Dispensed (Fulfilled),Dispensed & Fulfilled,YES,NO,YES,918.96,Dr. Rajesh Sharma,0x3c44CdDdB6a900fa2b585dd299e03d12FA4293BC,NMC-78491,Apollo Multispecialty Hospital,Apex Central Clinical Dispensary,0x155Af6ECaFb48861dA7d16Fb8Af2f6ce9d6DD779,DL-AX-2026-3021,"Rajesh Nambiar, Pharm.D.",A90,Dengue fever [classical dengue],Infectious Disease,"Paracetamol Infusion / Tab (650 mg, Every 6 hours SOS fever > 100°F, Qty: 20) | Carica Papaya Leaf Extract (1100 mg, Thrice Daily post food, Qty: 21) | Oral Rehydration Salts (WHO formula) (21.8 g sachet, 1 sachet in 1L water daily, Qty: 7)",3,AES-256-GCM,vault-transit-key-0xdc1bcdf8,e728849ea420e5bbde2ec80a,6d0e9c59eeaba8cb5e60f638234bd255,0x9eef1bace6badc2c214856fda937b1c39a495b981a30345f2a0eecf18bca8a26,Qm9812333995d5525d118a35f9ca93f8c366f114b30615,Pinata Dedicated IPFS Gateway,0.0.4891024,2005,2026-09-13 11:46:52 UTC,0xbfbe4345759c310b4919c7e2c79eb2b3a6c3f79c794451005d3167a1ea10e952,0.0001,Pharmacy Dispensation Verification & Medication Fulfillment,Identity Verified (Wallet Protocol),Blockchain Audit Enabled
RX-0006,Deepak Choudhury,849206,0x8a62ed983ec72774a9df4d82e24a99f929f61b4f,Dispensed (Fulfilled),Dispensed & Fulfilled,YES,NO,YES,3324.36,Dr. Ananya Roy,0x9965507D1a55bcC2695C58ba16FB37d819B0A4dc,NMC-51203,Max Super Speciality Cancer Institute,MedPlus Health Hub,0x70997970C51812dc3A010C7d01b50e0d17dc79C8,DL-MP-2023-4122,"Priya Sundaram, Pharm.D.",C61,Malignant neoplasm of prostate,Oncology,"Bicalutamide (50 mg, Once Daily morning, Qty: 30) | Tamsulosin HCl (0.4 mg, Once Daily 30 min after same meal, Qty: 30)",2,AES-256-GCM,vault-transit-key-0x8a62ed98,1333837c81f00f4de1978fdd,bc8ca576868fe9b4056a460b0ff1417e,0xb2452bfd3698679b23e2f3bf7d1a8a23409d699cadfba66cdf00b3ee27573037,Qm7540f9c6fd0c158ebc0105c54d6455598d00c6afef4e,Pinata Dedicated IPFS Gateway,0.0.4891024,2006,2026-09-13 11:46:54 UTC,0xd7f4df0193cb7d6d8113775547731b1e181122072db01536ba02bd8330718157,0.0001,Pharmacy Dispensation Verification & Medication Fulfillment,Identity Verified (Wallet Protocol),Blockchain Audit Enabled
RX-0007,Meera Bhatia,849207,0xae30a0dac3745f2403374730a4e85ef2e2c29bae,🔓 Decrypt RX,Pending - Ready to Decrypt,YES (Patient Consent Active),NO,NO,209.65,Dr. Preeti Deshmukh,0x23618e81E3f5cdF7f54C3d65f7FBc0aBf5B21E8f,NMC-82194,Care & Cure Pediatric & Maternity Hospital,Apollo Pharmacy Global,0x04Fee3FD1B338d12FFD6dBD8d66dE1e8e0BB99cB,DL-AP-2024-8901,"K. V. Raman, R.Ph.",E03.9,"Hypothyroidism, unspecified",Endocrinology,"Levothyroxine Sodium (50 mcg, Once Daily on empty stomach, Qty: 60)",1,AES-256-GCM,vault-transit-key-0xae30a0da,0cf690f5aaa78232245f4d25,bddc27ce25705c9cc2250a3a3ee5be85,0x5292fd316d8f04aa4da2da4e3a2d3d275da951975a559bbda04aa80c8094cbb6,Qmb9d644b822c265c2b363796bf4391f01cc517fb15619,Pinata Dedicated IPFS Gateway,0.0.4891024,2007,2026-09-13 11:46:57 UTC,0x12912397a1b4ed99f4f8ba23b524e1a9ced1deb10dcb567c96d11d497d292dfd,0.0001,Pharmacy Dispensation Verification & Medication Fulfillment,Identity Verified (Wallet Protocol),Blockchain Audit Enabled
RX-0008,Riya Malhotra,849208,0xafff9869257a78bcc8bd70c5843ca45dbdca3dbd,🔓 Decrypt RX,Pending - Ready to Decrypt,YES (Patient Consent Active),NO,NO,1183.85,Dr. Sarah Jenkins,0x04Fee3FD1B338d12FFD6dBD8d66dE1e8e0BB99cB,NMC-48192,Apollo Multispecialty Hospital,Apollo Pharmacy Global,0x04Fee3FD1B338d12FFD6dBD8d66dE1e8e0BB99cB,DL-AP-2024-8901,"K. V. Raman, R.Ph.",E11.9,Type 2 diabetes mellitus without complications,Endocrinology,"Metformin Hydrochloride (500 mg, Twice Daily with meals, Qty: 60) | Dapagliflozin Propanediol (10 mg, Once Daily morning, Qty: 30) | Glimepiride (2 mg, Once Daily pre-breakfast, Qty: 30)",3,AES-256-GCM,vault-transit-key-0xafff9869,cb331962230e62306d98b85c,f16c47528e3d1935638c1850ae612244,0x635803f34490f508d22e2a4efaf5bd415a29b252e2db0b0695b9980a4e40ced0,Qmfe9dca9dc3908e7a40e25694cf485e4aab86f49ed2ac,Pinata Dedicated IPFS Gateway,0.0.4891024,2008,2026-09-13 11:46:59 UTC,0x7f564600a1686bceae490e65aff1d73cb4cb4200e1ff3f1d930067214e829310,0.0001,Pharmacy Dispensation Verification & Medication Fulfillment,Identity Verified (Wallet Protocol),Blockchain Audit Enabled
RX-0009,Harish Swaminathan,849209,0x5244507275e6c1612aa1781007a21ff2a978b30b,Dispensed (Fulfilled),Dispensed & Fulfilled,YES,NO,YES,1191.21,Dr. Sunita Narang,0xBcd4042DE499D14e55001CcbB24a551F3b954096,NMC-90812,Apex Diagnostic Reference Labs,MedPlus Health Hub,0x70997970C51812dc3A010C7d01b50e0d17dc79C8,DL-MP-2023-4122,"Priya Sundaram, Pharm.D.",E11.9,Type 2 diabetes mellitus without complications,Endocrinology,"Metformin Hydrochloride (500 mg, Twice Daily with meals, Qty: 60) | Dapagliflozin Propanediol (10 mg, Once Daily morning, Qty: 30) | Glimepiride (2 mg, Once Daily pre-breakfast, Qty: 30)",3,AES-256-GCM,vault-transit-key-0x52445072,5ac01bbc4825f3db371c2fa4,6ea38a53e2a5f25384d80b48680fb2a3,0x23d8e804697ae0c68cf111180f0c18cb25b2f6fcfaf28e41aa145abdb306dc50,Qma65b6ab0e4ba9ff6387dc4420ad694053a1db6584f09,Pinata Dedicated IPFS Gateway,0.0.4891024,2009,2026-09-13 11:47:02 UTC,0x10189508289cdb611996173558d729172fd65fba6df841fce84bd4cefd1fbd20,0.0001,Pharmacy Dispensation Verification & Medication Fulfillment,Identity Verified (Wallet Protocol),Blockchain Audit Enabled
RX-0010,Aditi Agarwal,849210,0x6d47022439699153e5c0b07ef536d6da74d489fd,Dispensed (Fulfilled),Dispensed & Fulfilled,YES,NO,YES,1200.23,Dr. Sarah Jenkins,0x04Fee3FD1B338d12FFD6dBD8d66dE1e8e0BB99cB,NMC-48192,Apollo Multispecialty Hospital,Fortis Care Dispensary,0x84f93618C1D541bB1Dcf1373A8eE500A7D439634,DL-FC-2025-1094,"Amit Singhania, R.Ph.",E11.9,Type 2 diabetes mellitus without complications,Endocrinology,"Metformin Hydrochloride (500 mg, Twice Daily with meals, Qty: 60) | Dapagliflozin Propanediol (10 mg, Once Daily morning, Qty: 30) | Glimepiride (2 mg, Once Daily pre-breakfast, Qty: 30)",3,AES-256-GCM,vault-transit-key-0x6d470224,e63b3675ef963de15099cb0f,f936cf4d57b6642748649f4ff5d068c5,0xfa86ac34332add5fba98a11283e8cf4fff70d443d92c8c461327505adf2c33f0,Qmecda5da8cefa3c6d1af91bc1458c80b38f9c4953bf71,Pinata Dedicated IPFS Gateway,0.0.4891024,2010,2026-09-13 11:47:04 UTC,0x4e9e7942905096bd59c22acee5f721fcbe19564a2fd75878b5db01fab0e36c7f,0.0001,Pharmacy Dispensation Verification & Medication Fulfillment,Identity Verified (Wallet Protocol),Blockchain Audit Enabled
RX-0011,Riya Chatterjee,849211,0xce477171d0f3b3d9f8656511781b04f9c1bf80c9,🔓 Decrypt RX,Pending - Ready to Decrypt,YES (Patient Consent Active),NO,NO,935.95,Dr. Rajesh Sharma,0x3c44CdDdB6a900fa2b585dd299e03d12FA4293BC,NMC-78491,Apollo Multispecialty Hospital,Fortis Care Dispensary,0x84f93618C1D541bB1Dcf1373A8eE500A7D439634,DL-FC-2025-1094,"Amit Singhania, R.Ph.",K21.9,Gastro-esophageal reflux disease,Gastroenterology,"Pantoprazole Gastro-resistant (40 mg, Once Daily 30 min pre-breakfast, Qty: 30) | Domperidone Sustained Release (30 mg, Once Daily morning, Qty: 30) | Sucralfate Oral Suspension (1000 mg/10mL, 10 mL thrice daily before meals, Qty: 2)",3,AES-256-GCM,vault-transit-key-0xce477171,4574b4dd32aae4be88eeadeb,b4efd916c03995059dd1a0f6783350c7,0x5cce58818de5d7f0d81352b169bc66ddf2c3cb24545b84932458e5646a845640,Qm34bf0ccca0254418544e2d28ef24e8c206d87c572ea7,Pinata Dedicated IPFS Gateway,0.0.4891024,2011,2026-09-13 11:47:07 UTC,0xb4e79192679c3905d0ea94367fb9dc9602307cd381a482591977a332b086cf5c,0.0001,Pharmacy Dispensation Verification & Medication Fulfillment,Identity Verified (Wallet Protocol),Blockchain Audit Enabled
RX-0012,Aarav Hegde,849212,0x685cc5bf777a0bfa1a71670cef32ecb52fe6efad,Request Access,Unauthorized / Unlinked,NO,NO,NO,211.07,Dr. Sunita Narang,0xBcd4042DE499D14e55001CcbB24a551F3b954096,NMC-90812,Apex Diagnostic Reference Labs,MedPlus Health Hub,0x70997970C51812dc3A010C7d01b50e0d17dc79C8,DL-MP-2023-4122,"Priya Sundaram, Pharm.D.",E03.9,"Hypothyroidism, unspecified",Endocrinology,"Levothyroxine Sodium (50 mcg, Once Daily on empty stomach, Qty: 60)",1,AES-256-GCM,vault-transit-key-0x685cc5bf,ec872dd8e80ca44d772a87ca,3bb42bb60524245179ba984f4d85af1e,0x19c875da1813b629762cec4d0d2eb224ebe38013a1ef91c769250ccc19f0eb0f,Qm8cec4d6010235d44c0b4db6c97b0ccc16c2d5f21457c,Pinata Dedicated IPFS Gateway,0.0.4891024,2012,2026-09-13 11:47:09 UTC,0x48f886476386ed0c8c106797a2dabba9c33aeeb0273e4b0cb797cf081ff9921b,0.0001,Pharmacy Dispensation Verification & Medication Fulfillment,Identity Verified (Wallet Protocol),Blockchain Audit Enabled
RX-0013,Vikas Saxena,849213,0xb2dca628cbaa97a37f5d60f6d95a8ea4a2f5c33c,Dispensed (Fulfilled),Dispensed & Fulfilled,YES,NO,YES,208.29,Dr. Rajesh Sharma,0x3c44CdDdB6a900fa2b585dd299e03d12FA4293BC,NMC-78491,Apollo Multispecialty Hospital,Apollo Pharmacy Global,0x04Fee3FD1B338d12FFD6dBD8d66dE1e8e0BB99cB,DL-AP-2024-8901,"K. V. Raman, R.Ph.",E03.9,"Hypothyroidism, unspecified",Endocrinology,"Levothyroxine Sodium (50 mcg, Once Daily on empty stomach, Qty: 60)",1,AES-256-GCM,vault-transit-key-0xb2dca628,c1897e3ad0843c6fda098bff,c2b62a3cad819a0d09a23095aa340d27,0x602e6eeead5f280130192f8d8fe65c6ec607cc2bfc1d1de27edda7b7ed0f55b1,Qm84d47fdf87159aa81f3b5c8627146bfe99116c82e52e,Pinata Dedicated IPFS Gateway,0.0.4891024,2013,2026-09-13 11:47:11 UTC,0x75edd241aa1a7c1d23fd485e459506056b2a8fca408a8e6143062b3dac313e9e,0.0001,Pharmacy Dispensation Verification & Medication Fulfillment,Identity Verified (Wallet Protocol),Blockchain Audit Enabled
RX-0014,Gautam Hegde,849214,0x80a9a0f5672e8dd5f653b2339b45b51fa1f144ca,Dispensed (Fulfilled),Dispensed & Fulfilled,YES,NO,YES,3333.82,Dr. Sarah Jenkins,0x04Fee3FD1B338d12FFD6dBD8d66dE1e8e0BB99cB,NMC-48192,Apollo Multispecialty Hospital,Max Wellness Pharmacy,0x28B7eA94B34C8F52D19E50Eb14769Da20F5D54b4,DL-MW-2024-7731,"Sneha Mukherjee, R.Ph.",C61,Malignant neoplasm of prostate,Oncology,"Bicalutamide (50 mg, Once Daily morning, Qty: 30) | Tamsulosin HCl (0.4 mg, Once Daily 30 min after same meal, Qty: 30)",2,AES-256-GCM,vault-transit-key-0x80a9a0f5,cebc0f4da6fa772fda7c541e,5227387779301fef2bfdf9cf2e9e028e,0xb5a75848b4b61676119f6d697616918cba30762694755dc4f7451abc014f3e5c,Qm9c630f7a6677f2bd63023d30dad5024fad1eaff427df,Pinata Dedicated IPFS Gateway,0.0.4891024,2014,2026-09-13 11:47:14 UTC,0x52ff4e9eef3c8758e0f89f81af98885b17fbb3b552c73f78b7001afefbcd0ca1,0.0001,Pharmacy Dispensation Verification & Medication Fulfillment,Identity Verified (Wallet Protocol),Blockchain Audit Enabled
RX-0015,Siddharth Bhatia,849215,0x80d4087b9f295b3811cbab84cca36e2195b5f770,🔓 Decrypt RX,Pending - Ready to Decrypt,YES (Patient Consent Active),NO,NO,3322.14,Dr. Vikram Seth,0x15d34AAf54267DB7D7c367839AAf71A00a2C6A65,NMC-99014,Max Super Speciality Cancer Institute,Max Wellness Pharmacy,0x28B7eA94B34C8F52D19E50Eb14769Da20F5D54b4,DL-MW-2024-7731,"Sneha Mukherjee, R.Ph.",C61,Malignant neoplasm of prostate,Oncology,"Bicalutamide (50 mg, Once Daily morning, Qty: 30) | Tamsulosin HCl (0.4 mg, Once Daily 30 min after same meal, Qty: 30)",2,AES-256-GCM,vault-transit-key-0x80d4087b,16be46be4d30140e0ceb3fb4,4033138fec61542954d1fc4dbc29ffa3,0x9f32b547cfe5353c76ff3674502e49528f14c29a2eee17ba4a592bec9b54c620,Qmc04e71680733f1a80729d8c6b1aea3ff19611d2c015c,Pinata Dedicated IPFS Gateway,0.0.4891024,2015,2026-09-13 11:47:16 UTC,0xc737daa76708dba36737b0f0a7eab195cb859e1a8fab6688a2f6054970eb1c42,0.0001,Pharmacy Dispensation Verification & Medication Fulfillment,Identity Verified (Wallet Protocol),Blockchain Audit Enabled
RX-0016,Yashwanth Pillai,849216,0xc0e7fdff5dac7e358a3254b5d28044df513acdd1,⏳ Waiting for Approval,Access Pending Approval,NO,YES,NO,926.22,Dr. Preeti Deshmukh,0x23618e81E3f5cdF7f54C3d65f7FBc0aBf5B21E8f,NMC-82194,Care & Cure Pediatric & Maternity Hospital,Max Wellness Pharmacy,0x28B7eA94B34C8F52D19E50Eb14769Da20F5D54b4,DL-MW-2024-7731,"Sneha Mukherjee, R.Ph.",A90,Dengue fever [classical dengue],Infectious Disease,"Paracetamol Infusion / Tab (650 mg, Every 6 hours SOS fever > 100°F, Qty: 20) | Carica Papaya Leaf Extract (1100 mg, Thrice Daily post food, Qty: 21) | Oral Rehydration Salts (WHO formula) (21.8 g sachet, 1 sachet in 1L water daily, Qty: 7)",3,AES-256-GCM,vault-transit-key-0xc0e7fdff,c36725f780746495ef4af8a2,bfa0c4292a12e75ff73c5e6699912350,0x19933e9a6e982bea5ddbdc4475e6a7ad49400664ac976d9816865611e3abfce7,Qm64221be991967105ab4c390eab522df25e0828afd26d,Pinata Dedicated IPFS Gateway,0.0.4891024,2016,2026-09-13 11:47:18 UTC,0x42eef0b40758c5fc3e0125fab174e866e15d67ec49f2ab51b4be7c2d5ed15bc7,0.0001,Pharmacy Dispensation Verification & Medication Fulfillment,Identity Verified (Wallet Protocol),Blockchain Audit Enabled
RX-0017,Varun Nair,849217,0xfd626597d7da0c35df9ada0c0195c329701399bc,🔓 Decrypt RX,Pending - Ready to Decrypt,YES (Patient Consent Active),NO,NO,1622.92,Dr. Ananya Roy,0x9965507D1a55bcC2695C58ba16FB37d819B0A4dc,NMC-51203,Max Super Speciality Cancer Institute,MedPlus Health Hub,0x70997970C51812dc3A010C7d01b50e0d17dc79C8,DL-MP-2023-4122,"Priya Sundaram, Pharm.D.",E11.65,Type 2 diabetes mellitus with hyperglycemia,Endocrinology,"Insulin Glargine Solostar (100 IU/mL, 14 Units Once Daily at Bedtime, Qty: 2) | Metformin XR (1000 mg, Once Daily post dinner, Qty: 30)",2,AES-256-GCM,vault-transit-key-0xfd626597,9588f08ab4240ea704d73923,fcbe71b5be757b50617c12a82d42809c,0x6445b1d0d0bbc91d2b13c8bc462d3424efccd312272506bb38b39d1b5590bd42,Qm0db328926fca2aa1a5a68cfa6505b9f3ba134f7a0acd,Pinata Dedicated IPFS Gateway,0.0.4891024,2017,2026-09-13 11:47:21 UTC,0x5e35674cf0b98e2fca677147463fc46bea8246998d62dde8fa3b039599b88475,0.0001,Pharmacy Dispensation Verification & Medication Fulfillment,Identity Verified (Wallet Protocol),Blockchain Audit Enabled
RX-0018,Anand Agarwal,849218,0xaf4411a61cf1124af30deaf5a9ef1ec8bad80fcf,🔓 Decrypt RX,Pending - Ready to Decrypt,YES (Patient Consent Active),NO,NO,928.11,Dr. Preeti Deshmukh,0x23618e81E3f5cdF7f54C3d65f7FBc0aBf5B21E8f,NMC-82194,Care & Cure Pediatric & Maternity Hospital,Max Wellness Pharmacy,0x28B7eA94B34C8F52D19E50Eb14769Da20F5D54b4,DL-MW-2024-7731,"Sneha Mukherjee, R.Ph.",A90,Dengue fever [classical dengue],Infectious Disease,"Paracetamol Infusion / Tab (650 mg, Every 6 hours SOS fever > 100°F, Qty: 20) | Carica Papaya Leaf Extract (1100 mg, Thrice Daily post food, Qty: 21) | Oral Rehydration Salts (WHO formula) (21.8 g sachet, 1 sachet in 1L water daily, Qty: 7)",3,AES-256-GCM,vault-transit-key-0xaf4411a6,a07d33d09533db2aa209a004,c64e876deb7ced15a109ac6fee0adc83,0xe3412d41036cf59d454887a4f2023ac63bdfaadcfae276328beab2a21f43b68f,Qm12f8df9d98928839ef8345f29697ee0fc88421c3197b,Pinata Dedicated IPFS Gateway,0.0.4891024,2018,2026-09-13 11:47:23 UTC,0x10a6cd61026e54ef40e10cc0f007662d1c88e3ac403244c8652fcf75d27ddf65,0.0001,Pharmacy Dispensation Verification & Medication Fulfillment,Identity Verified (Wallet Protocol),Blockchain Audit Enabled
RX-0019,Divya Gowda,849219,0x9acba47690b80bd2370f5983e4e0f06a8094c722,🔓 Decrypt RX,Pending - Ready to Decrypt,YES (Patient Consent Active),NO,NO,1677.81,Dr. Sunita Narang,0xBcd4042DE499D14e55001CcbB24a551F3b954096,NMC-90812,Apex Diagnostic Reference Labs,Fortis Care Dispensary,0x84f93618C1D541bB1Dcf1373A8eE500A7D439634,DL-FC-2025-1094,"Amit Singhania, R.Ph.",C50.919,Malignant neoplasm of female breast,Oncology,"Tamoxifen Citrate (20 mg, Once Daily at fixed hour, Qty: 30) | Ondansetron HCl (8 mg, Twice Daily 30 min before food, Qty: 30) | Calcium Carbonate + Vit D3 (500mg/250IU, Once Daily post meal, Qty: 30)",3,AES-256-GCM,vault-transit-key-0x9acba476,e20c0d11de258d2664684f27,ae9dcacf76126ba1c6344f40355a417c,0x9def8efac30c5a9b0d09a450ef0645d457a0b836d3e822a8a06d1a93ad1b5459,Qmea4b59e0e72abefc6bb8ae11f63de5c082ddb03315ef,Pinata Dedicated IPFS Gateway,0.0.4891024,2019,2026-09-13 11:47:26 UTC,0xa7b353ee76eb9d849136763d1f46c6fd3ea4c51219311a48d19a5162132ac027,0.0001,Pharmacy Dispensation Verification & Medication Fulfillment,Identity Verified (Wallet Protocol),Blockchain Audit Enabled
RX-0020,Harish Deshmukh,849220,0x9d89c337110feb8cecf99b5a6a94ce1b91968426,Dispensed (Fulfilled),Dispensed & Fulfilled,YES,NO,YES,955.0,Dr. Rohan Patel,0x976EA74026E726554dB657fA54763abd0C3a0aa9,NMC-11029,Fortis Memorial Neuro & Trauma Center,Fortis Care Dispensary,0x84f93618C1D541bB1Dcf1373A8eE500A7D439634,DL-FC-2025-1094,"Amit Singhania, R.Ph.",K21.9,Gastro-esophageal reflux disease,Gastroenterology,"Pantoprazole Gastro-resistant (40 mg, Once Daily 30 min pre-breakfast, Qty: 30) | Domperidone Sustained Release (30 mg, Once Daily morning, Qty: 30) | Sucralfate Oral Suspension (1000 mg/10mL, 10 mL thrice daily before meals, Qty: 2)",3,AES-256-GCM,vault-transit-key-0x9d89c337,f48c5f74c7819388ebb7857b,0c31d96131e7175e80a787fbb54724fa,0xfdcf86ad986b87223c73e3820f4d6bdb5d5d940f805a31ee5e61f60a9a16a6c2,Qmbffb8132956018eb05d22c080e5f033717cc04c21553,Pinata Dedicated IPFS Gateway,0.0.4891024,2020,2026-09-13 11:47:28 UTC,0xc9d12988b84c6977e7ecc7930e08de22cd2f621dd4aa4503e00ed04005131c48,0.0001,Pharmacy Dispensation Verification & Medication Fulfillment,Identity Verified (Wallet Protocol),Blockchain Audit Enabled
RX-0021,Divya Choudhury,849221,0x5f7782fdbffe38e2cdc1f52bc7249b2b2ee44703,⏳ Waiting for Approval,Access Pending Approval,NO,YES,NO,420.69,Dr. Vikram Seth,0x15d34AAf54267DB7D7c367839AAf71A00a2C6A65,NMC-99014,Max Super Speciality Cancer Institute,Apex Central Clinical Dispensary,0x155Af6ECaFb48861dA7d16Fb8Af2f6ce9d6DD779,DL-AX-2026-3021,"Rajesh Nambiar, Pharm.D.",J06.9,Acute upper respiratory infection,Pediatrics / General,"Amoxicillin + Potassium Clavulanate (625 mg, Twice Daily post food, Qty: 14) | Paracetamol (650 mg, Thrice daily post meals SOS, Qty: 15) | Levocetirizine Dihydrochloride (5 mg, Once Daily at Bedtime, Qty: 7)",3,AES-256-GCM,vault-transit-key-0x5f7782fd,04371ba967d1dd5fd55d44bf,3fc640941bd71e2a036bbc5ff064f6ec,0x6dc1b762e8a0e118792a47736e3393f5a0aef008c8479554e7574cf6717d04be,Qm3912812a78f4b3df00964ec4633e788b30d31c1b94ea,Pinata Dedicated IPFS Gateway,0.0.4891024,2021,2026-09-13 11:47:31 UTC,0x2e061c6e9db077d34eb4f34f02bdb9c85eaa723b17c3f2cd36c927d1efedbf1e,0.0001,Pharmacy Dispensation Verification & Medication Fulfillment,Identity Verified (Wallet Protocol),Blockchain Audit Enabled
RX-0022,Divya Deshmukh,849222,0x2969c7d9c36965aa4b46513ab541a8ebeb09ed87,🔓 Decrypt RX,Pending - Ready to Decrypt,YES (Patient Consent Active),NO,NO,985.12,Dr. Vikram Seth,0x15d34AAf54267DB7D7c367839AAf71A00a2C6A65,NMC-99014,Max Super Speciality Cancer Institute,Max Wellness Pharmacy,0x28B7eA94B34C8F52D19E50Eb14769Da20F5D54b4,DL-MW-2024-7731,"Sneha Mukherjee, R.Ph.",G43.909,"Migraine, unspecified, not intractable",Neurology,"Sumatriptan Succinate (50 mg, 1 tablet at onset of migraine SOS, Qty: 10) | Naproxen Sodium (500 mg, Twice daily as needed with food, Qty: 20) | Propranolol HCl (40 mg, Twice daily for prophylaxis, Qty: 60)",3,AES-256-GCM,vault-transit-key-0x2969c7d9,db8aa5b6662074718203e157,e357e7cc52b23a627e74ca64e4a128c7,0x1659b3fd4835efdd0645ae07b2eaacc9a1472eb6cdeab3f8f1f01f10e5cba8c5,Qm3bc8adedc3715995c9fe184b272815373667c0fa87b4,Pinata Dedicated IPFS Gateway,0.0.4891024,2022,2026-09-13 11:47:33 UTC,0x11db909e4848c5bd267134e65465fe31e4b8b229c7acd03d8bbf7dc86dfb0d89,0.0001,Pharmacy Dispensation Verification & Medication Fulfillment,Identity Verified (Wallet Protocol),Blockchain Audit Enabled
RX-0023,Ananya Gupta,849223,0x6c829df852e6188b1001c5211e5c0fb3068cdc17,Dispensed (Fulfilled),Dispensed & Fulfilled,YES,NO,YES,418.03,Dr. Vikram Seth,0x15d34AAf54267DB7D7c367839AAf71A00a2C6A65,NMC-99014,Max Super Speciality Cancer Institute,Max Wellness Pharmacy,0x28B7eA94B34C8F52D19E50Eb14769Da20F5D54b4,DL-MW-2024-7731,"Sneha Mukherjee, R.Ph.",J06.9,Acute upper respiratory infection,Pediatrics / General,"Amoxicillin + Potassium Clavulanate (625 mg, Twice Daily post food, Qty: 14) | Paracetamol (650 mg, Thrice daily post meals SOS, Qty: 15) | Levocetirizine Dihydrochloride (5 mg, Once Daily at Bedtime, Qty: 7)",3,AES-256-GCM,vault-transit-key-0x6c829df8,6f47a8346b5080768e578d5b,42e58b3c34e72ce28b5637501d5ce321,0xc99cd5a39d95f831b82153d9a29e22b746e868ffd72de8482f89de62bd7ff2c2,Qmcd8344d727b74c555d020bc4e50e247d222e76095ef4,Pinata Dedicated IPFS Gateway,0.0.4891024,2023,2026-09-13 11:47:35 UTC,0xdd207f00f039fcccc4ff9e300aa4ee2d205d57d80a49f78987658ed292484fe0,0.0001,Pharmacy Dispensation Verification & Medication Fulfillment,Identity Verified (Wallet Protocol),Blockchain Audit Enabled
RX-0024,Manish Rao,849224,0x2b7a9130b1612bf54e2fc173aaadfc0325250542,⏳ Waiting for Approval,Access Pending Approval,NO,YES,NO,215.05,Dr. Preeti Deshmukh,0x23618e81E3f5cdF7f54C3d65f7FBc0aBf5B21E8f,NMC-82194,Care & Cure Pediatric & Maternity Hospital,Apollo Pharmacy Global,0x04Fee3FD1B338d12FFD6dBD8d66dE1e8e0BB99cB,DL-AP-2024-8901,"K. V. Raman, R.Ph.",E03.9,"Hypothyroidism, unspecified",Endocrinology,"Levothyroxine Sodium (50 mcg, Once Daily on empty stomach, Qty: 60)",1,AES-256-GCM,vault-transit-key-0x2b7a9130,4f7a084f0a2b30a2847ed549,e9be2c53198312fd90da5e9845fb2d11,0x0989b0b935388b999256eeb8e8eb11cad84103b3c5932ae6ea3ebefc2a31df96,Qm0b7c3f139841f853aeaef96e8d6912c8aeb775d44b11,Pinata Dedicated IPFS Gateway,0.0.4891024,2024,2026-09-13 11:47:37 UTC,0x1c5cb9ce39c2efe7afdcc1e740b3269f260f8a94526e768d9d6b2c2eddf1000a,0.0001,Pharmacy Dispensation Verification & Medication Fulfillment,Identity Verified (Wallet Protocol),Blockchain Audit Enabled
RX-0025,Pranav Sharma,849225,0xc0908f8c102566cc28469b07ec84044235bfa185,🔓 Decrypt RX,Pending - Ready to Decrypt,YES (Patient Consent Active),NO,NO,982.52,Dr. Sunita Narang,0xBcd4042DE499D14e55001CcbB24a551F3b954096,NMC-90812,Apex Diagnostic Reference Labs,Fortis Care Dispensary,0x84f93618C1D541bB1Dcf1373A8eE500A7D439634,DL-FC-2025-1094,"Amit Singhania, R.Ph.",I20.9,"Angina pectoris, unspecified",Cardiology,"Nitroglycerin Sublingual (0.4 mg, PRN for chest pain, Qty: 25) | Aspirin Gastro-resistant (75 mg, Once Daily post meal, Qty: 30) | Atorvastatin Calcium (40 mg, Once Daily at Bedtime, Qty: 30)",3,AES-256-GCM,vault-transit-key-0xc0908f8c,f12ed4788014403d3793eea8,3b91842aa1428ba36e2ff78d06db07b4,0x4b08a0658804ad911e28be98f8a8fd1d1758c8e57e3bf9d52de2d80db4207e96,Qm5c68deb502579683af5fffc877f48bfad01b8c131b0e,Pinata Dedicated IPFS Gateway,0.0.4891024,2025,2026-09-13 11:47:40 UTC,0xeaa2dd0607c2b48b91a9a4e3ed99744cbe969675b0989c43acd3acfef70b799a,0.0001,Pharmacy Dispensation Verification & Medication Fulfillment,Identity Verified (Wallet Protocol),Blockchain Audit Enabled
RX-0026,Meera Banerjee,849226,0x7933047cf0a680a2970db80a67a4eb14da0682f1,⏳ Waiting for Approval,Access Pending Approval,NO,YES,NO,964.35,Dr. Sarah Jenkins,0x04Fee3FD1B338d12FFD6dBD8d66dE1e8e0BB99cB,NMC-48192,Apollo Multispecialty Hospital,MedPlus Health Hub,0x70997970C51812dc3A010C7d01b50e0d17dc79C8,DL-MP-2023-4122,"Priya Sundaram, Pharm.D.",K21.9,Gastro-esophageal reflux disease,Gastroenterology,"Pantoprazole Gastro-resistant (40 mg, Once Daily 30 min pre-breakfast, Qty: 30) | Domperidone Sustained Release (30 mg, Once Daily morning, Qty: 30) | Sucralfate Oral Suspension (1000 mg/10mL, 10 mL thrice daily before meals, Qty: 2)",3,AES-256-GCM,vault-transit-key-0x7933047c,21282e3b797483497b2fbdfe,4a9311747e7811ce72ba2cf176b7b148,0xb9da37c507dc3020b47c613b3a32ce2ffda294c2a92570bcb693f5a5875597d6,Qm1b3f447490fe183132a2ff003af3c0af28b959954f03,Pinata Dedicated IPFS Gateway,0.0.4891024,2026,2026-09-13 11:47:43 UTC,0x2ee29f897de7271afded48ca31c54ae39cab6ded4a56edb02860cb7dea4229f8,0.0001,Pharmacy Dispensation Verification & Medication Fulfillment,Identity Verified (Wallet Protocol),Blockchain Audit Enabled
RX-0027,Sanjay Gowda,849227,0x8f8a9bbaa1ad3bc2251888cf3f624f7a85e4f81a,🔓 Decrypt RX,Pending - Ready to Decrypt,YES (Patient Consent Active),NO,NO,3329.09,Dr. Sunita Narang,0xBcd4042DE499D14e55001CcbB24a551F3b954096,NMC-90812,Apex Diagnostic Reference Labs,Max Wellness Pharmacy,0x28B7eA94B34C8F52D19E50Eb14769Da20F5D54b4,DL-MW-2024-7731,"Sneha Mukherjee, R.Ph.",C61,Malignant neoplasm of prostate,Oncology,"Bicalutamide (50 mg, Once Daily morning, Qty: 30) | Tamsulosin HCl (0.4 mg, Once Daily 30 min after same meal, Qty: 30)",2,AES-256-GCM,vault-transit-key-0x8f8a9bba,c182bd641d6ada15192f6f59,32fdf266e3b1539bccb57ee22d9e0dad,0xb0ae23019043bf69a74dd987b4b45c98f21983048c1c27a228837b897a40ec81,Qmda213624d664a7b35e4bd0b42c9998feacf75dae0c73,Pinata Dedicated IPFS Gateway,0.0.4891024,2027,2026-09-13 11:47:45 UTC,0x1a17027d3610b503a1ce370b5524dbd8c6e3cf7d1a2ef48c4b93121ea5d821c5,0.0001,Pharmacy Dispensation Verification & Medication Fulfillment,Identity Verified (Wallet Protocol),Blockchain Audit Enabled
RX-0028,Bhavna Nair,849228,0x84bd23108916a176d31d50ade859d1eb6b74d7e8,Dispensed (Fulfilled),Dispensed & Fulfilled,YES,NO,YES,503.82,Dr. Sunita Narang,0xBcd4042DE499D14e55001CcbB24a551F3b954096,NMC-90812,Apex Diagnostic Reference Labs,Max Wellness Pharmacy,0x28B7eA94B34C8F52D19E50Eb14769Da20F5D54b4,DL-MW-2024-7731,"Sneha Mukherjee, R.Ph.",I10,Essential (primary) hypertension,Cardiology,"Amlodipine Besylate (5 mg, Once Daily (Morning), Qty: 30) | Telmisartan (40 mg, Once Daily (Morning), Qty: 30)",2,AES-256-GCM,vault-transit-key-0x84bd2310,aee5dab7b011450151a7e233,deee4dee5992990039a6c82657aee20d,0xe5981459fe175587808b6d1f9b72aebc48b7405a94475f161df445a6b1661466,Qmec65500c76bf633727b7cd7c56f3b165da4521da6886,Pinata Dedicated IPFS Gateway,0.0.4891024,2028,2026-09-13 11:47:47 UTC,0xf79c085ad88fa065a691b320eef506f9949b6d16078e38369472cbd2f34933fa,0.0001,Pharmacy Dispensation Verification & Medication Fulfillment,Identity Verified (Wallet Protocol),Blockchain Audit Enabled
RX-0029,Arjun Iyer,849229,0xc7678bfdf038ff61856607d1897f957669f5b54b,🔓 Decrypt RX,Pending - Ready to Decrypt,YES (Patient Consent Active),NO,NO,1195.37,Dr. Vikram Seth,0x15d34AAf54267DB7D7c367839AAf71A00a2C6A65,NMC-99014,Max Super Speciality Cancer Institute,Apex Central Clinical Dispensary,0x155Af6ECaFb48861dA7d16Fb8Af2f6ce9d6DD779,DL-AX-2026-3021,"Rajesh Nambiar, Pharm.D.",E11.9,Type 2 diabetes mellitus without complications,Endocrinology,"Metformin Hydrochloride (500 mg, Twice Daily with meals, Qty: 60) | Dapagliflozin Propanediol (10 mg, Once Daily morning, Qty: 30) | Glimepiride (2 mg, Once Daily pre-breakfast, Qty: 30)",3,AES-256-GCM,vault-transit-key-0xc7678bfd,470912b7d63503cca8786329,0d895c6c3b52f06529d297e0838347f8,0x956ad89e3a55a7e72f729e5ac7f98adff679bdef3441d5476e4e8300803fcb2e,Qm75596b033c4edf8c92eb95e7e071be9ff67444d44ba2,Pinata Dedicated IPFS Gateway,0.0.4891024,2029,2026-09-13 11:47:50 UTC,0x3fd523097c5df22eebb294b049b0e32c40a2701417e56dd92b009acb45d1440d,0.0001,Pharmacy Dispensation Verification & Medication Fulfillment,Identity Verified (Wallet Protocol),Blockchain Audit Enabled
RX-0030,Kavya Mukherjee,849230,0x22f804bada2e1e9ea1110bb69a6bbaac02c6368e,🔓 Decrypt RX,Pending - Ready to Decrypt,YES (Patient Consent Active),NO,NO,1610.54,Dr. Rohan Patel,0x976EA74026E726554dB657fA54763abd0C3a0aa9,NMC-11029,Fortis Memorial Neuro & Trauma Center,Apollo Pharmacy Global,0x04Fee3FD1B338d12FFD6dBD8d66dE1e8e0BB99cB,DL-AP-2024-8901,"K. V. Raman, R.Ph.",E11.65,Type 2 diabetes mellitus with hyperglycemia,Endocrinology,"Insulin Glargine Solostar (100 IU/mL, 14 Units Once Daily at Bedtime, Qty: 2) | Metformin XR (1000 mg, Once Daily post dinner, Qty: 30)",2,AES-256-GCM,vault-transit-key-0x22f804ba,786620246d537067fcc67397,6ad9c312c32189b963ed2e68524aca8c,0x82317b27466db2209694f73446d1ddb054dd3d1f054840ca27251b27fc98c931,Qma2ab8b47b49e156e96824d7d79e90993051dfccc08ac,Pinata Dedicated IPFS Gateway,0.0.4891024,2030,2026-09-13 11:47:52 UTC,0xc8ed33962f779f65baaa1426a44cdda6fb98d1190784a85cc746e55a37f6da01,0.0001,Pharmacy Dispensation Verification & Medication Fulfillment,Identity Verified (Wallet Protocol),Blockchain Audit Enabled
RX-0031,Yashwanth Deshmukh,849231,0xe90e4bdf9fe2e95451afb34a6abe16ba823728cd,Dispensed (Fulfilled),Dispensed & Fulfilled,YES,NO,YES,975.3,Dr. Sunita Narang,0xBcd4042DE499D14e55001CcbB24a551F3b954096,NMC-90812,Apex Diagnostic Reference Labs,MedPlus Health Hub,0x70997970C51812dc3A010C7d01b50e0d17dc79C8,DL-MP-2023-4122,"Priya Sundaram, Pharm.D.",G43.909,"Migraine, unspecified, not intractable",Neurology,"Sumatriptan Succinate (50 mg, 1 tablet at onset of migraine SOS, Qty: 10) | Naproxen Sodium (500 mg, Twice daily as needed with food, Qty: 20) | Propranolol HCl (40 mg, Twice daily for prophylaxis, Qty: 60)",3,AES-256-GCM,vault-transit-key-0xe90e4bdf,83b6820d9252a637778bd50f,a9654649ba76d42fe99f597b63ac6227,0xb16c8c551be9e8fc22b44c3efd57ead4aefc0f0f86317c7ac8140fcfa9d77abd,Qm4138592b6de906e70f7b22bcc90683c14635e40c88d5,Pinata Dedicated IPFS Gateway,0.0.4891024,2031,2026-09-13 11:47:54 UTC,0x80b875da505ec7192528cb56e6cf7c96e2f0f5b4ddf830761acb6edafaee6ca7,0.0001,Pharmacy Dispensation Verification & Medication Fulfillment,Identity Verified (Wallet Protocol),Blockchain Audit Enabled
RX-0032,Rahul Malhotra,849232,0xfe904b2bb4836b70060c5c798006a9bef3e26956,⏳ Waiting for Approval,Access Pending Approval,NO,YES,NO,1204.19,Dr. Ananya Roy,0x9965507D1a55bcC2695C58ba16FB37d819B0A4dc,NMC-51203,Max Super Speciality Cancer Institute,Max Wellness Pharmacy,0x28B7eA94B34C8F52D19E50Eb14769Da20F5D54b4,DL-MW-2024-7731,"Sneha Mukherjee, R.Ph.",E11.9,Type 2 diabetes mellitus without complications,Endocrinology,"Metformin Hydrochloride (500 mg, Twice Daily with meals, Qty: 60) | Dapagliflozin Propanediol (10 mg, Once Daily morning, Qty: 30) | Glimepiride (2 mg, Once Daily pre-breakfast, Qty: 30)",3,AES-256-GCM,vault-transit-key-0xfe904b2b,f27823a26872640da348907d,2e9c4c467d410933229a8615323b641c,0x3945e665150f3c9d0fa0481ed3ad6631cbf55e3b0ed0187964b1ed43acef0879,Qmf389dc8684100ae9f8d4b3865b1a6780ae8f18f7c219,Pinata Dedicated IPFS Gateway,0.0.4891024,2032,2026-09-13 11:47:57 UTC,0xad35c52ec5230b29e08ec75c53cce32a967b61a3edefd9291b46703461bffc61,0.0001,Pharmacy Dispensation Verification & Medication Fulfillment,Identity Verified (Wallet Protocol),Blockchain Audit Enabled
RX-0033,Tanvi Verma,849233,0xb033db9ddf4a6945c39df19337ecd007b34d73d7,Request Access,Unauthorized / Unlinked,NO,NO,NO,1679.05,Dr. Sarah Jenkins,0x04Fee3FD1B338d12FFD6dBD8d66dE1e8e0BB99cB,NMC-48192,Apollo Multispecialty Hospital,Apex Central Clinical Dispensary,0x155Af6ECaFb48861dA7d16Fb8Af2f6ce9d6DD779,DL-AX-2026-3021,"Rajesh Nambiar, Pharm.D.",C50.919,Malignant neoplasm of female breast,Oncology,"Tamoxifen Citrate (20 mg, Once Daily at fixed hour, Qty: 30) | Ondansetron HCl (8 mg, Twice Daily 30 min before food, Qty: 30) | Calcium Carbonate + Vit D3 (500mg/250IU, Once Daily post meal, Qty: 30)",3,AES-256-GCM,vault-transit-key-0xb033db9d,9dbd1da3dfa17252c25d1409,edfbdc44a1a95d7dd4e171253e36e241,0xf62c14cfbabb4aa2c7c0a05cec8ca9e1eea6e329b3ba03a659a48f90fb2d84e8,Qmf4cc79d72f75bac263bf8e481df1a2621521ffb76444,Pinata Dedicated IPFS Gateway,0.0.4891024,2033,2026-09-13 11:47:59 UTC,0xd69064459bf2e0531fb0ed549bf25328a732a04a3b717cb73db43fb0fe8baa25,0.0001,Pharmacy Dispensation Verification & Medication Fulfillment,Identity Verified (Wallet Protocol),Blockchain Audit Enabled
RX-0034,Riya Patel,849234,0x187e655cb13fe495e5ecfa0c1c304970776f4c9c,Request Access,Unauthorized / Unlinked,NO,NO,NO,953.6,Dr. Sarah Jenkins,0x04Fee3FD1B338d12FFD6dBD8d66dE1e8e0BB99cB,NMC-48192,Apollo Multispecialty Hospital,Apex Central Clinical Dispensary,0x155Af6ECaFb48861dA7d16Fb8Af2f6ce9d6DD779,DL-AX-2026-3021,"Rajesh Nambiar, Pharm.D.",K21.9,Gastro-esophageal reflux disease,Gastroenterology,"Pantoprazole Gastro-resistant (40 mg, Once Daily 30 min pre-breakfast, Qty: 30) | Domperidone Sustained Release (30 mg, Once Daily morning, Qty: 30) | Sucralfate Oral Suspension (1000 mg/10mL, 10 mL thrice daily before meals, Qty: 2)",3,AES-256-GCM,vault-transit-key-0x187e655c,75242f24aa96e5b830f3873d,bde6750056b6d5df41747a5bf44193e4,0x26b494a391c3de88713e7abe61896f25e9a738201b25d8582a0dd3197aa183d0,Qmd56e7de6eb736a7626d9b37048f17ea728ad51aa244a,Pinata Dedicated IPFS Gateway,0.0.4891024,2034,2026-09-13 11:48:02 UTC,0x516043af6c978ba1843e53769b2da2579c9aa5a0fe2a1bf9393b14b22383f233,0.0001,Pharmacy Dispensation Verification & Medication Fulfillment,Identity Verified (Wallet Protocol),Blockchain Audit Enabled
RX-0035,Aditi Ghosh,849235,0x43e5f31834b4b471953b136c7fd5d4be8a56db58,Dispensed (Fulfilled),Dispensed & Fulfilled,YES,NO,YES,1633.72,Dr. Ananya Roy,0x9965507D1a55bcC2695C58ba16FB37d819B0A4dc,NMC-51203,Max Super Speciality Cancer Institute,Fortis Care Dispensary,0x84f93618C1D541bB1Dcf1373A8eE500A7D439634,DL-FC-2025-1094,"Amit Singhania, R.Ph.",E11.65,Type 2 diabetes mellitus with hyperglycemia,Endocrinology,"Insulin Glargine Solostar (100 IU/mL, 14 Units Once Daily at Bedtime, Qty: 2) | Metformin XR (1000 mg, Once Daily post dinner, Qty: 30)",2,AES-256-GCM,vault-transit-key-0x43e5f318,49b7ff86c3531fdbfa9f8c80,ef52f3f1431a16591e248c04fc7e0f0e,0x65b6a4fe0d626b5b98a97e82307568e7f3dd0cb5f670200015da608e018867d9,Qmc78b10cbb0f9a1db36105c78923fa8ed32128cd708bb,Pinata Dedicated IPFS Gateway,0.0.4891024,2035,2026-09-13 11:48:04 UTC,0x256734dcde1cc51c3de2e78c92849915a78e6968dda9637240080848e2dda5f9,0.0001,Pharmacy Dispensation Verification & Medication Fulfillment,Identity Verified (Wallet Protocol),Blockchain Audit Enabled
RX-0036,Siddharth Chatterjee,849236,0x308697d6607efba317e697025a8ef386f507eb02,Request Access,Unauthorized / Unlinked,NO,NO,NO,1496.2,Dr. Sarah Jenkins,0x04Fee3FD1B338d12FFD6dBD8d66dE1e8e0BB99cB,NMC-48192,Apollo Multispecialty Hospital,Apex Central Clinical Dispensary,0x155Af6ECaFb48861dA7d16Fb8Af2f6ce9d6DD779,DL-AX-2026-3021,"Rajesh Nambiar, Pharm.D.",G40.909,"Epilepsy, unspecified",Neurology,"Levetiracetam (500 mg, Twice Daily morning & evening, Qty: 60) | Clobazam (10 mg, Once Daily at Bedtime, Qty: 30)",2,AES-256-GCM,vault-transit-key-0x308697d6,0c1e3a3c6009b32847bab1ca,fd5dcd1e709e41043e0e1a8467b149dc,0x9d926c2ccde8705c239f5c199b683969270333bfd1286c83375ba89a9e671e16,Qm688751f95b3b6e5aedd4b7b3509e34b4e4fb0262069e,Pinata Dedicated IPFS Gateway,0.0.4891024,2036,2026-09-13 11:48:06 UTC,0xe076a5a0ac3e58c85896e87835c8adfeac8ded3ef2f181234fc4f7d36c61ba73,0.0001,Pharmacy Dispensation Verification & Medication Fulfillment,Identity Verified (Wallet Protocol),Blockchain Audit Enabled
RX-0037,Gautam Gupta,849237,0x1cfc71c616b49c6e0f4babaa7127dfe86623504f,🔓 Decrypt RX,Pending - Ready to Decrypt,YES (Patient Consent Active),NO,NO,993.27,Dr. Ananya Roy,0x9965507D1a55bcC2695C58ba16FB37d819B0A4dc,NMC-51203,Max Super Speciality Cancer Institute,Apollo Pharmacy Global,0x04Fee3FD1B338d12FFD6dBD8d66dE1e8e0BB99cB,DL-AP-2024-8901,"K. V. Raman, R.Ph.",I20.9,"Angina pectoris, unspecified",Cardiology,"Nitroglycerin Sublingual (0.4 mg, PRN for chest pain, Qty: 25) | Aspirin Gastro-resistant (75 mg, Once Daily post meal, Qty: 30) | Atorvastatin Calcium (40 mg, Once Daily at Bedtime, Qty: 30)",3,AES-256-GCM,vault-transit-key-0x1cfc71c6,95af6551c241d7987136a6f2,323db3ccc0529e8f7a739b7c04a7055d,0xa6f14c8c9900a6b776ef20e7feb4fb96f3c5008d4c33a6cb2ca205674013837a,Qma4d3911a19dc68f412e83a5ac3001923f9672ec33fc4,Pinata Dedicated IPFS Gateway,0.0.4891024,2037,2026-09-13 11:48:09 UTC,0xa37cf3ddf303a54548954af17aaeb6f9fc5d9c80fa2ee5a24da21c8d7cc85ac0,0.0001,Pharmacy Dispensation Verification & Medication Fulfillment,Identity Verified (Wallet Protocol),Blockchain Audit Enabled
RX-0038,Aarav Bhatia,849238,0x771fe8198b52ed8d0c9545fd2bd50bcd49a376fa,🔓 Decrypt RX,Pending - Ready to Decrypt,YES (Patient Consent Active),NO,NO,998.26,Dr. Rohan Patel,0x976EA74026E726554dB657fA54763abd0C3a0aa9,NMC-11029,Fortis Memorial Neuro & Trauma Center,Max Wellness Pharmacy,0x28B7eA94B34C8F52D19E50Eb14769Da20F5D54b4,DL-MW-2024-7731,"Sneha Mukherjee, R.Ph.",G43.909,"Migraine, unspecified, not intractable",Neurology,"Sumatriptan Succinate (50 mg, 1 tablet at onset of migraine SOS, Qty: 10) | Naproxen Sodium (500 mg, Twice daily as needed with food, Qty: 20) | Propranolol HCl (40 mg, Twice daily for prophylaxis, Qty: 60)",3,AES-256-GCM,vault-transit-key-0x771fe819,eca1b704d191500f0f165487,08bffc026b25a0527ac5f4226393a6dc,0x55aa00fe32e34be8bf26d8c478d79da10d3d97b38b8b4687c0f1be1f974db3c7,Qm91212ed528557d57d77d4bac3093a54b424321301d5f,Pinata Dedicated IPFS Gateway,0.0.4891024,2038,2026-09-13 11:48:11 UTC,0x0698c3f4db94e923ce908b2cbb8cf4ec16ba42819a042da51a1ec72b61ac8ecd,0.0001,Pharmacy Dispensation Verification & Medication Fulfillment,Identity Verified (Wallet Protocol),Blockchain Audit Enabled
RX-0039,Ishaan Gupta,849239,0x2314d9b3290e9a4aeed349bcb5b498550fc1c8e5,⏳ Waiting for Approval,Access Pending Approval,NO,YES,NO,1683.1,Dr. Ananya Roy,0x9965507D1a55bcC2695C58ba16FB37d819B0A4dc,NMC-51203,Max Super Speciality Cancer Institute,MedPlus Health Hub,0x70997970C51812dc3A010C7d01b50e0d17dc79C8,DL-MP-2023-4122,"Priya Sundaram, Pharm.D.",C50.919,Malignant neoplasm of female breast,Oncology,"Tamoxifen Citrate (20 mg, Once Daily at fixed hour, Qty: 30) | Ondansetron HCl (8 mg, Twice Daily 30 min before food, Qty: 30) | Calcium Carbonate + Vit D3 (500mg/250IU, Once Daily post meal, Qty: 30)",3,AES-256-GCM,vault-transit-key-0x2314d9b3,40222b16b0372af5bccae2fe,55dc253e658a81ecac528764cc34fb51,0x152ebe2d913e52e34d5b3734e2ddff9d8b85e868b814e4b40f19a83bcc372ea1,Qm34384797cd890a6e5e9b308cdfc446939af9ff9484e7,Pinata Dedicated IPFS Gateway,0.0.4891024,2039,2026-09-13 11:48:14 UTC,0xbfd32f37d396d014f15563f586339b41288f7fb3a3d8650201ff5b8665a6ec67,0.0001,Pharmacy Dispensation Verification & Medication Fulfillment,Identity Verified (Wallet Protocol),Blockchain Audit Enabled
RX-0040,Lata Rao,849240,0x30605fb4a960fde7f51c802a148432f72a2fde79,🔓 Decrypt RX,Pending - Ready to Decrypt,YES (Patient Consent Active),NO,NO,222.82,Dr. Preeti Deshmukh,0x23618e81E3f5cdF7f54C3d65f7FBc0aBf5B21E8f,NMC-82194,Care & Cure Pediatric & Maternity Hospital,Apex Central Clinical Dispensary,0x155Af6ECaFb48861dA7d16Fb8Af2f6ce9d6DD779,DL-AX-2026-3021,"Rajesh Nambiar, Pharm.D.",E03.9,"Hypothyroidism, unspecified",Endocrinology,"Levothyroxine Sodium (50 mcg, Once Daily on empty stomach, Qty: 60)",1,AES-256-GCM,vault-transit-key-0x30605fb4,1511f0ebf45e5259077ce412,2bde2fbddbc48b96999965a3d7101054,0xc610acf89b8abedeac74c7962369bdd2697155402f51fc553667ee196ed6cefa,Qmf262058f27f14b08daa095f544a1d626190af73d1981,Pinata Dedicated IPFS Gateway,0.0.4891024,2040,2026-09-13 11:48:16 UTC,0x0c8c5bf167d33d67859b8d09c9115d56022b179324a6b8db30632de3f6effa7a,0.0001,Pharmacy Dispensation Verification & Medication Fulfillment,Identity Verified (Wallet Protocol),Blockchain Audit Enabled
RX-0041,Aarav Mukherjee,849241,0xfc3e366dfdd73940df728551f8fb0393dd860ea5,🔓 Decrypt RX,Pending - Ready to Decrypt,YES (Patient Consent Active),NO,NO,429.83,Dr. Vikram Seth,0x15d34AAf54267DB7D7c367839AAf71A00a2C6A65,NMC-99014,Max Super Speciality Cancer Institute,Max Wellness Pharmacy,0x28B7eA94B34C8F52D19E50Eb14769Da20F5D54b4,DL-MW-2024-7731,"Sneha Mukherjee, R.Ph.",J06.9,Acute upper respiratory infection,Pediatrics / General,"Amoxicillin + Potassium Clavulanate (625 mg, Twice Daily post food, Qty: 14) | Paracetamol (650 mg, Thrice daily post meals SOS, Qty: 15) | Levocetirizine Dihydrochloride (5 mg, Once Daily at Bedtime, Qty: 7)",3,AES-256-GCM,vault-transit-key-0xfc3e366d,033ced1fa716b56f434662e5,31f24f43c57f6c2d510117b045619939,0x89a612312967d5ae64533cc5fd94df1f0f966dd5522e4fad7032a75f04a8ee9e,Qmcc89e41e89ab6a9a27fb7ffc66d4c5afa2c171633f6d,Pinata Dedicated IPFS Gateway,0.0.4891024,2041,2026-09-13 11:48:19 UTC,0xc00c07b5d6ab00338fea8f17d63480d3e4b232f7355d392f070bb3378197d721,0.0001,Pharmacy Dispensation Verification & Medication Fulfillment,Identity Verified (Wallet Protocol),Blockchain Audit Enabled
RX-0042,Bhavna Pandey,849242,0x10f55608df10aa022a0c2afd0d411fa61fbdf947,Dispensed (Fulfilled),Dispensed & Fulfilled,YES,NO,YES,1191.9,Dr. Vikram Seth,0x15d34AAf54267DB7D7c367839AAf71A00a2C6A65,NMC-99014,Max Super Speciality Cancer Institute,Fortis Care Dispensary,0x84f93618C1D541bB1Dcf1373A8eE500A7D439634,DL-FC-2025-1094,"Amit Singhania, R.Ph.",E11.9,Type 2 diabetes mellitus without complications,Endocrinology,"Metformin Hydrochloride (500 mg, Twice Daily with meals, Qty: 60) | Dapagliflozin Propanediol (10 mg, Once Daily morning, Qty: 30) | Glimepiride (2 mg, Once Daily pre-breakfast, Qty: 30)",3,AES-256-GCM,vault-transit-key-0x10f55608,f4554e1f6af2c59102cc20bb,932a9707546dd039376a475d37adfab9,0x27f4bdfaa928f9294e8f93e1202eb74c9444b175a67875115ef51677b3a9c52f,Qma96e6da9d8ddd1396d203cc310ea2a50e3fd7124c430,Pinata Dedicated IPFS Gateway,0.0.4891024,2042,2026-09-13 11:48:20 UTC,0xb9e1137d2343e3317a724d80b6e6bda7de76ac27b6ae43ad267481ce957da7bc,0.0001,Pharmacy Dispensation Verification & Medication Fulfillment,Identity Verified (Wallet Protocol),Blockchain Audit Enabled
RX-0043,Anand Ghosh,849243,0x6c0c2b3e16e99736bc3e05dd3498912118c034b9,🔓 Decrypt RX,Pending - Ready to Decrypt,YES (Patient Consent Active),NO,NO,931.75,Dr. Ananya Roy,0x9965507D1a55bcC2695C58ba16FB37d819B0A4dc,NMC-51203,Max Super Speciality Cancer Institute,Apollo Pharmacy Global,0x04Fee3FD1B338d12FFD6dBD8d66dE1e8e0BB99cB,DL-AP-2024-8901,"K. V. Raman, R.Ph.",A90,Dengue fever [classical dengue],Infectious Disease,"Paracetamol Infusion / Tab (650 mg, Every 6 hours SOS fever > 100°F, Qty: 20) | Carica Papaya Leaf Extract (1100 mg, Thrice Daily post food, Qty: 21) | Oral Rehydration Salts (WHO formula) (21.8 g sachet, 1 sachet in 1L water daily, Qty: 7)",3,AES-256-GCM,vault-transit-key-0x6c0c2b3e,d127ac293d7c1ddd1a0a42c2,41d664b6f99a8554cf6317e542ab5537,0x6066026c10bd30800da67599918c2b5943834fcc7d9683aa2aad07e480d48a53,Qm2e674a131fc2cae4724509a9154729e5d3f7daad6fa4,Pinata Dedicated IPFS Gateway,0.0.4891024,2043,2026-09-13 11:48:23 UTC,0x0af57d0f73c3e9b150f39a7c7166bffeaa29127631391f73d6a4b822d93f9cc5,0.0001,Pharmacy Dispensation Verification & Medication Fulfillment,Identity Verified (Wallet Protocol),Blockchain Audit Enabled
RX-0044,Geeta Verma,849244,0x0b23bf3ffff07d75133ffe846998d9aa02f9b8e4,⏳ Waiting for Approval,Access Pending Approval,NO,YES,NO,953.03,Dr. Rajesh Sharma,0x3c44CdDdB6a900fa2b585dd299e03d12FA4293BC,NMC-78491,Apollo Multispecialty Hospital,Max Wellness Pharmacy,0x28B7eA94B34C8F52D19E50Eb14769Da20F5D54b4,DL-MW-2024-7731,"Sneha Mukherjee, R.Ph.",K21.9,Gastro-esophageal reflux disease,Gastroenterology,"Pantoprazole Gastro-resistant (40 mg, Once Daily 30 min pre-breakfast, Qty: 30) | Domperidone Sustained Release (30 mg, Once Daily morning, Qty: 30) | Sucralfate Oral Suspension (1000 mg/10mL, 10 mL thrice daily before meals, Qty: 2)",3,AES-256-GCM,vault-transit-key-0x0b23bf3f,40f0e227b7f307b8b24f8235,59ebc19ec62a7906dc01a7c426f311bc,0xbf901b38f2448c3b0d1523c08a419e80bd2c20fcd6c1a7ae11af6fa1a1044da8,Qme34b76946182b47cfd0fc9d67fc20f0cabb066743921,Pinata Dedicated IPFS Gateway,0.0.4891024,2044,2026-09-13 11:48:26 UTC,0x39313b86cd0cd186126693bb41ee69a9bb8ee6dbcc37082d7c5aadb7805b43b2,0.0001,Pharmacy Dispensation Verification & Medication Fulfillment,Identity Verified (Wallet Protocol),Blockchain Audit Enabled
RX-0045,Gautam Bhatia,849245,0x7580d0cb6db80e594a6ddf263a73aac16d91378c,🔓 Decrypt RX,Pending - Ready to Decrypt,YES (Patient Consent Active),NO,NO,1634.31,Dr. Rajesh Sharma,0x3c44CdDdB6a900fa2b585dd299e03d12FA4293BC,NMC-78491,Apollo Multispecialty Hospital,Max Wellness Pharmacy,0x28B7eA94B34C8F52D19E50Eb14769Da20F5D54b4,DL-MW-2024-7731,"Sneha Mukherjee, R.Ph.",E11.65,Type 2 diabetes mellitus with hyperglycemia,Endocrinology,"Insulin Glargine Solostar (100 IU/mL, 14 Units Once Daily at Bedtime, Qty: 2) | Metformin XR (1000 mg, Once Daily post dinner, Qty: 30)",2,AES-256-GCM,vault-transit-key-0x7580d0cb,879fff91a65fde57421e799e,6c8646139f14fe34dac032d679edb7ba,0xb69ff72823f8b809e7855f863c3b1475eadc90cdcc77a811d2169aecdf82f623,Qmb67a8dd626a899f2f7a92c57eb1a4c6b93008df48ab3,Pinata Dedicated IPFS Gateway,0.0.4891024,2045,2026-09-13 11:48:28 UTC,0xb4a28be491190c9d2197fb10a19a688ebdad98a80f0790f2c37bafb1d0e157a1,0.0001,Pharmacy Dispensation Verification & Medication Fulfillment,Identity Verified (Wallet Protocol),Blockchain Audit Enabled
RX-0046,Pooja Mukherjee,849246,0x3ff5219ca08f0540b84cbed1f31acba294c03efd,🔓 Decrypt RX,Pending - Ready to Decrypt,YES (Patient Consent Active),NO,NO,998.01,Dr. Rajesh Sharma,0x3c44CdDdB6a900fa2b585dd299e03d12FA4293BC,NMC-78491,Apollo Multispecialty Hospital,Apex Central Clinical Dispensary,0x155Af6ECaFb48861dA7d16Fb8Af2f6ce9d6DD779,DL-AX-2026-3021,"Rajesh Nambiar, Pharm.D.",G43.909,"Migraine, unspecified, not intractable",Neurology,"Sumatriptan Succinate (50 mg, 1 tablet at onset of migraine SOS, Qty: 10) | Naproxen Sodium (500 mg, Twice daily as needed with food, Qty: 20) | Propranolol HCl (40 mg, Twice daily for prophylaxis, Qty: 60)",3,AES-256-GCM,vault-transit-key-0x3ff5219c,57786e3f22acc092e1ed011f,ade739b5778a836a717c77be8abeec64,0x623a7b3fed1900c416c9ff6aa6cedec642b4cdf9295a87c46d055a5816f6c4dd,Qma9e319bea2279cb766b7dda01c85ba194ac7b2906c18,Pinata Dedicated IPFS Gateway,0.0.4891024,2046,2026-09-13 11:48:31 UTC,0x4ca52e2b32d0ac46e330f53c564c7c5ee6fd0cc472f53d5bcde35a7b7893ae6d,0.0001,Pharmacy Dispensation Verification & Medication Fulfillment,Identity Verified (Wallet Protocol),Blockchain Audit Enabled
RX-0047,Nikhil Saxena,849247,0x27aabe81c8928c435328026b3f1cbd65d4f48d33,⏳ Waiting for Approval,Access Pending Approval,NO,YES,NO,520.69,Dr. Sarah Jenkins,0x04Fee3FD1B338d12FFD6dBD8d66dE1e8e0BB99cB,NMC-48192,Apollo Multispecialty Hospital,Apollo Pharmacy Global,0x04Fee3FD1B338d12FFD6dBD8d66dE1e8e0BB99cB,DL-AP-2024-8901,"K. V. Raman, R.Ph.",I10,Essential (primary) hypertension,Cardiology,"Amlodipine Besylate (5 mg, Once Daily (Morning), Qty: 30) | Telmisartan (40 mg, Once Daily (Morning), Qty: 30)",2,AES-256-GCM,vault-transit-key-0x27aabe81,cf9cc53b729246f060c80c86,384c086a12ac725688433a17b992c42f,0x92e24f4593ba8ddffd05f26f169af3e81ccfbf84a41f0f9602ea6108a95f9bf8,Qm54dea3adbd0b11f964c2ea5f04969d6308902e77c26a,Pinata Dedicated IPFS Gateway,0.0.4891024,2047,2026-09-13 11:48:33 UTC,0x3d62e4c4d8f8dfafc2d919f5de1e8f7149b9a04c9667cfbc53e42cbcf648381d,0.0001,Pharmacy Dispensation Verification & Medication Fulfillment,Identity Verified (Wallet Protocol),Blockchain Audit Enabled
RX-0048,Arjun Shetty,849248,0xaf96a5428091de313a817c617625cd9cf531ff1f,⏳ Waiting for Approval,Access Pending Approval,NO,YES,NO,1185.94,Dr. Rohan Patel,0x976EA74026E726554dB657fA54763abd0C3a0aa9,NMC-11029,Fortis Memorial Neuro & Trauma Center,Apex Central Clinical Dispensary,0x155Af6ECaFb48861dA7d16Fb8Af2f6ce9d6DD779,DL-AX-2026-3021,"Rajesh Nambiar, Pharm.D.",E11.9,Type 2 diabetes mellitus without complications,Endocrinology,"Metformin Hydrochloride (500 mg, Twice Daily with meals, Qty: 60) | Dapagliflozin Propanediol (10 mg, Once Daily morning, Qty: 30) | Glimepiride (2 mg, Once Daily pre-breakfast, Qty: 30)",3,AES-256-GCM,vault-transit-key-0xaf96a542,c2a0bbfa8802a819535f0558,0befc800761b97d39a27bcb2c5a40617,0x44140bdb08bbf6d2cf7ecf21a29c74522e59fb3cb719e5f315d33ddfbb0d2f59,Qm16882a35fc4f6df1a93b8b114efe65fe562b37665d82,Pinata Dedicated IPFS Gateway,0.0.4891024,2048,2026-09-13 11:48:35 UTC,0xd1b0598412016596893bef95243e99a23b235631692cfc76b5ba8c117461a04b,0.0001,Pharmacy Dispensation Verification & Medication Fulfillment,Identity Verified (Wallet Protocol),Blockchain Audit Enabled
RX-0049,Rakesh Pillai,849249,0x7ec4f1fb3a0baf9922cbca45b02c50893b0d45d5,🔓 Decrypt RX,Pending - Ready to Decrypt,YES (Patient Consent Active),NO,NO,995.72,Dr. Vikram Seth,0x15d34AAf54267DB7D7c367839AAf71A00a2C6A65,NMC-99014,Max Super Speciality Cancer Institute,Max Wellness Pharmacy,0x28B7eA94B34C8F52D19E50Eb14769Da20F5D54b4,DL-MW-2024-7731,"Sneha Mukherjee, R.Ph.",I20.9,"Angina pectoris, unspecified",Cardiology,"Nitroglycerin Sublingual (0.4 mg, PRN for chest pain, Qty: 25) | Aspirin Gastro-resistant (75 mg, Once Daily post meal, Qty: 30) | Atorvastatin Calcium (40 mg, Once Daily at Bedtime, Qty: 30)",3,AES-256-GCM,vault-transit-key-0x7ec4f1fb,392d33fa51c3dade45ad12a1,e5bd3fef134fa1f95a56498dc3fdf8cb,0x39ef1d21a27a491b85f0cc2eba5ee1fa604825dd79ef19fc369ca9ab940d0f2e,Qmfefdb38078d7c27248af62ae8197ba81ee13c26ceb8c,Pinata Dedicated IPFS Gateway,0.0.4891024,2049,2026-09-13 11:48:38 UTC,0x17e54586c3c06c996e935760b39bf463b5aeee955635d6343005279fed316a21,0.0001,Pharmacy Dispensation Verification & Medication Fulfillment,Identity Verified (Wallet Protocol),Blockchain Audit Enabled
RX-0050,Chetan Chatterjee,849250,0x3cb2ea287d6f2cdb7e8535ebcaf44573489ee665,🔓 Decrypt RX,Pending - Ready to Decrypt,YES (Patient Consent Active),NO,NO,1003.47,Dr. Rohan Patel,0x976EA74026E726554dB657fA54763abd0C3a0aa9,NMC-11029,Fortis Memorial Neuro & Trauma Center,MedPlus Health Hub,0x70997970C51812dc3A010C7d01b50e0d17dc79C8,DL-MP-2023-4122,"Priya Sundaram, Pharm.D.",I20.9,"Angina pectoris, unspecified",Cardiology,"Nitroglycerin Sublingual (0.4 mg, PRN for chest pain, Qty: 25) | Aspirin Gastro-resistant (75 mg, Once Daily post meal, Qty: 30) | Atorvastatin Calcium (40 mg, Once Daily at Bedtime, Qty: 30)",3,AES-256-GCM,vault-transit-key-0x3cb2ea28,d1db1edefd243b7c58dff46b,db16ca3f001f87969f01a181f249e344,0x7766d1b688759d0dcc17fa4babb07c986d5b53db35c629cc67b92d40a65991ad,Qm3abff638861c5e1ebfedee266705aab7991c6cd62666,Pinata Dedicated IPFS Gateway,0.0.4891024,2050,2026-09-13 11:48:40 UTC,0x2a9bf1aed587315c28c96e5d6d13cf2364f9fa3248955a57d83ca3e26cab702d,0.0001,Pharmacy Dispensation Verification & Medication Fulfillment,Identity Verified (Wallet Protocol),Blockchain Audit Enabled
RX-0051,Kavya Nair,849251,0x82ade88c784e69da4575d110170e36e9b78ed9b3,⏳ Waiting for Approval,Access Pending Approval,NO,YES,NO,1184.64,Dr. Preeti Deshmukh,0x23618e81E3f5cdF7f54C3d65f7FBc0aBf5B21E8f,NMC-82194,Care & Cure Pediatric & Maternity Hospital,Fortis Care Dispensary,0x84f93618C1D541bB1Dcf1373A8eE500A7D439634,DL-FC-2025-1094,"Amit Singhania, R.Ph.",E11.9,Type 2 diabetes mellitus without complications,Endocrinology,"Metformin Hydrochloride (500 mg, Twice Daily with meals, Qty: 60) | Dapagliflozin Propanediol (10 mg, Once Daily morning, Qty: 30) | Glimepiride (2 mg, Once Daily pre-breakfast, Qty: 30)",3,AES-256-GCM,vault-transit-key-0x82ade88c,c013e8cb72c67da19aa4bec6,da4718d5b3f68b9208267bbda9e030fc,0x2fcb691e6ba8c5fe773534152286062e38356be771876fbbd6513092bc4442a7,Qmf20cb771ddba29dc20e6289e976f3881dda613cfe2bc,Pinata Dedicated IPFS Gateway,0.0.4891024,2051,2026-09-13 11:48:43 UTC,0xfb2e6eed9587ce9bdc6908701c92090a2b0a566e072f6da9ecc013b6dbaf496f,0.0001,Pharmacy Dispensation Verification & Medication Fulfillment,Identity Verified (Wallet Protocol),Blockchain Audit Enabled
RX-0052,Kiran Kapoor,849252,0xb2d76f99167bc0eaf3ab7c558cc30c3901204492,🔓 Decrypt RX,Pending - Ready to Decrypt,YES (Patient Consent Active),NO,NO,978.25,Dr. Preeti Deshmukh,0x23618e81E3f5cdF7f54C3d65f7FBc0aBf5B21E8f,NMC-82194,Care & Cure Pediatric & Maternity Hospital,MedPlus Health Hub,0x70997970C51812dc3A010C7d01b50e0d17dc79C8,DL-MP-2023-4122,"Priya Sundaram, Pharm.D.",G43.909,"Migraine, unspecified, not intractable",Neurology,"Sumatriptan Succinate (50 mg, 1 tablet at onset of migraine SOS, Qty: 10) | Naproxen Sodium (500 mg, Twice daily as needed with food, Qty: 20) | Propranolol HCl (40 mg, Twice daily for prophylaxis, Qty: 60)",3,AES-256-GCM,vault-transit-key-0xb2d76f99,809aa4f4845fe6e901626ca5,ed92cccdc017c4ce21e290e1aa7c593f,0x39c943314dd61d6653bc87c99682cac60b42786ad2663c136767a192ee4bb8fb,Qma8a551faba955e525eeb4f320748d5b945f7ee37a00e,Pinata Dedicated IPFS Gateway,0.0.4891024,2052,2026-09-13 11:48:45 UTC,0x3d7902adad7b1948b82a7dac2a4a37a50a0cd076359f6ae7c260981a31d63444,0.0001,Pharmacy Dispensation Verification & Medication Fulfillment,Identity Verified (Wallet Protocol),Blockchain Audit Enabled
RX-0053,Rakesh Gowda,849253,0x21731b71e2ec470ee38f13c6cf5f5f409c550b42,Request Access,Unauthorized / Unlinked,NO,NO,NO,497.01,Dr. Vikram Seth,0x15d34AAf54267DB7D7c367839AAf71A00a2C6A65,NMC-99014,Max Super Speciality Cancer Institute,Apex Central Clinical Dispensary,0x155Af6ECaFb48861dA7d16Fb8Af2f6ce9d6DD779,DL-AX-2026-3021,"Rajesh Nambiar, Pharm.D.",I10,Essential (primary) hypertension,Cardiology,"Amlodipine Besylate (5 mg, Once Daily (Morning), Qty: 30) | Telmisartan (40 mg, Once Daily (Morning), Qty: 30)",2,AES-256-GCM,vault-transit-key-0x21731b71,46740f2535eb993dbce1b403,34a695cf085302d5c10d5088330021f6,0xcec34e84b5924a21fe44a81ac541a5a34243080d7b9cfcff7dad78be769aac11,Qm258d5c9edf58eb8766df24a779052fb005d2db1b47e1,Pinata Dedicated IPFS Gateway,0.0.4891024,2053,2026-09-13 11:48:47 UTC,0xdecc3148865b9f5cb75d272e1aed0b684f92a82de965f8afc6a65e0011447a6b,0.0001,Pharmacy Dispensation Verification & Medication Fulfillment,Identity Verified (Wallet Protocol),Blockchain Audit Enabled
RX-0054,Harish Kapoor,849254,0x4cc7945736636505ca30eba31260c093361df13a,🔓 Decrypt RX,Pending - Ready to Decrypt,YES (Patient Consent Active),NO,NO,497.57,Dr. Rajesh Sharma,0x3c44CdDdB6a900fa2b585dd299e03d12FA4293BC,NMC-78491,Apollo Multispecialty Hospital,Max Wellness Pharmacy,0x28B7eA94B34C8F52D19E50Eb14769Da20F5D54b4,DL-MW-2024-7731,"Sneha Mukherjee, R.Ph.",I10,Essential (primary) hypertension,Cardiology,"Amlodipine Besylate (5 mg, Once Daily (Morning), Qty: 30) | Telmisartan (40 mg, Once Daily (Morning), Qty: 30)",2,AES-256-GCM,vault-transit-key-0x4cc79457,05798061e92f563f637a0beb,0e4b424c9222c0d4828ed2aae365eaf8,0x673baa66fa77570165b4d261b39a0e412dfab9d1b2311f2e3c64b63bc80f8bf6,Qmb24e20fd9121afa709de32af83230e9839d3e7a81a6c,Pinata Dedicated IPFS Gateway,0.0.4891024,2054,2026-09-13 11:48:50 UTC,0x013649aa32f5b0432dbe63e1afa16a68f77808fa31a45042bf30132652b0b1e9,0.0001,Pharmacy Dispensation Verification & Medication Fulfillment,Identity Verified (Wallet Protocol),Blockchain Audit Enabled
RX-0055,Pranav Swaminathan,849255,0x12a0ef0b5c0e8a0852c78d1008b9cf11b186ee3d,Dispensed (Fulfilled),Dispensed & Fulfilled,YES,NO,YES,431.5,Dr. Sarah Jenkins,0x04Fee3FD1B338d12FFD6dBD8d66dE1e8e0BB99cB,NMC-48192,Apollo Multispecialty Hospital,Apex Central Clinical Dispensary,0x155Af6ECaFb48861dA7d16Fb8Af2f6ce9d6DD779,DL-AX-2026-3021,"Rajesh Nambiar, Pharm.D.",J06.9,Acute upper respiratory infection,Pediatrics / General,"Amoxicillin + Potassium Clavulanate (625 mg, Twice Daily post food, Qty: 14) | Paracetamol (650 mg, Thrice daily post meals SOS, Qty: 15) | Levocetirizine Dihydrochloride (5 mg, Once Daily at Bedtime, Qty: 7)",3,AES-256-GCM,vault-transit-key-0x12a0ef0b,d5a8eabd8e5e20109b4d18ec,af3b547fbaae59d176ca0105a2bd08d2,0xe117729bf02ec9f881642dcbb996cba558e7bb3b7c50db1ff6d74a46cd8ca551,Qm326bcfe563790fd5c171198edbfaf508602070832654,Pinata Dedicated IPFS Gateway,0.0.4891024,2055,2026-09-13 11:48:52 UTC,0x2a9cf6c724f659881f61a340d9b09aca19200e3c8625f4fafb2cd3b3641a45cc,0.0001,Pharmacy Dispensation Verification & Medication Fulfillment,Identity Verified (Wallet Protocol),Blockchain Audit Enabled
RX-0056,Tanvi Gowda,849256,0x41b8aa3ce464675a027fbb19f6dc8cdcc4c25a96,🔓 Decrypt RX,Pending - Ready to Decrypt,YES (Patient Consent Active),NO,NO,423.19,Dr. Vikram Seth,0x15d34AAf54267DB7D7c367839AAf71A00a2C6A65,NMC-99014,Max Super Speciality Cancer Institute,Max Wellness Pharmacy,0x28B7eA94B34C8F52D19E50Eb14769Da20F5D54b4,DL-MW-2024-7731,"Sneha Mukherjee, R.Ph.",J06.9,Acute upper respiratory infection,Pediatrics / General,"Amoxicillin + Potassium Clavulanate (625 mg, Twice Daily post food, Qty: 14) | Paracetamol (650 mg, Thrice daily post meals SOS, Qty: 15) | Levocetirizine Dihydrochloride (5 mg, Once Daily at Bedtime, Qty: 7)",3,AES-256-GCM,vault-transit-key-0x41b8aa3c,9ebd2d21ffe8868dad422908,e326388aace0d24d6b807f2b0fea8d34,0x95aeb30996e4856be2e5ff8e3e1ef3353ba1b2e59ee657e34990c9b5119a1b9a,Qm312a972dc92eaf75879232cd22cfac77b5707ca6d0aa,Pinata Dedicated IPFS Gateway,0.0.4891024,2056,2026-09-13 11:48:54 UTC,0xae95f1c67540d5e1566698cc18af3aa0ec4065cdccf8b44c0039d826334ab4a4,0.0001,Pharmacy Dispensation Verification & Medication Fulfillment,Identity Verified (Wallet Protocol),Blockchain Audit Enabled
RX-0057,Deepak Ghosh,849257,0xb6f5b9a73dd699cdbb0f5b5245871bdc23721a09,Request Access,Unauthorized / Unlinked,NO,NO,NO,1612.62,Dr. Vikram Seth,0x15d34AAf54267DB7D7c367839AAf71A00a2C6A65,NMC-99014,Max Super Speciality Cancer Institute,Max Wellness Pharmacy,0x28B7eA94B34C8F52D19E50Eb14769Da20F5D54b4,DL-MW-2024-7731,"Sneha Mukherjee, R.Ph.",E11.65,Type 2 diabetes mellitus with hyperglycemia,Endocrinology,"Insulin Glargine Solostar (100 IU/mL, 14 Units Once Daily at Bedtime, Qty: 2) | Metformin XR (1000 mg, Once Daily post dinner, Qty: 30)",2,AES-256-GCM,vault-transit-key-0xb6f5b9a7,eeddd3d1a74871763704e9ba,0ee15fd05af3579a46e4fdd2dfc44ed0,0x838a6664fac5d3eb02139ecf5ba2194ff5abb7a722afeaca8242bd83e7e8d983,Qm2ede022b56fb9d702d5cf9cc393b7c080d9b4daef0d8,Pinata Dedicated IPFS Gateway,0.0.4891024,2057,2026-09-13 11:48:57 UTC,0x053331076b2fe5855d72b2a37a07c64738dde6c85838426e96ef7eefe9d7043b,0.0001,Pharmacy Dispensation Verification & Medication Fulfillment,Identity Verified (Wallet Protocol),Blockchain Audit Enabled
RX-0058,Deepak Joshi,849258,0x3714682ccd6f0066b03f6ef0fd7e5c9bbc489002,🔓 Decrypt RX,Pending - Ready to Decrypt,YES (Patient Consent Active),NO,NO,1685.4,Dr. Ananya Roy,0x9965507D1a55bcC2695C58ba16FB37d819B0A4dc,NMC-51203,Max Super Speciality Cancer Institute,Fortis Care Dispensary,0x84f93618C1D541bB1Dcf1373A8eE500A7D439634,DL-FC-2025-1094,"Amit Singhania, R.Ph.",C50.919,Malignant neoplasm of female breast,Oncology,"Tamoxifen Citrate (20 mg, Once Daily at fixed hour, Qty: 30) | Ondansetron HCl (8 mg, Twice Daily 30 min before food, Qty: 30) | Calcium Carbonate + Vit D3 (500mg/250IU, Once Daily post meal, Qty: 30)",3,AES-256-GCM,vault-transit-key-0x3714682c,0c30b9378a9ce2ae012dc385,5f064a00d05193e25621248dc08cf0b1,0x0a13a82f7caccdd60d38bc0875735a4b580a94e9cbc80128b9bc5444e6091aed,Qm84a1fe4a2af4c3690fdd20e18ba801d31a92342d50d6,Pinata Dedicated IPFS Gateway,0.0.4891024,2058,2026-09-13 11:48:59 UTC,0xf190e639257eda94c97f4be878f07b8ac691dcdd3ab8704ca1ad41d72cee9ee2,0.0001,Pharmacy Dispensation Verification & Medication Fulfillment,Identity Verified (Wallet Protocol),Blockchain Audit Enabled
RX-0059,Neha Sharma,849259,0x41be1154a3e13deaef3a745d2c82615bdbe70b22,🔓 Decrypt RX,Pending - Ready to Decrypt,YES (Patient Consent Active),NO,NO,1180.14,Dr. Sunita Narang,0xBcd4042DE499D14e55001CcbB24a551F3b954096,NMC-90812,Apex Diagnostic Reference Labs,Apex Central Clinical Dispensary,0x155Af6ECaFb48861dA7d16Fb8Af2f6ce9d6DD779,DL-AX-2026-3021,"Rajesh Nambiar, Pharm.D.",E11.9,Type 2 diabetes mellitus without complications,Endocrinology,"Metformin Hydrochloride (500 mg, Twice Daily with meals, Qty: 60) | Dapagliflozin Propanediol (10 mg, Once Daily morning, Qty: 30) | Glimepiride (2 mg, Once Daily pre-breakfast, Qty: 30)",3,AES-256-GCM,vault-transit-key-0x41be1154,4e0dd3d882ee6e88812ad607,b82f805deb994e8e0f9c79b67bdc9d23,0x88951af44f6db9caf2d966473a7ea2ce4148aef7e99f49fcc1f1ec409fae6e08,Qm2b354f37150188b717e7681545649cb494d07635e37e,Pinata Dedicated IPFS Gateway,0.0.4891024,2059,2026-09-13 11:49:02 UTC,0x054d1c4d27ce2587a84d19eb84b9a0eb9148035afb6751039a757e95c782648f,0.0001,Pharmacy Dispensation Verification & Medication Fulfillment,Identity Verified (Wallet Protocol),Blockchain Audit Enabled
RX-0060,Ishaan Banerjee,849260,0x3b187e3da2955a53d6c470996c97118bdf3ef323,🔓 Decrypt RX,Pending - Ready to Decrypt,YES (Patient Consent Active),NO,NO,975.97,Dr. Rajesh Sharma,0x3c44CdDdB6a900fa2b585dd299e03d12FA4293BC,NMC-78491,Apollo Multispecialty Hospital,MedPlus Health Hub,0x70997970C51812dc3A010C7d01b50e0d17dc79C8,DL-MP-2023-4122,"Priya Sundaram, Pharm.D.",G43.909,"Migraine, unspecified, not intractable",Neurology,"Sumatriptan Succinate (50 mg, 1 tablet at onset of migraine SOS, Qty: 10) | Naproxen Sodium (500 mg, Twice daily as needed with food, Qty: 20) | Propranolol HCl (40 mg, Twice daily for prophylaxis, Qty: 60)",3,AES-256-GCM,vault-transit-key-0x3b187e3d,802b439f7fc84fd80641de2c,d523d1d1a7ea80f02723c9f44ba8f2b3,0xa230bab4549e957c1acced4cbdaca4df5257f6f327d32448bac96fd78dba1fcf,Qmd1b803d156e64fab3cb7b841a9db408d4c051c58494b,Pinata Dedicated IPFS Gateway,0.0.4891024,2060,2026-09-13 11:49:04 UTC,0x5ca4539874f1630da6b536626ccb5e79143268e61ea38dcbff4aeb87b2b0e2e9,0.0001,Pharmacy Dispensation Verification & Medication Fulfillment,Identity Verified (Wallet Protocol),Blockchain Audit Enabled
RX-0061,Harish Hegde,849261,0x1f555f4c5382285924b30aa3cd4624aee7256ca7,🔓 Decrypt RX,Pending - Ready to Decrypt,YES (Patient Consent Active),NO,NO,1197.36,Dr. Sarah Jenkins,0x04Fee3FD1B338d12FFD6dBD8d66dE1e8e0BB99cB,NMC-48192,Apollo Multispecialty Hospital,Max Wellness Pharmacy,0x28B7eA94B34C8F52D19E50Eb14769Da20F5D54b4,DL-MW-2024-7731,"Sneha Mukherjee, R.Ph.",E11.9,Type 2 diabetes mellitus without complications,Endocrinology,"Metformin Hydrochloride (500 mg, Twice Daily with meals, Qty: 60) | Dapagliflozin Propanediol (10 mg, Once Daily morning, Qty: 30) | Glimepiride (2 mg, Once Daily pre-breakfast, Qty: 30)",3,AES-256-GCM,vault-transit-key-0x1f555f4c,61a993412d6ab73054608941,d3910eb6f8d922c329f1152c55b98edc,0x5772c33cfd6d4eeed340c12f415485aa4446e382b925bff2945890eaf64c881d,Qma44c389746921a8b180e6ee7fc8f194f3fac18052955,Pinata Dedicated IPFS Gateway,0.0.4891024,2061,2026-09-13 11:49:06 UTC,0x1161b4bf5fc2f52b0c1062c7f664632355dc5aff8f07932d5cff1ffa661958cc,0.0001,Pharmacy Dispensation Verification & Medication Fulfillment,Identity Verified (Wallet Protocol),Blockchain Audit Enabled
RX-0062,Rahul Pandey,849262,0x2f7fb0174173536eb1db0e51d1a3c43340aed2f6,🔓 Decrypt RX,Pending - Ready to Decrypt,YES (Patient Consent Active),NO,NO,913.34,Dr. Sunita Narang,0xBcd4042DE499D14e55001CcbB24a551F3b954096,NMC-90812,Apex Diagnostic Reference Labs,Apex Central Clinical Dispensary,0x155Af6ECaFb48861dA7d16Fb8Af2f6ce9d6DD779,DL-AX-2026-3021,"Rajesh Nambiar, Pharm.D.",A90,Dengue fever [classical dengue],Infectious Disease,"Paracetamol Infusion / Tab (650 mg, Every 6 hours SOS fever > 100°F, Qty: 20) | Carica Papaya Leaf Extract (1100 mg, Thrice Daily post food, Qty: 21) | Oral Rehydration Salts (WHO formula) (21.8 g sachet, 1 sachet in 1L water daily, Qty: 7)",3,AES-256-GCM,vault-transit-key-0x2f7fb017,f78a1fa1bff8c5c80dd6de8a,b40f8e2271eefd8fd18d75738baf0d11,0xeff2ae5a41f2e8e46a3b7bdf0c3c94c8f88c0b308c0a5f3d847c88eb8813fa5e,Qm2b140f49ef7228f10bd48f9b566defc37164ae0de4a4,Pinata Dedicated IPFS Gateway,0.0.4891024,2062,2026-09-13 11:49:08 UTC,0xdc0b9621307742f090aebbb04a5e2a7dee030819e8c7136ba6cf43c19351c6cf,0.0001,Pharmacy Dispensation Verification & Medication Fulfillment,Identity Verified (Wallet Protocol),Blockchain Audit Enabled
RX-0063,Madhav Shetty,849263,0x33bda163cd5c74d8833d64cae05a8488aa2def91,🔓 Decrypt RX,Pending - Ready to Decrypt,YES (Patient Consent Active),NO,NO,1488.24,Dr. Preeti Deshmukh,0x23618e81E3f5cdF7f54C3d65f7FBc0aBf5B21E8f,NMC-82194,Care & Cure Pediatric & Maternity Hospital,Apollo Pharmacy Global,0x04Fee3FD1B338d12FFD6dBD8d66dE1e8e0BB99cB,DL-AP-2024-8901,"K. V. Raman, R.Ph.",G40.909,"Epilepsy, unspecified",Neurology,"Levetiracetam (500 mg, Twice Daily morning & evening, Qty: 60) | Clobazam (10 mg, Once Daily at Bedtime, Qty: 30)",2,AES-256-GCM,vault-transit-key-0x33bda163,7d6e2973d8902cf787be9ae8,c1f829f00d85df6ab97878ab4c76a332,0x82ece45d21ceb67081a2abda2fabeb838b75193bb548e89e7d692130cb226fdb,Qm458c27a1f0c1514db25b241e401e080fdbcbec8b9b11,Pinata Dedicated IPFS Gateway,0.0.4891024,2063,2026-09-13 11:49:11 UTC,0x0fe45eb6381859156a53761580a2d363854fe806f807ea131bf29becaa81a906,0.0001,Pharmacy Dispensation Verification & Medication Fulfillment,Identity Verified (Wallet Protocol),Blockchain Audit Enabled
RX-0064,Rohan Mehta,849264,0x45eb2b5fed4af4d4028851abfc9fd235ba0e1131,🔓 Decrypt RX,Pending - Ready to Decrypt,YES (Patient Consent Active),NO,NO,1001.75,Dr. Vikram Seth,0x15d34AAf54267DB7D7c367839AAf71A00a2C6A65,NMC-99014,Max Super Speciality Cancer Institute,Apex Central Clinical Dispensary,0x155Af6ECaFb48861dA7d16Fb8Af2f6ce9d6DD779,DL-AX-2026-3021,"Rajesh Nambiar, Pharm.D.",G43.909,"Migraine, unspecified, not intractable",Neurology,"Sumatriptan Succinate (50 mg, 1 tablet at onset of migraine SOS, Qty: 10) | Naproxen Sodium (500 mg, Twice daily as needed with food, Qty: 20) | Propranolol HCl (40 mg, Twice daily for prophylaxis, Qty: 60)",3,AES-256-GCM,vault-transit-key-0x45eb2b5f,89c6b5944405c919dc92bcee,d8fce0ec3597f14419090af83fde2dc8,0x389925ba60e2a4c4195c799449d99d1a60b0ce076373464f40b874c056ef0287,Qm55b6fdcf74fe935145ef3f81d89a2eb9f969a58921f2,Pinata Dedicated IPFS Gateway,0.0.4891024,2064,2026-09-13 11:49:13 UTC,0x14ac7ad1bd8a2b812d194b35881424e6fb63f6263ec2083285959268483a95d8,0.0001,Pharmacy Dispensation Verification & Medication Fulfillment,Identity Verified (Wallet Protocol),Blockchain Audit Enabled
RX-0065,Kiran Chatterjee,849265,0xeb7f8cdd62f856fb386ecc7d4ae7968fd569c4b5,Dispensed (Fulfilled),Dispensed & Fulfilled,YES,NO,YES,1185.88,Dr. Sunita Narang,0xBcd4042DE499D14e55001CcbB24a551F3b954096,NMC-90812,Apex Diagnostic Reference Labs,Apex Central Clinical Dispensary,0x155Af6ECaFb48861dA7d16Fb8Af2f6ce9d6DD779,DL-AX-2026-3021,"Rajesh Nambiar, Pharm.D.",E11.9,Type 2 diabetes mellitus without complications,Endocrinology,"Metformin Hydrochloride (500 mg, Twice Daily with meals, Qty: 60) | Dapagliflozin Propanediol (10 mg, Once Daily morning, Qty: 30) | Glimepiride (2 mg, Once Daily pre-breakfast, Qty: 30)",3,AES-256-GCM,vault-transit-key-0xeb7f8cdd,ea58980d5aa8aed607e35769,b06688187128c48a3013e080bd47b04a,0x478db592029c4b540b9afbac9fc4de85eb57a7d79488998399cbc0653e064e06,Qm79b6942f7e4b5c7e4b5df038f6d4dd24115ebea08e93,Pinata Dedicated IPFS Gateway,0.0.4891024,2065,2026-09-13 11:49:16 UTC,0xa7323e169fd41ab652fdb8490be2d67804a627b6914b4398107117e9b7f89cca,0.0001,Pharmacy Dispensation Verification & Medication Fulfillment,Identity Verified (Wallet Protocol),Blockchain Audit Enabled
RX-0066,Meera Malhotra,849266,0xfb3b1bb991424f7a007583bb84216e1649cca1d4,⏳ Waiting for Approval,Access Pending Approval,NO,YES,NO,511.15,Dr. Ananya Roy,0x9965507D1a55bcC2695C58ba16FB37d819B0A4dc,NMC-51203,Max Super Speciality Cancer Institute,Fortis Care Dispensary,0x84f93618C1D541bB1Dcf1373A8eE500A7D439634,DL-FC-2025-1094,"Amit Singhania, R.Ph.",I10,Essential (primary) hypertension,Cardiology,"Amlodipine Besylate (5 mg, Once Daily (Morning), Qty: 30) | Telmisartan (40 mg, Once Daily (Morning), Qty: 30)",2,AES-256-GCM,vault-transit-key-0xfb3b1bb9,27506416c8d96093c78b1659,725ac1da5aeb8979d2f53ed6a337c71e,0x014a8d0cf0fe46250263e560cedf2089889d08ea727652209908cb59322147a2,Qm70d37c8bf320f179b55a33111c00f7c03f603909178f,Pinata Dedicated IPFS Gateway,0.0.4891024,2066,2026-09-13 11:49:18 UTC,0xd93086b5f37550c37d7ca8a5f2cafbcd2689cc97df18e61a1ca8e15919ef365b,0.0001,Pharmacy Dispensation Verification & Medication Fulfillment,Identity Verified (Wallet Protocol),Blockchain Audit Enabled
RX-0067,Ishaan Ghosh,849267,0xf184155cb32d6df56b163bda66583ed1b4beb2cb,Dispensed (Fulfilled),Dispensed & Fulfilled,YES,NO,YES,911.42,Dr. Ananya Roy,0x9965507D1a55bcC2695C58ba16FB37d819B0A4dc,NMC-51203,Max Super Speciality Cancer Institute,Max Wellness Pharmacy,0x28B7eA94B34C8F52D19E50Eb14769Da20F5D54b4,DL-MW-2024-7731,"Sneha Mukherjee, R.Ph.",A90,Dengue fever [classical dengue],Infectious Disease,"Paracetamol Infusion / Tab (650 mg, Every 6 hours SOS fever > 100°F, Qty: 20) | Carica Papaya Leaf Extract (1100 mg, Thrice Daily post food, Qty: 21) | Oral Rehydration Salts (WHO formula) (21.8 g sachet, 1 sachet in 1L water daily, Qty: 7)",3,AES-256-GCM,vault-transit-key-0xf184155c,8a8c22ad8a041fcdfec2069e,795c454672f5535533e9549975550262,0x954a557f4d8cf25c5972db8e4452d48e071e3b284a26f3b47f71bd0112c5dff0,Qm32d99f4e3564f0437998ce861c5c474d358d0adc8b17,Pinata Dedicated IPFS Gateway,0.0.4891024,2067,2026-09-13 11:49:21 UTC,0x48ea9e9353768be1e36978d5d7ed2e20be93308a7740fa0e68156906f7079ef8,0.0001,Pharmacy Dispensation Verification & Medication Fulfillment,Identity Verified (Wallet Protocol),Blockchain Audit Enabled
RX-0068,Bhavna Agarwal,849268,0x43f750f9a29b093fb0ef3646396ddb964b07a0c0,Dispensed (Fulfilled),Dispensed & Fulfilled,YES,NO,YES,508.42,Dr. Ananya Roy,0x9965507D1a55bcC2695C58ba16FB37d819B0A4dc,NMC-51203,Max Super Speciality Cancer Institute,Apex Central Clinical Dispensary,0x155Af6ECaFb48861dA7d16Fb8Af2f6ce9d6DD779,DL-AX-2026-3021,"Rajesh Nambiar, Pharm.D.",I10,Essential (primary) hypertension,Cardiology,"Amlodipine Besylate (5 mg, Once Daily (Morning), Qty: 30) | Telmisartan (40 mg, Once Daily (Morning), Qty: 30)",2,AES-256-GCM,vault-transit-key-0x43f750f9,acb567a55b70c00b36629ade,15158134fa13ab04bee6a7a09465af1e,0xb6839d2c70fa37d198f903b0062930353f6000241f432ccd878890de9e446dea,Qm79a611d6bfa6a5a92109db184c6fe4607c5e7f7bde6f,Pinata Dedicated IPFS Gateway,0.0.4891024,2068,2026-09-13 11:49:23 UTC,0x9c98e19c9019bbaa97d30b87b91e5dc9b7acd89f52cf0a8befface9e02c2d978,0.0001,Pharmacy Dispensation Verification & Medication Fulfillment,Identity Verified (Wallet Protocol),Blockchain Audit Enabled
RX-0069,Divya Choudhury,849269,0x5778c4dedf39d0a8ae305161ea2391f435a8ddca,Dispensed (Fulfilled),Dispensed & Fulfilled,YES,NO,YES,956.42,Dr. Ananya Roy,0x9965507D1a55bcC2695C58ba16FB37d819B0A4dc,NMC-51203,Max Super Speciality Cancer Institute,Max Wellness Pharmacy,0x28B7eA94B34C8F52D19E50Eb14769Da20F5D54b4,DL-MW-2024-7731,"Sneha Mukherjee, R.Ph.",K21.9,Gastro-esophageal reflux disease,Gastroenterology,"Pantoprazole Gastro-resistant (40 mg, Once Daily 30 min pre-breakfast, Qty: 30) | Domperidone Sustained Release (30 mg, Once Daily morning, Qty: 30) | Sucralfate Oral Suspension (1000 mg/10mL, 10 mL thrice daily before meals, Qty: 2)",3,AES-256-GCM,vault-transit-key-0x5778c4de,263e5c4adf3e6fcebd258cf4,cc4fa783d8a02252520827f08219686e,0xdf856d87e3b1594e12f476debcbf42823a77e50181adc3fe4cb8fcd444c2b5c3,Qm1a6ed34eae607642e586725f302f1cb7cf2f95e8a973,Pinata Dedicated IPFS Gateway,0.0.4891024,2069,2026-09-13 11:49:26 UTC,0xedd1cfe6aeba8f8390e5dcd05d64415f2157e05d972c3467958a9615307caa91,0.0001,Pharmacy Dispensation Verification & Medication Fulfillment,Identity Verified (Wallet Protocol),Blockchain Audit Enabled
RX-0070,Neha Ghosh,849270,0x387c55e5aa11c5ed5873c96418c63cfcc94fa5e1,Request Access,Unauthorized / Unlinked,NO,NO,NO,964.83,Dr. Ananya Roy,0x9965507D1a55bcC2695C58ba16FB37d819B0A4dc,NMC-51203,Max Super Speciality Cancer Institute,MedPlus Health Hub,0x70997970C51812dc3A010C7d01b50e0d17dc79C8,DL-MP-2023-4122,"Priya Sundaram, Pharm.D.",K21.9,Gastro-esophageal reflux disease,Gastroenterology,"Pantoprazole Gastro-resistant (40 mg, Once Daily 30 min pre-breakfast, Qty: 30) | Domperidone Sustained Release (30 mg, Once Daily morning, Qty: 30) | Sucralfate Oral Suspension (1000 mg/10mL, 10 mL thrice daily before meals, Qty: 2)",3,AES-256-GCM,vault-transit-key-0x387c55e5,8ee50e163d31f10e2b34fa5f,fce880e2aa23198223fbd36220968420,0x645731c6a286569efd3b2ad8cd191e39d11bfe9ac00a9ae2ec7167dedbb9b145,Qm141596f4f3abc7c523ef4020364e55273fc66b232d4e,Pinata Dedicated IPFS Gateway,0.0.4891024,2070,2026-09-13 11:49:28 UTC,0xf6fcab0227b996a770dc70079a20562c25c32bba646f8d4b8cb6da3d1170181d,0.0001,Pharmacy Dispensation Verification & Medication Fulfillment,Identity Verified (Wallet Protocol),Blockchain Audit Enabled
RX-0071,Rohan Kapoor,849271,0xfd8886c61c7a845efe16512f423d33a993bc7316,⏳ Waiting for Approval,Access Pending Approval,NO,YES,NO,503.12,Dr. Sunita Narang,0xBcd4042DE499D14e55001CcbB24a551F3b954096,NMC-90812,Apex Diagnostic Reference Labs,Max Wellness Pharmacy,0x28B7eA94B34C8F52D19E50Eb14769Da20F5D54b4,DL-MW-2024-7731,"Sneha Mukherjee, R.Ph.",I10,Essential (primary) hypertension,Cardiology,"Amlodipine Besylate (5 mg, Once Daily (Morning), Qty: 30) | Telmisartan (40 mg, Once Daily (Morning), Qty: 30)",2,AES-256-GCM,vault-transit-key-0xfd8886c6,9df496b6b38536b51a19cd7c,88bc470a96ab5409f064997f7364c02f,0xd0c946199c172ef30883e70b260e47127374fc166d8baa9eee51af08ad3750f1,Qm97c476d03dad68f225179a9af3a891f09aa56859754a,Pinata Dedicated IPFS Gateway,0.0.4891024,2071,2026-09-13 11:49:31 UTC,0xd428b1ce7672d2862181234fd4d6697a54fb6efdc8325a425d76889bb4c9e4de,0.0001,Pharmacy Dispensation Verification & Medication Fulfillment,Identity Verified (Wallet Protocol),Blockchain Audit Enabled
RX-0072,Gautam Malhotra,849272,0xfedeeda7771493df964bdfd63d5cc3bd7870db7e,⏳ Waiting for Approval,Access Pending Approval,NO,YES,NO,1002.83,Dr. Sunita Narang,0xBcd4042DE499D14e55001CcbB24a551F3b954096,NMC-90812,Apex Diagnostic Reference Labs,Max Wellness Pharmacy,0x28B7eA94B34C8F52D19E50Eb14769Da20F5D54b4,DL-MW-2024-7731,"Sneha Mukherjee, R.Ph.",I20.9,"Angina pectoris, unspecified",Cardiology,"Nitroglycerin Sublingual (0.4 mg, PRN for chest pain, Qty: 25) | Aspirin Gastro-resistant (75 mg, Once Daily post meal, Qty: 30) | Atorvastatin Calcium (40 mg, Once Daily at Bedtime, Qty: 30)",3,AES-256-GCM,vault-transit-key-0xfedeeda7,314e90f4bfec898be5e51945,74f26418661a30fcabda41e2f680b8e9,0xc6069f7d1a13b7f4e681525d84cdec03af356c7ea64b2a8c9e1f2b66885267de,Qm23ed4229ad189a536318e6b26f80dedc12a89dd202ee,Pinata Dedicated IPFS Gateway,0.0.4891024,2072,2026-09-13 11:49:33 UTC,0x43b1abc33c3e124d2a06d270f1768177f2a449e36935f3e829461613f943c498,0.0001,Pharmacy Dispensation Verification & Medication Fulfillment,Identity Verified (Wallet Protocol),Blockchain Audit Enabled
RX-0073,Aarav Mukherjee,849273,0x547338ae359c142ae14858bd712c7abba0e45b90,Dispensed (Fulfilled),Dispensed & Fulfilled,YES,NO,YES,997.99,Dr. Sunita Narang,0xBcd4042DE499D14e55001CcbB24a551F3b954096,NMC-90812,Apex Diagnostic Reference Labs,Apex Central Clinical Dispensary,0x155Af6ECaFb48861dA7d16Fb8Af2f6ce9d6DD779,DL-AX-2026-3021,"Rajesh Nambiar, Pharm.D.",I20.9,"Angina pectoris, unspecified",Cardiology,"Nitroglycerin Sublingual (0.4 mg, PRN for chest pain, Qty: 25) | Aspirin Gastro-resistant (75 mg, Once Daily post meal, Qty: 30) | Atorvastatin Calcium (40 mg, Once Daily at Bedtime, Qty: 30)",3,AES-256-GCM,vault-transit-key-0x547338ae,050f20908996626e4e07a81f,1eafad444540f76efe7072e470e4204f,0x7801dc434cb5bf5c22ac087cef0b61b707298cbbb1cb3e3cb099c3973abc4cfa,Qmde84af22527881aeed1363da3d026ad61459d9c7e531,Pinata Dedicated IPFS Gateway,0.0.4891024,2073,2026-09-13 11:49:35 UTC,0x48be361fb4bdeb430c13423f3262d936b9fa8f81fbd1098061625b98f370dd1f,0.0001,Pharmacy Dispensation Verification & Medication Fulfillment,Identity Verified (Wallet Protocol),Blockchain Audit Enabled
RX-0074,Kavya Sharma,849274,0x106c80ae8a909681ff28f3ca74f3801eaf5438be,🔓 Decrypt RX,Pending - Ready to Decrypt,YES (Patient Consent Active),NO,NO,935.25,Dr. Preeti Deshmukh,0x23618e81E3f5cdF7f54C3d65f7FBc0aBf5B21E8f,NMC-82194,Care & Cure Pediatric & Maternity Hospital,Fortis Care Dispensary,0x84f93618C1D541bB1Dcf1373A8eE500A7D439634,DL-FC-2025-1094,"Amit Singhania, R.Ph.",K21.9,Gastro-esophageal reflux disease,Gastroenterology,"Pantoprazole Gastro-resistant (40 mg, Once Daily 30 min pre-breakfast, Qty: 30) | Domperidone Sustained Release (30 mg, Once Daily morning, Qty: 30) | Sucralfate Oral Suspension (1000 mg/10mL, 10 mL thrice daily before meals, Qty: 2)",3,AES-256-GCM,vault-transit-key-0x106c80ae,060d9cc47b4def9fdfdbb541,efaff0000a8ca618cae37e8ad23e1031,0x53939daec721c556fd0fa220659dbaff1bbeb35f2c03e343731e214a7e323ecf,Qm232275003a3a4ee8cf80f8e2066f805b9731f6461954,Pinata Dedicated IPFS Gateway,0.0.4891024,2074,2026-09-13 11:49:37 UTC,0x0d86e6310bdaa0abfe1a40fe906cadf0dc93c144fe61f717a3e2ad0c3f0680c3,0.0001,Pharmacy Dispensation Verification & Medication Fulfillment,Identity Verified (Wallet Protocol),Blockchain Audit Enabled
RX-0075,Aarav Nair,849275,0xd1f33fc5f8621d26953c75f1c3f87b580e868798,Dispensed (Fulfilled),Dispensed & Fulfilled,YES,NO,YES,945.22,Dr. Vikram Seth,0x15d34AAf54267DB7D7c367839AAf71A00a2C6A65,NMC-99014,Max Super Speciality Cancer Institute,Max Wellness Pharmacy,0x28B7eA94B34C8F52D19E50Eb14769Da20F5D54b4,DL-MW-2024-7731,"Sneha Mukherjee, R.Ph.",K21.9,Gastro-esophageal reflux disease,Gastroenterology,"Pantoprazole Gastro-resistant (40 mg, Once Daily 30 min pre-breakfast, Qty: 30) | Domperidone Sustained Release (30 mg, Once Daily morning, Qty: 30) | Sucralfate Oral Suspension (1000 mg/10mL, 10 mL thrice daily before meals, Qty: 2)",3,AES-256-GCM,vault-transit-key-0xd1f33fc5,2e45d86ad9ab1d03b1c22353,67c879c32541ee563e342931e3e46844,0xf002904c80fda8f0f46e95651799bdee7d2427795c6f9f5f7ce98e34b2dd7e4d,Qma777e8f82fba5683df84fbdce10f95fd7688334bdb4a,Pinata Dedicated IPFS Gateway,0.0.4891024,2075,2026-09-13 11:49:40 UTC,0xf69d8dbbb00e03265413cfd088b47a485623c592f501490ce5e9b259f294ccf1,0.0001,Pharmacy Dispensation Verification & Medication Fulfillment,Identity Verified (Wallet Protocol),Blockchain Audit Enabled
RX-0076,Pranav Bhatia,849276,0xd4953f2df7b472faedec77aa03e7c7c3950269b6,Dispensed (Fulfilled),Dispensed & Fulfilled,YES,NO,YES,1187.12,Dr. Sunita Narang,0xBcd4042DE499D14e55001CcbB24a551F3b954096,NMC-90812,Apex Diagnostic Reference Labs,Max Wellness Pharmacy,0x28B7eA94B34C8F52D19E50Eb14769Da20F5D54b4,DL-MW-2024-7731,"Sneha Mukherjee, R.Ph.",E11.9,Type 2 diabetes mellitus without complications,Endocrinology,"Metformin Hydrochloride (500 mg, Twice Daily with meals, Qty: 60) | Dapagliflozin Propanediol (10 mg, Once Daily morning, Qty: 30) | Glimepiride (2 mg, Once Daily pre-breakfast, Qty: 30)",3,AES-256-GCM,vault-transit-key-0xd4953f2d,f133be8bbf246db6d474fcde,42e23251599fa0a3b4ce63d770b27b79,0xb3716a139709695a4d2c0b0c03fda55a24cf1e887629d587b8070fbb49a9b2ff,Qm0821270c0e9d7c2bfb2876eac44aa231b8b9ee9f2f75,Pinata Dedicated IPFS Gateway,0.0.4891024,2076,2026-09-13 11:49:43 UTC,0x4368a7c9d64485731656682ac1b7e570214abc0acffd6b0074365c1ea3dbce2d,0.0001,Pharmacy Dispensation Verification & Medication Fulfillment,Identity Verified (Wallet Protocol),Blockchain Audit Enabled
RX-0077,Kiran Reddy,849277,0x04e6954051c478b06cee80ea0bb8657d03ebb68c,🔓 Decrypt RX,Pending - Ready to Decrypt,YES (Patient Consent Active),NO,NO,495.13,Dr. Sarah Jenkins,0x04Fee3FD1B338d12FFD6dBD8d66dE1e8e0BB99cB,NMC-48192,Apollo Multispecialty Hospital,Apollo Pharmacy Global,0x04Fee3FD1B338d12FFD6dBD8d66dE1e8e0BB99cB,DL-AP-2024-8901,"K. V. Raman, R.Ph.",I10,Essential (primary) hypertension,Cardiology,"Amlodipine Besylate (5 mg, Once Daily (Morning), Qty: 30) | Telmisartan (40 mg, Once Daily (Morning), Qty: 30)",2,AES-256-GCM,vault-transit-key-0x04e69540,aef28f909479afd0a72b8c24,3205d682bf153a3b53d596369043260e,0x22698e3694f696d11987181a7998383992e2570a5e4d6039436c89239788c51b,Qm6dc742eb9b06eb83ee8e61fe19406bbb55111818063d,Pinata Dedicated IPFS Gateway,0.0.4891024,2077,2026-09-13 11:49:45 UTC,0x98e1afbb2bc0ca5cb590f607220a0df091992aecd2d788f96e4dc3cdc77271ac,0.0001,Pharmacy Dispensation Verification & Medication Fulfillment,Identity Verified (Wallet Protocol),Blockchain Audit Enabled
RX-0078,Rakesh Kapoor,849278,0x6517b3ddbb0a0f2783471b47e1bcf88c300c63e3,🔓 Decrypt RX,Pending - Ready to Decrypt,YES (Patient Consent Active),NO,NO,1677.23,Dr. Vikram Seth,0x15d34AAf54267DB7D7c367839AAf71A00a2C6A65,NMC-99014,Max Super Speciality Cancer Institute,Fortis Care Dispensary,0x84f93618C1D541bB1Dcf1373A8eE500A7D439634,DL-FC-2025-1094,"Amit Singhania, R.Ph.",C50.919,Malignant neoplasm of female breast,Oncology,"Tamoxifen Citrate (20 mg, Once Daily at fixed hour, Qty: 30) | Ondansetron HCl (8 mg, Twice Daily 30 min before food, Qty: 30) | Calcium Carbonate + Vit D3 (500mg/250IU, Once Daily post meal, Qty: 30)",3,AES-256-GCM,vault-transit-key-0x6517b3dd,a1eeabb56f4dfea83b5d5059,1deb16c8a6b1b4b657d1c7c3836ba06d,0x521b911fa8aa3fc4f6f13222a7550448610a725f999969ae4e791dc52a557b0c,Qm5031a448d3b19ba2c9d698ff26f8ef25714173e1fdce,Pinata Dedicated IPFS Gateway,0.0.4891024,2078,2026-09-13 11:49:47 UTC,0x6b267d2df797a8a518ed159436388b636c01355a9efcdf3b3ef4980da2063480,0.0001,Pharmacy Dispensation Verification & Medication Fulfillment,Identity Verified (Wallet Protocol),Blockchain Audit Enabled
RX-0079,Kiran Reddy,849279,0xd05a3d5cef04d27da299ccfd108bbfdf12209000,Dispensed (Fulfilled),Dispensed & Fulfilled,YES,NO,YES,1605.02,Dr. Preeti Deshmukh,0x23618e81E3f5cdF7f54C3d65f7FBc0aBf5B21E8f,NMC-82194,Care & Cure Pediatric & Maternity Hospital,Apollo Pharmacy Global,0x04Fee3FD1B338d12FFD6dBD8d66dE1e8e0BB99cB,DL-AP-2024-8901,"K. V. Raman, R.Ph.",E11.65,Type 2 diabetes mellitus with hyperglycemia,Endocrinology,"Insulin Glargine Solostar (100 IU/mL, 14 Units Once Daily at Bedtime, Qty: 2) | Metformin XR (1000 mg, Once Daily post dinner, Qty: 30)",2,AES-256-GCM,vault-transit-key-0xd05a3d5c,d2a0fc9a71e13155dd3db171,924e877448e52ade5c56faa2b5587633,0xc71c1cb1ce5572c0abec186a166356b3cb8e8e8b51521402e36f8025601d312d,Qm67298ead1604fc196431a386a91d3969b944d45a12de,Pinata Dedicated IPFS Gateway,0.0.4891024,2079,2026-09-13 11:49:50 UTC,0xcf7a0af6675ec04b0d17b6df175446b09c99a4f7b521c1a58d2a1b93e5d82505,0.0001,Pharmacy Dispensation Verification & Medication Fulfillment,Identity Verified (Wallet Protocol),Blockchain Audit Enabled
RX-0080,Kavya Rao,849280,0x6b9d44a9965a2f87da2981a573546762d1ca1305,🔓 Decrypt RX,Pending - Ready to Decrypt,YES (Patient Consent Active),NO,NO,3307.79,Dr. Sarah Jenkins,0x04Fee3FD1B338d12FFD6dBD8d66dE1e8e0BB99cB,NMC-48192,Apollo Multispecialty Hospital,Fortis Care Dispensary,0x84f93618C1D541bB1Dcf1373A8eE500A7D439634,DL-FC-2025-1094,"Amit Singhania, R.Ph.",C61,Malignant neoplasm of prostate,Oncology,"Bicalutamide (50 mg, Once Daily morning, Qty: 30) | Tamsulosin HCl (0.4 mg, Once Daily 30 min after same meal, Qty: 30)",2,AES-256-GCM,vault-transit-key-0x6b9d44a9,7de0b162326044df9bf807e0,2599df796c3d49c67c216e8e57fd6a0b,0x5359fb0bdb551ea0c58c606f04382d3ed8b017dca9aeb02f312b5747776a90ae,Qm556a0c007e0fb6425ea69add40c77d76e3536099798c,Pinata Dedicated IPFS Gateway,0.0.4891024,2080,2026-09-13 11:49:52 UTC,0x6e04d66339943c4f9b48bea3de693e0085f78b19c4abdc02596f505aaa7a7c82,0.0001,Pharmacy Dispensation Verification & Medication Fulfillment,Identity Verified (Wallet Protocol),Blockchain Audit Enabled
RX-0081,Ishaan Gowda,849281,0x33a7f5890228a155cfb53d88dcea47cb92fab239,⏳ Waiting for Approval,Access Pending Approval,NO,YES,NO,3334.85,Dr. Sarah Jenkins,0x04Fee3FD1B338d12FFD6dBD8d66dE1e8e0BB99cB,NMC-48192,Apollo Multispecialty Hospital,Fortis Care Dispensary,0x84f93618C1D541bB1Dcf1373A8eE500A7D439634,DL-FC-2025-1094,"Amit Singhania, R.Ph.",C61,Malignant neoplasm of prostate,Oncology,"Bicalutamide (50 mg, Once Daily morning, Qty: 30) | Tamsulosin HCl (0.4 mg, Once Daily 30 min after same meal, Qty: 30)",2,AES-256-GCM,vault-transit-key-0x33a7f589,09f3882b4296590d3824eb96,804eea531bb9006ac31d4418879ff928,0x9d22f8cb4c4ea4d9cb02522de6694abd1c3dadc8faa53567538c1444894ba5d6,Qmca4ba16ccc53af455150c1a1529c423d4cd8daccb821,Pinata Dedicated IPFS Gateway,0.0.4891024,2081,2026-09-13 11:49:55 UTC,0x3ec65d2c25a47f44e8e225d3c70a77f8e56b504835db9dfea50c058088780c11,0.0001,Pharmacy Dispensation Verification & Medication Fulfillment,Identity Verified (Wallet Protocol),Blockchain Audit Enabled
RX-0082,Bhavna Gupta,849282,0x2cb98bf3dc599205f4fb06b35768f5bba804264e,🔓 Decrypt RX,Pending - Ready to Decrypt,YES (Patient Consent Active),NO,NO,440.34,Dr. Ananya Roy,0x9965507D1a55bcC2695C58ba16FB37d819B0A4dc,NMC-51203,Max Super Speciality Cancer Institute,Fortis Care Dispensary,0x84f93618C1D541bB1Dcf1373A8eE500A7D439634,DL-FC-2025-1094,"Amit Singhania, R.Ph.",J06.9,Acute upper respiratory infection,Pediatrics / General,"Amoxicillin + Potassium Clavulanate (625 mg, Twice Daily post food, Qty: 14) | Paracetamol (650 mg, Thrice daily post meals SOS, Qty: 15) | Levocetirizine Dihydrochloride (5 mg, Once Daily at Bedtime, Qty: 7)",3,AES-256-GCM,vault-transit-key-0x2cb98bf3,6d589880b6dcf17597ec8769,ffaf801693873238db1b36b508249515,0xe6114650173fbaad391128a53beb0f7b3306eadc95e67c508c29e4b7fab4a4d4,Qm491e8ae2dbe36b133e0ccbb98152155de59b0292c80f,Pinata Dedicated IPFS Gateway,0.0.4891024,2082,2026-09-13 11:49:57 UTC,0xb9c4c3ae250c2d2f97163b7f5460d0707cedb97a705e36d596f45eb6dcf58f40,0.0001,Pharmacy Dispensation Verification & Medication Fulfillment,Identity Verified (Wallet Protocol),Blockchain Audit Enabled
RX-0083,Anand Verma,849283,0xae784b6bb08c04debb118697fa0abed2153a93e3,Dispensed (Fulfilled),Dispensed & Fulfilled,YES,NO,YES,442.68,Dr. Rajesh Sharma,0x3c44CdDdB6a900fa2b585dd299e03d12FA4293BC,NMC-78491,Apollo Multispecialty Hospital,Max Wellness Pharmacy,0x28B7eA94B34C8F52D19E50Eb14769Da20F5D54b4,DL-MW-2024-7731,"Sneha Mukherjee, R.Ph.",J06.9,Acute upper respiratory infection,Pediatrics / General,"Amoxicillin + Potassium Clavulanate (625 mg, Twice Daily post food, Qty: 14) | Paracetamol (650 mg, Thrice daily post meals SOS, Qty: 15) | Levocetirizine Dihydrochloride (5 mg, Once Daily at Bedtime, Qty: 7)",3,AES-256-GCM,vault-transit-key-0xae784b6b,b7826b183331bf38f1b6645a,fbf680c3787ee9a63ea3f228183b5521,0x642405623501fd3e32f38a246580e13a0a675aceb5020427e103da632172ef1c,Qm9bd5d775ef3453b9bb0b790a6c27e97efe753b785305,Pinata Dedicated IPFS Gateway,0.0.4891024,2083,2026-09-13 11:49:59 UTC,0x5046bdb78d9ede630a195ce1d49843ea7031e73b0dd66bf765d77a390e3f13b5,0.0001,Pharmacy Dispensation Verification & Medication Fulfillment,Identity Verified (Wallet Protocol),Blockchain Audit Enabled
RX-0084,Bhavna Shetty,849284,0xf61632d0c2c93ad9a5c71b0aac1c0bc71ea9fab1,🔓 Decrypt RX,Pending - Ready to Decrypt,YES (Patient Consent Active),NO,NO,1686.51,Dr. Sarah Jenkins,0x04Fee3FD1B338d12FFD6dBD8d66dE1e8e0BB99cB,NMC-48192,Apollo Multispecialty Hospital,Apollo Pharmacy Global,0x04Fee3FD1B338d12FFD6dBD8d66dE1e8e0BB99cB,DL-AP-2024-8901,"K. V. Raman, R.Ph.",C50.919,Malignant neoplasm of female breast,Oncology,"Tamoxifen Citrate (20 mg, Once Daily at fixed hour, Qty: 30) | Ondansetron HCl (8 mg, Twice Daily 30 min before food, Qty: 30) | Calcium Carbonate + Vit D3 (500mg/250IU, Once Daily post meal, Qty: 30)",3,AES-256-GCM,vault-transit-key-0xf61632d0,79579d315b9fc94f55de8bac,353672a1a5add2aa70d34285b3ac6783,0x7507663b0b0dfa90d17c0e635d753e5b21c009055b2592eb9e29f6856b4ff9df,Qm8121efe63bf27debb379eb81261ecb0de4ea01358026,Pinata Dedicated IPFS Gateway,0.0.4891024,2084,2026-09-13 11:50:02 UTC,0x39de39766683900359aacf58a8903cb4b92fa40337e6dc42fea2ef40c50aebb2,0.0001,Pharmacy Dispensation Verification & Medication Fulfillment,Identity Verified (Wallet Protocol),Blockchain Audit Enabled
RX-0085,Kiran Sharma,849285,0xa923eb245c93aff5bd3960bed84736dbc5046c43,🔓 Decrypt RX,Pending - Ready to Decrypt,YES (Patient Consent Active),NO,NO,993.96,Dr. Sunita Narang,0xBcd4042DE499D14e55001CcbB24a551F3b954096,NMC-90812,Apex Diagnostic Reference Labs,Fortis Care Dispensary,0x84f93618C1D541bB1Dcf1373A8eE500A7D439634,DL-FC-2025-1094,"Amit Singhania, R.Ph.",I20.9,"Angina pectoris, unspecified",Cardiology,"Nitroglycerin Sublingual (0.4 mg, PRN for chest pain, Qty: 25) | Aspirin Gastro-resistant (75 mg, Once Daily post meal, Qty: 30) | Atorvastatin Calcium (40 mg, Once Daily at Bedtime, Qty: 30)",3,AES-256-GCM,vault-transit-key-0xa923eb24,393d9945fcf75b3bbe6b2068,cb15c2d7de3e9897396d3b5511c55db3,0x32c63e42aab7da600eec2f7737cfda008af6eb70d9922f971ff7df477f7df3cb,Qm913988cae8c37ee00ccf14696b3be9bb08850253ae21,Pinata Dedicated IPFS Gateway,0.0.4891024,2085,2026-09-13 11:50:04 UTC,0x3ef99cbb21f14927ca0b3ca38c54d0c2c956a2a75808b2491abfe4522bfbda73,0.0001,Pharmacy Dispensation Verification & Medication Fulfillment,Identity Verified (Wallet Protocol),Blockchain Audit Enabled
RX-0086,Kavya Shetty,849286,0x759ff7ffe25f8040d6216262271709045b247b8b,🔓 Decrypt RX,Pending - Ready to Decrypt,YES (Patient Consent Active),NO,NO,987.21,Dr. Preeti Deshmukh,0x23618e81E3f5cdF7f54C3d65f7FBc0aBf5B21E8f,NMC-82194,Care & Cure Pediatric & Maternity Hospital,Apollo Pharmacy Global,0x04Fee3FD1B338d12FFD6dBD8d66dE1e8e0BB99cB,DL-AP-2024-8901,"K. V. Raman, R.Ph.",I20.9,"Angina pectoris, unspecified",Cardiology,"Nitroglycerin Sublingual (0.4 mg, PRN for chest pain, Qty: 25) | Aspirin Gastro-resistant (75 mg, Once Daily post meal, Qty: 30) | Atorvastatin Calcium (40 mg, Once Daily at Bedtime, Qty: 30)",3,AES-256-GCM,vault-transit-key-0x759ff7ff,3034b9d143ef16daea7b1ad1,ac4100e89ebed985522d6addf23f7fea,0xecf50caf0cc8974198546b0394ff972e1c13f6891cc24d247557fc1ae6aa4431,Qm3af2280858eb03168f0a52f1ce9c8a5b08ab87a055c9,Pinata Dedicated IPFS Gateway,0.0.4891024,2086,2026-09-13 11:50:07 UTC,0x0227c52400465fa31c8b3a5fadc41047a52ed053abd3994b06460132720c7fdb,0.0001,Pharmacy Dispensation Verification & Medication Fulfillment,Identity Verified (Wallet Protocol),Blockchain Audit Enabled
RX-0087,Meera Joshi,849287,0x4a6f7afe3d3bfa4cb44d15fea1e7ee1205ea2a65,⏳ Waiting for Approval,Access Pending Approval,NO,YES,NO,3307.18,Dr. Sarah Jenkins,0x04Fee3FD1B338d12FFD6dBD8d66dE1e8e0BB99cB,NMC-48192,Apollo Multispecialty Hospital,Max Wellness Pharmacy,0x28B7eA94B34C8F52D19E50Eb14769Da20F5D54b4,DL-MW-2024-7731,"Sneha Mukherjee, R.Ph.",C61,Malignant neoplasm of prostate,Oncology,"Bicalutamide (50 mg, Once Daily morning, Qty: 30) | Tamsulosin HCl (0.4 mg, Once Daily 30 min after same meal, Qty: 30)",2,AES-256-GCM,vault-transit-key-0x4a6f7afe,1838efec279551f662a98742,482d43f9562d22a9dc443d96c37b13ed,0xb4870083263ea494fbac3eafac1119cd654c5507b903bfe30dc554aa7f9574b7,Qm1cf4dc764e14a334a05dfc49a656682a08fc8f8d3a7d,Pinata Dedicated IPFS Gateway,0.0.4891024,2087,2026-09-13 11:50:08 UTC,0xc3a7c1281e205fa07789a7884703bd2ce1f2ecce2102e2a8c6cdc6072854046d,0.0001,Pharmacy Dispensation Verification & Medication Fulfillment,Identity Verified (Wallet Protocol),Blockchain Audit Enabled
RX-0088,Siddharth Mukherjee,849288,0x2a658a743f395485d4bfa1531a00a982695a97d6,🔓 Decrypt RX,Pending - Ready to Decrypt,YES (Patient Consent Active),NO,NO,201.16,Dr. Sarah Jenkins,0x04Fee3FD1B338d12FFD6dBD8d66dE1e8e0BB99cB,NMC-48192,Apollo Multispecialty Hospital,Apex Central Clinical Dispensary,0x155Af6ECaFb48861dA7d16Fb8Af2f6ce9d6DD779,DL-AX-2026-3021,"Rajesh Nambiar, Pharm.D.",E03.9,"Hypothyroidism, unspecified",Endocrinology,"Levothyroxine Sodium (50 mcg, Once Daily on empty stomach, Qty: 60)",1,AES-256-GCM,vault-transit-key-0x2a658a74,1d3174e34f8eb6752ab84bba,acee82a634729b982a61166f45b1aa69,0xd5d91c00e6127c0e0365350df8ad5192d4a97b3176ed40b21b327ce0fbe4578f,Qm622d58930eebdafad2531cad3bdcc49a9f590a99da51,Pinata Dedicated IPFS Gateway,0.0.4891024,2088,2026-09-13 11:50:11 UTC,0x4d111477ec82db3ae10cb86495dcd14fee7339b35d75f391edc24109fa32f925,0.0001,Pharmacy Dispensation Verification & Medication Fulfillment,Identity Verified (Wallet Protocol),Blockchain Audit Enabled
RX-0089,Kiran Reddy,849289,0xa82f1e0c960e611b6ccd118e2ab1f9a084b63949,🔓 Decrypt RX,Pending - Ready to Decrypt,YES (Patient Consent Active),NO,NO,1001.94,Dr. Ananya Roy,0x9965507D1a55bcC2695C58ba16FB37d819B0A4dc,NMC-51203,Max Super Speciality Cancer Institute,Max Wellness Pharmacy,0x28B7eA94B34C8F52D19E50Eb14769Da20F5D54b4,DL-MW-2024-7731,"Sneha Mukherjee, R.Ph.",G43.909,"Migraine, unspecified, not intractable",Neurology,"Sumatriptan Succinate (50 mg, 1 tablet at onset of migraine SOS, Qty: 10) | Naproxen Sodium (500 mg, Twice daily as needed with food, Qty: 20) | Propranolol HCl (40 mg, Twice daily for prophylaxis, Qty: 60)",3,AES-256-GCM,vault-transit-key-0xa82f1e0c,7708f33548dd347fb751bd6c,336a7176008c506a51698d0502d140d1,0x7035e7c5a3911ecd751a3db265bf43978bcf92ceba96d996eadb4b1c94bb9fd3,Qm64cdda47b5389847697b83b9436ec8f6a4d28065da56,Pinata Dedicated IPFS Gateway,0.0.4891024,2089,2026-09-13 11:50:13 UTC,0x9b86470ec1903e1dc7b5dc98d8038808b8fca161a8e07b7c9c7e089256399746,0.0001,Pharmacy Dispensation Verification & Medication Fulfillment,Identity Verified (Wallet Protocol),Blockchain Audit Enabled
RX-0090,Priyanka Agarwal,849290,0xdaaf7beb55b6921394afd7880a26c8dd53fd082d,🔓 Decrypt RX,Pending - Ready to Decrypt,YES (Patient Consent Active),NO,NO,3318.65,Dr. Sarah Jenkins,0x04Fee3FD1B338d12FFD6dBD8d66dE1e8e0BB99cB,NMC-48192,Apollo Multispecialty Hospital,Max Wellness Pharmacy,0x28B7eA94B34C8F52D19E50Eb14769Da20F5D54b4,DL-MW-2024-7731,"Sneha Mukherjee, R.Ph.",C61,Malignant neoplasm of prostate,Oncology,"Bicalutamide (50 mg, Once Daily morning, Qty: 30) | Tamsulosin HCl (0.4 mg, Once Daily 30 min after same meal, Qty: 30)",2,AES-256-GCM,vault-transit-key-0xdaaf7beb,3e825010590091206461f451,5f2d482c44e49f6915bbb7aabd004ed7,0xb23d9f8420657132c73c12f9111d997fdf7d8c52cb3db1b6cfa0d5015a498ac4,Qmb3f7a25803a3c8c4831ca9f7ae0e85eb7f5aff167038,Pinata Dedicated IPFS Gateway,0.0.4891024,2090,2026-09-13 11:50:16 UTC,0x72cfbce774972050de00537a09c16fe0aff45226311febb02ee664ede74d7bf6,0.0001,Pharmacy Dispensation Verification & Medication Fulfillment,Identity Verified (Wallet Protocol),Blockchain Audit Enabled
RX-0091,Nandini Shetty,849291,0xdadcf923cb93fe596fdcf97c63ca17e4638d633c,🔓 Decrypt RX,Pending - Ready to Decrypt,YES (Patient Consent Active),NO,NO,1493.75,Dr. Sunita Narang,0xBcd4042DE499D14e55001CcbB24a551F3b954096,NMC-90812,Apex Diagnostic Reference Labs,Max Wellness Pharmacy,0x28B7eA94B34C8F52D19E50Eb14769Da20F5D54b4,DL-MW-2024-7731,"Sneha Mukherjee, R.Ph.",G40.909,"Epilepsy, unspecified",Neurology,"Levetiracetam (500 mg, Twice Daily morning & evening, Qty: 60) | Clobazam (10 mg, Once Daily at Bedtime, Qty: 30)",2,AES-256-GCM,vault-transit-key-0xdadcf923,f43d7e5494a776b903e8a2b8,fa5cb766a241665ec69f8eb20c6c840c,0xba1d01e80d4a227b54c776658e1e4aeae75bf734393d6848d8ccd75bfbeae3e8,Qm92885c7b7ad7c42aa525e3ef0ef4bf6a564f13fcc495,Pinata Dedicated IPFS Gateway,0.0.4891024,2091,2026-09-13 11:50:18 UTC,0x31f6ab2aee056f1b4780372d469ba8e87aeac5c315c1863671b88d93a1b8937a,0.0001,Pharmacy Dispensation Verification & Medication Fulfillment,Identity Verified (Wallet Protocol),Blockchain Audit Enabled
RX-0092,Neha Agarwal,849292,0xc9e2755a8c1388585a01e515215d77f77af70723,Dispensed (Fulfilled),Dispensed & Fulfilled,YES,NO,YES,987.91,Dr. Rajesh Sharma,0x3c44CdDdB6a900fa2b585dd299e03d12FA4293BC,NMC-78491,Apollo Multispecialty Hospital,Apex Central Clinical Dispensary,0x155Af6ECaFb48861dA7d16Fb8Af2f6ce9d6DD779,DL-AX-2026-3021,"Rajesh Nambiar, Pharm.D.",I20.9,"Angina pectoris, unspecified",Cardiology,"Nitroglycerin Sublingual (0.4 mg, PRN for chest pain, Qty: 25) | Aspirin Gastro-resistant (75 mg, Once Daily post meal, Qty: 30) | Atorvastatin Calcium (40 mg, Once Daily at Bedtime, Qty: 30)",3,AES-256-GCM,vault-transit-key-0xc9e2755a,ac2d69c2419ded1c2b0ab619,21b72a20cdf600e9dfb789e8c2d503fa,0x9da67859a05ca59c026d188a718afa407d21f59814c68a5fea8e57c3b8c46cc4,Qmd9ca1051350038ece918a56f2659f767e2aee587c46a,Pinata Dedicated IPFS Gateway,0.0.4891024,2092,2026-09-13 11:50:21 UTC,0xae6d2c56c249cd1f6b66894669ba63c2498429cf31399718eedf0aaaacb90b33,0.0001,Pharmacy Dispensation Verification & Medication Fulfillment,Identity Verified (Wallet Protocol),Blockchain Audit Enabled
RX-0093,Nandini Mehta,849293,0x1fdcbb704b3bc6acf6422e7c4c6ffd9aed126186,Request Access,Unauthorized / Unlinked,NO,NO,NO,939.74,Dr. Preeti Deshmukh,0x23618e81E3f5cdF7f54C3d65f7FBc0aBf5B21E8f,NMC-82194,Care & Cure Pediatric & Maternity Hospital,Fortis Care Dispensary,0x84f93618C1D541bB1Dcf1373A8eE500A7D439634,DL-FC-2025-1094,"Amit Singhania, R.Ph.",K21.9,Gastro-esophageal reflux disease,Gastroenterology,"Pantoprazole Gastro-resistant (40 mg, Once Daily 30 min pre-breakfast, Qty: 30) | Domperidone Sustained Release (30 mg, Once Daily morning, Qty: 30) | Sucralfate Oral Suspension (1000 mg/10mL, 10 mL thrice daily before meals, Qty: 2)",3,AES-256-GCM,vault-transit-key-0x1fdcbb70,d75a1140442ca063f82261e1,6fd7bf6908c9af177b579c902fa4ce33,0xbbb7317bbd9cc44f770ac6dbc7b3ba6157baf60423c6ba8d6d662c8622a319e8,Qmfb90f53b13ed4636b91aae18106f65e79d7ea1ea8eb9,Pinata Dedicated IPFS Gateway,0.0.4891024,2093,2026-09-13 11:50:23 UTC,0x0d4bf2f36799c707d403ba9eee9532474b683a5e36fd4266f23e729b33930025,0.0001,Pharmacy Dispensation Verification & Medication Fulfillment,Identity Verified (Wallet Protocol),Blockchain Audit Enabled
RX-0094,Rohan Shetty,849294,0xf6bdfcf1515ced9b7e52bbb0fb129f8b3a814d0e,🔓 Decrypt RX,Pending - Ready to Decrypt,YES (Patient Consent Active),NO,NO,499.54,Dr. Vikram Seth,0x15d34AAf54267DB7D7c367839AAf71A00a2C6A65,NMC-99014,Max Super Speciality Cancer Institute,Max Wellness Pharmacy,0x28B7eA94B34C8F52D19E50Eb14769Da20F5D54b4,DL-MW-2024-7731,"Sneha Mukherjee, R.Ph.",I10,Essential (primary) hypertension,Cardiology,"Amlodipine Besylate (5 mg, Once Daily (Morning), Qty: 30) | Telmisartan (40 mg, Once Daily (Morning), Qty: 30)",2,AES-256-GCM,vault-transit-key-0xf6bdfcf1,97493a68653fcc66c23acb5f,29c7e5df9de69d8be8f88a869f20795b,0x0bad60b7503f1417a5f0c559582949d122bdbc90cefe5ae683aee2dffc024d89,Qm2008536e2607f8789aa4a5a01ed728d0d28e6578501a,Pinata Dedicated IPFS Gateway,0.0.4891024,2094,2026-09-13 11:50:26 UTC,0x74917511bb9e9168ae33c3a7feb783cdb5bb7925b34680d9156fc2b67275b9d5,0.0001,Pharmacy Dispensation Verification & Medication Fulfillment,Identity Verified (Wallet Protocol),Blockchain Audit Enabled
RX-0095,Rakesh Pandey,849295,0x04e4acfcd2d5e80be67a52a3e5d48c1dc64cd5fb,Dispensed (Fulfilled),Dispensed & Fulfilled,YES,NO,YES,936.28,Dr. Sarah Jenkins,0x04Fee3FD1B338d12FFD6dBD8d66dE1e8e0BB99cB,NMC-48192,Apollo Multispecialty Hospital,MedPlus Health Hub,0x70997970C51812dc3A010C7d01b50e0d17dc79C8,DL-MP-2023-4122,"Priya Sundaram, Pharm.D.",K21.9,Gastro-esophageal reflux disease,Gastroenterology,"Pantoprazole Gastro-resistant (40 mg, Once Daily 30 min pre-breakfast, Qty: 30) | Domperidone Sustained Release (30 mg, Once Daily morning, Qty: 30) | Sucralfate Oral Suspension (1000 mg/10mL, 10 mL thrice daily before meals, Qty: 2)",3,AES-256-GCM,vault-transit-key-0x04e4acfc,5ef5e7dabc725cb271885cc7,1c962c7b87646b3b7b28de33bf138481,0x5f1b24009a4901e852e229bfb4f93ec6250292850f044e3c1e377fa495f8a39e,Qma7943d00d045b4f512a9abebbd4771a6929ebc887a03,Pinata Dedicated IPFS Gateway,0.0.4891024,2095,2026-09-13 11:50:28 UTC,0xbe0b0d4daa725ff18ca4332a38cfb745e2e45d9eb1373cd7185b4e44d9a09298,0.0001,Pharmacy Dispensation Verification & Medication Fulfillment,Identity Verified (Wallet Protocol),Blockchain Audit Enabled
RX-0096,Nikhil Menon,849296,0x9eb38f7f5894ab6f491d707762227455f90ea7be,⏳ Waiting for Approval,Access Pending Approval,NO,YES,NO,3310.32,Dr. Ananya Roy,0x9965507D1a55bcC2695C58ba16FB37d819B0A4dc,NMC-51203,Max Super Speciality Cancer Institute,Apex Central Clinical Dispensary,0x155Af6ECaFb48861dA7d16Fb8Af2f6ce9d6DD779,DL-AX-2026-3021,"Rajesh Nambiar, Pharm.D.",C61,Malignant neoplasm of prostate,Oncology,"Bicalutamide (50 mg, Once Daily morning, Qty: 30) | Tamsulosin HCl (0.4 mg, Once Daily 30 min after same meal, Qty: 30)",2,AES-256-GCM,vault-transit-key-0x9eb38f7f,852ff75b6ac315fedf26b129,92e99e7d78d8c5a183f311b422ae27ad,0xc5948eb9eda0bf451e6831760cea62b939a1f261ea513859d03c8678737ad0e1,Qm9fefdc5a95cc91cd1493c4707df1d91709d11d4ea885,Pinata Dedicated IPFS Gateway,0.0.4891024,2096,2026-09-13 11:50:31 UTC,0xaec66e73d8b14875d1e371d0481887300e8e76dc895d80444f741c1840b7400f,0.0001,Pharmacy Dispensation Verification & Medication Fulfillment,Identity Verified (Wallet Protocol),Blockchain Audit Enabled
RX-0097,Aarav Gupta,849297,0x42025a91d656ab71595a3727e9f8b235f8dccc03,Dispensed (Fulfilled),Dispensed & Fulfilled,YES,NO,YES,934.41,Dr. Rajesh Sharma,0x3c44CdDdB6a900fa2b585dd299e03d12FA4293BC,NMC-78491,Apollo Multispecialty Hospital,Max Wellness Pharmacy,0x28B7eA94B34C8F52D19E50Eb14769Da20F5D54b4,DL-MW-2024-7731,"Sneha Mukherjee, R.Ph.",A90,Dengue fever [classical dengue],Infectious Disease,"Paracetamol Infusion / Tab (650 mg, Every 6 hours SOS fever > 100°F, Qty: 20) | Carica Papaya Leaf Extract (1100 mg, Thrice Daily post food, Qty: 21) | Oral Rehydration Salts (WHO formula) (21.8 g sachet, 1 sachet in 1L water daily, Qty: 7)",3,AES-256-GCM,vault-transit-key-0x42025a91,69bd36cc0ebe3d77d51eca21,1b266ade1ae5ee3b254b9ad377946605,0x0a1c8885bfb5a6fc0573580254c0491109d05345ecfe11e3cde2c290b20255be,Qm2c27ba1482116fb9bd2bcdf415562ee91bc7b7b0de57,Pinata Dedicated IPFS Gateway,0.0.4891024,2097,2026-09-13 11:50:33 UTC,0x368e3821420e3e361458b83e663279a3677a81ead7c6e2601019104d66071021,0.0001,Pharmacy Dispensation Verification & Medication Fulfillment,Identity Verified (Wallet Protocol),Blockchain Audit Enabled
RX-0098,Divya Reddy,849298,0x5f9ed8588c8d9aea8dcae33ada10da1de8980f41,Request Access,Unauthorized / Unlinked,NO,NO,NO,215.68,Dr. Rohan Patel,0x976EA74026E726554dB657fA54763abd0C3a0aa9,NMC-11029,Fortis Memorial Neuro & Trauma Center,Apex Central Clinical Dispensary,0x155Af6ECaFb48861dA7d16Fb8Af2f6ce9d6DD779,DL-AX-2026-3021,"Rajesh Nambiar, Pharm.D.",E03.9,"Hypothyroidism, unspecified",Endocrinology,"Levothyroxine Sodium (50 mcg, Once Daily on empty stomach, Qty: 60)",1,AES-256-GCM,vault-transit-key-0x5f9ed858,5e2558c67ea4b93de6717bdf,315bfb20829b445d050a27540869eb1b,0x31b3a5ab36a345ab899c16bb9adcb777f77be757605bdc3e75e80a26d49b7a4c,Qm4b2eb660160817d327572a435b4d9fbb6ecf98bd93ff,Pinata Dedicated IPFS Gateway,0.0.4891024,2098,2026-09-13 11:50:35 UTC,0x1157b5fe755521ca3570c441d0983729918fd9c9ce7548091622642576946b1f,0.0001,Pharmacy Dispensation Verification & Medication Fulfillment,Identity Verified (Wallet Protocol),Blockchain Audit Enabled
RX-0099,Harish Kulkarni,849299,0xcdca29ba5404da2ec112d68c25090191ba5698b3,⏳ Waiting for Approval,Access Pending Approval,NO,YES,NO,518.11,Dr. Preeti Deshmukh,0x23618e81E3f5cdF7f54C3d65f7FBc0aBf5B21E8f,NMC-82194,Care & Cure Pediatric & Maternity Hospital,Apex Central Clinical Dispensary,0x155Af6ECaFb48861dA7d16Fb8Af2f6ce9d6DD779,DL-AX-2026-3021,"Rajesh Nambiar, Pharm.D.",I10,Essential (primary) hypertension,Cardiology,"Amlodipine Besylate (5 mg, Once Daily (Morning), Qty: 30) | Telmisartan (40 mg, Once Daily (Morning), Qty: 30)",2,AES-256-GCM,vault-transit-key-0xcdca29ba,26a948dc61b13f6ecefcf293,8ec47c22afdfe4de62e6438a9f811601,0xf50991d18c5a9d0d6812fbb6056a01ff6847cb009e94f1e5cdf2ab639046a3ea,Qm19316f525b89dca886448d823c9fb058e5f7966ac3d4,Pinata Dedicated IPFS Gateway,0.0.4891024,2099,2026-09-13 11:50:37 UTC,0x876b226f3d2ef71b9adc98bab632952c8b05633b5b372d0d6a6ed582ad0b6375,0.0001,Pharmacy Dispensation Verification & Medication Fulfillment,Identity Verified (Wallet Protocol),Blockchain Audit Enabled
RX-0100,Kiran Joshi,849300,0xe576ba137a638172d71ff06217865e54f2018cc6,⏳ Waiting for Approval,Access Pending Approval,NO,YES,NO,948.77,Dr. Sarah Jenkins,0x04Fee3FD1B338d12FFD6dBD8d66dE1e8e0BB99cB,NMC-48192,Apollo Multispecialty Hospital,Apex Central Clinical Dispensary,0x155Af6ECaFb48861dA7d16Fb8Af2f6ce9d6DD779,DL-AX-2026-3021,"Rajesh Nambiar, Pharm.D.",K21.9,Gastro-esophageal reflux disease,Gastroenterology,"Pantoprazole Gastro-resistant (40 mg, Once Daily 30 min pre-breakfast, Qty: 30) | Domperidone Sustained Release (30 mg, Once Daily morning, Qty: 30) | Sucralfate Oral Suspension (1000 mg/10mL, 10 mL thrice daily before meals, Qty: 2)",3,AES-256-GCM,vault-transit-key-0xe576ba13,7cf02da6ddebdc998c791d83,be43483e6b285e1c521aa47dc2748a18,0xc70b137fb7ec61fbb2354ea63a972d72cccdaf4d2ae79aa3d9c61f9d9b895023,Qm3c55318db9b35409da246999fb99241c7a2113645801,Pinata Dedicated IPFS Gateway,0.0.4891024,2100,2026-09-13 11:50:40 UTC,0x1cb2c9f53f05556a835812cc61b2d393f0ab9bee47063ae3fffbeb4732c58644,0.0001,Pharmacy Dispensation Verification & Medication Fulfillment,Identity Verified (Wallet Protocol),Blockchain Audit Enabled
RX-0101,Aarav Patel,849301,0x32c83e4de9c7477762a349875d2f0af871a858bf,Request Access,Unauthorized / Unlinked,NO,NO,NO,1608.21,Dr. Vikram Seth,0x15d34AAf54267DB7D7c367839AAf71A00a2C6A65,NMC-99014,Max Super Speciality Cancer Institute,Apollo Pharmacy Global,0x04Fee3FD1B338d12FFD6dBD8d66dE1e8e0BB99cB,DL-AP-2024-8901,"K. V. Raman, R.Ph.",E11.65,Type 2 diabetes mellitus with hyperglycemia,Endocrinology,"Insulin Glargine Solostar (100 IU/mL, 14 Units Once Daily at Bedtime, Qty: 2) | Metformin XR (1000 mg, Once Daily post dinner, Qty: 30)",2,AES-256-GCM,vault-transit-key-0x32c83e4d,11185e8177bf83073e67425f,eea32ebb7b6e672990ad319850299141,0x7d88333d194cb43b91f797eaced03f34b39a26a9f85ac321a7193b296409ea77,Qm2ce158e61446cb1ab7f85ecd7c2a0c71f386cfc3e808,Pinata Dedicated IPFS Gateway,0.0.4891024,2101,2026-09-13 11:50:43 UTC,0x9fcf894b13bd0e60755f1923d33d4f20b7685833a1b9c7a8fbe1ed7a6dc76ce8,0.0001,Pharmacy Dispensation Verification & Medication Fulfillment,Identity Verified (Wallet Protocol),Blockchain Audit Enabled
RX-0102,Shreya Choudhury,849302,0x348cfdbf4259d7a9b5598985dd81d4d37009fb11,🔓 Decrypt RX,Pending - Ready to Decrypt,YES (Patient Consent Active),NO,NO,1202.66,Dr. Ananya Roy,0x9965507D1a55bcC2695C58ba16FB37d819B0A4dc,NMC-51203,Max Super Speciality Cancer Institute,Fortis Care Dispensary,0x84f93618C1D541bB1Dcf1373A8eE500A7D439634,DL-FC-2025-1094,"Amit Singhania, R.Ph.",E11.9,Type 2 diabetes mellitus without complications,Endocrinology,"Metformin Hydrochloride (500 mg, Twice Daily with meals, Qty: 60) | Dapagliflozin Propanediol (10 mg, Once Daily morning, Qty: 30) | Glimepiride (2 mg, Once Daily pre-breakfast, Qty: 30)",3,AES-256-GCM,vault-transit-key-0x348cfdbf,22fa0e0621c542f879fb6d66,c46acb00fed20bf505a450bc1b69a4fa,0x8910085f30d55a7aa72bfddbf666cfead5fa2a39ad98ba42bce03a67795c58c7,Qmff598de1f39fb785f88128dfe15500af594c47a2b2d3,Pinata Dedicated IPFS Gateway,0.0.4891024,2102,2026-09-13 11:50:45 UTC,0x68b258447cbb5588dfb1a32720e0ffabcd0125afcff8e42d618fcc8bf5b08714,0.0001,Pharmacy Dispensation Verification & Medication Fulfillment,Identity Verified (Wallet Protocol),Blockchain Audit Enabled
RX-0103,Vikas Nair,849303,0x4e98ffd3455bedc3a09475dd96f6ce5270acee4e,Request Access,Unauthorized / Unlinked,NO,NO,NO,211.68,Dr. Sarah Jenkins,0x04Fee3FD1B338d12FFD6dBD8d66dE1e8e0BB99cB,NMC-48192,Apollo Multispecialty Hospital,Fortis Care Dispensary,0x84f93618C1D541bB1Dcf1373A8eE500A7D439634,DL-FC-2025-1094,"Amit Singhania, R.Ph.",E03.9,"Hypothyroidism, unspecified",Endocrinology,"Levothyroxine Sodium (50 mcg, Once Daily on empty stomach, Qty: 60)",1,AES-256-GCM,vault-transit-key-0x4e98ffd3,862b6f74d5f35f25504c835b,e73a50c3fd6c17e83add94392900c8a4,0x471805931ea376ea3f251291fe7d1b53638cb91d44345313c2aec9a83444a12d,Qm3ecdf39deb7bd05d861aed0d7a39749225b9eae46870,Pinata Dedicated IPFS Gateway,0.0.4891024,2103,2026-09-13 11:50:47 UTC,0x22cf607085f53ffea81f81c26fafebf57e57ebb1d2244ba03e8cb21d7547eddd,0.0001,Pharmacy Dispensation Verification & Medication Fulfillment,Identity Verified (Wallet Protocol),Blockchain Audit Enabled
RX-0104,Rahul Malhotra,849304,0x95748b53b590ed2a4c2a59fef54fb7e16d683a3c,⏳ Waiting for Approval,Access Pending Approval,NO,YES,NO,1622.36,Dr. Rajesh Sharma,0x3c44CdDdB6a900fa2b585dd299e03d12FA4293BC,NMC-78491,Apollo Multispecialty Hospital,Apollo Pharmacy Global,0x04Fee3FD1B338d12FFD6dBD8d66dE1e8e0BB99cB,DL-AP-2024-8901,"K. V. Raman, R.Ph.",E11.65,Type 2 diabetes mellitus with hyperglycemia,Endocrinology,"Insulin Glargine Solostar (100 IU/mL, 14 Units Once Daily at Bedtime, Qty: 2) | Metformin XR (1000 mg, Once Daily post dinner, Qty: 30)",2,AES-256-GCM,vault-transit-key-0x95748b53,07b2e8ab81db2182fe4b029c,4f22e18ae2040eec9f3362a8bfcc1970,0x67571de9ef3ecf5051e1c57c064e3e9f0d7fe26d7f71344fbe12311102d7d3d5,Qm5a63cd4167e71a1bd41196ea3a29c72da71d31d0b5dc,Pinata Dedicated IPFS Gateway,0.0.4891024,2104,2026-09-13 11:50:49 UTC,0x480a0996fef3d8a61db820a3d8e0394c075f8d452d57152536d9b0db799f5692,0.0001,Pharmacy Dispensation Verification & Medication Fulfillment,Identity Verified (Wallet Protocol),Blockchain Audit Enabled
RX-0105,Harish Reddy,849305,0x614ab339702c730544d5c2e718f439eef0e3aa1c,🔓 Decrypt RX,Pending - Ready to Decrypt,YES (Patient Consent Active),NO,NO,217.99,Dr. Ananya Roy,0x9965507D1a55bcC2695C58ba16FB37d819B0A4dc,NMC-51203,Max Super Speciality Cancer Institute,Fortis Care Dispensary,0x84f93618C1D541bB1Dcf1373A8eE500A7D439634,DL-FC-2025-1094,"Amit Singhania, R.Ph.",E03.9,"Hypothyroidism, unspecified",Endocrinology,"Levothyroxine Sodium (50 mcg, Once Daily on empty stomach, Qty: 60)",1,AES-256-GCM,vault-transit-key-0x614ab339,092a49dab7b4ca28e4ac6216,a9f078bca64cd55f3bb4c98b5af5c30c,0x8d771aab5590b4dc8b100168fbc7cc1123c94ceccc54245d8bd4da1f0082a602,Qma62a78a48863b4bb6d7710632bb5436f74a8a24f09d4,Pinata Dedicated IPFS Gateway,0.0.4891024,2105,2026-09-13 11:50:52 UTC,0x31453e739f604bb6cee93a36ece8ba341962dd02bbdbe736fbf88d8ab897b3fa,0.0001,Pharmacy Dispensation Verification & Medication Fulfillment,Identity Verified (Wallet Protocol),Blockchain Audit Enabled
RX-0106,Bhavna Verma,849306,0xbc1d564788dae9c1c40d82a1e3eb124274559fd2,⏳ Waiting for Approval,Access Pending Approval,NO,YES,NO,1625.17,Dr. Sarah Jenkins,0x04Fee3FD1B338d12FFD6dBD8d66dE1e8e0BB99cB,NMC-48192,Apollo Multispecialty Hospital,Apex Central Clinical Dispensary,0x155Af6ECaFb48861dA7d16Fb8Af2f6ce9d6DD779,DL-AX-2026-3021,"Rajesh Nambiar, Pharm.D.",E11.65,Type 2 diabetes mellitus with hyperglycemia,Endocrinology,"Insulin Glargine Solostar (100 IU/mL, 14 Units Once Daily at Bedtime, Qty: 2) | Metformin XR (1000 mg, Once Daily post dinner, Qty: 30)",2,AES-256-GCM,vault-transit-key-0xbc1d5647,f6c421e6c108a7d87bea991d,45783d1a8b9bc2b77e127c8f5fad2fd6,0xbe30d2188fffd02a4dfc8a11aa11d2673245e90621fdcfe588a0bf993efea739,Qm6a736d83b0e38411cd222382e0b37b949062e8a9ac67,Pinata Dedicated IPFS Gateway,0.0.4891024,2106,2026-09-13 11:50:54 UTC,0xd1ba77a86ecaed029ea81e84e71175bac33eed7ae125caf52ec35ad440aee37e,0.0001,Pharmacy Dispensation Verification & Medication Fulfillment,Identity Verified (Wallet Protocol),Blockchain Audit Enabled
RX-0107,Sneha Nair,849307,0x9154e9d5bddd5529ba1380a37d03267e4ee0e78e,🔓 Decrypt RX,Pending - Ready to Decrypt,YES (Patient Consent Active),NO,NO,908.96,Dr. Vikram Seth,0x15d34AAf54267DB7D7c367839AAf71A00a2C6A65,NMC-99014,Max Super Speciality Cancer Institute,Apex Central Clinical Dispensary,0x155Af6ECaFb48861dA7d16Fb8Af2f6ce9d6DD779,DL-AX-2026-3021,"Rajesh Nambiar, Pharm.D.",A90,Dengue fever [classical dengue],Infectious Disease,"Paracetamol Infusion / Tab (650 mg, Every 6 hours SOS fever > 100°F, Qty: 20) | Carica Papaya Leaf Extract (1100 mg, Thrice Daily post food, Qty: 21) | Oral Rehydration Salts (WHO formula) (21.8 g sachet, 1 sachet in 1L water daily, Qty: 7)",3,AES-256-GCM,vault-transit-key-0x9154e9d5,3c5a596134a0a59603978229,696a30e57addbffe16400c3740a76d7e,0x2f4b5c2b4ad85fe181d4dfb62863e0c5dc569b3e8538c54d6cb76b4259f65313,Qma89fcf4bba200e217dd8ff736f2e0dcfa9ddac359211,Pinata Dedicated IPFS Gateway,0.0.4891024,2107,2026-09-13 11:50:57 UTC,0x32e358498f6443f6640de87fee115ecbd5ac99e182ffa7eb6757d17f321d29ac,0.0001,Pharmacy Dispensation Verification & Medication Fulfillment,Identity Verified (Wallet Protocol),Blockchain Audit Enabled
RX-0108,Ananya Swaminathan,849308,0xc3b7b5c8c8a5ce4169b2128124c10254cc54ff9f,Dispensed (Fulfilled),Dispensed & Fulfilled,YES,NO,YES,3306.21,Dr. Vikram Seth,0x15d34AAf54267DB7D7c367839AAf71A00a2C6A65,NMC-99014,Max Super Speciality Cancer Institute,Max Wellness Pharmacy,0x28B7eA94B34C8F52D19E50Eb14769Da20F5D54b4,DL-MW-2024-7731,"Sneha Mukherjee, R.Ph.",C61,Malignant neoplasm of prostate,Oncology,"Bicalutamide (50 mg, Once Daily morning, Qty: 30) | Tamsulosin HCl (0.4 mg, Once Daily 30 min after same meal, Qty: 30)",2,AES-256-GCM,vault-transit-key-0xc3b7b5c8,dcc36b85290f50eba6932bcf,c39074e1af6e1f14dce22c4aa7fff84c,0x2c8a41c81c31570e86ad5934bd0d630a43bdbc16c2bfe4948ade272b36e14130,Qm044171b8da5efc79e3c92c24dbf68dd3095108f5544a,Pinata Dedicated IPFS Gateway,0.0.4891024,2108,2026-09-13 11:51:00 UTC,0x1e419751314cd6f02ce761d005db60024d37d147f3901a4abdf8a5b8afdd50db,0.0001,Pharmacy Dispensation Verification & Medication Fulfillment,Identity Verified (Wallet Protocol),Blockchain Audit Enabled
RX-0109,Sanjay Sharma,849309,0xf9b0dc01093c80109960126782cd4cc1919bf757,Request Access,Unauthorized / Unlinked,NO,NO,NO,1200.9,Dr. Rohan Patel,0x976EA74026E726554dB657fA54763abd0C3a0aa9,NMC-11029,Fortis Memorial Neuro & Trauma Center,Apex Central Clinical Dispensary,0x155Af6ECaFb48861dA7d16Fb8Af2f6ce9d6DD779,DL-AX-2026-3021,"Rajesh Nambiar, Pharm.D.",E11.9,Type 2 diabetes mellitus without complications,Endocrinology,"Metformin Hydrochloride (500 mg, Twice Daily with meals, Qty: 60) | Dapagliflozin Propanediol (10 mg, Once Daily morning, Qty: 30) | Glimepiride (2 mg, Once Daily pre-breakfast, Qty: 30)",3,AES-256-GCM,vault-transit-key-0xf9b0dc01,21993778602c93d6a2d69ee3,c6135d158b42393216cb0f96375554db,0xc7c8610b0753446e4439c8e76386f025eb74ee2c13798888ad861c6dfbdfba1a,Qmfb25482376637ea2cf5646dfb7689e01d4a0d882f73b,Pinata Dedicated IPFS Gateway,0.0.4891024,2109,2026-09-13 11:51:02 UTC,0x663ee1a02e088ac7adb017b801e63e7f4659149c91b38f9c679d506937d76525,0.0001,Pharmacy Dispensation Verification & Medication Fulfillment,Identity Verified (Wallet Protocol),Blockchain Audit Enabled
RX-0110,Ishaan Malhotra,849310,0x338bc8d8a9f098644df530c769bd240596c35e27,🔓 Decrypt RX,Pending - Ready to Decrypt,YES (Patient Consent Active),NO,NO,217.83,Dr. Rohan Patel,0x976EA74026E726554dB657fA54763abd0C3a0aa9,NMC-11029,Fortis Memorial Neuro & Trauma Center,Apollo Pharmacy Global,0x04Fee3FD1B338d12FFD6dBD8d66dE1e8e0BB99cB,DL-AP-2024-8901,"K. V. Raman, R.Ph.",E03.9,"Hypothyroidism, unspecified",Endocrinology,"Levothyroxine Sodium (50 mcg, Once Daily on empty stomach, Qty: 60)",1,AES-256-GCM,vault-transit-key-0x338bc8d8,29c22c49758cd514220bfb38,f8b33cea4b1bf0aa2a5c4f54504b2450,0x31d851bfe14e611c69cb3dfff4e6c977ea4cc7c9eaea8f99b153d65eed45640c,Qmc7c3b288243d1da35fca9637ae8cd9e116c8262a740b,Pinata Dedicated IPFS Gateway,0.0.4891024,2110,2026-09-13 11:51:04 UTC,0xfaa20a441b9f0fe300c06d2ed1091b98bdfb67873b1744e030b7a71f2d86d47d,0.0001,Pharmacy Dispensation Verification & Medication Fulfillment,Identity Verified (Wallet Protocol),Blockchain Audit Enabled
RX-0111,Yashwanth Nair,849311,0xd8b0df60661acf5b6f5cfae5098b70d9aa7a5a34,Dispensed (Fulfilled),Dispensed & Fulfilled,YES,NO,YES,216.19,Dr. Sarah Jenkins,0x04Fee3FD1B338d12FFD6dBD8d66dE1e8e0BB99cB,NMC-48192,Apollo Multispecialty Hospital,Apollo Pharmacy Global,0x04Fee3FD1B338d12FFD6dBD8d66dE1e8e0BB99cB,DL-AP-2024-8901,"K. V. Raman, R.Ph.",E03.9,"Hypothyroidism, unspecified",Endocrinology,"Levothyroxine Sodium (50 mcg, Once Daily on empty stomach, Qty: 60)",1,AES-256-GCM,vault-transit-key-0xd8b0df60,d07d55557c6d1e220957eaf8,d3ede465ebe045bb473331af0d7fc8c4,0x93834df674e13e8b7cd3300f28f7825bcd84811da6e5ffa032c9d185989b8485,Qmc3369c2f534d4d9e6ac8b376ec920b036721aa35df66,Pinata Dedicated IPFS Gateway,0.0.4891024,2111,2026-09-13 11:51:06 UTC,0xc22251e391faf271d4cd2293f7353bc91a39bbaaf923b5230bc08967660389f8,0.0001,Pharmacy Dispensation Verification & Medication Fulfillment,Identity Verified (Wallet Protocol),Blockchain Audit Enabled
RX-0112,Aditi Pandey,849312,0x02f56c2f5fdfde539c74fe4ffaa7218014ef4ca8,🔓 Decrypt RX,Pending - Ready to Decrypt,YES (Patient Consent Active),NO,NO,993.44,Dr. Sunita Narang,0xBcd4042DE499D14e55001CcbB24a551F3b954096,NMC-90812,Apex Diagnostic Reference Labs,MedPlus Health Hub,0x70997970C51812dc3A010C7d01b50e0d17dc79C8,DL-MP-2023-4122,"Priya Sundaram, Pharm.D.",G43.909,"Migraine, unspecified, not intractable",Neurology,"Sumatriptan Succinate (50 mg, 1 tablet at onset of migraine SOS, Qty: 10) | Naproxen Sodium (500 mg, Twice daily as needed with food, Qty: 20) | Propranolol HCl (40 mg, Twice daily for prophylaxis, Qty: 60)",3,AES-256-GCM,vault-transit-key-0x02f56c2f,058a09e194a339af12e66cc1,92421a37d085d77782b9a6f49bee2883,0xb47b13939dee7a6c0948b67e8bfeac624d2de610c06872f773269c644f989109,Qm9ded844669286d5a3e907ac6c431537c8d5e745ee0e0,Pinata Dedicated IPFS Gateway,0.0.4891024,2112,2026-09-13 11:51:09 UTC,0xffa6b29c5693a1d46f8e833e9bd7b99fb1d7c2c11f4aa26da02e51798ba63b99,0.0001,Pharmacy Dispensation Verification & Medication Fulfillment,Identity Verified (Wallet Protocol),Blockchain Audit Enabled
RX-0113,Lata Agarwal,849313,0x90a1e3210dc44717aa0d92d4e3c5ecebc6aa2e72,⏳ Waiting for Approval,Access Pending Approval,NO,YES,NO,1200.76,Dr. Rohan Patel,0x976EA74026E726554dB657fA54763abd0C3a0aa9,NMC-11029,Fortis Memorial Neuro & Trauma Center,MedPlus Health Hub,0x70997970C51812dc3A010C7d01b50e0d17dc79C8,DL-MP-2023-4122,"Priya Sundaram, Pharm.D.",E11.9,Type 2 diabetes mellitus without complications,Endocrinology,"Metformin Hydrochloride (500 mg, Twice Daily with meals, Qty: 60) | Dapagliflozin Propanediol (10 mg, Once Daily morning, Qty: 30) | Glimepiride (2 mg, Once Daily pre-breakfast, Qty: 30)",3,AES-256-GCM,vault-transit-key-0x90a1e321,05e654618ef2a2e1bdb3ae83,b42bb48b8ec72110e83bbcba0013a7d8,0x1564a0f984db9a9ecabfde5c996c698b2a371f4eeccf90e65be8eda71390a645,Qm5d5aa8aefa91557406bf4c41f29ff1b3e748dbb265e5,Pinata Dedicated IPFS Gateway,0.0.4891024,2113,2026-09-13 11:51:11 UTC,0x28ee01edafde75681acc10f40297f3c8d686402b6e1e66bfe3002997981dd038,0.0001,Pharmacy Dispensation Verification & Medication Fulfillment,Identity Verified (Wallet Protocol),Blockchain Audit Enabled
RX-0114,Bhavna Menon,849314,0x57686bcbce97c7c51b32f6dc2dc890e36b2f5c9b,🔓 Decrypt RX,Pending - Ready to Decrypt,YES (Patient Consent Active),NO,NO,3307.89,Dr. Vikram Seth,0x15d34AAf54267DB7D7c367839AAf71A00a2C6A65,NMC-99014,Max Super Speciality Cancer Institute,Apollo Pharmacy Global,0x04Fee3FD1B338d12FFD6dBD8d66dE1e8e0BB99cB,DL-AP-2024-8901,"K. V. Raman, R.Ph.",C61,Malignant neoplasm of prostate,Oncology,"Bicalutamide (50 mg, Once Daily morning, Qty: 30) | Tamsulosin HCl (0.4 mg, Once Daily 30 min after same meal, Qty: 30)",2,AES-256-GCM,vault-transit-key-0x57686bcb,b902f970d5641b4e74a5e0f9,bfc2db9190a097cc70d6b7149d2e9b90,0x809a21a523239ff7b53df34af905d674c9b5c359af34d2207304b40323673a78,Qm8df1af9786acb10f67b907d436ef95ad8bce47f1ac7a,Pinata Dedicated IPFS Gateway,0.0.4891024,2114,2026-09-13 11:51:13 UTC,0x2f1c37c5a1208a288a15f80f1e29af3ec7fa25c42c64340e4fc0379c4ea3b998,0.0001,Pharmacy Dispensation Verification & Medication Fulfillment,Identity Verified (Wallet Protocol),Blockchain Audit Enabled
RX-0115,Sanjay Mukherjee,849315,0xa4107ecb8d0fb76659e52b4b5df5e9665650dbd0,🔓 Decrypt RX,Pending - Ready to Decrypt,YES (Patient Consent Active),NO,NO,958.04,Dr. Rajesh Sharma,0x3c44CdDdB6a900fa2b585dd299e03d12FA4293BC,NMC-78491,Apollo Multispecialty Hospital,Apollo Pharmacy Global,0x04Fee3FD1B338d12FFD6dBD8d66dE1e8e0BB99cB,DL-AP-2024-8901,"K. V. Raman, R.Ph.",K21.9,Gastro-esophageal reflux disease,Gastroenterology,"Pantoprazole Gastro-resistant (40 mg, Once Daily 30 min pre-breakfast, Qty: 30) | Domperidone Sustained Release (30 mg, Once Daily morning, Qty: 30) | Sucralfate Oral Suspension (1000 mg/10mL, 10 mL thrice daily before meals, Qty: 2)",3,AES-256-GCM,vault-transit-key-0xa4107ecb,0532d9df15d14f882eabd295,c88475414b16ff26c3bf3bc51155b808,0xdb06e196ab726432c9c7b6943e95691ea26cd79a407887563719660e93132d53,Qm7e08d8355cbc66f0928f88cea5c8af62e2a63a847fb4,Pinata Dedicated IPFS Gateway,0.0.4891024,2115,2026-09-13 11:51:16 UTC,0x03a69b7fc01684bff1b3cfdd3aa2f791a72663268bff6fda566d623f5f42f3f6,0.0001,Pharmacy Dispensation Verification & Medication Fulfillment,Identity Verified (Wallet Protocol),Blockchain Audit Enabled
RX-0116,Rahul Saxena,849316,0xd122acf92d5f97f5f3fe653d23add4245ac7d898,🔓 Decrypt RX,Pending - Ready to Decrypt,YES (Patient Consent Active),NO,NO,989.02,Dr. Preeti Deshmukh,0x23618e81E3f5cdF7f54C3d65f7FBc0aBf5B21E8f,NMC-82194,Care & Cure Pediatric & Maternity Hospital,Apollo Pharmacy Global,0x04Fee3FD1B338d12FFD6dBD8d66dE1e8e0BB99cB,DL-AP-2024-8901,"K. V. Raman, R.Ph.",G43.909,"Migraine, unspecified, not intractable",Neurology,"Sumatriptan Succinate (50 mg, 1 tablet at onset of migraine SOS, Qty: 10) | Naproxen Sodium (500 mg, Twice daily as needed with food, Qty: 20) | Propranolol HCl (40 mg, Twice daily for prophylaxis, Qty: 60)",3,AES-256-GCM,vault-transit-key-0xd122acf9,cd76d216c431a3021612a141,14d299390d295ba192901c932b462544,0x0afca666fd5fa295c75aa8f4d7a57fe006aed559cd6859f42fd9ca42020f8590,Qmbd0964f32a283f69cee6c37d322a5da3c8f3eac9ed49,Pinata Dedicated IPFS Gateway,0.0.4891024,2116,2026-09-13 11:51:18 UTC,0xd41d00192f69335848c779512e27ca412be157e3e68feb35621d898fd88474ee,0.0001,Pharmacy Dispensation Verification & Medication Fulfillment,Identity Verified (Wallet Protocol),Blockchain Audit Enabled
RX-0117,Madhav Verma,849317,0xb012301755aa58f69333d6f42aa8ab787277bcf6,🔓 Decrypt RX,Pending - Ready to Decrypt,YES (Patient Consent Active),NO,NO,211.04,Dr. Vikram Seth,0x15d34AAf54267DB7D7c367839AAf71A00a2C6A65,NMC-99014,Max Super Speciality Cancer Institute,Max Wellness Pharmacy,0x28B7eA94B34C8F52D19E50Eb14769Da20F5D54b4,DL-MW-2024-7731,"Sneha Mukherjee, R.Ph.",E03.9,"Hypothyroidism, unspecified",Endocrinology,"Levothyroxine Sodium (50 mcg, Once Daily on empty stomach, Qty: 60)",1,AES-256-GCM,vault-transit-key-0xb0123017,a1b0e54336326a06293f53b5,f687751e224c39bc0258da9ff707aa65,0xa115e6fb978403225e25c319a93470b74b84aaa79912664ef613f5029bf073ca,Qmf164c483d0b8bccb8cdd6787e7a954205e4b1d3fd594,Pinata Dedicated IPFS Gateway,0.0.4891024,2117,2026-09-13 11:51:21 UTC,0xc6a3d7957ed5742b3dcfa089df73516b2ff224233ff7f42a743b0e7fceefcd6a,0.0001,Pharmacy Dispensation Verification & Medication Fulfillment,Identity Verified (Wallet Protocol),Blockchain Audit Enabled
RX-0118,Ananya Hegde,849318,0x7dfb9c76d0b1c2e2cdaf8b45bf1e7716d8cc112b,🔓 Decrypt RX,Pending - Ready to Decrypt,YES (Patient Consent Active),NO,NO,200.72,Dr. Rajesh Sharma,0x3c44CdDdB6a900fa2b585dd299e03d12FA4293BC,NMC-78491,Apollo Multispecialty Hospital,Fortis Care Dispensary,0x84f93618C1D541bB1Dcf1373A8eE500A7D439634,DL-FC-2025-1094,"Amit Singhania, R.Ph.",E03.9,"Hypothyroidism, unspecified",Endocrinology,"Levothyroxine Sodium (50 mcg, Once Daily on empty stomach, Qty: 60)",1,AES-256-GCM,vault-transit-key-0x7dfb9c76,ff0bdf96401e645d5475cd79,cc78d7b0462e73d0184b96c96edc29b2,0xed7d94cd144ea0445ece46cf91a1fd95421848b35793986b71ac7244845b1b7e,Qm583727cabbff05fe8529ca11f953175407b34a47ab5c,Pinata Dedicated IPFS Gateway,0.0.4891024,2118,2026-09-13 11:51:24 UTC,0xb320e160e4f778b56059f5311813eef27363888cd85ef5e89f6240fb70aa967f,0.0001,Pharmacy Dispensation Verification & Medication Fulfillment,Identity Verified (Wallet Protocol),Blockchain Audit Enabled
RX-0119,Priyanka Mukherjee,849319,0x2f837bedf129bb5a8d16e3fbcfdbc70077a6f3b7,Dispensed (Fulfilled),Dispensed & Fulfilled,YES,NO,YES,3331.7,Dr. Rajesh Sharma,0x3c44CdDdB6a900fa2b585dd299e03d12FA4293BC,NMC-78491,Apollo Multispecialty Hospital,MedPlus Health Hub,0x70997970C51812dc3A010C7d01b50e0d17dc79C8,DL-MP-2023-4122,"Priya Sundaram, Pharm.D.",C61,Malignant neoplasm of prostate,Oncology,"Bicalutamide (50 mg, Once Daily morning, Qty: 30) | Tamsulosin HCl (0.4 mg, Once Daily 30 min after same meal, Qty: 30)",2,AES-256-GCM,vault-transit-key-0x2f837bed,c630388348ad15ccd6ea0e65,80a8c93573aebcf817117bacaee245f4,0xf9cbfd10e206f338ad14089c78727df47e376e2f70b3658c11e72c4da0e010bf,Qm59d2821c1a9425473f6b7302854451633064bb6d1fce,Pinata Dedicated IPFS Gateway,0.0.4891024,2119,2026-09-13 11:51:25 UTC,0xef195baebda6ac0557024a2a54656cb6cb035f68a1c03c1eb97a10acc7288aa4,0.0001,Pharmacy Dispensation Verification & Medication Fulfillment,Identity Verified (Wallet Protocol),Blockchain Audit Enabled
RX-0120,Bhavna Agarwal,849320,0x0fa60eaec7822444b606df6486978c497517557e,🔓 Decrypt RX,Pending - Ready to Decrypt,YES (Patient Consent Active),NO,NO,995.02,Dr. Ananya Roy,0x9965507D1a55bcC2695C58ba16FB37d819B0A4dc,NMC-51203,Max Super Speciality Cancer Institute,Max Wellness Pharmacy,0x28B7eA94B34C8F52D19E50Eb14769Da20F5D54b4,DL-MW-2024-7731,"Sneha Mukherjee, R.Ph.",G43.909,"Migraine, unspecified, not intractable",Neurology,"Sumatriptan Succinate (50 mg, 1 tablet at onset of migraine SOS, Qty: 10) | Naproxen Sodium (500 mg, Twice daily as needed with food, Qty: 20) | Propranolol HCl (40 mg, Twice daily for prophylaxis, Qty: 60)",3,AES-256-GCM,vault-transit-key-0x0fa60eae,45977168b7bf4aacb8df4821,5bad0d486d5178773a0dbf735d1e4c7e,0xcba1561b30a3cdc89b7e99451314823ef743c78ed1e3005ea6e073936611993d,Qm82923fb60d5f1b32e117aded9a172be87ddea2097367,Pinata Dedicated IPFS Gateway,0.0.4891024,2120,2026-09-13 11:51:28 UTC,0x3bdecc1dbb4d9ee37691649df1d9d03c28dc059f70b0fa3b694be5a5e9e428ce,0.0001,Pharmacy Dispensation Verification & Medication Fulfillment,Identity Verified (Wallet Protocol),Blockchain Audit Enabled
RX-0121,Deepak Sharma,849321,0x8e906d16cd91e005008e1b053e78dfb600e92bc8,🔓 Decrypt RX,Pending - Ready to Decrypt,YES (Patient Consent Active),NO,NO,918.31,Dr. Rohan Patel,0x976EA74026E726554dB657fA54763abd0C3a0aa9,NMC-11029,Fortis Memorial Neuro & Trauma Center,Apollo Pharmacy Global,0x04Fee3FD1B338d12FFD6dBD8d66dE1e8e0BB99cB,DL-AP-2024-8901,"K. V. Raman, R.Ph.",A90,Dengue fever [classical dengue],Infectious Disease,"Paracetamol Infusion / Tab (650 mg, Every 6 hours SOS fever > 100°F, Qty: 20) | Carica Papaya Leaf Extract (1100 mg, Thrice Daily post food, Qty: 21) | Oral Rehydration Salts (WHO formula) (21.8 g sachet, 1 sachet in 1L water daily, Qty: 7)",3,AES-256-GCM,vault-transit-key-0x8e906d16,b737953636c3ed240e42c503,cb32d43723361ddce286aa5314dd1aeb,0x85b9b9811c3433f674eee900b1bc37c85b22fafaaae197f35eb84cbf3ec06c88,Qma7e8a1ef1c99692d5ec7b62322f030ee4258b3584a87,Pinata Dedicated IPFS Gateway,0.0.4891024,2121,2026-09-13 11:51:30 UTC,0xcc74a009a23200f9916c4e39a5978f08f5f98ea3ebd9d8a15b281143859acb33,0.0001,Pharmacy Dispensation Verification & Medication Fulfillment,Identity Verified (Wallet Protocol),Blockchain Audit Enabled
RX-0122,Sanjay Mukherjee,849322,0x26bc817dbb0d553c5d6432de784209bf7a5548aa,⏳ Waiting for Approval,Access Pending Approval,NO,YES,NO,998.99,Dr. Preeti Deshmukh,0x23618e81E3f5cdF7f54C3d65f7FBc0aBf5B21E8f,NMC-82194,Care & Cure Pediatric & Maternity Hospital,Apollo Pharmacy Global,0x04Fee3FD1B338d12FFD6dBD8d66dE1e8e0BB99cB,DL-AP-2024-8901,"K. V. Raman, R.Ph.",I20.9,"Angina pectoris, unspecified",Cardiology,"Nitroglycerin Sublingual (0.4 mg, PRN for chest pain, Qty: 25) | Aspirin Gastro-resistant (75 mg, Once Daily post meal, Qty: 30) | Atorvastatin Calcium (40 mg, Once Daily at Bedtime, Qty: 30)",3,AES-256-GCM,vault-transit-key-0x26bc817d,018f69ae40fcf80bcf59e4d1,9ec3e7ae88cfb0b367eb4cc9bdd61e50,0x25275709f6c793c55425bb2bd16962234cc4ee52f49fc9babea8eef932d44951,Qm12157d2a197d7b95d283046cc14afba85b3020a764f3,Pinata Dedicated IPFS Gateway,0.0.4891024,2122,2026-09-13 11:51:33 UTC,0xa4dd34277f02bd4f77bccd06d10211783e9f7bdf13ace2242aeeab489bf294f0,0.0001,Pharmacy Dispensation Verification & Medication Fulfillment,Identity Verified (Wallet Protocol),Blockchain Audit Enabled
RX-0123,Shreya Rao,849323,0xaa45cfe0dfd14e4ec517657ec9670d28859cbebf,⏳ Waiting for Approval,Access Pending Approval,NO,YES,NO,1691.42,Dr. Sarah Jenkins,0x04Fee3FD1B338d12FFD6dBD8d66dE1e8e0BB99cB,NMC-48192,Apollo Multispecialty Hospital,Apex Central Clinical Dispensary,0x155Af6ECaFb48861dA7d16Fb8Af2f6ce9d6DD779,DL-AX-2026-3021,"Rajesh Nambiar, Pharm.D.",C50.919,Malignant neoplasm of female breast,Oncology,"Tamoxifen Citrate (20 mg, Once Daily at fixed hour, Qty: 30) | Ondansetron HCl (8 mg, Twice Daily 30 min before food, Qty: 30) | Calcium Carbonate + Vit D3 (500mg/250IU, Once Daily post meal, Qty: 30)",3,AES-256-GCM,vault-transit-key-0xaa45cfe0,25585cbc9a8d182752034025,b7afabfe1eacc77d56d6fa3a2bc16140,0xf1b887bb02c3ebb3a0662283f7c4a87e300ca1e19db41daa9b8478a2f1c7eb5f,Qma93bb19d679b0b497c940582056143ed719e518918dc,Pinata Dedicated IPFS Gateway,0.0.4891024,2123,2026-09-13 11:51:35 UTC,0x2ab86ba0d2ea3e8c03c3debc5a8a07cfdb4a9cb251be921ec83568560778d6a7,0.0001,Pharmacy Dispensation Verification & Medication Fulfillment,Identity Verified (Wallet Protocol),Blockchain Audit Enabled
RX-0124,Madhav Kapoor,849324,0x7acf8986bd9cbb2c410ef109140674c39ba93fc4,🔓 Decrypt RX,Pending - Ready to Decrypt,YES (Patient Consent Active),NO,NO,935.49,Dr. Rajesh Sharma,0x3c44CdDdB6a900fa2b585dd299e03d12FA4293BC,NMC-78491,Apollo Multispecialty Hospital,MedPlus Health Hub,0x70997970C51812dc3A010C7d01b50e0d17dc79C8,DL-MP-2023-4122,"Priya Sundaram, Pharm.D.",A90,Dengue fever [classical dengue],Infectious Disease,"Paracetamol Infusion / Tab (650 mg, Every 6 hours SOS fever > 100°F, Qty: 20) | Carica Papaya Leaf Extract (1100 mg, Thrice Daily post food, Qty: 21) | Oral Rehydration Salts (WHO formula) (21.8 g sachet, 1 sachet in 1L water daily, Qty: 7)",3,AES-256-GCM,vault-transit-key-0x7acf8986,fb28df099ff0999cc2662881,eea6a5e13aabacfbf8e3ff309f2e7817,0x9d02e22516b16b603f52f911a29abec82111fb72459c4ae400233adca2a37d4f,Qm59b9bf11b6fde95e768f67b6ae2f0023fa6ec35e41f6,Pinata Dedicated IPFS Gateway,0.0.4891024,2124,2026-09-13 11:51:38 UTC,0x48e79b1ba0b377fd00df3ec0646f93e4c4665aaa4cda51912acc175096b0ae45,0.0001,Pharmacy Dispensation Verification & Medication Fulfillment,Identity Verified (Wallet Protocol),Blockchain Audit Enabled
RX-0125,Madhav Bhatia,849325,0x47486304d0ebac30cf46b48c42a303378ef8b1d0,Dispensed (Fulfilled),Dispensed & Fulfilled,YES,NO,YES,439.08,Dr. Sarah Jenkins,0x04Fee3FD1B338d12FFD6dBD8d66dE1e8e0BB99cB,NMC-48192,Apollo Multispecialty Hospital,Apex Central Clinical Dispensary,0x155Af6ECaFb48861dA7d16Fb8Af2f6ce9d6DD779,DL-AX-2026-3021,"Rajesh Nambiar, Pharm.D.",J06.9,Acute upper respiratory infection,Pediatrics / General,"Amoxicillin + Potassium Clavulanate (625 mg, Twice Daily post food, Qty: 14) | Paracetamol (650 mg, Thrice daily post meals SOS, Qty: 15) | Levocetirizine Dihydrochloride (5 mg, Once Daily at Bedtime, Qty: 7)",3,AES-256-GCM,vault-transit-key-0x47486304,274d5e22b31d364eec9cba9b,b72b380fba5ad9939f4fe0be5b0bf56d,0xa7a0d20b30a94ec53ac28f270181fa4fa3e3a4e2648e5702b0a6e6944ad5b8ef,Qm85bad1c0401d848d88b58a979990a08d763dc852ac4b,Pinata Dedicated IPFS Gateway,0.0.4891024,2125,2026-09-13 11:51:40 UTC,0x765e23343d7e6dbe71c70222dc7aa39163a01c9c9638087610f21e07121d53f2,0.0001,Pharmacy Dispensation Verification & Medication Fulfillment,Identity Verified (Wallet Protocol),Blockchain Audit Enabled
RX-0126,Siddharth Deshmukh,849326,0xa8a461f52272519c7325b5a7122cda347736c659,🔓 Decrypt RX,Pending - Ready to Decrypt,YES (Patient Consent Active),NO,NO,1188.44,Dr. Preeti Deshmukh,0x23618e81E3f5cdF7f54C3d65f7FBc0aBf5B21E8f,NMC-82194,Care & Cure Pediatric & Maternity Hospital,Fortis Care Dispensary,0x84f93618C1D541bB1Dcf1373A8eE500A7D439634,DL-FC-2025-1094,"Amit Singhania, R.Ph.",E11.9,Type 2 diabetes mellitus without complications,Endocrinology,"Metformin Hydrochloride (500 mg, Twice Daily with meals, Qty: 60) | Dapagliflozin Propanediol (10 mg, Once Daily morning, Qty: 30) | Glimepiride (2 mg, Once Daily pre-breakfast, Qty: 30)",3,AES-256-GCM,vault-transit-key-0xa8a461f5,3752e1e73b6bfa47b08091d4,c6320e166a19ec030edb2c44a77edaea,0x6393c0d5e8bae0e5cd5787d0482a6eaec6a9cf070389bcf201fe14a2de3edbe5,Qm31a102ad0c25aa4126d9194b3670b58b654b6017760b,Pinata Dedicated IPFS Gateway,0.0.4891024,2126,2026-09-13 11:51:42 UTC,0xf6b8d8b1e35001c0fc84e2a789f876e2343fa7199d4787d5cdacf36124717334,0.0001,Pharmacy Dispensation Verification & Medication Fulfillment,Identity Verified (Wallet Protocol),Blockchain Audit Enabled
RX-0127,Sanjay Kapoor,849327,0x2afdee0230f067f871c793d85e62142bc2e2ac03,🔓 Decrypt RX,Pending - Ready to Decrypt,YES (Patient Consent Active),NO,NO,922.76,Dr. Vikram Seth,0x15d34AAf54267DB7D7c367839AAf71A00a2C6A65,NMC-99014,Max Super Speciality Cancer Institute,MedPlus Health Hub,0x70997970C51812dc3A010C7d01b50e0d17dc79C8,DL-MP-2023-4122,"Priya Sundaram, Pharm.D.",A90,Dengue fever [classical dengue],Infectious Disease,"Paracetamol Infusion / Tab (650 mg, Every 6 hours SOS fever > 100°F, Qty: 20) | Carica Papaya Leaf Extract (1100 mg, Thrice Daily post food, Qty: 21) | Oral Rehydration Salts (WHO formula) (21.8 g sachet, 1 sachet in 1L water daily, Qty: 7)",3,AES-256-GCM,vault-transit-key-0x2afdee02,df4acd2e928bce71e5251308,f77d477af1998d071aff3fb91a8a6edf,0x3a985e99db25230f52e8fe1443136a1c3dfcb7b98fff23e9412a7d9b3f4a4888,Qm50ed3036adfab6180b03e33455221a1d470c95059080,Pinata Dedicated IPFS Gateway,0.0.4891024,2127,2026-09-13 11:51:45 UTC,0x7e404488e9e1ac9ff0bbad6596255b038860c48bec9a703443fe56d8270555f9,0.0001,Pharmacy Dispensation Verification & Medication Fulfillment,Identity Verified (Wallet Protocol),Blockchain Audit Enabled
RX-0128,Arjun Mehta,849328,0xc4c848a1eb81f2bd933be6fd1a029af06e54e3b7,Dispensed (Fulfilled),Dispensed & Fulfilled,YES,NO,YES,956.04,Dr. Rajesh Sharma,0x3c44CdDdB6a900fa2b585dd299e03d12FA4293BC,NMC-78491,Apollo Multispecialty Hospital,Apex Central Clinical Dispensary,0x155Af6ECaFb48861dA7d16Fb8Af2f6ce9d6DD779,DL-AX-2026-3021,"Rajesh Nambiar, Pharm.D.",K21.9,Gastro-esophageal reflux disease,Gastroenterology,"Pantoprazole Gastro-resistant (40 mg, Once Daily 30 min pre-breakfast, Qty: 30) | Domperidone Sustained Release (30 mg, Once Daily morning, Qty: 30) | Sucralfate Oral Suspension (1000 mg/10mL, 10 mL thrice daily before meals, Qty: 2)",3,AES-256-GCM,vault-transit-key-0xc4c848a1,8b7c318a7c508dfec5b943d2,562bb6e45612dc47a7664c98eeb4ba03,0x83abd4149cc2e6fb6efe708d4d063fc995ea821d86fef18c434c0f2983448fe7,Qm86a03e32841ffad16dae30d62c02b8ffb5be79d0475f,Pinata Dedicated IPFS Gateway,0.0.4891024,2128,2026-09-13 11:51:47 UTC,0xecf05c52d8a134490e1fca01bbffaba778697c56e9d5db7d8e30e77dcb6c6237,0.0001,Pharmacy Dispensation Verification & Medication Fulfillment,Identity Verified (Wallet Protocol),Blockchain Audit Enabled
RX-0129,Yashwanth Saxena,849329,0xa3c7c7f5f6d78237a4032184f708bc404bc1a43d,Dispensed (Fulfilled),Dispensed & Fulfilled,YES,NO,YES,1703.42,Dr. Sunita Narang,0xBcd4042DE499D14e55001CcbB24a551F3b954096,NMC-90812,Apex Diagnostic Reference Labs,Apex Central Clinical Dispensary,0x155Af6ECaFb48861dA7d16Fb8Af2f6ce9d6DD779,DL-AX-2026-3021,"Rajesh Nambiar, Pharm.D.",C50.919,Malignant neoplasm of female breast,Oncology,"Tamoxifen Citrate (20 mg, Once Daily at fixed hour, Qty: 30) | Ondansetron HCl (8 mg, Twice Daily 30 min before food, Qty: 30) | Calcium Carbonate + Vit D3 (500mg/250IU, Once Daily post meal, Qty: 30)",3,AES-256-GCM,vault-transit-key-0xa3c7c7f5,43a6c3d0b76c15b85914fb5a,cea762e79f99692b6160872b872c3e66,0xafd3e4ef193c1bb9b79045c064f43510d3c2035341f65b6d87a26c2fb2239f8e,Qmc55c03f1e01b1db08e7c581c382b7fd8620819f40015,Pinata Dedicated IPFS Gateway,0.0.4891024,2129,2026-09-13 11:51:50 UTC,0x245bac4523e263551440e62fde5aca0186e1869b9a9f160a565e52ddbea0897e,0.0001,Pharmacy Dispensation Verification & Medication Fulfillment,Identity Verified (Wallet Protocol),Blockchain Audit Enabled
RX-0130,Nikhil Gowda,849330,0x635502272ddcbf7605485282b7aa2d71a1bd6aaa,Dispensed (Fulfilled),Dispensed & Fulfilled,YES,NO,YES,1187.6,Dr. Preeti Deshmukh,0x23618e81E3f5cdF7f54C3d65f7FBc0aBf5B21E8f,NMC-82194,Care & Cure Pediatric & Maternity Hospital,MedPlus Health Hub,0x70997970C51812dc3A010C7d01b50e0d17dc79C8,DL-MP-2023-4122,"Priya Sundaram, Pharm.D.",E11.9,Type 2 diabetes mellitus without complications,Endocrinology,"Metformin Hydrochloride (500 mg, Twice Daily with meals, Qty: 60) | Dapagliflozin Propanediol (10 mg, Once Daily morning, Qty: 30) | Glimepiride (2 mg, Once Daily pre-breakfast, Qty: 30)",3,AES-256-GCM,vault-transit-key-0x63550227,79f4a218080d149e9bbd6819,0f900fa8aeebf8bd9dafb84a4d29743b,0x30df6b54107fbf8208fdb4a3c4e43d51e9c111a604520c2e8b4e9dbd2d419cdc,Qm576c454a8d5b5b20fd2944bc2ae1cf45fb44e7118b05,Pinata Dedicated IPFS Gateway,0.0.4891024,2130,2026-09-13 11:51:52 UTC,0xebfa12d8f422b675f2c78f313c9a5396174d79b8241219647c369cfd40923caa,0.0001,Pharmacy Dispensation Verification & Medication Fulfillment,Identity Verified (Wallet Protocol),Blockchain Audit Enabled
RX-0131,Sakshi Rao,849331,0x27230d21009742893c691dca3059cfe90e8e0a9b,🔓 Decrypt RX,Pending - Ready to Decrypt,YES (Patient Consent Active),NO,NO,1197.67,Dr. Rajesh Sharma,0x3c44CdDdB6a900fa2b585dd299e03d12FA4293BC,NMC-78491,Apollo Multispecialty Hospital,Apex Central Clinical Dispensary,0x155Af6ECaFb48861dA7d16Fb8Af2f6ce9d6DD779,DL-AX-2026-3021,"Rajesh Nambiar, Pharm.D.",E11.9,Type 2 diabetes mellitus without complications,Endocrinology,"Metformin Hydrochloride (500 mg, Twice Daily with meals, Qty: 60) | Dapagliflozin Propanediol (10 mg, Once Daily morning, Qty: 30) | Glimepiride (2 mg, Once Daily pre-breakfast, Qty: 30)",3,AES-256-GCM,vault-transit-key-0x27230d21,f24c53e80cc81931339727c2,0f05f9ebf37f3410635b74edb498d79c,0xee03e69a383b277bf7d116560d03537c3917ac0f82fdd113f3078ab79b1b95d6,Qm4d66aae5f7b194e5609e95d107666a653a0d8d6f12fd,Pinata Dedicated IPFS Gateway,0.0.4891024,2131,2026-09-13 11:51:54 UTC,0x55009a3c985436867830900083edcd38c1eec4fe5178906622d06c8e06f99afa,0.0001,Pharmacy Dispensation Verification & Medication Fulfillment,Identity Verified (Wallet Protocol),Blockchain Audit Enabled
RX-0132,Harish Gowda,849332,0xe27a683e9e8f13e45bf65eafea5b9e7d202c2e82,🔓 Decrypt RX,Pending - Ready to Decrypt,YES (Patient Consent Active),NO,NO,1607.51,Dr. Preeti Deshmukh,0x23618e81E3f5cdF7f54C3d65f7FBc0aBf5B21E8f,NMC-82194,Care & Cure Pediatric & Maternity Hospital,Apex Central Clinical Dispensary,0x155Af6ECaFb48861dA7d16Fb8Af2f6ce9d6DD779,DL-AX-2026-3021,"Rajesh Nambiar, Pharm.D.",E11.65,Type 2 diabetes mellitus with hyperglycemia,Endocrinology,"Insulin Glargine Solostar (100 IU/mL, 14 Units Once Daily at Bedtime, Qty: 2) | Metformin XR (1000 mg, Once Daily post dinner, Qty: 30)",2,AES-256-GCM,vault-transit-key-0xe27a683e,79f8dc1da7720abebb2773f3,cd8f3cf7e42bf0fcfaea9514f3bd3c80,0xbf5e790581b9655484d4b1aa5b902fe98dde6319c6f9f1c6b0ec09b00ce91e7f,Qmf3364ff8707aa3676e99161d3cf9615598a1099fbeac,Pinata Dedicated IPFS Gateway,0.0.4891024,2132,2026-09-13 11:51:57 UTC,0xbf3efd86c50da3a70c06fc2eb239c80cdad4182bf871f8401b1edc6e77cde101,0.0001,Pharmacy Dispensation Verification & Medication Fulfillment,Identity Verified (Wallet Protocol),Blockchain Audit Enabled
RX-0133,Sneha Verma,849333,0xf3b274af6e681d78fd36d2a21256e762be02e44b,⏳ Waiting for Approval,Access Pending Approval,NO,YES,NO,3332.17,Dr. Sarah Jenkins,0x04Fee3FD1B338d12FFD6dBD8d66dE1e8e0BB99cB,NMC-48192,Apollo Multispecialty Hospital,Apollo Pharmacy Global,0x04Fee3FD1B338d12FFD6dBD8d66dE1e8e0BB99cB,DL-AP-2024-8901,"K. V. Raman, R.Ph.",C61,Malignant neoplasm of prostate,Oncology,"Bicalutamide (50 mg, Once Daily morning, Qty: 30) | Tamsulosin HCl (0.4 mg, Once Daily 30 min after same meal, Qty: 30)",2,AES-256-GCM,vault-transit-key-0xf3b274af,046089f5b97e44dbe69e4381,a44f5f112f8233ba46697ee099a22a46,0xd363f1c666e2dabfce2183f94e9bb98287bf12e3e488fde6a9c398c97a41c6dc,Qme02b18e2f4c7f2bb0a6b5ade8b138233ca9fa9a71b69,Pinata Dedicated IPFS Gateway,0.0.4891024,2133,2026-09-13 11:52:00 UTC,0x4c22e477fb874c4f988cc2889a0257693bda0875aecfab7a104ccdc13c113fe5,0.0001,Pharmacy Dispensation Verification & Medication Fulfillment,Identity Verified (Wallet Protocol),Blockchain Audit Enabled
RX-0134,Neha Bhatia,849334,0x92b9421e9cbcba693b1809bd29c8d0a157e12fe4,🔓 Decrypt RX,Pending - Ready to Decrypt,YES (Patient Consent Active),NO,NO,1478.91,Dr. Ananya Roy,0x9965507D1a55bcC2695C58ba16FB37d819B0A4dc,NMC-51203,Max Super Speciality Cancer Institute,Max Wellness Pharmacy,0x28B7eA94B34C8F52D19E50Eb14769Da20F5D54b4,DL-MW-2024-7731,"Sneha Mukherjee, R.Ph.",G40.909,"Epilepsy, unspecified",Neurology,"Levetiracetam (500 mg, Twice Daily morning & evening, Qty: 60) | Clobazam (10 mg, Once Daily at Bedtime, Qty: 30)",2,AES-256-GCM,vault-transit-key-0x92b9421e,f74e15513ea84aba9c521e65,7dd52787fd5050621de0e2bc2ee1df83,0x1ef46c63387caea26fcc563a28319a31a39c91991fe67f1d4c3dc4855b2a131c,Qme56fd1bf912be02edae50d2cc9cf7eceb444535c550e,Pinata Dedicated IPFS Gateway,0.0.4891024,2134,2026-09-13 11:52:01 UTC,0x160002ac02b0724c35e0769f9e197c14e036e08649dd0429942fb2b33a740a24,0.0001,Pharmacy Dispensation Verification & Medication Fulfillment,Identity Verified (Wallet Protocol),Blockchain Audit Enabled
RX-0135,Madhav Swaminathan,849335,0x59da0af7d2efc3e8aab9b03bff5f3649bbd894ac,⏳ Waiting for Approval,Access Pending Approval,NO,YES,NO,1197.75,Dr. Vikram Seth,0x15d34AAf54267DB7D7c367839AAf71A00a2C6A65,NMC-99014,Max Super Speciality Cancer Institute,Fortis Care Dispensary,0x84f93618C1D541bB1Dcf1373A8eE500A7D439634,DL-FC-2025-1094,"Amit Singhania, R.Ph.",E11.9,Type 2 diabetes mellitus without complications,Endocrinology,"Metformin Hydrochloride (500 mg, Twice Daily with meals, Qty: 60) | Dapagliflozin Propanediol (10 mg, Once Daily morning, Qty: 30) | Glimepiride (2 mg, Once Daily pre-breakfast, Qty: 30)",3,AES-256-GCM,vault-transit-key-0x59da0af7,d40266c2b7cbf5f9cbd8c1aa,333c70ced6c7b4eb90b21f4ed8baa791,0x546a33227f438278d2139d888f79ec45917ffb2d6637b660aff7ff1c838df2f6,Qm93c7791527ece2495a9c7b81703f4dd9d7aae0792654,Pinata Dedicated IPFS Gateway,0.0.4891024,2135,2026-09-13 11:52:04 UTC,0x40d5079a4575b88867c0011df85bde3a3d724979598a039d44deca55ab562c2b,0.0001,Pharmacy Dispensation Verification & Medication Fulfillment,Identity Verified (Wallet Protocol),Blockchain Audit Enabled
RX-0136,Madhav Malhotra,849336,0x2129cd0f58150d2c73f0fd043672c59b4935b531,⏳ Waiting for Approval,Access Pending Approval,NO,YES,NO,3333.28,Dr. Rajesh Sharma,0x3c44CdDdB6a900fa2b585dd299e03d12FA4293BC,NMC-78491,Apollo Multispecialty Hospital,MedPlus Health Hub,0x70997970C51812dc3A010C7d01b50e0d17dc79C8,DL-MP-2023-4122,"Priya Sundaram, Pharm.D.",C61,Malignant neoplasm of prostate,Oncology,"Bicalutamide (50 mg, Once Daily morning, Qty: 30) | Tamsulosin HCl (0.4 mg, Once Daily 30 min after same meal, Qty: 30)",2,AES-256-GCM,vault-transit-key-0x2129cd0f,31e22c9f397ccfc2f56d4e35,0d461d431eeb0a202119b9e92b36135f,0xafbe37bc719e3a1087385176c274b71bc545d05eb3808404e6c4acb46ff7bb8c,Qm72d64b86d85511a2cd5afe777801f7c9e4dc6a797aeb,Pinata Dedicated IPFS Gateway,0.0.4891024,2136,2026-09-13 11:52:07 UTC,0x01102d09f1ab78c9144a80643b560cb4c7215a69729db3d3c9159a795ca5841c,0.0001,Pharmacy Dispensation Verification & Medication Fulfillment,Identity Verified (Wallet Protocol),Blockchain Audit Enabled
RX-0137,Bhavna Ghosh,849337,0xd171f961d932d50b6898623de1d745ded4d9b630,⏳ Waiting for Approval,Access Pending Approval,NO,YES,NO,991.6,Dr. Rajesh Sharma,0x3c44CdDdB6a900fa2b585dd299e03d12FA4293BC,NMC-78491,Apollo Multispecialty Hospital,Max Wellness Pharmacy,0x28B7eA94B34C8F52D19E50Eb14769Da20F5D54b4,DL-MW-2024-7731,"Sneha Mukherjee, R.Ph.",G43.909,"Migraine, unspecified, not intractable",Neurology,"Sumatriptan Succinate (50 mg, 1 tablet at onset of migraine SOS, Qty: 10) | Naproxen Sodium (500 mg, Twice daily as needed with food, Qty: 20) | Propranolol HCl (40 mg, Twice daily for prophylaxis, Qty: 60)",3,AES-256-GCM,vault-transit-key-0xd171f961,35f1b71dfd421ffd8d1cd36f,be5e6d77bdfdebb6a3a623a1356d5e26,0x6a36f4d79889bd65bd2203f413b5c69100947c8e3766117fe0095b25de993723,Qmadd669828a2fcd0d34c8cd34b246ae2b1a1dd6f79c52,Pinata Dedicated IPFS Gateway,0.0.4891024,2137,2026-09-13 11:52:09 UTC,0xd66bdc9f8ac722faa900ada783554cc67961b4bc9202a0f31bb208e5594843be,0.0001,Pharmacy Dispensation Verification & Medication Fulfillment,Identity Verified (Wallet Protocol),Blockchain Audit Enabled
RX-0138,Rakesh Swaminathan,849338,0x0e86f4fe0b399b0745cb776544bfdec9c74d70aa,Dispensed (Fulfilled),Dispensed & Fulfilled,YES,NO,YES,1176.62,Dr. Preeti Deshmukh,0x23618e81E3f5cdF7f54C3d65f7FBc0aBf5B21E8f,NMC-82194,Care & Cure Pediatric & Maternity Hospital,Apex Central Clinical Dispensary,0x155Af6ECaFb48861dA7d16Fb8Af2f6ce9d6DD779,DL-AX-2026-3021,"Rajesh Nambiar, Pharm.D.",E11.9,Type 2 diabetes mellitus without complications,Endocrinology,"Metformin Hydrochloride (500 mg, Twice Daily with meals, Qty: 60) | Dapagliflozin Propanediol (10 mg, Once Daily morning, Qty: 30) | Glimepiride (2 mg, Once Daily pre-breakfast, Qty: 30)",3,AES-256-GCM,vault-transit-key-0x0e86f4fe,c1fe8eec7e0a7ab0b008ba4e,6edad898ee1cb7d19967c8133bc1b947,0x9f5a7273b6f0f5dc4b82904bb9cb151648d7ce69c1a9233eb83146e381ddf820,Qm7672566fdaba6ed916b27381434fc52263832abbb264,Pinata Dedicated IPFS Gateway,0.0.4891024,2138,2026-09-13 11:52:11 UTC,0x2e8f40c8bffdeeca054512f8982f80ea4498e36d4aadb446f28a0de1e25998a1,0.0001,Pharmacy Dispensation Verification & Medication Fulfillment,Identity Verified (Wallet Protocol),Blockchain Audit Enabled
RX-0139,Lata Gupta,849339,0xab5aa3b23ad5a93c1d343d1d29224f4ccc416bec,🔓 Decrypt RX,Pending - Ready to Decrypt,YES (Patient Consent Active),NO,NO,997.21,Dr. Sarah Jenkins,0x04Fee3FD1B338d12FFD6dBD8d66dE1e8e0BB99cB,NMC-48192,Apollo Multispecialty Hospital,Apollo Pharmacy Global,0x04Fee3FD1B338d12FFD6dBD8d66dE1e8e0BB99cB,DL-AP-2024-8901,"K. V. Raman, R.Ph.",I20.9,"Angina pectoris, unspecified",Cardiology,"Nitroglycerin Sublingual (0.4 mg, PRN for chest pain, Qty: 25) | Aspirin Gastro-resistant (75 mg, Once Daily post meal, Qty: 30) | Atorvastatin Calcium (40 mg, Once Daily at Bedtime, Qty: 30)",3,AES-256-GCM,vault-transit-key-0xab5aa3b2,78d85f8a5d6401f54c47730c,c42e34b90e77d71b1b2758db13a4aa8c,0xe7c3b32f439a3bcd287f9ff3a925494127344f428bf592a3d2103e10ddf98dfb,Qm815ed5a94b8528f6d801a1b6668c62cd76c3666a72e5,Pinata Dedicated IPFS Gateway,0.0.4891024,2139,2026-09-13 11:52:14 UTC,0xf421d4a8da0e4bf3b2140ceafca3b384b9a957cc564a7c33ffc3376fa29c19b1,0.0001,Pharmacy Dispensation Verification & Medication Fulfillment,Identity Verified (Wallet Protocol),Blockchain Audit Enabled
RX-0140,Tanvi Kapoor,849340,0xdb27ce652df306d6527837eba565bf0dd02b1f40,Dispensed (Fulfilled),Dispensed & Fulfilled,YES,NO,YES,1680.78,Dr. Preeti Deshmukh,0x23618e81E3f5cdF7f54C3d65f7FBc0aBf5B21E8f,NMC-82194,Care & Cure Pediatric & Maternity Hospital,Apollo Pharmacy Global,0x04Fee3FD1B338d12FFD6dBD8d66dE1e8e0BB99cB,DL-AP-2024-8901,"K. V. Raman, R.Ph.",C50.919,Malignant neoplasm of female breast,Oncology,"Tamoxifen Citrate (20 mg, Once Daily at fixed hour, Qty: 30) | Ondansetron HCl (8 mg, Twice Daily 30 min before food, Qty: 30) | Calcium Carbonate + Vit D3 (500mg/250IU, Once Daily post meal, Qty: 30)",3,AES-256-GCM,vault-transit-key-0xdb27ce65,5b521b52b535a76606f2548e,00c99c62a22de7ae7d87fcf2889effe2,0x6d06a4375cef594976b2fe68e173bf6edc553f9e5b99c2ee8807828e2c1bc660,Qm1be5c076a38d31c6296c40a629d1f6098bf4e1c8db69,Pinata Dedicated IPFS Gateway,0.0.4891024,2140,2026-09-13 11:52:16 UTC,0xa1b53fc8994cc581838793d18d13da0dd9cd20a84704b49b292c6f8b1094ccc6,0.0001,Pharmacy Dispensation Verification & Medication Fulfillment,Identity Verified (Wallet Protocol),Blockchain Audit Enabled
RX-0141,Vikas Rao,849341,0x13b09063d57f5e49cd689e4869bcfe4c600333a9,Dispensed (Fulfilled),Dispensed & Fulfilled,YES,NO,YES,1501.84,Dr. Sarah Jenkins,0x04Fee3FD1B338d12FFD6dBD8d66dE1e8e0BB99cB,NMC-48192,Apollo Multispecialty Hospital,Fortis Care Dispensary,0x84f93618C1D541bB1Dcf1373A8eE500A7D439634,DL-FC-2025-1094,"Amit Singhania, R.Ph.",G40.909,"Epilepsy, unspecified",Neurology,"Levetiracetam (500 mg, Twice Daily morning & evening, Qty: 60) | Clobazam (10 mg, Once Daily at Bedtime, Qty: 30)",2,AES-256-GCM,vault-transit-key-0x13b09063,23f4aee7e3b620308905af68,02332857ebb97a81bd6e6d32aa2c62da,0x964c02a27c003eaf628e457bbbb009986578acd979f39c8245b8857fa67b43b1,Qmc53c9c8f1caa3853ed45ee8513ba56c084dcd5e49d33,Pinata Dedicated IPFS Gateway,0.0.4891024,2141,2026-09-13 11:52:18 UTC,0xe6895ff1ec56f59cafc61cb762e695a3bbb7fb5164e2709417d9c91090b78d46,0.0001,Pharmacy Dispensation Verification & Medication Fulfillment,Identity Verified (Wallet Protocol),Blockchain Audit Enabled
RX-0142,Rakesh Malhotra,849342,0xb4940ce88c011440d579d29f8ae27323cd74f352,🔓 Decrypt RX,Pending - Ready to Decrypt,YES (Patient Consent Active),NO,NO,1703.05,Dr. Vikram Seth,0x15d34AAf54267DB7D7c367839AAf71A00a2C6A65,NMC-99014,Max Super Speciality Cancer Institute,Apex Central Clinical Dispensary,0x155Af6ECaFb48861dA7d16Fb8Af2f6ce9d6DD779,DL-AX-2026-3021,"Rajesh Nambiar, Pharm.D.",C50.919,Malignant neoplasm of female breast,Oncology,"Tamoxifen Citrate (20 mg, Once Daily at fixed hour, Qty: 30) | Ondansetron HCl (8 mg, Twice Daily 30 min before food, Qty: 30) | Calcium Carbonate + Vit D3 (500mg/250IU, Once Daily post meal, Qty: 30)",3,AES-256-GCM,vault-transit-key-0xb4940ce8,5887529dfa655c19930681c4,107a57d9ea59693bf9f5368294817103,0x2da5a43e5298ac005cf2fbe528b4369521e945a28426b362c0eb2610534da634,Qm13360e71f47fa53a720bcc92d403048aa4daf41e5fa3,Pinata Dedicated IPFS Gateway,0.0.4891024,2142,2026-09-13 11:52:21 UTC,0x3af90d620d71fb2e693ab58ad7120261797e361bfd53db339086cc5cd7b8059a,0.0001,Pharmacy Dispensation Verification & Medication Fulfillment,Identity Verified (Wallet Protocol),Blockchain Audit Enabled
RX-0143,Pooja Kulkarni,849343,0x4b24640473e7ea658bec50b2e9d22d8838a5da6e,🔓 Decrypt RX,Pending - Ready to Decrypt,YES (Patient Consent Active),NO,NO,1495.78,Dr. Rohan Patel,0x976EA74026E726554dB657fA54763abd0C3a0aa9,NMC-11029,Fortis Memorial Neuro & Trauma Center,Fortis Care Dispensary,0x84f93618C1D541bB1Dcf1373A8eE500A7D439634,DL-FC-2025-1094,"Amit Singhania, R.Ph.",G40.909,"Epilepsy, unspecified",Neurology,"Levetiracetam (500 mg, Twice Daily morning & evening, Qty: 60) | Clobazam (10 mg, Once Daily at Bedtime, Qty: 30)",2,AES-256-GCM,vault-transit-key-0x4b246404,75096db910924dd8067d0121,181a507c1cbdbfed41ac26901bb43ae8,0x59a74f643882970074b5441064faf2f30aef76074ec06f550f782f6ff5ff3818,Qm7fc78fbcec46d98b1518dd6cbdc0b4fe490ddf47c4b1,Pinata Dedicated IPFS Gateway,0.0.4891024,2143,2026-09-13 11:52:23 UTC,0x6f588e1fa5717ef35f842d2b6b3adb31382d4341424e3ea92ef94fe774a33022,0.0001,Pharmacy Dispensation Verification & Medication Fulfillment,Identity Verified (Wallet Protocol),Blockchain Audit Enabled
RX-0144,Geeta Bhatia,849344,0x23179fe49118f86894b0995e63413863bda28a91,⏳ Waiting for Approval,Access Pending Approval,NO,YES,NO,3326.93,Dr. Ananya Roy,0x9965507D1a55bcC2695C58ba16FB37d819B0A4dc,NMC-51203,Max Super Speciality Cancer Institute,Fortis Care Dispensary,0x84f93618C1D541bB1Dcf1373A8eE500A7D439634,DL-FC-2025-1094,"Amit Singhania, R.Ph.",C61,Malignant neoplasm of prostate,Oncology,"Bicalutamide (50 mg, Once Daily morning, Qty: 30) | Tamsulosin HCl (0.4 mg, Once Daily 30 min after same meal, Qty: 30)",2,AES-256-GCM,vault-transit-key-0x23179fe4,d998d26f2e32b71a6123fe4f,07af004c21059b801b82b8270c74e2eb,0x937db386c6c22ea4c6ce1385858266db9ed4933b6576b62dc661dd136b7a624f,Qm129aea884093c79c0aa8b1670a56aafc5768babb4d3f,Pinata Dedicated IPFS Gateway,0.0.4891024,2144,2026-09-13 11:52:26 UTC,0xbdcf85267f1309fe97da707ab9206ea588c70ea9816360bea6216c54cbf69d9e,0.0001,Pharmacy Dispensation Verification & Medication Fulfillment,Identity Verified (Wallet Protocol),Blockchain Audit Enabled
RX-0145,Sakshi Banerjee,849345,0xc1d61d6c0a1ab46d1ef396318faddbbed2521a61,🔓 Decrypt RX,Pending - Ready to Decrypt,YES (Patient Consent Active),NO,NO,991.89,Dr. Sarah Jenkins,0x04Fee3FD1B338d12FFD6dBD8d66dE1e8e0BB99cB,NMC-48192,Apollo Multispecialty Hospital,Apollo Pharmacy Global,0x04Fee3FD1B338d12FFD6dBD8d66dE1e8e0BB99cB,DL-AP-2024-8901,"K. V. Raman, R.Ph.",G43.909,"Migraine, unspecified, not intractable",Neurology,"Sumatriptan Succinate (50 mg, 1 tablet at onset of migraine SOS, Qty: 10) | Naproxen Sodium (500 mg, Twice daily as needed with food, Qty: 20) | Propranolol HCl (40 mg, Twice daily for prophylaxis, Qty: 60)",3,AES-256-GCM,vault-transit-key-0xc1d61d6c,2985b9a6e9243f32a6023272,fe6ed5c38e9116a94dbadce2fa2a0b1e,0x01842c426c31bc51895bb872bf3e57df1fd6373d68d21f457fff602c3212ed4d,Qm028ebf0422610ed0572d845a75cd4d57fdba13387489,Pinata Dedicated IPFS Gateway,0.0.4891024,2145,2026-09-13 11:52:28 UTC,0x86420f84f55c1eee3e3a06564ac5a759cdbe466e9f0638042c6a2a32bbe4e2e0,0.0001,Pharmacy Dispensation Verification & Medication Fulfillment,Identity Verified (Wallet Protocol),Blockchain Audit Enabled
RX-0146,Madhav Reddy,849346,0x5c2c9231030af241b5399038fbdcb2cfc6a2e020,🔓 Decrypt RX,Pending - Ready to Decrypt,YES (Patient Consent Active),NO,NO,1609.51,Dr. Ananya Roy,0x9965507D1a55bcC2695C58ba16FB37d819B0A4dc,NMC-51203,Max Super Speciality Cancer Institute,Apex Central Clinical Dispensary,0x155Af6ECaFb48861dA7d16Fb8Af2f6ce9d6DD779,DL-AX-2026-3021,"Rajesh Nambiar, Pharm.D.",E11.65,Type 2 diabetes mellitus with hyperglycemia,Endocrinology,"Insulin Glargine Solostar (100 IU/mL, 14 Units Once Daily at Bedtime, Qty: 2) | Metformin XR (1000 mg, Once Daily post dinner, Qty: 30)",2,AES-256-GCM,vault-transit-key-0x5c2c9231,5d24923a90e6531b681f1caa,18b618d3387b719a7f3dc72b9bac0092,0x8abc10dc6fe0f90baf1662481a357a6a579ff14eec9929170a952d06ae6b586c,Qm4cf228e9fd59a6d5c64dd2652bf461eea8cccbc1d7e4,Pinata Dedicated IPFS Gateway,0.0.4891024,2146,2026-09-13 11:52:30 UTC,0x170f8586047901e9a41d2295f15138251961bd152f543bff806de1e1a42e200e,0.0001,Pharmacy Dispensation Verification & Medication Fulfillment,Identity Verified (Wallet Protocol),Blockchain Audit Enabled
RX-0147,Kiran Pandey,849347,0x74ac5804cc5bfcc1a8441b602657a36a591ff9d8,⏳ Waiting for Approval,Access Pending Approval,NO,YES,NO,516.92,Dr. Ananya Roy,0x9965507D1a55bcC2695C58ba16FB37d819B0A4dc,NMC-51203,Max Super Speciality Cancer Institute,Max Wellness Pharmacy,0x28B7eA94B34C8F52D19E50Eb14769Da20F5D54b4,DL-MW-2024-7731,"Sneha Mukherjee, R.Ph.",I10,Essential (primary) hypertension,Cardiology,"Amlodipine Besylate (5 mg, Once Daily (Morning), Qty: 30) | Telmisartan (40 mg, Once Daily (Morning), Qty: 30)",2,AES-256-GCM,vault-transit-key-0x74ac5804,6b60c571a390419da7a783e1,050b8ad0ff6894b5179b2b5bf42213a6,0x771aaa92437f9d0d93e00eb93a0e2995001aefad49fe1c2e5705f4ce97f0eecc,Qm0dfb4e8ba8887ca7a94a2482c7e70b2e93a1a35877fc,Pinata Dedicated IPFS Gateway,0.0.4891024,2147,2026-09-13 11:52:33 UTC,0xe1a7b5e6cf3c877f9b27c478a389bc3d7766542303f5a688446b3de81d8d560e,0.0001,Pharmacy Dispensation Verification & Medication Fulfillment,Identity Verified (Wallet Protocol),Blockchain Audit Enabled
RX-0148,Varun Agarwal,849348,0x96c91b08bffcb31f49315c89caa7edb2bbf7dc2a,Request Access,Unauthorized / Unlinked,NO,NO,NO,437.38,Dr. Preeti Deshmukh,0x23618e81E3f5cdF7f54C3d65f7FBc0aBf5B21E8f,NMC-82194,Care & Cure Pediatric & Maternity Hospital,Apex Central Clinical Dispensary,0x155Af6ECaFb48861dA7d16Fb8Af2f6ce9d6DD779,DL-AX-2026-3021,"Rajesh Nambiar, Pharm.D.",J06.9,Acute upper respiratory infection,Pediatrics / General,"Amoxicillin + Potassium Clavulanate (625 mg, Twice Daily post food, Qty: 14) | Paracetamol (650 mg, Thrice daily post meals SOS, Qty: 15) | Levocetirizine Dihydrochloride (5 mg, Once Daily at Bedtime, Qty: 7)",3,AES-256-GCM,vault-transit-key-0x96c91b08,640e868e9eb08f94408bdf15,1ad7f7ed8f76534aef0a746d03c767be,0x00b2290e46a4525c478153edaaa94feab4a89c979eadb644f5e4a03af28f59be,Qm1d02029da63a6e3c580d96e915572029e883796da69f,Pinata Dedicated IPFS Gateway,0.0.4891024,2148,2026-09-13 11:52:35 UTC,0xbd031420e7ee00fd835b19d811321044ede83e90d60dcbd48433e5bbb56299c4,0.0001,Pharmacy Dispensation Verification & Medication Fulfillment,Identity Verified (Wallet Protocol),Blockchain Audit Enabled
RX-0149,Rakesh Menon,849349,0xee3f7eb76d793deb69b080954098417e207d1666,🔓 Decrypt RX,Pending - Ready to Decrypt,YES (Patient Consent Active),NO,NO,1486.17,Dr. Ananya Roy,0x9965507D1a55bcC2695C58ba16FB37d819B0A4dc,NMC-51203,Max Super Speciality Cancer Institute,Fortis Care Dispensary,0x84f93618C1D541bB1Dcf1373A8eE500A7D439634,DL-FC-2025-1094,"Amit Singhania, R.Ph.",G40.909,"Epilepsy, unspecified",Neurology,"Levetiracetam (500 mg, Twice Daily morning & evening, Qty: 60) | Clobazam (10 mg, Once Daily at Bedtime, Qty: 30)",2,AES-256-GCM,vault-transit-key-0xee3f7eb7,432716e0cfb64a18e00002bb,19f9d39ab66c563e3ecf772a69ad0d26,0x1ec4d51f3c8b4e2a0638a4630911bd2dd42799061e69b4aacab4f98d3ad8b462,Qm0fe9dd60c8d38259bedc36689c987ec71e65edf0b91c,Pinata Dedicated IPFS Gateway,0.0.4891024,2149,2026-09-13 11:52:38 UTC,0xf7b9b8faed735d6b3a9e2a84ba5ced6077e27d25c3319381eb1477b110b154ac,0.0001,Pharmacy Dispensation Verification & Medication Fulfillment,Identity Verified (Wallet Protocol),Blockchain Audit Enabled
RX-0150,Siddharth Agarwal,849350,0xf50f7fdb12365a0205ccb096d924c368ca1cd8e8,⏳ Waiting for Approval,Access Pending Approval,NO,YES,NO,1681.85,Dr. Ananya Roy,0x9965507D1a55bcC2695C58ba16FB37d819B0A4dc,NMC-51203,Max Super Speciality Cancer Institute,Fortis Care Dispensary,0x84f93618C1D541bB1Dcf1373A8eE500A7D439634,DL-FC-2025-1094,"Amit Singhania, R.Ph.",C50.919,Malignant neoplasm of female breast,Oncology,"Tamoxifen Citrate (20 mg, Once Daily at fixed hour, Qty: 30) | Ondansetron HCl (8 mg, Twice Daily 30 min before food, Qty: 30) | Calcium Carbonate + Vit D3 (500mg/250IU, Once Daily post meal, Qty: 30)",3,AES-256-GCM,vault-transit-key-0xf50f7fdb,6af157346745a8fb87d1b842,bf8121ea96661cc1166fd39de22e5089,0xdf354cd56f4a10ed96077771f60089c443f53f92a62521659f341a1cdbd27c59,Qme52c2a8b36ebc74d829233dcb85ce90c0543a8c10b84,Pinata Dedicated IPFS Gateway,0.0.4891024,2150,2026-09-13 11:52:40 UTC,0x978bb857e920d0187a3cc814e920b13c42c4e150bf6d74e541b59f9d29b37a86,0.0001,Pharmacy Dispensation Verification & Medication Fulfillment,Identity Verified (Wallet Protocol),Blockchain Audit Enabled
RX-0151,Nikhil Patel,849351,0x76609d0657809996601748c4138718a1ad2b1097,Request Access,Unauthorized / Unlinked,NO,NO,NO,995.46,Dr. Sarah Jenkins,0x04Fee3FD1B338d12FFD6dBD8d66dE1e8e0BB99cB,NMC-48192,Apollo Multispecialty Hospital,Fortis Care Dispensary,0x84f93618C1D541bB1Dcf1373A8eE500A7D439634,DL-FC-2025-1094,"Amit Singhania, R.Ph.",I20.9,"Angina pectoris, unspecified",Cardiology,"Nitroglycerin Sublingual (0.4 mg, PRN for chest pain, Qty: 25) | Aspirin Gastro-resistant (75 mg, Once Daily post meal, Qty: 30) | Atorvastatin Calcium (40 mg, Once Daily at Bedtime, Qty: 30)",3,AES-256-GCM,vault-transit-key-0x76609d06,95274757076a8bf43350333e,6df835450ef37b1744236f43d4dbd4bc,0xdd0eae6e19c1e97778bf90f4a2c1a2f31a6d5795f56322e9e54f3ee97223f93c,Qme33e15a810f535528f40651b509669b229d744738c0c,Pinata Dedicated IPFS Gateway,0.0.4891024,2151,2026-09-13 11:52:42 UTC,0x6ddc102130806634b4dc9c7198fcff11f2d0e68f4b936d46c82db384a27afe70,0.0001,Pharmacy Dispensation Verification & Medication Fulfillment,Identity Verified (Wallet Protocol),Blockchain Audit Enabled
RX-0152,Aditi Gupta,849352,0xca341c6a89f8570ef4afa03bffbc54e6b4f5888a,🔓 Decrypt RX,Pending - Ready to Decrypt,YES (Patient Consent Active),NO,NO,1475.16,Dr. Rohan Patel,0x976EA74026E726554dB657fA54763abd0C3a0aa9,NMC-11029,Fortis Memorial Neuro & Trauma Center,Apex Central Clinical Dispensary,0x155Af6ECaFb48861dA7d16Fb8Af2f6ce9d6DD779,DL-AX-2026-3021,"Rajesh Nambiar, Pharm.D.",G40.909,"Epilepsy, unspecified",Neurology,"Levetiracetam (500 mg, Twice Daily morning & evening, Qty: 60) | Clobazam (10 mg, Once Daily at Bedtime, Qty: 30)",2,AES-256-GCM,vault-transit-key-0xca341c6a,db9dc3aea5ccafe34776c1de,bb2a2e4695b473de90d373a0fe491dcb,0x30b6a3abaa3255d2e358ba03c05945d7cf6b6b22dac2b3964b0a94b51c02cebb,Qm44136220419112d1d15c230e46ac7dc799fb0574a0a8,Pinata Dedicated IPFS Gateway,0.0.4891024,2152,2026-09-13 11:52:45 UTC,0x5f532d592cd78d844eaaec1ec682eb060ccbbc2c09a77dad531c84e9ee2b8a3e,0.0001,Pharmacy Dispensation Verification & Medication Fulfillment,Identity Verified (Wallet Protocol),Blockchain Audit Enabled
RX-0153,Priyanka Mehta,849353,0x85bba1642e47087b75011933e5f054422e9fb7bf,Dispensed (Fulfilled),Dispensed & Fulfilled,YES,NO,YES,1704.42,Dr. Sunita Narang,0xBcd4042DE499D14e55001CcbB24a551F3b954096,NMC-90812,Apex Diagnostic Reference Labs,MedPlus Health Hub,0x70997970C51812dc3A010C7d01b50e0d17dc79C8,DL-MP-2023-4122,"Priya Sundaram, Pharm.D.",C50.919,Malignant neoplasm of female breast,Oncology,"Tamoxifen Citrate (20 mg, Once Daily at fixed hour, Qty: 30) | Ondansetron HCl (8 mg, Twice Daily 30 min before food, Qty: 30) | Calcium Carbonate + Vit D3 (500mg/250IU, Once Daily post meal, Qty: 30)",3,AES-256-GCM,vault-transit-key-0x85bba164,eafad11405488c22a75ed6bf,645a4a212b1f3c4170b9c32e9430b2ca,0xe91f3ccea2af833e32c4913a893f8798b41794c3f7a6c2544a131530d20e9ee3,Qm1062f626c5351eb6e6229f09b9bd798b505eacf4f519,Pinata Dedicated IPFS Gateway,0.0.4891024,2153,2026-09-13 11:52:47 UTC,0x52e342159eeab6bad0edffb1d5fb22bca521bc48b84fef1d3f84e19f9a51fbe9,0.0001,Pharmacy Dispensation Verification & Medication Fulfillment,Identity Verified (Wallet Protocol),Blockchain Audit Enabled
RX-0154,Rahul Joshi,849354,0x9bf2c4613618b623c119eae36adc7d4ed68bbe95,🔓 Decrypt RX,Pending - Ready to Decrypt,YES (Patient Consent Active),NO,NO,1189.08,Dr. Sunita Narang,0xBcd4042DE499D14e55001CcbB24a551F3b954096,NMC-90812,Apex Diagnostic Reference Labs,Max Wellness Pharmacy,0x28B7eA94B34C8F52D19E50Eb14769Da20F5D54b4,DL-MW-2024-7731,"Sneha Mukherjee, R.Ph.",E11.9,Type 2 diabetes mellitus without complications,Endocrinology,"Metformin Hydrochloride (500 mg, Twice Daily with meals, Qty: 60) | Dapagliflozin Propanediol (10 mg, Once Daily morning, Qty: 30) | Glimepiride (2 mg, Once Daily pre-breakfast, Qty: 30)",3,AES-256-GCM,vault-transit-key-0x9bf2c461,95f63946b45c3b113caf4817,8ea7aef6cee245f50bf052e07079726f,0x369a2eeea8403fcdd722b75aa1b018a8a396c23398fc67c3c2fe3795b00d6873,Qm89fb67991eb45a94a48d9dc1860c15e6737f0db8a2cd,Pinata Dedicated IPFS Gateway,0.0.4891024,2154,2026-09-13 11:52:50 UTC,0x9e26ffa924eb22173bc0022dd409c06f53702ea377ee5b760f7a248173489b78,0.0001,Pharmacy Dispensation Verification & Medication Fulfillment,Identity Verified (Wallet Protocol),Blockchain Audit Enabled
RX-0155,Kiran Malhotra,849355,0xabf387c30818f0e2e85922cfc6a1cf44e5005247,🔓 Decrypt RX,Pending - Ready to Decrypt,YES (Patient Consent Active),NO,NO,1000.53,Dr. Rohan Patel,0x976EA74026E726554dB657fA54763abd0C3a0aa9,NMC-11029,Fortis Memorial Neuro & Trauma Center,Max Wellness Pharmacy,0x28B7eA94B34C8F52D19E50Eb14769Da20F5D54b4,DL-MW-2024-7731,"Sneha Mukherjee, R.Ph.",G43.909,"Migraine, unspecified, not intractable",Neurology,"Sumatriptan Succinate (50 mg, 1 tablet at onset of migraine SOS, Qty: 10) | Naproxen Sodium (500 mg, Twice daily as needed with food, Qty: 20) | Propranolol HCl (40 mg, Twice daily for prophylaxis, Qty: 60)",3,AES-256-GCM,vault-transit-key-0xabf387c3,426aa4a7255fa2ae6a27e6f5,cc1a50830e42a550b17c5e1ea9271aa2,0x25414686b331fed86c99235e1d86d40af8146e5ee85b749cbe1ecd6057e55371,Qmbbe5bd0915e63dfc6fcd8ddef0a8b99830ff870380aa,Pinata Dedicated IPFS Gateway,0.0.4891024,2155,2026-09-13 11:52:52 UTC,0xd9e1f037e18aaad3d97e89e8564b4b74b8a846e4dcb07fea792b04893bd36593,0.0001,Pharmacy Dispensation Verification & Medication Fulfillment,Identity Verified (Wallet Protocol),Blockchain Audit Enabled
RX-0156,Kavya Rao,849356,0xa579e55767d550ae7625efa3f0572e2b7f1c6fc3,Request Access,Unauthorized / Unlinked,NO,NO,NO,925.54,Dr. Rajesh Sharma,0x3c44CdDdB6a900fa2b585dd299e03d12FA4293BC,NMC-78491,Apollo Multispecialty Hospital,MedPlus Health Hub,0x70997970C51812dc3A010C7d01b50e0d17dc79C8,DL-MP-2023-4122,"Priya Sundaram, Pharm.D.",A90,Dengue fever [classical dengue],Infectious Disease,"Paracetamol Infusion / Tab (650 mg, Every 6 hours SOS fever > 100°F, Qty: 20) | Carica Papaya Leaf Extract (1100 mg, Thrice Daily post food, Qty: 21) | Oral Rehydration Salts (WHO formula) (21.8 g sachet, 1 sachet in 1L water daily, Qty: 7)",3,AES-256-GCM,vault-transit-key-0xa579e557,6dd4de753d30e85f701a2b34,b27060f285a19ef6f560373aaeb324d1,0x3e5a7879cff7dd305c7e0220fe0ccd446c3318c7c6bacc0432e824520a5b2268,Qm3c11db3b05d1d9b6bacc5cde695b3992c2c202a776d4,Pinata Dedicated IPFS Gateway,0.0.4891024,2156,2026-09-13 11:52:54 UTC,0x364d534112d46894959917cb9493f0d0b875d4fab168d4ccf1d14422d39fbc5f,0.0001,Pharmacy Dispensation Verification & Medication Fulfillment,Identity Verified (Wallet Protocol),Blockchain Audit Enabled
RX-0157,Divya Gowda,849357,0xde63a3ba274e8c35759ad9a77fa00cb5e7ac6024,🔓 Decrypt RX,Pending - Ready to Decrypt,YES (Patient Consent Active),NO,NO,975.32,Dr. Ananya Roy,0x9965507D1a55bcC2695C58ba16FB37d819B0A4dc,NMC-51203,Max Super Speciality Cancer Institute,MedPlus Health Hub,0x70997970C51812dc3A010C7d01b50e0d17dc79C8,DL-MP-2023-4122,"Priya Sundaram, Pharm.D.",G43.909,"Migraine, unspecified, not intractable",Neurology,"Sumatriptan Succinate (50 mg, 1 tablet at onset of migraine SOS, Qty: 10) | Naproxen Sodium (500 mg, Twice daily as needed with food, Qty: 20) | Propranolol HCl (40 mg, Twice daily for prophylaxis, Qty: 60)",3,AES-256-GCM,vault-transit-key-0xde63a3ba,6f960d189ad9951802173fee,ef23c377300e992f20eaa8f1d8d3e576,0x52d6106c00d26c8d274c1a47c909183450be39564065494b978991c08ff019b3,Qma1c9465acc3d7570a293b814c117494c9232e9805fa7,Pinata Dedicated IPFS Gateway,0.0.4891024,2157,2026-09-13 11:52:57 UTC,0x984af5cfc8615333a8b841f4e8a64f45b3abe96eea5c8d66dde178ee67c9f284,0.0001,Pharmacy Dispensation Verification & Medication Fulfillment,Identity Verified (Wallet Protocol),Blockchain Audit Enabled
RX-0158,Tanvi Reddy,849358,0x93733f04e06062a6ecb3bc1d5934d5cde76767b0,🔓 Decrypt RX,Pending - Ready to Decrypt,YES (Patient Consent Active),NO,NO,506.35,Dr. Rajesh Sharma,0x3c44CdDdB6a900fa2b585dd299e03d12FA4293BC,NMC-78491,Apollo Multispecialty Hospital,Fortis Care Dispensary,0x84f93618C1D541bB1Dcf1373A8eE500A7D439634,DL-FC-2025-1094,"Amit Singhania, R.Ph.",I10,Essential (primary) hypertension,Cardiology,"Amlodipine Besylate (5 mg, Once Daily (Morning), Qty: 30) | Telmisartan (40 mg, Once Daily (Morning), Qty: 30)",2,AES-256-GCM,vault-transit-key-0x93733f04,ed81601ba2dbd8287902cdea,67ba72d2a23dc1a5be0fbaa4dc0f4047,0x8855b1f83f7d6a8515ffec751bb5345a751cea817394609d3cee7b8bfadf5702,Qmce5410a2caa68eadded38dc8664df2ae67e814e097d3,Pinata Dedicated IPFS Gateway,0.0.4891024,2158,2026-09-13 11:52:59 UTC,0xa1ceac4144c1aca334bda6180e7d20cc52fef4117503b81dc82129bb24db59f3,0.0001,Pharmacy Dispensation Verification & Medication Fulfillment,Identity Verified (Wallet Protocol),Blockchain Audit Enabled
RX-0159,Gautam Pandey,849359,0x72aa8dd049435cb3be1ef10f58db319d95a44473,⏳ Waiting for Approval,Access Pending Approval,NO,YES,NO,506.76,Dr. Rohan Patel,0x976EA74026E726554dB657fA54763abd0C3a0aa9,NMC-11029,Fortis Memorial Neuro & Trauma Center,Max Wellness Pharmacy,0x28B7eA94B34C8F52D19E50Eb14769Da20F5D54b4,DL-MW-2024-7731,"Sneha Mukherjee, R.Ph.",I10,Essential (primary) hypertension,Cardiology,"Amlodipine Besylate (5 mg, Once Daily (Morning), Qty: 30) | Telmisartan (40 mg, Once Daily (Morning), Qty: 30)",2,AES-256-GCM,vault-transit-key-0x72aa8dd0,604d1e4d49659d8e959cb8d6,7af1480bf84f2d617c16dcc38140d9ed,0xef64ba49984cd5f00be31bfb4dea0572e40485b4d2cf25e9a8fa748074de7e90,Qm91c51d53795439a9b7e636e13997b9be10b653105bf7,Pinata Dedicated IPFS Gateway,0.0.4891024,2159,2026-09-13 11:53:02 UTC,0x5f739cbb3a7a0bdcf47598840f285b154d7eced548a9bd4308181f41df59e31d,0.0001,Pharmacy Dispensation Verification & Medication Fulfillment,Identity Verified (Wallet Protocol),Blockchain Audit Enabled
RX-0160,Pranav Shetty,849360,0x23f6351745cf0383c7d9062971ce07f49d484a28,🔓 Decrypt RX,Pending - Ready to Decrypt,YES (Patient Consent Active),NO,NO,1199.32,Dr. Rajesh Sharma,0x3c44CdDdB6a900fa2b585dd299e03d12FA4293BC,NMC-78491,Apollo Multispecialty Hospital,Max Wellness Pharmacy,0x28B7eA94B34C8F52D19E50Eb14769Da20F5D54b4,DL-MW-2024-7731,"Sneha Mukherjee, R.Ph.",E11.9,Type 2 diabetes mellitus without complications,Endocrinology,"Metformin Hydrochloride (500 mg, Twice Daily with meals, Qty: 60) | Dapagliflozin Propanediol (10 mg, Once Daily morning, Qty: 30) | Glimepiride (2 mg, Once Daily pre-breakfast, Qty: 30)",3,AES-256-GCM,vault-transit-key-0x23f63517,0c3739a31f668531ad1059da,b9489d032dde3ad495e18dad2ff1a510,0x3ed4a931c1e64b3f024147141d116c90397566d824ab368ec92434e76ab303db,Qm5075924615cef29d1bf00bd418c9db0f1bfcda07c12d,Pinata Dedicated IPFS Gateway,0.0.4891024,2160,2026-09-13 11:53:04 UTC,0x0ff91bebc28ffee4fa1699670c678f72acd7784e46b032ca48daca52e07b1e84,0.0001,Pharmacy Dispensation Verification & Medication Fulfillment,Identity Verified (Wallet Protocol),Blockchain Audit Enabled
RX-0161,Aarav Kapoor,849361,0x27bf44b361be88bdf553996aebb0257360283175,⏳ Waiting for Approval,Access Pending Approval,NO,YES,NO,1629.63,Dr. Ananya Roy,0x9965507D1a55bcC2695C58ba16FB37d819B0A4dc,NMC-51203,Max Super Speciality Cancer Institute,Apex Central Clinical Dispensary,0x155Af6ECaFb48861dA7d16Fb8Af2f6ce9d6DD779,DL-AX-2026-3021,"Rajesh Nambiar, Pharm.D.",E11.65,Type 2 diabetes mellitus with hyperglycemia,Endocrinology,"Insulin Glargine Solostar (100 IU/mL, 14 Units Once Daily at Bedtime, Qty: 2) | Metformin XR (1000 mg, Once Daily post dinner, Qty: 30)",2,AES-256-GCM,vault-transit-key-0x27bf44b3,74429e5b613c1659f21006c2,932684921401fbb0eed07975b8082bad,0x68ceef8779612931de5dd98430f0c8377bdcf108c68176ca99855e7c8400a1fa,Qmbf0e2a4c484f6061e210fa3a1a55fc90929241ade29b,Pinata Dedicated IPFS Gateway,0.0.4891024,2161,2026-09-13 11:53:07 UTC,0xfc16358117cb8f4394e8997eaf8d0144c05d7c3a2ee958d57309a59d3c55ac7d,0.0001,Pharmacy Dispensation Verification & Medication Fulfillment,Identity Verified (Wallet Protocol),Blockchain Audit Enabled
RX-0162,Meera Deshmukh,849362,0x0701be6e616d229b7b388fd30aece6bbc8378dec,Request Access,Unauthorized / Unlinked,NO,NO,NO,216.2,Dr. Rohan Patel,0x976EA74026E726554dB657fA54763abd0C3a0aa9,NMC-11029,Fortis Memorial Neuro & Trauma Center,MedPlus Health Hub,0x70997970C51812dc3A010C7d01b50e0d17dc79C8,DL-MP-2023-4122,"Priya Sundaram, Pharm.D.",E03.9,"Hypothyroidism, unspecified",Endocrinology,"Levothyroxine Sodium (50 mcg, Once Daily on empty stomach, Qty: 60)",1,AES-256-GCM,vault-transit-key-0x0701be6e,f4709fd6fce86331ce7ab4c2,2138b2630e64881cf62872a7d640c707,0x04c173ea939465f19bbaf55aaac42e25c2953e111f9e880fa7b2bb121d6f501b,Qmf05c11e1c016c475760922cebf9180dafdc479d067f4,Pinata Dedicated IPFS Gateway,0.0.4891024,2162,2026-09-13 11:53:09 UTC,0xe24dbcfa9d25d9f2c83a3fabd6a0883fbf4cb1360334504c0b49a037a935963a,0.0001,Pharmacy Dispensation Verification & Medication Fulfillment,Identity Verified (Wallet Protocol),Blockchain Audit Enabled
RX-0163,Harish Iyer,849363,0xba66b09b027e78ea37d06c1a47061365632a3943,🔓 Decrypt RX,Pending - Ready to Decrypt,YES (Patient Consent Active),NO,NO,1621.65,Dr. Sarah Jenkins,0x04Fee3FD1B338d12FFD6dBD8d66dE1e8e0BB99cB,NMC-48192,Apollo Multispecialty Hospital,Apollo Pharmacy Global,0x04Fee3FD1B338d12FFD6dBD8d66dE1e8e0BB99cB,DL-AP-2024-8901,"K. V. Raman, R.Ph.",E11.65,Type 2 diabetes mellitus with hyperglycemia,Endocrinology,"Insulin Glargine Solostar (100 IU/mL, 14 Units Once Daily at Bedtime, Qty: 2) | Metformin XR (1000 mg, Once Daily post dinner, Qty: 30)",2,AES-256-GCM,vault-transit-key-0xba66b09b,62372ba66326a158c07c9779,5d0038370ae6a6601668a0669759ec75,0x3caa3e2b722516a0960669cfc5062803bba1a65ced7a5ae636f3483ae7dd5516,Qmccd9bfc7bc26c249a868d80cba8cc152a92390ece8ba,Pinata Dedicated IPFS Gateway,0.0.4891024,2163,2026-09-13 11:53:11 UTC,0x9d74788bd88e7691b01197e10a9ea247aecb34375dbeabc7741027d694cf40dd,0.0001,Pharmacy Dispensation Verification & Medication Fulfillment,Identity Verified (Wallet Protocol),Blockchain Audit Enabled
RX-0164,Aarav Pandey,849364,0x782da7462ea6e7cbd52efcbd308cb54ba2d1e2bd,Dispensed (Fulfilled),Dispensed & Fulfilled,YES,NO,YES,933.39,Dr. Rohan Patel,0x976EA74026E726554dB657fA54763abd0C3a0aa9,NMC-11029,Fortis Memorial Neuro & Trauma Center,MedPlus Health Hub,0x70997970C51812dc3A010C7d01b50e0d17dc79C8,DL-MP-2023-4122,"Priya Sundaram, Pharm.D.",A90,Dengue fever [classical dengue],Infectious Disease,"Paracetamol Infusion / Tab (650 mg, Every 6 hours SOS fever > 100°F, Qty: 20) | Carica Papaya Leaf Extract (1100 mg, Thrice Daily post food, Qty: 21) | Oral Rehydration Salts (WHO formula) (21.8 g sachet, 1 sachet in 1L water daily, Qty: 7)",3,AES-256-GCM,vault-transit-key-0x782da746,86bb81bb039545246e6703de,f53f692ec021a9a964c8ad8f8908293b,0x220ba8e82ad8f7509de788327bf4459796be3956745ac3d5045ff6604b4d9e3a,Qm428437927c33ca651aef5cec0ee1ed416445b0e299bb,Pinata Dedicated IPFS Gateway,0.0.4891024,2164,2026-09-13 11:53:14 UTC,0xc040188da5ada86528aeae7751ba5fa8229214563af007c426a189687672b2cf,0.0001,Pharmacy Dispensation Verification & Medication Fulfillment,Identity Verified (Wallet Protocol),Blockchain Audit Enabled
RX-0165,Amit Agarwal,849365,0xf6f75664ab1da77961da3e22cfea257baf25e248,🔓 Decrypt RX,Pending - Ready to Decrypt,YES (Patient Consent Active),NO,NO,422.54,Dr. Ananya Roy,0x9965507D1a55bcC2695C58ba16FB37d819B0A4dc,NMC-51203,Max Super Speciality Cancer Institute,Apex Central Clinical Dispensary,0x155Af6ECaFb48861dA7d16Fb8Af2f6ce9d6DD779,DL-AX-2026-3021,"Rajesh Nambiar, Pharm.D.",J06.9,Acute upper respiratory infection,Pediatrics / General,"Amoxicillin + Potassium Clavulanate (625 mg, Twice Daily post food, Qty: 14) | Paracetamol (650 mg, Thrice daily post meals SOS, Qty: 15) | Levocetirizine Dihydrochloride (5 mg, Once Daily at Bedtime, Qty: 7)",3,AES-256-GCM,vault-transit-key-0xf6f75664,b4d244501c48f0184e78ad24,264553d66359c5ff87aa6f8f02232e33,0x56ba0b0b1b545ae3fb2a42bb75630d53fcc41a236e920a2c4683f35661cd1e35,Qmbe4c28c795ae2a9b2573345fa5fa0c85eac9f0bf2ac7,Pinata Dedicated IPFS Gateway,0.0.4891024,2165,2026-09-13 11:53:16 UTC,0x270384dd6e6d8b1b593d99e3e9b6eb67a415995e4a49ff33095532dcc24a2d34,0.0001,Pharmacy Dispensation Verification & Medication Fulfillment,Identity Verified (Wallet Protocol),Blockchain Audit Enabled
RX-0166,Divya Verma,849366,0x4df417e7d82a42a1e6764301d23a2f93f593e991,🔓 Decrypt RX,Pending - Ready to Decrypt,YES (Patient Consent Active),NO,NO,499.91,Dr. Rajesh Sharma,0x3c44CdDdB6a900fa2b585dd299e03d12FA4293BC,NMC-78491,Apollo Multispecialty Hospital,Apex Central Clinical Dispensary,0x155Af6ECaFb48861dA7d16Fb8Af2f6ce9d6DD779,DL-AX-2026-3021,"Rajesh Nambiar, Pharm.D.",I10,Essential (primary) hypertension,Cardiology,"Amlodipine Besylate (5 mg, Once Daily (Morning), Qty: 30) | Telmisartan (40 mg, Once Daily (Morning), Qty: 30)",2,AES-256-GCM,vault-transit-key-0x4df417e7,1aef5f685d535f6c4a794a31,a54c907eccc26a639528c2d3f096a12e,0x0fe41ad5ecca237c1de28c9e552b6405c61c0f036a5453b0b6650e9dd4761fb3,Qmcc5ff080f5dbde068880be0bb4d2dec9254935804ca0,Pinata Dedicated IPFS Gateway,0.0.4891024,2166,2026-09-13 11:53:19 UTC,0x8a05929ffd4800b14700670cc9fd175f55a7be191f4647ca156c3aabc26c2a07,0.0001,Pharmacy Dispensation Verification & Medication Fulfillment,Identity Verified (Wallet Protocol),Blockchain Audit Enabled
RX-0167,Manish Swaminathan,849367,0x99137225cfd1524e0fabfed1a32c5c2c7d2650f2,Request Access,Unauthorized / Unlinked,NO,NO,NO,954.65,Dr. Sarah Jenkins,0x04Fee3FD1B338d12FFD6dBD8d66dE1e8e0BB99cB,NMC-48192,Apollo Multispecialty Hospital,Fortis Care Dispensary,0x84f93618C1D541bB1Dcf1373A8eE500A7D439634,DL-FC-2025-1094,"Amit Singhania, R.Ph.",K21.9,Gastro-esophageal reflux disease,Gastroenterology,"Pantoprazole Gastro-resistant (40 mg, Once Daily 30 min pre-breakfast, Qty: 30) | Domperidone Sustained Release (30 mg, Once Daily morning, Qty: 30) | Sucralfate Oral Suspension (1000 mg/10mL, 10 mL thrice daily before meals, Qty: 2)",3,AES-256-GCM,vault-transit-key-0x99137225,bdb3cfe6cb6816808e4fe696,c8ef861bcfe9e69b6345716bc4983c4b,0xdc5383988285de96dee992d17f9701a8b0666f590a7f2d21e1d851149649e579,Qme05bc1a0f56f2041120a09b49f40acf1e76421d04a64,Pinata Dedicated IPFS Gateway,0.0.4891024,2167,2026-09-13 11:53:21 UTC,0x58317951194908ef69d7bf5ac375adc82500fc79e865c6d30e3c5248e7700fa3,0.0001,Pharmacy Dispensation Verification & Medication Fulfillment,Identity Verified (Wallet Protocol),Blockchain Audit Enabled
RX-0168,Gautam Shetty,849368,0xa25fd05223817a3d087f113816ff0e22c49926f6,Request Access,Unauthorized / Unlinked,NO,NO,NO,941.74,Dr. Ananya Roy,0x9965507D1a55bcC2695C58ba16FB37d819B0A4dc,NMC-51203,Max Super Speciality Cancer Institute,Apollo Pharmacy Global,0x04Fee3FD1B338d12FFD6dBD8d66dE1e8e0BB99cB,DL-AP-2024-8901,"K. V. Raman, R.Ph.",K21.9,Gastro-esophageal reflux disease,Gastroenterology,"Pantoprazole Gastro-resistant (40 mg, Once Daily 30 min pre-breakfast, Qty: 30) | Domperidone Sustained Release (30 mg, Once Daily morning, Qty: 30) | Sucralfate Oral Suspension (1000 mg/10mL, 10 mL thrice daily before meals, Qty: 2)",3,AES-256-GCM,vault-transit-key-0xa25fd052,e6cac3e659572ee678f4f40f,8c12fad6feb9c3990d3b1f003f4a4542,0x3cc9c0d7eeaab72f1a3354dcf7191e116a77dcb67d4c7126f67f082ce4f91a26,Qm445f19b00f3028252d7a5640fde718848c88b6e4c953,Pinata Dedicated IPFS Gateway,0.0.4891024,2168,2026-09-13 11:53:23 UTC,0x04719dee7b0cf26bb81666d5dcc8d567a23bec77cf366270efa9cbc05b8fbc95,0.0001,Pharmacy Dispensation Verification & Medication Fulfillment,Identity Verified (Wallet Protocol),Blockchain Audit Enabled
RX-0169,Madhav Patel,849369,0x2514413029e68f0a5c284579ca1916e733a9ef23,🔓 Decrypt RX,Pending - Ready to Decrypt,YES (Patient Consent Active),NO,NO,991.21,Dr. Sunita Narang,0xBcd4042DE499D14e55001CcbB24a551F3b954096,NMC-90812,Apex Diagnostic Reference Labs,Apollo Pharmacy Global,0x04Fee3FD1B338d12FFD6dBD8d66dE1e8e0BB99cB,DL-AP-2024-8901,"K. V. Raman, R.Ph.",G43.909,"Migraine, unspecified, not intractable",Neurology,"Sumatriptan Succinate (50 mg, 1 tablet at onset of migraine SOS, Qty: 10) | Naproxen Sodium (500 mg, Twice daily as needed with food, Qty: 20) | Propranolol HCl (40 mg, Twice daily for prophylaxis, Qty: 60)",3,AES-256-GCM,vault-transit-key-0x25144130,6ac0d5992fa578bef47491d8,cf0f56012523521b4eee4cbcf0ef4605,0xc9f41a4a933cde8d150ff7d9f4f229eede0fb3b6a49f17f029574ac5f8da3a1b,Qmbf6e97b437559e4f44532bc510072f2871bace7dffa1,Pinata Dedicated IPFS Gateway,0.0.4891024,2169,2026-09-13 11:53:26 UTC,0xbff11a487b4dfd7e230ed990d5b1f532d526a4aeb76624f3ff165c913e6ae5d4,0.0001,Pharmacy Dispensation Verification & Medication Fulfillment,Identity Verified (Wallet Protocol),Blockchain Audit Enabled
RX-0170,Deepak Swaminathan,849370,0x6500c9bfd725cb5706e29cd17a5bbe0b40219ddd,⏳ Waiting for Approval,Access Pending Approval,NO,YES,NO,504.2,Dr. Vikram Seth,0x15d34AAf54267DB7D7c367839AAf71A00a2C6A65,NMC-99014,Max Super Speciality Cancer Institute,Apollo Pharmacy Global,0x04Fee3FD1B338d12FFD6dBD8d66dE1e8e0BB99cB,DL-AP-2024-8901,"K. V. Raman, R.Ph.",I10,Essential (primary) hypertension,Cardiology,"Amlodipine Besylate (5 mg, Once Daily (Morning), Qty: 30) | Telmisartan (40 mg, Once Daily (Morning), Qty: 30)",2,AES-256-GCM,vault-transit-key-0x6500c9bf,0ed33642fc3f477bdfbb85b4,9d452346195b310690b25ef51284f945,0xafb41aee81c97e639afe50f403867bd6af7341d26c47902117935f68d9b52df6,Qm5d036edc518a963b55e373162afa2b55643685849cfc,Pinata Dedicated IPFS Gateway,0.0.4891024,2170,2026-09-13 11:53:28 UTC,0x81ee2769eb92175a5fa237fd2ce1a1e4e1efdc5a73b7e8fd14467e6761de8ef5,0.0001,Pharmacy Dispensation Verification & Medication Fulfillment,Identity Verified (Wallet Protocol),Blockchain Audit Enabled
RX-0171,Gautam Hegde,849371,0x39d54e0ce0d3709ca93a81a9d0bb0da64167b0f0,🔓 Decrypt RX,Pending - Ready to Decrypt,YES (Patient Consent Active),NO,NO,211.67,Dr. Rajesh Sharma,0x3c44CdDdB6a900fa2b585dd299e03d12FA4293BC,NMC-78491,Apollo Multispecialty Hospital,Max Wellness Pharmacy,0x28B7eA94B34C8F52D19E50Eb14769Da20F5D54b4,DL-MW-2024-7731,"Sneha Mukherjee, R.Ph.",E03.9,"Hypothyroidism, unspecified",Endocrinology,"Levothyroxine Sodium (50 mcg, Once Daily on empty stomach, Qty: 60)",1,AES-256-GCM,vault-transit-key-0x39d54e0c,45c22cd26cfd32f22aa3a7a6,0dbe912320709a0ca7b92ed13d06fa92,0x1361b1567615395a9de980310692fbf726b2c111fe832d5e248203f953e9c429,Qm4d7134af622723eff1662c8ae66c4f46e0fd59b25abb,Pinata Dedicated IPFS Gateway,0.0.4891024,2171,2026-09-13 11:53:31 UTC,0xedf695466f00b6a459e688775af7e7c0765ae21f6495110a62a90fd0b43153ec,0.0001,Pharmacy Dispensation Verification & Medication Fulfillment,Identity Verified (Wallet Protocol),Blockchain Audit Enabled
RX-0172,Neha Mukherjee,849372,0xfd37f8e32ff004cea9439ac3b89c738a853b77d0,🔓 Decrypt RX,Pending - Ready to Decrypt,YES (Patient Consent Active),NO,NO,1502.78,Dr. Sarah Jenkins,0x04Fee3FD1B338d12FFD6dBD8d66dE1e8e0BB99cB,NMC-48192,Apollo Multispecialty Hospital,Apex Central Clinical Dispensary,0x155Af6ECaFb48861dA7d16Fb8Af2f6ce9d6DD779,DL-AX-2026-3021,"Rajesh Nambiar, Pharm.D.",G40.909,"Epilepsy, unspecified",Neurology,"Levetiracetam (500 mg, Twice Daily morning & evening, Qty: 60) | Clobazam (10 mg, Once Daily at Bedtime, Qty: 30)",2,AES-256-GCM,vault-transit-key-0xfd37f8e3,45bf393f6f9fe37aa58daeec,7804f8a554b9e2d456425b8bedf23066,0x20a21ecda514e8dd4fa65549e85628a2830634823aa27194048ff265d0f09277,Qm278a41fc22830739a4cdbdb2bd6e96c3d79e9cc27201,Pinata Dedicated IPFS Gateway,0.0.4891024,2172,2026-09-13 11:53:32 UTC,0x7e619bc51c1453caee57d24937c2d0b9ca1116eedfdf38130b0478ba2d48c113,0.0001,Pharmacy Dispensation Verification & Medication Fulfillment,Identity Verified (Wallet Protocol),Blockchain Audit Enabled
RX-0173,Divya Pandey,849373,0x0930c7dc2101c904a577838a5fa074330e324f10,🔓 Decrypt RX,Pending - Ready to Decrypt,YES (Patient Consent Active),NO,NO,943.0,Dr. Rohan Patel,0x976EA74026E726554dB657fA54763abd0C3a0aa9,NMC-11029,Fortis Memorial Neuro & Trauma Center,Apollo Pharmacy Global,0x04Fee3FD1B338d12FFD6dBD8d66dE1e8e0BB99cB,DL-AP-2024-8901,"K. V. Raman, R.Ph.",K21.9,Gastro-esophageal reflux disease,Gastroenterology,"Pantoprazole Gastro-resistant (40 mg, Once Daily 30 min pre-breakfast, Qty: 30) | Domperidone Sustained Release (30 mg, Once Daily morning, Qty: 30) | Sucralfate Oral Suspension (1000 mg/10mL, 10 mL thrice daily before meals, Qty: 2)",3,AES-256-GCM,vault-transit-key-0x0930c7dc,f3d586a62942da2f7b431ca8,9f321ee4363468f1d1334d48463ec95f,0xade753499f4af2e15680b5fe8717bf750af0064482e6aa64c25ce30cd48444bd,Qm6b52a19cc269bb0f61df431480fe690e3a758ca4dde0,Pinata Dedicated IPFS Gateway,0.0.4891024,2173,2026-09-13 11:53:35 UTC,0x03b973908e8b20f7b3b26412240496a9dbbba0b9ec731afebfc839eb34aa0b82,0.0001,Pharmacy Dispensation Verification & Medication Fulfillment,Identity Verified (Wallet Protocol),Blockchain Audit Enabled
RX-0174,Madhav Mehta,849374,0x3e62fefeea22146a95c44be200b3b45d8e4dcdce,Dispensed (Fulfilled),Dispensed & Fulfilled,YES,NO,YES,1627.86,Dr. Ananya Roy,0x9965507D1a55bcC2695C58ba16FB37d819B0A4dc,NMC-51203,Max Super Speciality Cancer Institute,Apollo Pharmacy Global,0x04Fee3FD1B338d12FFD6dBD8d66dE1e8e0BB99cB,DL-AP-2024-8901,"K. V. Raman, R.Ph.",E11.65,Type 2 diabetes mellitus with hyperglycemia,Endocrinology,"Insulin Glargine Solostar (100 IU/mL, 14 Units Once Daily at Bedtime, Qty: 2) | Metformin XR (1000 mg, Once Daily post dinner, Qty: 30)",2,AES-256-GCM,vault-transit-key-0x3e62fefe,0ba246c0a5fa37e51f2d2ad9,127517ac67bf0226d929e1f08580cd2c,0x299cd0de4af527442d0bb6f284de2d314fe2a1c4028bb73f6afb7db4849f92b4,Qm61f3cc37dbb802a60af90d72d2806286ea56c8a54e97,Pinata Dedicated IPFS Gateway,0.0.4891024,2174,2026-09-13 11:53:38 UTC,0x8c36c0d3988eeb4681712882ce52239210cab42e239a55b77219ce1e59768f1c,0.0001,Pharmacy Dispensation Verification & Medication Fulfillment,Identity Verified (Wallet Protocol),Blockchain Audit Enabled
RX-0175,Kavya Chatterjee,849375,0xde414a6124be157c0da34f0fa42c66963493ede3,🔓 Decrypt RX,Pending - Ready to Decrypt,YES (Patient Consent Active),NO,NO,201.42,Dr. Ananya Roy,0x9965507D1a55bcC2695C58ba16FB37d819B0A4dc,NMC-51203,Max Super Speciality Cancer Institute,Fortis Care Dispensary,0x84f93618C1D541bB1Dcf1373A8eE500A7D439634,DL-FC-2025-1094,"Amit Singhania, R.Ph.",E03.9,"Hypothyroidism, unspecified",Endocrinology,"Levothyroxine Sodium (50 mcg, Once Daily on empty stomach, Qty: 60)",1,AES-256-GCM,vault-transit-key-0xde414a61,98537ac2c1604b61d575ae30,b6d04a3f2d88d3ebb2d11352ef7d99de,0xba0a9c03bc6c6ee8c230f0ebd1ac5a1f62eba32562b4a97c8bb82f084962ebdb,Qm03af3edbb850fc04dd56b0cc4bf3bcf65feb51524536,Pinata Dedicated IPFS Gateway,0.0.4891024,2175,2026-09-13 11:53:40 UTC,0x592e27960de27b00ebcdc509290fb8beca2cea7fd1dd59181604adf0eb0677f4,0.0001,Pharmacy Dispensation Verification & Medication Fulfillment,Identity Verified (Wallet Protocol),Blockchain Audit Enabled
RX-0176,Tanvi Gowda,849376,0x25d3b169211a31bb939e12964de05bef0c1aa0b4,🔓 Decrypt RX,Pending - Ready to Decrypt,YES (Patient Consent Active),NO,NO,209.01,Dr. Sarah Jenkins,0x04Fee3FD1B338d12FFD6dBD8d66dE1e8e0BB99cB,NMC-48192,Apollo Multispecialty Hospital,Fortis Care Dispensary,0x84f93618C1D541bB1Dcf1373A8eE500A7D439634,DL-FC-2025-1094,"Amit Singhania, R.Ph.",E03.9,"Hypothyroidism, unspecified",Endocrinology,"Levothyroxine Sodium (50 mcg, Once Daily on empty stomach, Qty: 60)",1,AES-256-GCM,vault-transit-key-0x25d3b169,94e291e538b0e216acc2d7de,b9c511f378a26b8c0936a121c64978c3,0x2c8e11bf7947b89fdf5f125f9e25a694d53870b4d122e9f1454eefe2f59e1b4d,Qm95b7402a3a8a7f0b19fc35d6e70960172bc569555d60,Pinata Dedicated IPFS Gateway,0.0.4891024,2176,2026-09-13 11:53:42 UTC,0x27056c2350c468bd95ff4be4734d78e5364e8040689e777738c847329ce5ae36,0.0001,Pharmacy Dispensation Verification & Medication Fulfillment,Identity Verified (Wallet Protocol),Blockchain Audit Enabled
RX-0177,Deepak Joshi,849377,0xeba001de78f874da282af873088bac237b008c39,⏳ Waiting for Approval,Access Pending Approval,NO,YES,NO,419.17,Dr. Ananya Roy,0x9965507D1a55bcC2695C58ba16FB37d819B0A4dc,NMC-51203,Max Super Speciality Cancer Institute,Max Wellness Pharmacy,0x28B7eA94B34C8F52D19E50Eb14769Da20F5D54b4,DL-MW-2024-7731,"Sneha Mukherjee, R.Ph.",J06.9,Acute upper respiratory infection,Pediatrics / General,"Amoxicillin + Potassium Clavulanate (625 mg, Twice Daily post food, Qty: 14) | Paracetamol (650 mg, Thrice daily post meals SOS, Qty: 15) | Levocetirizine Dihydrochloride (5 mg, Once Daily at Bedtime, Qty: 7)",3,AES-256-GCM,vault-transit-key-0xeba001de,539741ca5cdd96ec113d23d7,4f2718c89b284b98205115d7aa31bef8,0x6ba4323156321639840b71998cd2fcaf87c0f513f483cda626f0bd7dc6f9ae9a,Qm2d5e48c9da5b990d130e75dd9bf1b7c70e0292130ddb,Pinata Dedicated IPFS Gateway,0.0.4891024,2177,2026-09-13 11:53:44 UTC,0xb986fe368368a6157f4b7359f86bb1297857b68080a767652b91683eff8ef3f3,0.0001,Pharmacy Dispensation Verification & Medication Fulfillment,Identity Verified (Wallet Protocol),Blockchain Audit Enabled
RX-0178,Tanvi Pandey,849378,0x0f6b10ebbfb1980716c477fca29b96a078f7e37b,🔓 Decrypt RX,Pending - Ready to Decrypt,YES (Patient Consent Active),NO,NO,989.05,Dr. Sarah Jenkins,0x04Fee3FD1B338d12FFD6dBD8d66dE1e8e0BB99cB,NMC-48192,Apollo Multispecialty Hospital,Max Wellness Pharmacy,0x28B7eA94B34C8F52D19E50Eb14769Da20F5D54b4,DL-MW-2024-7731,"Sneha Mukherjee, R.Ph.",I20.9,"Angina pectoris, unspecified",Cardiology,"Nitroglycerin Sublingual (0.4 mg, PRN for chest pain, Qty: 25) | Aspirin Gastro-resistant (75 mg, Once Daily post meal, Qty: 30) | Atorvastatin Calcium (40 mg, Once Daily at Bedtime, Qty: 30)",3,AES-256-GCM,vault-transit-key-0x0f6b10eb,59d352120eb776e8c23a2a6b,38645dd6944b7d048180075cda0765f0,0x2bb922d104ad94167ec7e4bff13b204167827f565706a9d534579e6fa9a64dd5,Qm7d582d091c74514fbfcb79123f668a14a5bbd5cf6044,Pinata Dedicated IPFS Gateway,0.0.4891024,2178,2026-09-13 11:53:48 UTC,0xbe9702994e000a65ae5b684566ad70bc3376a9dc313a63794bc2db5c449cd94d,0.0001,Pharmacy Dispensation Verification & Medication Fulfillment,Identity Verified (Wallet Protocol),Blockchain Audit Enabled
RX-0179,Bhavna Joshi,849379,0x6f269df8eef5106b50ee2beab7be9ff8a32f5518,Dispensed (Fulfilled),Dispensed & Fulfilled,YES,NO,YES,1186.85,Dr. Vikram Seth,0x15d34AAf54267DB7D7c367839AAf71A00a2C6A65,NMC-99014,Max Super Speciality Cancer Institute,Apollo Pharmacy Global,0x04Fee3FD1B338d12FFD6dBD8d66dE1e8e0BB99cB,DL-AP-2024-8901,"K. V. Raman, R.Ph.",E11.9,Type 2 diabetes mellitus without complications,Endocrinology,"Metformin Hydrochloride (500 mg, Twice Daily with meals, Qty: 60) | Dapagliflozin Propanediol (10 mg, Once Daily morning, Qty: 30) | Glimepiride (2 mg, Once Daily pre-breakfast, Qty: 30)",3,AES-256-GCM,vault-transit-key-0x6f269df8,c15f9ca9ee5e06b8d0396c0b,710cbf07d0ba001f620ea237385c5a8d,0x34875049c826956af999bf8fcd1e8c620d1d8aaa564c206c80e594e339ef39f2,Qm98154a23fc739a3bf631c6216cfbe32f2dc689b3ba73,Pinata Dedicated IPFS Gateway,0.0.4891024,2179,2026-09-13 11:53:50 UTC,0x63a80d97d7ae4a2f1aa1e300550da4f9a362c19b8dee832d81d2c7f9cb8e4037,0.0001,Pharmacy Dispensation Verification & Medication Fulfillment,Identity Verified (Wallet Protocol),Blockchain Audit Enabled
RX-0180,Kiran Shetty,849380,0xb3d2e4813a6d6143a1fd09084e95b1866b37c742,🔓 Decrypt RX,Pending - Ready to Decrypt,YES (Patient Consent Active),NO,NO,205.46,Dr. Preeti Deshmukh,0x23618e81E3f5cdF7f54C3d65f7FBc0aBf5B21E8f,NMC-82194,Care & Cure Pediatric & Maternity Hospital,MedPlus Health Hub,0x70997970C51812dc3A010C7d01b50e0d17dc79C8,DL-MP-2023-4122,"Priya Sundaram, Pharm.D.",E03.9,"Hypothyroidism, unspecified",Endocrinology,"Levothyroxine Sodium (50 mcg, Once Daily on empty stomach, Qty: 60)",1,AES-256-GCM,vault-transit-key-0xb3d2e481,525f0881e5936a0f8332e5b4,66ed9a29274f04c6f828fc6fe97803f8,0x8769ed3814c70434e95b54e27e7e3c90de0bc3956a719448c7a273cefc1698c7,Qm1d4c86a10a9b7fbd6877b10852e6c43952b095cc7895,Pinata Dedicated IPFS Gateway,0.0.4891024,2180,2026-09-13 11:53:52 UTC,0xd0e6d8167d835f4a6923f84872b815ab2aa39a68f501aa5db7b6ad2a1aad9950,0.0001,Pharmacy Dispensation Verification & Medication Fulfillment,Identity Verified (Wallet Protocol),Blockchain Audit Enabled
RX-0181,Sakshi Joshi,849381,0xa8567020ebc1d01449dff634b0363fa63ebeeaa9,🔓 Decrypt RX,Pending - Ready to Decrypt,YES (Patient Consent Active),NO,NO,983.34,Dr. Rohan Patel,0x976EA74026E726554dB657fA54763abd0C3a0aa9,NMC-11029,Fortis Memorial Neuro & Trauma Center,Apex Central Clinical Dispensary,0x155Af6ECaFb48861dA7d16Fb8Af2f6ce9d6DD779,DL-AX-2026-3021,"Rajesh Nambiar, Pharm.D.",I20.9,"Angina pectoris, unspecified",Cardiology,"Nitroglycerin Sublingual (0.4 mg, PRN for chest pain, Qty: 25) | Aspirin Gastro-resistant (75 mg, Once Daily post meal, Qty: 30) | Atorvastatin Calcium (40 mg, Once Daily at Bedtime, Qty: 30)",3,AES-256-GCM,vault-transit-key-0xa8567020,4f88388454e215bb4545b11f,86cc1b0cfeca2c0bd9192381e08e9114,0x83b62fd020f5ebf1baef2a1a72c2c8e6028decd830fd821bf9a643a576057525,Qm69399be02c0551974996d6a34d54b312b73b00f78a14,Pinata Dedicated IPFS Gateway,0.0.4891024,2181,2026-09-13 11:53:55 UTC,0x0f8fd7592d6f65c3e2085a0f5fec7fbcc4b2ce79f392430fc4441e39cff4ae5c,0.0001,Pharmacy Dispensation Verification & Medication Fulfillment,Identity Verified (Wallet Protocol),Blockchain Audit Enabled
RX-0182,Harish Menon,849382,0x7af7dae14ec7a5443d513d46e695b33794af6b0d,Dispensed (Fulfilled),Dispensed & Fulfilled,YES,NO,YES,517.9,Dr. Rohan Patel,0x976EA74026E726554dB657fA54763abd0C3a0aa9,NMC-11029,Fortis Memorial Neuro & Trauma Center,Fortis Care Dispensary,0x84f93618C1D541bB1Dcf1373A8eE500A7D439634,DL-FC-2025-1094,"Amit Singhania, R.Ph.",I10,Essential (primary) hypertension,Cardiology,"Amlodipine Besylate (5 mg, Once Daily (Morning), Qty: 30) | Telmisartan (40 mg, Once Daily (Morning), Qty: 30)",2,AES-256-GCM,vault-transit-key-0x7af7dae1,853b3d243b9f8da24777997d,8d5b3fb8c069142d3c61e9a18b7e1014,0xf5d7a7aaffddc0bcefbabb72ce80e9c3460ee7dbd1e741960c0454374d3f3f98,Qm3e45f06d97d0b0e930a3c3cff6f591e4dcea44cfc138,Pinata Dedicated IPFS Gateway,0.0.4891024,2182,2026-09-13 11:53:57 UTC,0x65b29cde0c40cfebcfa0390951b60f0a9827eb15081357a7b76299e95fea4d9f,0.0001,Pharmacy Dispensation Verification & Medication Fulfillment,Identity Verified (Wallet Protocol),Blockchain Audit Enabled
RX-0183,Riya Joshi,849383,0xd21fde106b061f49813151da61e84d067557c7a0,⏳ Waiting for Approval,Access Pending Approval,NO,YES,NO,1630.12,Dr. Vikram Seth,0x15d34AAf54267DB7D7c367839AAf71A00a2C6A65,NMC-99014,Max Super Speciality Cancer Institute,Apollo Pharmacy Global,0x04Fee3FD1B338d12FFD6dBD8d66dE1e8e0BB99cB,DL-AP-2024-8901,"K. V. Raman, R.Ph.",E11.65,Type 2 diabetes mellitus with hyperglycemia,Endocrinology,"Insulin Glargine Solostar (100 IU/mL, 14 Units Once Daily at Bedtime, Qty: 2) | Metformin XR (1000 mg, Once Daily post dinner, Qty: 30)",2,AES-256-GCM,vault-transit-key-0xd21fde10,726c710c5e569d08920f6faf,322a78aeee167c0c728907123f14c72a,0x1ff125300236142bd5db0ad8b69f46df4777eb9689719facc6945367d2889e76,Qm82ded40b186efe23ed0c62837bde8c5a6bf875953fa6,Pinata Dedicated IPFS Gateway,0.0.4891024,2183,2026-09-13 11:53:59 UTC,0x8a6226d8f078e0e58b222c3873e4fd3bff80a8a1abdf07a2139790e50a387ff9,0.0001,Pharmacy Dispensation Verification & Medication Fulfillment,Identity Verified (Wallet Protocol),Blockchain Audit Enabled
RX-0184,Riya Hegde,849384,0xd04c74c9a880d4562ee307f9ffaab8025f2a7cb7,🔓 Decrypt RX,Pending - Ready to Decrypt,YES (Patient Consent Active),NO,NO,1199.17,Dr. Preeti Deshmukh,0x23618e81E3f5cdF7f54C3d65f7FBc0aBf5B21E8f,NMC-82194,Care & Cure Pediatric & Maternity Hospital,Apollo Pharmacy Global,0x04Fee3FD1B338d12FFD6dBD8d66dE1e8e0BB99cB,DL-AP-2024-8901,"K. V. Raman, R.Ph.",E11.9,Type 2 diabetes mellitus without complications,Endocrinology,"Metformin Hydrochloride (500 mg, Twice Daily with meals, Qty: 60) | Dapagliflozin Propanediol (10 mg, Once Daily morning, Qty: 30) | Glimepiride (2 mg, Once Daily pre-breakfast, Qty: 30)",3,AES-256-GCM,vault-transit-key-0xd04c74c9,b1e511357e4785e41862f7a2,a28acceed898f17b1e90f681dd9a6e7e,0x161cca750fffa4f98948a641c5354c1e16cfcb5ba685a76933906b0a3331aa7b,Qmd8efde324ff9a16bb03eb3189d2b3ef4bcbb3048ad3d,Pinata Dedicated IPFS Gateway,0.0.4891024,2184,2026-09-13 11:54:02 UTC,0x3bddd707c248c680cd9475989ad44eb9dbb68aa97c9056aedd33951b69f71b2e,0.0001,Pharmacy Dispensation Verification & Medication Fulfillment,Identity Verified (Wallet Protocol),Blockchain Audit Enabled
RX-0185,Meera Hegde,849385,0x114d1ae9d213fb01ec04fca42450c88d76dead37,🔓 Decrypt RX,Pending - Ready to Decrypt,YES (Patient Consent Active),NO,NO,1188.83,Dr. Preeti Deshmukh,0x23618e81E3f5cdF7f54C3d65f7FBc0aBf5B21E8f,NMC-82194,Care & Cure Pediatric & Maternity Hospital,Max Wellness Pharmacy,0x28B7eA94B34C8F52D19E50Eb14769Da20F5D54b4,DL-MW-2024-7731,"Sneha Mukherjee, R.Ph.",E11.9,Type 2 diabetes mellitus without complications,Endocrinology,"Metformin Hydrochloride (500 mg, Twice Daily with meals, Qty: 60) | Dapagliflozin Propanediol (10 mg, Once Daily morning, Qty: 30) | Glimepiride (2 mg, Once Daily pre-breakfast, Qty: 30)",3,AES-256-GCM,vault-transit-key-0x114d1ae9,1331c388b868db73b2877f0d,e08deb12c4282458383978c037a1f2a7,0x96477f683f0508b93b0ac3af5de6464a10812ffc0e8fbe3a93a09c4fe7d7ceaa,Qm2af5f845b0528437a625ac7ad4b7f867fa49938b5b17,Pinata Dedicated IPFS Gateway,0.0.4891024,2185,2026-09-13 11:54:04 UTC,0x02bd958a6827d461ec855b3925ab8e242530dc3d1cbc067b30c9b88cf950d784,0.0001,Pharmacy Dispensation Verification & Medication Fulfillment,Identity Verified (Wallet Protocol),Blockchain Audit Enabled
RX-0186,Kiran Sharma,849386,0xafb425872241195cd5a4f7ee59de5dd5ea35db9f,Dispensed (Fulfilled),Dispensed & Fulfilled,YES,NO,YES,948.79,Dr. Sunita Narang,0xBcd4042DE499D14e55001CcbB24a551F3b954096,NMC-90812,Apex Diagnostic Reference Labs,Max Wellness Pharmacy,0x28B7eA94B34C8F52D19E50Eb14769Da20F5D54b4,DL-MW-2024-7731,"Sneha Mukherjee, R.Ph.",K21.9,Gastro-esophageal reflux disease,Gastroenterology,"Pantoprazole Gastro-resistant (40 mg, Once Daily 30 min pre-breakfast, Qty: 30) | Domperidone Sustained Release (30 mg, Once Daily morning, Qty: 30) | Sucralfate Oral Suspension (1000 mg/10mL, 10 mL thrice daily before meals, Qty: 2)",3,AES-256-GCM,vault-transit-key-0xafb42587,6c1f03a729c12574c8ea300b,7cfd5753b59f517f604b39cb6fb8b3d5,0x58930981bda6dcfe2e8009aef364cdbfe10a954661488c2e390991df5a1799cf,Qm9ff1de0cd55a8cba056ee400514214d53abaee0d8f5e,Pinata Dedicated IPFS Gateway,0.0.4891024,2186,2026-09-13 11:54:06 UTC,0x2d525e36c816a1376975b6ae7d224b496125e2552205922f3bcf364af07d518f,0.0001,Pharmacy Dispensation Verification & Medication Fulfillment,Identity Verified (Wallet Protocol),Blockchain Audit Enabled
RX-0187,Rakesh Chatterjee,849387,0xb986789dd835b27a8d96688b775e852c30d9664b,Dispensed (Fulfilled),Dispensed & Fulfilled,YES,NO,YES,514.02,Dr. Rohan Patel,0x976EA74026E726554dB657fA54763abd0C3a0aa9,NMC-11029,Fortis Memorial Neuro & Trauma Center,Max Wellness Pharmacy,0x28B7eA94B34C8F52D19E50Eb14769Da20F5D54b4,DL-MW-2024-7731,"Sneha Mukherjee, R.Ph.",I10,Essential (primary) hypertension,Cardiology,"Amlodipine Besylate (5 mg, Once Daily (Morning), Qty: 30) | Telmisartan (40 mg, Once Daily (Morning), Qty: 30)",2,AES-256-GCM,vault-transit-key-0xb986789d,7ed1f978f3da1c5c0986db70,e69d45c5f294dd7a076c71f3fe79d45f,0xa66ca372f3a1620cc7baec5f95c5f641f140d7dd2662b60a21690ca77e2321d4,Qmc401d1c714272c40c0a84d89c658575eb9346e25b638,Pinata Dedicated IPFS Gateway,0.0.4891024,2187,2026-09-13 11:54:09 UTC,0x884915d5171fc7afa11e4f6b86e495407150f4cffbe817a120c632b0c68cad86,0.0001,Pharmacy Dispensation Verification & Medication Fulfillment,Identity Verified (Wallet Protocol),Blockchain Audit Enabled
RX-0188,Pranav Shetty,849388,0xcd3d6512a55b549cea973b2690a33e7bb59dd29d,🔓 Decrypt RX,Pending - Ready to Decrypt,YES (Patient Consent Active),NO,NO,1678.86,Dr. Rajesh Sharma,0x3c44CdDdB6a900fa2b585dd299e03d12FA4293BC,NMC-78491,Apollo Multispecialty Hospital,Fortis Care Dispensary,0x84f93618C1D541bB1Dcf1373A8eE500A7D439634,DL-FC-2025-1094,"Amit Singhania, R.Ph.",C50.919,Malignant neoplasm of female breast,Oncology,"Tamoxifen Citrate (20 mg, Once Daily at fixed hour, Qty: 30) | Ondansetron HCl (8 mg, Twice Daily 30 min before food, Qty: 30) | Calcium Carbonate + Vit D3 (500mg/250IU, Once Daily post meal, Qty: 30)",3,AES-256-GCM,vault-transit-key-0xcd3d6512,5384b10eda9691f93733eaaa,bd766990fd161beba9aaec04cfa863e0,0x23cf87830f1d88e8fb675fc8c0b8ce822d36259891729fa24a99d776848d6423,Qmc0ed212b8a2087047770d8cfa80abf0f857ab2ff497a,Pinata Dedicated IPFS Gateway,0.0.4891024,2188,2026-09-13 11:54:11 UTC,0x11b5408935fa989540d03ee1ccc4160dd7643b2eadc22ae0991092fb9a96bbe5,0.0001,Pharmacy Dispensation Verification & Medication Fulfillment,Identity Verified (Wallet Protocol),Blockchain Audit Enabled
RX-0189,Chetan Gowda,849389,0x7f32b1001f720a43cf0866c6c8f00100c4cd4a7b,Dispensed (Fulfilled),Dispensed & Fulfilled,YES,NO,YES,1182.76,Dr. Vikram Seth,0x15d34AAf54267DB7D7c367839AAf71A00a2C6A65,NMC-99014,Max Super Speciality Cancer Institute,Fortis Care Dispensary,0x84f93618C1D541bB1Dcf1373A8eE500A7D439634,DL-FC-2025-1094,"Amit Singhania, R.Ph.",E11.9,Type 2 diabetes mellitus without complications,Endocrinology,"Metformin Hydrochloride (500 mg, Twice Daily with meals, Qty: 60) | Dapagliflozin Propanediol (10 mg, Once Daily morning, Qty: 30) | Glimepiride (2 mg, Once Daily pre-breakfast, Qty: 30)",3,AES-256-GCM,vault-transit-key-0x7f32b100,1346dfeee2fe0ceee728b8f8,6f88ef79d010e95fc66e79922ea11231,0x3a20d982dfbec3a9b80cd025dfb5792b8dee17fd03e4d39e43a942f4e3cf1c4f,Qm52d5f9110d99892094df47d276b27d294039dc2f223d,Pinata Dedicated IPFS Gateway,0.0.4891024,2189,2026-09-13 11:54:13 UTC,0x09e6ce9d4d73d0b53524dcae3458346cd09734ae41a48a93de9b1bb5cf44c279,0.0001,Pharmacy Dispensation Verification & Medication Fulfillment,Identity Verified (Wallet Protocol),Blockchain Audit Enabled
RX-0190,Chetan Menon,849390,0xa68d58a1d04c44cac2ea0a77bb9dd105840f9bc7,Dispensed (Fulfilled),Dispensed & Fulfilled,YES,NO,YES,419.75,Dr. Rajesh Sharma,0x3c44CdDdB6a900fa2b585dd299e03d12FA4293BC,NMC-78491,Apollo Multispecialty Hospital,Fortis Care Dispensary,0x84f93618C1D541bB1Dcf1373A8eE500A7D439634,DL-FC-2025-1094,"Amit Singhania, R.Ph.",J06.9,Acute upper respiratory infection,Pediatrics / General,"Amoxicillin + Potassium Clavulanate (625 mg, Twice Daily post food, Qty: 14) | Paracetamol (650 mg, Thrice daily post meals SOS, Qty: 15) | Levocetirizine Dihydrochloride (5 mg, Once Daily at Bedtime, Qty: 7)",3,AES-256-GCM,vault-transit-key-0xa68d58a1,92f245751e036fb007bebdf5,d5d7a766c898c57dad03307da46871fc,0xa0eef9288418d9e956586cbb02266b569f3aaf49834c736b9ccc2859c974adfd,Qma6bab5b28d46ab43ea3a5ec1aa82e62fee3773e95478,Pinata Dedicated IPFS Gateway,0.0.4891024,2190,2026-09-13 11:54:16 UTC,0x1611b1312b9f59ba5ea8d0ba9bca1457709031787443fd27aaa9ea70927c3b7f,0.0001,Pharmacy Dispensation Verification & Medication Fulfillment,Identity Verified (Wallet Protocol),Blockchain Audit Enabled
RX-0191,Sneha Ghosh,849391,0xdc333ce9698ce053c1f07474a162cb3c777fb548,Dispensed (Fulfilled),Dispensed & Fulfilled,YES,NO,YES,223.06,Dr. Ananya Roy,0x9965507D1a55bcC2695C58ba16FB37d819B0A4dc,NMC-51203,Max Super Speciality Cancer Institute,MedPlus Health Hub,0x70997970C51812dc3A010C7d01b50e0d17dc79C8,DL-MP-2023-4122,"Priya Sundaram, Pharm.D.",E03.9,"Hypothyroidism, unspecified",Endocrinology,"Levothyroxine Sodium (50 mcg, Once Daily on empty stomach, Qty: 60)",1,AES-256-GCM,vault-transit-key-0xdc333ce9,66046b2d5685783fc05ff031,bd511dfc2c34c18b73d805de03b0fda3,0xa592d84684b00d84e969a70cf0b652eb5eeee996372545389c56932e156c7b85,Qm5c15551dc197a69b29d6cda92b1d25a2fad18ba4356a,Pinata Dedicated IPFS Gateway,0.0.4891024,2191,2026-09-13 11:54:18 UTC,0x0f9f64e1148f6738109535815c4d19aa49b4013af3c029aaf1772fea45700912,0.0001,Pharmacy Dispensation Verification & Medication Fulfillment,Identity Verified (Wallet Protocol),Blockchain Audit Enabled
RX-0192,Pranav Kulkarni,849392,0x69b10a58df5db3a763f9d46e495f992b11a4ced3,🔓 Decrypt RX,Pending - Ready to Decrypt,YES (Patient Consent Active),NO,NO,1490.8,Dr. Rohan Patel,0x976EA74026E726554dB657fA54763abd0C3a0aa9,NMC-11029,Fortis Memorial Neuro & Trauma Center,Apex Central Clinical Dispensary,0x155Af6ECaFb48861dA7d16Fb8Af2f6ce9d6DD779,DL-AX-2026-3021,"Rajesh Nambiar, Pharm.D.",G40.909,"Epilepsy, unspecified",Neurology,"Levetiracetam (500 mg, Twice Daily morning & evening, Qty: 60) | Clobazam (10 mg, Once Daily at Bedtime, Qty: 30)",2,AES-256-GCM,vault-transit-key-0x69b10a58,ee01b3d60fc68d890e0d2aae,5158a1a73177bc09caea2e50a9a56db8,0x81a16fc00f37b57055a0eacbf10c3ac979c8f4a21adf4d990f8b7c072422180e,Qmcdf820c971a6f186d6f9177e32498a7ff4bc37e1bf30,Pinata Dedicated IPFS Gateway,0.0.4891024,2192,2026-09-13 11:54:21 UTC,0x9edfbc76a98d234ff657da508a71d06b014c8378c7f68a5e968f5e526f28250e,0.0001,Pharmacy Dispensation Verification & Medication Fulfillment,Identity Verified (Wallet Protocol),Blockchain Audit Enabled
RX-0193,Meera Mukherjee,849393,0x5b1f64402bdf7dedb3ad1b5a6533297b315c7466,Dispensed (Fulfilled),Dispensed & Fulfilled,YES,NO,YES,1493.15,Dr. Preeti Deshmukh,0x23618e81E3f5cdF7f54C3d65f7FBc0aBf5B21E8f,NMC-82194,Care & Cure Pediatric & Maternity Hospital,Max Wellness Pharmacy,0x28B7eA94B34C8F52D19E50Eb14769Da20F5D54b4,DL-MW-2024-7731,"Sneha Mukherjee, R.Ph.",G40.909,"Epilepsy, unspecified",Neurology,"Levetiracetam (500 mg, Twice Daily morning & evening, Qty: 60) | Clobazam (10 mg, Once Daily at Bedtime, Qty: 30)",2,AES-256-GCM,vault-transit-key-0x5b1f6440,63f9f56a97a8ba22c878ba5f,7aae70e0f7d19094bdfe7f59be4ff705,0x59bbdf333eb49355fc39d006127a9e037c444c3896c2f49332c2de35da13b7d9,Qma8fa5db197c35e42f4bd4aa65a0203d4fa1b8dd1ff39,Pinata Dedicated IPFS Gateway,0.0.4891024,2193,2026-09-13 11:54:23 UTC,0x55ad2bcb3497fe681d3ebf58c75494fda9d17ca0dce8d31b47698370f2df521c,0.0001,Pharmacy Dispensation Verification & Medication Fulfillment,Identity Verified (Wallet Protocol),Blockchain Audit Enabled
RX-0194,Nikhil Menon,849394,0x1bad4240daa62ad505acd49d1bb854fa73bc40bb,Request Access,Unauthorized / Unlinked,NO,NO,NO,430.8,Dr. Sunita Narang,0xBcd4042DE499D14e55001CcbB24a551F3b954096,NMC-90812,Apex Diagnostic Reference Labs,Max Wellness Pharmacy,0x28B7eA94B34C8F52D19E50Eb14769Da20F5D54b4,DL-MW-2024-7731,"Sneha Mukherjee, R.Ph.",J06.9,Acute upper respiratory infection,Pediatrics / General,"Amoxicillin + Potassium Clavulanate (625 mg, Twice Daily post food, Qty: 14) | Paracetamol (650 mg, Thrice daily post meals SOS, Qty: 15) | Levocetirizine Dihydrochloride (5 mg, Once Daily at Bedtime, Qty: 7)",3,AES-256-GCM,vault-transit-key-0x1bad4240,5320486b93095372435c39ab,bfa31acc9c782708143c664cb09fedcb,0x0075a5337f8a8c33170b8baa3d474cf9adfccd59141444611937c3bbdf58f369,Qm949444f980813948dd64ba18d9f237762089850013ca,Pinata Dedicated IPFS Gateway,0.0.4891024,2194,2026-09-13 11:54:26 UTC,0xc8139cb3a90540f4d78cc0c921f9047f19e6f7a51484c9d02fe7f40a29d9ec2d,0.0001,Pharmacy Dispensation Verification & Medication Fulfillment,Identity Verified (Wallet Protocol),Blockchain Audit Enabled
RX-0195,Manish Nair,849395,0x83b4a7a1477de6d51082ea33de928cebd12ed9f2,Dispensed (Fulfilled),Dispensed & Fulfilled,YES,NO,YES,3313.75,Dr. Sarah Jenkins,0x04Fee3FD1B338d12FFD6dBD8d66dE1e8e0BB99cB,NMC-48192,Apollo Multispecialty Hospital,Apex Central Clinical Dispensary,0x155Af6ECaFb48861dA7d16Fb8Af2f6ce9d6DD779,DL-AX-2026-3021,"Rajesh Nambiar, Pharm.D.",C61,Malignant neoplasm of prostate,Oncology,"Bicalutamide (50 mg, Once Daily morning, Qty: 30) | Tamsulosin HCl (0.4 mg, Once Daily 30 min after same meal, Qty: 30)",2,AES-256-GCM,vault-transit-key-0x83b4a7a1,79f61c3831df22c74656532d,3811cc423cc6872815f7fd3df5b0a583,0xe77991b23830cf7addca6148b1e4885a7697d410f6ccb41c97d2a3382e9deb2c,Qme783287a0f29a982ae2d0e4ab1d2edc88bd789a26cc7,Pinata Dedicated IPFS Gateway,0.0.4891024,2195,2026-09-13 11:54:28 UTC,0x3d1933060bf7a58ca5995ef6ff7d46713a0558e3ef1a02aca4a343a26fea5043,0.0001,Pharmacy Dispensation Verification & Medication Fulfillment,Identity Verified (Wallet Protocol),Blockchain Audit Enabled
RX-0196,Nandini Sharma,849396,0x840a0eb3071eecce2960759ece11e4c3cb661d5e,🔓 Decrypt RX,Pending - Ready to Decrypt,YES (Patient Consent Active),NO,NO,1615.7,Dr. Vikram Seth,0x15d34AAf54267DB7D7c367839AAf71A00a2C6A65,NMC-99014,Max Super Speciality Cancer Institute,MedPlus Health Hub,0x70997970C51812dc3A010C7d01b50e0d17dc79C8,DL-MP-2023-4122,"Priya Sundaram, Pharm.D.",E11.65,Type 2 diabetes mellitus with hyperglycemia,Endocrinology,"Insulin Glargine Solostar (100 IU/mL, 14 Units Once Daily at Bedtime, Qty: 2) | Metformin XR (1000 mg, Once Daily post dinner, Qty: 30)",2,AES-256-GCM,vault-transit-key-0x840a0eb3,ee195dcd502a650cc4ff7c1f,5129030d2a5b32ba23c522ce59e5e6ad,0x471d63a56b9701e4038a5d137cf55ef481e59b20d510f1f83a70fc905973e49f,Qmb2c99740fe5ba5a465604b168a550bcc084aa56c983e,Pinata Dedicated IPFS Gateway,0.0.4891024,2196,2026-09-13 11:54:30 UTC,0x65711644db2f1f2545b4c0a9e50c745e5b53a14e16956fbb0e57d6a7d36214e5,0.0001,Pharmacy Dispensation Verification & Medication Fulfillment,Identity Verified (Wallet Protocol),Blockchain Audit Enabled
RX-0197,Deepak Kulkarni,849397,0xab7fc513fffde522415d58cfe3649311eb4edc98,🔓 Decrypt RX,Pending - Ready to Decrypt,YES (Patient Consent Active),NO,NO,1491.14,Dr. Preeti Deshmukh,0x23618e81E3f5cdF7f54C3d65f7FBc0aBf5B21E8f,NMC-82194,Care & Cure Pediatric & Maternity Hospital,Apollo Pharmacy Global,0x04Fee3FD1B338d12FFD6dBD8d66dE1e8e0BB99cB,DL-AP-2024-8901,"K. V. Raman, R.Ph.",G40.909,"Epilepsy, unspecified",Neurology,"Levetiracetam (500 mg, Twice Daily morning & evening, Qty: 60) | Clobazam (10 mg, Once Daily at Bedtime, Qty: 30)",2,AES-256-GCM,vault-transit-key-0xab7fc513,070e6b8015a237f902ab40d1,028a2775316fe705d3408878a9b1b15c,0xa210af31f26916d5ffc4cec3593edfa21fe83c7c2990146d034bd11e605b900b,Qm64130c40a4c35e238a0c53178911e352b167cccceb57,Pinata Dedicated IPFS Gateway,0.0.4891024,2197,2026-09-13 11:54:33 UTC,0x53b6404a7678648e454b9ff79fd15d525065d7229f147b130f71ba7938909a57,0.0001,Pharmacy Dispensation Verification & Medication Fulfillment,Identity Verified (Wallet Protocol),Blockchain Audit Enabled
RX-0198,Vikas Kulkarni,849398,0x5d5cc006f29373e2b819af0dea048d75691daf1b,🔓 Decrypt RX,Pending - Ready to Decrypt,YES (Patient Consent Active),NO,NO,910.94,Dr. Preeti Deshmukh,0x23618e81E3f5cdF7f54C3d65f7FBc0aBf5B21E8f,NMC-82194,Care & Cure Pediatric & Maternity Hospital,Fortis Care Dispensary,0x84f93618C1D541bB1Dcf1373A8eE500A7D439634,DL-FC-2025-1094,"Amit Singhania, R.Ph.",A90,Dengue fever [classical dengue],Infectious Disease,"Paracetamol Infusion / Tab (650 mg, Every 6 hours SOS fever > 100°F, Qty: 20) | Carica Papaya Leaf Extract (1100 mg, Thrice Daily post food, Qty: 21) | Oral Rehydration Salts (WHO formula) (21.8 g sachet, 1 sachet in 1L water daily, Qty: 7)",3,AES-256-GCM,vault-transit-key-0x5d5cc006,b7f3e4bb24d1d2b37a752da7,7f299df5d52d9d1ac9756fb7ed72cf04,0xdc5b5e79f4450fa0438ac39651fc7612e91ee9b2775f7c5df11f27654b29e475,Qm521742e64941bf1b3f7c34752332a7afd3ce669a3142,Pinata Dedicated IPFS Gateway,0.0.4891024,2198,2026-09-13 11:54:35 UTC,0xa71309d585e3f86c650a8479935a07fbafbc655e62747dc8866eac4bf3b7dede,0.0001,Pharmacy Dispensation Verification & Medication Fulfillment,Identity Verified (Wallet Protocol),Blockchain Audit Enabled
RX-0199,Neha Mehta,849399,0x1143cb969fc7a6bc30b7968da86eff61f5bca133,🔓 Decrypt RX,Pending - Ready to Decrypt,YES (Patient Consent Active),NO,NO,220.74,Dr. Rajesh Sharma,0x3c44CdDdB6a900fa2b585dd299e03d12FA4293BC,NMC-78491,Apollo Multispecialty Hospital,Max Wellness Pharmacy,0x28B7eA94B34C8F52D19E50Eb14769Da20F5D54b4,DL-MW-2024-7731,"Sneha Mukherjee, R.Ph.",E03.9,"Hypothyroidism, unspecified",Endocrinology,"Levothyroxine Sodium (50 mcg, Once Daily on empty stomach, Qty: 60)",1,AES-256-GCM,vault-transit-key-0x1143cb96,edbbc7d58045fd40cc6de5da,79fd9c63fe97b039fe46b826f9b8aa31,0x1458cae0d2d75b815e86cb8c6e931713227c070ccb7bd42aa5fce7e37dcf76a7,Qmad9d60b6e54e9d9f7fb71306fec7110d3068b239a897,Pinata Dedicated IPFS Gateway,0.0.4891024,2199,2026-09-13 11:54:38 UTC,0xacf97410b313b6dcd4eafd9503ecc71deaa7a7366b4e6c36f1e3833b5c8625f9,0.0001,Pharmacy Dispensation Verification & Medication Fulfillment,Identity Verified (Wallet Protocol),Blockchain Audit Enabled
RX-0200,Tanvi Bhatia,849400,0x7f8c4682d3b1111204bd0b560c597e1cd2bfca90,⏳ Waiting for Approval,Access Pending Approval,NO,YES,NO,984.44,Dr. Sunita Narang,0xBcd4042DE499D14e55001CcbB24a551F3b954096,NMC-90812,Apex Diagnostic Reference Labs,Fortis Care Dispensary,0x84f93618C1D541bB1Dcf1373A8eE500A7D439634,DL-FC-2025-1094,"Amit Singhania, R.Ph.",I20.9,"Angina pectoris, unspecified",Cardiology,"Nitroglycerin Sublingual (0.4 mg, PRN for chest pain, Qty: 25) | Aspirin Gastro-resistant (75 mg, Once Daily post meal, Qty: 30) | Atorvastatin Calcium (40 mg, Once Daily at Bedtime, Qty: 30)",3,AES-256-GCM,vault-transit-key-0x7f8c4682,4decf89db52a77dd1e84203d,b3ac7da5d9a0597f54b46055b2be4f39,0xe506c33d174478ee4ff71a644cb88fa95616fb2c11e59d91e27b90823d86d22b,Qm2cf1445dcb0c6b62ffa8d92ddbe5932b69e0133f8608,Pinata Dedicated IPFS Gateway,0.0.4891024,2200,2026-09-13 11:54:40 UTC,0x63becddffb0a951db1bf3f3964d9df94b16d422b37f2602a70a1fd4bbfd2f446,0.0001,Pharmacy Dispensation Verification & Medication Fulfillment,Identity Verified (Wallet Protocol),Blockchain Audit Enabled
RX-0201,Riya Ghosh,849401,0x6a9bf8010bea8aecb9aaa092c9c9330eec7dd802,Dispensed (Fulfilled),Dispensed & Fulfilled,YES,NO,YES,1193.84,Dr. Vikram Seth,0x15d34AAf54267DB7D7c367839AAf71A00a2C6A65,NMC-99014,Max Super Speciality Cancer Institute,Apex Central Clinical Dispensary,0x155Af6ECaFb48861dA7d16Fb8Af2f6ce9d6DD779,DL-AX-2026-3021,"Rajesh Nambiar, Pharm.D.",E11.9,Type 2 diabetes mellitus without complications,Endocrinology,"Metformin Hydrochloride (500 mg, Twice Daily with meals, Qty: 60) | Dapagliflozin Propanediol (10 mg, Once Daily morning, Qty: 30) | Glimepiride (2 mg, Once Daily pre-breakfast, Qty: 30)",3,AES-256-GCM,vault-transit-key-0x6a9bf801,ec4eab09c686130932dee69b,729bcee170c27ba86f4f8c81bc32eb20,0xa10d5b38d276e5ab346136e1f0a64ce160df0cd2e1bc2291f0d1d3e3fa0ee552,Qmd22563fdd18cff1c46ea45f33c584a8efd0b056e7941,Pinata Dedicated IPFS Gateway,0.0.4891024,2201,2026-09-13 11:54:42 UTC,0x2c1b98c760b063e7a2016da3ef03acab877b877ee4c96eabd0ee522dea0097f7,0.0001,Pharmacy Dispensation Verification & Medication Fulfillment,Identity Verified (Wallet Protocol),Blockchain Audit Enabled
RX-0202,Sanjay Swaminathan,849402,0x0acca63813e4b53f36017d3a8eee066da191fde5,🔓 Decrypt RX,Pending - Ready to Decrypt,YES (Patient Consent Active),NO,NO,1189.0,Dr. Sarah Jenkins,0x04Fee3FD1B338d12FFD6dBD8d66dE1e8e0BB99cB,NMC-48192,Apollo Multispecialty Hospital,Max Wellness Pharmacy,0x28B7eA94B34C8F52D19E50Eb14769Da20F5D54b4,DL-MW-2024-7731,"Sneha Mukherjee, R.Ph.",E11.9,Type 2 diabetes mellitus without complications,Endocrinology,"Metformin Hydrochloride (500 mg, Twice Daily with meals, Qty: 60) | Dapagliflozin Propanediol (10 mg, Once Daily morning, Qty: 30) | Glimepiride (2 mg, Once Daily pre-breakfast, Qty: 30)",3,AES-256-GCM,vault-transit-key-0x0acca638,0a1ca096881371b55b06577c,286c1539a31894c1db155a9b9b007602,0xc673727c4da143d56d7fbb04280737a0089921cb0a717cf1a1db3615889756f5,Qm868d4523803d6bcc5ab41f039cb10d80af8d44241f61,Pinata Dedicated IPFS Gateway,0.0.4891024,2202,2026-09-13 11:54:45 UTC,0xcb085a6ac0b651a8ba64680c84ad50d56ead38bf3b035dae258d7e8e66fc12c8,0.0001,Pharmacy Dispensation Verification & Medication Fulfillment,Identity Verified (Wallet Protocol),Blockchain Audit Enabled
RX-0203,Neha Joshi,849403,0xea2ed255654799a06e952b0bc11d755680e9ea1e,⏳ Waiting for Approval,Access Pending Approval,NO,YES,NO,1692.4,Dr. Rajesh Sharma,0x3c44CdDdB6a900fa2b585dd299e03d12FA4293BC,NMC-78491,Apollo Multispecialty Hospital,Max Wellness Pharmacy,0x28B7eA94B34C8F52D19E50Eb14769Da20F5D54b4,DL-MW-2024-7731,"Sneha Mukherjee, R.Ph.",C50.919,Malignant neoplasm of female breast,Oncology,"Tamoxifen Citrate (20 mg, Once Daily at fixed hour, Qty: 30) | Ondansetron HCl (8 mg, Twice Daily 30 min before food, Qty: 30) | Calcium Carbonate + Vit D3 (500mg/250IU, Once Daily post meal, Qty: 30)",3,AES-256-GCM,vault-transit-key-0xea2ed255,b7510306d24cd5713c15cf9c,09c9e9a47aab4e81b54dbd4a02e15736,0xb5e84d30f3b40e4e53d26be283c476e6d573a37c126b2f90b210fc374636502d,Qm9286aa6dcc67f5c391349c8b6d3cf1240fb6e39b8ef7,Pinata Dedicated IPFS Gateway,0.0.4891024,2203,2026-09-13 11:54:47 UTC,0x9ef7b9c32307d7834e8ef76d46253dfeaf0c29c464dbbcb7967ad777d8035c4a,0.0001,Pharmacy Dispensation Verification & Medication Fulfillment,Identity Verified (Wallet Protocol),Blockchain Audit Enabled
RX-0204,Ishaan Joshi,849404,0xacebf09d49b339c7eed4a8ebc22686125550d3eb,⏳ Waiting for Approval,Access Pending Approval,NO,YES,NO,994.47,Dr. Sarah Jenkins,0x04Fee3FD1B338d12FFD6dBD8d66dE1e8e0BB99cB,NMC-48192,Apollo Multispecialty Hospital,Fortis Care Dispensary,0x84f93618C1D541bB1Dcf1373A8eE500A7D439634,DL-FC-2025-1094,"Amit Singhania, R.Ph.",G43.909,"Migraine, unspecified, not intractable",Neurology,"Sumatriptan Succinate (50 mg, 1 tablet at onset of migraine SOS, Qty: 10) | Naproxen Sodium (500 mg, Twice daily as needed with food, Qty: 20) | Propranolol HCl (40 mg, Twice daily for prophylaxis, Qty: 60)",3,AES-256-GCM,vault-transit-key-0xacebf09d,9b5f0e4e38524bf5637affc2,bf60d83986e11ef75246d1e93e0f05f6,0x7266dcdec41f8a672c1cc24955786a364601741ce7ef74611a5677621a1dc4bf,Qmbbfcdc6960184a86548eeb08037ef23a01ed15a3da09,Pinata Dedicated IPFS Gateway,0.0.4891024,2204,2026-09-13 11:54:50 UTC,0x72ba89771c99760c6b1885f3280b0b935f292f26a65ced586736107c0436829c,0.0001,Pharmacy Dispensation Verification & Medication Fulfillment,Identity Verified (Wallet Protocol),Blockchain Audit Enabled
RX-0205,Yashwanth Banerjee,849405,0x7f85ed482f33a4ad8d6376b7592d7a68862a378e,🔓 Decrypt RX,Pending - Ready to Decrypt,YES (Patient Consent Active),NO,NO,979.0,Dr. Sarah Jenkins,0x04Fee3FD1B338d12FFD6dBD8d66dE1e8e0BB99cB,NMC-48192,Apollo Multispecialty Hospital,Apollo Pharmacy Global,0x04Fee3FD1B338d12FFD6dBD8d66dE1e8e0BB99cB,DL-AP-2024-8901,"K. V. Raman, R.Ph.",G43.909,"Migraine, unspecified, not intractable",Neurology,"Sumatriptan Succinate (50 mg, 1 tablet at onset of migraine SOS, Qty: 10) | Naproxen Sodium (500 mg, Twice daily as needed with food, Qty: 20) | Propranolol HCl (40 mg, Twice daily for prophylaxis, Qty: 60)",3,AES-256-GCM,vault-transit-key-0x7f85ed48,2551ef9c58502bbdc0b1abd4,54498ef18ac31eff65ada512f625e573,0xaa6a71753455a4044f3c93c53e8119d3c6b26ffd1b6aed5bb54ba81642dcdecf,Qm17da5db9a5c7b6ea6d3122b9ef17666e537bdd9ac040,Pinata Dedicated IPFS Gateway,0.0.4891024,2205,2026-09-13 11:54:52 UTC,0xe0c1a3756fab060885b43cffd6f16d125b5c150ae52db1999cdbcc89344551c7,0.0001,Pharmacy Dispensation Verification & Medication Fulfillment,Identity Verified (Wallet Protocol),Blockchain Audit Enabled
RX-0206,Arjun Chatterjee,849406,0x2ce4e02da19b34011c69f37fcc614cf6b974b111,⏳ Waiting for Approval,Access Pending Approval,NO,YES,NO,438.19,Dr. Rohan Patel,0x976EA74026E726554dB657fA54763abd0C3a0aa9,NMC-11029,Fortis Memorial Neuro & Trauma Center,Apollo Pharmacy Global,0x04Fee3FD1B338d12FFD6dBD8d66dE1e8e0BB99cB,DL-AP-2024-8901,"K. V. Raman, R.Ph.",J06.9,Acute upper respiratory infection,Pediatrics / General,"Amoxicillin + Potassium Clavulanate (625 mg, Twice Daily post food, Qty: 14) | Paracetamol (650 mg, Thrice daily post meals SOS, Qty: 15) | Levocetirizine Dihydrochloride (5 mg, Once Daily at Bedtime, Qty: 7)",3,AES-256-GCM,vault-transit-key-0x2ce4e02d,799a321695e78eb9e879e89e,73b2758d3c592670731220f89e564a87,0x59eb80498072627a65070c5e32d815b57c8c82cd4dabc0b563623a6e7e5157a0,Qmee573366639dd8f6d58063c16a483c97fd84b5766d7d,Pinata Dedicated IPFS Gateway,0.0.4891024,2206,2026-09-13 11:54:54 UTC,0x49d8b654644e2180b65ffed67693972c26ece7b883fa200ed1112d8e39765a39,0.0001,Pharmacy Dispensation Verification & Medication Fulfillment,Identity Verified (Wallet Protocol),Blockchain Audit Enabled
RX-0207,Ananya Pillai,849407,0x1be77db49c365766edd57502345a8c12a32e1afd,⏳ Waiting for Approval,Access Pending Approval,NO,YES,NO,987.7,Dr. Ananya Roy,0x9965507D1a55bcC2695C58ba16FB37d819B0A4dc,NMC-51203,Max Super Speciality Cancer Institute,Max Wellness Pharmacy,0x28B7eA94B34C8F52D19E50Eb14769Da20F5D54b4,DL-MW-2024-7731,"Sneha Mukherjee, R.Ph.",I20.9,"Angina pectoris, unspecified",Cardiology,"Nitroglycerin Sublingual (0.4 mg, PRN for chest pain, Qty: 25) | Aspirin Gastro-resistant (75 mg, Once Daily post meal, Qty: 30) | Atorvastatin Calcium (40 mg, Once Daily at Bedtime, Qty: 30)",3,AES-256-GCM,vault-transit-key-0x1be77db4,4d42a60701cf2cb8fdf14200,947508d5cf2b59e49dd81436f96e668c,0x80837f68f085a45982c59258799a422030359167af639902fc3adec44ad6b8c4,Qmf315a173f5ed5ab604b4409017f55cc806807d20027f,Pinata Dedicated IPFS Gateway,0.0.4891024,2207,2026-09-13 11:54:57 UTC,0xc3cac0e192c6cbbf8b954c96fb8db85f74a20d726c822207859d4d7b228f50a0,0.0001,Pharmacy Dispensation Verification & Medication Fulfillment,Identity Verified (Wallet Protocol),Blockchain Audit Enabled
RX-0208,Geeta Mehta,849408,0xaed767d979c4f9731e8cba89daa2775ad82e6373,Request Access,Unauthorized / Unlinked,NO,NO,NO,1189.33,Dr. Sunita Narang,0xBcd4042DE499D14e55001CcbB24a551F3b954096,NMC-90812,Apex Diagnostic Reference Labs,Fortis Care Dispensary,0x84f93618C1D541bB1Dcf1373A8eE500A7D439634,DL-FC-2025-1094,"Amit Singhania, R.Ph.",E11.9,Type 2 diabetes mellitus without complications,Endocrinology,"Metformin Hydrochloride (500 mg, Twice Daily with meals, Qty: 60) | Dapagliflozin Propanediol (10 mg, Once Daily morning, Qty: 30) | Glimepiride (2 mg, Once Daily pre-breakfast, Qty: 30)",3,AES-256-GCM,vault-transit-key-0xaed767d9,d623f1fbdfc453f6135d158e,b75230bdb68fe8500707b68e8b8f159f,0xd232e6f5b6be3dba34c90752952955225bbe674dbbec5424fb7963e9a21ab0c0,Qm2931cea910e5e7f08baa15df786b99f13900945d18da,Pinata Dedicated IPFS Gateway,0.0.4891024,2208,2026-09-13 11:54:59 UTC,0x445bddb5245f963d7dbea9603a4529e2b065aa41447b0ec8b26fd4c2e0a4a782,0.0001,Pharmacy Dispensation Verification & Medication Fulfillment,Identity Verified (Wallet Protocol),Blockchain Audit Enabled
RX-0209,Manish Joshi,849409,0xe93990873e26c08d836bca7f755c621b8bbd2833,🔓 Decrypt RX,Pending - Ready to Decrypt,YES (Patient Consent Active),NO,NO,443.77,Dr. Vikram Seth,0x15d34AAf54267DB7D7c367839AAf71A00a2C6A65,NMC-99014,Max Super Speciality Cancer Institute,Fortis Care Dispensary,0x84f93618C1D541bB1Dcf1373A8eE500A7D439634,DL-FC-2025-1094,"Amit Singhania, R.Ph.",J06.9,Acute upper respiratory infection,Pediatrics / General,"Amoxicillin + Potassium Clavulanate (625 mg, Twice Daily post food, Qty: 14) | Paracetamol (650 mg, Thrice daily post meals SOS, Qty: 15) | Levocetirizine Dihydrochloride (5 mg, Once Daily at Bedtime, Qty: 7)",3,AES-256-GCM,vault-transit-key-0xe9399087,f0fc1feb5632021fad33858c,d0bbc14175590fc45c46dd543b9655ab,0xb7b777cadc55db0437fdf74e78ce659c7107860417f362345f3093bb53eb6bc6,Qm1bab6209c1586424e679efdfd0be538056561cf491cd,Pinata Dedicated IPFS Gateway,0.0.4891024,2209,2026-09-13 11:55:02 UTC,0xd5376a09d2aedd4be5189c2d1b3cfa67eb883f07c7cec11652b079ab5a6f3b22,0.0001,Pharmacy Dispensation Verification & Medication Fulfillment,Identity Verified (Wallet Protocol),Blockchain Audit Enabled
RX-0210,Bhavna Banerjee,849410,0xc35a4e1a40d1c24dbb9b1e3878d9e7b404e9c08d,⏳ Waiting for Approval,Access Pending Approval,NO,YES,NO,1613.19,Dr. Sunita Narang,0xBcd4042DE499D14e55001CcbB24a551F3b954096,NMC-90812,Apex Diagnostic Reference Labs,Fortis Care Dispensary,0x84f93618C1D541bB1Dcf1373A8eE500A7D439634,DL-FC-2025-1094,"Amit Singhania, R.Ph.",E11.65,Type 2 diabetes mellitus with hyperglycemia,Endocrinology,"Insulin Glargine Solostar (100 IU/mL, 14 Units Once Daily at Bedtime, Qty: 2) | Metformin XR (1000 mg, Once Daily post dinner, Qty: 30)",2,AES-256-GCM,vault-transit-key-0xc35a4e1a,a291ed6c3d8c5d05310c44f1,81f3212cc2fbabc3fc075ef02e1083fa,0xc54d386c681e807596e01ac79c9f720a49d0ac6c45f6f0e9aa54bc6f6338c864,Qm6b0cf60d6e3a4c4221ad6a3a7396eea4c11050e07f09,Pinata Dedicated IPFS Gateway,0.0.4891024,2210,2026-09-13 11:55:04 UTC,0x821f4dfd3aa956be49fef5f9738481b9f4d7d264cb999027cde9264935ce81ae,0.0001,Pharmacy Dispensation Verification & Medication Fulfillment,Identity Verified (Wallet Protocol),Blockchain Audit Enabled
RX-0211,Rakesh Shetty,849411,0x4dda0207c83c5feaa3136496adcfe2b6214a7e69,🔓 Decrypt RX,Pending - Ready to Decrypt,YES (Patient Consent Active),NO,NO,929.75,Dr. Rohan Patel,0x976EA74026E726554dB657fA54763abd0C3a0aa9,NMC-11029,Fortis Memorial Neuro & Trauma Center,Apex Central Clinical Dispensary,0x155Af6ECaFb48861dA7d16Fb8Af2f6ce9d6DD779,DL-AX-2026-3021,"Rajesh Nambiar, Pharm.D.",A90,Dengue fever [classical dengue],Infectious Disease,"Paracetamol Infusion / Tab (650 mg, Every 6 hours SOS fever > 100°F, Qty: 20) | Carica Papaya Leaf Extract (1100 mg, Thrice Daily post food, Qty: 21) | Oral Rehydration Salts (WHO formula) (21.8 g sachet, 1 sachet in 1L water daily, Qty: 7)",3,AES-256-GCM,vault-transit-key-0x4dda0207,fb501339731e44270a80f34a,c3a4183a8ed93d21a083e6ec600d8412,0xc4b5ad509fac28308a55636de3c7555f101ff28390560ab860cf6aeb46ea56a1,Qmcb6858b756e89f34f41dadb0126963c285fe583ce76c,Pinata Dedicated IPFS Gateway,0.0.4891024,2211,2026-09-13 11:55:06 UTC,0xbcf7d729b60792978d4403d403ef5692c713b7797814339c0335871ecc47f057,0.0001,Pharmacy Dispensation Verification & Medication Fulfillment,Identity Verified (Wallet Protocol),Blockchain Audit Enabled
RX-0212,Aditi Ghosh,849412,0xe457d9eb32d995e2cf5f3428012a5d257d714e35,🔓 Decrypt RX,Pending - Ready to Decrypt,YES (Patient Consent Active),NO,NO,1611.71,Dr. Rohan Patel,0x976EA74026E726554dB657fA54763abd0C3a0aa9,NMC-11029,Fortis Memorial Neuro & Trauma Center,Apex Central Clinical Dispensary,0x155Af6ECaFb48861dA7d16Fb8Af2f6ce9d6DD779,DL-AX-2026-3021,"Rajesh Nambiar, Pharm.D.",E11.65,Type 2 diabetes mellitus with hyperglycemia,Endocrinology,"Insulin Glargine Solostar (100 IU/mL, 14 Units Once Daily at Bedtime, Qty: 2) | Metformin XR (1000 mg, Once Daily post dinner, Qty: 30)",2,AES-256-GCM,vault-transit-key-0xe457d9eb,4bc43d3331ee3d6b1c9dbb1b,1f5dbe479537923a652b319266ed751f,0x47d764797103c9ac0fc86fe6b87e4a2330b16edcd96836918927c5164272bd10,Qmcfc9084af4543ebd6f8340afad7275a80be6e5131bb2,Pinata Dedicated IPFS Gateway,0.0.4891024,2212,2026-09-13 11:55:09 UTC,0xeefa7624c5596161ffc2d3d77d50d81ed45bf2c9e4be5d72cdc7c7ec02beb41e,0.0001,Pharmacy Dispensation Verification & Medication Fulfillment,Identity Verified (Wallet Protocol),Blockchain Audit Enabled
RX-0213,Pranav Ghosh,849413,0x0cab84eb2e75cffa3f13441dabad6d394c1c593d,Dispensed (Fulfilled),Dispensed & Fulfilled,YES,NO,YES,1189.17,Dr. Preeti Deshmukh,0x23618e81E3f5cdF7f54C3d65f7FBc0aBf5B21E8f,NMC-82194,Care & Cure Pediatric & Maternity Hospital,Fortis Care Dispensary,0x84f93618C1D541bB1Dcf1373A8eE500A7D439634,DL-FC-2025-1094,"Amit Singhania, R.Ph.",E11.9,Type 2 diabetes mellitus without complications,Endocrinology,"Metformin Hydrochloride (500 mg, Twice Daily with meals, Qty: 60) | Dapagliflozin Propanediol (10 mg, Once Daily morning, Qty: 30) | Glimepiride (2 mg, Once Daily pre-breakfast, Qty: 30)",3,AES-256-GCM,vault-transit-key-0x0cab84eb,f42738238c8252ad250ddc01,46ef83535422afdc9815bcb4fddcf742,0x8b05058dac48fecf82af580f22c587e2392ee03a65438c399e5ffffd6ddec2a9,Qm0d9aedaa0ec3dd567a922643a599be4a9f8a67d8ef2c,Pinata Dedicated IPFS Gateway,0.0.4891024,2213,2026-09-13 11:55:11 UTC,0x5c959bbfb4f94cf88ff5a4ad0e34257306cc0aa89981f9b824dadd12d08df76f,0.0001,Pharmacy Dispensation Verification & Medication Fulfillment,Identity Verified (Wallet Protocol),Blockchain Audit Enabled
RX-0214,Riya Pillai,849414,0x6f3558a094bef5092790698fa4e7c8d9b47e1d31,Request Access,Unauthorized / Unlinked,NO,NO,NO,982.99,Dr. Sarah Jenkins,0x04Fee3FD1B338d12FFD6dBD8d66dE1e8e0BB99cB,NMC-48192,Apollo Multispecialty Hospital,Fortis Care Dispensary,0x84f93618C1D541bB1Dcf1373A8eE500A7D439634,DL-FC-2025-1094,"Amit Singhania, R.Ph.",G43.909,"Migraine, unspecified, not intractable",Neurology,"Sumatriptan Succinate (50 mg, 1 tablet at onset of migraine SOS, Qty: 10) | Naproxen Sodium (500 mg, Twice daily as needed with food, Qty: 20) | Propranolol HCl (40 mg, Twice daily for prophylaxis, Qty: 60)",3,AES-256-GCM,vault-transit-key-0x6f3558a0,8342382af7ad8315558daed1,4acb227b1f6ee0df7b095261af36ecbb,0xa0d91c6862b02d66133eee577e14575f4e0da12cdc7514d78a9c333c4137dc06,Qme13048cc319c85a2a75933791c87ced252d182b0173a,Pinata Dedicated IPFS Gateway,0.0.4891024,2214,2026-09-13 11:55:14 UTC,0xea8739b90673604b639915d48845a38c18b5570008177b7e50f52094cdc69b4e,0.0001,Pharmacy Dispensation Verification & Medication Fulfillment,Identity Verified (Wallet Protocol),Blockchain Audit Enabled
RX-0215,Aditi Mehta,849415,0x023ff3733834c731d3cf873018bff941e7e15b28,Dispensed (Fulfilled),Dispensed & Fulfilled,YES,NO,YES,501.75,Dr. Ananya Roy,0x9965507D1a55bcC2695C58ba16FB37d819B0A4dc,NMC-51203,Max Super Speciality Cancer Institute,Apex Central Clinical Dispensary,0x155Af6ECaFb48861dA7d16Fb8Af2f6ce9d6DD779,DL-AX-2026-3021,"Rajesh Nambiar, Pharm.D.",I10,Essential (primary) hypertension,Cardiology,"Amlodipine Besylate (5 mg, Once Daily (Morning), Qty: 30) | Telmisartan (40 mg, Once Daily (Morning), Qty: 30)",2,AES-256-GCM,vault-transit-key-0x023ff373,ecdbca80daa06758738fb375,16901e52f1b77dc5adeb6da45c92b084,0xb9d8842d8e317cf5c86a70d0c6a4c4e5c1d6a28913a44b8a75c90b8ed1f349be,Qmdc282b4ef643fa0f1bca0b7083b46b73593e3e61a1cf,Pinata Dedicated IPFS Gateway,0.0.4891024,2215,2026-09-13 11:55:16 UTC,0x6f96b0b88a1f1383f6f6258a41a19d2ebc77d8cf77a71ed3d3be0972c7c1d140,0.0001,Pharmacy Dispensation Verification & Medication Fulfillment,Identity Verified (Wallet Protocol),Blockchain Audit Enabled
RX-0216,Arjun Joshi,849416,0xef766a3fa40fecac778dd4b96f42fb0ee3cfc845,Dispensed (Fulfilled),Dispensed & Fulfilled,YES,NO,YES,506.18,Dr. Rajesh Sharma,0x3c44CdDdB6a900fa2b585dd299e03d12FA4293BC,NMC-78491,Apollo Multispecialty Hospital,Max Wellness Pharmacy,0x28B7eA94B34C8F52D19E50Eb14769Da20F5D54b4,DL-MW-2024-7731,"Sneha Mukherjee, R.Ph.",I10,Essential (primary) hypertension,Cardiology,"Amlodipine Besylate (5 mg, Once Daily (Morning), Qty: 30) | Telmisartan (40 mg, Once Daily (Morning), Qty: 30)",2,AES-256-GCM,vault-transit-key-0xef766a3f,e89277d5a6d6fd47531d7db6,9eb7d360e7195f390ec74f1f8c14a6ec,0x006522e77dcb103391a06ccfd9305923da1c010f85ba97b0f378552bc99cbd34,Qmcec5ab12441c822a64b6989c5bfbeeb6e1652fa5b873,Pinata Dedicated IPFS Gateway,0.0.4891024,2216,2026-09-13 11:55:18 UTC,0x955ada0c2cfa02b5a5b7daad3efaf49273c516fa78cc1040aeb08ff9bf206712,0.0001,Pharmacy Dispensation Verification & Medication Fulfillment,Identity Verified (Wallet Protocol),Blockchain Audit Enabled
RX-0217,Kavya Mehta,849417,0xa011a0ef54ebbd93c32b5909464168070d2b4963,🔓 Decrypt RX,Pending - Ready to Decrypt,YES (Patient Consent Active),NO,NO,996.12,Dr. Vikram Seth,0x15d34AAf54267DB7D7c367839AAf71A00a2C6A65,NMC-99014,Max Super Speciality Cancer Institute,MedPlus Health Hub,0x70997970C51812dc3A010C7d01b50e0d17dc79C8,DL-MP-2023-4122,"Priya Sundaram, Pharm.D.",G43.909,"Migraine, unspecified, not intractable",Neurology,"Sumatriptan Succinate (50 mg, 1 tablet at onset of migraine SOS, Qty: 10) | Naproxen Sodium (500 mg, Twice daily as needed with food, Qty: 20) | Propranolol HCl (40 mg, Twice daily for prophylaxis, Qty: 60)",3,AES-256-GCM,vault-transit-key-0xa011a0ef,c43415140f8873d3427683eb,69273097524bec41545cca8eddb9e8d1,0x39eb387417c85bed267ad11d30e1e392631ebdcd0e23dd8833de910a21ffad5d,Qm8969e985ffe2b1434640f9e6b9916a180de866cfeb0d,Pinata Dedicated IPFS Gateway,0.0.4891024,2217,2026-09-13 11:55:21 UTC,0x421d5c57461aba0cf066d01b197b151c092ba58f96e26b41c7ca2d087ce1a8b1,0.0001,Pharmacy Dispensation Verification & Medication Fulfillment,Identity Verified (Wallet Protocol),Blockchain Audit Enabled
RX-0218,Sneha Joshi,849418,0xbec11ba27130afb085be6ef2f494ced2a7f340b6,🔓 Decrypt RX,Pending - Ready to Decrypt,YES (Patient Consent Active),NO,NO,964.3,Dr. Rajesh Sharma,0x3c44CdDdB6a900fa2b585dd299e03d12FA4293BC,NMC-78491,Apollo Multispecialty Hospital,Fortis Care Dispensary,0x84f93618C1D541bB1Dcf1373A8eE500A7D439634,DL-FC-2025-1094,"Amit Singhania, R.Ph.",K21.9,Gastro-esophageal reflux disease,Gastroenterology,"Pantoprazole Gastro-resistant (40 mg, Once Daily 30 min pre-breakfast, Qty: 30) | Domperidone Sustained Release (30 mg, Once Daily morning, Qty: 30) | Sucralfate Oral Suspension (1000 mg/10mL, 10 mL thrice daily before meals, Qty: 2)",3,AES-256-GCM,vault-transit-key-0xbec11ba2,330bdc587ec6e350ccabbf05,c3cb56bfa10ef03b5bbbe2105adb43b5,0x7dd99df120060982c1b206c7aedff50d3776590e8d28db477eed6e6a09ad7e5b,Qmc896cc5b7911f91ac298d23655682f70a2a4fd51fce7,Pinata Dedicated IPFS Gateway,0.0.4891024,2218,2026-09-13 11:55:24 UTC,0xd08a6f6d868f12d3bddcb70788bb02382c50dec9f4efea62d8fbed55a0c113d0,0.0001,Pharmacy Dispensation Verification & Medication Fulfillment,Identity Verified (Wallet Protocol),Blockchain Audit Enabled
RX-0219,Lata Joshi,849419,0x23990fe6ed5b6973ba960f1d52b1982927473eb3,Dispensed (Fulfilled),Dispensed & Fulfilled,YES,NO,YES,3320.43,Dr. Rajesh Sharma,0x3c44CdDdB6a900fa2b585dd299e03d12FA4293BC,NMC-78491,Apollo Multispecialty Hospital,Fortis Care Dispensary,0x84f93618C1D541bB1Dcf1373A8eE500A7D439634,DL-FC-2025-1094,"Amit Singhania, R.Ph.",C61,Malignant neoplasm of prostate,Oncology,"Bicalutamide (50 mg, Once Daily morning, Qty: 30) | Tamsulosin HCl (0.4 mg, Once Daily 30 min after same meal, Qty: 30)",2,AES-256-GCM,vault-transit-key-0x23990fe6,97eeb99e7547406719897fac,75c8b2c3d63f48e6ce0516bbd0884392,0xa558b84335102845a5f9ca39d26381acbecf707af126d77c306f631c9f6b9e29,Qma8f3d4b33199e175b6ec3bc85aa1f7ec041c046d0104,Pinata Dedicated IPFS Gateway,0.0.4891024,2219,2026-09-13 11:55:25 UTC,0x0812e8a19239860f2ce291dfa3061b93b26986bfb07ab173874f22d03b5af3ea,0.0001,Pharmacy Dispensation Verification & Medication Fulfillment,Identity Verified (Wallet Protocol),Blockchain Audit Enabled
RX-0220,Aarav Shetty,849420,0x3c4aa6f6037f808a658889b8a84328cf361d5065,Dispensed (Fulfilled),Dispensed & Fulfilled,YES,NO,YES,1190.23,Dr. Ananya Roy,0x9965507D1a55bcC2695C58ba16FB37d819B0A4dc,NMC-51203,Max Super Speciality Cancer Institute,Max Wellness Pharmacy,0x28B7eA94B34C8F52D19E50Eb14769Da20F5D54b4,DL-MW-2024-7731,"Sneha Mukherjee, R.Ph.",E11.9,Type 2 diabetes mellitus without complications,Endocrinology,"Metformin Hydrochloride (500 mg, Twice Daily with meals, Qty: 60) | Dapagliflozin Propanediol (10 mg, Once Daily morning, Qty: 30) | Glimepiride (2 mg, Once Daily pre-breakfast, Qty: 30)",3,AES-256-GCM,vault-transit-key-0x3c4aa6f6,f5b217aa4b130fce5065c2e7,a90f4b831bc803765af0a356030a47e1,0x3254488fbf4e6f36bc3217103458908f07d01ea51002b954aaa37e8f8d6baae6,Qm950ea269105daf270ca8dbf870766fc3a8ca30eb4ca2,Pinata Dedicated IPFS Gateway,0.0.4891024,2220,2026-09-13 11:55:28 UTC,0x4de2c290918281dfba2da4c74a28b38a325e3f2a46613a5b815163b2793f0fa1,0.0001,Pharmacy Dispensation Verification & Medication Fulfillment,Identity Verified (Wallet Protocol),Blockchain Audit Enabled
RX-0221,Sameer Swaminathan,849421,0x6f08097f91d35dd352c19d391949b3e0b72783ca,Dispensed (Fulfilled),Dispensed & Fulfilled,YES,NO,YES,222.01,Dr. Sunita Narang,0xBcd4042DE499D14e55001CcbB24a551F3b954096,NMC-90812,Apex Diagnostic Reference Labs,Apollo Pharmacy Global,0x04Fee3FD1B338d12FFD6dBD8d66dE1e8e0BB99cB,DL-AP-2024-8901,"K. V. Raman, R.Ph.",E03.9,"Hypothyroidism, unspecified",Endocrinology,"Levothyroxine Sodium (50 mcg, Once Daily on empty stomach, Qty: 60)",1,AES-256-GCM,vault-transit-key-0x6f08097f,805181c50a24d4d60cb8da50,7e43b9c2734c6e2c54a8fabd1a241e2e,0x919223b46171b4a2650ecb58cb405afea2efdcb290187c27b035e7759834b2e2,Qm281d96e3ad7b7f43b152fdd887a258597741cdde93e2,Pinata Dedicated IPFS Gateway,0.0.4891024,2221,2026-09-13 11:55:30 UTC,0x5ee784cdadfa51cd1c3f5ed4326bb6dcbf278afd6fba8b5f0d0814cee4cbd137,0.0001,Pharmacy Dispensation Verification & Medication Fulfillment,Identity Verified (Wallet Protocol),Blockchain Audit Enabled
RX-0222,Rahul Pillai,849422,0xf818561f437eec7f07c0efcb4eaa236e32ba414c,⏳ Waiting for Approval,Access Pending Approval,NO,YES,NO,1000.22,Dr. Vikram Seth,0x15d34AAf54267DB7D7c367839AAf71A00a2C6A65,NMC-99014,Max Super Speciality Cancer Institute,Apex Central Clinical Dispensary,0x155Af6ECaFb48861dA7d16Fb8Af2f6ce9d6DD779,DL-AX-2026-3021,"Rajesh Nambiar, Pharm.D.",G43.909,"Migraine, unspecified, not intractable",Neurology,"Sumatriptan Succinate (50 mg, 1 tablet at onset of migraine SOS, Qty: 10) | Naproxen Sodium (500 mg, Twice daily as needed with food, Qty: 20) | Propranolol HCl (40 mg, Twice daily for prophylaxis, Qty: 60)",3,AES-256-GCM,vault-transit-key-0xf818561f,96c4772f998e4dd8ed61de96,5f8df8c6e3d28d5e8fa53bae49e362de,0xa70dae51f3ee590a32bed1ddb319572d6de09baf6904dd0ffb0c91223433726a,Qm4bd56c82bdede418a35ad4f39ded73acaa9b997b04b9,Pinata Dedicated IPFS Gateway,0.0.4891024,2222,2026-09-13 11:55:33 UTC,0x0e1c1ef128a6ae64616113bafbac58cbe27c49146c5afa7ac518e54496e4ed40,0.0001,Pharmacy Dispensation Verification & Medication Fulfillment,Identity Verified (Wallet Protocol),Blockchain Audit Enabled
RX-0223,Kiran Pandey,849423,0x64a1d5c515a829d89630a527090140a663c6ca97,🔓 Decrypt RX,Pending - Ready to Decrypt,YES (Patient Consent Active),NO,NO,1491.3,Dr. Rohan Patel,0x976EA74026E726554dB657fA54763abd0C3a0aa9,NMC-11029,Fortis Memorial Neuro & Trauma Center,MedPlus Health Hub,0x70997970C51812dc3A010C7d01b50e0d17dc79C8,DL-MP-2023-4122,"Priya Sundaram, Pharm.D.",G40.909,"Epilepsy, unspecified",Neurology,"Levetiracetam (500 mg, Twice Daily morning & evening, Qty: 60) | Clobazam (10 mg, Once Daily at Bedtime, Qty: 30)",2,AES-256-GCM,vault-transit-key-0x64a1d5c5,0e8a0b1994b8f97da506f947,01d77daeb17e22c39e771a6c09ee2702,0x435f4a1e07b5cf1bc42230d4c55a2db15f231c19433f012b7df02704b740c2db,Qm93843b8590d458c17bf3dc033de7c6574c793e107d3f,Pinata Dedicated IPFS Gateway,0.0.4891024,2223,2026-09-13 11:55:35 UTC,0x3087b47f3d6eb76d12f4d6497ce416f32efa2af6f900ca2af75383bdf4688b3b,0.0001,Pharmacy Dispensation Verification & Medication Fulfillment,Identity Verified (Wallet Protocol),Blockchain Audit Enabled
RX-0224,Sanjay Mukherjee,849424,0x430baac6412038295574a558cc09dec7870ca58d,🔓 Decrypt RX,Pending - Ready to Decrypt,YES (Patient Consent Active),NO,NO,3313.91,Dr. Preeti Deshmukh,0x23618e81E3f5cdF7f54C3d65f7FBc0aBf5B21E8f,NMC-82194,Care & Cure Pediatric & Maternity Hospital,Max Wellness Pharmacy,0x28B7eA94B34C8F52D19E50Eb14769Da20F5D54b4,DL-MW-2024-7731,"Sneha Mukherjee, R.Ph.",C61,Malignant neoplasm of prostate,Oncology,"Bicalutamide (50 mg, Once Daily morning, Qty: 30) | Tamsulosin HCl (0.4 mg, Once Daily 30 min after same meal, Qty: 30)",2,AES-256-GCM,vault-transit-key-0x430baac6,bd97a5e9f7446b1c4e4d44b1,4c02b2e40cb8cc2545b50d729e555408,0xc373a2c5ef168542babb5eb96b1f3e2b28d1dd909d011e688eb23e4cb2d9f778,Qme6813e5d50e53646e46e4c278e2757b8b7587f907943,Pinata Dedicated IPFS Gateway,0.0.4891024,2224,2026-09-13 11:55:38 UTC,0x6c37a633267d5e4d1b7bcfddb124b7164e0734b216555ac13217b214621409b3,0.0001,Pharmacy Dispensation Verification & Medication Fulfillment,Identity Verified (Wallet Protocol),Blockchain Audit Enabled
RX-0225,Ananya Nair,849425,0x1b4e77f0c030f00949898663e36f5f9474154ef0,Dispensed (Fulfilled),Dispensed & Fulfilled,YES,NO,YES,1006.06,Dr. Rajesh Sharma,0x3c44CdDdB6a900fa2b585dd299e03d12FA4293BC,NMC-78491,Apollo Multispecialty Hospital,Apex Central Clinical Dispensary,0x155Af6ECaFb48861dA7d16Fb8Af2f6ce9d6DD779,DL-AX-2026-3021,"Rajesh Nambiar, Pharm.D.",I20.9,"Angina pectoris, unspecified",Cardiology,"Nitroglycerin Sublingual (0.4 mg, PRN for chest pain, Qty: 25) | Aspirin Gastro-resistant (75 mg, Once Daily post meal, Qty: 30) | Atorvastatin Calcium (40 mg, Once Daily at Bedtime, Qty: 30)",3,AES-256-GCM,vault-transit-key-0x1b4e77f0,841e520140a24e52b7ac3c66,a2402f7e0b59956b0a28746baec7405e,0x7ed3829a41c5f8f0993bb9c94da7eb0db1236ac2b50204207e814edbc7ef9914,Qm86c32febf58832eafe3ceb8b2554438c070a16e83816,Pinata Dedicated IPFS Gateway,0.0.4891024,2225,2026-09-13 11:55:40 UTC,0x1cc051450af6e8ddaef091969f153ca30a361b21534855cca7bdb219a5a4c0e1,0.0001,Pharmacy Dispensation Verification & Medication Fulfillment,Identity Verified (Wallet Protocol),Blockchain Audit Enabled
RX-0226,Lata Rao,849426,0xb7e7fc1400b373a4ef87a1df5210b9b5d011977a,🔓 Decrypt RX,Pending - Ready to Decrypt,YES (Patient Consent Active),NO,NO,495.31,Dr. Rohan Patel,0x976EA74026E726554dB657fA54763abd0C3a0aa9,NMC-11029,Fortis Memorial Neuro & Trauma Center,MedPlus Health Hub,0x70997970C51812dc3A010C7d01b50e0d17dc79C8,DL-MP-2023-4122,"Priya Sundaram, Pharm.D.",I10,Essential (primary) hypertension,Cardiology,"Amlodipine Besylate (5 mg, Once Daily (Morning), Qty: 30) | Telmisartan (40 mg, Once Daily (Morning), Qty: 30)",2,AES-256-GCM,vault-transit-key-0xb7e7fc14,af58d8c862a8530a1abf6e9d,c3171240e7f1505ae060f1561b0e1f12,0x7d654b3056b395b5b093e99875ce7a0c24700802da747885a8b6644bd0147c85,Qm6fe3fd909b485b258eb275048c319c46d814217c63b4,Pinata Dedicated IPFS Gateway,0.0.4891024,2226,2026-09-13 11:55:42 UTC,0xb49ec1ae3a8fb9ee8ab7611eca1e1d989a8f1cadee5df63e1aef29a3775be5eb,0.0001,Pharmacy Dispensation Verification & Medication Fulfillment,Identity Verified (Wallet Protocol),Blockchain Audit Enabled
RX-0227,Amit Sharma,849427,0x7bfc8ccdc9e05144f7c3c349185bb4964df6c8f2,Dispensed (Fulfilled),Dispensed & Fulfilled,YES,NO,YES,938.3,Dr. Sarah Jenkins,0x04Fee3FD1B338d12FFD6dBD8d66dE1e8e0BB99cB,NMC-48192,Apollo Multispecialty Hospital,Apex Central Clinical Dispensary,0x155Af6ECaFb48861dA7d16Fb8Af2f6ce9d6DD779,DL-AX-2026-3021,"Rajesh Nambiar, Pharm.D.",K21.9,Gastro-esophageal reflux disease,Gastroenterology,"Pantoprazole Gastro-resistant (40 mg, Once Daily 30 min pre-breakfast, Qty: 30) | Domperidone Sustained Release (30 mg, Once Daily morning, Qty: 30) | Sucralfate Oral Suspension (1000 mg/10mL, 10 mL thrice daily before meals, Qty: 2)",3,AES-256-GCM,vault-transit-key-0x7bfc8ccd,f1113ff120289a74076207d3,45b4aeda5a9a5f5e5b176dea5c897750,0x16c863811fe068530a2712d15a47267127d7bfc6c103fac7e9710e0ba2691f20,Qm76dab61a80804ad4de0548cb0e248c7e7fd903196876,Pinata Dedicated IPFS Gateway,0.0.4891024,2227,2026-09-13 11:55:45 UTC,0xee9eed6935cce0579e17b4401aab2e731e5dadb0ec2950789ec1a7e250d91989,0.0001,Pharmacy Dispensation Verification & Medication Fulfillment,Identity Verified (Wallet Protocol),Blockchain Audit Enabled
RX-0228,Harish Kulkarni,849428,0x6c5608f37819672ee5b1dc1da2bcea48a97dc4fe,Request Access,Unauthorized / Unlinked,NO,NO,NO,953.0,Dr. Ananya Roy,0x9965507D1a55bcC2695C58ba16FB37d819B0A4dc,NMC-51203,Max Super Speciality Cancer Institute,MedPlus Health Hub,0x70997970C51812dc3A010C7d01b50e0d17dc79C8,DL-MP-2023-4122,"Priya Sundaram, Pharm.D.",K21.9,Gastro-esophageal reflux disease,Gastroenterology,"Pantoprazole Gastro-resistant (40 mg, Once Daily 30 min pre-breakfast, Qty: 30) | Domperidone Sustained Release (30 mg, Once Daily morning, Qty: 30) | Sucralfate Oral Suspension (1000 mg/10mL, 10 mL thrice daily before meals, Qty: 2)",3,AES-256-GCM,vault-transit-key-0x6c5608f3,ddbdacd5d952b101335ec7a0,13005bc122244ee1014ad3ca1f3706f0,0x70ce2bdc24693ce9b72823a2dadd5f0a97044a41ee6f793633e5ddd346e5e2bb,Qmbf7a0292ca26d41ca2aa1f9a5efb20ed8fd0fc147216,Pinata Dedicated IPFS Gateway,0.0.4891024,2228,2026-09-13 11:55:47 UTC,0x29791ecd23862e1f479b8849b6890304f2fc6b63a025d4f502523f4c5854d3ae,0.0001,Pharmacy Dispensation Verification & Medication Fulfillment,Identity Verified (Wallet Protocol),Blockchain Audit Enabled
RX-0229,Priyanka Bhatia,849429,0xa279d6f2ea7147c6a6dd93bdf94623fdb8eb8080,🔓 Decrypt RX,Pending - Ready to Decrypt,YES (Patient Consent Active),NO,NO,932.9,Dr. Sarah Jenkins,0x04Fee3FD1B338d12FFD6dBD8d66dE1e8e0BB99cB,NMC-48192,Apollo Multispecialty Hospital,Apex Central Clinical Dispensary,0x155Af6ECaFb48861dA7d16Fb8Af2f6ce9d6DD779,DL-AX-2026-3021,"Rajesh Nambiar, Pharm.D.",A90,Dengue fever [classical dengue],Infectious Disease,"Paracetamol Infusion / Tab (650 mg, Every 6 hours SOS fever > 100°F, Qty: 20) | Carica Papaya Leaf Extract (1100 mg, Thrice Daily post food, Qty: 21) | Oral Rehydration Salts (WHO formula) (21.8 g sachet, 1 sachet in 1L water daily, Qty: 7)",3,AES-256-GCM,vault-transit-key-0xa279d6f2,a9470198d0a8117cadcd722c,1b20bec89e51f1054adb58a77112a24a,0xaa5ab526e274de0dd4d000d8018fa67daccc7ea771f51ee856017cc583a1ff12,Qm9fafc5dce713714b0e7741123ca4ef481ccc7fb1c29a,Pinata Dedicated IPFS Gateway,0.0.4891024,2229,2026-09-13 11:55:49 UTC,0xb972758c9dbd1b926737824e0873bd673bed2c0d9a732718ee92423f00081b31,0.0001,Pharmacy Dispensation Verification & Medication Fulfillment,Identity Verified (Wallet Protocol),Blockchain Audit Enabled
RX-0230,Siddharth Pandey,849430,0xe652be9f541f0cce2e09651e0c491f434d4fe601,🔓 Decrypt RX,Pending - Ready to Decrypt,YES (Patient Consent Active),NO,NO,1493.91,Dr. Sunita Narang,0xBcd4042DE499D14e55001CcbB24a551F3b954096,NMC-90812,Apex Diagnostic Reference Labs,Apex Central Clinical Dispensary,0x155Af6ECaFb48861dA7d16Fb8Af2f6ce9d6DD779,DL-AX-2026-3021,"Rajesh Nambiar, Pharm.D.",G40.909,"Epilepsy, unspecified",Neurology,"Levetiracetam (500 mg, Twice Daily morning & evening, Qty: 60) | Clobazam (10 mg, Once Daily at Bedtime, Qty: 30)",2,AES-256-GCM,vault-transit-key-0xe652be9f,bface5154e96a598dd2a9b3a,644c35af7836286498de6de332f9087f,0x9584b200b37b10150c58d1484df379c4c3fadde48d45dd1797f185057acf4078,Qm79a0ffa3a6a69b88127b6b878d936e77cfab07d9aaa3,Pinata Dedicated IPFS Gateway,0.0.4891024,2230,2026-09-13 11:55:52 UTC,0x33585c313f8420cde3e12ae173a0dced91db023e1f95ed82c50a0c5c6f8df660,0.0001,Pharmacy Dispensation Verification & Medication Fulfillment,Identity Verified (Wallet Protocol),Blockchain Audit Enabled
RX-0231,Sakshi Joshi,849431,0x65a7daf634bd66e5a4368c93594e8fe14b5d7d78,🔓 Decrypt RX,Pending - Ready to Decrypt,YES (Patient Consent Active),NO,NO,949.32,Dr. Rajesh Sharma,0x3c44CdDdB6a900fa2b585dd299e03d12FA4293BC,NMC-78491,Apollo Multispecialty Hospital,Max Wellness Pharmacy,0x28B7eA94B34C8F52D19E50Eb14769Da20F5D54b4,DL-MW-2024-7731,"Sneha Mukherjee, R.Ph.",K21.9,Gastro-esophageal reflux disease,Gastroenterology,"Pantoprazole Gastro-resistant (40 mg, Once Daily 30 min pre-breakfast, Qty: 30) | Domperidone Sustained Release (30 mg, Once Daily morning, Qty: 30) | Sucralfate Oral Suspension (1000 mg/10mL, 10 mL thrice daily before meals, Qty: 2)",3,AES-256-GCM,vault-transit-key-0x65a7daf6,68e2cfd889b8f46cb84f7aa7,d27df4d387d67c1bce5bd806d8be9599,0xcedfb43833f404888df479b7912b8a5325604a6687da7f26564a5a50a126dda2,Qmfb387ffa8cbe0ed0e474a93ceb848085216cb5e417cd,Pinata Dedicated IPFS Gateway,0.0.4891024,2231,2026-09-13 11:55:54 UTC,0x63d37c905262ba50c9a589adf84405761f5b499f78a6a39bce67f164efbbfdef,0.0001,Pharmacy Dispensation Verification & Medication Fulfillment,Identity Verified (Wallet Protocol),Blockchain Audit Enabled
RX-0232,Amit Bhatia,849432,0xb3e5173b79df13fb50c337b7330af2f1cdf5af10,🔓 Decrypt RX,Pending - Ready to Decrypt,YES (Patient Consent Active),NO,NO,520.54,Dr. Rohan Patel,0x976EA74026E726554dB657fA54763abd0C3a0aa9,NMC-11029,Fortis Memorial Neuro & Trauma Center,Apollo Pharmacy Global,0x04Fee3FD1B338d12FFD6dBD8d66dE1e8e0BB99cB,DL-AP-2024-8901,"K. V. Raman, R.Ph.",I10,Essential (primary) hypertension,Cardiology,"Amlodipine Besylate (5 mg, Once Daily (Morning), Qty: 30) | Telmisartan (40 mg, Once Daily (Morning), Qty: 30)",2,AES-256-GCM,vault-transit-key-0xb3e5173b,3aeb4de7a26284b2ba1c9777,a7cefe4a7a5fdbacc8b4434f190cd637,0xfa04c233c0c79635532b51934f7fea2a82ee2190d2fcf8501bd87a2f63f81972,Qmce1fcd921e4fa95acad44f86aa5d68fb8505832644cc,Pinata Dedicated IPFS Gateway,0.0.4891024,2232,2026-09-13 11:55:57 UTC,0xc38f5a73a62c35560ff535fb77edd3d84c51896857dc3ffa2aa7ad19d284ad8b,0.0001,Pharmacy Dispensation Verification & Medication Fulfillment,Identity Verified (Wallet Protocol),Blockchain Audit Enabled
RX-0233,Rakesh Choudhury,849433,0xf328e3ff3db42373c2b284d1580c17bc6dd927fe,🔓 Decrypt RX,Pending - Ready to Decrypt,YES (Patient Consent Active),NO,NO,212.56,Dr. Sunita Narang,0xBcd4042DE499D14e55001CcbB24a551F3b954096,NMC-90812,Apex Diagnostic Reference Labs,Max Wellness Pharmacy,0x28B7eA94B34C8F52D19E50Eb14769Da20F5D54b4,DL-MW-2024-7731,"Sneha Mukherjee, R.Ph.",E03.9,"Hypothyroidism, unspecified",Endocrinology,"Levothyroxine Sodium (50 mcg, Once Daily on empty stomach, Qty: 60)",1,AES-256-GCM,vault-transit-key-0xf328e3ff,f4e5b65e41c73a932ccf3490,6d9cb4ada53d1dd0b059270ced308a3b,0x73e84978c5a32bd7c32fa1ddf512a82e4e5e3010dbee6ecf98785dfae12b60a2,Qm6da655cd0072962f219dee7fceb6c7a2f0643368fd00,Pinata Dedicated IPFS Gateway,0.0.4891024,2233,2026-09-13 11:55:59 UTC,0xcc5f4a1598b8923d4cfc146d525fff175ec89d8fc130296ff387c720359ff037,0.0001,Pharmacy Dispensation Verification & Medication Fulfillment,Identity Verified (Wallet Protocol),Blockchain Audit Enabled
RX-0234,Ananya Mehta,849434,0x94844d934545c9dc4e979afc1d9ed395f27dccb1,Request Access,Unauthorized / Unlinked,NO,NO,NO,911.44,Dr. Ananya Roy,0x9965507D1a55bcC2695C58ba16FB37d819B0A4dc,NMC-51203,Max Super Speciality Cancer Institute,Apollo Pharmacy Global,0x04Fee3FD1B338d12FFD6dBD8d66dE1e8e0BB99cB,DL-AP-2024-8901,"K. V. Raman, R.Ph.",A90,Dengue fever [classical dengue],Infectious Disease,"Paracetamol Infusion / Tab (650 mg, Every 6 hours SOS fever > 100°F, Qty: 20) | Carica Papaya Leaf Extract (1100 mg, Thrice Daily post food, Qty: 21) | Oral Rehydration Salts (WHO formula) (21.8 g sachet, 1 sachet in 1L water daily, Qty: 7)",3,AES-256-GCM,vault-transit-key-0x94844d93,ab417d26246b1b1932c7c6a7,6e601d4a6714d26c1bc19a7a7ac7039c,0x306867ab5b24cc913262ddb41e75ffad4fb62821815143d319f2a38ca436e22c,Qmb03e7386684f81c3b89b399d92ee33b99707941ac5fd,Pinata Dedicated IPFS Gateway,0.0.4891024,2234,2026-09-13 11:56:02 UTC,0x2927d2185d368e7184764e44ae86695108e365297d09625611b73e9e561df015,0.0001,Pharmacy Dispensation Verification & Medication Fulfillment,Identity Verified (Wallet Protocol),Blockchain Audit Enabled
RX-0235,Lata Agarwal,849435,0x72c6dd797e883f5aa604c1e9315da874a7ff244e,⏳ Waiting for Approval,Access Pending Approval,NO,YES,NO,1678.62,Dr. Sunita Narang,0xBcd4042DE499D14e55001CcbB24a551F3b954096,NMC-90812,Apex Diagnostic Reference Labs,MedPlus Health Hub,0x70997970C51812dc3A010C7d01b50e0d17dc79C8,DL-MP-2023-4122,"Priya Sundaram, Pharm.D.",C50.919,Malignant neoplasm of female breast,Oncology,"Tamoxifen Citrate (20 mg, Once Daily at fixed hour, Qty: 30) | Ondansetron HCl (8 mg, Twice Daily 30 min before food, Qty: 30) | Calcium Carbonate + Vit D3 (500mg/250IU, Once Daily post meal, Qty: 30)",3,AES-256-GCM,vault-transit-key-0x72c6dd79,0d3d9e558f76bd452f183705,f92f8f457a4de09a0729abf414d52256,0xe97c3701b00a934f5c462dbf927966780fca956ce39e26c6a30e7d33810a3aaf,Qme756a4fee084fb51c992c188a6f25e080aec4c512cb2,Pinata Dedicated IPFS Gateway,0.0.4891024,2235,2026-09-13 11:56:04 UTC,0xf8b87c4e1ae53e6aa243ed3dfc4fdc1b810fa7d83c6cf427e4de1ef9f14d05ea,0.0001,Pharmacy Dispensation Verification & Medication Fulfillment,Identity Verified (Wallet Protocol),Blockchain Audit Enabled
RX-0236,Sameer Joshi,849436,0x12442e4ac3827818d451424d6b5f1ddf45b8ce55,Request Access,Unauthorized / Unlinked,NO,NO,NO,1187.37,Dr. Sunita Narang,0xBcd4042DE499D14e55001CcbB24a551F3b954096,NMC-90812,Apex Diagnostic Reference Labs,Apollo Pharmacy Global,0x04Fee3FD1B338d12FFD6dBD8d66dE1e8e0BB99cB,DL-AP-2024-8901,"K. V. Raman, R.Ph.",E11.9,Type 2 diabetes mellitus without complications,Endocrinology,"Metformin Hydrochloride (500 mg, Twice Daily with meals, Qty: 60) | Dapagliflozin Propanediol (10 mg, Once Daily morning, Qty: 30) | Glimepiride (2 mg, Once Daily pre-breakfast, Qty: 30)",3,AES-256-GCM,vault-transit-key-0x12442e4a,c16c4c979417910acadef9af,a6d4d0518da3bb243fcb046224a09c15,0xfd7c80474c02bdc48f30a6c42a6bf3cb30901ade85a9d7ebf6598a65fbfc2478,Qm1f96dd8e41f2a73505eadcdbe6988c55d29d4e5323bb,Pinata Dedicated IPFS Gateway,0.0.4891024,2236,2026-09-13 11:56:06 UTC,0x94a9c42bbef7497c08916daeb693c24bcbeb75435641853d08fe77dc2ca6b235,0.0001,Pharmacy Dispensation Verification & Medication Fulfillment,Identity Verified (Wallet Protocol),Blockchain Audit Enabled
RX-0237,Shreya Ghosh,849437,0xc1456d7a475ee0e857b27f7deba05a05db52567e,Dispensed (Fulfilled),Dispensed & Fulfilled,YES,NO,YES,986.7,Dr. Sunita Narang,0xBcd4042DE499D14e55001CcbB24a551F3b954096,NMC-90812,Apex Diagnostic Reference Labs,Apollo Pharmacy Global,0x04Fee3FD1B338d12FFD6dBD8d66dE1e8e0BB99cB,DL-AP-2024-8901,"K. V. Raman, R.Ph.",I20.9,"Angina pectoris, unspecified",Cardiology,"Nitroglycerin Sublingual (0.4 mg, PRN for chest pain, Qty: 25) | Aspirin Gastro-resistant (75 mg, Once Daily post meal, Qty: 30) | Atorvastatin Calcium (40 mg, Once Daily at Bedtime, Qty: 30)",3,AES-256-GCM,vault-transit-key-0xc1456d7a,4022ffad055bc57d34626b4c,c58af50c2c7c6a0fe6620f6d563a377b,0xce8b0f65e4d37608d5ef363e678b5b099e527bafb789e0b6287fc5cace62d97a,Qmac49578e803cb9418e860175896f0f8d67c8d5824987,Pinata Dedicated IPFS Gateway,0.0.4891024,2237,2026-09-13 11:56:09 UTC,0xab730235ad7d2b60df6396188d51b831e714b5b02f8235a4b825e3117e450391,0.0001,Pharmacy Dispensation Verification & Medication Fulfillment,Identity Verified (Wallet Protocol),Blockchain Audit Enabled
RX-0238,Divya Pillai,849438,0x969888962b33d27eb0327c4d88feeffc5ab7e0ab,🔓 Decrypt RX,Pending - Ready to Decrypt,YES (Patient Consent Active),NO,NO,1475.46,Dr. Rajesh Sharma,0x3c44CdDdB6a900fa2b585dd299e03d12FA4293BC,NMC-78491,Apollo Multispecialty Hospital,Max Wellness Pharmacy,0x28B7eA94B34C8F52D19E50Eb14769Da20F5D54b4,DL-MW-2024-7731,"Sneha Mukherjee, R.Ph.",G40.909,"Epilepsy, unspecified",Neurology,"Levetiracetam (500 mg, Twice Daily morning & evening, Qty: 60) | Clobazam (10 mg, Once Daily at Bedtime, Qty: 30)",2,AES-256-GCM,vault-transit-key-0x96988896,faaa4e472614e41c67c3f079,3060f4be4a6910612a16cc9fc06d23f2,0x97c9aa0fc429a167d035745f29f845c09ca6de211f6777c2953becbc25b46f0c,Qmf3fa5c1ec2a4d2129e9d058a23e1f47cee3b43039dee,Pinata Dedicated IPFS Gateway,0.0.4891024,2238,2026-09-13 11:56:11 UTC,0x919539ef6342f7e7bf521b4571dcb64b795dceb922384cc0e35769221201fad1,0.0001,Pharmacy Dispensation Verification & Medication Fulfillment,Identity Verified (Wallet Protocol),Blockchain Audit Enabled
RX-0239,Aarav Gupta,849439,0x6336557d6971024238bc40da7b06a995efc26cd3,🔓 Decrypt RX,Pending - Ready to Decrypt,YES (Patient Consent Active),NO,NO,1624.92,Dr. Rajesh Sharma,0x3c44CdDdB6a900fa2b585dd299e03d12FA4293BC,NMC-78491,Apollo Multispecialty Hospital,Max Wellness Pharmacy,0x28B7eA94B34C8F52D19E50Eb14769Da20F5D54b4,DL-MW-2024-7731,"Sneha Mukherjee, R.Ph.",E11.65,Type 2 diabetes mellitus with hyperglycemia,Endocrinology,"Insulin Glargine Solostar (100 IU/mL, 14 Units Once Daily at Bedtime, Qty: 2) | Metformin XR (1000 mg, Once Daily post dinner, Qty: 30)",2,AES-256-GCM,vault-transit-key-0x6336557d,c1f5f186a358558a0a493fa2,1cfbbf2bfff7f89c31afe3fbefc607e4,0x3173c2b6014ca89afd9e9d8929c9f9ff12af93bdaafd99badd9a040a7eafc882,Qm9c98925cf2244c660a1b253cdf06a41e821d4da140a3,Pinata Dedicated IPFS Gateway,0.0.4891024,2239,2026-09-13 11:56:13 UTC,0xfcf3acaf15e25cf043bdc04eebb77dc5b6e32d2ff9d7bdfaf68ce7c0c884a5bc,0.0001,Pharmacy Dispensation Verification & Medication Fulfillment,Identity Verified (Wallet Protocol),Blockchain Audit Enabled
RX-0240,Shreya Rao,849440,0x211a23347eb4d77c322a47a404712a3fb601013a,⏳ Waiting for Approval,Access Pending Approval,NO,YES,NO,943.64,Dr. Vikram Seth,0x15d34AAf54267DB7D7c367839AAf71A00a2C6A65,NMC-99014,Max Super Speciality Cancer Institute,Fortis Care Dispensary,0x84f93618C1D541bB1Dcf1373A8eE500A7D439634,DL-FC-2025-1094,"Amit Singhania, R.Ph.",K21.9,Gastro-esophageal reflux disease,Gastroenterology,"Pantoprazole Gastro-resistant (40 mg, Once Daily 30 min pre-breakfast, Qty: 30) | Domperidone Sustained Release (30 mg, Once Daily morning, Qty: 30) | Sucralfate Oral Suspension (1000 mg/10mL, 10 mL thrice daily before meals, Qty: 2)",3,AES-256-GCM,vault-transit-key-0x211a2334,b5a158b26eab66f1300775cb,165c36db5dcff502599efb8b9e33eebe,0x544fcb39d2ddbe239ed1ecc8d1d1b8ae30d9b07280b185b6b18f530c4f1e107d,Qm28394d7e8ad72cb3642998d642ea3066e65187f7cad9,Pinata Dedicated IPFS Gateway,0.0.4891024,2240,2026-09-13 11:56:16 UTC,0x5ba36c8ec466c9f58610bf6ee5b8898498510f68aee32ea8ad201431ec0d2925,0.0001,Pharmacy Dispensation Verification & Medication Fulfillment,Identity Verified (Wallet Protocol),Blockchain Audit Enabled
RX-0241,Shreya Gowda,849441,0x63aca7754a91a7f661bcf383f86cb8a86da8aff7,Dispensed (Fulfilled),Dispensed & Fulfilled,YES,NO,YES,500.87,Dr. Sunita Narang,0xBcd4042DE499D14e55001CcbB24a551F3b954096,NMC-90812,Apex Diagnostic Reference Labs,MedPlus Health Hub,0x70997970C51812dc3A010C7d01b50e0d17dc79C8,DL-MP-2023-4122,"Priya Sundaram, Pharm.D.",I10,Essential (primary) hypertension,Cardiology,"Amlodipine Besylate (5 mg, Once Daily (Morning), Qty: 30) | Telmisartan (40 mg, Once Daily (Morning), Qty: 30)",2,AES-256-GCM,vault-transit-key-0x63aca775,905d70dd8e8e2c1f6a36a546,939bab652b5dca2e3b09b1ea23b47a2c,0x13466d3081af9b56ea3f0c9486aa592cffda97e2b1f6c9b959e11aa1c35bb37b,Qmc75394ca9cc98844489c91fdb14179c7fbb9261fe413,Pinata Dedicated IPFS Gateway,0.0.4891024,2241,2026-09-13 11:56:18 UTC,0x2b1060da2f9d665d6ab22f1c59ac55a7fc2973ac4e975cb388b93e93ea401465,0.0001,Pharmacy Dispensation Verification & Medication Fulfillment,Identity Verified (Wallet Protocol),Blockchain Audit Enabled
RX-0242,Kavya Banerjee,849442,0x3e22997393b365fd077f2834a3fd7bf2faa8ff1a,Request Access,Unauthorized / Unlinked,NO,NO,NO,220.1,Dr. Ananya Roy,0x9965507D1a55bcC2695C58ba16FB37d819B0A4dc,NMC-51203,Max Super Speciality Cancer Institute,Apex Central Clinical Dispensary,0x155Af6ECaFb48861dA7d16Fb8Af2f6ce9d6DD779,DL-AX-2026-3021,"Rajesh Nambiar, Pharm.D.",E03.9,"Hypothyroidism, unspecified",Endocrinology,"Levothyroxine Sodium (50 mcg, Once Daily on empty stomach, Qty: 60)",1,AES-256-GCM,vault-transit-key-0x3e229973,da18d0e856c17f667973b8ec,6e2acea5d0c2eaf5aeb218f6488174d2,0x745e618de4c3500b5927d3c0efaf34a062c4f0d02c502f0c54f3f82b389c8ea3,Qm749a16386620135470c01058c6710f0aef23550cab4a,Pinata Dedicated IPFS Gateway,0.0.4891024,2242,2026-09-13 11:56:21 UTC,0xdc8f608ec1dd2f8b2f28478d0b0037976fc817b88e6e4658b6ee892a1f4cb78c,0.0001,Pharmacy Dispensation Verification & Medication Fulfillment,Identity Verified (Wallet Protocol),Blockchain Audit Enabled
RX-0243,Deepak Banerjee,849443,0x157a895872a8e0088a0704299941b1288552d048,Request Access,Unauthorized / Unlinked,NO,NO,NO,912.73,Dr. Rohan Patel,0x976EA74026E726554dB657fA54763abd0C3a0aa9,NMC-11029,Fortis Memorial Neuro & Trauma Center,Apex Central Clinical Dispensary,0x155Af6ECaFb48861dA7d16Fb8Af2f6ce9d6DD779,DL-AX-2026-3021,"Rajesh Nambiar, Pharm.D.",A90,Dengue fever [classical dengue],Infectious Disease,"Paracetamol Infusion / Tab (650 mg, Every 6 hours SOS fever > 100°F, Qty: 20) | Carica Papaya Leaf Extract (1100 mg, Thrice Daily post food, Qty: 21) | Oral Rehydration Salts (WHO formula) (21.8 g sachet, 1 sachet in 1L water daily, Qty: 7)",3,AES-256-GCM,vault-transit-key-0x157a8958,918c737c8031c68a30d2a69d,16d70038d710fad7a0f12924cd178197,0xe0849a1e33ce10accf19dad06f16da8973ef8de828303ffd6d66bd8e6768dbba,Qmcdd2b0613bd23d0e84cc8975d952ba4723d89d4a5661,Pinata Dedicated IPFS Gateway,0.0.4891024,2243,2026-09-13 11:56:23 UTC,0x721004bc7dd7065811ed428ba4dae541eb4c705dca264abd4e12dd63e98e81ae,0.0001,Pharmacy Dispensation Verification & Medication Fulfillment,Identity Verified (Wallet Protocol),Blockchain Audit Enabled
RX-0244,Pooja Mehta,849444,0xfc1ae25321ea655f3ba41f509befda6b7f7022e2,🔓 Decrypt RX,Pending - Ready to Decrypt,YES (Patient Consent Active),NO,NO,936.15,Dr. Sarah Jenkins,0x04Fee3FD1B338d12FFD6dBD8d66dE1e8e0BB99cB,NMC-48192,Apollo Multispecialty Hospital,Fortis Care Dispensary,0x84f93618C1D541bB1Dcf1373A8eE500A7D439634,DL-FC-2025-1094,"Amit Singhania, R.Ph.",K21.9,Gastro-esophageal reflux disease,Gastroenterology,"Pantoprazole Gastro-resistant (40 mg, Once Daily 30 min pre-breakfast, Qty: 30) | Domperidone Sustained Release (30 mg, Once Daily morning, Qty: 30) | Sucralfate Oral Suspension (1000 mg/10mL, 10 mL thrice daily before meals, Qty: 2)",3,AES-256-GCM,vault-transit-key-0xfc1ae253,ccd8bd8babaeb0a6402c4be1,a8281a0330b53190a05db0d89f44b047,0x2b1c624b336ba868c18f5614b80928c6e68e2886d732fbbb226d97f795319486,Qmc46d61f1926ef171ff4132f2d50555bae37e5477bc7d,Pinata Dedicated IPFS Gateway,0.0.4891024,2244,2026-09-13 11:56:26 UTC,0xbf504b5f2592ff3c64a5ee813e6fef5b1c7138f2e5ad30793bb0594e05ed958f,0.0001,Pharmacy Dispensation Verification & Medication Fulfillment,Identity Verified (Wallet Protocol),Blockchain Audit Enabled
RX-0245,Harish Reddy,849445,0x4565e626f385a1d3495acedf040e1faa97a8a47f,Dispensed (Fulfilled),Dispensed & Fulfilled,YES,NO,YES,1008.97,Dr. Ananya Roy,0x9965507D1a55bcC2695C58ba16FB37d819B0A4dc,NMC-51203,Max Super Speciality Cancer Institute,MedPlus Health Hub,0x70997970C51812dc3A010C7d01b50e0d17dc79C8,DL-MP-2023-4122,"Priya Sundaram, Pharm.D.",I20.9,"Angina pectoris, unspecified",Cardiology,"Nitroglycerin Sublingual (0.4 mg, PRN for chest pain, Qty: 25) | Aspirin Gastro-resistant (75 mg, Once Daily post meal, Qty: 30) | Atorvastatin Calcium (40 mg, Once Daily at Bedtime, Qty: 30)",3,AES-256-GCM,vault-transit-key-0x4565e626,9f598f2923c008268237e669,4e912cbbd0e42235880c1b6075a1065a,0x3ddde800bd3953fe15f1758aa4db96862283e4694a68a084ece0b44f5f32c26e,Qm22dc29cb88627458e13985ad440aa4188d0803d90ffc,Pinata Dedicated IPFS Gateway,0.0.4891024,2245,2026-09-13 11:56:28 UTC,0x627cb57ea6336c1c837b3dca273a668baa4cbd105f37cf9416457d41781f965e,0.0001,Pharmacy Dispensation Verification & Medication Fulfillment,Identity Verified (Wallet Protocol),Blockchain Audit Enabled
RX-0246,Arjun Banerjee,849446,0x50359e43375a6908520aaa107b0d9c3afb810ec2,Request Access,Unauthorized / Unlinked,NO,NO,NO,423.44,Dr. Preeti Deshmukh,0x23618e81E3f5cdF7f54C3d65f7FBc0aBf5B21E8f,NMC-82194,Care & Cure Pediatric & Maternity Hospital,Apex Central Clinical Dispensary,0x155Af6ECaFb48861dA7d16Fb8Af2f6ce9d6DD779,DL-AX-2026-3021,"Rajesh Nambiar, Pharm.D.",J06.9,Acute upper respiratory infection,Pediatrics / General,"Amoxicillin + Potassium Clavulanate (625 mg, Twice Daily post food, Qty: 14) | Paracetamol (650 mg, Thrice daily post meals SOS, Qty: 15) | Levocetirizine Dihydrochloride (5 mg, Once Daily at Bedtime, Qty: 7)",3,AES-256-GCM,vault-transit-key-0x50359e43,1e782a3d14a5030b473970f6,8a5fe479a9c23e077b644117cdbf7d99,0x2d88ca99e997e2b300584c65e8a49440b509709439d4a4044133dd5d5320105a,Qm45370aa31d911335a496c8ba3bc0f0ed68155794791a,Pinata Dedicated IPFS Gateway,0.0.4891024,2246,2026-09-13 11:56:30 UTC,0x5d77f97788217d3924f905db4224bc3f08fb7621fba9533b647e5a79144d3d8b,0.0001,Pharmacy Dispensation Verification & Medication Fulfillment,Identity Verified (Wallet Protocol),Blockchain Audit Enabled
RX-0247,Pooja Mishra,849447,0xb09cc96f4eb913a5e60e0f7508d2a575f971fca7,🔓 Decrypt RX,Pending - Ready to Decrypt,YES (Patient Consent Active),NO,NO,1180.81,Dr. Sunita Narang,0xBcd4042DE499D14e55001CcbB24a551F3b954096,NMC-90812,Apex Diagnostic Reference Labs,Apex Central Clinical Dispensary,0x155Af6ECaFb48861dA7d16Fb8Af2f6ce9d6DD779,DL-AX-2026-3021,"Rajesh Nambiar, Pharm.D.",E11.9,Type 2 diabetes mellitus without complications,Endocrinology,"Metformin Hydrochloride (500 mg, Twice Daily with meals, Qty: 60) | Dapagliflozin Propanediol (10 mg, Once Daily morning, Qty: 30) | Glimepiride (2 mg, Once Daily pre-breakfast, Qty: 30)",3,AES-256-GCM,vault-transit-key-0xb09cc96f,1d1d7a53ff582f6fa06e3b77,922bb123febc72e4d7138ee98d30163d,0xbf3257a54319396ada1a306a4e06546e15829ab354f5454e02fcf8ddf7981e66,Qmc671d2b214b3968c2d430edef24db1f8f082b567db64,Pinata Dedicated IPFS Gateway,0.0.4891024,2247,2026-09-13 11:56:33 UTC,0x240ab1aaf1feae221af9c8d4009981a5f77600524d62607264ff0e91df157ddd,0.0001,Pharmacy Dispensation Verification & Medication Fulfillment,Identity Verified (Wallet Protocol),Blockchain Audit Enabled
RX-0248,Aditi Gowda,849448,0x432e30a538b180fdf886158d9a784fde6ac2932e,⏳ Waiting for Approval,Access Pending Approval,NO,YES,NO,1186.04,Dr. Vikram Seth,0x15d34AAf54267DB7D7c367839AAf71A00a2C6A65,NMC-99014,Max Super Speciality Cancer Institute,Apollo Pharmacy Global,0x04Fee3FD1B338d12FFD6dBD8d66dE1e8e0BB99cB,DL-AP-2024-8901,"K. V. Raman, R.Ph.",E11.9,Type 2 diabetes mellitus without complications,Endocrinology,"Metformin Hydrochloride (500 mg, Twice Daily with meals, Qty: 60) | Dapagliflozin Propanediol (10 mg, Once Daily morning, Qty: 30) | Glimepiride (2 mg, Once Daily pre-breakfast, Qty: 30)",3,AES-256-GCM,vault-transit-key-0x432e30a5,7b1a0b09b8e69822e09fd3c3,723df2ba051cd8179cddd9ee856c1246,0x44727c99207657e1606b71306b2af07358b0675e46908e2ef179435c1445f97b,Qmc17fad0ccc15929353ce95f547f8ecfedb15fe1cca4b,Pinata Dedicated IPFS Gateway,0.0.4891024,2248,2026-09-13 11:56:35 UTC,0xac897d7f76ec46f607997e3ab4790872d852fdd96d98ade06edf991ed9646617,0.0001,Pharmacy Dispensation Verification & Medication Fulfillment,Identity Verified (Wallet Protocol),Blockchain Audit Enabled
RX-0249,Rohan Mishra,849449,0xf616733a0f7b69c31094e0f8dc2a41120dcaa308,Dispensed (Fulfilled),Dispensed & Fulfilled,YES,NO,YES,417.17,Dr. Sarah Jenkins,0x04Fee3FD1B338d12FFD6dBD8d66dE1e8e0BB99cB,NMC-48192,Apollo Multispecialty Hospital,MedPlus Health Hub,0x70997970C51812dc3A010C7d01b50e0d17dc79C8,DL-MP-2023-4122,"Priya Sundaram, Pharm.D.",J06.9,Acute upper respiratory infection,Pediatrics / General,"Amoxicillin + Potassium Clavulanate (625 mg, Twice Daily post food, Qty: 14) | Paracetamol (650 mg, Thrice daily post meals SOS, Qty: 15) | Levocetirizine Dihydrochloride (5 mg, Once Daily at Bedtime, Qty: 7)",3,AES-256-GCM,vault-transit-key-0xf616733a,bfd8aa724b5f9b289accf84e,cdaf05088f5c0bd3c97d33895481f9a8,0x899f75d6171d1db0da2c43139a1ed1f4583042393851c0b5b2b86db4a5958227,Qmec7df13016ea011fb743f33c488fb7c489fe2286b2e2,Pinata Dedicated IPFS Gateway,0.0.4891024,2249,2026-09-13 11:56:38 UTC,0x88bd8b20a84e89fa0643df5f8fd97e73673ce64840559ca91ff9932e6e28df0a,0.0001,Pharmacy Dispensation Verification & Medication Fulfillment,Identity Verified (Wallet Protocol),Blockchain Audit Enabled
RX-0250,Manish Sharma,849450,0x4584c9a81c4af5312a599aeccb42111f016b2b2d,🔓 Decrypt RX,Pending - Ready to Decrypt,YES (Patient Consent Active),NO,NO,1502.69,Dr. Ananya Roy,0x9965507D1a55bcC2695C58ba16FB37d819B0A4dc,NMC-51203,Max Super Speciality Cancer Institute,Fortis Care Dispensary,0x84f93618C1D541bB1Dcf1373A8eE500A7D439634,DL-FC-2025-1094,"Amit Singhania, R.Ph.",G40.909,"Epilepsy, unspecified",Neurology,"Levetiracetam (500 mg, Twice Daily morning & evening, Qty: 60) | Clobazam (10 mg, Once Daily at Bedtime, Qty: 30)",2,AES-256-GCM,vault-transit-key-0x4584c9a8,a5fc9a2fb283262f5f01b5d8,459745735074aacabe7fdb9fb903c9e5,0xe0050ff6291ed58bd3b8d38fdb3cad3e3e2ece7ea74f83b3864f91f78408e289,Qm1e7b42cccc586611ed9a2cdae85f039218a0e5d958d3,Pinata Dedicated IPFS Gateway,0.0.4891024,2250,2026-09-13 11:56:40 UTC,0x05cecfda10825477578a25fa2eb3c3119c261d5d105b9c4509c5bfd7bd5e4480,0.0001,Pharmacy Dispensation Verification & Medication Fulfillment,Identity Verified (Wallet Protocol),Blockchain Audit Enabled
RX-0251,Chetan Iyer,849451,0x776b9d2468d84b7d842865899bf38057f59ee300,🔓 Decrypt RX,Pending - Ready to Decrypt,YES (Patient Consent Active),NO,NO,1489.15,Dr. Vikram Seth,0x15d34AAf54267DB7D7c367839AAf71A00a2C6A65,NMC-99014,Max Super Speciality Cancer Institute,Fortis Care Dispensary,0x84f93618C1D541bB1Dcf1373A8eE500A7D439634,DL-FC-2025-1094,"Amit Singhania, R.Ph.",G40.909,"Epilepsy, unspecified",Neurology,"Levetiracetam (500 mg, Twice Daily morning & evening, Qty: 60) | Clobazam (10 mg, Once Daily at Bedtime, Qty: 30)",2,AES-256-GCM,vault-transit-key-0x776b9d24,3b8b016baccd16665a8cd2bd,5c933fe3c06b460d36eb2b22b66a31c9,0x7575078e2e3c6342112bd7ffe91c6bb1373c223441b0c8b241ae5adeefecbbf2,Qmcdfeb223cce195aeb851f9903cb22e7f7b6550946a87,Pinata Dedicated IPFS Gateway,0.0.4891024,2251,2026-09-13 11:56:42 UTC,0xdbaa63d019f0135bbcaab126a57a85094881d35d23d2c6311cc6ce457ad59287,0.0001,Pharmacy Dispensation Verification & Medication Fulfillment,Identity Verified (Wallet Protocol),Blockchain Audit Enabled
RX-0252,Vikas Nair,849452,0xe52219be7e89e2b62b7901557bc856d67ee0588c,Dispensed (Fulfilled),Dispensed & Fulfilled,YES,NO,YES,923.26,Dr. Rohan Patel,0x976EA74026E726554dB657fA54763abd0C3a0aa9,NMC-11029,Fortis Memorial Neuro & Trauma Center,MedPlus Health Hub,0x70997970C51812dc3A010C7d01b50e0d17dc79C8,DL-MP-2023-4122,"Priya Sundaram, Pharm.D.",A90,Dengue fever [classical dengue],Infectious Disease,"Paracetamol Infusion / Tab (650 mg, Every 6 hours SOS fever > 100°F, Qty: 20) | Carica Papaya Leaf Extract (1100 mg, Thrice Daily post food, Qty: 21) | Oral Rehydration Salts (WHO formula) (21.8 g sachet, 1 sachet in 1L water daily, Qty: 7)",3,AES-256-GCM,vault-transit-key-0xe52219be,5f00223b3871dcb0f2bb2c5b,3f71d98ddc16b18998f4ac82455ef145,0x83b96cbd175530326905536daf0b4990226c817e78297fc8208e37b083bf1644,Qm9a6cd1fbd056361982a3b8cc60b774af9224404a8c47,Pinata Dedicated IPFS Gateway,0.0.4891024,2252,2026-09-13 11:56:45 UTC,0xeb22ceb75d5ebf5c44d1f6e7f1b03a3a41b072dab5972825b5ffa609faba0ab3,0.0001,Pharmacy Dispensation Verification & Medication Fulfillment,Identity Verified (Wallet Protocol),Blockchain Audit Enabled
RX-0253,Kiran Saxena,849453,0x657caadce2d83f2f052c88adb7b14c838e8c46e7,Dispensed (Fulfilled),Dispensed & Fulfilled,YES,NO,YES,927.59,Dr. Vikram Seth,0x15d34AAf54267DB7D7c367839AAf71A00a2C6A65,NMC-99014,Max Super Speciality Cancer Institute,Fortis Care Dispensary,0x84f93618C1D541bB1Dcf1373A8eE500A7D439634,DL-FC-2025-1094,"Amit Singhania, R.Ph.",A90,Dengue fever [classical dengue],Infectious Disease,"Paracetamol Infusion / Tab (650 mg, Every 6 hours SOS fever > 100°F, Qty: 20) | Carica Papaya Leaf Extract (1100 mg, Thrice Daily post food, Qty: 21) | Oral Rehydration Salts (WHO formula) (21.8 g sachet, 1 sachet in 1L water daily, Qty: 7)",3,AES-256-GCM,vault-transit-key-0x657caadc,cf7cb9085ba340ae6306ff5b,9b9388afea52bbca634bc80e86bb6347,0xd0f435c88c3b0e122c5e6483d701338ee79c1af002f42a2d6d36f27861032110,Qmcf1c9a09bc3e695dc94a5cb8451f69ea81105003dd66,Pinata Dedicated IPFS Gateway,0.0.4891024,2253,2026-09-13 11:56:47 UTC,0x0e7c599df697b76d596d1113fcb26adf3fac7fc920d9c76f0eb9f16c0572c4b1,0.0001,Pharmacy Dispensation Verification & Medication Fulfillment,Identity Verified (Wallet Protocol),Blockchain Audit Enabled
RX-0254,Lata Deshmukh,849454,0x502d512ebfcf26fab20f6735563a1fb6a8fc8fac,🔓 Decrypt RX,Pending - Ready to Decrypt,YES (Patient Consent Active),NO,NO,926.58,Dr. Sunita Narang,0xBcd4042DE499D14e55001CcbB24a551F3b954096,NMC-90812,Apex Diagnostic Reference Labs,MedPlus Health Hub,0x70997970C51812dc3A010C7d01b50e0d17dc79C8,DL-MP-2023-4122,"Priya Sundaram, Pharm.D.",A90,Dengue fever [classical dengue],Infectious Disease,"Paracetamol Infusion / Tab (650 mg, Every 6 hours SOS fever > 100°F, Qty: 20) | Carica Papaya Leaf Extract (1100 mg, Thrice Daily post food, Qty: 21) | Oral Rehydration Salts (WHO formula) (21.8 g sachet, 1 sachet in 1L water daily, Qty: 7)",3,AES-256-GCM,vault-transit-key-0x502d512e,1781f22c3a59d18e34b81d43,15b640fb7da2225a441e68043cd90581,0x64ef18932482e25975f36e30ec1acb86304b93a37572d5912d35dcdc17f71129,Qm4c56d146ed37695aca9347cb7cb63f2181efce55cba7,Pinata Dedicated IPFS Gateway,0.0.4891024,2254,2026-09-13 11:56:50 UTC,0x90e1a064d3d5d901758aa101fa85c4e63c900439e99fa5b27ea04c9811bfc6e6,0.0001,Pharmacy Dispensation Verification & Medication Fulfillment,Identity Verified (Wallet Protocol),Blockchain Audit Enabled
RX-0255,Bhavna Kapoor,849455,0x6fbb87df464c1b03680397a6f45928cb8c88904e,⏳ Waiting for Approval,Access Pending Approval,NO,YES,NO,206.11,Dr. Sunita Narang,0xBcd4042DE499D14e55001CcbB24a551F3b954096,NMC-90812,Apex Diagnostic Reference Labs,Apex Central Clinical Dispensary,0x155Af6ECaFb48861dA7d16Fb8Af2f6ce9d6DD779,DL-AX-2026-3021,"Rajesh Nambiar, Pharm.D.",E03.9,"Hypothyroidism, unspecified",Endocrinology,"Levothyroxine Sodium (50 mcg, Once Daily on empty stomach, Qty: 60)",1,AES-256-GCM,vault-transit-key-0x6fbb87df,ce5ed1ac81b9e15b29dcf08b,8d9074aa3ae1298d7948619cb200226e,0x2419fe95c681fa23af1168fdd1e12b6466c820cf614e2e0d82a8fc65975c90bd,Qm60823e3acbee337901bb1fd706767751e14f35c652a0,Pinata Dedicated IPFS Gateway,0.0.4891024,2255,2026-09-13 11:56:52 UTC,0x814138d6b56382f1f82052d7030e6c26dac1e5bb8489d2722a2a8637e369930a,0.0001,Pharmacy Dispensation Verification & Medication Fulfillment,Identity Verified (Wallet Protocol),Blockchain Audit Enabled
RX-0256,Siddharth Mehta,849456,0xf17d94bbb8339adf3eca6d47d62bbfced96b2ece,🔓 Decrypt RX,Pending - Ready to Decrypt,YES (Patient Consent Active),NO,NO,911.56,Dr. Sarah Jenkins,0x04Fee3FD1B338d12FFD6dBD8d66dE1e8e0BB99cB,NMC-48192,Apollo Multispecialty Hospital,Apollo Pharmacy Global,0x04Fee3FD1B338d12FFD6dBD8d66dE1e8e0BB99cB,DL-AP-2024-8901,"K. V. Raman, R.Ph.",A90,Dengue fever [classical dengue],Infectious Disease,"Paracetamol Infusion / Tab (650 mg, Every 6 hours SOS fever > 100°F, Qty: 20) | Carica Papaya Leaf Extract (1100 mg, Thrice Daily post food, Qty: 21) | Oral Rehydration Salts (WHO formula) (21.8 g sachet, 1 sachet in 1L water daily, Qty: 7)",3,AES-256-GCM,vault-transit-key-0xf17d94bb,f1f60216c0404a7227fe143c,11b0e447eced5646b0b92370ee7dce27,0xc1618c3d2dc489247afdf64252cb0d5f0c18ad610e194c8718913abd246ea315,Qm8502bacb1187054885c804b58058272a3d5ec11d5468,Pinata Dedicated IPFS Gateway,0.0.4891024,2256,2026-09-13 11:56:55 UTC,0xb4e2d0fc02dda6d0d833d5c94f5341d5b0cef4552b622e484d1a3b5d27e4a08f,0.0001,Pharmacy Dispensation Verification & Medication Fulfillment,Identity Verified (Wallet Protocol),Blockchain Audit Enabled
RX-0257,Meera Reddy,849457,0xa8c168d87c1d3ab01b639ca15a3a1071fa9b3f17,🔓 Decrypt RX,Pending - Ready to Decrypt,YES (Patient Consent Active),NO,NO,3320.07,Dr. Rajesh Sharma,0x3c44CdDdB6a900fa2b585dd299e03d12FA4293BC,NMC-78491,Apollo Multispecialty Hospital,Apex Central Clinical Dispensary,0x155Af6ECaFb48861dA7d16Fb8Af2f6ce9d6DD779,DL-AX-2026-3021,"Rajesh Nambiar, Pharm.D.",C61,Malignant neoplasm of prostate,Oncology,"Bicalutamide (50 mg, Once Daily morning, Qty: 30) | Tamsulosin HCl (0.4 mg, Once Daily 30 min after same meal, Qty: 30)",2,AES-256-GCM,vault-transit-key-0xa8c168d8,2b2a4a1407fc1a0e086202a6,0b317eb617a054f76881c41f5f98ed5d,0x7589f3b634c50fabe8d258c427389ce03d6639b24d695beecdbd55e08b564a92,Qm02d9d885f02c04cc38297000e0ec58150f168397a3ca,Pinata Dedicated IPFS Gateway,0.0.4891024,2257,2026-09-13 11:56:57 UTC,0x9068ced50c634602401de01fa3f4ca7ec483f64a5095064d60832c0c25132af0,0.0001,Pharmacy Dispensation Verification & Medication Fulfillment,Identity Verified (Wallet Protocol),Blockchain Audit Enabled
RX-0258,Nandini Reddy,849458,0xc7f4fe67073564c5a1ab08b077b05ab1b59a468d,🔓 Decrypt RX,Pending - Ready to Decrypt,YES (Patient Consent Active),NO,NO,1483.66,Dr. Sunita Narang,0xBcd4042DE499D14e55001CcbB24a551F3b954096,NMC-90812,Apex Diagnostic Reference Labs,Fortis Care Dispensary,0x84f93618C1D541bB1Dcf1373A8eE500A7D439634,DL-FC-2025-1094,"Amit Singhania, R.Ph.",G40.909,"Epilepsy, unspecified",Neurology,"Levetiracetam (500 mg, Twice Daily morning & evening, Qty: 60) | Clobazam (10 mg, Once Daily at Bedtime, Qty: 30)",2,AES-256-GCM,vault-transit-key-0xc7f4fe67,cf2d7bdf827789790702fb55,880bbe1f6f3129a150d99274d1d341ba,0xcd49c60f27c9d940412a8f15c5ac67ac8849233098f2f07e2e0daf0c3b7a5301,Qmb14dabfebb29209e906521e574b9361c4c59d0c9e982,Pinata Dedicated IPFS Gateway,0.0.4891024,2258,2026-09-13 11:56:59 UTC,0xf6675adc7204006b0451e5538a198ab9caf08189ac1d77c38cd3e686f3e417e0,0.0001,Pharmacy Dispensation Verification & Medication Fulfillment,Identity Verified (Wallet Protocol),Blockchain Audit Enabled
RX-0259,Varun Nair,849459,0x68c26c4f85fcec2b68a9f158605c0e0a8d1bc3e1,🔓 Decrypt RX,Pending - Ready to Decrypt,YES (Patient Consent Active),NO,NO,213.58,Dr. Vikram Seth,0x15d34AAf54267DB7D7c367839AAf71A00a2C6A65,NMC-99014,Max Super Speciality Cancer Institute,MedPlus Health Hub,0x70997970C51812dc3A010C7d01b50e0d17dc79C8,DL-MP-2023-4122,"Priya Sundaram, Pharm.D.",E03.9,"Hypothyroidism, unspecified",Endocrinology,"Levothyroxine Sodium (50 mcg, Once Daily on empty stomach, Qty: 60)",1,AES-256-GCM,vault-transit-key-0x68c26c4f,cdeedfda2492ca26715eae7b,2cd56b6d0feb427a8a5835337a015e4f,0xb20d348ee8b55b60ea2443eb5bd50e2797423d95cd9f1804dd0c9fa6b50ac816,Qmea005092516a8e98255e0ca6cf25c3486268757285c2,Pinata Dedicated IPFS Gateway,0.0.4891024,2259,2026-09-13 11:57:02 UTC,0xf04f2cc0ffdc9a28ce6504e8665b4d72c2c60d2036751058373f2c0172140d30,0.0001,Pharmacy Dispensation Verification & Medication Fulfillment,Identity Verified (Wallet Protocol),Blockchain Audit Enabled
RX-0260,Harish Saxena,849460,0x78db01770c7696f86ea6cc488b0ae5000de33735,⏳ Waiting for Approval,Access Pending Approval,NO,YES,NO,441.04,Dr. Rohan Patel,0x976EA74026E726554dB657fA54763abd0C3a0aa9,NMC-11029,Fortis Memorial Neuro & Trauma Center,Apollo Pharmacy Global,0x04Fee3FD1B338d12FFD6dBD8d66dE1e8e0BB99cB,DL-AP-2024-8901,"K. V. Raman, R.Ph.",J06.9,Acute upper respiratory infection,Pediatrics / General,"Amoxicillin + Potassium Clavulanate (625 mg, Twice Daily post food, Qty: 14) | Paracetamol (650 mg, Thrice daily post meals SOS, Qty: 15) | Levocetirizine Dihydrochloride (5 mg, Once Daily at Bedtime, Qty: 7)",3,AES-256-GCM,vault-transit-key-0x78db0177,ff960793b8aeb2c2c32353a8,e5d3781bbb90503ab43f3886ed911d31,0x71bb62f14ad4e7db2856d5fe7e1d8b81d7548dd4ce117b14a336f3136f6f25d9,Qmd8af3aa844a84c8080d92983c63cee1975c52046261b,Pinata Dedicated IPFS Gateway,0.0.4891024,2260,2026-09-13 11:57:04 UTC,0x84632fce48fd5c3f0ff02f86e0f163d884712fe4610ebe98397aff0fdb905b85,0.0001,Pharmacy Dispensation Verification & Medication Fulfillment,Identity Verified (Wallet Protocol),Blockchain Audit Enabled
RX-0261,Geeta Ghosh,849461,0x5f1e86eb26f3316acc3435cac58ed2e3616c09b4,🔓 Decrypt RX,Pending - Ready to Decrypt,YES (Patient Consent Active),NO,NO,1479.71,Dr. Rohan Patel,0x976EA74026E726554dB657fA54763abd0C3a0aa9,NMC-11029,Fortis Memorial Neuro & Trauma Center,Apollo Pharmacy Global,0x04Fee3FD1B338d12FFD6dBD8d66dE1e8e0BB99cB,DL-AP-2024-8901,"K. V. Raman, R.Ph.",G40.909,"Epilepsy, unspecified",Neurology,"Levetiracetam (500 mg, Twice Daily morning & evening, Qty: 60) | Clobazam (10 mg, Once Daily at Bedtime, Qty: 30)",2,AES-256-GCM,vault-transit-key-0x5f1e86eb,36cbf1d770875e8fe4239f2c,2f3248ea41f4d198c26885c000bc6dc3,0x570365894cf8d6d060a6679c0a3f3457243bc4bed8bf81c0e8b2f16b501edf04,Qm99d345ef2a2e5ea5c97ea500f8acbd8adc4c82eecc26,Pinata Dedicated IPFS Gateway,0.0.4891024,2261,2026-09-13 11:57:06 UTC,0x23f808442aab3893b1e36cc01a5794488c2c7046d7ff6e3be69d5a73fd88121f,0.0001,Pharmacy Dispensation Verification & Medication Fulfillment,Identity Verified (Wallet Protocol),Blockchain Audit Enabled
RX-0262,Amit Gupta,849462,0xa1db1f635046d6f6a14f1025c7ec764e17cb280d,⏳ Waiting for Approval,Access Pending Approval,NO,YES,NO,3312.45,Dr. Rohan Patel,0x976EA74026E726554dB657fA54763abd0C3a0aa9,NMC-11029,Fortis Memorial Neuro & Trauma Center,Fortis Care Dispensary,0x84f93618C1D541bB1Dcf1373A8eE500A7D439634,DL-FC-2025-1094,"Amit Singhania, R.Ph.",C61,Malignant neoplasm of prostate,Oncology,"Bicalutamide (50 mg, Once Daily morning, Qty: 30) | Tamsulosin HCl (0.4 mg, Once Daily 30 min after same meal, Qty: 30)",2,AES-256-GCM,vault-transit-key-0xa1db1f63,6dc123722a40c31a4a53c93c,17829ed97cf17f73ea77e8cf2121b093,0xc8827cd2722c91e8fe63d1a7a45a24f579cae2bd9afee0bafb7c736eeda3d275,Qmd12c388da65822b2d3bd4fc2d80f6fa428052ab2b2d7,Pinata Dedicated IPFS Gateway,0.0.4891024,2262,2026-09-13 11:57:08 UTC,0x9eca27e6bb02b5c6c91701ef0d887ea8a03eda481a5f6ae7c03454e43c53f4d8,0.0001,Pharmacy Dispensation Verification & Medication Fulfillment,Identity Verified (Wallet Protocol),Blockchain Audit Enabled
RX-0263,Aarav Mukherjee,849463,0xb20b600710c9f11208cd8780cb1f1a668ef70130,🔓 Decrypt RX,Pending - Ready to Decrypt,YES (Patient Consent Active),NO,NO,1482.77,Dr. Preeti Deshmukh,0x23618e81E3f5cdF7f54C3d65f7FBc0aBf5B21E8f,NMC-82194,Care & Cure Pediatric & Maternity Hospital,MedPlus Health Hub,0x70997970C51812dc3A010C7d01b50e0d17dc79C8,DL-MP-2023-4122,"Priya Sundaram, Pharm.D.",G40.909,"Epilepsy, unspecified",Neurology,"Levetiracetam (500 mg, Twice Daily morning & evening, Qty: 60) | Clobazam (10 mg, Once Daily at Bedtime, Qty: 30)",2,AES-256-GCM,vault-transit-key-0xb20b6007,9c2927f41d1c8cd44f4efdb1,a0a31da8be9b4ae863b424924bf0d0e0,0x29bdb9a39bea1d481359eaa124137f3c9da7fcd2fc5a622b6532c587e9a00731,Qm932161db658684c4d81c6488ac5c00a6566c51a4608f,Pinata Dedicated IPFS Gateway,0.0.4891024,2263,2026-09-13 11:57:11 UTC,0x7c85f6571637a779c70bf72964e452d4916fbd8688363f6ac18542f6122eafe9,0.0001,Pharmacy Dispensation Verification & Medication Fulfillment,Identity Verified (Wallet Protocol),Blockchain Audit Enabled
RX-0264,Pooja Pillai,849464,0xad13c634cfc36d26c4e46e49eed9c2eaa85e4a02,Request Access,Unauthorized / Unlinked,NO,NO,NO,1677.61,Dr. Sunita Narang,0xBcd4042DE499D14e55001CcbB24a551F3b954096,NMC-90812,Apex Diagnostic Reference Labs,Apex Central Clinical Dispensary,0x155Af6ECaFb48861dA7d16Fb8Af2f6ce9d6DD779,DL-AX-2026-3021,"Rajesh Nambiar, Pharm.D.",C50.919,Malignant neoplasm of female breast,Oncology,"Tamoxifen Citrate (20 mg, Once Daily at fixed hour, Qty: 30) | Ondansetron HCl (8 mg, Twice Daily 30 min before food, Qty: 30) | Calcium Carbonate + Vit D3 (500mg/250IU, Once Daily post meal, Qty: 30)",3,AES-256-GCM,vault-transit-key-0xad13c634,74cec0acd88c0ea7b7adc64f,6c125c9df01de7d63777b48c0c0af627,0x4f653fdb1d57a76d202f6b3b696412acfde49458e558b5c433b618b81dbf1198,Qm0e91bd478e7e32422b17e8e1982e1c3b9eadf1465191,Pinata Dedicated IPFS Gateway,0.0.4891024,2264,2026-09-13 11:57:14 UTC,0xc7594758de540e0f5c419f7dde41a7d907101b9a9b53f06253d99e329484f756,0.0001,Pharmacy Dispensation Verification & Medication Fulfillment,Identity Verified (Wallet Protocol),Blockchain Audit Enabled
RX-0265,Ishaan Rao,849465,0x44a931fe03fe31a0d95134594ec3cafa9fe5581b,🔓 Decrypt RX,Pending - Ready to Decrypt,YES (Patient Consent Active),NO,NO,1498.73,Dr. Rohan Patel,0x976EA74026E726554dB657fA54763abd0C3a0aa9,NMC-11029,Fortis Memorial Neuro & Trauma Center,Fortis Care Dispensary,0x84f93618C1D541bB1Dcf1373A8eE500A7D439634,DL-FC-2025-1094,"Amit Singhania, R.Ph.",G40.909,"Epilepsy, unspecified",Neurology,"Levetiracetam (500 mg, Twice Daily morning & evening, Qty: 60) | Clobazam (10 mg, Once Daily at Bedtime, Qty: 30)",2,AES-256-GCM,vault-transit-key-0x44a931fe,98bfb69efd446e24f4a75ce3,d0005592c1d685abbf0940bde950a861,0x412170063a9a09abf29ec643458594fa5fef7fa9c3fa38b110099e945110d58c,Qm796480e7488b1c261794b42a1b3c1744e6e94b0aa591,Pinata Dedicated IPFS Gateway,0.0.4891024,2265,2026-09-13 11:57:16 UTC,0xab1659fdfd1e928a2438afb4084ceb50785669cf1eaa6728e295b30c9c315d8b,0.0001,Pharmacy Dispensation Verification & Medication Fulfillment,Identity Verified (Wallet Protocol),Blockchain Audit Enabled
RX-0266,Geeta Sharma,849466,0x4c957f3e88d28182d19e490e50df95c904258967,🔓 Decrypt RX,Pending - Ready to Decrypt,YES (Patient Consent Active),NO,NO,1623.44,Dr. Preeti Deshmukh,0x23618e81E3f5cdF7f54C3d65f7FBc0aBf5B21E8f,NMC-82194,Care & Cure Pediatric & Maternity Hospital,MedPlus Health Hub,0x70997970C51812dc3A010C7d01b50e0d17dc79C8,DL-MP-2023-4122,"Priya Sundaram, Pharm.D.",E11.65,Type 2 diabetes mellitus with hyperglycemia,Endocrinology,"Insulin Glargine Solostar (100 IU/mL, 14 Units Once Daily at Bedtime, Qty: 2) | Metformin XR (1000 mg, Once Daily post dinner, Qty: 30)",2,AES-256-GCM,vault-transit-key-0x4c957f3e,03e993015b83d1edcbeaf781,af5a368040f86ff1939fc12919d8304d,0xe35ad07bb7ccad2149ae5608afe1b73783a41ac2c949e01de22b5bfbfbc3e46e,Qm2ec2d9e8aa04b6a5a71242ed15ae174ef91ec3a195c0,Pinata Dedicated IPFS Gateway,0.0.4891024,2266,2026-09-13 11:57:18 UTC,0x3d141b48c712b478daeb0bc242e8441c588c52b762602d157466671390e3289a,0.0001,Pharmacy Dispensation Verification & Medication Fulfillment,Identity Verified (Wallet Protocol),Blockchain Audit Enabled
RX-0267,Bhavna Pandey,849467,0xf2ae09ebf28dab7e9b60a083c6c191487611172a,Dispensed (Fulfilled),Dispensed & Fulfilled,YES,NO,YES,1613.22,Dr. Ananya Roy,0x9965507D1a55bcC2695C58ba16FB37d819B0A4dc,NMC-51203,Max Super Speciality Cancer Institute,Apex Central Clinical Dispensary,0x155Af6ECaFb48861dA7d16Fb8Af2f6ce9d6DD779,DL-AX-2026-3021,"Rajesh Nambiar, Pharm.D.",E11.65,Type 2 diabetes mellitus with hyperglycemia,Endocrinology,"Insulin Glargine Solostar (100 IU/mL, 14 Units Once Daily at Bedtime, Qty: 2) | Metformin XR (1000 mg, Once Daily post dinner, Qty: 30)",2,AES-256-GCM,vault-transit-key-0xf2ae09eb,4f1c298a2572764c3108b5b3,4866bdd019c0476328bc9a37936d6f73,0xb68751666cdc198839f65dc52c25f7b7b8b603c3255446166ed61a88786ca175,Qm667e53230904d8e59794207c2811a89718910b3ed507,Pinata Dedicated IPFS Gateway,0.0.4891024,2267,2026-09-13 11:57:21 UTC,0x28966859e0f94e9d5063e0f24f74d58838ba6a46a86d904618467cfc31547eed,0.0001,Pharmacy Dispensation Verification & Medication Fulfillment,Identity Verified (Wallet Protocol),Blockchain Audit Enabled
RX-0268,Yashwanth Banerjee,849468,0x2d94f28dbd436df6cff37e9408e4776173db6a16,🔓 Decrypt RX,Pending - Ready to Decrypt,YES (Patient Consent Active),NO,NO,925.88,Dr. Vikram Seth,0x15d34AAf54267DB7D7c367839AAf71A00a2C6A65,NMC-99014,Max Super Speciality Cancer Institute,MedPlus Health Hub,0x70997970C51812dc3A010C7d01b50e0d17dc79C8,DL-MP-2023-4122,"Priya Sundaram, Pharm.D.",A90,Dengue fever [classical dengue],Infectious Disease,"Paracetamol Infusion / Tab (650 mg, Every 6 hours SOS fever > 100°F, Qty: 20) | Carica Papaya Leaf Extract (1100 mg, Thrice Daily post food, Qty: 21) | Oral Rehydration Salts (WHO formula) (21.8 g sachet, 1 sachet in 1L water daily, Qty: 7)",3,AES-256-GCM,vault-transit-key-0x2d94f28d,4f1614ef306805d471d03885,1f45be40b1da2ed5d6ad6eab4221530d,0xd642685131f90a719ab88e4084a00d22ff6268cc462b2f353544f5377af9fe89,Qmc3a9eb4f7daf252a1586c911022469cbb3b012ab92f8,Pinata Dedicated IPFS Gateway,0.0.4891024,2268,2026-09-13 11:57:23 UTC,0xf47da931dbdbcc5f182b361859b385411c225e63e3236e46a8a5e033f1108220,0.0001,Pharmacy Dispensation Verification & Medication Fulfillment,Identity Verified (Wallet Protocol),Blockchain Audit Enabled
RX-0269,Manish Saxena,849469,0x42489740a5c504d44daea004e4744e264cf9ce0f,⏳ Waiting for Approval,Access Pending Approval,NO,YES,NO,929.72,Dr. Ananya Roy,0x9965507D1a55bcC2695C58ba16FB37d819B0A4dc,NMC-51203,Max Super Speciality Cancer Institute,MedPlus Health Hub,0x70997970C51812dc3A010C7d01b50e0d17dc79C8,DL-MP-2023-4122,"Priya Sundaram, Pharm.D.",A90,Dengue fever [classical dengue],Infectious Disease,"Paracetamol Infusion / Tab (650 mg, Every 6 hours SOS fever > 100°F, Qty: 20) | Carica Papaya Leaf Extract (1100 mg, Thrice Daily post food, Qty: 21) | Oral Rehydration Salts (WHO formula) (21.8 g sachet, 1 sachet in 1L water daily, Qty: 7)",3,AES-256-GCM,vault-transit-key-0x42489740,64148968daf0cace4915791a,a67570a7b9204b22ccc392bd31e4882b,0xa993078e2bb4ad4b45e1a196ebc289d4729062422f24db790ca7a8ce08950cca,Qm1165d1c7519ea3cdddb858977d2db3610af920d79bc9,Pinata Dedicated IPFS Gateway,0.0.4891024,2269,2026-09-13 11:57:26 UTC,0x1c3690842f4ca08afeffb5e2fad2444391f65a630d0c30e24691808cdfb1eadf,0.0001,Pharmacy Dispensation Verification & Medication Fulfillment,Identity Verified (Wallet Protocol),Blockchain Audit Enabled
RX-0270,Sakshi Gowda,849470,0x6a54fb64c1c423902c007edcf0f7bb9e974a164c,🔓 Decrypt RX,Pending - Ready to Decrypt,YES (Patient Consent Active),NO,NO,499.7,Dr. Rohan Patel,0x976EA74026E726554dB657fA54763abd0C3a0aa9,NMC-11029,Fortis Memorial Neuro & Trauma Center,Max Wellness Pharmacy,0x28B7eA94B34C8F52D19E50Eb14769Da20F5D54b4,DL-MW-2024-7731,"Sneha Mukherjee, R.Ph.",I10,Essential (primary) hypertension,Cardiology,"Amlodipine Besylate (5 mg, Once Daily (Morning), Qty: 30) | Telmisartan (40 mg, Once Daily (Morning), Qty: 30)",2,AES-256-GCM,vault-transit-key-0x6a54fb64,f7891cd72653a33d0388b92e,71826ba715532db768cca6857acc0d1d,0x193630d2a329ccda7bffa7e7d3577a5545fb222241d568b4c05eef3ac4d83224,Qma3d1efb4a30c34faf746d701d0228b3f509011c3df86,Pinata Dedicated IPFS Gateway,0.0.4891024,2270,2026-09-13 11:57:28 UTC,0xe81860c3bfbcabcd8b8229dcddb15ed578020bda7a24c1f3fa2753e772205ccc,0.0001,Pharmacy Dispensation Verification & Medication Fulfillment,Identity Verified (Wallet Protocol),Blockchain Audit Enabled
RX-0271,Bhavna Sharma,849471,0x72cdd7daacc894761fc253fd9c38abaf7468505e,🔓 Decrypt RX,Pending - Ready to Decrypt,YES (Patient Consent Active),NO,NO,964.71,Dr. Vikram Seth,0x15d34AAf54267DB7D7c367839AAf71A00a2C6A65,NMC-99014,Max Super Speciality Cancer Institute,MedPlus Health Hub,0x70997970C51812dc3A010C7d01b50e0d17dc79C8,DL-MP-2023-4122,"Priya Sundaram, Pharm.D.",K21.9,Gastro-esophageal reflux disease,Gastroenterology,"Pantoprazole Gastro-resistant (40 mg, Once Daily 30 min pre-breakfast, Qty: 30) | Domperidone Sustained Release (30 mg, Once Daily morning, Qty: 30) | Sucralfate Oral Suspension (1000 mg/10mL, 10 mL thrice daily before meals, Qty: 2)",3,AES-256-GCM,vault-transit-key-0x72cdd7da,e3dc0a4d5e2adadf2945dd59,6b76f31da62e4ef2ce3089d224814b87,0xd00021353aa0118e9b212f918a3c929bd814fd24d4d6f1f795bbcc0fac42898d,Qmfc0505020c796148aff58f83bfe359b63984aad70bfc,Pinata Dedicated IPFS Gateway,0.0.4891024,2271,2026-09-13 11:57:31 UTC,0xa12f600b805b60afc3511eb72f0320fe50f74651aa35966bcb236cf723b35939,0.0001,Pharmacy Dispensation Verification & Medication Fulfillment,Identity Verified (Wallet Protocol),Blockchain Audit Enabled
RX-0272,Gautam Choudhury,849472,0x81aabb3d6292cc6f88dfd764d1566f56579757c9,Dispensed (Fulfilled),Dispensed & Fulfilled,YES,NO,YES,1476.01,Dr. Sunita Narang,0xBcd4042DE499D14e55001CcbB24a551F3b954096,NMC-90812,Apex Diagnostic Reference Labs,Apex Central Clinical Dispensary,0x155Af6ECaFb48861dA7d16Fb8Af2f6ce9d6DD779,DL-AX-2026-3021,"Rajesh Nambiar, Pharm.D.",G40.909,"Epilepsy, unspecified",Neurology,"Levetiracetam (500 mg, Twice Daily morning & evening, Qty: 60) | Clobazam (10 mg, Once Daily at Bedtime, Qty: 30)",2,AES-256-GCM,vault-transit-key-0x81aabb3d,6db3e4c64f6d29102cf7cf7d,522ecb0d0fa871d5a0cd8c0c998465cd,0xbb60d2750ec287de5b213d0c214fd1f4ea2f27d22dd87800fcdb0989b5cb991a,Qm09b804d29c6122aa43708474f65a931bc558db64101e,Pinata Dedicated IPFS Gateway,0.0.4891024,2272,2026-09-13 11:57:33 UTC,0xf4c31823deff50489a797765b2c611adb3b2dab5131b9d546ffa7211a426a295,0.0001,Pharmacy Dispensation Verification & Medication Fulfillment,Identity Verified (Wallet Protocol),Blockchain Audit Enabled
RX-0273,Nikhil Shetty,849473,0x48f8f706359b2e0013bbf0aa89fb6b8085e539d2,🔓 Decrypt RX,Pending - Ready to Decrypt,YES (Patient Consent Active),NO,NO,1678.34,Dr. Ananya Roy,0x9965507D1a55bcC2695C58ba16FB37d819B0A4dc,NMC-51203,Max Super Speciality Cancer Institute,Fortis Care Dispensary,0x84f93618C1D541bB1Dcf1373A8eE500A7D439634,DL-FC-2025-1094,"Amit Singhania, R.Ph.",C50.919,Malignant neoplasm of female breast,Oncology,"Tamoxifen Citrate (20 mg, Once Daily at fixed hour, Qty: 30) | Ondansetron HCl (8 mg, Twice Daily 30 min before food, Qty: 30) | Calcium Carbonate + Vit D3 (500mg/250IU, Once Daily post meal, Qty: 30)",3,AES-256-GCM,vault-transit-key-0x48f8f706,3e994b5d9a359c413760991d,1026a83a43edd4a6ef595e504981539a,0xd569749aa301f68c47a01bd4c9cd1e9392f7dd807cda59cdeb8ca30126a8db32,Qm4c0cffedaa3d9582d3c77790e311cdfd82886f2924a4,Pinata Dedicated IPFS Gateway,0.0.4891024,2273,2026-09-13 11:57:35 UTC,0xda5271ff0017aa8dfcff52280b62f6a209e93c595b6ded18a3e63d9a80c8d3d4,0.0001,Pharmacy Dispensation Verification & Medication Fulfillment,Identity Verified (Wallet Protocol),Blockchain Audit Enabled
RX-0274,Vikas Reddy,849474,0x606c558f136f77d3af7f5e7019a60254d2d0e00a,🔓 Decrypt RX,Pending - Ready to Decrypt,YES (Patient Consent Active),NO,NO,203.54,Dr. Rajesh Sharma,0x3c44CdDdB6a900fa2b585dd299e03d12FA4293BC,NMC-78491,Apollo Multispecialty Hospital,Apollo Pharmacy Global,0x04Fee3FD1B338d12FFD6dBD8d66dE1e8e0BB99cB,DL-AP-2024-8901,"K. V. Raman, R.Ph.",E03.9,"Hypothyroidism, unspecified",Endocrinology,"Levothyroxine Sodium (50 mcg, Once Daily on empty stomach, Qty: 60)",1,AES-256-GCM,vault-transit-key-0x606c558f,0d1c533651c80dad9d32ba5a,e9a0c48890686d6d07f1a17bc6aa3d6c,0x8308ea4d43d088f93bb09d2e739cc7afd228e1363df042280f7a45387177989b,Qmdae1b190d38228a3bd18a9d2125447689ed8cff1f12c,Pinata Dedicated IPFS Gateway,0.0.4891024,2274,2026-09-13 11:57:37 UTC,0x619e32ae6329a310bbaf7b6c7c571cecd8281d80de6aff3b042626e22c9af389,0.0001,Pharmacy Dispensation Verification & Medication Fulfillment,Identity Verified (Wallet Protocol),Blockchain Audit Enabled
RX-0275,Rahul Nair,849475,0x8597c92b14db99bb97a2229dc5d582b1427b12f1,Request Access,Unauthorized / Unlinked,NO,NO,NO,938.77,Dr. Sunita Narang,0xBcd4042DE499D14e55001CcbB24a551F3b954096,NMC-90812,Apex Diagnostic Reference Labs,Apollo Pharmacy Global,0x04Fee3FD1B338d12FFD6dBD8d66dE1e8e0BB99cB,DL-AP-2024-8901,"K. V. Raman, R.Ph.",K21.9,Gastro-esophageal reflux disease,Gastroenterology,"Pantoprazole Gastro-resistant (40 mg, Once Daily 30 min pre-breakfast, Qty: 30) | Domperidone Sustained Release (30 mg, Once Daily morning, Qty: 30) | Sucralfate Oral Suspension (1000 mg/10mL, 10 mL thrice daily before meals, Qty: 2)",3,AES-256-GCM,vault-transit-key-0x8597c92b,d7a451db03e3f685d9945ace,49436e3073f10c493c1b420ba83c5afe,0x454e3e81c1e897cef14470270a129accda687328987e5699d3f1e6e777ef3901,Qmf323813927ed8093549bca7163fa04b003bbdb2683c9,Pinata Dedicated IPFS Gateway,0.0.4891024,2275,2026-09-13 11:57:40 UTC,0x278f853cf664c1c6b76764dfba5bd5cf041746775f9985d16753e9afb428de82,0.0001,Pharmacy Dispensation Verification & Medication Fulfillment,Identity Verified (Wallet Protocol),Blockchain Audit Enabled
RX-0276,Pranav Bhatia,849476,0x30e24842214e1cae98cbfad96fe3cebcd53ccb89,🔓 Decrypt RX,Pending - Ready to Decrypt,YES (Patient Consent Active),NO,NO,921.63,Dr. Rohan Patel,0x976EA74026E726554dB657fA54763abd0C3a0aa9,NMC-11029,Fortis Memorial Neuro & Trauma Center,Max Wellness Pharmacy,0x28B7eA94B34C8F52D19E50Eb14769Da20F5D54b4,DL-MW-2024-7731,"Sneha Mukherjee, R.Ph.",A90,Dengue fever [classical dengue],Infectious Disease,"Paracetamol Infusion / Tab (650 mg, Every 6 hours SOS fever > 100°F, Qty: 20) | Carica Papaya Leaf Extract (1100 mg, Thrice Daily post food, Qty: 21) | Oral Rehydration Salts (WHO formula) (21.8 g sachet, 1 sachet in 1L water daily, Qty: 7)",3,AES-256-GCM,vault-transit-key-0x30e24842,d1dc5962da4bddecdbfaf730,5f5f7d3c0a9d04b1fb1d727e07be5b55,0x4905702c4223c2cab7e973c8c7dfddd0467349cdd76b217c313a23eba8ebcac1,Qma33d594fdc6db445100d6db01554b2408a96b5eb881e,Pinata Dedicated IPFS Gateway,0.0.4891024,2276,2026-09-13 11:57:42 UTC,0x1bcc8e2d38e8a3f5cb4a4b5d14f668141436a981946f45147525976290f77419,0.0001,Pharmacy Dispensation Verification & Medication Fulfillment,Identity Verified (Wallet Protocol),Blockchain Audit Enabled
RX-0277,Kavya Mishra,849477,0x40845fe57314ec9aed80fdc035d7a7514fa8dd5b,Dispensed (Fulfilled),Dispensed & Fulfilled,YES,NO,YES,514.07,Dr. Vikram Seth,0x15d34AAf54267DB7D7c367839AAf71A00a2C6A65,NMC-99014,Max Super Speciality Cancer Institute,MedPlus Health Hub,0x70997970C51812dc3A010C7d01b50e0d17dc79C8,DL-MP-2023-4122,"Priya Sundaram, Pharm.D.",I10,Essential (primary) hypertension,Cardiology,"Amlodipine Besylate (5 mg, Once Daily (Morning), Qty: 30) | Telmisartan (40 mg, Once Daily (Morning), Qty: 30)",2,AES-256-GCM,vault-transit-key-0x40845fe5,5670196850aa8599d1c90814,610d10c0e2b235fb0ecf46dc367891d1,0xe02b6136f6acd720b8a005858be6f49b6e68872fd9acd63216d9dcd947326981,Qm90a5c9b5c15741fe570256914767f7c0585b9fc60656,Pinata Dedicated IPFS Gateway,0.0.4891024,2277,2026-09-13 11:57:45 UTC,0x1081bb0b4fc777704458cf05e08604e76e06ff37b04c03064d1f14ca10b58bb1,0.0001,Pharmacy Dispensation Verification & Medication Fulfillment,Identity Verified (Wallet Protocol),Blockchain Audit Enabled
RX-0278,Harish Chatterjee,849478,0x3ea669ee6175ab63b30d8ecff6690332c46e825e,Dispensed (Fulfilled),Dispensed & Fulfilled,YES,NO,YES,442.53,Dr. Preeti Deshmukh,0x23618e81E3f5cdF7f54C3d65f7FBc0aBf5B21E8f,NMC-82194,Care & Cure Pediatric & Maternity Hospital,Max Wellness Pharmacy,0x28B7eA94B34C8F52D19E50Eb14769Da20F5D54b4,DL-MW-2024-7731,"Sneha Mukherjee, R.Ph.",J06.9,Acute upper respiratory infection,Pediatrics / General,"Amoxicillin + Potassium Clavulanate (625 mg, Twice Daily post food, Qty: 14) | Paracetamol (650 mg, Thrice daily post meals SOS, Qty: 15) | Levocetirizine Dihydrochloride (5 mg, Once Daily at Bedtime, Qty: 7)",3,AES-256-GCM,vault-transit-key-0x3ea669ee,277639d215775bbd388e2ba6,a95e984f99096f7332937de5ea42f295,0xe5055ce41837881bfbd6369ff95c89142faa72d39ad2dcd7af375886185e470c,Qm40c7fd31bfbbf7a62b317178f378da1fb4ff79aff2a5,Pinata Dedicated IPFS Gateway,0.0.4891024,2278,2026-09-13 11:57:48 UTC,0x23a527e1d22545d5fa0bd6085a941819b6fce1d5cf1849d49412d276297a6641,0.0001,Pharmacy Dispensation Verification & Medication Fulfillment,Identity Verified (Wallet Protocol),Blockchain Audit Enabled
RX-0279,Riya Sharma,849479,0x619335bee54409c8334b67a4742d4ae8745d5610,Request Access,Unauthorized / Unlinked,NO,NO,NO,443.45,Dr. Rajesh Sharma,0x3c44CdDdB6a900fa2b585dd299e03d12FA4293BC,NMC-78491,Apollo Multispecialty Hospital,Max Wellness Pharmacy,0x28B7eA94B34C8F52D19E50Eb14769Da20F5D54b4,DL-MW-2024-7731,"Sneha Mukherjee, R.Ph.",J06.9,Acute upper respiratory infection,Pediatrics / General,"Amoxicillin + Potassium Clavulanate (625 mg, Twice Daily post food, Qty: 14) | Paracetamol (650 mg, Thrice daily post meals SOS, Qty: 15) | Levocetirizine Dihydrochloride (5 mg, Once Daily at Bedtime, Qty: 7)",3,AES-256-GCM,vault-transit-key-0x619335be,7c6f28003a07041da4ea7a3d,55d64a4eac34434db59223b26c80b1f8,0x7fdb1f6b8a60810c747be0b6c52469675edd81a1b0217939877c55c173c8cb94,Qmb9ba553f62e8a85d9cf6bf609d6f5dfe6a0779b7e3be,Pinata Dedicated IPFS Gateway,0.0.4891024,2279,2026-09-13 11:57:50 UTC,0x4d1517dacad25ceb539dc7a50a997d7639ba0e74d6a87ed3197abe7bbdb5edf8,0.0001,Pharmacy Dispensation Verification & Medication Fulfillment,Identity Verified (Wallet Protocol),Blockchain Audit Enabled
RX-0280,Nikhil Rao,849480,0x79b5f35b07690cc2122d74d00de038bd78d5fe37,🔓 Decrypt RX,Pending - Ready to Decrypt,YES (Patient Consent Active),NO,NO,440.77,Dr. Preeti Deshmukh,0x23618e81E3f5cdF7f54C3d65f7FBc0aBf5B21E8f,NMC-82194,Care & Cure Pediatric & Maternity Hospital,MedPlus Health Hub,0x70997970C51812dc3A010C7d01b50e0d17dc79C8,DL-MP-2023-4122,"Priya Sundaram, Pharm.D.",J06.9,Acute upper respiratory infection,Pediatrics / General,"Amoxicillin + Potassium Clavulanate (625 mg, Twice Daily post food, Qty: 14) | Paracetamol (650 mg, Thrice daily post meals SOS, Qty: 15) | Levocetirizine Dihydrochloride (5 mg, Once Daily at Bedtime, Qty: 7)",3,AES-256-GCM,vault-transit-key-0x79b5f35b,0146adc9c6da6c45e06d2e28,8e2129ef02e2f7febe300fab9dbb02ce,0xa91981091b731a2b9605fb9dbc94a23978222ef3f404f7fc24e5dc9dc07cca53,Qm64b32748d0e4cdbe8bd4953694231e66c9fb48dc5aea,Pinata Dedicated IPFS Gateway,0.0.4891024,2280,2026-09-13 11:57:52 UTC,0x2332d4b952b3f4b64ba95c44a5a29a07287d369b1da362bb413f7651958745c2,0.0001,Pharmacy Dispensation Verification & Medication Fulfillment,Identity Verified (Wallet Protocol),Blockchain Audit Enabled
RX-0281,Rohan Malhotra,849481,0x94cfee80ff197e7cf5f8e169a334093e81479ba8,🔓 Decrypt RX,Pending - Ready to Decrypt,YES (Patient Consent Active),NO,NO,1497.03,Dr. Preeti Deshmukh,0x23618e81E3f5cdF7f54C3d65f7FBc0aBf5B21E8f,NMC-82194,Care & Cure Pediatric & Maternity Hospital,Fortis Care Dispensary,0x84f93618C1D541bB1Dcf1373A8eE500A7D439634,DL-FC-2025-1094,"Amit Singhania, R.Ph.",G40.909,"Epilepsy, unspecified",Neurology,"Levetiracetam (500 mg, Twice Daily morning & evening, Qty: 60) | Clobazam (10 mg, Once Daily at Bedtime, Qty: 30)",2,AES-256-GCM,vault-transit-key-0x94cfee80,ff54463c81d2265a3f68f242,b20e86373a3c2c94afffb48657c67571,0xcf6c8236d746e958f4fa94d73d56cfbb069422ab87893871506632812aa617f3,Qm039e052f0abdfad7cfce8974360f2c9b4a72bba92fbd,Pinata Dedicated IPFS Gateway,0.0.4891024,2281,2026-09-13 11:57:54 UTC,0xa2f75ed9d94493fdd4be0b4b41578a98e7c5636ebf2f0d5265e3cb985ceb28d5,0.0001,Pharmacy Dispensation Verification & Medication Fulfillment,Identity Verified (Wallet Protocol),Blockchain Audit Enabled
RX-0282,Tanvi Kulkarni,849482,0x2969f14d7cfeb8abbcc9f610b52b11753491f10a,⏳ Waiting for Approval,Access Pending Approval,NO,YES,NO,990.7,Dr. Sarah Jenkins,0x04Fee3FD1B338d12FFD6dBD8d66dE1e8e0BB99cB,NMC-48192,Apollo Multispecialty Hospital,Apex Central Clinical Dispensary,0x155Af6ECaFb48861dA7d16Fb8Af2f6ce9d6DD779,DL-AX-2026-3021,"Rajesh Nambiar, Pharm.D.",I20.9,"Angina pectoris, unspecified",Cardiology,"Nitroglycerin Sublingual (0.4 mg, PRN for chest pain, Qty: 25) | Aspirin Gastro-resistant (75 mg, Once Daily post meal, Qty: 30) | Atorvastatin Calcium (40 mg, Once Daily at Bedtime, Qty: 30)",3,AES-256-GCM,vault-transit-key-0x2969f14d,4b99d1f460cab7bf6f7ad8e7,6123efc8175e6d88e94edfc9ba50160e,0x357bb7e4816aa2d90225533a6e0d4e2cd0bffc23e7a2a2d2eeaf208494720e4d,Qm0ee700cb5c807ccd388881b705cefec07df7105f9c71,Pinata Dedicated IPFS Gateway,0.0.4891024,2282,2026-09-13 11:57:57 UTC,0xa2e9ac7741d80fcc6149b01d46c330050dfd697e6b3d75029429cbeba9ef2990,0.0001,Pharmacy Dispensation Verification & Medication Fulfillment,Identity Verified (Wallet Protocol),Blockchain Audit Enabled
RX-0283,Nikhil Hegde,849483,0x6125878c75203b52c3bd6c70aee71ec9cb112061,🔓 Decrypt RX,Pending - Ready to Decrypt,YES (Patient Consent Active),NO,NO,978.52,Dr. Sarah Jenkins,0x04Fee3FD1B338d12FFD6dBD8d66dE1e8e0BB99cB,NMC-48192,Apollo Multispecialty Hospital,MedPlus Health Hub,0x70997970C51812dc3A010C7d01b50e0d17dc79C8,DL-MP-2023-4122,"Priya Sundaram, Pharm.D.",G43.909,"Migraine, unspecified, not intractable",Neurology,"Sumatriptan Succinate (50 mg, 1 tablet at onset of migraine SOS, Qty: 10) | Naproxen Sodium (500 mg, Twice daily as needed with food, Qty: 20) | Propranolol HCl (40 mg, Twice daily for prophylaxis, Qty: 60)",3,AES-256-GCM,vault-transit-key-0x6125878c,78fe6f9602fafd0a1b1b1b47,26f8eafd2376b03b833c5ead82ed9f94,0x0b495852b6410df82b96b97560ed4266d1f42d33d8e4b37c903352038f5f93a5,Qm43f46ea76769610d0a7a16ab59edc8318a8f80cb26ec,Pinata Dedicated IPFS Gateway,0.0.4891024,2283,2026-09-13 11:57:59 UTC,0x12b44754da2c67b49e25f3b15a212e54a76166698283aac5979c747c14f37000,0.0001,Pharmacy Dispensation Verification & Medication Fulfillment,Identity Verified (Wallet Protocol),Blockchain Audit Enabled
RX-0284,Harish Hegde,849484,0x70479216be3194b1cfda85ceac0549b4d55c77d6,Dispensed (Fulfilled),Dispensed & Fulfilled,YES,NO,YES,423.67,Dr. Ananya Roy,0x9965507D1a55bcC2695C58ba16FB37d819B0A4dc,NMC-51203,Max Super Speciality Cancer Institute,Apollo Pharmacy Global,0x04Fee3FD1B338d12FFD6dBD8d66dE1e8e0BB99cB,DL-AP-2024-8901,"K. V. Raman, R.Ph.",J06.9,Acute upper respiratory infection,Pediatrics / General,"Amoxicillin + Potassium Clavulanate (625 mg, Twice Daily post food, Qty: 14) | Paracetamol (650 mg, Thrice daily post meals SOS, Qty: 15) | Levocetirizine Dihydrochloride (5 mg, Once Daily at Bedtime, Qty: 7)",3,AES-256-GCM,vault-transit-key-0x70479216,0411114a78d9366e1a07acac,ad8bc34ff6d5d366fb3d08f5c60cefc0,0x4fe3d31caaeb94fa9c6a584c690a27ae592dfc3ba49c68758e83c07c4ff2374a,Qmc7989b87b9150fdf7e842d9629caae5089e469a7c53c,Pinata Dedicated IPFS Gateway,0.0.4891024,2284,2026-09-13 11:58:02 UTC,0xb7e0b10daa90c3bf423c283259ddd2f0f1a633a9e146c98d63ae975c148a9833,0.0001,Pharmacy Dispensation Verification & Medication Fulfillment,Identity Verified (Wallet Protocol),Blockchain Audit Enabled
RX-0285,Sakshi Iyer,849485,0x9fad6606977605eae61c139549980f8d500a5de6,Dispensed (Fulfilled),Dispensed & Fulfilled,YES,NO,YES,990.03,Dr. Sarah Jenkins,0x04Fee3FD1B338d12FFD6dBD8d66dE1e8e0BB99cB,NMC-48192,Apollo Multispecialty Hospital,Apollo Pharmacy Global,0x04Fee3FD1B338d12FFD6dBD8d66dE1e8e0BB99cB,DL-AP-2024-8901,"K. V. Raman, R.Ph.",G43.909,"Migraine, unspecified, not intractable",Neurology,"Sumatriptan Succinate (50 mg, 1 tablet at onset of migraine SOS, Qty: 10) | Naproxen Sodium (500 mg, Twice daily as needed with food, Qty: 20) | Propranolol HCl (40 mg, Twice daily for prophylaxis, Qty: 60)",3,AES-256-GCM,vault-transit-key-0x9fad6606,4851e2afaf8fbd228db1710b,f93cc8ec516e9feb7aea2ebb86bbc522,0x49efeedc8d76c1e4cb50f8320d9a493874f2e9f28cdaeff0e41a5420fa0c1f53,Qmc724ce101b762cab17171063d2c6a46f4c7d73bc3882,Pinata Dedicated IPFS Gateway,0.0.4891024,2285,2026-09-13 11:58:04 UTC,0xec82f4b8c346fafb355b2f3ab9ff48a543e039e5728d5af02e658f1d10339060,0.0001,Pharmacy Dispensation Verification & Medication Fulfillment,Identity Verified (Wallet Protocol),Blockchain Audit Enabled
RX-0286,Ananya Mehta,849486,0xe3954e3ff31b36141c62f6568cda10e837813e7d,🔓 Decrypt RX,Pending - Ready to Decrypt,YES (Patient Consent Active),NO,NO,1695.25,Dr. Sunita Narang,0xBcd4042DE499D14e55001CcbB24a551F3b954096,NMC-90812,Apex Diagnostic Reference Labs,Apex Central Clinical Dispensary,0x155Af6ECaFb48861dA7d16Fb8Af2f6ce9d6DD779,DL-AX-2026-3021,"Rajesh Nambiar, Pharm.D.",C50.919,Malignant neoplasm of female breast,Oncology,"Tamoxifen Citrate (20 mg, Once Daily at fixed hour, Qty: 30) | Ondansetron HCl (8 mg, Twice Daily 30 min before food, Qty: 30) | Calcium Carbonate + Vit D3 (500mg/250IU, Once Daily post meal, Qty: 30)",3,AES-256-GCM,vault-transit-key-0xe3954e3f,267eb10a5184983f95fd4987,b80a6ba7c3de7b2bd58767a07e1e31f1,0xa2646d1afdd8cedcd6f4349530ff03f0bf0041a702334447a68309e6fd94d88e,Qma746c7f78938444457ede575995a9fd49558cecdc58c,Pinata Dedicated IPFS Gateway,0.0.4891024,2286,2026-09-13 11:58:07 UTC,0x6b597109b1a9629d80076458ef0fd99ce15ceabd999fac95f7fedd31a4a10796,0.0001,Pharmacy Dispensation Verification & Medication Fulfillment,Identity Verified (Wallet Protocol),Blockchain Audit Enabled
RX-0287,Harish Mukherjee,849487,0x2354d254564adb017d53b61f3b62aef41b4901b6,Dispensed (Fulfilled),Dispensed & Fulfilled,YES,NO,YES,209.36,Dr. Preeti Deshmukh,0x23618e81E3f5cdF7f54C3d65f7FBc0aBf5B21E8f,NMC-82194,Care & Cure Pediatric & Maternity Hospital,MedPlus Health Hub,0x70997970C51812dc3A010C7d01b50e0d17dc79C8,DL-MP-2023-4122,"Priya Sundaram, Pharm.D.",E03.9,"Hypothyroidism, unspecified",Endocrinology,"Levothyroxine Sodium (50 mcg, Once Daily on empty stomach, Qty: 60)",1,AES-256-GCM,vault-transit-key-0x2354d254,0ff1052bb1c01027ba08829e,f2b7060fd37b4a8d9970d3d06f4d99b7,0xf3f0d09539d0bcb0c1c8c1d410767066000ee3de21af37768ac0b424cbec901d,Qmf44c8f517c3729efe56ccdeddeba69cfabd8b743d947,Pinata Dedicated IPFS Gateway,0.0.4891024,2287,2026-09-13 11:58:09 UTC,0x87a5216fe1a7846df45b9c81bec0da766c01333a698608651ec8f5e142641749,0.0001,Pharmacy Dispensation Verification & Medication Fulfillment,Identity Verified (Wallet Protocol),Blockchain Audit Enabled
RX-0288,Sanjay Shetty,849488,0xaa8d447185e4a2a31c7bbe3b8457009d2542c036,⏳ Waiting for Approval,Access Pending Approval,NO,YES,NO,912.21,Dr. Preeti Deshmukh,0x23618e81E3f5cdF7f54C3d65f7FBc0aBf5B21E8f,NMC-82194,Care & Cure Pediatric & Maternity Hospital,MedPlus Health Hub,0x70997970C51812dc3A010C7d01b50e0d17dc79C8,DL-MP-2023-4122,"Priya Sundaram, Pharm.D.",A90,Dengue fever [classical dengue],Infectious Disease,"Paracetamol Infusion / Tab (650 mg, Every 6 hours SOS fever > 100°F, Qty: 20) | Carica Papaya Leaf Extract (1100 mg, Thrice Daily post food, Qty: 21) | Oral Rehydration Salts (WHO formula) (21.8 g sachet, 1 sachet in 1L water daily, Qty: 7)",3,AES-256-GCM,vault-transit-key-0xaa8d4471,36a1b4585e15e7457f19e507,65ac31115432d33e06c3f4724515b22b,0xf6eb12a8a4245e59fc1e55cce68734b132c20280478883c9dce0736c789a4578,Qm30bccc5e16a9626c09be0ad2c22d37ba28a0644f1b40,Pinata Dedicated IPFS Gateway,0.0.4891024,2288,2026-09-13 11:58:11 UTC,0xed0dfb9179ff4e3016cba4323cb317de5d0745bb204a1fd8e563f2c6b5be856e,0.0001,Pharmacy Dispensation Verification & Medication Fulfillment,Identity Verified (Wallet Protocol),Blockchain Audit Enabled
RX-0289,Sneha Joshi,849489,0x765ffaa110a90e5e909dfec842d8ec709bf5c7e8,🔓 Decrypt RX,Pending - Ready to Decrypt,YES (Patient Consent Active),NO,NO,3315.46,Dr. Vikram Seth,0x15d34AAf54267DB7D7c367839AAf71A00a2C6A65,NMC-99014,Max Super Speciality Cancer Institute,Apollo Pharmacy Global,0x04Fee3FD1B338d12FFD6dBD8d66dE1e8e0BB99cB,DL-AP-2024-8901,"K. V. Raman, R.Ph.",C61,Malignant neoplasm of prostate,Oncology,"Bicalutamide (50 mg, Once Daily morning, Qty: 30) | Tamsulosin HCl (0.4 mg, Once Daily 30 min after same meal, Qty: 30)",2,AES-256-GCM,vault-transit-key-0x765ffaa1,29300ff42f238303f5719565,7dd63ee7a6b5ad1d04940f83431754d6,0x96704b2118ed3e9c53c2c6b8a722ac2eb7c1cac5ee6a0b9ff8fa48f6603aada3,Qme5e2ff837c3a4bad80a10ebcbb8adcfbd534ab041b1d,Pinata Dedicated IPFS Gateway,0.0.4891024,2289,2026-09-13 11:58:13 UTC,0x1c97424a4584b4caa0bd9881257156b6294a71f6679c62c9e122fb402e1d354f,0.0001,Pharmacy Dispensation Verification & Medication Fulfillment,Identity Verified (Wallet Protocol),Blockchain Audit Enabled
RX-0290,Kavya Rao,849490,0xd235ebb9bf1d6334744c3e2c35b809d26aa34a18,⏳ Waiting for Approval,Access Pending Approval,NO,YES,NO,194.08,Dr. Sunita Narang,0xBcd4042DE499D14e55001CcbB24a551F3b954096,NMC-90812,Apex Diagnostic Reference Labs,Apollo Pharmacy Global,0x04Fee3FD1B338d12FFD6dBD8d66dE1e8e0BB99cB,DL-AP-2024-8901,"K. V. Raman, R.Ph.",E03.9,"Hypothyroidism, unspecified",Endocrinology,"Levothyroxine Sodium (50 mcg, Once Daily on empty stomach, Qty: 60)",1,AES-256-GCM,vault-transit-key-0xd235ebb9,880857d0549f53b85ea6d4b4,09414c8b742880a0a7bd2b02e4efba05,0x63bf2b86f5690ea7817934e185373f9df2787a8d1892e2f28da72ca74eecba49,Qm5d3a4ee524c85bb5fd61a0ce1e8c372b58b61de90d18,Pinata Dedicated IPFS Gateway,0.0.4891024,2290,2026-09-13 11:58:16 UTC,0xe31df58b42064b20ed2e9c88a6cc5988b808932942156d4c2d7bae081d361ec8,0.0001,Pharmacy Dispensation Verification & Medication Fulfillment,Identity Verified (Wallet Protocol),Blockchain Audit Enabled
RX-0291,Geeta Shetty,849491,0x9d6de602bbea088376e2cce0127a2ea7d166fb52,🔓 Decrypt RX,Pending - Ready to Decrypt,YES (Patient Consent Active),NO,NO,962.01,Dr. Sunita Narang,0xBcd4042DE499D14e55001CcbB24a551F3b954096,NMC-90812,Apex Diagnostic Reference Labs,Apex Central Clinical Dispensary,0x155Af6ECaFb48861dA7d16Fb8Af2f6ce9d6DD779,DL-AX-2026-3021,"Rajesh Nambiar, Pharm.D.",K21.9,Gastro-esophageal reflux disease,Gastroenterology,"Pantoprazole Gastro-resistant (40 mg, Once Daily 30 min pre-breakfast, Qty: 30) | Domperidone Sustained Release (30 mg, Once Daily morning, Qty: 30) | Sucralfate Oral Suspension (1000 mg/10mL, 10 mL thrice daily before meals, Qty: 2)",3,AES-256-GCM,vault-transit-key-0x9d6de602,04728b8e039a878d0307f2b8,c6fdf5515418902ca2fdf423dc5e12e0,0xf60b81ed071d849b1432ed04b85a6c034cb9dcbec91c650651774702d885562e,Qme4f90635498ec84f38402a34206c3a42278adc0a6d84,Pinata Dedicated IPFS Gateway,0.0.4891024,2291,2026-09-13 11:58:19 UTC,0x076da5c3706c3c75337b8c7ee3f8f9815cc32e8eb5c6be3bf8215033a7776d0a,0.0001,Pharmacy Dispensation Verification & Medication Fulfillment,Identity Verified (Wallet Protocol),Blockchain Audit Enabled
RX-0292,Gautam Bhatia,849492,0xb00e66647020848b37fb94600ceddd6f49b55a3a,🔓 Decrypt RX,Pending - Ready to Decrypt,YES (Patient Consent Active),NO,NO,1198.39,Dr. Ananya Roy,0x9965507D1a55bcC2695C58ba16FB37d819B0A4dc,NMC-51203,Max Super Speciality Cancer Institute,Apollo Pharmacy Global,0x04Fee3FD1B338d12FFD6dBD8d66dE1e8e0BB99cB,DL-AP-2024-8901,"K. V. Raman, R.Ph.",E11.9,Type 2 diabetes mellitus without complications,Endocrinology,"Metformin Hydrochloride (500 mg, Twice Daily with meals, Qty: 60) | Dapagliflozin Propanediol (10 mg, Once Daily morning, Qty: 30) | Glimepiride (2 mg, Once Daily pre-breakfast, Qty: 30)",3,AES-256-GCM,vault-transit-key-0xb00e6664,e6140e1f095ef375d229cc12,552ce58a5f4ffe5205832b2806f06ae0,0x2e4cf22c358c61cef9d3753f27edaad0b174e1a86a4299f74a6f990aa3bb9c05,Qm0bb191cccf7bc9f6df66437e47e6a09027ef6777dd79,Pinata Dedicated IPFS Gateway,0.0.4891024,2292,2026-09-13 11:58:21 UTC,0xf907c2fa8e0284950d8213e6bb1423180d57e38ab78da1f4912884457a7454b0,0.0001,Pharmacy Dispensation Verification & Medication Fulfillment,Identity Verified (Wallet Protocol),Blockchain Audit Enabled
RX-0293,Arjun Hegde,849493,0x3ec246e901b5b57df59f63f54a2c7d48fe504c6f,Dispensed (Fulfilled),Dispensed & Fulfilled,YES,NO,YES,1002.28,Dr. Rohan Patel,0x976EA74026E726554dB657fA54763abd0C3a0aa9,NMC-11029,Fortis Memorial Neuro & Trauma Center,Fortis Care Dispensary,0x84f93618C1D541bB1Dcf1373A8eE500A7D439634,DL-FC-2025-1094,"Amit Singhania, R.Ph.",I20.9,"Angina pectoris, unspecified",Cardiology,"Nitroglycerin Sublingual (0.4 mg, PRN for chest pain, Qty: 25) | Aspirin Gastro-resistant (75 mg, Once Daily post meal, Qty: 30) | Atorvastatin Calcium (40 mg, Once Daily at Bedtime, Qty: 30)",3,AES-256-GCM,vault-transit-key-0x3ec246e9,76ddb6a44805be092de7bfdc,b94233910a09ce33f9403b36400652ad,0x4a2570e555e24aeda55c88bd42092b6f05667538a2e0b3ea11de5a3b5f015498,Qm7e606a97d43bea431529934282f5fb5196bf90f47560,Pinata Dedicated IPFS Gateway,0.0.4891024,2293,2026-09-13 11:58:23 UTC,0x2a07dda44310ec29012c89fb5d201f07b4b990506e15b206c3c093b96561fd4f,0.0001,Pharmacy Dispensation Verification & Medication Fulfillment,Identity Verified (Wallet Protocol),Blockchain Audit Enabled
RX-0294,Siddharth Choudhury,849494,0xe42fd5da6989eb15f15ed62cc7777d89f874f6a3,⏳ Waiting for Approval,Access Pending Approval,NO,YES,NO,1609.95,Dr. Ananya Roy,0x9965507D1a55bcC2695C58ba16FB37d819B0A4dc,NMC-51203,Max Super Speciality Cancer Institute,MedPlus Health Hub,0x70997970C51812dc3A010C7d01b50e0d17dc79C8,DL-MP-2023-4122,"Priya Sundaram, Pharm.D.",E11.65,Type 2 diabetes mellitus with hyperglycemia,Endocrinology,"Insulin Glargine Solostar (100 IU/mL, 14 Units Once Daily at Bedtime, Qty: 2) | Metformin XR (1000 mg, Once Daily post dinner, Qty: 30)",2,AES-256-GCM,vault-transit-key-0xe42fd5da,6034017319bbf828ac7199ca,9d24d98f146ddb121f2e0f5f26fb6e56,0x3d4080bcca5e1c1a16c2a5518f1be84542dc12b91e4967b9c3a34b83567d91fc,Qm5bea0555d4f8649e45b0cd6dd938c62312e631f2b7e6,Pinata Dedicated IPFS Gateway,0.0.4891024,2294,2026-09-13 11:58:26 UTC,0xebf5e02f22c73f3275d0b8d833a42cf21eaeea1239a984fba876e7c3cb76140f,0.0001,Pharmacy Dispensation Verification & Medication Fulfillment,Identity Verified (Wallet Protocol),Blockchain Audit Enabled
RX-0295,Tanvi Reddy,849495,0x05946cc34046a069f128d0042c91db063387af9f,Request Access,Unauthorized / Unlinked,NO,NO,NO,1688.82,Dr. Preeti Deshmukh,0x23618e81E3f5cdF7f54C3d65f7FBc0aBf5B21E8f,NMC-82194,Care & Cure Pediatric & Maternity Hospital,MedPlus Health Hub,0x70997970C51812dc3A010C7d01b50e0d17dc79C8,DL-MP-2023-4122,"Priya Sundaram, Pharm.D.",C50.919,Malignant neoplasm of female breast,Oncology,"Tamoxifen Citrate (20 mg, Once Daily at fixed hour, Qty: 30) | Ondansetron HCl (8 mg, Twice Daily 30 min before food, Qty: 30) | Calcium Carbonate + Vit D3 (500mg/250IU, Once Daily post meal, Qty: 30)",3,AES-256-GCM,vault-transit-key-0x05946cc3,aac89f8b4ccfda72f33a124c,e03dde185967c2e710650f170c134f85,0x2d3e6e11e75fb0500eb13b569de6ab51b2ca3efe1c6f9155f28652d0d0c3ae11,Qm8f5681205ec24c929c8a36d9728214e6ee452bcce58f,Pinata Dedicated IPFS Gateway,0.0.4891024,2295,2026-09-13 11:58:28 UTC,0x283620fa35a1c197a8cc8608af382fbdebdaf8c685b3220ecb4951dfc5ed8e40,0.0001,Pharmacy Dispensation Verification & Medication Fulfillment,Identity Verified (Wallet Protocol),Blockchain Audit Enabled
RX-0296,Anand Verma,849496,0x9ed1ba041966784aa3606fc9750453d0dc57bc45,⏳ Waiting for Approval,Access Pending Approval,NO,YES,NO,1494.35,Dr. Preeti Deshmukh,0x23618e81E3f5cdF7f54C3d65f7FBc0aBf5B21E8f,NMC-82194,Care & Cure Pediatric & Maternity Hospital,Fortis Care Dispensary,0x84f93618C1D541bB1Dcf1373A8eE500A7D439634,DL-FC-2025-1094,"Amit Singhania, R.Ph.",G40.909,"Epilepsy, unspecified",Neurology,"Levetiracetam (500 mg, Twice Daily morning & evening, Qty: 60) | Clobazam (10 mg, Once Daily at Bedtime, Qty: 30)",2,AES-256-GCM,vault-transit-key-0x9ed1ba04,f835b4187b1b1a394b085711,59913b0d145abb489f1b7ff3ddc76f8e,0xa6259a9051414ab5b5eb1d2e29d56b21692346bc5ce9e884fe32d43da84d27bc,Qm21a2c4bfea39511ee031f12819cf155a0ac497475009,Pinata Dedicated IPFS Gateway,0.0.4891024,2296,2026-09-13 11:58:30 UTC,0x3bb43a9213cb8f43553918d2d0bde53436bb5dae3b64b0e6d2e273378157c8b1,0.0001,Pharmacy Dispensation Verification & Medication Fulfillment,Identity Verified (Wallet Protocol),Blockchain Audit Enabled
RX-0297,Neha Choudhury,849497,0xfc54bd05f6efe40d8b6c309846a476b0b35c5cc3,🔓 Decrypt RX,Pending - Ready to Decrypt,YES (Patient Consent Active),NO,NO,937.32,Dr. Sunita Narang,0xBcd4042DE499D14e55001CcbB24a551F3b954096,NMC-90812,Apex Diagnostic Reference Labs,Apollo Pharmacy Global,0x04Fee3FD1B338d12FFD6dBD8d66dE1e8e0BB99cB,DL-AP-2024-8901,"K. V. Raman, R.Ph.",K21.9,Gastro-esophageal reflux disease,Gastroenterology,"Pantoprazole Gastro-resistant (40 mg, Once Daily 30 min pre-breakfast, Qty: 30) | Domperidone Sustained Release (30 mg, Once Daily morning, Qty: 30) | Sucralfate Oral Suspension (1000 mg/10mL, 10 mL thrice daily before meals, Qty: 2)",3,AES-256-GCM,vault-transit-key-0xfc54bd05,deb4f63cc8d9dcd6ada003fc,a7a0b370d6ad44f75d15747b6ffac9fb,0xf7906e334470f883cd80e4528d50e6ae9bee1bceca2939d4b728fdd765d8339c,Qmeaa39be027bc9b49abbd164491a49c2de99d45841ceb,Pinata Dedicated IPFS Gateway,0.0.4891024,2297,2026-09-13 11:58:33 UTC,0x366f1ddce18b5d7f5a0822ced41cdf7964d63f73d36b5ac7eb5a9a37c77dd3e8,0.0001,Pharmacy Dispensation Verification & Medication Fulfillment,Identity Verified (Wallet Protocol),Blockchain Audit Enabled
RX-0298,Yashwanth Choudhury,849498,0x9f57d8aff6c9d70f8e7a14f9473423c1e1a7a3e3,Dispensed (Fulfilled),Dispensed & Fulfilled,YES,NO,YES,3325.98,Dr. Ananya Roy,0x9965507D1a55bcC2695C58ba16FB37d819B0A4dc,NMC-51203,Max Super Speciality Cancer Institute,Max Wellness Pharmacy,0x28B7eA94B34C8F52D19E50Eb14769Da20F5D54b4,DL-MW-2024-7731,"Sneha Mukherjee, R.Ph.",C61,Malignant neoplasm of prostate,Oncology,"Bicalutamide (50 mg, Once Daily morning, Qty: 30) | Tamsulosin HCl (0.4 mg, Once Daily 30 min after same meal, Qty: 30)",2,AES-256-GCM,vault-transit-key-0x9f57d8af,f90dfe2f790c69592122bfb0,d02284a4227b9dd3a6a01009da7e291c,0xc8f0094f6c2f73b898bf3f459f0969196b7aa4dab730b8353a3d8e7c90ad8dee,Qm0efa503c67012ad6b270f856122a511d9d1c1ece7a42,Pinata Dedicated IPFS Gateway,0.0.4891024,2298,2026-09-13 11:58:35 UTC,0x17e9d52b9ed0157f50cd3c3894ef60da27cc7e89538f93d794d635ad07bb2e65,0.0001,Pharmacy Dispensation Verification & Medication Fulfillment,Identity Verified (Wallet Protocol),Blockchain Audit Enabled
RX-0299,Meera Ghosh,849499,0x0116a877803066d25616cedb43d20779245e5956,Dispensed (Fulfilled),Dispensed & Fulfilled,YES,NO,YES,1184.23,Dr. Preeti Deshmukh,0x23618e81E3f5cdF7f54C3d65f7FBc0aBf5B21E8f,NMC-82194,Care & Cure Pediatric & Maternity Hospital,MedPlus Health Hub,0x70997970C51812dc3A010C7d01b50e0d17dc79C8,DL-MP-2023-4122,"Priya Sundaram, Pharm.D.",E11.9,Type 2 diabetes mellitus without complications,Endocrinology,"Metformin Hydrochloride (500 mg, Twice Daily with meals, Qty: 60) | Dapagliflozin Propanediol (10 mg, Once Daily morning, Qty: 30) | Glimepiride (2 mg, Once Daily pre-breakfast, Qty: 30)",3,AES-256-GCM,vault-transit-key-0x0116a877,18154e4382c030ed9bbdf164,21d2c9151868348f0c7c001d5d430b82,0x4ce7d0d76d325fbb636f17b63b1429060100241aea13458f80ecce3eff0bf080,Qm851a4d7731262ff2683def9cdf60bfd7e2667e78c757,Pinata Dedicated IPFS Gateway,0.0.4891024,2299,2026-09-13 11:58:38 UTC,0x7e67d50552f923acedecde9c29038993484d061d68e36b48bb1fe5613e5e5717,0.0001,Pharmacy Dispensation Verification & Medication Fulfillment,Identity Verified (Wallet Protocol),Blockchain Audit Enabled
RX-0300,Tanvi Rao,849500,0x913921c255ac792e93964f69a839c2772c7ca28f,🔓 Decrypt RX,Pending - Ready to Decrypt,YES (Patient Consent Active),NO,NO,1195.18,Dr. Vikram Seth,0x15d34AAf54267DB7D7c367839AAf71A00a2C6A65,NMC-99014,Max Super Speciality Cancer Institute,Fortis Care Dispensary,0x84f93618C1D541bB1Dcf1373A8eE500A7D439634,DL-FC-2025-1094,"Amit Singhania, R.Ph.",E11.9,Type 2 diabetes mellitus without complications,Endocrinology,"Metformin Hydrochloride (500 mg, Twice Daily with meals, Qty: 60) | Dapagliflozin Propanediol (10 mg, Once Daily morning, Qty: 30) | Glimepiride (2 mg, Once Daily pre-breakfast, Qty: 30)",3,AES-256-GCM,vault-transit-key-0x913921c2,112afcaac559a86d29b70277,44d46f3de1a7820cda9363b4cdec14eb,0x40a5902da1e50691349ff6c223990405208d504ebd921318f4441f9a4a676bd8,Qmd86d2e365d7aaafba795c73d231c262f25a9abb1b6b5,Pinata Dedicated IPFS Gateway,0.0.4891024,2300,2026-09-13 11:58:40 UTC,0x93d7836da1c65b2066f2b8f8a9c2902d4215f7b1334ac93ca8b7fdee70950726,0.0001,Pharmacy Dispensation Verification & Medication Fulfillment,Identity Verified (Wallet Protocol),Blockchain Audit Enabled
RX-0301,Aditi Verma,849501,0xf3844049d063a9f4ef86b7fd9f0fa9d21e3b8cef,Dispensed (Fulfilled),Dispensed & Fulfilled,YES,NO,YES,992.48,Dr. Sunita Narang,0xBcd4042DE499D14e55001CcbB24a551F3b954096,NMC-90812,Apex Diagnostic Reference Labs,Apex Central Clinical Dispensary,0x155Af6ECaFb48861dA7d16Fb8Af2f6ce9d6DD779,DL-AX-2026-3021,"Rajesh Nambiar, Pharm.D.",G43.909,"Migraine, unspecified, not intractable",Neurology,"Sumatriptan Succinate (50 mg, 1 tablet at onset of migraine SOS, Qty: 10) | Naproxen Sodium (500 mg, Twice daily as needed with food, Qty: 20) | Propranolol HCl (40 mg, Twice daily for prophylaxis, Qty: 60)",3,AES-256-GCM,vault-transit-key-0xf3844049,7a0cee0daa011a51a47c9c6c,e5cd6c777da8b22de3ffde5baaf64952,0x3190c21969c704ed722eda37d8b78e6f7f0e7d504304be0c5c132e128276f469,Qmd4f40f0bbee9e3eb2bc3f8abc5cabf739d5d68d957de,Pinata Dedicated IPFS Gateway,0.0.4891024,2301,2026-09-13 11:58:42 UTC,0x3f598220e9b353018c42a5c43525b116f1cb44682bc2c7bffcf04d56545ae417,0.0001,Pharmacy Dispensation Verification & Medication Fulfillment,Identity Verified (Wallet Protocol),Blockchain Audit Enabled
RX-0302,Nikhil Ghosh,849502,0xeab813d03e3033860c5c0d69e67233a44244eee7,Dispensed (Fulfilled),Dispensed & Fulfilled,YES,NO,YES,423.53,Dr. Rajesh Sharma,0x3c44CdDdB6a900fa2b585dd299e03d12FA4293BC,NMC-78491,Apollo Multispecialty Hospital,Apollo Pharmacy Global,0x04Fee3FD1B338d12FFD6dBD8d66dE1e8e0BB99cB,DL-AP-2024-8901,"K. V. Raman, R.Ph.",J06.9,Acute upper respiratory infection,Pediatrics / General,"Amoxicillin + Potassium Clavulanate (625 mg, Twice Daily post food, Qty: 14) | Paracetamol (650 mg, Thrice daily post meals SOS, Qty: 15) | Levocetirizine Dihydrochloride (5 mg, Once Daily at Bedtime, Qty: 7)",3,AES-256-GCM,vault-transit-key-0xeab813d0,6353e9301e4f5f572b945d70,647baec7d3b0714cd5b7e5679c8c0903,0xc3a94e1aec0651b97e535617f6f57d7b2ddf344662d7eedf979deca0f084e20f,Qmd5004ad14f6dcb4f60a5f1de562cca2e07e764f663e6,Pinata Dedicated IPFS Gateway,0.0.4891024,2302,2026-09-13 11:58:45 UTC,0x649a938c77f6974789861a673836aac1b2cf236b2ab9b9718af5efdb78e70f81,0.0001,Pharmacy Dispensation Verification & Medication Fulfillment,Identity Verified (Wallet Protocol),Blockchain Audit Enabled
RX-0303,Sameer Agarwal,849503,0x8183e431adb58a70c98eaebe91d629124320e02a,Dispensed (Fulfilled),Dispensed & Fulfilled,YES,NO,YES,981.75,Dr. Sarah Jenkins,0x04Fee3FD1B338d12FFD6dBD8d66dE1e8e0BB99cB,NMC-48192,Apollo Multispecialty Hospital,Fortis Care Dispensary,0x84f93618C1D541bB1Dcf1373A8eE500A7D439634,DL-FC-2025-1094,"Amit Singhania, R.Ph.",I20.9,"Angina pectoris, unspecified",Cardiology,"Nitroglycerin Sublingual (0.4 mg, PRN for chest pain, Qty: 25) | Aspirin Gastro-resistant (75 mg, Once Daily post meal, Qty: 30) | Atorvastatin Calcium (40 mg, Once Daily at Bedtime, Qty: 30)",3,AES-256-GCM,vault-transit-key-0x8183e431,621b3c24b1bb1c1f1073f3bb,62bfbb629c32cfedd9024cd539b9d5b1,0x8a4073153f5b107d70a0da63ab9326c0806f80323825d8e849904659e56181d7,Qm48a017d94cc6e1da4ccbb7b3c58c3181e2be84dafa1c,Pinata Dedicated IPFS Gateway,0.0.4891024,2303,2026-09-13 11:58:47 UTC,0xb7da828ed540337d6f4cd4eba6b1da1cc6d3eb859729966c54d85664b0732a1f,0.0001,Pharmacy Dispensation Verification & Medication Fulfillment,Identity Verified (Wallet Protocol),Blockchain Audit Enabled
RX-0304,Chetan Joshi,849504,0xece3f693defd3334c33818ff0bdd4302ab646182,Request Access,Unauthorized / Unlinked,NO,NO,NO,1481.18,Dr. Rohan Patel,0x976EA74026E726554dB657fA54763abd0C3a0aa9,NMC-11029,Fortis Memorial Neuro & Trauma Center,Apollo Pharmacy Global,0x04Fee3FD1B338d12FFD6dBD8d66dE1e8e0BB99cB,DL-AP-2024-8901,"K. V. Raman, R.Ph.",G40.909,"Epilepsy, unspecified",Neurology,"Levetiracetam (500 mg, Twice Daily morning & evening, Qty: 60) | Clobazam (10 mg, Once Daily at Bedtime, Qty: 30)",2,AES-256-GCM,vault-transit-key-0xece3f693,afcc5a90d968bdc18a3fae2a,d4d89a3c13b5527d460bbf27d25c0419,0x1c58cde31a7506501405b2c15f2d1d77f2d6960fc10374a390eeeca9112c574a,Qm4e1f3de57adc6bdfadc49cc7e5b02ca0d9f8a35a7e65,Pinata Dedicated IPFS Gateway,0.0.4891024,2304,2026-09-13 11:58:50 UTC,0xe88d108a23c7ecb3e9c765cfc1e211243c56141172d70c13536a446f7a4ac894,0.0001,Pharmacy Dispensation Verification & Medication Fulfillment,Identity Verified (Wallet Protocol),Blockchain Audit Enabled
RX-0305,Ishaan Kulkarni,849505,0x361c181c7dbe1c51899d089eadf0a49a70961b36,🔓 Decrypt RX,Pending - Ready to Decrypt,YES (Patient Consent Active),NO,NO,3311.75,Dr. Rohan Patel,0x976EA74026E726554dB657fA54763abd0C3a0aa9,NMC-11029,Fortis Memorial Neuro & Trauma Center,Fortis Care Dispensary,0x84f93618C1D541bB1Dcf1373A8eE500A7D439634,DL-FC-2025-1094,"Amit Singhania, R.Ph.",C61,Malignant neoplasm of prostate,Oncology,"Bicalutamide (50 mg, Once Daily morning, Qty: 30) | Tamsulosin HCl (0.4 mg, Once Daily 30 min after same meal, Qty: 30)",2,AES-256-GCM,vault-transit-key-0x361c181c,09b79ad939e5969884eb94b4,2ec16b19a76408c2541ee8746b5742ce,0x7c4615271b245e38b4a5448c8f2b36520c5bc7a647c8ed9d42fd408e2b920e09,Qmfa4a47e5526f3d62398fd878c3bd2efdd2aa7edfa339,Pinata Dedicated IPFS Gateway,0.0.4891024,2305,2026-09-13 11:58:52 UTC,0x0fef3c02d1516171459dac1dd66e24d9cd747a222ca3fa1e189462caaf23d7d3,0.0001,Pharmacy Dispensation Verification & Medication Fulfillment,Identity Verified (Wallet Protocol),Blockchain Audit Enabled
RX-0306,Shreya Pandey,849506,0xd08de6aa67c8c307dbb2bef29cacfc4dc617282b,🔓 Decrypt RX,Pending - Ready to Decrypt,YES (Patient Consent Active),NO,NO,3305.52,Dr. Rohan Patel,0x976EA74026E726554dB657fA54763abd0C3a0aa9,NMC-11029,Fortis Memorial Neuro & Trauma Center,Apollo Pharmacy Global,0x04Fee3FD1B338d12FFD6dBD8d66dE1e8e0BB99cB,DL-AP-2024-8901,"K. V. Raman, R.Ph.",C61,Malignant neoplasm of prostate,Oncology,"Bicalutamide (50 mg, Once Daily morning, Qty: 30) | Tamsulosin HCl (0.4 mg, Once Daily 30 min after same meal, Qty: 30)",2,AES-256-GCM,vault-transit-key-0xd08de6aa,1634d96389fc5fed9df636d6,61aad2b931869ff322bce8555e5c463e,0x9d4f302436ce94bbca08368c60f0aae92b35b56fb10c7b29c735841cbe4454c1,Qm17a5e162f0840437e01e8551223aeb5dddb75768a495,Pinata Dedicated IPFS Gateway,0.0.4891024,2306,2026-09-13 11:58:54 UTC,0xb6ac43db7f61631599f84ece1632a03fb98cfac79b914c00ed26984eb2dd04fa,0.0001,Pharmacy Dispensation Verification & Medication Fulfillment,Identity Verified (Wallet Protocol),Blockchain Audit Enabled
RX-0307,Aditi Gowda,849507,0x813225e0a0d071dfe2b64b852068e5dcf02b61bb,⏳ Waiting for Approval,Access Pending Approval,NO,YES,NO,1622.34,Dr. Vikram Seth,0x15d34AAf54267DB7D7c367839AAf71A00a2C6A65,NMC-99014,Max Super Speciality Cancer Institute,Apex Central Clinical Dispensary,0x155Af6ECaFb48861dA7d16Fb8Af2f6ce9d6DD779,DL-AX-2026-3021,"Rajesh Nambiar, Pharm.D.",E11.65,Type 2 diabetes mellitus with hyperglycemia,Endocrinology,"Insulin Glargine Solostar (100 IU/mL, 14 Units Once Daily at Bedtime, Qty: 2) | Metformin XR (1000 mg, Once Daily post dinner, Qty: 30)",2,AES-256-GCM,vault-transit-key-0x813225e0,9be5a174152316872b801800,e245ec2e9395ac7197902bbcbab6e25c,0x82e23da1536698427e000146b2b523e25548aabedeb7ecd0747cfcbf3b6284a8,Qm102a7049c18c2e45998c3e09c40685db9d7733300f12,Pinata Dedicated IPFS Gateway,0.0.4891024,2307,2026-09-13 11:58:57 UTC,0x98c722170ea90769a38ca283db384aad847a9a5359cecb49eab7fce3b4c116b2,0.0001,Pharmacy Dispensation Verification & Medication Fulfillment,Identity Verified (Wallet Protocol),Blockchain Audit Enabled
RX-0308,Kiran Swaminathan,849508,0xc64d4252c422f1d79d1ef2049c8cd0efc3e7af6c,Dispensed (Fulfilled),Dispensed & Fulfilled,YES,NO,YES,437.97,Dr. Rajesh Sharma,0x3c44CdDdB6a900fa2b585dd299e03d12FA4293BC,NMC-78491,Apollo Multispecialty Hospital,Fortis Care Dispensary,0x84f93618C1D541bB1Dcf1373A8eE500A7D439634,DL-FC-2025-1094,"Amit Singhania, R.Ph.",J06.9,Acute upper respiratory infection,Pediatrics / General,"Amoxicillin + Potassium Clavulanate (625 mg, Twice Daily post food, Qty: 14) | Paracetamol (650 mg, Thrice daily post meals SOS, Qty: 15) | Levocetirizine Dihydrochloride (5 mg, Once Daily at Bedtime, Qty: 7)",3,AES-256-GCM,vault-transit-key-0xc64d4252,30c29f4e916eee0fcf4654e5,5ebe3c5073155b1c6108e72f33cf50e7,0x564aa9c703f8449106b983e441dc8a8a635e3730025ac90c3af4f8421de04c84,Qmd058249a932677a6eb2b496c9c65d02c59cbf1276db9,Pinata Dedicated IPFS Gateway,0.0.4891024,2308,2026-09-13 11:58:59 UTC,0xb1c7828307bed90e3c2f181dc2614fd0eaef86c0da2f01c7db8822fb77e36f44,0.0001,Pharmacy Dispensation Verification & Medication Fulfillment,Identity Verified (Wallet Protocol),Blockchain Audit Enabled
RX-0309,Amit Mukherjee,849509,0xc296766a6ecaf31e4a1e070d93c74333fbbddbf7,🔓 Decrypt RX,Pending - Ready to Decrypt,YES (Patient Consent Active),NO,NO,422.36,Dr. Preeti Deshmukh,0x23618e81E3f5cdF7f54C3d65f7FBc0aBf5B21E8f,NMC-82194,Care & Cure Pediatric & Maternity Hospital,Apex Central Clinical Dispensary,0x155Af6ECaFb48861dA7d16Fb8Af2f6ce9d6DD779,DL-AX-2026-3021,"Rajesh Nambiar, Pharm.D.",J06.9,Acute upper respiratory infection,Pediatrics / General,"Amoxicillin + Potassium Clavulanate (625 mg, Twice Daily post food, Qty: 14) | Paracetamol (650 mg, Thrice daily post meals SOS, Qty: 15) | Levocetirizine Dihydrochloride (5 mg, Once Daily at Bedtime, Qty: 7)",3,AES-256-GCM,vault-transit-key-0xc296766a,14e80e46cd2168df1b240092,0329d378a4867273c92603e9fd878fc3,0xf01978a6c1f77e8a33a316f74e35163a365275fdb4eb619586242476735ac4d1,Qm114839c0daf8b4a02fef4c97ae9c6797e53faefab4c5,Pinata Dedicated IPFS Gateway,0.0.4891024,2309,2026-09-13 11:59:02 UTC,0xe1e1d2ff0a21ea0cd6b4e11ab312223279121cc6768125572598443256c366d3,0.0001,Pharmacy Dispensation Verification & Medication Fulfillment,Identity Verified (Wallet Protocol),Blockchain Audit Enabled
RX-0310,Arjun Mukherjee,849510,0x39b42f2f3248dfd1c5122e8db829599eacfdb1b5,🔓 Decrypt RX,Pending - Ready to Decrypt,YES (Patient Consent Active),NO,NO,200.32,Dr. Sarah Jenkins,0x04Fee3FD1B338d12FFD6dBD8d66dE1e8e0BB99cB,NMC-48192,Apollo Multispecialty Hospital,Max Wellness Pharmacy,0x28B7eA94B34C8F52D19E50Eb14769Da20F5D54b4,DL-MW-2024-7731,"Sneha Mukherjee, R.Ph.",E03.9,"Hypothyroidism, unspecified",Endocrinology,"Levothyroxine Sodium (50 mcg, Once Daily on empty stomach, Qty: 60)",1,AES-256-GCM,vault-transit-key-0x39b42f2f,dd15c475bfc703bdf17684ac,34f3c40b184da52f2a60d74de176ae28,0xf8a25073c238289c0f2bfeab7c7673007c9f52a03fb621f480f487195bac63c7,Qm682b3be18f82b2a331776cae7bf7231bbeb37f80017b,Pinata Dedicated IPFS Gateway,0.0.4891024,2310,2026-09-13 11:59:04 UTC,0xd5686cb9feb6a8d776033c1b4a6ea8f6140ffb69edef6b7c218def54adf2c784,0.0001,Pharmacy Dispensation Verification & Medication Fulfillment,Identity Verified (Wallet Protocol),Blockchain Audit Enabled
RX-0311,Ananya Nair,849511,0x840bccf28f4d074555e6ef92ea763ebb92e8a609,🔓 Decrypt RX,Pending - Ready to Decrypt,YES (Patient Consent Active),NO,NO,1493.58,Dr. Rohan Patel,0x976EA74026E726554dB657fA54763abd0C3a0aa9,NMC-11029,Fortis Memorial Neuro & Trauma Center,Fortis Care Dispensary,0x84f93618C1D541bB1Dcf1373A8eE500A7D439634,DL-FC-2025-1094,"Amit Singhania, R.Ph.",G40.909,"Epilepsy, unspecified",Neurology,"Levetiracetam (500 mg, Twice Daily morning & evening, Qty: 60) | Clobazam (10 mg, Once Daily at Bedtime, Qty: 30)",2,AES-256-GCM,vault-transit-key-0x840bccf2,f33b3afcd6c034649168cd32,ebd19d9eadd37b9c8b7d7aadb31c89c1,0x86223ad83c31e9b3a121fb588b35e761023dc53dbb4fe8abd2ef98d842e8d906,Qm6f7a7a27d2e9bf3642b8c07bbdcca9ad77f1d3eab6a1,Pinata Dedicated IPFS Gateway,0.0.4891024,2311,2026-09-13 11:59:07 UTC,0x3d4f6a7923d459d499d19e7f2cf1a70f4d32f666d6122ef7cb6e0e05cc7045c1,0.0001,Pharmacy Dispensation Verification & Medication Fulfillment,Identity Verified (Wallet Protocol),Blockchain Audit Enabled
RX-0312,Deepak Hegde,849512,0x81e11d5e75f41f5bdcee8cf5f44544a90cdaa87d,Request Access,Unauthorized / Unlinked,NO,NO,NO,908.29,Dr. Vikram Seth,0x15d34AAf54267DB7D7c367839AAf71A00a2C6A65,NMC-99014,Max Super Speciality Cancer Institute,Apex Central Clinical Dispensary,0x155Af6ECaFb48861dA7d16Fb8Af2f6ce9d6DD779,DL-AX-2026-3021,"Rajesh Nambiar, Pharm.D.",A90,Dengue fever [classical dengue],Infectious Disease,"Paracetamol Infusion / Tab (650 mg, Every 6 hours SOS fever > 100°F, Qty: 20) | Carica Papaya Leaf Extract (1100 mg, Thrice Daily post food, Qty: 21) | Oral Rehydration Salts (WHO formula) (21.8 g sachet, 1 sachet in 1L water daily, Qty: 7)",3,AES-256-GCM,vault-transit-key-0x81e11d5e,acaa61fcdcffcfe6ddccf346,895102a0656a7177ab99c7e04386a0f2,0xaf04fdc7407389c5d93e1b2354da4a5277de74f3e52b2b990e490d11a305c84b,Qme94f6f6ee9cc11cb266cdd8f19e73ead85c22dd7f221,Pinata Dedicated IPFS Gateway,0.0.4891024,2312,2026-09-13 11:59:09 UTC,0x0c4b08e37a6c01f7e385bedac9e3fe698827b12157c6a025c42f68930f757a67,0.0001,Pharmacy Dispensation Verification & Medication Fulfillment,Identity Verified (Wallet Protocol),Blockchain Audit Enabled
RX-0313,Anand Banerjee,849513,0x6d6abde5a5c21cb308586da76c0412295f2bf566,🔓 Decrypt RX,Pending - Ready to Decrypt,YES (Patient Consent Active),NO,NO,1624.78,Dr. Sunita Narang,0xBcd4042DE499D14e55001CcbB24a551F3b954096,NMC-90812,Apex Diagnostic Reference Labs,Apollo Pharmacy Global,0x04Fee3FD1B338d12FFD6dBD8d66dE1e8e0BB99cB,DL-AP-2024-8901,"K. V. Raman, R.Ph.",E11.65,Type 2 diabetes mellitus with hyperglycemia,Endocrinology,"Insulin Glargine Solostar (100 IU/mL, 14 Units Once Daily at Bedtime, Qty: 2) | Metformin XR (1000 mg, Once Daily post dinner, Qty: 30)",2,AES-256-GCM,vault-transit-key-0x6d6abde5,1ca7811669576acbd39fb1db,ef580d3b06072289f45d1b6bf9e67e0b,0x354af34ecdd0a86dd8bcc2da413d629da17a90a5788bcde6d12a0e0b00fe44b3,Qm5a36a77a8c6f45a28acbe96ec673a42deba5fc293aa4,Pinata Dedicated IPFS Gateway,0.0.4891024,2313,2026-09-13 11:59:11 UTC,0xa3e08bc68483a986c69babf36d806a6dcc6bebac9dfc8cb1c600422f707ee912,0.0001,Pharmacy Dispensation Verification & Medication Fulfillment,Identity Verified (Wallet Protocol),Blockchain Audit Enabled
RX-0314,Pooja Agarwal,849514,0x8369c9a36bbc3123a6b0ccfd5380cb69321847e6,⏳ Waiting for Approval,Access Pending Approval,NO,YES,NO,222.95,Dr. Sarah Jenkins,0x04Fee3FD1B338d12FFD6dBD8d66dE1e8e0BB99cB,NMC-48192,Apollo Multispecialty Hospital,Apollo Pharmacy Global,0x04Fee3FD1B338d12FFD6dBD8d66dE1e8e0BB99cB,DL-AP-2024-8901,"K. V. Raman, R.Ph.",E03.9,"Hypothyroidism, unspecified",Endocrinology,"Levothyroxine Sodium (50 mcg, Once Daily on empty stomach, Qty: 60)",1,AES-256-GCM,vault-transit-key-0x8369c9a3,089b259bcdc4e85ae5cce85e,99c4e487e52c7fcf10df47ef9a3a3323,0x6bbd2fc62f2c14c107348873bda8909f935c6cc691da9e0f411181ab24d247f5,Qm4913892d7418dde01fd2aeae11c89fabae568f4f8e70,Pinata Dedicated IPFS Gateway,0.0.4891024,2314,2026-09-13 11:59:13 UTC,0x088e8a0f18457580a823f5b6cca4f167f9029c2a8afba05ec23a3c73d396b0e0,0.0001,Pharmacy Dispensation Verification & Medication Fulfillment,Identity Verified (Wallet Protocol),Blockchain Audit Enabled
RX-0315,Sameer Reddy,849515,0x4bf927dc8696e77ef180dba69fa903aff11caf8c,Dispensed (Fulfilled),Dispensed & Fulfilled,YES,NO,YES,511.82,Dr. Preeti Deshmukh,0x23618e81E3f5cdF7f54C3d65f7FBc0aBf5B21E8f,NMC-82194,Care & Cure Pediatric & Maternity Hospital,Apex Central Clinical Dispensary,0x155Af6ECaFb48861dA7d16Fb8Af2f6ce9d6DD779,DL-AX-2026-3021,"Rajesh Nambiar, Pharm.D.",I10,Essential (primary) hypertension,Cardiology,"Amlodipine Besylate (5 mg, Once Daily (Morning), Qty: 30) | Telmisartan (40 mg, Once Daily (Morning), Qty: 30)",2,AES-256-GCM,vault-transit-key-0x4bf927dc,f5d87ec508180c8d5acd3f23,e7de97738a12a211c5cb1b59a2e25cd4,0xc6ecaad882b6ba226e3c192b1389f6503b78b876c4987afb80d49eb36a1b34dd,Qm8bd6c14efcf998e9293751f8d5154817a8e01c6eef02,Pinata Dedicated IPFS Gateway,0.0.4891024,2315,2026-09-13 11:59:16 UTC,0xe7f2bb4563f0e926169202b3097187b6edc04f55823d15d8fb613bdd66b56345,0.0001,Pharmacy Dispensation Verification & Medication Fulfillment,Identity Verified (Wallet Protocol),Blockchain Audit Enabled
RX-0316,Siddharth Malhotra,849516,0x06e4ffc33d48460de622a081e0ee8217401e2f57,🔓 Decrypt RX,Pending - Ready to Decrypt,YES (Patient Consent Active),NO,NO,223.44,Dr. Sarah Jenkins,0x04Fee3FD1B338d12FFD6dBD8d66dE1e8e0BB99cB,NMC-48192,Apollo Multispecialty Hospital,MedPlus Health Hub,0x70997970C51812dc3A010C7d01b50e0d17dc79C8,DL-MP-2023-4122,"Priya Sundaram, Pharm.D.",E03.9,"Hypothyroidism, unspecified",Endocrinology,"Levothyroxine Sodium (50 mcg, Once Daily on empty stomach, Qty: 60)",1,AES-256-GCM,vault-transit-key-0x06e4ffc3,3d7df76e529401a31ceae467,79677bcc097361733eae183cd5d4e087,0x22c4ac0abd33e74e0e276ae7be80400522ee8880a113a413ad94a3b101e95628,Qm1487787e1c78b8982a3de843342a00e697133f2b3ace,Pinata Dedicated IPFS Gateway,0.0.4891024,2316,2026-09-13 11:59:18 UTC,0x0420fd9e46015956373a296d99b5fd1d6f943032c60918ab6e9d5fbb93249a3a,0.0001,Pharmacy Dispensation Verification & Medication Fulfillment,Identity Verified (Wallet Protocol),Blockchain Audit Enabled
RX-0317,Shreya Deshmukh,849517,0xe3606f729e7a3f7207f2939f98a7a75b88bcc34f,🔓 Decrypt RX,Pending - Ready to Decrypt,YES (Patient Consent Active),NO,NO,983.94,Dr. Rohan Patel,0x976EA74026E726554dB657fA54763abd0C3a0aa9,NMC-11029,Fortis Memorial Neuro & Trauma Center,MedPlus Health Hub,0x70997970C51812dc3A010C7d01b50e0d17dc79C8,DL-MP-2023-4122,"Priya Sundaram, Pharm.D.",G43.909,"Migraine, unspecified, not intractable",Neurology,"Sumatriptan Succinate (50 mg, 1 tablet at onset of migraine SOS, Qty: 10) | Naproxen Sodium (500 mg, Twice daily as needed with food, Qty: 20) | Propranolol HCl (40 mg, Twice daily for prophylaxis, Qty: 60)",3,AES-256-GCM,vault-transit-key-0xe3606f72,718b2ebf8edacb7629ec9f07,707d2b1afa73626757618d453c9a8781,0x3a94b1756fdd64fcb631dc69351d9701a6c17b5132cb1bb116e97a8fa36932a4,Qmcbf9c39b477dbfd266d42eb5776e97a8f2c095219456,Pinata Dedicated IPFS Gateway,0.0.4891024,2317,2026-09-13 11:59:21 UTC,0x1fba1bf31aaea93dff3886fbd5143b583108e54fc8ac0f2c992caac6ffbd4f82,0.0001,Pharmacy Dispensation Verification & Medication Fulfillment,Identity Verified (Wallet Protocol),Blockchain Audit Enabled
RX-0318,Anand Saxena,849518,0x072838b3455dcef2b38cf170b77cae9e4d02de93,🔓 Decrypt RX,Pending - Ready to Decrypt,YES (Patient Consent Active),NO,NO,1678.04,Dr. Rajesh Sharma,0x3c44CdDdB6a900fa2b585dd299e03d12FA4293BC,NMC-78491,Apollo Multispecialty Hospital,Apex Central Clinical Dispensary,0x155Af6ECaFb48861dA7d16Fb8Af2f6ce9d6DD779,DL-AX-2026-3021,"Rajesh Nambiar, Pharm.D.",C50.919,Malignant neoplasm of female breast,Oncology,"Tamoxifen Citrate (20 mg, Once Daily at fixed hour, Qty: 30) | Ondansetron HCl (8 mg, Twice Daily 30 min before food, Qty: 30) | Calcium Carbonate + Vit D3 (500mg/250IU, Once Daily post meal, Qty: 30)",3,AES-256-GCM,vault-transit-key-0x072838b3,7930c8e0f60481ce2d901efe,e4866ec3c3999fede17e05796412b47d,0xb6182fdb176b724c8ef350852d9a471a2f5eecb7e81b31fe05527eac5f53c986,Qmda5681a9d7c57402721dfbcea1e0836e6e590fd4fa22,Pinata Dedicated IPFS Gateway,0.0.4891024,2318,2026-09-13 11:59:23 UTC,0x5665dd1430b71de6ed05deb6965253e1dc09e1a7d7e4f2fe7a45b498a1f9f14b,0.0001,Pharmacy Dispensation Verification & Medication Fulfillment,Identity Verified (Wallet Protocol),Blockchain Audit Enabled
RX-0319,Nikhil Pandey,849519,0x893c662cd57633a1563ea48a8f9fb51c175ba01a,🔓 Decrypt RX,Pending - Ready to Decrypt,YES (Patient Consent Active),NO,NO,1608.37,Dr. Rohan Patel,0x976EA74026E726554dB657fA54763abd0C3a0aa9,NMC-11029,Fortis Memorial Neuro & Trauma Center,Apex Central Clinical Dispensary,0x155Af6ECaFb48861dA7d16Fb8Af2f6ce9d6DD779,DL-AX-2026-3021,"Rajesh Nambiar, Pharm.D.",E11.65,Type 2 diabetes mellitus with hyperglycemia,Endocrinology,"Insulin Glargine Solostar (100 IU/mL, 14 Units Once Daily at Bedtime, Qty: 2) | Metformin XR (1000 mg, Once Daily post dinner, Qty: 30)",2,AES-256-GCM,vault-transit-key-0x893c662c,1b7b8c5f81e0d43fac4c1b15,529bee8cb29b297f8cc63949b5006bb5,0x1c588029c9ad8a6f9ca52278622c8d8f4231869fe782c7bc0c9498aaa27c9716,Qm6c1d3f0585d1ea7407858e16cf3ea64889f761c7a22a,Pinata Dedicated IPFS Gateway,0.0.4891024,2319,2026-09-13 11:59:25 UTC,0x482292ed39ec71f7d21c1d4c6de3f141a4ad9c6109b9730c4a2ebefa42beb603,0.0001,Pharmacy Dispensation Verification & Medication Fulfillment,Identity Verified (Wallet Protocol),Blockchain Audit Enabled
RX-0320,Sneha Menon,849520,0x7a178e404d93d4ab5deeccf0c67821d8ac71a745,🔓 Decrypt RX,Pending - Ready to Decrypt,YES (Patient Consent Active),NO,NO,1621.3,Dr. Vikram Seth,0x15d34AAf54267DB7D7c367839AAf71A00a2C6A65,NMC-99014,Max Super Speciality Cancer Institute,MedPlus Health Hub,0x70997970C51812dc3A010C7d01b50e0d17dc79C8,DL-MP-2023-4122,"Priya Sundaram, Pharm.D.",E11.65,Type 2 diabetes mellitus with hyperglycemia,Endocrinology,"Insulin Glargine Solostar (100 IU/mL, 14 Units Once Daily at Bedtime, Qty: 2) | Metformin XR (1000 mg, Once Daily post dinner, Qty: 30)",2,AES-256-GCM,vault-transit-key-0x7a178e40,05c279a847ea88c264eee0d0,eb2bacbb82babc9c732aa2c8b1ca6298,0x39373f43c9853861cbe84cf512f9382fc5ac025225184ab78eeab5a9ea3a2a42,Qm84d97f1c7e533b5fd7be2ff6cf7de54800fb48f4bcda,Pinata Dedicated IPFS Gateway,0.0.4891024,2320,2026-09-13 11:59:28 UTC,0xcdd84e0e79b5b862ddd5a88d378b1144d1ac39d3ffb19582dab4a88b7cd2147b,0.0001,Pharmacy Dispensation Verification & Medication Fulfillment,Identity Verified (Wallet Protocol),Blockchain Audit Enabled
RX-0321,Gautam Deshmukh,849521,0xcf948e7098b15ae7cd8bf4d2ecbacc93493ef8ad,Dispensed (Fulfilled),Dispensed & Fulfilled,YES,NO,YES,1697.82,Dr. Ananya Roy,0x9965507D1a55bcC2695C58ba16FB37d819B0A4dc,NMC-51203,Max Super Speciality Cancer Institute,Max Wellness Pharmacy,0x28B7eA94B34C8F52D19E50Eb14769Da20F5D54b4,DL-MW-2024-7731,"Sneha Mukherjee, R.Ph.",C50.919,Malignant neoplasm of female breast,Oncology,"Tamoxifen Citrate (20 mg, Once Daily at fixed hour, Qty: 30) | Ondansetron HCl (8 mg, Twice Daily 30 min before food, Qty: 30) | Calcium Carbonate + Vit D3 (500mg/250IU, Once Daily post meal, Qty: 30)",3,AES-256-GCM,vault-transit-key-0xcf948e70,39a2e71b16774947b421642e,45779df5221a93277a684abde50bcd4f,0x1693f6853aafda93efd317bd82976962e74ab3e39ab97b742fbd3dfc41a4ba55,Qmdb4f8bb723536471f0bbce09c9c9050dcbfd98e73235,Pinata Dedicated IPFS Gateway,0.0.4891024,2321,2026-09-13 11:59:30 UTC,0xeb9b273bae15191d97143e4da01b8d97c089fbe969d29e98b9e5a0c83f2f580f,0.0001,Pharmacy Dispensation Verification & Medication Fulfillment,Identity Verified (Wallet Protocol),Blockchain Audit Enabled
RX-0322,Sneha Rao,849522,0x733bf08f38d2ac77329636026fa04168b7cf5166,⏳ Waiting for Approval,Access Pending Approval,NO,YES,NO,986.06,Dr. Sarah Jenkins,0x04Fee3FD1B338d12FFD6dBD8d66dE1e8e0BB99cB,NMC-48192,Apollo Multispecialty Hospital,Apex Central Clinical Dispensary,0x155Af6ECaFb48861dA7d16Fb8Af2f6ce9d6DD779,DL-AX-2026-3021,"Rajesh Nambiar, Pharm.D.",I20.9,"Angina pectoris, unspecified",Cardiology,"Nitroglycerin Sublingual (0.4 mg, PRN for chest pain, Qty: 25) | Aspirin Gastro-resistant (75 mg, Once Daily post meal, Qty: 30) | Atorvastatin Calcium (40 mg, Once Daily at Bedtime, Qty: 30)",3,AES-256-GCM,vault-transit-key-0x733bf08f,c6a4adfce577f9676ca4df5c,b4dea87dab357d423274e2f5cafc52ae,0xdbe877eb8bf78a92a7a0f6d20fb8df86c709920f95635aa1f6ce8b67693e719f,Qm736a9824d7086af24d211a29bf9b781eff9565e23d83,Pinata Dedicated IPFS Gateway,0.0.4891024,2322,2026-09-13 11:59:32 UTC,0xc15e247f91ef6e7103237bac1c5c0307dfdd771099ffbfb6fe4f1a49aee74271,0.0001,Pharmacy Dispensation Verification & Medication Fulfillment,Identity Verified (Wallet Protocol),Blockchain Audit Enabled
RX-0323,Kavya Gowda,849523,0xe84d62fa9344cac621f0248ef858b6c276efcb48,Dispensed (Fulfilled),Dispensed & Fulfilled,YES,NO,YES,960.21,Dr. Preeti Deshmukh,0x23618e81E3f5cdF7f54C3d65f7FBc0aBf5B21E8f,NMC-82194,Care & Cure Pediatric & Maternity Hospital,Fortis Care Dispensary,0x84f93618C1D541bB1Dcf1373A8eE500A7D439634,DL-FC-2025-1094,"Amit Singhania, R.Ph.",K21.9,Gastro-esophageal reflux disease,Gastroenterology,"Pantoprazole Gastro-resistant (40 mg, Once Daily 30 min pre-breakfast, Qty: 30) | Domperidone Sustained Release (30 mg, Once Daily morning, Qty: 30) | Sucralfate Oral Suspension (1000 mg/10mL, 10 mL thrice daily before meals, Qty: 2)",3,AES-256-GCM,vault-transit-key-0xe84d62fa,a5271dd659e2668068ffdf2a,2fb3b2c1e4fd6dda0ae8da42ecb24098,0x3ec8681fbb0408ae7ce0070b3d8d611cc5b8be2627983f22e139070782c606a4,Qm53a1ecf3858722c7f8358223904c28a1d8bc2cf1be6a,Pinata Dedicated IPFS Gateway,0.0.4891024,2323,2026-09-13 11:59:35 UTC,0x7a4fd87543ea80e338dc06cc59413636e1faf918993ac109b8fd2f7bf48c5ba0,0.0001,Pharmacy Dispensation Verification & Medication Fulfillment,Identity Verified (Wallet Protocol),Blockchain Audit Enabled
RX-0324,Geeta Bhatia,849524,0x6d7e1b5f052ea523a3e1df2fa8497a3d9b2e7993,Dispensed (Fulfilled),Dispensed & Fulfilled,YES,NO,YES,491.92,Dr. Rajesh Sharma,0x3c44CdDdB6a900fa2b585dd299e03d12FA4293BC,NMC-78491,Apollo Multispecialty Hospital,MedPlus Health Hub,0x70997970C51812dc3A010C7d01b50e0d17dc79C8,DL-MP-2023-4122,"Priya Sundaram, Pharm.D.",I10,Essential (primary) hypertension,Cardiology,"Amlodipine Besylate (5 mg, Once Daily (Morning), Qty: 30) | Telmisartan (40 mg, Once Daily (Morning), Qty: 30)",2,AES-256-GCM,vault-transit-key-0x6d7e1b5f,91954e1f3f10f819bbb60b10,d5ced758e833658c8bec037510eda41f,0xb79931cbdaca6bc683b9f12a6f5aae19e2753790836a403b04a482bf43a8fc84,Qmcbf6781f86904673bbbc22fc0cd07205e2c413b9dc6c,Pinata Dedicated IPFS Gateway,0.0.4891024,2324,2026-09-13 11:59:37 UTC,0x186d8d164b9830c8050dd100e79ce7f2dfa6ab8e423b01d7a4bbabcc06e8cf34,0.0001,Pharmacy Dispensation Verification & Medication Fulfillment,Identity Verified (Wallet Protocol),Blockchain Audit Enabled
RX-0325,Nikhil Rao,849525,0xff29a968c9ce9ad95fe3104dcb48c74d5a799a18,🔓 Decrypt RX,Pending - Ready to Decrypt,YES (Patient Consent Active),NO,NO,916.05,Dr. Sarah Jenkins,0x04Fee3FD1B338d12FFD6dBD8d66dE1e8e0BB99cB,NMC-48192,Apollo Multispecialty Hospital,Apollo Pharmacy Global,0x04Fee3FD1B338d12FFD6dBD8d66dE1e8e0BB99cB,DL-AP-2024-8901,"K. V. Raman, R.Ph.",A90,Dengue fever [classical dengue],Infectious Disease,"Paracetamol Infusion / Tab (650 mg, Every 6 hours SOS fever > 100°F, Qty: 20) | Carica Papaya Leaf Extract (1100 mg, Thrice Daily post food, Qty: 21) | Oral Rehydration Salts (WHO formula) (21.8 g sachet, 1 sachet in 1L water daily, Qty: 7)",3,AES-256-GCM,vault-transit-key-0xff29a968,271ee8c73139e2069cffd3e9,e5af093f713a91842361a90926bcd5b7,0x04fe954e781b374a98ece8d0e9b0056dc115e0f1c031fe9d915a374e921fa055,Qmf0250512a613e8b3bd73300856f8d7ab118db758c41a,Pinata Dedicated IPFS Gateway,0.0.4891024,2325,2026-09-13 11:59:40 UTC,0x79ec2695c8110a5afcc7ed5c57c1211a4cbae9cec6c86b922aade470ab76b8ad,0.0001,Pharmacy Dispensation Verification & Medication Fulfillment,Identity Verified (Wallet Protocol),Blockchain Audit Enabled
RX-0326,Rakesh Sharma,849526,0x4f7d8e4565b9b44b68c1c9cf0bb61cdc988257c2,🔓 Decrypt RX,Pending - Ready to Decrypt,YES (Patient Consent Active),NO,NO,503.83,Dr. Sarah Jenkins,0x04Fee3FD1B338d12FFD6dBD8d66dE1e8e0BB99cB,NMC-48192,Apollo Multispecialty Hospital,MedPlus Health Hub,0x70997970C51812dc3A010C7d01b50e0d17dc79C8,DL-MP-2023-4122,"Priya Sundaram, Pharm.D.",I10,Essential (primary) hypertension,Cardiology,"Amlodipine Besylate (5 mg, Once Daily (Morning), Qty: 30) | Telmisartan (40 mg, Once Daily (Morning), Qty: 30)",2,AES-256-GCM,vault-transit-key-0x4f7d8e45,bb722f44a7bddbc27fb6596c,4fbb5e91926f0e912eb80e9b9f3fa18e,0x95762f51b384741da3a538a211746c2d3a1c26454f6c4d18794a501d759e2083,Qmc80415f9bac5e4206d5991bfadd28133f650bfbd7984,Pinata Dedicated IPFS Gateway,0.0.4891024,2326,2026-09-13 11:59:43 UTC,0xe1066c773793d670f4a359447e0a9d72ebae33ad46f97e9cc603e5605b2cb277,0.0001,Pharmacy Dispensation Verification & Medication Fulfillment,Identity Verified (Wallet Protocol),Blockchain Audit Enabled
RX-0327,Lata Kapoor,849527,0x78529f2a77fa3af3d2dfff5096db91103aac8b10,🔓 Decrypt RX,Pending - Ready to Decrypt,YES (Patient Consent Active),NO,NO,1694.67,Dr. Ananya Roy,0x9965507D1a55bcC2695C58ba16FB37d819B0A4dc,NMC-51203,Max Super Speciality Cancer Institute,Apex Central Clinical Dispensary,0x155Af6ECaFb48861dA7d16Fb8Af2f6ce9d6DD779,DL-AX-2026-3021,"Rajesh Nambiar, Pharm.D.",C50.919,Malignant neoplasm of female breast,Oncology,"Tamoxifen Citrate (20 mg, Once Daily at fixed hour, Qty: 30) | Ondansetron HCl (8 mg, Twice Daily 30 min before food, Qty: 30) | Calcium Carbonate + Vit D3 (500mg/250IU, Once Daily post meal, Qty: 30)",3,AES-256-GCM,vault-transit-key-0x78529f2a,a953bd7c09eb43c56493f783,c8ebd6ca928a0be3b8b846619112af8d,0x2c50e6715893f4b72301422cd78c3f7890eda0fdb260dc91987c05b1c90f6219,Qmf6e3d3901c62209f9243a45f5a2506fe2ab511de21d8,Pinata Dedicated IPFS Gateway,0.0.4891024,2327,2026-09-13 11:59:45 UTC,0x2a24040d2dd433a0d0f32bbd4251a265ceede8ea2a52b45d8eb028d1fa945787,0.0001,Pharmacy Dispensation Verification & Medication Fulfillment,Identity Verified (Wallet Protocol),Blockchain Audit Enabled
RX-0328,Priyanka Iyer,849528,0xe4168c0984e8c122236d0103438d71156031b3ad,Dispensed (Fulfilled),Dispensed & Fulfilled,YES,NO,YES,213.59,Dr. Preeti Deshmukh,0x23618e81E3f5cdF7f54C3d65f7FBc0aBf5B21E8f,NMC-82194,Care & Cure Pediatric & Maternity Hospital,Apex Central Clinical Dispensary,0x155Af6ECaFb48861dA7d16Fb8Af2f6ce9d6DD779,DL-AX-2026-3021,"Rajesh Nambiar, Pharm.D.",E03.9,"Hypothyroidism, unspecified",Endocrinology,"Levothyroxine Sodium (50 mcg, Once Daily on empty stomach, Qty: 60)",1,AES-256-GCM,vault-transit-key-0xe4168c09,4c89fd57f8f3977f28526416,a09bd05645f3d112fc295e42ad7d7ffb,0xd706c68b314af16fa4705402abb0dca0b4ea24b53bcdd0224f8fdbfbf88de5e3,Qm842be8c2369d167e3bf4d4c663631625126cd8ea6725,Pinata Dedicated IPFS Gateway,0.0.4891024,2328,2026-09-13 11:59:47 UTC,0xe52d41fc540a152d1f68ef0b4df6b186887b4ffd432c4383dfb11cf0895efd83,0.0001,Pharmacy Dispensation Verification & Medication Fulfillment,Identity Verified (Wallet Protocol),Blockchain Audit Enabled
RX-0329,Sakshi Patel,849529,0xf83fdba0922587355689b332070b78a6746e6c3b,⏳ Waiting for Approval,Access Pending Approval,NO,YES,NO,515.51,Dr. Preeti Deshmukh,0x23618e81E3f5cdF7f54C3d65f7FBc0aBf5B21E8f,NMC-82194,Care & Cure Pediatric & Maternity Hospital,Fortis Care Dispensary,0x84f93618C1D541bB1Dcf1373A8eE500A7D439634,DL-FC-2025-1094,"Amit Singhania, R.Ph.",I10,Essential (primary) hypertension,Cardiology,"Amlodipine Besylate (5 mg, Once Daily (Morning), Qty: 30) | Telmisartan (40 mg, Once Daily (Morning), Qty: 30)",2,AES-256-GCM,vault-transit-key-0xf83fdba0,b2d1e03ad6f6ba6584f6d386,8f88205b504f14525575f1cd08ebd6c3,0xf74e55442ffd50943d90c0bda3ea690f560cce6617827860330eb3aaa6af2279,Qmc9fd6336fb176dc70b9c39ab01cc082e6a4fdc13d968,Pinata Dedicated IPFS Gateway,0.0.4891024,2329,2026-09-13 11:59:50 UTC,0x72f0692505b0751bca798c089d66c4122258add3782edc4e96ad730f6e895603,0.0001,Pharmacy Dispensation Verification & Medication Fulfillment,Identity Verified (Wallet Protocol),Blockchain Audit Enabled
RX-0330,Kiran Chatterjee,849530,0x7690061a5d89ade712ad3af22380206d5d2dbe7d,🔓 Decrypt RX,Pending - Ready to Decrypt,YES (Patient Consent Active),NO,NO,1501.12,Dr. Preeti Deshmukh,0x23618e81E3f5cdF7f54C3d65f7FBc0aBf5B21E8f,NMC-82194,Care & Cure Pediatric & Maternity Hospital,Fortis Care Dispensary,0x84f93618C1D541bB1Dcf1373A8eE500A7D439634,DL-FC-2025-1094,"Amit Singhania, R.Ph.",G40.909,"Epilepsy, unspecified",Neurology,"Levetiracetam (500 mg, Twice Daily morning & evening, Qty: 60) | Clobazam (10 mg, Once Daily at Bedtime, Qty: 30)",2,AES-256-GCM,vault-transit-key-0x7690061a,05c4736180e300d4b9401756,5ed7c919ec78b7b6af09392ce688de98,0x650ea105d8684ee4e4456e4a87b0c2e618bfaec74553ab41fbfaed4ddeee7967,Qmbc5d08e21d83154ab40ba71ac39cd44b0275d7dc3479,Pinata Dedicated IPFS Gateway,0.0.4891024,2330,2026-09-13 11:59:52 UTC,0x857c947fc9659fc6519c8ed4109d4aecf684666db547c75cde197386a5d1c842,0.0001,Pharmacy Dispensation Verification & Medication Fulfillment,Identity Verified (Wallet Protocol),Blockchain Audit Enabled
RX-0331,Deepak Gowda,849531,0xe90c58a40acb59895fa22d32306e3bb44f13718d,🔓 Decrypt RX,Pending - Ready to Decrypt,YES (Patient Consent Active),NO,NO,519.65,Dr. Rohan Patel,0x976EA74026E726554dB657fA54763abd0C3a0aa9,NMC-11029,Fortis Memorial Neuro & Trauma Center,Max Wellness Pharmacy,0x28B7eA94B34C8F52D19E50Eb14769Da20F5D54b4,DL-MW-2024-7731,"Sneha Mukherjee, R.Ph.",I10,Essential (primary) hypertension,Cardiology,"Amlodipine Besylate (5 mg, Once Daily (Morning), Qty: 30) | Telmisartan (40 mg, Once Daily (Morning), Qty: 30)",2,AES-256-GCM,vault-transit-key-0xe90c58a4,d2e438283ec748c7659ae8b8,0bedceea8e2051e88098d81336144955,0x95bb7234bc9d890ac4035a7ca0432d8f629d74600eedb55098f65b66cb084740,Qme6dd7e3c5958d4326171e8503f36d1edb51ace7ee986,Pinata Dedicated IPFS Gateway,0.0.4891024,2331,2026-09-13 11:59:55 UTC,0x2f97ad4016c3224d3cf0d91688e51d8c8a0059ceafc8b1b2499b5eddeb799868,0.0001,Pharmacy Dispensation Verification & Medication Fulfillment,Identity Verified (Wallet Protocol),Blockchain Audit Enabled
RX-0332,Manish Mishra,849532,0xe6ef37b09fe8f8b0032e04b5c56204c0f727253c,Dispensed (Fulfilled),Dispensed & Fulfilled,YES,NO,YES,993.72,Dr. Rohan Patel,0x976EA74026E726554dB657fA54763abd0C3a0aa9,NMC-11029,Fortis Memorial Neuro & Trauma Center,Apex Central Clinical Dispensary,0x155Af6ECaFb48861dA7d16Fb8Af2f6ce9d6DD779,DL-AX-2026-3021,"Rajesh Nambiar, Pharm.D.",G43.909,"Migraine, unspecified, not intractable",Neurology,"Sumatriptan Succinate (50 mg, 1 tablet at onset of migraine SOS, Qty: 10) | Naproxen Sodium (500 mg, Twice daily as needed with food, Qty: 20) | Propranolol HCl (40 mg, Twice daily for prophylaxis, Qty: 60)",3,AES-256-GCM,vault-transit-key-0xe6ef37b0,3ecc59e6680ac396341cdef9,07873a8e82899eb29b7b459db9e27a03,0xbff5967897545b25edd7c7389344f883a968ce9f6915213053b2e3137d457825,Qm4235b64b02f3e3b75814ca5fc5fda74b38e377321fec,Pinata Dedicated IPFS Gateway,0.0.4891024,2332,2026-09-13 11:59:57 UTC,0xa2bdc1820d6d439a421aef3645ee05bddaef235f054d93958da98a1479fd02cb,0.0001,Pharmacy Dispensation Verification & Medication Fulfillment,Identity Verified (Wallet Protocol),Blockchain Audit Enabled
RX-0333,Neha Mishra,849533,0x24819407c8bd8e8520155c9fa8625da50092f52b,🔓 Decrypt RX,Pending - Ready to Decrypt,YES (Patient Consent Active),NO,NO,1698.28,Dr. Vikram Seth,0x15d34AAf54267DB7D7c367839AAf71A00a2C6A65,NMC-99014,Max Super Speciality Cancer Institute,Max Wellness Pharmacy,0x28B7eA94B34C8F52D19E50Eb14769Da20F5D54b4,DL-MW-2024-7731,"Sneha Mukherjee, R.Ph.",C50.919,Malignant neoplasm of female breast,Oncology,"Tamoxifen Citrate (20 mg, Once Daily at fixed hour, Qty: 30) | Ondansetron HCl (8 mg, Twice Daily 30 min before food, Qty: 30) | Calcium Carbonate + Vit D3 (500mg/250IU, Once Daily post meal, Qty: 30)",3,AES-256-GCM,vault-transit-key-0x24819407,11481e34c575353d5e9b579b,f7803da4c9ec40f54687d409765ff072,0xa44213871e0b4048b983417e3b1d0ca502efba105ef634356adf16a32f64c1ec,Qma28b47bb444bf039ee67ed062f2146f5c6ecfb798407,Pinata Dedicated IPFS Gateway,0.0.4891024,2333,2026-09-13 12:00:00 UTC,0x7816d5f4e669298a77ac2e50b9bb30544de82b2d20a3c9d878bc46b7173d0c45,0.0001,Pharmacy Dispensation Verification & Medication Fulfillment,Identity Verified (Wallet Protocol),Blockchain Audit Enabled
RX-0334,Nikhil Mehta,849534,0xf85d8f944d14e497a318a4d8b9b4113f3ff1feb0,Dispensed (Fulfilled),Dispensed & Fulfilled,YES,NO,YES,443.73,Dr. Sarah Jenkins,0x04Fee3FD1B338d12FFD6dBD8d66dE1e8e0BB99cB,NMC-48192,Apollo Multispecialty Hospital,Max Wellness Pharmacy,0x28B7eA94B34C8F52D19E50Eb14769Da20F5D54b4,DL-MW-2024-7731,"Sneha Mukherjee, R.Ph.",J06.9,Acute upper respiratory infection,Pediatrics / General,"Amoxicillin + Potassium Clavulanate (625 mg, Twice Daily post food, Qty: 14) | Paracetamol (650 mg, Thrice daily post meals SOS, Qty: 15) | Levocetirizine Dihydrochloride (5 mg, Once Daily at Bedtime, Qty: 7)",3,AES-256-GCM,vault-transit-key-0xf85d8f94,f61e754e43b1411fa5be2ec2,da5514db95cc16647d9ef8298dbc50de,0x674e59f186a110d2b229500ca6b05203ba74bf5d8669a3c194c66493263ab455,Qm6809e10c64d94a326b3df02de892c1c96abcb1661254,Pinata Dedicated IPFS Gateway,0.0.4891024,2334,2026-09-13 12:00:02 UTC,0x5b8623752a534efd323d98bd5c4d4ca46a9bb377e6d9821ffd9b581332246207,0.0001,Pharmacy Dispensation Verification & Medication Fulfillment,Identity Verified (Wallet Protocol),Blockchain Audit Enabled
RX-0335,Geeta Shetty,849535,0xc532879c537f8cc40a800cff273b906f6a8ff2e1,Request Access,Unauthorized / Unlinked,NO,NO,NO,957.79,Dr. Vikram Seth,0x15d34AAf54267DB7D7c367839AAf71A00a2C6A65,NMC-99014,Max Super Speciality Cancer Institute,MedPlus Health Hub,0x70997970C51812dc3A010C7d01b50e0d17dc79C8,DL-MP-2023-4122,"Priya Sundaram, Pharm.D.",K21.9,Gastro-esophageal reflux disease,Gastroenterology,"Pantoprazole Gastro-resistant (40 mg, Once Daily 30 min pre-breakfast, Qty: 30) | Domperidone Sustained Release (30 mg, Once Daily morning, Qty: 30) | Sucralfate Oral Suspension (1000 mg/10mL, 10 mL thrice daily before meals, Qty: 2)",3,AES-256-GCM,vault-transit-key-0xc532879c,e2425b1231878b7deb3b6ddf,5230c99c1734c901c7f5f679546a40a6,0x70c421ba00033f347953a6c11c25aae78c961551fe00db895b2400268d3827bb,Qm97774eebeebc7971fc00689f8318e99ab64f9f418cba,Pinata Dedicated IPFS Gateway,0.0.4891024,2335,2026-09-13 12:00:04 UTC,0x769fe2395df02e88f072826247151376d541e9e12f97d0b44c6594f212dc76c2,0.0001,Pharmacy Dispensation Verification & Medication Fulfillment,Identity Verified (Wallet Protocol),Blockchain Audit Enabled
RX-0336,Sanjay Swaminathan,849536,0x5f56ff4faf3300749502970ec937d6ffab251121,🔓 Decrypt RX,Pending - Ready to Decrypt,YES (Patient Consent Active),NO,NO,499.6,Dr. Rohan Patel,0x976EA74026E726554dB657fA54763abd0C3a0aa9,NMC-11029,Fortis Memorial Neuro & Trauma Center,Apollo Pharmacy Global,0x04Fee3FD1B338d12FFD6dBD8d66dE1e8e0BB99cB,DL-AP-2024-8901,"K. V. Raman, R.Ph.",I10,Essential (primary) hypertension,Cardiology,"Amlodipine Besylate (5 mg, Once Daily (Morning), Qty: 30) | Telmisartan (40 mg, Once Daily (Morning), Qty: 30)",2,AES-256-GCM,vault-transit-key-0x5f56ff4f,c18d2342ef7a130db6b69c82,1f3f400faae6d48e5da4aa40388f4c51,0x8b5242e9ac6a5c08aa5058dd909fa46d3e79d918651f7597dac7292961d9a81f,Qm19eca06e267c800de5dcc585b2e9611b8f3d9e66de3b,Pinata Dedicated IPFS Gateway,0.0.4891024,2336,2026-09-13 12:00:06 UTC,0xcfd8bd21ac690f49a12659887b77bcbf4051afd4b1e917a497fc737607ed4074,0.0001,Pharmacy Dispensation Verification & Medication Fulfillment,Identity Verified (Wallet Protocol),Blockchain Audit Enabled
RX-0337,Harish Deshmukh,849537,0x0a934619ed3e2c982a54d1e6d63da82f85383127,🔓 Decrypt RX,Pending - Ready to Decrypt,YES (Patient Consent Active),NO,NO,939.25,Dr. Rohan Patel,0x976EA74026E726554dB657fA54763abd0C3a0aa9,NMC-11029,Fortis Memorial Neuro & Trauma Center,Apollo Pharmacy Global,0x04Fee3FD1B338d12FFD6dBD8d66dE1e8e0BB99cB,DL-AP-2024-8901,"K. V. Raman, R.Ph.",K21.9,Gastro-esophageal reflux disease,Gastroenterology,"Pantoprazole Gastro-resistant (40 mg, Once Daily 30 min pre-breakfast, Qty: 30) | Domperidone Sustained Release (30 mg, Once Daily morning, Qty: 30) | Sucralfate Oral Suspension (1000 mg/10mL, 10 mL thrice daily before meals, Qty: 2)",3,AES-256-GCM,vault-transit-key-0x0a934619,a9e884526a60e31e238017ef,3f999d25e84b89aa3efdb99635852609,0x1e2f8cabba4ff494a966daa526d2ccf7c06fa64d1ba0f1771eb2d86a05b8c790,Qmdd3b87dc744ec8e4b1d6eb5a328e28e51130f4c56ff1,Pinata Dedicated IPFS Gateway,0.0.4891024,2337,2026-09-13 12:00:09 UTC,0xa346ab5bde1c9604240ccf85632debcf938380d6888bc68cc8dd6ccc9a302c71,0.0001,Pharmacy Dispensation Verification & Medication Fulfillment,Identity Verified (Wallet Protocol),Blockchain Audit Enabled
RX-0338,Rohan Patel,849538,0xf0bbeff19e2c301b22c2114151048f27ecf9f93d,Request Access,Unauthorized / Unlinked,NO,NO,NO,941.81,Dr. Preeti Deshmukh,0x23618e81E3f5cdF7f54C3d65f7FBc0aBf5B21E8f,NMC-82194,Care & Cure Pediatric & Maternity Hospital,Max Wellness Pharmacy,0x28B7eA94B34C8F52D19E50Eb14769Da20F5D54b4,DL-MW-2024-7731,"Sneha Mukherjee, R.Ph.",K21.9,Gastro-esophageal reflux disease,Gastroenterology,"Pantoprazole Gastro-resistant (40 mg, Once Daily 30 min pre-breakfast, Qty: 30) | Domperidone Sustained Release (30 mg, Once Daily morning, Qty: 30) | Sucralfate Oral Suspension (1000 mg/10mL, 10 mL thrice daily before meals, Qty: 2)",3,AES-256-GCM,vault-transit-key-0xf0bbeff1,1d22915fc6ac207bd3f17ecc,53f77703ba084f4471e79d86226e7182,0x88b4f27e4d015d9e26f04d8ad12018d212f1397419b5b54b3e9ebd90fd6bc65b,Qmc0322ee76fafff9695166bc9a3f7920f54d44e70a59f,Pinata Dedicated IPFS Gateway,0.0.4891024,2338,2026-09-13 12:00:11 UTC,0x328d004bb9e7dca40956db83414dbf9d9f4a882057271e625f08aa89270a3112,0.0001,Pharmacy Dispensation Verification & Medication Fulfillment,Identity Verified (Wallet Protocol),Blockchain Audit Enabled
RX-0339,Siddharth Mukherjee,849539,0x1c606a3a976702d59e3769137711b8690bbe6cde,Request Access,Unauthorized / Unlinked,NO,NO,NO,1191.02,Dr. Sarah Jenkins,0x04Fee3FD1B338d12FFD6dBD8d66dE1e8e0BB99cB,NMC-48192,Apollo Multispecialty Hospital,Fortis Care Dispensary,0x84f93618C1D541bB1Dcf1373A8eE500A7D439634,DL-FC-2025-1094,"Amit Singhania, R.Ph.",E11.9,Type 2 diabetes mellitus without complications,Endocrinology,"Metformin Hydrochloride (500 mg, Twice Daily with meals, Qty: 60) | Dapagliflozin Propanediol (10 mg, Once Daily morning, Qty: 30) | Glimepiride (2 mg, Once Daily pre-breakfast, Qty: 30)",3,AES-256-GCM,vault-transit-key-0x1c606a3a,bd4d4c69797949f199ac3333,4c507a06cf53a1b1672c9553e82f5507,0x2b2601a8022f34614cba4def6c70a09540cb79289438e2372f292ad41c2b0090,Qmd5d0acc77c99d4180f9d3d5bb094c4a5eb8e8af4b0bf,Pinata Dedicated IPFS Gateway,0.0.4891024,2339,2026-09-13 12:00:14 UTC,0x796a8956d951e91ee48c68fca95196fa1c6cff048c084d591c795351ac62b68f,0.0001,Pharmacy Dispensation Verification & Medication Fulfillment,Identity Verified (Wallet Protocol),Blockchain Audit Enabled
RX-0340,Rakesh Gupta,849540,0xcb5b1dd0e700632cfbb2266381ef4665001212c1,⏳ Waiting for Approval,Access Pending Approval,NO,YES,NO,1176.51,Dr. Preeti Deshmukh,0x23618e81E3f5cdF7f54C3d65f7FBc0aBf5B21E8f,NMC-82194,Care & Cure Pediatric & Maternity Hospital,MedPlus Health Hub,0x70997970C51812dc3A010C7d01b50e0d17dc79C8,DL-MP-2023-4122,"Priya Sundaram, Pharm.D.",E11.9,Type 2 diabetes mellitus without complications,Endocrinology,"Metformin Hydrochloride (500 mg, Twice Daily with meals, Qty: 60) | Dapagliflozin Propanediol (10 mg, Once Daily morning, Qty: 30) | Glimepiride (2 mg, Once Daily pre-breakfast, Qty: 30)",3,AES-256-GCM,vault-transit-key-0xcb5b1dd0,8c65a398364282177418b005,e699b3c15ccbda7b2447e1145deec80d,0x27e94ad8cc4b0b16cf4efb3723114944574ae5577d5c91f31900e85023b04a2f,Qm9e391166129fba776afce4387ea2fdfa74f04b9d667b,Pinata Dedicated IPFS Gateway,0.0.4891024,2340,2026-09-13 12:00:16 UTC,0x75b464e5893624e7b53c5057b41a42b2a9938c6b0b5b50468a9436a0c4ace047,0.0001,Pharmacy Dispensation Verification & Medication Fulfillment,Identity Verified (Wallet Protocol),Blockchain Audit Enabled
RX-0341,Harish Patel,849541,0x755f965baa7e2394dfd5d357c9ac3555087e3048,Request Access,Unauthorized / Unlinked,NO,NO,NO,418.64,Dr. Vikram Seth,0x15d34AAf54267DB7D7c367839AAf71A00a2C6A65,NMC-99014,Max Super Speciality Cancer Institute,MedPlus Health Hub,0x70997970C51812dc3A010C7d01b50e0d17dc79C8,DL-MP-2023-4122,"Priya Sundaram, Pharm.D.",J06.9,Acute upper respiratory infection,Pediatrics / General,"Amoxicillin + Potassium Clavulanate (625 mg, Twice Daily post food, Qty: 14) | Paracetamol (650 mg, Thrice daily post meals SOS, Qty: 15) | Levocetirizine Dihydrochloride (5 mg, Once Daily at Bedtime, Qty: 7)",3,AES-256-GCM,vault-transit-key-0x755f965b,be297a934bdb4712def981c5,6f40cc49cb320e6753137dbdfd9c8fff,0xa1f7e074a1ebc070def7bcec382c868397f2bea566d9842c58e3813137e6e888,Qm8eb80bd2b614364c38fb55eff15a4a202e40f7ba6ff6,Pinata Dedicated IPFS Gateway,0.0.4891024,2341,2026-09-13 12:00:18 UTC,0xbf43b962c33a415f6d8944e1a902fe661c8777d506a32e4f5090b1fb360eb52e,0.0001,Pharmacy Dispensation Verification & Medication Fulfillment,Identity Verified (Wallet Protocol),Blockchain Audit Enabled
RX-0342,Aditi Iyer,849542,0x50a7e388e8359544694a98d813cda9f7ecc3ce30,⏳ Waiting for Approval,Access Pending Approval,NO,YES,NO,1692.39,Dr. Rajesh Sharma,0x3c44CdDdB6a900fa2b585dd299e03d12FA4293BC,NMC-78491,Apollo Multispecialty Hospital,Apex Central Clinical Dispensary,0x155Af6ECaFb48861dA7d16Fb8Af2f6ce9d6DD779,DL-AX-2026-3021,"Rajesh Nambiar, Pharm.D.",C50.919,Malignant neoplasm of female breast,Oncology,"Tamoxifen Citrate (20 mg, Once Daily at fixed hour, Qty: 30) | Ondansetron HCl (8 mg, Twice Daily 30 min before food, Qty: 30) | Calcium Carbonate + Vit D3 (500mg/250IU, Once Daily post meal, Qty: 30)",3,AES-256-GCM,vault-transit-key-0x50a7e388,348d6fc9d724640f69201b28,c874a9bce5bfb90ce294c37a5c2c3a5f,0x35c5316246eb7b51634499d03038284696cf90e09fdeb0a5c93dc9b025759842,Qmca3457ed8c6b51a7959792cfdc509430663e61d0f31a,Pinata Dedicated IPFS Gateway,0.0.4891024,2342,2026-09-13 12:00:21 UTC,0x8a11ee271f48b17aa67fa6fa9c59e4c70aef45168711051fb98ea103b94048cd,0.0001,Pharmacy Dispensation Verification & Medication Fulfillment,Identity Verified (Wallet Protocol),Blockchain Audit Enabled
RX-0343,Harish Mukherjee,849543,0xfeb59cbd5f0867cdd57f35fa18538627d7e68fb8,Request Access,Unauthorized / Unlinked,NO,NO,NO,495.41,Dr. Rohan Patel,0x976EA74026E726554dB657fA54763abd0C3a0aa9,NMC-11029,Fortis Memorial Neuro & Trauma Center,MedPlus Health Hub,0x70997970C51812dc3A010C7d01b50e0d17dc79C8,DL-MP-2023-4122,"Priya Sundaram, Pharm.D.",I10,Essential (primary) hypertension,Cardiology,"Amlodipine Besylate (5 mg, Once Daily (Morning), Qty: 30) | Telmisartan (40 mg, Once Daily (Morning), Qty: 30)",2,AES-256-GCM,vault-transit-key-0xfeb59cbd,dc611031ab4882b542a63ba3,751a1d65b2d65efc3d6e4f5f7eedf8e6,0xd15cbd8f3cd992b5d499af2b16b8e529a7bcd5f7e3b4de30940198b385db42fa,Qm0881a38ef61485d6ccefed0241f2af6fd183a883da42,Pinata Dedicated IPFS Gateway,0.0.4891024,2343,2026-09-13 12:00:23 UTC,0xfaa0da4ea6b6a89e93157560aebb65da6f91f88b2fd90293d759fca345f7ef70,0.0001,Pharmacy Dispensation Verification & Medication Fulfillment,Identity Verified (Wallet Protocol),Blockchain Audit Enabled
RX-0344,Pranav Banerjee,849544,0xe03194b75eb2c6fbf6c704b19e2663d407dffe89,🔓 Decrypt RX,Pending - Ready to Decrypt,YES (Patient Consent Active),NO,NO,931.46,Dr. Vikram Seth,0x15d34AAf54267DB7D7c367839AAf71A00a2C6A65,NMC-99014,Max Super Speciality Cancer Institute,Apollo Pharmacy Global,0x04Fee3FD1B338d12FFD6dBD8d66dE1e8e0BB99cB,DL-AP-2024-8901,"K. V. Raman, R.Ph.",A90,Dengue fever [classical dengue],Infectious Disease,"Paracetamol Infusion / Tab (650 mg, Every 6 hours SOS fever > 100°F, Qty: 20) | Carica Papaya Leaf Extract (1100 mg, Thrice Daily post food, Qty: 21) | Oral Rehydration Salts (WHO formula) (21.8 g sachet, 1 sachet in 1L water daily, Qty: 7)",3,AES-256-GCM,vault-transit-key-0xe03194b7,7eb68a390e2e0c651e50cdc4,b3933ba47c6cd443bac44e3b4350c39d,0xf65fc93564332712b76979b08da6747d72d14f12b0e079fe64be81c2d7338b12,Qmd02e5faa475f1c05293b827f94f6bbabf54a2ae8bccd,Pinata Dedicated IPFS Gateway,0.0.4891024,2344,2026-09-13 12:00:26 UTC,0xa0802b889c6edd03b6c861d6546030671e76e323c00198ebd59c94b344a7f33a,0.0001,Pharmacy Dispensation Verification & Medication Fulfillment,Identity Verified (Wallet Protocol),Blockchain Audit Enabled
RX-0345,Manish Chatterjee,849545,0x437f8bf2b9d82a9e55ffdbf4c9b96ae8757a90ba,Dispensed (Fulfilled),Dispensed & Fulfilled,YES,NO,YES,945.9,Dr. Rohan Patel,0x976EA74026E726554dB657fA54763abd0C3a0aa9,NMC-11029,Fortis Memorial Neuro & Trauma Center,MedPlus Health Hub,0x70997970C51812dc3A010C7d01b50e0d17dc79C8,DL-MP-2023-4122,"Priya Sundaram, Pharm.D.",K21.9,Gastro-esophageal reflux disease,Gastroenterology,"Pantoprazole Gastro-resistant (40 mg, Once Daily 30 min pre-breakfast, Qty: 30) | Domperidone Sustained Release (30 mg, Once Daily morning, Qty: 30) | Sucralfate Oral Suspension (1000 mg/10mL, 10 mL thrice daily before meals, Qty: 2)",3,AES-256-GCM,vault-transit-key-0x437f8bf2,60a9e100db206199d244db04,463b9721c30cb24c890331b2ca2e6b29,0x473d1461a2d598cb8babe2063b2b08955a5296046340bacb84e215a2ad5bd320,Qm316afb21bca6a39b587e95b242e3253a4f44286ca558,Pinata Dedicated IPFS Gateway,0.0.4891024,2345,2026-09-13 12:00:28 UTC,0xd24dfde1d2a46b37a092cfaad827d8947f2d577a2394d79e97d7113c72a7ee81,0.0001,Pharmacy Dispensation Verification & Medication Fulfillment,Identity Verified (Wallet Protocol),Blockchain Audit Enabled
RX-0346,Yashwanth Mishra,849546,0x50e1d7357cb90e0144137cce02bc1e9f1dccf40b,🔓 Decrypt RX,Pending - Ready to Decrypt,YES (Patient Consent Active),NO,NO,1007.42,Dr. Ananya Roy,0x9965507D1a55bcC2695C58ba16FB37d819B0A4dc,NMC-51203,Max Super Speciality Cancer Institute,Fortis Care Dispensary,0x84f93618C1D541bB1Dcf1373A8eE500A7D439634,DL-FC-2025-1094,"Amit Singhania, R.Ph.",I20.9,"Angina pectoris, unspecified",Cardiology,"Nitroglycerin Sublingual (0.4 mg, PRN for chest pain, Qty: 25) | Aspirin Gastro-resistant (75 mg, Once Daily post meal, Qty: 30) | Atorvastatin Calcium (40 mg, Once Daily at Bedtime, Qty: 30)",3,AES-256-GCM,vault-transit-key-0x50e1d735,bed1a4b9206a23d49f8dbb11,5aff62d07225a1cc0ba64f635f163ddb,0x40040e36fa1aa51dd6701a6136a62b1cc1aa16e5ee62e72c1c64e817b0a5e762,Qm7595744d04210d7066148455c70ee4bbf51bf5887375,Pinata Dedicated IPFS Gateway,0.0.4891024,2346,2026-09-13 12:00:30 UTC,0x77820ceb6592311cb446ef402ceb8af62caf76840e73b04142ac52e0c056df2c,0.0001,Pharmacy Dispensation Verification & Medication Fulfillment,Identity Verified (Wallet Protocol),Blockchain Audit Enabled
RX-0347,Rakesh Gupta,849547,0x972dc5c62a449e76de78c225862a5d2e754aac39,🔓 Decrypt RX,Pending - Ready to Decrypt,YES (Patient Consent Active),NO,NO,436.21,Dr. Ananya Roy,0x9965507D1a55bcC2695C58ba16FB37d819B0A4dc,NMC-51203,Max Super Speciality Cancer Institute,Max Wellness Pharmacy,0x28B7eA94B34C8F52D19E50Eb14769Da20F5D54b4,DL-MW-2024-7731,"Sneha Mukherjee, R.Ph.",J06.9,Acute upper respiratory infection,Pediatrics / General,"Amoxicillin + Potassium Clavulanate (625 mg, Twice Daily post food, Qty: 14) | Paracetamol (650 mg, Thrice daily post meals SOS, Qty: 15) | Levocetirizine Dihydrochloride (5 mg, Once Daily at Bedtime, Qty: 7)",3,AES-256-GCM,vault-transit-key-0x972dc5c6,490f60476f35ace74098af7d,c16053476de2d57746bc9282324ac49a,0x1f5650b1e7bc6ff1aac679af181a7a5c782cdb9edb4d76697f313a23a06f009d,Qm81f62ec1c4bcfc62349ec8209d2abf467fc762677266,Pinata Dedicated IPFS Gateway,0.0.4891024,2347,2026-09-13 12:00:32 UTC,0x30795c8c06dd85cecac6b28987499405536ea961b0d3604c775098a41a64560b,0.0001,Pharmacy Dispensation Verification & Medication Fulfillment,Identity Verified (Wallet Protocol),Blockchain Audit Enabled
RX-0348,Varun Mehta,849548,0x8208cd95a070133f64e25b03d9f7d62dedd88f1e,🔓 Decrypt RX,Pending - Ready to Decrypt,YES (Patient Consent Active),NO,NO,986.88,Dr. Ananya Roy,0x9965507D1a55bcC2695C58ba16FB37d819B0A4dc,NMC-51203,Max Super Speciality Cancer Institute,MedPlus Health Hub,0x70997970C51812dc3A010C7d01b50e0d17dc79C8,DL-MP-2023-4122,"Priya Sundaram, Pharm.D.",G43.909,"Migraine, unspecified, not intractable",Neurology,"Sumatriptan Succinate (50 mg, 1 tablet at onset of migraine SOS, Qty: 10) | Naproxen Sodium (500 mg, Twice daily as needed with food, Qty: 20) | Propranolol HCl (40 mg, Twice daily for prophylaxis, Qty: 60)",3,AES-256-GCM,vault-transit-key-0x8208cd95,ae15bdcbb6fdea9058a04f0b,21358c4deaec27bff621c1049f5be901,0x3fa41559e7b890fbec8301adc85126b3a90981b893cf88c169dca6661c054f80,Qm8b6c10294bad97b73e2f3ab6233a9a7a866f2bad38a0,Pinata Dedicated IPFS Gateway,0.0.4891024,2348,2026-09-13 12:00:35 UTC,0x9aa46bcfb1b486e8378eacb3c1ef9e7d79e542de328a0caaefc84c022d453ed6,0.0001,Pharmacy Dispensation Verification & Medication Fulfillment,Identity Verified (Wallet Protocol),Blockchain Audit Enabled
RX-0349,Madhav Gowda,849549,0x3df8501162c6bc5d3dad449304560d03909619ec,⏳ Waiting for Approval,Access Pending Approval,NO,YES,NO,1493.57,Dr. Vikram Seth,0x15d34AAf54267DB7D7c367839AAf71A00a2C6A65,NMC-99014,Max Super Speciality Cancer Institute,MedPlus Health Hub,0x70997970C51812dc3A010C7d01b50e0d17dc79C8,DL-MP-2023-4122,"Priya Sundaram, Pharm.D.",G40.909,"Epilepsy, unspecified",Neurology,"Levetiracetam (500 mg, Twice Daily morning & evening, Qty: 60) | Clobazam (10 mg, Once Daily at Bedtime, Qty: 30)",2,AES-256-GCM,vault-transit-key-0x3df85011,e88fd2da76dd993519fc54a7,8556d33d50938d380b7e47e41c29ead4,0x9e436b535532557f79acee954360cfe7b8570cb85fb7977b0b613ce536453b24,Qmd62dc2c7ae437f122ca8a6059ba9fda1efa939fda1a0,Pinata Dedicated IPFS Gateway,0.0.4891024,2349,2026-09-13 12:00:38 UTC,0x3a5d62ee240a1e14a4562294a341e26188579c15d07a05cae77691f241a13b03,0.0001,Pharmacy Dispensation Verification & Medication Fulfillment,Identity Verified (Wallet Protocol),Blockchain Audit Enabled
RX-0350,Sneha Gupta,849550,0x65af71fd911c4155517861627110a73313296bac,Dispensed (Fulfilled),Dispensed & Fulfilled,YES,NO,YES,1485.42,Dr. Vikram Seth,0x15d34AAf54267DB7D7c367839AAf71A00a2C6A65,NMC-99014,Max Super Speciality Cancer Institute,MedPlus Health Hub,0x70997970C51812dc3A010C7d01b50e0d17dc79C8,DL-MP-2023-4122,"Priya Sundaram, Pharm.D.",G40.909,"Epilepsy, unspecified",Neurology,"Levetiracetam (500 mg, Twice Daily morning & evening, Qty: 60) | Clobazam (10 mg, Once Daily at Bedtime, Qty: 30)",2,AES-256-GCM,vault-transit-key-0x65af71fd,62d28023789240c63a35988c,25be06117823fa0d93093773b2a92f49,0x45fede668ad6337c4f6181af891d3a4c152c5d2e9afedb26b29ee45d319636c6,Qmd41a5f8234429cd68026a2129b825a95ca29f923f2e7,Pinata Dedicated IPFS Gateway,0.0.4891024,2350,2026-09-13 12:00:40 UTC,0x25660768ee36359556ce0b5501cd90836409ba693af009d1ca604ca1bc001b76,0.0001,Pharmacy Dispensation Verification & Medication Fulfillment,Identity Verified (Wallet Protocol),Blockchain Audit Enabled
RX-0351,Lata Iyer,849551,0x19c713c5a377ac7fdd52f0ebd1221699625c0974,🔓 Decrypt RX,Pending - Ready to Decrypt,YES (Patient Consent Active),NO,NO,1624.84,Dr. Sarah Jenkins,0x04Fee3FD1B338d12FFD6dBD8d66dE1e8e0BB99cB,NMC-48192,Apollo Multispecialty Hospital,Max Wellness Pharmacy,0x28B7eA94B34C8F52D19E50Eb14769Da20F5D54b4,DL-MW-2024-7731,"Sneha Mukherjee, R.Ph.",E11.65,Type 2 diabetes mellitus with hyperglycemia,Endocrinology,"Insulin Glargine Solostar (100 IU/mL, 14 Units Once Daily at Bedtime, Qty: 2) | Metformin XR (1000 mg, Once Daily post dinner, Qty: 30)",2,AES-256-GCM,vault-transit-key-0x19c713c5,b69649fff398e44c90317718,917f8561c12bb52b0371db7e028da491,0xd93b2416fc11352c26c72d82423de780060fb0d1c262a2fd1f8b2cc37956076e,Qm4f9986b741ee97c1e15e87c3b0158324dd6e3c001848,Pinata Dedicated IPFS Gateway,0.0.4891024,2351,2026-09-13 12:00:43 UTC,0xe478d2e62bbe7a79950168a9917736caa94f79daa1a2c00247ad9ab017074945,0.0001,Pharmacy Dispensation Verification & Medication Fulfillment,Identity Verified (Wallet Protocol),Blockchain Audit Enabled
RX-0352,Deepak Rao,849552,0x910db1e029b4c889f7bc1f8286cad4cedf734cd6,⏳ Waiting for Approval,Access Pending Approval,NO,YES,NO,939.76,Dr. Sunita Narang,0xBcd4042DE499D14e55001CcbB24a551F3b954096,NMC-90812,Apex Diagnostic Reference Labs,Apex Central Clinical Dispensary,0x155Af6ECaFb48861dA7d16Fb8Af2f6ce9d6DD779,DL-AX-2026-3021,"Rajesh Nambiar, Pharm.D.",K21.9,Gastro-esophageal reflux disease,Gastroenterology,"Pantoprazole Gastro-resistant (40 mg, Once Daily 30 min pre-breakfast, Qty: 30) | Domperidone Sustained Release (30 mg, Once Daily morning, Qty: 30) | Sucralfate Oral Suspension (1000 mg/10mL, 10 mL thrice daily before meals, Qty: 2)",3,AES-256-GCM,vault-transit-key-0x910db1e0,412d1c26915bdf77e8165f40,eb0d52e66f9bd9f52f5a13aca55b0066,0xc460e06410de4d2cb675dbfc62e5f66ef5bcaa1f93476ff58ac2b9e43e164d22,Qm799a36c9bd8111a3e36cf1500acedb9e8439a64d94ef,Pinata Dedicated IPFS Gateway,0.0.4891024,2352,2026-09-13 12:00:45 UTC,0xfd36be6d75cac231564f75de203e3b62c1fbd6d10093fc1b0c85055ad0262fee,0.0001,Pharmacy Dispensation Verification & Medication Fulfillment,Identity Verified (Wallet Protocol),Blockchain Audit Enabled
RX-0353,Amit Joshi,849553,0x9996f0f3c05852c4173acf6452614f4b5d7a2d7d,⏳ Waiting for Approval,Access Pending Approval,NO,YES,NO,207.03,Dr. Sarah Jenkins,0x04Fee3FD1B338d12FFD6dBD8d66dE1e8e0BB99cB,NMC-48192,Apollo Multispecialty Hospital,Max Wellness Pharmacy,0x28B7eA94B34C8F52D19E50Eb14769Da20F5D54b4,DL-MW-2024-7731,"Sneha Mukherjee, R.Ph.",E03.9,"Hypothyroidism, unspecified",Endocrinology,"Levothyroxine Sodium (50 mcg, Once Daily on empty stomach, Qty: 60)",1,AES-256-GCM,vault-transit-key-0x9996f0f3,ad116f467a42d8d5b558e427,af319250950437c748eb2fe52e58790e,0xac269cdca3db8bb3f071cf8743e775607bb4935ce784b6e808b17e7ac409cd5d,Qm6edfcce678689a649475114549f0eb4c0c6bf728ada7,Pinata Dedicated IPFS Gateway,0.0.4891024,2353,2026-09-13 12:00:47 UTC,0xdd7933682fff5505ea6bd7a7be14f75fe8a820c640e3df4c60309492c99546b1,0.0001,Pharmacy Dispensation Verification & Medication Fulfillment,Identity Verified (Wallet Protocol),Blockchain Audit Enabled
RX-0354,Riya Gupta,849554,0x72aeb09d00df81478ef9c34ce1f94744d29c9989,Dispensed (Fulfilled),Dispensed & Fulfilled,YES,NO,YES,205.27,Dr. Ananya Roy,0x9965507D1a55bcC2695C58ba16FB37d819B0A4dc,NMC-51203,Max Super Speciality Cancer Institute,Apex Central Clinical Dispensary,0x155Af6ECaFb48861dA7d16Fb8Af2f6ce9d6DD779,DL-AX-2026-3021,"Rajesh Nambiar, Pharm.D.",E03.9,"Hypothyroidism, unspecified",Endocrinology,"Levothyroxine Sodium (50 mcg, Once Daily on empty stomach, Qty: 60)",1,AES-256-GCM,vault-transit-key-0x72aeb09d,c152d0b44ce2b45723114fb4,d63c6afd66d3237577088bb9925575b9,0xeb0b942fb438c3b6e633614fc5ffc01fb43bbb84071004d10a296aeb48a92f48,Qm27dd16f6b966763c4f9e3887e67f6c3f44e1f279abbc,Pinata Dedicated IPFS Gateway,0.0.4891024,2354,2026-09-13 12:00:50 UTC,0x08ce274a65032fd35ff33f004029b88d650e1a76d401473790ea9420c96f7fef,0.0001,Pharmacy Dispensation Verification & Medication Fulfillment,Identity Verified (Wallet Protocol),Blockchain Audit Enabled
RX-0355,Yashwanth Chatterjee,849555,0x59959bb43c9af79857d9115985862cd10415baac,🔓 Decrypt RX,Pending - Ready to Decrypt,YES (Patient Consent Active),NO,NO,436.54,Dr. Rohan Patel,0x976EA74026E726554dB657fA54763abd0C3a0aa9,NMC-11029,Fortis Memorial Neuro & Trauma Center,MedPlus Health Hub,0x70997970C51812dc3A010C7d01b50e0d17dc79C8,DL-MP-2023-4122,"Priya Sundaram, Pharm.D.",J06.9,Acute upper respiratory infection,Pediatrics / General,"Amoxicillin + Potassium Clavulanate (625 mg, Twice Daily post food, Qty: 14) | Paracetamol (650 mg, Thrice daily post meals SOS, Qty: 15) | Levocetirizine Dihydrochloride (5 mg, Once Daily at Bedtime, Qty: 7)",3,AES-256-GCM,vault-transit-key-0x59959bb4,f1a7df34d7569e5a03303271,118a75f38a6b3d114e8c4b95afaa168b,0x5e68d573fc31b1002ee97d4410a26b290e37d1c3dfe933f15a05e967ca4320d4,Qm0bff990ec2d6778b5c4a03ca32e2560faddfecf46d33,Pinata Dedicated IPFS Gateway,0.0.4891024,2355,2026-09-13 12:00:52 UTC,0xa39dde9b02d6c3bfa1e2c5456678b1ae87179ed06487c7758f75fe9f079bd77d,0.0001,Pharmacy Dispensation Verification & Medication Fulfillment,Identity Verified (Wallet Protocol),Blockchain Audit Enabled
RX-0356,Sameer Swaminathan,849556,0x57eb6cf5dcb007c7fa7a6aa7d7ad07c1c9feada1,Dispensed (Fulfilled),Dispensed & Fulfilled,YES,NO,YES,981.35,Dr. Vikram Seth,0x15d34AAf54267DB7D7c367839AAf71A00a2C6A65,NMC-99014,Max Super Speciality Cancer Institute,MedPlus Health Hub,0x70997970C51812dc3A010C7d01b50e0d17dc79C8,DL-MP-2023-4122,"Priya Sundaram, Pharm.D.",I20.9,"Angina pectoris, unspecified",Cardiology,"Nitroglycerin Sublingual (0.4 mg, PRN for chest pain, Qty: 25) | Aspirin Gastro-resistant (75 mg, Once Daily post meal, Qty: 30) | Atorvastatin Calcium (40 mg, Once Daily at Bedtime, Qty: 30)",3,AES-256-GCM,vault-transit-key-0x57eb6cf5,69fee199e3b3740b09281bb4,3b1728f0e69510f3eaa53cd234f4a111,0xbbaf211202493fa3fe62747d0998c414c30a0082e1ca1466d9751ef2f6256b74,Qm711ae96281e1794b436a2fb8d9bade9167f899d262a4,Pinata Dedicated IPFS Gateway,0.0.4891024,2356,2026-09-13 12:00:54 UTC,0xc478c6673cf7e4e764482181bb32c9ac70320e61c9dc01d2c59145014449ec01,0.0001,Pharmacy Dispensation Verification & Medication Fulfillment,Identity Verified (Wallet Protocol),Blockchain Audit Enabled
RX-0357,Ishaan Sharma,849557,0xf694ff49021c7adbfa081e36af14f1dc443ab4ba,🔓 Decrypt RX,Pending - Ready to Decrypt,YES (Patient Consent Active),NO,NO,434.89,Dr. Rajesh Sharma,0x3c44CdDdB6a900fa2b585dd299e03d12FA4293BC,NMC-78491,Apollo Multispecialty Hospital,Apollo Pharmacy Global,0x04Fee3FD1B338d12FFD6dBD8d66dE1e8e0BB99cB,DL-AP-2024-8901,"K. V. Raman, R.Ph.",J06.9,Acute upper respiratory infection,Pediatrics / General,"Amoxicillin + Potassium Clavulanate (625 mg, Twice Daily post food, Qty: 14) | Paracetamol (650 mg, Thrice daily post meals SOS, Qty: 15) | Levocetirizine Dihydrochloride (5 mg, Once Daily at Bedtime, Qty: 7)",3,AES-256-GCM,vault-transit-key-0xf694ff49,b2b3ad7bde81d89caed4195a,2b084e2a89ba33ac1bf21663f8bac3fd,0xc62b4e4d08b32addb68d95f6c3461421270ae6c6d2ad0eb1d2628a42a38cc978,Qma82da76d0004975faff5277215d7c2c40c312c973536,Pinata Dedicated IPFS Gateway,0.0.4891024,2357,2026-09-13 12:00:57 UTC,0xb636e50464558d91fdf3ab80a3033f7f217f79aef13cfae1148785b7022e4e29,0.0001,Pharmacy Dispensation Verification & Medication Fulfillment,Identity Verified (Wallet Protocol),Blockchain Audit Enabled
RX-0358,Nandini Malhotra,849558,0x40e6d0b67f8c27909253e648023351c83e138a78,🔓 Decrypt RX,Pending - Ready to Decrypt,YES (Patient Consent Active),NO,NO,498.63,Dr. Rohan Patel,0x976EA74026E726554dB657fA54763abd0C3a0aa9,NMC-11029,Fortis Memorial Neuro & Trauma Center,Fortis Care Dispensary,0x84f93618C1D541bB1Dcf1373A8eE500A7D439634,DL-FC-2025-1094,"Amit Singhania, R.Ph.",I10,Essential (primary) hypertension,Cardiology,"Amlodipine Besylate (5 mg, Once Daily (Morning), Qty: 30) | Telmisartan (40 mg, Once Daily (Morning), Qty: 30)",2,AES-256-GCM,vault-transit-key-0x40e6d0b6,751c6d7610f20fb96c7d3053,2e9c6d1a3437220ccb3958d79ff1de2d,0x33076cf77a6483f5e1840a440188be17fcc06e7769d01b983d3a97157510e1a9,Qm8eaa27606fb9bfd4af68ad6ef9fc3c0c2ccbcef168e6,Pinata Dedicated IPFS Gateway,0.0.4891024,2358,2026-09-13 12:00:59 UTC,0x3536586460a96e22ec76d7366dd22cf24e5ddf714214e471f2b5e8532ffeeb67,0.0001,Pharmacy Dispensation Verification & Medication Fulfillment,Identity Verified (Wallet Protocol),Blockchain Audit Enabled
RX-0359,Manish Menon,849559,0x1f2a6323b2de8ed34989dbf7379cd42003645048,Request Access,Unauthorized / Unlinked,NO,NO,NO,1488.91,Dr. Vikram Seth,0x15d34AAf54267DB7D7c367839AAf71A00a2C6A65,NMC-99014,Max Super Speciality Cancer Institute,Apollo Pharmacy Global,0x04Fee3FD1B338d12FFD6dBD8d66dE1e8e0BB99cB,DL-AP-2024-8901,"K. V. Raman, R.Ph.",G40.909,"Epilepsy, unspecified",Neurology,"Levetiracetam (500 mg, Twice Daily morning & evening, Qty: 60) | Clobazam (10 mg, Once Daily at Bedtime, Qty: 30)",2,AES-256-GCM,vault-transit-key-0x1f2a6323,1ff64757467a8adea6cbc6de,c7067f37c4034f20eaca660527340ce4,0x4fc7256a78c8db0807b149e701b1344a0af3104ed8598f64e2934e784536a880,Qma7625e15ba47729a6d11286d096e1e7c8e5716239c1a,Pinata Dedicated IPFS Gateway,0.0.4891024,2359,2026-09-13 12:01:02 UTC,0x8a66b96692ee4ea6d4a8cc71f9efe8b5d867e3301c5d9a2f44787fc602ecbace,0.0001,Pharmacy Dispensation Verification & Medication Fulfillment,Identity Verified (Wallet Protocol),Blockchain Audit Enabled
RX-0360,Pooja Mukherjee,849560,0xa130101de4c0522b916ed8d9a07b2f879b8b40f2,🔓 Decrypt RX,Pending - Ready to Decrypt,YES (Patient Consent Active),NO,NO,979.95,Dr. Ananya Roy,0x9965507D1a55bcC2695C58ba16FB37d819B0A4dc,NMC-51203,Max Super Speciality Cancer Institute,MedPlus Health Hub,0x70997970C51812dc3A010C7d01b50e0d17dc79C8,DL-MP-2023-4122,"Priya Sundaram, Pharm.D.",G43.909,"Migraine, unspecified, not intractable",Neurology,"Sumatriptan Succinate (50 mg, 1 tablet at onset of migraine SOS, Qty: 10) | Naproxen Sodium (500 mg, Twice daily as needed with food, Qty: 20) | Propranolol HCl (40 mg, Twice daily for prophylaxis, Qty: 60)",3,AES-256-GCM,vault-transit-key-0xa130101d,5775c6ebb65de2373f88e188,0c81c0d0e0cdf0971a7e4cef82a5e62c,0x09f28eada5f9ff36a4e0c9abd9e018273f1b42544c37157b9983acd7e0b35db5,Qmc946207697e7116338bca33e87ef8e965523b8dbe8ba,Pinata Dedicated IPFS Gateway,0.0.4891024,2360,2026-09-13 12:01:04 UTC,0x8adf74b971c51599be94a20627a163d3f86e0e3f7f15acc8030c035b5d72a581,0.0001,Pharmacy Dispensation Verification & Medication Fulfillment,Identity Verified (Wallet Protocol),Blockchain Audit Enabled
RX-0361,Deepak Iyer,849561,0x085f21ba12bd5cb23e76e36d09d1795e754ee2e0,⏳ Waiting for Approval,Access Pending Approval,NO,YES,NO,1633.62,Dr. Rajesh Sharma,0x3c44CdDdB6a900fa2b585dd299e03d12FA4293BC,NMC-78491,Apollo Multispecialty Hospital,Apex Central Clinical Dispensary,0x155Af6ECaFb48861dA7d16Fb8Af2f6ce9d6DD779,DL-AX-2026-3021,"Rajesh Nambiar, Pharm.D.",E11.65,Type 2 diabetes mellitus with hyperglycemia,Endocrinology,"Insulin Glargine Solostar (100 IU/mL, 14 Units Once Daily at Bedtime, Qty: 2) | Metformin XR (1000 mg, Once Daily post dinner, Qty: 30)",2,AES-256-GCM,vault-transit-key-0x085f21ba,4cc00faa7971aeff2b1fb26e,d51d6a85db3cdf2dbc4b8c3f2a99cd16,0xb3f27a5b28bde6a211b4705f1fd0759c152b353c2040d062918f7070b15dd7af,Qm59612ba67f86a7e6ac729d2fbf0ef9fa86213f8c9ba3,Pinata Dedicated IPFS Gateway,0.0.4891024,2361,2026-09-13 12:01:07 UTC,0x24255d0a97c6dfdef9598b36f78ced68704d1b0e163dd611749d5c960bce176e,0.0001,Pharmacy Dispensation Verification & Medication Fulfillment,Identity Verified (Wallet Protocol),Blockchain Audit Enabled
RX-0362,Aarav Iyer,849562,0xea5da71f0420102b91c43919c94ea714615c20c5,🔓 Decrypt RX,Pending - Ready to Decrypt,YES (Patient Consent Active),NO,NO,3322.38,Dr. Vikram Seth,0x15d34AAf54267DB7D7c367839AAf71A00a2C6A65,NMC-99014,Max Super Speciality Cancer Institute,Max Wellness Pharmacy,0x28B7eA94B34C8F52D19E50Eb14769Da20F5D54b4,DL-MW-2024-7731,"Sneha Mukherjee, R.Ph.",C61,Malignant neoplasm of prostate,Oncology,"Bicalutamide (50 mg, Once Daily morning, Qty: 30) | Tamsulosin HCl (0.4 mg, Once Daily 30 min after same meal, Qty: 30)",2,AES-256-GCM,vault-transit-key-0xea5da71f,0388e2da86399f99b5d1d2be,4f5e344d50da16bb133f068d9c7c813f,0x589a08165c852e2476226a8c7010919e6bcf806581ed1a1f26d32cf1e7dc67a5,Qm5f8416af95a1738d4df573f8768d366b65999a0b616b,Pinata Dedicated IPFS Gateway,0.0.4891024,2362,2026-09-13 12:01:09 UTC,0x471998650cf4bbb62d24fc94297f40a375efec2535163c41cd009574273314d9,0.0001,Pharmacy Dispensation Verification & Medication Fulfillment,Identity Verified (Wallet Protocol),Blockchain Audit Enabled
RX-0363,Kiran Malhotra,849563,0x5cf70de54b5800d4e041d50e4c9b16bd0d3fe926,Dispensed (Fulfilled),Dispensed & Fulfilled,YES,NO,YES,1499.3,Dr. Vikram Seth,0x15d34AAf54267DB7D7c367839AAf71A00a2C6A65,NMC-99014,Max Super Speciality Cancer Institute,MedPlus Health Hub,0x70997970C51812dc3A010C7d01b50e0d17dc79C8,DL-MP-2023-4122,"Priya Sundaram, Pharm.D.",G40.909,"Epilepsy, unspecified",Neurology,"Levetiracetam (500 mg, Twice Daily morning & evening, Qty: 60) | Clobazam (10 mg, Once Daily at Bedtime, Qty: 30)",2,AES-256-GCM,vault-transit-key-0x5cf70de5,42c9501a1992ae3dd92b283b,4b6f9dd5374afcd9a3da4a5de88b5107,0xe6397371e0afabe101a136c7fe6a4e951301951d935a9f84b9c23303d0e9abff,Qmad645548baaa6c458ea0e852642e324b20fd3e64f225,Pinata Dedicated IPFS Gateway,0.0.4891024,2363,2026-09-13 12:01:11 UTC,0x19f7a1b8320d03c0fecaabecb2804a123be2c44f615e0d32d2f9f9573d3f7a91,0.0001,Pharmacy Dispensation Verification & Medication Fulfillment,Identity Verified (Wallet Protocol),Blockchain Audit Enabled
RX-0364,Ananya Saxena,849564,0x45f9e05e139b34d1b7f7ad89ed0b36e31ae4cfb4,Request Access,Unauthorized / Unlinked,NO,NO,NO,1201.65,Dr. Ananya Roy,0x9965507D1a55bcC2695C58ba16FB37d819B0A4dc,NMC-51203,Max Super Speciality Cancer Institute,Max Wellness Pharmacy,0x28B7eA94B34C8F52D19E50Eb14769Da20F5D54b4,DL-MW-2024-7731,"Sneha Mukherjee, R.Ph.",E11.9,Type 2 diabetes mellitus without complications,Endocrinology,"Metformin Hydrochloride (500 mg, Twice Daily with meals, Qty: 60) | Dapagliflozin Propanediol (10 mg, Once Daily morning, Qty: 30) | Glimepiride (2 mg, Once Daily pre-breakfast, Qty: 30)",3,AES-256-GCM,vault-transit-key-0x45f9e05e,f644aa4511046ebf0651b4d9,7b1c83daf66aa1c435efd4be66eda13e,0xa8fca87c56cd9fea6d0ee0162314d659268a1b213f27525984e263f68ce058b1,Qmf6c55c269c3d51a17fcb1b576793b1373fd1c878b106,Pinata Dedicated IPFS Gateway,0.0.4891024,2364,2026-09-13 12:01:13 UTC,0xd9c8b221248cbaecce3f3c727f718d7a02996ddeb7f1e33088744301cc2e6d15,0.0001,Pharmacy Dispensation Verification & Medication Fulfillment,Identity Verified (Wallet Protocol),Blockchain Audit Enabled
RX-0365,Yashwanth Shetty,849565,0x7432037c91bc1acbe3547f59a88adc6d6399547c,Request Access,Unauthorized / Unlinked,NO,NO,NO,219.5,Dr. Rajesh Sharma,0x3c44CdDdB6a900fa2b585dd299e03d12FA4293BC,NMC-78491,Apollo Multispecialty Hospital,Apex Central Clinical Dispensary,0x155Af6ECaFb48861dA7d16Fb8Af2f6ce9d6DD779,DL-AX-2026-3021,"Rajesh Nambiar, Pharm.D.",E03.9,"Hypothyroidism, unspecified",Endocrinology,"Levothyroxine Sodium (50 mcg, Once Daily on empty stomach, Qty: 60)",1,AES-256-GCM,vault-transit-key-0x7432037c,c3d00b32ed8001cb8b2d6e69,ff2d15710dc9546a37e41faad25ed6e9,0xc8f9b3e14f96cb573d5ff03c970bef27e54007b1a35f68f94ec7de4a96df126f,Qm64980e3eecbeba0cefd105fd72260f54a577907edcda,Pinata Dedicated IPFS Gateway,0.0.4891024,2365,2026-09-13 12:01:16 UTC,0x10461010a738e5c9b3d4b765ae1dc96df2e282bd0738e58217df565623ba6b6f,0.0001,Pharmacy Dispensation Verification & Medication Fulfillment,Identity Verified (Wallet Protocol),Blockchain Audit Enabled
RX-0366,Amit Chatterjee,849566,0x479fd58bd02f4c8e9f497c47af0677a81983e485,🔓 Decrypt RX,Pending - Ready to Decrypt,YES (Patient Consent Active),NO,NO,957.89,Dr. Preeti Deshmukh,0x23618e81E3f5cdF7f54C3d65f7FBc0aBf5B21E8f,NMC-82194,Care & Cure Pediatric & Maternity Hospital,MedPlus Health Hub,0x70997970C51812dc3A010C7d01b50e0d17dc79C8,DL-MP-2023-4122,"Priya Sundaram, Pharm.D.",K21.9,Gastro-esophageal reflux disease,Gastroenterology,"Pantoprazole Gastro-resistant (40 mg, Once Daily 30 min pre-breakfast, Qty: 30) | Domperidone Sustained Release (30 mg, Once Daily morning, Qty: 30) | Sucralfate Oral Suspension (1000 mg/10mL, 10 mL thrice daily before meals, Qty: 2)",3,AES-256-GCM,vault-transit-key-0x479fd58b,c3e388338ec5d7a620d03b48,738b4219278646a5041f189e535a3cdb,0xea34aabf3ffef115e6fed55380f1e7395e278f4ec732d48726c02e32ed6d4097,Qm3480cdafc7e79640caaf748c45abb66ebcf9f0f53b5b,Pinata Dedicated IPFS Gateway,0.0.4891024,2366,2026-09-13 12:01:18 UTC,0x26acdb4fc88c9292415391ecb32e606c4b3f579dfc1dcb6edc7bf59c247ab59d,0.0001,Pharmacy Dispensation Verification & Medication Fulfillment,Identity Verified (Wallet Protocol),Blockchain Audit Enabled
RX-0367,Siddharth Banerjee,849567,0xbf7d7d69e7b95adf64e8d0fa3a936a70c61576a2,🔓 Decrypt RX,Pending - Ready to Decrypt,YES (Patient Consent Active),NO,NO,937.19,Dr. Rajesh Sharma,0x3c44CdDdB6a900fa2b585dd299e03d12FA4293BC,NMC-78491,Apollo Multispecialty Hospital,MedPlus Health Hub,0x70997970C51812dc3A010C7d01b50e0d17dc79C8,DL-MP-2023-4122,"Priya Sundaram, Pharm.D.",K21.9,Gastro-esophageal reflux disease,Gastroenterology,"Pantoprazole Gastro-resistant (40 mg, Once Daily 30 min pre-breakfast, Qty: 30) | Domperidone Sustained Release (30 mg, Once Daily morning, Qty: 30) | Sucralfate Oral Suspension (1000 mg/10mL, 10 mL thrice daily before meals, Qty: 2)",3,AES-256-GCM,vault-transit-key-0xbf7d7d69,7b750381394fd9a398565d04,3a090836d8c3de5b965e0856d0734347,0x7372945a0e2eff1cf7e0e650734af25898c11e2af0fd8d9e830cd07d4bfa9973,Qmdc75fdab3e764c55e7870576b21a93a19a72bd2d7053,Pinata Dedicated IPFS Gateway,0.0.4891024,2367,2026-09-13 12:01:21 UTC,0x5d79f60968397c62d47a47ed6fb87b2ad308df8dd234d409cc337ca66ad3c120,0.0001,Pharmacy Dispensation Verification & Medication Fulfillment,Identity Verified (Wallet Protocol),Blockchain Audit Enabled
RX-0368,Madhav Swaminathan,849568,0x21f1c75cb27efcfad6f1126355185c2fc35c706f,Dispensed (Fulfilled),Dispensed & Fulfilled,YES,NO,YES,1001.86,Dr. Sarah Jenkins,0x04Fee3FD1B338d12FFD6dBD8d66dE1e8e0BB99cB,NMC-48192,Apollo Multispecialty Hospital,MedPlus Health Hub,0x70997970C51812dc3A010C7d01b50e0d17dc79C8,DL-MP-2023-4122,"Priya Sundaram, Pharm.D.",G43.909,"Migraine, unspecified, not intractable",Neurology,"Sumatriptan Succinate (50 mg, 1 tablet at onset of migraine SOS, Qty: 10) | Naproxen Sodium (500 mg, Twice daily as needed with food, Qty: 20) | Propranolol HCl (40 mg, Twice daily for prophylaxis, Qty: 60)",3,AES-256-GCM,vault-transit-key-0x21f1c75c,be2dfed8da42344d03332397,3df1dea11aca83113c372049ad0ad6e0,0xa35c5367dbd276196228f61b43417ce9480647e55d79a3048c20cc74ff723558,Qm65380590648e7d9f979d3d9e97b454f630d060a5e59a,Pinata Dedicated IPFS Gateway,0.0.4891024,2368,2026-09-13 12:01:23 UTC,0xc60410711b770dd1bf8c36619e753f201e3ab5467e6629c0a006766082f97c9e,0.0001,Pharmacy Dispensation Verification & Medication Fulfillment,Identity Verified (Wallet Protocol),Blockchain Audit Enabled
RX-0369,Sanjay Banerjee,849569,0xf3ab987e363fd68b188e869ac4cd4b90f6fdd286,⏳ Waiting for Approval,Access Pending Approval,NO,YES,NO,3327.73,Dr. Rohan Patel,0x976EA74026E726554dB657fA54763abd0C3a0aa9,NMC-11029,Fortis Memorial Neuro & Trauma Center,Apollo Pharmacy Global,0x04Fee3FD1B338d12FFD6dBD8d66dE1e8e0BB99cB,DL-AP-2024-8901,"K. V. Raman, R.Ph.",C61,Malignant neoplasm of prostate,Oncology,"Bicalutamide (50 mg, Once Daily morning, Qty: 30) | Tamsulosin HCl (0.4 mg, Once Daily 30 min after same meal, Qty: 30)",2,AES-256-GCM,vault-transit-key-0xf3ab987e,4fa78df673df0f0360d6abd1,f821e47f5348086b5ae94f4b9b5fda30,0x48f40ed1dbcbda6fb1cfc1eda5049488acf49e89f993290e7ca623fb9613d7b5,Qmea98863ca4caa3f7ae613a69c36922bc7aa5524f3128,Pinata Dedicated IPFS Gateway,0.0.4891024,2369,2026-09-13 12:01:25 UTC,0x37048be67067c18de32390c0812cfe820478d533a823a313f029a96c52b44681,0.0001,Pharmacy Dispensation Verification & Medication Fulfillment,Identity Verified (Wallet Protocol),Blockchain Audit Enabled
RX-0370,Rahul Swaminathan,849570,0x01f31ac150ec861a18537266ea6ddf96eedef71f,🔓 Decrypt RX,Pending - Ready to Decrypt,YES (Patient Consent Active),NO,NO,1696.07,Dr. Sunita Narang,0xBcd4042DE499D14e55001CcbB24a551F3b954096,NMC-90812,Apex Diagnostic Reference Labs,Max Wellness Pharmacy,0x28B7eA94B34C8F52D19E50Eb14769Da20F5D54b4,DL-MW-2024-7731,"Sneha Mukherjee, R.Ph.",C50.919,Malignant neoplasm of female breast,Oncology,"Tamoxifen Citrate (20 mg, Once Daily at fixed hour, Qty: 30) | Ondansetron HCl (8 mg, Twice Daily 30 min before food, Qty: 30) | Calcium Carbonate + Vit D3 (500mg/250IU, Once Daily post meal, Qty: 30)",3,AES-256-GCM,vault-transit-key-0x01f31ac1,88b91209d5f84112993ad81c,83ee68509bd4e23d9ff4944cbd40f493,0x3ed91fe82c30b14b9c841a7c0f114cdc8c80667701982fdf2e97a01e7c52531c,Qmde63166c71127008d3d1b6ecf8c5b4d353a023793a7d,Pinata Dedicated IPFS Gateway,0.0.4891024,2370,2026-09-13 12:01:28 UTC,0x6ae1c27ea52676b8b5054dc94a886bad15843730381152101221506dc093e93a,0.0001,Pharmacy Dispensation Verification & Medication Fulfillment,Identity Verified (Wallet Protocol),Blockchain Audit Enabled
RX-0371,Nandini Kulkarni,849571,0xb315cf41541bac9c3f8bc600d06499231576ae6f,Request Access,Unauthorized / Unlinked,NO,NO,NO,1200.15,Dr. Ananya Roy,0x9965507D1a55bcC2695C58ba16FB37d819B0A4dc,NMC-51203,Max Super Speciality Cancer Institute,MedPlus Health Hub,0x70997970C51812dc3A010C7d01b50e0d17dc79C8,DL-MP-2023-4122,"Priya Sundaram, Pharm.D.",E11.9,Type 2 diabetes mellitus without complications,Endocrinology,"Metformin Hydrochloride (500 mg, Twice Daily with meals, Qty: 60) | Dapagliflozin Propanediol (10 mg, Once Daily morning, Qty: 30) | Glimepiride (2 mg, Once Daily pre-breakfast, Qty: 30)",3,AES-256-GCM,vault-transit-key-0xb315cf41,406d1c93583e4dcf4c73fd5b,fa8fcf585968afa47e2062ecfa8b405e,0x87616d8f632735aeb5049e53e95a231220c76b917c64cd9bcb6f5bf7ea6287c1,Qm4d7ce7c47a301de1fd3c3f42364a3274355283200411,Pinata Dedicated IPFS Gateway,0.0.4891024,2371,2026-09-13 12:01:30 UTC,0x0c9eecff33a41311ab6a521451884eda9ebf82348986ed6bbf0ddcd925f64f95,0.0001,Pharmacy Dispensation Verification & Medication Fulfillment,Identity Verified (Wallet Protocol),Blockchain Audit Enabled
RX-0372,Harish Agarwal,849572,0x9061080009e11cb8448a47978e8a2b48b67f1729,🔓 Decrypt RX,Pending - Ready to Decrypt,YES (Patient Consent Active),NO,NO,512.67,Dr. Rohan Patel,0x976EA74026E726554dB657fA54763abd0C3a0aa9,NMC-11029,Fortis Memorial Neuro & Trauma Center,Apollo Pharmacy Global,0x04Fee3FD1B338d12FFD6dBD8d66dE1e8e0BB99cB,DL-AP-2024-8901,"K. V. Raman, R.Ph.",I10,Essential (primary) hypertension,Cardiology,"Amlodipine Besylate (5 mg, Once Daily (Morning), Qty: 30) | Telmisartan (40 mg, Once Daily (Morning), Qty: 30)",2,AES-256-GCM,vault-transit-key-0x90610800,73f1ca7280e431e3dca0d4ac,be3617b951e6309e7a9acec783ad2032,0xcdf725f85657939185d694736011bb924237fdb6703904ed1efcac1eeafaa6a1,Qm6b74675c98f20d569aacdb27965936d9d926c8188547,Pinata Dedicated IPFS Gateway,0.0.4891024,2372,2026-09-13 12:01:32 UTC,0xc44904e268280f9a38118adf6fca9d46486b50c0fc7b5781183e45fdbdf52192,0.0001,Pharmacy Dispensation Verification & Medication Fulfillment,Identity Verified (Wallet Protocol),Blockchain Audit Enabled
RX-0373,Kavya Kulkarni,849573,0x2736074009b1bef683a9b63383f9f57d76eff769,⏳ Waiting for Approval,Access Pending Approval,NO,YES,NO,954.9,Dr. Vikram Seth,0x15d34AAf54267DB7D7c367839AAf71A00a2C6A65,NMC-99014,Max Super Speciality Cancer Institute,Fortis Care Dispensary,0x84f93618C1D541bB1Dcf1373A8eE500A7D439634,DL-FC-2025-1094,"Amit Singhania, R.Ph.",K21.9,Gastro-esophageal reflux disease,Gastroenterology,"Pantoprazole Gastro-resistant (40 mg, Once Daily 30 min pre-breakfast, Qty: 30) | Domperidone Sustained Release (30 mg, Once Daily morning, Qty: 30) | Sucralfate Oral Suspension (1000 mg/10mL, 10 mL thrice daily before meals, Qty: 2)",3,AES-256-GCM,vault-transit-key-0x27360740,da7b4797c71ae0f62bddd50f,f591ee70b98f5ef7de94d5a5ed99582e,0x86dc881b497259c86bd737f2602d30f35415c05616a00e7a1f89b0c3b6185a9a,Qm66f4380ecb13be56b8c8ef5b9a97dba0e9c466d8adac,Pinata Dedicated IPFS Gateway,0.0.4891024,2373,2026-09-13 12:01:35 UTC,0x643143a946d0805952003f37affec9c777107239b728798825e3d57a3385f2d6,0.0001,Pharmacy Dispensation Verification & Medication Fulfillment,Identity Verified (Wallet Protocol),Blockchain Audit Enabled
RX-0374,Priyanka Kulkarni,849574,0x196aec5bd919e77a1608f3b45595587317f9dd7c,🔓 Decrypt RX,Pending - Ready to Decrypt,YES (Patient Consent Active),NO,NO,220.46,Dr. Preeti Deshmukh,0x23618e81E3f5cdF7f54C3d65f7FBc0aBf5B21E8f,NMC-82194,Care & Cure Pediatric & Maternity Hospital,Apex Central Clinical Dispensary,0x155Af6ECaFb48861dA7d16Fb8Af2f6ce9d6DD779,DL-AX-2026-3021,"Rajesh Nambiar, Pharm.D.",E03.9,"Hypothyroidism, unspecified",Endocrinology,"Levothyroxine Sodium (50 mcg, Once Daily on empty stomach, Qty: 60)",1,AES-256-GCM,vault-transit-key-0x196aec5b,aa09b06072c972b7d43a3843,6916ef887cc556cec24a17c4f1409227,0xc319c241c65e5b88702ed78e6f1f585c09d260e7d349ba6451368af0f7eba406,Qma1aa51814ab222c12f60951bda2f9b04d1cf3c50a402,Pinata Dedicated IPFS Gateway,0.0.4891024,2374,2026-09-13 12:01:38 UTC,0x248373838ac08cd57c6d5c80d7caa11b84f94241967342e748e4fa3857015cec,0.0001,Pharmacy Dispensation Verification & Medication Fulfillment,Identity Verified (Wallet Protocol),Blockchain Audit Enabled
RX-0375,Ishaan Patel,849575,0x8f710b03222a1308b853bb66563c8aa71c58c18b,Dispensed (Fulfilled),Dispensed & Fulfilled,YES,NO,YES,929.33,Dr. Sarah Jenkins,0x04Fee3FD1B338d12FFD6dBD8d66dE1e8e0BB99cB,NMC-48192,Apollo Multispecialty Hospital,Max Wellness Pharmacy,0x28B7eA94B34C8F52D19E50Eb14769Da20F5D54b4,DL-MW-2024-7731,"Sneha Mukherjee, R.Ph.",A90,Dengue fever [classical dengue],Infectious Disease,"Paracetamol Infusion / Tab (650 mg, Every 6 hours SOS fever > 100°F, Qty: 20) | Carica Papaya Leaf Extract (1100 mg, Thrice Daily post food, Qty: 21) | Oral Rehydration Salts (WHO formula) (21.8 g sachet, 1 sachet in 1L water daily, Qty: 7)",3,AES-256-GCM,vault-transit-key-0x8f710b03,e1f37827f507713dc9cdbd38,c68f012d2f7605b2142ecdb8137a803a,0x85110cad8627ecf81726c3c569dd9882b0b3e589efb6ba2f09974907ee53e47a,Qm3739b8ad3a25f0fb06ff7d1b2bde1c4e3bd96accb2c6,Pinata Dedicated IPFS Gateway,0.0.4891024,2375,2026-09-13 12:01:40 UTC,0x0db981b1cb9f45c146bf49fdaaa3e03d365253fa621b2736276cfba62c8f6836,0.0001,Pharmacy Dispensation Verification & Medication Fulfillment,Identity Verified (Wallet Protocol),Blockchain Audit Enabled
RX-0376,Shreya Gupta,849576,0xc9eb896fd553c132463186a0923b439f0c0131d3,🔓 Decrypt RX,Pending - Ready to Decrypt,YES (Patient Consent Active),NO,NO,1477.11,Dr. Sarah Jenkins,0x04Fee3FD1B338d12FFD6dBD8d66dE1e8e0BB99cB,NMC-48192,Apollo Multispecialty Hospital,MedPlus Health Hub,0x70997970C51812dc3A010C7d01b50e0d17dc79C8,DL-MP-2023-4122,"Priya Sundaram, Pharm.D.",G40.909,"Epilepsy, unspecified",Neurology,"Levetiracetam (500 mg, Twice Daily morning & evening, Qty: 60) | Clobazam (10 mg, Once Daily at Bedtime, Qty: 30)",2,AES-256-GCM,vault-transit-key-0xc9eb896f,06e23935eb24c97c0d575542,62014d7f1ba9603665d9fb52020b42d1,0x472f786c7fb724ba222d784259ee64f26cee1bf7a90358198cd9bd70100181c5,Qma7404e099d76b161ba813e4f6e37cab1e692032dc3af,Pinata Dedicated IPFS Gateway,0.0.4891024,2376,2026-09-13 12:01:43 UTC,0x7fcd36cb16f21a99bf5a333a082b30108ef5f54314d8646cbf278b2338a9e363,0.0001,Pharmacy Dispensation Verification & Medication Fulfillment,Identity Verified (Wallet Protocol),Blockchain Audit Enabled
RX-0377,Nikhil Deshmukh,849577,0xbdaf397d0376740d313e34a69a54af0d1caaead3,Dispensed (Fulfilled),Dispensed & Fulfilled,YES,NO,YES,3323.9,Dr. Sarah Jenkins,0x04Fee3FD1B338d12FFD6dBD8d66dE1e8e0BB99cB,NMC-48192,Apollo Multispecialty Hospital,Max Wellness Pharmacy,0x28B7eA94B34C8F52D19E50Eb14769Da20F5D54b4,DL-MW-2024-7731,"Sneha Mukherjee, R.Ph.",C61,Malignant neoplasm of prostate,Oncology,"Bicalutamide (50 mg, Once Daily morning, Qty: 30) | Tamsulosin HCl (0.4 mg, Once Daily 30 min after same meal, Qty: 30)",2,AES-256-GCM,vault-transit-key-0xbdaf397d,33e4ea8d7765fee18cd51da4,00dc99388a9620e416cc9ee7348f914a,0xc9e76f7344f2fad95396ddf43bbecef126913d8bb488600b1480cddac1450d5b,Qm34496989d2ef5dc8b179cf40127d6c23424d5f259289,Pinata Dedicated IPFS Gateway,0.0.4891024,2377,2026-09-13 12:01:45 UTC,0x5634978d1e2a2b668cddbae1e324fdf5c390b6f9a903c4568939fdee79d2df29,0.0001,Pharmacy Dispensation Verification & Medication Fulfillment,Identity Verified (Wallet Protocol),Blockchain Audit Enabled
RX-0378,Neha Mishra,849578,0xa8140fcf4cf74c437b73abba5b66a93865c00ab2,Dispensed (Fulfilled),Dispensed & Fulfilled,YES,NO,YES,1624.75,Dr. Preeti Deshmukh,0x23618e81E3f5cdF7f54C3d65f7FBc0aBf5B21E8f,NMC-82194,Care & Cure Pediatric & Maternity Hospital,Max Wellness Pharmacy,0x28B7eA94B34C8F52D19E50Eb14769Da20F5D54b4,DL-MW-2024-7731,"Sneha Mukherjee, R.Ph.",E11.65,Type 2 diabetes mellitus with hyperglycemia,Endocrinology,"Insulin Glargine Solostar (100 IU/mL, 14 Units Once Daily at Bedtime, Qty: 2) | Metformin XR (1000 mg, Once Daily post dinner, Qty: 30)",2,AES-256-GCM,vault-transit-key-0xa8140fcf,e5098801c648b93c548e5231,1a0aa2e0c2a77d48964080cb78c1d194,0xdd4e1a9e8074423a0679960fc75e0f42f206e9d113b1da425e1379956932a70e,Qmdaddeaf8c2dfe8ea728816faf5535f46fac2d0e3d86b,Pinata Dedicated IPFS Gateway,0.0.4891024,2378,2026-09-13 12:01:47 UTC,0x8be93b5c949c63dcc929c3629c423aad94f7380587bb72e641afbd138001f56b,0.0001,Pharmacy Dispensation Verification & Medication Fulfillment,Identity Verified (Wallet Protocol),Blockchain Audit Enabled
RX-0379,Pranav Hegde,849579,0x4f5d1b4f0facd0d35fcdd40eaf9f0612d5d89c24,🔓 Decrypt RX,Pending - Ready to Decrypt,YES (Patient Consent Active),NO,NO,200.71,Dr. Rajesh Sharma,0x3c44CdDdB6a900fa2b585dd299e03d12FA4293BC,NMC-78491,Apollo Multispecialty Hospital,Max Wellness Pharmacy,0x28B7eA94B34C8F52D19E50Eb14769Da20F5D54b4,DL-MW-2024-7731,"Sneha Mukherjee, R.Ph.",E03.9,"Hypothyroidism, unspecified",Endocrinology,"Levothyroxine Sodium (50 mcg, Once Daily on empty stomach, Qty: 60)",1,AES-256-GCM,vault-transit-key-0x4f5d1b4f,f3669177ea2f4a2d992f0f92,68828e0f268e444251f7fb082b760906,0xf41635f236b6d73f6749a697c2fcf4feadb3888e842dd064588b7aaf5611723d,Qm2204f6327eaf9058b0fe3ce6be3fc5a03f64ce057aba,Pinata Dedicated IPFS Gateway,0.0.4891024,2379,2026-09-13 12:01:50 UTC,0x373eb57a8bb8a5e3208150b3d678f9200d067bc1a2294f9528937a6aaf6e0652,0.0001,Pharmacy Dispensation Verification & Medication Fulfillment,Identity Verified (Wallet Protocol),Blockchain Audit Enabled
RX-0380,Bhavna Rao,849580,0x8c2ae6511e5637f5e26d252da7bd70ce97745012,Dispensed (Fulfilled),Dispensed & Fulfilled,YES,NO,YES,927.63,Dr. Ananya Roy,0x9965507D1a55bcC2695C58ba16FB37d819B0A4dc,NMC-51203,Max Super Speciality Cancer Institute,MedPlus Health Hub,0x70997970C51812dc3A010C7d01b50e0d17dc79C8,DL-MP-2023-4122,"Priya Sundaram, Pharm.D.",A90,Dengue fever [classical dengue],Infectious Disease,"Paracetamol Infusion / Tab (650 mg, Every 6 hours SOS fever > 100°F, Qty: 20) | Carica Papaya Leaf Extract (1100 mg, Thrice Daily post food, Qty: 21) | Oral Rehydration Salts (WHO formula) (21.8 g sachet, 1 sachet in 1L water daily, Qty: 7)",3,AES-256-GCM,vault-transit-key-0x8c2ae651,4d47954ec0f7567e152c4d90,2dd4a205612fd7aaddbf7e95bebc7b65,0x6ae517f5fe69d6eb7672a04141050b56f3cda2d24998175ca0d01661797f3e90,Qme567342a3aa351852d81591378f83f0d19b50c1a5d4a,Pinata Dedicated IPFS Gateway,0.0.4891024,2380,2026-09-13 12:01:52 UTC,0x40ffd759cf5f101586a50a8345595866f58614ada15900970f30b4979d9f88dc,0.0001,Pharmacy Dispensation Verification & Medication Fulfillment,Identity Verified (Wallet Protocol),Blockchain Audit Enabled
RX-0381,Tanvi Gupta,849581,0x6ecdfa3fc1001bfa39784730ffe18876e851549a,Request Access,Unauthorized / Unlinked,NO,NO,NO,980.38,Dr. Preeti Deshmukh,0x23618e81E3f5cdF7f54C3d65f7FBc0aBf5B21E8f,NMC-82194,Care & Cure Pediatric & Maternity Hospital,Max Wellness Pharmacy,0x28B7eA94B34C8F52D19E50Eb14769Da20F5D54b4,DL-MW-2024-7731,"Sneha Mukherjee, R.Ph.",G43.909,"Migraine, unspecified, not intractable",Neurology,"Sumatriptan Succinate (50 mg, 1 tablet at onset of migraine SOS, Qty: 10) | Naproxen Sodium (500 mg, Twice daily as needed with food, Qty: 20) | Propranolol HCl (40 mg, Twice daily for prophylaxis, Qty: 60)",3,AES-256-GCM,vault-transit-key-0x6ecdfa3f,df88984ce456c34264c40818,1256c9ea0a309664a8aa9fad554cf050,0x5dc4ed37f2cecb9dbbdf2d7a0ff1f9451c3a4ca774cf7e1bcbd9dc0b3cce0904,Qmd943fe90400f8886f1bac641d4a84a34aab85c6107d7,Pinata Dedicated IPFS Gateway,0.0.4891024,2381,2026-09-13 12:01:55 UTC,0xbb729ce07882fa2e145a58a2e2cb8d437f0b95459484c72dafafc38435983477,0.0001,Pharmacy Dispensation Verification & Medication Fulfillment,Identity Verified (Wallet Protocol),Blockchain Audit Enabled
RX-0382,Siddharth Choudhury,849582,0xe6171b7a559c7f14976e84e9f7d4a4b462d525a3,Dispensed (Fulfilled),Dispensed & Fulfilled,YES,NO,YES,973.6,Dr. Sarah Jenkins,0x04Fee3FD1B338d12FFD6dBD8d66dE1e8e0BB99cB,NMC-48192,Apollo Multispecialty Hospital,MedPlus Health Hub,0x70997970C51812dc3A010C7d01b50e0d17dc79C8,DL-MP-2023-4122,"Priya Sundaram, Pharm.D.",G43.909,"Migraine, unspecified, not intractable",Neurology,"Sumatriptan Succinate (50 mg, 1 tablet at onset of migraine SOS, Qty: 10) | Naproxen Sodium (500 mg, Twice daily as needed with food, Qty: 20) | Propranolol HCl (40 mg, Twice daily for prophylaxis, Qty: 60)",3,AES-256-GCM,vault-transit-key-0xe6171b7a,907189a8e3a69976d2852667,9bd7c85504c041299ed9c5eaf50e8237,0xf54a66f3db6e871305bd22cbc2436267c61e27fbc4d8fc4464ab9a5fb080dd40,Qm1d94d75040995a32d3c77f85b6e5e1dce4fd983e340a,Pinata Dedicated IPFS Gateway,0.0.4891024,2382,2026-09-13 12:01:57 UTC,0xb7ba3b267d76331530e8c17b39b037684a9aad30dc0930913c6d37517daca673,0.0001,Pharmacy Dispensation Verification & Medication Fulfillment,Identity Verified (Wallet Protocol),Blockchain Audit Enabled
RX-0383,Sameer Deshmukh,849583,0xf0bbf4098b016349f277bb404de71dbb19f5b4cc,Dispensed (Fulfilled),Dispensed & Fulfilled,YES,NO,YES,515.39,Dr. Rajesh Sharma,0x3c44CdDdB6a900fa2b585dd299e03d12FA4293BC,NMC-78491,Apollo Multispecialty Hospital,MedPlus Health Hub,0x70997970C51812dc3A010C7d01b50e0d17dc79C8,DL-MP-2023-4122,"Priya Sundaram, Pharm.D.",I10,Essential (primary) hypertension,Cardiology,"Amlodipine Besylate (5 mg, Once Daily (Morning), Qty: 30) | Telmisartan (40 mg, Once Daily (Morning), Qty: 30)",2,AES-256-GCM,vault-transit-key-0xf0bbf409,51fad99cd0b4a2eb9cb21f5e,271434c5f5963e3c8baf5b7b8a03529d,0x4f85763b127de5eb91c9d2cf204c8fc7d81d4ee8eab6e92b277c783cfca968bc,Qm6982397982815f8ef49feabd65569a700f21ab75476e,Pinata Dedicated IPFS Gateway,0.0.4891024,2383,2026-09-13 12:01:59 UTC,0x363350fb00f2c10462101f23f7cc1bfb7542c83333965e28e00c342a8233acba,0.0001,Pharmacy Dispensation Verification & Medication Fulfillment,Identity Verified (Wallet Protocol),Blockchain Audit Enabled
RX-0384,Ananya Sharma,849584,0x7d3c983f701699468a8a76c4a21e06ae3282018d,Request Access,Unauthorized / Unlinked,NO,NO,NO,988.7,Dr. Sarah Jenkins,0x04Fee3FD1B338d12FFD6dBD8d66dE1e8e0BB99cB,NMC-48192,Apollo Multispecialty Hospital,Apex Central Clinical Dispensary,0x155Af6ECaFb48861dA7d16Fb8Af2f6ce9d6DD779,DL-AX-2026-3021,"Rajesh Nambiar, Pharm.D.",I20.9,"Angina pectoris, unspecified",Cardiology,"Nitroglycerin Sublingual (0.4 mg, PRN for chest pain, Qty: 25) | Aspirin Gastro-resistant (75 mg, Once Daily post meal, Qty: 30) | Atorvastatin Calcium (40 mg, Once Daily at Bedtime, Qty: 30)",3,AES-256-GCM,vault-transit-key-0x7d3c983f,2ba5e09604e889798a533560,b65f3c8c6e34f0163086b771891c3226,0x202dc1ed6c72809299ae8e1d96a9e919e42d98760537cd0d08de1fb3ee0ea9d4,Qm8699d898e4d97c500b8aea4e3b32465b11ce4e30db79,Pinata Dedicated IPFS Gateway,0.0.4891024,2384,2026-09-13 12:02:02 UTC,0xd21d58c30d16b17843794d43524c35f519412a78935fd5e91067dcf7353386db,0.0001,Pharmacy Dispensation Verification & Medication Fulfillment,Identity Verified (Wallet Protocol),Blockchain Audit Enabled
RX-0385,Kavya Pandey,849585,0x4e7f98c76d2b9a6ac3388622c72de809649a02f5,🔓 Decrypt RX,Pending - Ready to Decrypt,YES (Patient Consent Active),NO,NO,962.05,Dr. Ananya Roy,0x9965507D1a55bcC2695C58ba16FB37d819B0A4dc,NMC-51203,Max Super Speciality Cancer Institute,Max Wellness Pharmacy,0x28B7eA94B34C8F52D19E50Eb14769Da20F5D54b4,DL-MW-2024-7731,"Sneha Mukherjee, R.Ph.",K21.9,Gastro-esophageal reflux disease,Gastroenterology,"Pantoprazole Gastro-resistant (40 mg, Once Daily 30 min pre-breakfast, Qty: 30) | Domperidone Sustained Release (30 mg, Once Daily morning, Qty: 30) | Sucralfate Oral Suspension (1000 mg/10mL, 10 mL thrice daily before meals, Qty: 2)",3,AES-256-GCM,vault-transit-key-0x4e7f98c7,98782c1238dba6ad315fb24c,6555e0a107afdc9429dc762796a3e629,0x0c672fa84b0acc0776ad91139080aee99011f7323aa74357c83c77f5d48d3af2,Qmc728f356517cfc8667482208ea80d99c855c76fcdadb,Pinata Dedicated IPFS Gateway,0.0.4891024,2385,2026-09-13 12:02:04 UTC,0x9226027033d486da3c129074f5f126b1be2b7eda2caf641fae07f5b116e6b545,0.0001,Pharmacy Dispensation Verification & Medication Fulfillment,Identity Verified (Wallet Protocol),Blockchain Audit Enabled
RX-0386,Manish Gowda,849586,0xb12d6ada39fbd94a7b74c40fb2e526bf5cad776b,Request Access,Unauthorized / Unlinked,NO,NO,NO,516.31,Dr. Rajesh Sharma,0x3c44CdDdB6a900fa2b585dd299e03d12FA4293BC,NMC-78491,Apollo Multispecialty Hospital,Apollo Pharmacy Global,0x04Fee3FD1B338d12FFD6dBD8d66dE1e8e0BB99cB,DL-AP-2024-8901,"K. V. Raman, R.Ph.",I10,Essential (primary) hypertension,Cardiology,"Amlodipine Besylate (5 mg, Once Daily (Morning), Qty: 30) | Telmisartan (40 mg, Once Daily (Morning), Qty: 30)",2,AES-256-GCM,vault-transit-key-0xb12d6ada,a497e3765545f44eeb9a85cf,0278733d1be32e0837f5a8181a3ece81,0x3f28960235310e1d36b5fb51a9f9d9f21da2930e7884781d509f5d1b4c23c2a3,Qm400fa5a73c119f793352f46244626a94e7be55f8a361,Pinata Dedicated IPFS Gateway,0.0.4891024,2386,2026-09-13 12:02:06 UTC,0x55386e26f34a0832995b9bd4317e8b019e3b40b38a3b74d3aa262e5d1b5fc5cb,0.0001,Pharmacy Dispensation Verification & Medication Fulfillment,Identity Verified (Wallet Protocol),Blockchain Audit Enabled
RX-0387,Pooja Mehta,849587,0x315cd2e287ec62880e5e9d9f46429bcfadac6921,🔓 Decrypt RX,Pending - Ready to Decrypt,YES (Patient Consent Active),NO,NO,494.8,Dr. Sunita Narang,0xBcd4042DE499D14e55001CcbB24a551F3b954096,NMC-90812,Apex Diagnostic Reference Labs,Fortis Care Dispensary,0x84f93618C1D541bB1Dcf1373A8eE500A7D439634,DL-FC-2025-1094,"Amit Singhania, R.Ph.",I10,Essential (primary) hypertension,Cardiology,"Amlodipine Besylate (5 mg, Once Daily (Morning), Qty: 30) | Telmisartan (40 mg, Once Daily (Morning), Qty: 30)",2,AES-256-GCM,vault-transit-key-0x315cd2e2,dc6886ae986578263e96006d,5118b049857232ab1f0ba4d3578ba6af,0x6b0cc6c4df05c7f40f2b7905612b7beaf243eaf1b9ed68597f68ec86b397b5cb,Qmd1074df1ac5bca0874867b5f5c38527fd077765faf5f,Pinata Dedicated IPFS Gateway,0.0.4891024,2387,2026-09-13 12:02:09 UTC,0x6f094e96e3f77dd9ac0a01b5f21faa8335316e415c3e262ef407c4fd412605b3,0.0001,Pharmacy Dispensation Verification & Medication Fulfillment,Identity Verified (Wallet Protocol),Blockchain Audit Enabled
RX-0388,Nandini Choudhury,849588,0xc7adba81108b1d145cd4a1136d7297161c5372a5,🔓 Decrypt RX,Pending - Ready to Decrypt,YES (Patient Consent Active),NO,NO,998.23,Dr. Ananya Roy,0x9965507D1a55bcC2695C58ba16FB37d819B0A4dc,NMC-51203,Max Super Speciality Cancer Institute,Fortis Care Dispensary,0x84f93618C1D541bB1Dcf1373A8eE500A7D439634,DL-FC-2025-1094,"Amit Singhania, R.Ph.",I20.9,"Angina pectoris, unspecified",Cardiology,"Nitroglycerin Sublingual (0.4 mg, PRN for chest pain, Qty: 25) | Aspirin Gastro-resistant (75 mg, Once Daily post meal, Qty: 30) | Atorvastatin Calcium (40 mg, Once Daily at Bedtime, Qty: 30)",3,AES-256-GCM,vault-transit-key-0xc7adba81,654cc0e9a8e35fc13d0d9b2a,a90a05de5f604a2227d7b0b3071ddfba,0x9d37f43abef65520d74e59c14e99a680fa5b13f2444af59b850afcb901760a05,Qmacafd1793e73250f2923026cd6233bfa284f57d912bf,Pinata Dedicated IPFS Gateway,0.0.4891024,2388,2026-09-13 12:02:11 UTC,0x02d5356ab926871816dfd92fcf492e083db1c802ec53f7243ef50bbe7074af48,0.0001,Pharmacy Dispensation Verification & Medication Fulfillment,Identity Verified (Wallet Protocol),Blockchain Audit Enabled
RX-0389,Chetan Malhotra,849589,0x1fae9d6f80d1986136bbde7a1505a543871abae2,⏳ Waiting for Approval,Access Pending Approval,NO,YES,NO,443.89,Dr. Rajesh Sharma,0x3c44CdDdB6a900fa2b585dd299e03d12FA4293BC,NMC-78491,Apollo Multispecialty Hospital,Max Wellness Pharmacy,0x28B7eA94B34C8F52D19E50Eb14769Da20F5D54b4,DL-MW-2024-7731,"Sneha Mukherjee, R.Ph.",J06.9,Acute upper respiratory infection,Pediatrics / General,"Amoxicillin + Potassium Clavulanate (625 mg, Twice Daily post food, Qty: 14) | Paracetamol (650 mg, Thrice daily post meals SOS, Qty: 15) | Levocetirizine Dihydrochloride (5 mg, Once Daily at Bedtime, Qty: 7)",3,AES-256-GCM,vault-transit-key-0x1fae9d6f,40f73fc7af2eb37df42365a2,b27be8bdc61d39e60603f00173d7ccf8,0x77128e3c9e220dc28b10ee8bc05e36f736a4ec0aa3a2a4c812958c203067e3a6,Qmfcca1048d0187cfc1193b84641f02a7cf1541312e55c,Pinata Dedicated IPFS Gateway,0.0.4891024,2389,2026-09-13 12:02:14 UTC,0xf1c93ef9992905673ced16e7fde6ef5d61923f8f92310e53a29a100881752158,0.0001,Pharmacy Dispensation Verification & Medication Fulfillment,Identity Verified (Wallet Protocol),Blockchain Audit Enabled
RX-0390,Manish Shetty,849590,0x0d53081e85a6d6fb951b4f1837cf3b41842f0748,Dispensed (Fulfilled),Dispensed & Fulfilled,YES,NO,YES,1477.68,Dr. Sarah Jenkins,0x04Fee3FD1B338d12FFD6dBD8d66dE1e8e0BB99cB,NMC-48192,Apollo Multispecialty Hospital,Apollo Pharmacy Global,0x04Fee3FD1B338d12FFD6dBD8d66dE1e8e0BB99cB,DL-AP-2024-8901,"K. V. Raman, R.Ph.",G40.909,"Epilepsy, unspecified",Neurology,"Levetiracetam (500 mg, Twice Daily morning & evening, Qty: 60) | Clobazam (10 mg, Once Daily at Bedtime, Qty: 30)",2,AES-256-GCM,vault-transit-key-0x0d53081e,221011d2d90996fcac3a0d0e,606d9160cf9146ec46f838193f30005c,0x821fe7655c1077d384fe34c0bec0e5200c40f6e3dde588789402088c2c3b1b78,Qm7491d297572ae487f5a6ab24af7bb9868d1ca98b88c3,Pinata Dedicated IPFS Gateway,0.0.4891024,2390,2026-09-13 12:02:16 UTC,0x24eecc506ef013f21380fa9e684180c13c4f0b3ab34d42d9f425c81adc3b3522,0.0001,Pharmacy Dispensation Verification & Medication Fulfillment,Identity Verified (Wallet Protocol),Blockchain Audit Enabled
RX-0391,Anand Nair,849591,0x219553bc4a1528e11e641af422f74d7790c8f36a,Dispensed (Fulfilled),Dispensed & Fulfilled,YES,NO,YES,964.6,Dr. Preeti Deshmukh,0x23618e81E3f5cdF7f54C3d65f7FBc0aBf5B21E8f,NMC-82194,Care & Cure Pediatric & Maternity Hospital,Apex Central Clinical Dispensary,0x155Af6ECaFb48861dA7d16Fb8Af2f6ce9d6DD779,DL-AX-2026-3021,"Rajesh Nambiar, Pharm.D.",K21.9,Gastro-esophageal reflux disease,Gastroenterology,"Pantoprazole Gastro-resistant (40 mg, Once Daily 30 min pre-breakfast, Qty: 30) | Domperidone Sustained Release (30 mg, Once Daily morning, Qty: 30) | Sucralfate Oral Suspension (1000 mg/10mL, 10 mL thrice daily before meals, Qty: 2)",3,AES-256-GCM,vault-transit-key-0x219553bc,c55409567874e10df677aa11,f85669e9be5a82c0c899902e78d1a510,0x81a490621f0fedb6b0a082f324de66de42d9729dc6b79800a4411b8066fd49d0,Qmac20593e9a0e3ea8a92f94e2632ddd33b0821c38b4dd,Pinata Dedicated IPFS Gateway,0.0.4891024,2391,2026-09-13 12:02:19 UTC,0x547060c29bcd0db1a17907f9f9ec869c057acf21a479daa33ccbfa94f2532386,0.0001,Pharmacy Dispensation Verification & Medication Fulfillment,Identity Verified (Wallet Protocol),Blockchain Audit Enabled
RX-0392,Pooja Pillai,849592,0xb8aa93ed171553f4a8eef709f27773fc73ac3ab3,🔓 Decrypt RX,Pending - Ready to Decrypt,YES (Patient Consent Active),NO,NO,206.11,Dr. Rohan Patel,0x976EA74026E726554dB657fA54763abd0C3a0aa9,NMC-11029,Fortis Memorial Neuro & Trauma Center,Apex Central Clinical Dispensary,0x155Af6ECaFb48861dA7d16Fb8Af2f6ce9d6DD779,DL-AX-2026-3021,"Rajesh Nambiar, Pharm.D.",E03.9,"Hypothyroidism, unspecified",Endocrinology,"Levothyroxine Sodium (50 mcg, Once Daily on empty stomach, Qty: 60)",1,AES-256-GCM,vault-transit-key-0xb8aa93ed,c1b7cf54cd1b4d973bd31536,0ac62e94be5e7dec275839b373e7a494,0x47cd244e557868e8b5b91cc0b546b8dd6977512499d5f8cae515f4c42518f508,Qm3856b6fbd4e42cf8e96a5e4632ccf3e7d123a837c2f2,Pinata Dedicated IPFS Gateway,0.0.4891024,2392,2026-09-13 12:02:21 UTC,0x7b680a6cc9594829a1114a5b49ec315b4bfc527a374038bb0ad3578265114305,0.0001,Pharmacy Dispensation Verification & Medication Fulfillment,Identity Verified (Wallet Protocol),Blockchain Audit Enabled
RX-0393,Madhav Swaminathan,849593,0xfc5f5983fe6ecd6f22a180b8d46927e779eee789,Request Access,Unauthorized / Unlinked,NO,NO,NO,1617.91,Dr. Sarah Jenkins,0x04Fee3FD1B338d12FFD6dBD8d66dE1e8e0BB99cB,NMC-48192,Apollo Multispecialty Hospital,Apex Central Clinical Dispensary,0x155Af6ECaFb48861dA7d16Fb8Af2f6ce9d6DD779,DL-AX-2026-3021,"Rajesh Nambiar, Pharm.D.",E11.65,Type 2 diabetes mellitus with hyperglycemia,Endocrinology,"Insulin Glargine Solostar (100 IU/mL, 14 Units Once Daily at Bedtime, Qty: 2) | Metformin XR (1000 mg, Once Daily post dinner, Qty: 30)",2,AES-256-GCM,vault-transit-key-0xfc5f5983,2a20f669b0307adfaacafafe,7c46f29acfa9906c84b0d1ee95daa208,0x0f0ea1008643f42a21727ef1c7f976bc1c77d0aac3cadb2bfbc1a7268acdf364,Qmbf071bfb10ece1a2540a6f843eca16347c38083a176b,Pinata Dedicated IPFS Gateway,0.0.4891024,2393,2026-09-13 12:02:23 UTC,0x3ffa66df28666f4f38bbc5735147ac2b2a232570ae46f3460960eb09e3bbc2e3,0.0001,Pharmacy Dispensation Verification & Medication Fulfillment,Identity Verified (Wallet Protocol),Blockchain Audit Enabled
RX-0394,Siddharth Mishra,849594,0x6600e3b2c06a83d9d2ceb00dc617a7692c9ca495,🔓 Decrypt RX,Pending - Ready to Decrypt,YES (Patient Consent Active),NO,NO,1609.99,Dr. Sunita Narang,0xBcd4042DE499D14e55001CcbB24a551F3b954096,NMC-90812,Apex Diagnostic Reference Labs,Fortis Care Dispensary,0x84f93618C1D541bB1Dcf1373A8eE500A7D439634,DL-FC-2025-1094,"Amit Singhania, R.Ph.",E11.65,Type 2 diabetes mellitus with hyperglycemia,Endocrinology,"Insulin Glargine Solostar (100 IU/mL, 14 Units Once Daily at Bedtime, Qty: 2) | Metformin XR (1000 mg, Once Daily post dinner, Qty: 30)",2,AES-256-GCM,vault-transit-key-0x6600e3b2,de88b7fcfb3372e9bd550bd1,93b836ced37a0f77e02797c23aafc033,0x1ff61be956e7a29fca080a2cea7980b71e55d521a8af437688e056bd4a8ca89b,Qmce41febc069450fc549ec9a52bddbb4786c641cfa7df,Pinata Dedicated IPFS Gateway,0.0.4891024,2394,2026-09-13 12:02:25 UTC,0xc0853fdf3e2af20e78b4f56bcc6dec6bccb3b4616b613ae4ab6a17f682469688,0.0001,Pharmacy Dispensation Verification & Medication Fulfillment,Identity Verified (Wallet Protocol),Blockchain Audit Enabled
RX-0395,Vikas Swaminathan,849595,0x1bb0f84b305af465fa4f4cdeb51b6c46a6922aaf,Request Access,Unauthorized / Unlinked,NO,NO,NO,216.4,Dr. Ananya Roy,0x9965507D1a55bcC2695C58ba16FB37d819B0A4dc,NMC-51203,Max Super Speciality Cancer Institute,MedPlus Health Hub,0x70997970C51812dc3A010C7d01b50e0d17dc79C8,DL-MP-2023-4122,"Priya Sundaram, Pharm.D.",E03.9,"Hypothyroidism, unspecified",Endocrinology,"Levothyroxine Sodium (50 mcg, Once Daily on empty stomach, Qty: 60)",1,AES-256-GCM,vault-transit-key-0x1bb0f84b,baada6c605efb40b65af5e16,5d05d08c3e4f45830fd321a634a624e2,0xa2cc159e11a60206191cad388eb420a4bd6f4dddecd415e6d36f11fca42fd668,Qm8ab0f8b866b48c33c02b1d1cf103cb94775599453e39,Pinata Dedicated IPFS Gateway,0.0.4891024,2395,2026-09-13 12:02:28 UTC,0xde2f5f6da1d56c15f397fd193550300ec5a42687931d8bc8d086a79179ff9c5d,0.0001,Pharmacy Dispensation Verification & Medication Fulfillment,Identity Verified (Wallet Protocol),Blockchain Audit Enabled
RX-0396,Madhav Rao,849596,0x1313e1598ae7adcf0517a9a6a85ca7bcb00c6142,⏳ Waiting for Approval,Access Pending Approval,NO,YES,NO,509.88,Dr. Rajesh Sharma,0x3c44CdDdB6a900fa2b585dd299e03d12FA4293BC,NMC-78491,Apollo Multispecialty Hospital,MedPlus Health Hub,0x70997970C51812dc3A010C7d01b50e0d17dc79C8,DL-MP-2023-4122,"Priya Sundaram, Pharm.D.",I10,Essential (primary) hypertension,Cardiology,"Amlodipine Besylate (5 mg, Once Daily (Morning), Qty: 30) | Telmisartan (40 mg, Once Daily (Morning), Qty: 30)",2,AES-256-GCM,vault-transit-key-0x1313e159,2359c0d69ae32da3bb61795e,392c92e9d47f6fe72b5106e39b0d422f,0x5789076b6ddf09398b318a7ea000ba65a1e749ae3fb6db32b76b7ab9d75ee705,Qm30be386d70712de26157f982b181ebef3692250145de,Pinata Dedicated IPFS Gateway,0.0.4891024,2396,2026-09-13 12:02:30 UTC,0xe0c52fe7924d5e1bdac1de5a177e1b8b68a0ff3fc6650b31df0141a91b57730f,0.0001,Pharmacy Dispensation Verification & Medication Fulfillment,Identity Verified (Wallet Protocol),Blockchain Audit Enabled
RX-0397,Sakshi Malhotra,849597,0x91aaa5275db8c3ba56a874252c291d12e9ff0e81,Request Access,Unauthorized / Unlinked,NO,NO,NO,430.03,Dr. Rajesh Sharma,0x3c44CdDdB6a900fa2b585dd299e03d12FA4293BC,NMC-78491,Apollo Multispecialty Hospital,Max Wellness Pharmacy,0x28B7eA94B34C8F52D19E50Eb14769Da20F5D54b4,DL-MW-2024-7731,"Sneha Mukherjee, R.Ph.",J06.9,Acute upper respiratory infection,Pediatrics / General,"Amoxicillin + Potassium Clavulanate (625 mg, Twice Daily post food, Qty: 14) | Paracetamol (650 mg, Thrice daily post meals SOS, Qty: 15) | Levocetirizine Dihydrochloride (5 mg, Once Daily at Bedtime, Qty: 7)",3,AES-256-GCM,vault-transit-key-0x91aaa527,07f9037cbf51bb47b9a7bbeb,94381ac7c630f85b69eb07d7bbfeeeac,0x442dc083922a3d6606678ee651423d0f2b9d7549851697cf602f1b46e99b736d,Qm8980dad84a8a211d8a6f0f3245071058c600b506bf3e,Pinata Dedicated IPFS Gateway,0.0.4891024,2397,2026-09-13 12:02:33 UTC,0x374e9f4b4c74128d97e0d692cf418ea494ee89f5c9cefd2c46c43534933a7ae9,0.0001,Pharmacy Dispensation Verification & Medication Fulfillment,Identity Verified (Wallet Protocol),Blockchain Audit Enabled
RX-0398,Gautam Swaminathan,849598,0x73dc42d982429a135a4b761e25bc4dd247025dab,Dispensed (Fulfilled),Dispensed & Fulfilled,YES,NO,YES,981.31,Dr. Rajesh Sharma,0x3c44CdDdB6a900fa2b585dd299e03d12FA4293BC,NMC-78491,Apollo Multispecialty Hospital,Max Wellness Pharmacy,0x28B7eA94B34C8F52D19E50Eb14769Da20F5D54b4,DL-MW-2024-7731,"Sneha Mukherjee, R.Ph.",I20.9,"Angina pectoris, unspecified",Cardiology,"Nitroglycerin Sublingual (0.4 mg, PRN for chest pain, Qty: 25) | Aspirin Gastro-resistant (75 mg, Once Daily post meal, Qty: 30) | Atorvastatin Calcium (40 mg, Once Daily at Bedtime, Qty: 30)",3,AES-256-GCM,vault-transit-key-0x73dc42d9,9cea1fe9ffbfbaa1a5e25de4,4ebb63b73e969c84bae7c10328303913,0x37c39edaf3c4ec21b00057157d109445ad096531ef8be4190abf8571ef26b73a,Qm16a879984bea94ceac967c6bb1c36dceb9a282d68d69,Pinata Dedicated IPFS Gateway,0.0.4891024,2398,2026-09-13 12:02:35 UTC,0x88dae2355761e758bc3660a67d7b1906349fb09cda43c9ebd97cbb3e7b6b206d,0.0001,Pharmacy Dispensation Verification & Medication Fulfillment,Identity Verified (Wallet Protocol),Blockchain Audit Enabled
RX-0399,Rakesh Hegde,849599,0xac0c75498a0c56421eba52e6bd7d7c056577736d,⏳ Waiting for Approval,Access Pending Approval,NO,YES,NO,997.58,Dr. Vikram Seth,0x15d34AAf54267DB7D7c367839AAf71A00a2C6A65,NMC-99014,Max Super Speciality Cancer Institute,Apollo Pharmacy Global,0x04Fee3FD1B338d12FFD6dBD8d66dE1e8e0BB99cB,DL-AP-2024-8901,"K. V. Raman, R.Ph.",G43.909,"Migraine, unspecified, not intractable",Neurology,"Sumatriptan Succinate (50 mg, 1 tablet at onset of migraine SOS, Qty: 10) | Naproxen Sodium (500 mg, Twice daily as needed with food, Qty: 20) | Propranolol HCl (40 mg, Twice daily for prophylaxis, Qty: 60)",3,AES-256-GCM,vault-transit-key-0xac0c7549,fd7e50cebd8b2d60b412ad93,8004532f8e94fed95a4e886026e19ffe,0x6c5274b238476f43b70aced7dff74b65e49aaa284e2ef0b888ccfbe5b449cea3,Qm80b327c8777b3ba39c09483f3080dd7c76fd2e01d2a0,Pinata Dedicated IPFS Gateway,0.0.4891024,2399,2026-09-13 12:02:38 UTC,0xa4b3c91d5b6f78e3498e74a9e5a79ef6dccaa01a9811acc603ceebd50d4a5aed,0.0001,Pharmacy Dispensation Verification & Medication Fulfillment,Identity Verified (Wallet Protocol),Blockchain Audit Enabled
RX-0400,Sneha Shetty,849600,0x1ce238770d0dae514d0ef2c94937825d6ba6264a,🔓 Decrypt RX,Pending - Ready to Decrypt,YES (Patient Consent Active),NO,NO,194.58,Dr. Ananya Roy,0x9965507D1a55bcC2695C58ba16FB37d819B0A4dc,NMC-51203,Max Super Speciality Cancer Institute,Apollo Pharmacy Global,0x04Fee3FD1B338d12FFD6dBD8d66dE1e8e0BB99cB,DL-AP-2024-8901,"K. V. Raman, R.Ph.",E03.9,"Hypothyroidism, unspecified",Endocrinology,"Levothyroxine Sodium (50 mcg, Once Daily on empty stomach, Qty: 60)",1,AES-256-GCM,vault-transit-key-0x1ce23877,7c479260944a67a0c608f4c5,4778c8a543054e0f7159cfead181474f,0x387672bf2b3875e870bf022bc1feeb5dd9761aa8106c09d2587cc0ab3a4b242c,Qm34c0efa14dd1ff69aa803f38270bfedf2c913e7405ce,Pinata Dedicated IPFS Gateway,0.0.4891024,2400,2026-09-13 12:02:40 UTC,0xf8b3d19553151b5970b38f58e92509db7dc9ea43feee1aa8c5fce937659def67,0.0001,Pharmacy Dispensation Verification & Medication Fulfillment,Identity Verified (Wallet Protocol),Blockchain Audit Enabled
RX-0401,Sameer Hegde,849601,0x79407fbf4bdeee67093a356ee644f7625bf9b038,Dispensed (Fulfilled),Dispensed & Fulfilled,YES,NO,YES,977.01,Dr. Rohan Patel,0x976EA74026E726554dB657fA54763abd0C3a0aa9,NMC-11029,Fortis Memorial Neuro & Trauma Center,Apollo Pharmacy Global,0x04Fee3FD1B338d12FFD6dBD8d66dE1e8e0BB99cB,DL-AP-2024-8901,"K. V. Raman, R.Ph.",G43.909,"Migraine, unspecified, not intractable",Neurology,"Sumatriptan Succinate (50 mg, 1 tablet at onset of migraine SOS, Qty: 10) | Naproxen Sodium (500 mg, Twice daily as needed with food, Qty: 20) | Propranolol HCl (40 mg, Twice daily for prophylaxis, Qty: 60)",3,AES-256-GCM,vault-transit-key-0x79407fbf,e97b0e23b20c89930503af01,24de0b2a3f779de2c1584e5c2b2d3bfb,0xe2ded4c011c7f9111c6b5f624460bd71636bc9c7ec46767b4357e5f20c8e5a22,Qm3f12095b9f0e7571b5763658e73f24dbdedb162a80fe,Pinata Dedicated IPFS Gateway,0.0.4891024,2401,2026-09-13 12:02:42 UTC,0x25b4f8c8b9016948e0411faabd466fdfe5bf67bf9da4b24874b124302edd706f,0.0001,Pharmacy Dispensation Verification & Medication Fulfillment,Identity Verified (Wallet Protocol),Blockchain Audit Enabled
RX-0402,Siddharth Verma,849602,0x7a7ee018c207777b8e4fb236ebbd0631258f1ffa,Request Access,Unauthorized / Unlinked,NO,NO,NO,214.64,Dr. Sarah Jenkins,0x04Fee3FD1B338d12FFD6dBD8d66dE1e8e0BB99cB,NMC-48192,Apollo Multispecialty Hospital,Apollo Pharmacy Global,0x04Fee3FD1B338d12FFD6dBD8d66dE1e8e0BB99cB,DL-AP-2024-8901,"K. V. Raman, R.Ph.",E03.9,"Hypothyroidism, unspecified",Endocrinology,"Levothyroxine Sodium (50 mcg, Once Daily on empty stomach, Qty: 60)",1,AES-256-GCM,vault-transit-key-0x7a7ee018,8edb7f0d768508420caaae35,001bbc517b1062d96f1b46f863da4599,0x2551f6074b8f0639468dd84c0baef7b401f301563585dfe7596eb6e87a280831,Qm25b4f791fc923364d7e4a5c9dd05a2481b9421ac49aa,Pinata Dedicated IPFS Gateway,0.0.4891024,2402,2026-09-13 12:02:45 UTC,0xe76509bce3541948acae4229901c3b074b9d8c427467a41ecdc6e8eeb692e4e1,0.0001,Pharmacy Dispensation Verification & Medication Fulfillment,Identity Verified (Wallet Protocol),Blockchain Audit Enabled
RX-0403,Varun Gowda,849603,0xa0398706ddaba31f0b9bc5c069df86c5cb2f15c2,🔓 Decrypt RX,Pending - Ready to Decrypt,YES (Patient Consent Active),NO,NO,999.63,Dr. Rajesh Sharma,0x3c44CdDdB6a900fa2b585dd299e03d12FA4293BC,NMC-78491,Apollo Multispecialty Hospital,Max Wellness Pharmacy,0x28B7eA94B34C8F52D19E50Eb14769Da20F5D54b4,DL-MW-2024-7731,"Sneha Mukherjee, R.Ph.",G43.909,"Migraine, unspecified, not intractable",Neurology,"Sumatriptan Succinate (50 mg, 1 tablet at onset of migraine SOS, Qty: 10) | Naproxen Sodium (500 mg, Twice daily as needed with food, Qty: 20) | Propranolol HCl (40 mg, Twice daily for prophylaxis, Qty: 60)",3,AES-256-GCM,vault-transit-key-0xa0398706,7511bafc2acd31bb5d5e4e36,5ad9864a94c0b52eedf996d1f55946f2,0xd5e44fbd9b3ec5537ca99a5cfa5a61ab4b0cfd65cb23f807f0c372768409231c,Qmd895bf057713a8618063737d600ee3c6438fd0b1a8cf,Pinata Dedicated IPFS Gateway,0.0.4891024,2403,2026-09-13 12:02:47 UTC,0xd91a6e97a8208556785f44ef7a915ab2e176691a045fb5d8bec11294cf8a62ed,0.0001,Pharmacy Dispensation Verification & Medication Fulfillment,Identity Verified (Wallet Protocol),Blockchain Audit Enabled
RX-0404,Nikhil Deshmukh,849604,0xc89a1dca600faedd901645981d1df8d451d2739e,⏳ Waiting for Approval,Access Pending Approval,NO,YES,NO,948.0,Dr. Rajesh Sharma,0x3c44CdDdB6a900fa2b585dd299e03d12FA4293BC,NMC-78491,Apollo Multispecialty Hospital,Apollo Pharmacy Global,0x04Fee3FD1B338d12FFD6dBD8d66dE1e8e0BB99cB,DL-AP-2024-8901,"K. V. Raman, R.Ph.",K21.9,Gastro-esophageal reflux disease,Gastroenterology,"Pantoprazole Gastro-resistant (40 mg, Once Daily 30 min pre-breakfast, Qty: 30) | Domperidone Sustained Release (30 mg, Once Daily morning, Qty: 30) | Sucralfate Oral Suspension (1000 mg/10mL, 10 mL thrice daily before meals, Qty: 2)",3,AES-256-GCM,vault-transit-key-0xc89a1dca,d4699cc9fcc643e6a30ac5d1,c57f883c41da14a4021a9fd3c0b98c39,0x88b9f82a97e2763c55f31a5363c78d5a43ea262aca1728aca697ec7b657ab8a8,Qm6999ce24da98723a944a33c9ae5d9e645d9c767b4819,Pinata Dedicated IPFS Gateway,0.0.4891024,2404,2026-09-13 12:02:50 UTC,0x42f5f3af840afa7b22e5bb3a6a0127e43ec11b745dbbc76013882f8fb3fddc53,0.0001,Pharmacy Dispensation Verification & Medication Fulfillment,Identity Verified (Wallet Protocol),Blockchain Audit Enabled
RX-0405,Manish Choudhury,849605,0x8b1eb246c3db68625c0d55fbefdaf09e16a6c978,🔓 Decrypt RX,Pending - Ready to Decrypt,YES (Patient Consent Active),NO,NO,988.17,Dr. Vikram Seth,0x15d34AAf54267DB7D7c367839AAf71A00a2C6A65,NMC-99014,Max Super Speciality Cancer Institute,Apex Central Clinical Dispensary,0x155Af6ECaFb48861dA7d16Fb8Af2f6ce9d6DD779,DL-AX-2026-3021,"Rajesh Nambiar, Pharm.D.",I20.9,"Angina pectoris, unspecified",Cardiology,"Nitroglycerin Sublingual (0.4 mg, PRN for chest pain, Qty: 25) | Aspirin Gastro-resistant (75 mg, Once Daily post meal, Qty: 30) | Atorvastatin Calcium (40 mg, Once Daily at Bedtime, Qty: 30)",3,AES-256-GCM,vault-transit-key-0x8b1eb246,a9dc85a78030958d07d0844a,e5d342482f019fca6e3d56a33d753934,0x260acebd5739707dd9c2af3369769cc1a10ebb36a416ba0731fd55317955b04f,Qm2b853800baf65458275421758a571913b9d950f7cb98,Pinata Dedicated IPFS Gateway,0.0.4891024,2405,2026-09-13 12:02:52 UTC,0xd99d6efc18e3999378249aaa4415df25458cefddf4f8c69678a3376c039b5c0e,0.0001,Pharmacy Dispensation Verification & Medication Fulfillment,Identity Verified (Wallet Protocol),Blockchain Audit Enabled
RX-0406,Madhav Gupta,849606,0xae88221db615d2ef209b828ea5265b7fd5d576ce,Dispensed (Fulfilled),Dispensed & Fulfilled,YES,NO,YES,930.74,Dr. Sarah Jenkins,0x04Fee3FD1B338d12FFD6dBD8d66dE1e8e0BB99cB,NMC-48192,Apollo Multispecialty Hospital,MedPlus Health Hub,0x70997970C51812dc3A010C7d01b50e0d17dc79C8,DL-MP-2023-4122,"Priya Sundaram, Pharm.D.",A90,Dengue fever [classical dengue],Infectious Disease,"Paracetamol Infusion / Tab (650 mg, Every 6 hours SOS fever > 100°F, Qty: 20) | Carica Papaya Leaf Extract (1100 mg, Thrice Daily post food, Qty: 21) | Oral Rehydration Salts (WHO formula) (21.8 g sachet, 1 sachet in 1L water daily, Qty: 7)",3,AES-256-GCM,vault-transit-key-0xae88221d,7d2938f7ef080a7fd9ce4562,cd6d0ac7315838e99e28c5b8ebaf67f5,0xe69fa38d45a536e0bce52ef076466900ecee1e34d84007f693ee81a8af05f8d6,Qm15d8735d606f4b1a5a4c2dc0b51ed40d732e427e4ec6,Pinata Dedicated IPFS Gateway,0.0.4891024,2406,2026-09-13 12:02:54 UTC,0xcf10d6ba5a9aaba93ac53763da1e598f679dbc7f3dc7a73e17996f0b7ea0ba38,0.0001,Pharmacy Dispensation Verification & Medication Fulfillment,Identity Verified (Wallet Protocol),Blockchain Audit Enabled
RX-0407,Chetan Kapoor,849607,0x879b9058cf54d8a8de194f4a8f22510558b0549a,⏳ Waiting for Approval,Access Pending Approval,NO,YES,NO,938.81,Dr. Sunita Narang,0xBcd4042DE499D14e55001CcbB24a551F3b954096,NMC-90812,Apex Diagnostic Reference Labs,MedPlus Health Hub,0x70997970C51812dc3A010C7d01b50e0d17dc79C8,DL-MP-2023-4122,"Priya Sundaram, Pharm.D.",K21.9,Gastro-esophageal reflux disease,Gastroenterology,"Pantoprazole Gastro-resistant (40 mg, Once Daily 30 min pre-breakfast, Qty: 30) | Domperidone Sustained Release (30 mg, Once Daily morning, Qty: 30) | Sucralfate Oral Suspension (1000 mg/10mL, 10 mL thrice daily before meals, Qty: 2)",3,AES-256-GCM,vault-transit-key-0x879b9058,fda8074db64b0316b0bff489,fdd65fef5abd485a9e8ee2b0ff75bea9,0x99ac24c738d88f2bbad045ba53a420225808e78fbf1ceccb04213ffd7ca4e468,Qm72a01af2157f15981212fb92ec0674c7bdfa117b83f3,Pinata Dedicated IPFS Gateway,0.0.4891024,2407,2026-09-13 12:02:57 UTC,0x0abf01cc579d7dd14a20008d3b68fac87ce1db07a3f9ef2552c8cc109f966f7c,0.0001,Pharmacy Dispensation Verification & Medication Fulfillment,Identity Verified (Wallet Protocol),Blockchain Audit Enabled
RX-0408,Rakesh Saxena,849608,0x0236a60a59dcc7448ba24e17615e6417373ba71f,⏳ Waiting for Approval,Access Pending Approval,NO,YES,NO,3325.56,Dr. Sunita Narang,0xBcd4042DE499D14e55001CcbB24a551F3b954096,NMC-90812,Apex Diagnostic Reference Labs,Fortis Care Dispensary,0x84f93618C1D541bB1Dcf1373A8eE500A7D439634,DL-FC-2025-1094,"Amit Singhania, R.Ph.",C61,Malignant neoplasm of prostate,Oncology,"Bicalutamide (50 mg, Once Daily morning, Qty: 30) | Tamsulosin HCl (0.4 mg, Once Daily 30 min after same meal, Qty: 30)",2,AES-256-GCM,vault-transit-key-0x0236a60a,6544a6852a217e3a2d683f4a,66906d2c73bdb13bd44c9d58f027687a,0x224163091090c532b50a896b9573df2c4f83824ff1b838d7c11f38bfc814ea48,Qm99f85b8a353e0c542e2c7722f73c461bf74e4cd09dc2,Pinata Dedicated IPFS Gateway,0.0.4891024,2408,2026-09-13 12:02:59 UTC,0x45c21721e0d939a7f4cf6272d2a788fc12e251e514c238cd68cd1fb8c425d99b,0.0001,Pharmacy Dispensation Verification & Medication Fulfillment,Identity Verified (Wallet Protocol),Blockchain Audit Enabled
RX-0409,Manish Gupta,849609,0x3e0d418b4c1779ee402524e804cbd26031c1be9d,🔓 Decrypt RX,Pending - Ready to Decrypt,YES (Patient Consent Active),NO,NO,963.31,Dr. Rajesh Sharma,0x3c44CdDdB6a900fa2b585dd299e03d12FA4293BC,NMC-78491,Apollo Multispecialty Hospital,Apollo Pharmacy Global,0x04Fee3FD1B338d12FFD6dBD8d66dE1e8e0BB99cB,DL-AP-2024-8901,"K. V. Raman, R.Ph.",K21.9,Gastro-esophageal reflux disease,Gastroenterology,"Pantoprazole Gastro-resistant (40 mg, Once Daily 30 min pre-breakfast, Qty: 30) | Domperidone Sustained Release (30 mg, Once Daily morning, Qty: 30) | Sucralfate Oral Suspension (1000 mg/10mL, 10 mL thrice daily before meals, Qty: 2)",3,AES-256-GCM,vault-transit-key-0x3e0d418b,1ce5c04e2982738c51335bc6,e8761cd56a5e37cb9fab50a4fc18e755,0x0a6d1c5fc05ff01aa472a91a3e0ac9502f335de033906bdf8965f5794ec1a230,Qm7e538771833cadfd6e289972c91352702d74b8810c76,Pinata Dedicated IPFS Gateway,0.0.4891024,2409,2026-09-13 12:03:02 UTC,0xa1f9b4698f7d37a47a4755068c17485eca49bb080ce9ee75185a8ab0dce6ee9c,0.0001,Pharmacy Dispensation Verification & Medication Fulfillment,Identity Verified (Wallet Protocol),Blockchain Audit Enabled
RX-0410,Rakesh Sharma,849610,0x36e336b6b15647c63756d92d0185b47053622e4d,🔓 Decrypt RX,Pending - Ready to Decrypt,YES (Patient Consent Active),NO,NO,1629.05,Dr. Vikram Seth,0x15d34AAf54267DB7D7c367839AAf71A00a2C6A65,NMC-99014,Max Super Speciality Cancer Institute,Fortis Care Dispensary,0x84f93618C1D541bB1Dcf1373A8eE500A7D439634,DL-FC-2025-1094,"Amit Singhania, R.Ph.",E11.65,Type 2 diabetes mellitus with hyperglycemia,Endocrinology,"Insulin Glargine Solostar (100 IU/mL, 14 Units Once Daily at Bedtime, Qty: 2) | Metformin XR (1000 mg, Once Daily post dinner, Qty: 30)",2,AES-256-GCM,vault-transit-key-0x36e336b6,fde42ceefb5a4f42967bb803,294ebad99cc3bd3e3c5fc47a784812c9,0x3d5886d791d176bf6510d1325b677f49d24f2e84da41a27569165565e2e588f0,Qma0bac36a6f7d5e680571ae3fbd0dace1dd07c0ae0271,Pinata Dedicated IPFS Gateway,0.0.4891024,2410,2026-09-13 12:03:04 UTC,0xfa8b8268d1b2e113fcf11d74dedb7d2c6fb2ca9d2dbe2d573068c6e783ee05d3,0.0001,Pharmacy Dispensation Verification & Medication Fulfillment,Identity Verified (Wallet Protocol),Blockchain Audit Enabled
RX-0411,Nikhil Hegde,849611,0x15b862f2c34f701bba1c87368f7c6fd42f267d0e,🔓 Decrypt RX,Pending - Ready to Decrypt,YES (Patient Consent Active),NO,NO,504.59,Dr. Sarah Jenkins,0x04Fee3FD1B338d12FFD6dBD8d66dE1e8e0BB99cB,NMC-48192,Apollo Multispecialty Hospital,MedPlus Health Hub,0x70997970C51812dc3A010C7d01b50e0d17dc79C8,DL-MP-2023-4122,"Priya Sundaram, Pharm.D.",I10,Essential (primary) hypertension,Cardiology,"Amlodipine Besylate (5 mg, Once Daily (Morning), Qty: 30) | Telmisartan (40 mg, Once Daily (Morning), Qty: 30)",2,AES-256-GCM,vault-transit-key-0x15b862f2,5bfb42d1d03aa8ec68e38a8f,8edea8cb48fa7241ff5beddbcbb9c15b,0x6fbb6c61277c86c72a1edec26dc56b78bfe60e75b830100c83fab6b9803a6bca,Qm67f0d746432b9579fe9b421246c455b70183aa53c6ec,Pinata Dedicated IPFS Gateway,0.0.4891024,2411,2026-09-13 12:03:07 UTC,0xf4fb9fb53a6b644e43fdc2487ea86b3e1c53bef66c823fec1319d479eb59de01,0.0001,Pharmacy Dispensation Verification & Medication Fulfillment,Identity Verified (Wallet Protocol),Blockchain Audit Enabled
RX-0412,Amit Hegde,849612,0x69f4adb9a0b486a0c0174c50b6666c42013961bf,Dispensed (Fulfilled),Dispensed & Fulfilled,YES,NO,YES,1618.5,Dr. Rohan Patel,0x976EA74026E726554dB657fA54763abd0C3a0aa9,NMC-11029,Fortis Memorial Neuro & Trauma Center,Apex Central Clinical Dispensary,0x155Af6ECaFb48861dA7d16Fb8Af2f6ce9d6DD779,DL-AX-2026-3021,"Rajesh Nambiar, Pharm.D.",E11.65,Type 2 diabetes mellitus with hyperglycemia,Endocrinology,"Insulin Glargine Solostar (100 IU/mL, 14 Units Once Daily at Bedtime, Qty: 2) | Metformin XR (1000 mg, Once Daily post dinner, Qty: 30)",2,AES-256-GCM,vault-transit-key-0x69f4adb9,798dc8010fd0785e1bd6d6fa,28c52c78edd8592d5d38e1134444b489,0xb599128b1bd7df2bda3779c998afc625cbdc2b19b5e3ecd01959a103623327d5,Qme4c5efeef4013896bb74e485b66f57dfe25120edd1ca,Pinata Dedicated IPFS Gateway,0.0.4891024,2412,2026-09-13 12:03:09 UTC,0x00604f4bdf2e696271f4489b5c09f6afbf282a2e872c73386901fbce85590deb,0.0001,Pharmacy Dispensation Verification & Medication Fulfillment,Identity Verified (Wallet Protocol),Blockchain Audit Enabled
RX-0413,Shreya Kulkarni,849613,0x74f2101946c93aa496ed8f50ce6fc7caa636fa2e,Request Access,Unauthorized / Unlinked,NO,NO,NO,512.57,Dr. Rohan Patel,0x976EA74026E726554dB657fA54763abd0C3a0aa9,NMC-11029,Fortis Memorial Neuro & Trauma Center,Max Wellness Pharmacy,0x28B7eA94B34C8F52D19E50Eb14769Da20F5D54b4,DL-MW-2024-7731,"Sneha Mukherjee, R.Ph.",I10,Essential (primary) hypertension,Cardiology,"Amlodipine Besylate (5 mg, Once Daily (Morning), Qty: 30) | Telmisartan (40 mg, Once Daily (Morning), Qty: 30)",2,AES-256-GCM,vault-transit-key-0x74f21019,a5972f69bee5302ab51f11f6,2fd6b0bdb4e10cdc9603781e132c6711,0x501ff82574efa0a76071e99ae0c7cb3e6c475e2dc812b74f16e48f2c8eb76e10,Qm8709bee9ec5222a04fbed0750f87d69251a489752515,Pinata Dedicated IPFS Gateway,0.0.4891024,2413,2026-09-13 12:03:11 UTC,0x5592d2ead9f6fd6e9dfcd75686edb3c0d0b87f580fd8851eec4b45ebc0d17018,0.0001,Pharmacy Dispensation Verification & Medication Fulfillment,Identity Verified (Wallet Protocol),Blockchain Audit Enabled
RX-0414,Manish Banerjee,849614,0xc1b1e76479e8688794e4b747864b03c1f1c684be,⏳ Waiting for Approval,Access Pending Approval,NO,YES,NO,1193.28,Dr. Preeti Deshmukh,0x23618e81E3f5cdF7f54C3d65f7FBc0aBf5B21E8f,NMC-82194,Care & Cure Pediatric & Maternity Hospital,Max Wellness Pharmacy,0x28B7eA94B34C8F52D19E50Eb14769Da20F5D54b4,DL-MW-2024-7731,"Sneha Mukherjee, R.Ph.",E11.9,Type 2 diabetes mellitus without complications,Endocrinology,"Metformin Hydrochloride (500 mg, Twice Daily with meals, Qty: 60) | Dapagliflozin Propanediol (10 mg, Once Daily morning, Qty: 30) | Glimepiride (2 mg, Once Daily pre-breakfast, Qty: 30)",3,AES-256-GCM,vault-transit-key-0xc1b1e764,75fee0207254fd6e7aae7b0f,0cb0bb52c8c17a1879a2d45df38be69f,0x0113f05aa99474ba9e3d81782d98202f46cdee8c8f846e10d64b08918508b9e9,Qm5fba1de0d2d29552f34cda5cf502d06ef9f9b7314457,Pinata Dedicated IPFS Gateway,0.0.4891024,2414,2026-09-13 12:03:14 UTC,0xb6d1214191f34ff784056ecc286abf97d18428de061e23326cecc3f0c9c01613,0.0001,Pharmacy Dispensation Verification & Medication Fulfillment,Identity Verified (Wallet Protocol),Blockchain Audit Enabled
RX-0415,Rohan Choudhury,849615,0xe59e44d1a0b2a8b0e70d4f34c83acea68234f42e,🔓 Decrypt RX,Pending - Ready to Decrypt,YES (Patient Consent Active),NO,NO,3314.43,Dr. Rajesh Sharma,0x3c44CdDdB6a900fa2b585dd299e03d12FA4293BC,NMC-78491,Apollo Multispecialty Hospital,Max Wellness Pharmacy,0x28B7eA94B34C8F52D19E50Eb14769Da20F5D54b4,DL-MW-2024-7731,"Sneha Mukherjee, R.Ph.",C61,Malignant neoplasm of prostate,Oncology,"Bicalutamide (50 mg, Once Daily morning, Qty: 30) | Tamsulosin HCl (0.4 mg, Once Daily 30 min after same meal, Qty: 30)",2,AES-256-GCM,vault-transit-key-0xe59e44d1,d558ba69e23f5b081020db43,242133585584b239561b6815f7d96e5e,0x0f177ae33d1ea55b4176d5a7ee9be7bff1fa071a4ead0cbb1a085d8cff0cc6ac,Qmb1f376fbd11521fdffd84c7637c2f90a88fe5a898264,Pinata Dedicated IPFS Gateway,0.0.4891024,2415,2026-09-13 12:03:16 UTC,0x8d3ad4dec4e5589cda426e0bc9d970c466cb3a48c154254ed035bd27c7e9dbdf,0.0001,Pharmacy Dispensation Verification & Medication Fulfillment,Identity Verified (Wallet Protocol),Blockchain Audit Enabled
RX-0416,Vikas Kulkarni,849616,0x1ddd07015915dfeafa9af1ce29778421645e984d,🔓 Decrypt RX,Pending - Ready to Decrypt,YES (Patient Consent Active),NO,NO,990.89,Dr. Sarah Jenkins,0x04Fee3FD1B338d12FFD6dBD8d66dE1e8e0BB99cB,NMC-48192,Apollo Multispecialty Hospital,Fortis Care Dispensary,0x84f93618C1D541bB1Dcf1373A8eE500A7D439634,DL-FC-2025-1094,"Amit Singhania, R.Ph.",G43.909,"Migraine, unspecified, not intractable",Neurology,"Sumatriptan Succinate (50 mg, 1 tablet at onset of migraine SOS, Qty: 10) | Naproxen Sodium (500 mg, Twice daily as needed with food, Qty: 20) | Propranolol HCl (40 mg, Twice daily for prophylaxis, Qty: 60)",3,AES-256-GCM,vault-transit-key-0x1ddd0701,71c634fd96bfd7ceb9d6dc26,c57fc5471f93898797eb0b65a5e4cde8,0xa9e0132dd2941e19cedd7646780eb42a4716dad77255e294df4eff92cdbd3b88,Qmabd5a705e8945f9641aa8feff9ea904252e3951c2f5d,Pinata Dedicated IPFS Gateway,0.0.4891024,2416,2026-09-13 12:03:19 UTC,0x55cdd11feae4e22c65fcdddfa2cb2144d49bf795f5a2447677ba28af9031b554,0.0001,Pharmacy Dispensation Verification & Medication Fulfillment,Identity Verified (Wallet Protocol),Blockchain Audit Enabled
RX-0417,Riya Pillai,849617,0xd61224468ac20328964c5c631345256ffbc6e1c0,Dispensed (Fulfilled),Dispensed & Fulfilled,YES,NO,YES,1489.51,Dr. Vikram Seth,0x15d34AAf54267DB7D7c367839AAf71A00a2C6A65,NMC-99014,Max Super Speciality Cancer Institute,Fortis Care Dispensary,0x84f93618C1D541bB1Dcf1373A8eE500A7D439634,DL-FC-2025-1094,"Amit Singhania, R.Ph.",G40.909,"Epilepsy, unspecified",Neurology,"Levetiracetam (500 mg, Twice Daily morning & evening, Qty: 60) | Clobazam (10 mg, Once Daily at Bedtime, Qty: 30)",2,AES-256-GCM,vault-transit-key-0xd6122446,3cd529d76d196bf6f5e8750a,c2a13af0838a7d8aff8f44bad85997c7,0x25090ee0dab54378f490f6d0e63e687140fa44248168b0ec5b7330ffb7649805,Qm778dd3daeb95effd2a14d026c247ddd3339aadb50b6b,Pinata Dedicated IPFS Gateway,0.0.4891024,2417,2026-09-13 12:03:20 UTC,0x3a1ffde62dc4f7708afc32badc0cf5cbc7a88bc46181560df9f97427b87a6757,0.0001,Pharmacy Dispensation Verification & Medication Fulfillment,Identity Verified (Wallet Protocol),Blockchain Audit Enabled
RX-0418,Rahul Kapoor,849618,0xbb4810fe1cc42bfdb3aed30d2b5cfbdcbd793f4a,Request Access,Unauthorized / Unlinked,NO,NO,NO,910.99,Dr. Rajesh Sharma,0x3c44CdDdB6a900fa2b585dd299e03d12FA4293BC,NMC-78491,Apollo Multispecialty Hospital,MedPlus Health Hub,0x70997970C51812dc3A010C7d01b50e0d17dc79C8,DL-MP-2023-4122,"Priya Sundaram, Pharm.D.",A90,Dengue fever [classical dengue],Infectious Disease,"Paracetamol Infusion / Tab (650 mg, Every 6 hours SOS fever > 100°F, Qty: 20) | Carica Papaya Leaf Extract (1100 mg, Thrice Daily post food, Qty: 21) | Oral Rehydration Salts (WHO formula) (21.8 g sachet, 1 sachet in 1L water daily, Qty: 7)",3,AES-256-GCM,vault-transit-key-0xbb4810fe,b7e0ae992cd09272dac02573,246f5cade5d4ae704f7bc29faae90898,0x04887b18da62ec7913fd4b36fa1af09b2dbfc0e63a6a590745d4d6c7bc31fcdd,Qmb682c8cb94fa60c223104186dbff5f21d6fb31caed26,Pinata Dedicated IPFS Gateway,0.0.4891024,2418,2026-09-13 12:03:23 UTC,0x1f4c7106c03c9ae57e68374d7db48a460471095bcbd9656073d81f4230650407,0.0001,Pharmacy Dispensation Verification & Medication Fulfillment,Identity Verified (Wallet Protocol),Blockchain Audit Enabled
RX-0419,Deepak Kulkarni,849619,0x68bae0a0db7ec48b9231bc551197e47bb6b65d57,Request Access,Unauthorized / Unlinked,NO,NO,NO,987.81,Dr. Sarah Jenkins,0x04Fee3FD1B338d12FFD6dBD8d66dE1e8e0BB99cB,NMC-48192,Apollo Multispecialty Hospital,Apollo Pharmacy Global,0x04Fee3FD1B338d12FFD6dBD8d66dE1e8e0BB99cB,DL-AP-2024-8901,"K. V. Raman, R.Ph.",G43.909,"Migraine, unspecified, not intractable",Neurology,"Sumatriptan Succinate (50 mg, 1 tablet at onset of migraine SOS, Qty: 10) | Naproxen Sodium (500 mg, Twice daily as needed with food, Qty: 20) | Propranolol HCl (40 mg, Twice daily for prophylaxis, Qty: 60)",3,AES-256-GCM,vault-transit-key-0x68bae0a0,2a9530a89dd3350c7f9b50ad,934f2ef48102a598d3ed204401a4edb3,0x7f799f3f3fedc3941ef7c086028c792ad3c828bea26e6437ef7a28c649a0ddce,Qmce0293c49189a504c94a9db226cac99c813acb4b07d7,Pinata Dedicated IPFS Gateway,0.0.4891024,2419,2026-09-13 12:03:25 UTC,0x16efb552f0079f0e0aea97112a08f52a198e9eb96c4141d1af66b7c2a59abb45,0.0001,Pharmacy Dispensation Verification & Medication Fulfillment,Identity Verified (Wallet Protocol),Blockchain Audit Enabled
RX-0420,Aarav Nair,849620,0x25040f531714cd1d0eb245bb82fdf96275449bce,Request Access,Unauthorized / Unlinked,NO,NO,NO,3320.96,Dr. Vikram Seth,0x15d34AAf54267DB7D7c367839AAf71A00a2C6A65,NMC-99014,Max Super Speciality Cancer Institute,Apollo Pharmacy Global,0x04Fee3FD1B338d12FFD6dBD8d66dE1e8e0BB99cB,DL-AP-2024-8901,"K. V. Raman, R.Ph.",C61,Malignant neoplasm of prostate,Oncology,"Bicalutamide (50 mg, Once Daily morning, Qty: 30) | Tamsulosin HCl (0.4 mg, Once Daily 30 min after same meal, Qty: 30)",2,AES-256-GCM,vault-transit-key-0x25040f53,25d450214efda8e1960786e8,9c46c631e9dada8bd21d754c012f2b41,0xa74691957184d922de5ecf4d0b1d434d5b9d9705ea5fb13fd06d804f90e1feae,Qm9483beaf208bf01fac079c22d8cd7785a42429bda474,Pinata Dedicated IPFS Gateway,0.0.4891024,2420,2026-09-13 12:03:28 UTC,0x00a09f8c0c53aee72af4e497d17c7b80039dcb21c2feaf9994cf3179ee871d23,0.0001,Pharmacy Dispensation Verification & Medication Fulfillment,Identity Verified (Wallet Protocol),Blockchain Audit Enabled
RX-0421,Siddharth Iyer,849621,0xda4e7e4d6e87092d95326a0c28be8fc77c825197,🔓 Decrypt RX,Pending - Ready to Decrypt,YES (Patient Consent Active),NO,NO,947.61,Dr. Rajesh Sharma,0x3c44CdDdB6a900fa2b585dd299e03d12FA4293BC,NMC-78491,Apollo Multispecialty Hospital,Apex Central Clinical Dispensary,0x155Af6ECaFb48861dA7d16Fb8Af2f6ce9d6DD779,DL-AX-2026-3021,"Rajesh Nambiar, Pharm.D.",K21.9,Gastro-esophageal reflux disease,Gastroenterology,"Pantoprazole Gastro-resistant (40 mg, Once Daily 30 min pre-breakfast, Qty: 30) | Domperidone Sustained Release (30 mg, Once Daily morning, Qty: 30) | Sucralfate Oral Suspension (1000 mg/10mL, 10 mL thrice daily before meals, Qty: 2)",3,AES-256-GCM,vault-transit-key-0xda4e7e4d,a330677a6ca37c01cfc10131,a5877a8088ef5d09ba6e58f1f2408767,0x3d2d2a31edab966936c05c5f737a34545ab5eb68b535794478bad6981b6636a3,Qm9432e7139e80c18815ae452de4df2c4eb5f57e89f1fb,Pinata Dedicated IPFS Gateway,0.0.4891024,2421,2026-09-13 12:03:30 UTC,0xee2779664c0db4120ebcde310ea6cfda64fda685bcb2259c6d1e4c9b8dcf523e,0.0001,Pharmacy Dispensation Verification & Medication Fulfillment,Identity Verified (Wallet Protocol),Blockchain Audit Enabled
RX-0422,Gautam Hegde,849622,0xff5eaf82ef166b2b6886f11a42413581c53ec3bc,🔓 Decrypt RX,Pending - Ready to Decrypt,YES (Patient Consent Active),NO,NO,1679.58,Dr. Sunita Narang,0xBcd4042DE499D14e55001CcbB24a551F3b954096,NMC-90812,Apex Diagnostic Reference Labs,MedPlus Health Hub,0x70997970C51812dc3A010C7d01b50e0d17dc79C8,DL-MP-2023-4122,"Priya Sundaram, Pharm.D.",C50.919,Malignant neoplasm of female breast,Oncology,"Tamoxifen Citrate (20 mg, Once Daily at fixed hour, Qty: 30) | Ondansetron HCl (8 mg, Twice Daily 30 min before food, Qty: 30) | Calcium Carbonate + Vit D3 (500mg/250IU, Once Daily post meal, Qty: 30)",3,AES-256-GCM,vault-transit-key-0xff5eaf82,6a06501e1616f44e4d072704,1673c12ee0d63ad7b92973ac9c512ee8,0xbfc4a5729e08cc8ed9739bdff09e6b51393ef868aafb3ff79c5559ea92205621,Qm14eab59683a2fb0729974ee84fef47354e4bd4dc74dc,Pinata Dedicated IPFS Gateway,0.0.4891024,2422,2026-09-13 12:03:33 UTC,0x69a97b7a8188a45d7c37a65b8ac1cc65c37448aa3a03970e41c690589bf15afd,0.0001,Pharmacy Dispensation Verification & Medication Fulfillment,Identity Verified (Wallet Protocol),Blockchain Audit Enabled
RX-0423,Aarav Agarwal,849623,0x6d50766f52ed066f540074cdfa22ba74c12403d1,Dispensed (Fulfilled),Dispensed & Fulfilled,YES,NO,YES,986.18,Dr. Sunita Narang,0xBcd4042DE499D14e55001CcbB24a551F3b954096,NMC-90812,Apex Diagnostic Reference Labs,Max Wellness Pharmacy,0x28B7eA94B34C8F52D19E50Eb14769Da20F5D54b4,DL-MW-2024-7731,"Sneha Mukherjee, R.Ph.",I20.9,"Angina pectoris, unspecified",Cardiology,"Nitroglycerin Sublingual (0.4 mg, PRN for chest pain, Qty: 25) | Aspirin Gastro-resistant (75 mg, Once Daily post meal, Qty: 30) | Atorvastatin Calcium (40 mg, Once Daily at Bedtime, Qty: 30)",3,AES-256-GCM,vault-transit-key-0x6d50766f,1bb306efa715ff614482826c,ed14a46822e9be4bc46b195a1d8b1ea5,0x38e837f8376dfdb0fc35c30b5d25a1d0406f8cf1812e93a79b5bc30e7c6998ab,Qm1833c9b3d0db7815cd3c05e1df062ae67c9f4158aaf1,Pinata Dedicated IPFS Gateway,0.0.4891024,2423,2026-09-13 12:03:35 UTC,0x89bcb2daf7fc66949348881e29931be87a8d7a57f607d2a8bb1f16cbad154321,0.0001,Pharmacy Dispensation Verification & Medication Fulfillment,Identity Verified (Wallet Protocol),Blockchain Audit Enabled
RX-0424,Sakshi Rao,849624,0x27ccb0b7c5b10730aa484cd7c32e8f051f1c74e8,Request Access,Unauthorized / Unlinked,NO,NO,NO,979.57,Dr. Preeti Deshmukh,0x23618e81E3f5cdF7f54C3d65f7FBc0aBf5B21E8f,NMC-82194,Care & Cure Pediatric & Maternity Hospital,Apollo Pharmacy Global,0x04Fee3FD1B338d12FFD6dBD8d66dE1e8e0BB99cB,DL-AP-2024-8901,"K. V. Raman, R.Ph.",G43.909,"Migraine, unspecified, not intractable",Neurology,"Sumatriptan Succinate (50 mg, 1 tablet at onset of migraine SOS, Qty: 10) | Naproxen Sodium (500 mg, Twice daily as needed with food, Qty: 20) | Propranolol HCl (40 mg, Twice daily for prophylaxis, Qty: 60)",3,AES-256-GCM,vault-transit-key-0x27ccb0b7,3d2d4586c375e1ebecc56ca3,02d793729cb46214458bb9f90847a5d4,0x833784d21aee631008ed4652b213e31a325cde5778e71a49e165efe37b47cc86,Qm1b064d2114fada944eaebb6cf325ba9e15c2aa642156,Pinata Dedicated IPFS Gateway,0.0.4891024,2424,2026-09-13 12:03:37 UTC,0x1028bbb555d9645cf358ded45f851f661a17a57bb42f0a0444c07347b57456b2,0.0001,Pharmacy Dispensation Verification & Medication Fulfillment,Identity Verified (Wallet Protocol),Blockchain Audit Enabled
RX-0425,Deepak Swaminathan,849625,0x6db8f5d96ab8300ff76ed79a9c80b411c499cb66,⏳ Waiting for Approval,Access Pending Approval,NO,YES,NO,1686.44,Dr. Sunita Narang,0xBcd4042DE499D14e55001CcbB24a551F3b954096,NMC-90812,Apex Diagnostic Reference Labs,Max Wellness Pharmacy,0x28B7eA94B34C8F52D19E50Eb14769Da20F5D54b4,DL-MW-2024-7731,"Sneha Mukherjee, R.Ph.",C50.919,Malignant neoplasm of female breast,Oncology,"Tamoxifen Citrate (20 mg, Once Daily at fixed hour, Qty: 30) | Ondansetron HCl (8 mg, Twice Daily 30 min before food, Qty: 30) | Calcium Carbonate + Vit D3 (500mg/250IU, Once Daily post meal, Qty: 30)",3,AES-256-GCM,vault-transit-key-0x6db8f5d9,5a31b87c85b63f956b414b17,46ccb0edba022d51fe21e94303f9d6da,0xf81cb86cb2578568b4f0b3b487434d80ee7e1227656366848c580e296acecfa5,Qm333b9a4527851c517397e93daf52209f350c9c591780,Pinata Dedicated IPFS Gateway,0.0.4891024,2425,2026-09-13 12:03:40 UTC,0x4f0a76d416cbfee30f9c9764acc52724187b03e6cb7ad395062c0095d03b83c2,0.0001,Pharmacy Dispensation Verification & Medication Fulfillment,Identity Verified (Wallet Protocol),Blockchain Audit Enabled
RX-0426,Rakesh Sharma,849626,0x47067bd9f74bf5c38e6110175d8e5938463b61ed,⏳ Waiting for Approval,Access Pending Approval,NO,YES,NO,949.96,Dr. Ananya Roy,0x9965507D1a55bcC2695C58ba16FB37d819B0A4dc,NMC-51203,Max Super Speciality Cancer Institute,Apex Central Clinical Dispensary,0x155Af6ECaFb48861dA7d16Fb8Af2f6ce9d6DD779,DL-AX-2026-3021,"Rajesh Nambiar, Pharm.D.",K21.9,Gastro-esophageal reflux disease,Gastroenterology,"Pantoprazole Gastro-resistant (40 mg, Once Daily 30 min pre-breakfast, Qty: 30) | Domperidone Sustained Release (30 mg, Once Daily morning, Qty: 30) | Sucralfate Oral Suspension (1000 mg/10mL, 10 mL thrice daily before meals, Qty: 2)",3,AES-256-GCM,vault-transit-key-0x47067bd9,69d7b055807e4187792f866c,2dbf02c0ac56caa7a72ac8d857f9c570,0x942990cbd8033f84b7334bcb61144476b707567ecb016b6b0ce69a50d372ea7b,Qmd5596a426668d36507b9ee8e0f68c6163458ebd86240,Pinata Dedicated IPFS Gateway,0.0.4891024,2426,2026-09-13 12:03:42 UTC,0x50ae6b3b0c1f0cd95e2ce8459172811e3f2549b6626d419c3d47b69ebeee6f88,0.0001,Pharmacy Dispensation Verification & Medication Fulfillment,Identity Verified (Wallet Protocol),Blockchain Audit Enabled
RX-0427,Meera Agarwal,849627,0x50d78a4136f126f44310c7f412af681220f86ce2,Request Access,Unauthorized / Unlinked,NO,NO,NO,1202.64,Dr. Sarah Jenkins,0x04Fee3FD1B338d12FFD6dBD8d66dE1e8e0BB99cB,NMC-48192,Apollo Multispecialty Hospital,Max Wellness Pharmacy,0x28B7eA94B34C8F52D19E50Eb14769Da20F5D54b4,DL-MW-2024-7731,"Sneha Mukherjee, R.Ph.",E11.9,Type 2 diabetes mellitus without complications,Endocrinology,"Metformin Hydrochloride (500 mg, Twice Daily with meals, Qty: 60) | Dapagliflozin Propanediol (10 mg, Once Daily morning, Qty: 30) | Glimepiride (2 mg, Once Daily pre-breakfast, Qty: 30)",3,AES-256-GCM,vault-transit-key-0x50d78a41,592cbafa6add9fe629784196,11f1d938354040429bf33d395bbaac2c,0xd3c4fea406c2b33d857d10d557957a2942ba4f103cba01430716dcacab1cb9b9,Qmb9bd378e4f0e560310674e7aa2ff89746866ac1037a4,Pinata Dedicated IPFS Gateway,0.0.4891024,2427,2026-09-13 12:03:45 UTC,0xb1b2445c5566b532c0355ec27f462e5224455ef430cc6eac6ae972cd4672753a,0.0001,Pharmacy Dispensation Verification & Medication Fulfillment,Identity Verified (Wallet Protocol),Blockchain Audit Enabled
RX-0428,Madhav Bhatia,849628,0x535230143ee37f7227a8a2b01bf59b743aea8ffe,🔓 Decrypt RX,Pending - Ready to Decrypt,YES (Patient Consent Active),NO,NO,1486.66,Dr. Sarah Jenkins,0x04Fee3FD1B338d12FFD6dBD8d66dE1e8e0BB99cB,NMC-48192,Apollo Multispecialty Hospital,Fortis Care Dispensary,0x84f93618C1D541bB1Dcf1373A8eE500A7D439634,DL-FC-2025-1094,"Amit Singhania, R.Ph.",G40.909,"Epilepsy, unspecified",Neurology,"Levetiracetam (500 mg, Twice Daily morning & evening, Qty: 60) | Clobazam (10 mg, Once Daily at Bedtime, Qty: 30)",2,AES-256-GCM,vault-transit-key-0x53523014,46cdb27a370cf8fd463b92ce,7835fec80d663eae8f5a20246054f739,0x9be2921e4c9d2ec4c5bb884db94dcd4c52b8b7726296fcc7e4ecb37acc8585d9,Qmbb2736004eea772121ad6cd007dd2805f7571064bb3f,Pinata Dedicated IPFS Gateway,0.0.4891024,2428,2026-09-13 12:03:48 UTC,0xf43893a234059aedb625528a0d6b64f5548073068da1344a95e205fab0dab255,0.0001,Pharmacy Dispensation Verification & Medication Fulfillment,Identity Verified (Wallet Protocol),Blockchain Audit Enabled
RX-0429,Bhavna Gupta,849629,0x4d12c43676c9a41a741c94d06f095104e96f3d2b,⏳ Waiting for Approval,Access Pending Approval,NO,YES,NO,1605.44,Dr. Rohan Patel,0x976EA74026E726554dB657fA54763abd0C3a0aa9,NMC-11029,Fortis Memorial Neuro & Trauma Center,Fortis Care Dispensary,0x84f93618C1D541bB1Dcf1373A8eE500A7D439634,DL-FC-2025-1094,"Amit Singhania, R.Ph.",E11.65,Type 2 diabetes mellitus with hyperglycemia,Endocrinology,"Insulin Glargine Solostar (100 IU/mL, 14 Units Once Daily at Bedtime, Qty: 2) | Metformin XR (1000 mg, Once Daily post dinner, Qty: 30)",2,AES-256-GCM,vault-transit-key-0x4d12c436,b307ce1a8622070f90221733,5560094a03e1deab668dee748930d617,0xd48e75754b49dd0a82c459b5612c911ca1e0619706a27fc860deba7886f137ea,Qm9c52e7b6ce17bb6a2a665bbfac362d9e09ad4695f46c,Pinata Dedicated IPFS Gateway,0.0.4891024,2429,2026-09-13 12:03:50 UTC,0xe6bd8d89791faae619f58475368c81eb8acbb6acb911643889ec193e2f12c7ef,0.0001,Pharmacy Dispensation Verification & Medication Fulfillment,Identity Verified (Wallet Protocol),Blockchain Audit Enabled
RX-0430,Siddharth Agarwal,849630,0x9f046c74b0f20e0c029086f96aa241d04ad793d9,Dispensed (Fulfilled),Dispensed & Fulfilled,YES,NO,YES,497.79,Dr. Ananya Roy,0x9965507D1a55bcC2695C58ba16FB37d819B0A4dc,NMC-51203,Max Super Speciality Cancer Institute,MedPlus Health Hub,0x70997970C51812dc3A010C7d01b50e0d17dc79C8,DL-MP-2023-4122,"Priya Sundaram, Pharm.D.",I10,Essential (primary) hypertension,Cardiology,"Amlodipine Besylate (5 mg, Once Daily (Morning), Qty: 30) | Telmisartan (40 mg, Once Daily (Morning), Qty: 30)",2,AES-256-GCM,vault-transit-key-0x9f046c74,794db7c9cd1cd7c23909bab6,59ffb42f588dedf45dc94f2c075c21e0,0xbad4e5af0096c9d5fbde7bd8ff524a256f7308ef692050ea1657128dce9dadb3,Qm3ab7cf73495a3c9404499040d0ff695088a5a69abdab,Pinata Dedicated IPFS Gateway,0.0.4891024,2430,2026-09-13 12:03:52 UTC,0x3eecde6f053a6ff32f74a5311934ab9fd12ef634a551bd5811b6b473f06d9d80,0.0001,Pharmacy Dispensation Verification & Medication Fulfillment,Identity Verified (Wallet Protocol),Blockchain Audit Enabled
RX-0431,Deepak Bhatia,849631,0xb1c5f3e5cd204acd30f324ddc8e34c6b322f0608,⏳ Waiting for Approval,Access Pending Approval,NO,YES,NO,994.71,Dr. Rajesh Sharma,0x3c44CdDdB6a900fa2b585dd299e03d12FA4293BC,NMC-78491,Apollo Multispecialty Hospital,Apollo Pharmacy Global,0x04Fee3FD1B338d12FFD6dBD8d66dE1e8e0BB99cB,DL-AP-2024-8901,"K. V. Raman, R.Ph.",I20.9,"Angina pectoris, unspecified",Cardiology,"Nitroglycerin Sublingual (0.4 mg, PRN for chest pain, Qty: 25) | Aspirin Gastro-resistant (75 mg, Once Daily post meal, Qty: 30) | Atorvastatin Calcium (40 mg, Once Daily at Bedtime, Qty: 30)",3,AES-256-GCM,vault-transit-key-0xb1c5f3e5,2a28784599b173b1afc29528,55272b415de0ff8fa78ae0b36aa529f4,0xfcf139f936e833aebb6b375b8f06410305007165dbef9629041ea499666bed09,Qm2675420d6e495acbc0b70ae3e2cc9d789b15991df418,Pinata Dedicated IPFS Gateway,0.0.4891024,2431,2026-09-13 12:03:55 UTC,0x3c2829a204f61a05303278bf3f1fe15f708b6b0b61511f1f4349d1bd82b2ef1a,0.0001,Pharmacy Dispensation Verification & Medication Fulfillment,Identity Verified (Wallet Protocol),Blockchain Audit Enabled
RX-0432,Divya Joshi,849632,0x60d41faa309b603fbf3e3ea3e1c49c3727422623,🔓 Decrypt RX,Pending - Ready to Decrypt,YES (Patient Consent Active),NO,NO,1613.5,Dr. Sunita Narang,0xBcd4042DE499D14e55001CcbB24a551F3b954096,NMC-90812,Apex Diagnostic Reference Labs,Max Wellness Pharmacy,0x28B7eA94B34C8F52D19E50Eb14769Da20F5D54b4,DL-MW-2024-7731,"Sneha Mukherjee, R.Ph.",E11.65,Type 2 diabetes mellitus with hyperglycemia,Endocrinology,"Insulin Glargine Solostar (100 IU/mL, 14 Units Once Daily at Bedtime, Qty: 2) | Metformin XR (1000 mg, Once Daily post dinner, Qty: 30)",2,AES-256-GCM,vault-transit-key-0x60d41faa,b96cc215ce9ca97dd75c3574,f8a33a3a8ec253efa687d00369109127,0xa5867b86cfcf418ce57b455fb670feda42f973f5c8af24048eb31c180ae4d484,Qme91cf11839725757451cac1330d2eb2b5ad921988ba8,Pinata Dedicated IPFS Gateway,0.0.4891024,2432,2026-09-13 12:03:57 UTC,0xdf2e3efdf2d55a4148e46acf1159824dd7575b71a6295b851a351b5926c56e1d,0.0001,Pharmacy Dispensation Verification & Medication Fulfillment,Identity Verified (Wallet Protocol),Blockchain Audit Enabled
RX-0433,Amit Pillai,849633,0x065248c0ee6fd8c8c32c9e2dd9387e14e0eb84bb,🔓 Decrypt RX,Pending - Ready to Decrypt,YES (Patient Consent Active),NO,NO,515.14,Dr. Vikram Seth,0x15d34AAf54267DB7D7c367839AAf71A00a2C6A65,NMC-99014,Max Super Speciality Cancer Institute,Max Wellness Pharmacy,0x28B7eA94B34C8F52D19E50Eb14769Da20F5D54b4,DL-MW-2024-7731,"Sneha Mukherjee, R.Ph.",I10,Essential (primary) hypertension,Cardiology,"Amlodipine Besylate (5 mg, Once Daily (Morning), Qty: 30) | Telmisartan (40 mg, Once Daily (Morning), Qty: 30)",2,AES-256-GCM,vault-transit-key-0x065248c0,8ae3ef9caaf9de6d96441f81,54810a4b4a6f4fafac49af970c93ecb8,0xc4c83ee33e403f35461bb45dd5edac0ffb89e08629161b1364702460bb4d5b7f,Qm182b8fdc0838b3f9d0e2d5b7912e238ab9fe1446ee81,Pinata Dedicated IPFS Gateway,0.0.4891024,2433,2026-09-13 12:03:59 UTC,0x2379f411c7e9a1ed6bd04d2988cb6daa8de1c679b5eb339d50d95fc9e72f4178,0.0001,Pharmacy Dispensation Verification & Medication Fulfillment,Identity Verified (Wallet Protocol),Blockchain Audit Enabled
RX-0434,Chetan Reddy,849634,0x018d856f31e3bfae2d0aee9c814632af23fe1964,Dispensed (Fulfilled),Dispensed & Fulfilled,YES,NO,YES,999.73,Dr. Preeti Deshmukh,0x23618e81E3f5cdF7f54C3d65f7FBc0aBf5B21E8f,NMC-82194,Care & Cure Pediatric & Maternity Hospital,MedPlus Health Hub,0x70997970C51812dc3A010C7d01b50e0d17dc79C8,DL-MP-2023-4122,"Priya Sundaram, Pharm.D.",I20.9,"Angina pectoris, unspecified",Cardiology,"Nitroglycerin Sublingual (0.4 mg, PRN for chest pain, Qty: 25) | Aspirin Gastro-resistant (75 mg, Once Daily post meal, Qty: 30) | Atorvastatin Calcium (40 mg, Once Daily at Bedtime, Qty: 30)",3,AES-256-GCM,vault-transit-key-0x018d856f,ab718213b83f89c34bbea2af,05b2b5c5094f903aa59568ee83c35ce4,0x26ad228c4820c2172ca359fd2b9004c3951cb06f442b999492137b6644d7dfc6,Qmdb532ebb2a56c9afcd56a5399d1eef21659ca84d78cf,Pinata Dedicated IPFS Gateway,0.0.4891024,2434,2026-09-13 12:04:02 UTC,0x2ed4d7087f39685fc924d6b120517b57d74b92d006b85ede34c0f4e69f1e49d6,0.0001,Pharmacy Dispensation Verification & Medication Fulfillment,Identity Verified (Wallet Protocol),Blockchain Audit Enabled
RX-0435,Madhav Mukherjee,849635,0x1079df76566a866303532312ca163f5a9abe4fea,🔓 Decrypt RX,Pending - Ready to Decrypt,YES (Patient Consent Active),NO,NO,964.27,Dr. Sarah Jenkins,0x04Fee3FD1B338d12FFD6dBD8d66dE1e8e0BB99cB,NMC-48192,Apollo Multispecialty Hospital,MedPlus Health Hub,0x70997970C51812dc3A010C7d01b50e0d17dc79C8,DL-MP-2023-4122,"Priya Sundaram, Pharm.D.",K21.9,Gastro-esophageal reflux disease,Gastroenterology,"Pantoprazole Gastro-resistant (40 mg, Once Daily 30 min pre-breakfast, Qty: 30) | Domperidone Sustained Release (30 mg, Once Daily morning, Qty: 30) | Sucralfate Oral Suspension (1000 mg/10mL, 10 mL thrice daily before meals, Qty: 2)",3,AES-256-GCM,vault-transit-key-0x1079df76,57763cab83d6129035d5acaa,bf1b8c1af3677d16e75d548a808003a4,0xf985382f0a3c7e7e6305c2f9e5adcb6cca293f9bf1e3b0b1d52afebb4547a450,Qm3f58a29d361da3ed29612cac253ec8bb443a733f26ec,Pinata Dedicated IPFS Gateway,0.0.4891024,2435,2026-09-13 12:04:04 UTC,0xd8dd37834367e746d54bba8da27bad4d19524269e6488bc821c38773237307d9,0.0001,Pharmacy Dispensation Verification & Medication Fulfillment,Identity Verified (Wallet Protocol),Blockchain Audit Enabled
RX-0436,Arjun Swaminathan,849636,0x81ae10ee231c6b873c021a6751d6636fc5da73a8,Request Access,Unauthorized / Unlinked,NO,NO,NO,929.44,Dr. Sunita Narang,0xBcd4042DE499D14e55001CcbB24a551F3b954096,NMC-90812,Apex Diagnostic Reference Labs,Fortis Care Dispensary,0x84f93618C1D541bB1Dcf1373A8eE500A7D439634,DL-FC-2025-1094,"Amit Singhania, R.Ph.",A90,Dengue fever [classical dengue],Infectious Disease,"Paracetamol Infusion / Tab (650 mg, Every 6 hours SOS fever > 100°F, Qty: 20) | Carica Papaya Leaf Extract (1100 mg, Thrice Daily post food, Qty: 21) | Oral Rehydration Salts (WHO formula) (21.8 g sachet, 1 sachet in 1L water daily, Qty: 7)",3,AES-256-GCM,vault-transit-key-0x81ae10ee,168f5546f9a3a73aeff89f57,0a54514969eadf0f8a326561c7f44540,0xae9f4ddcbfd200a790d07a19b02fa2dee7f6a3bab6db4bc7705a374338bf6a6c,Qm9f6a0d02aef1f813b8d3970ee87c294ccb80905dc0c2,Pinata Dedicated IPFS Gateway,0.0.4891024,2436,2026-09-13 12:04:06 UTC,0x3b67731c3b06d5b4e1837c3c1e682d2671aef704ff3b93b39ec98ed6bbefc6f1,0.0001,Pharmacy Dispensation Verification & Medication Fulfillment,Identity Verified (Wallet Protocol),Blockchain Audit Enabled
RX-0437,Ishaan Mukherjee,849637,0x66ea8f0c71d16683c456ca1611d3b57543976a41,🔓 Decrypt RX,Pending - Ready to Decrypt,YES (Patient Consent Active),NO,NO,3333.36,Dr. Ananya Roy,0x9965507D1a55bcC2695C58ba16FB37d819B0A4dc,NMC-51203,Max Super Speciality Cancer Institute,Fortis Care Dispensary,0x84f93618C1D541bB1Dcf1373A8eE500A7D439634,DL-FC-2025-1094,"Amit Singhania, R.Ph.",C61,Malignant neoplasm of prostate,Oncology,"Bicalutamide (50 mg, Once Daily morning, Qty: 30) | Tamsulosin HCl (0.4 mg, Once Daily 30 min after same meal, Qty: 30)",2,AES-256-GCM,vault-transit-key-0x66ea8f0c,931b4008f21dfb2874c4cd2c,6579457b3c645f263e659ff7d310fb81,0xdfffe38109a876bbc55237c1a62774c519949ca0ab2d8351a8da6ebab9dde666,Qm31cbbbdd414c2e6d908c32ce24be07d0da94393bc361,Pinata Dedicated IPFS Gateway,0.0.4891024,2437,2026-09-13 12:04:09 UTC,0x889f5e805db42efa3fc2c820370bc1f2012d4d1b25624af08b5d5883b525e524,0.0001,Pharmacy Dispensation Verification & Medication Fulfillment,Identity Verified (Wallet Protocol),Blockchain Audit Enabled
RX-0438,Rakesh Bhatia,849638,0x85ddb3670f40bc23b322b83733b34413fb76caba,Dispensed (Fulfilled),Dispensed & Fulfilled,YES,NO,YES,1623.61,Dr. Vikram Seth,0x15d34AAf54267DB7D7c367839AAf71A00a2C6A65,NMC-99014,Max Super Speciality Cancer Institute,Max Wellness Pharmacy,0x28B7eA94B34C8F52D19E50Eb14769Da20F5D54b4,DL-MW-2024-7731,"Sneha Mukherjee, R.Ph.",E11.65,Type 2 diabetes mellitus with hyperglycemia,Endocrinology,"Insulin Glargine Solostar (100 IU/mL, 14 Units Once Daily at Bedtime, Qty: 2) | Metformin XR (1000 mg, Once Daily post dinner, Qty: 30)",2,AES-256-GCM,vault-transit-key-0x85ddb367,a804b720087f3c9554f956c8,53e6f3c8399c98cd960e88241768d44c,0x40aa46c5ab5b829b117ae518e63cc6e8fc5e9c61353423a9a1a0bca11c132afa,Qme2c157565b3f56c5efd4dd4f0af1b44f635c9e7b912a,Pinata Dedicated IPFS Gateway,0.0.4891024,2438,2026-09-13 12:04:12 UTC,0xd636afa69e0e59c5e0f6a9fe62d819655b0748ed457ebec7b66dcc81e87ef55a,0.0001,Pharmacy Dispensation Verification & Medication Fulfillment,Identity Verified (Wallet Protocol),Blockchain Audit Enabled
RX-0439,Lata Gowda,849639,0x5c65e99832f8de8b357ae0666d1c4a3d7d090e86,🔓 Decrypt RX,Pending - Ready to Decrypt,YES (Patient Consent Active),NO,NO,982.32,Dr. Preeti Deshmukh,0x23618e81E3f5cdF7f54C3d65f7FBc0aBf5B21E8f,NMC-82194,Care & Cure Pediatric & Maternity Hospital,Max Wellness Pharmacy,0x28B7eA94B34C8F52D19E50Eb14769Da20F5D54b4,DL-MW-2024-7731,"Sneha Mukherjee, R.Ph.",I20.9,"Angina pectoris, unspecified",Cardiology,"Nitroglycerin Sublingual (0.4 mg, PRN for chest pain, Qty: 25) | Aspirin Gastro-resistant (75 mg, Once Daily post meal, Qty: 30) | Atorvastatin Calcium (40 mg, Once Daily at Bedtime, Qty: 30)",3,AES-256-GCM,vault-transit-key-0x5c65e998,649df2b071285fa95c00dd6c,2c39e843960fcfd85a401547f1ad4653,0x84897c95bf4a132d201ff91b1a0b14dcb11d46c053cfbed289c0497c5a09cd7c,Qme33eab1facc11081638ad148fd520eda8cea0944f0f3,Pinata Dedicated IPFS Gateway,0.0.4891024,2439,2026-09-13 12:04:14 UTC,0x6838e536c9bcf01d67ad1401c634d7ceec887b3289edeb6a20f5318e3f1be189,0.0001,Pharmacy Dispensation Verification & Medication Fulfillment,Identity Verified (Wallet Protocol),Blockchain Audit Enabled
RX-0440,Deepak Chatterjee,849640,0x24e49754f6e03dcf5ec64f772b7a7d56fcc7d033,⏳ Waiting for Approval,Access Pending Approval,NO,YES,NO,930.21,Dr. Ananya Roy,0x9965507D1a55bcC2695C58ba16FB37d819B0A4dc,NMC-51203,Max Super Speciality Cancer Institute,Apollo Pharmacy Global,0x04Fee3FD1B338d12FFD6dBD8d66dE1e8e0BB99cB,DL-AP-2024-8901,"K. V. Raman, R.Ph.",A90,Dengue fever [classical dengue],Infectious Disease,"Paracetamol Infusion / Tab (650 mg, Every 6 hours SOS fever > 100°F, Qty: 20) | Carica Papaya Leaf Extract (1100 mg, Thrice Daily post food, Qty: 21) | Oral Rehydration Salts (WHO formula) (21.8 g sachet, 1 sachet in 1L water daily, Qty: 7)",3,AES-256-GCM,vault-transit-key-0x24e49754,2518535f8291ed08b1c1af55,48d304d5b919f49dc925a31ca7b93190,0xe3f934dca6d090203cde51c3d1be9db232820e0f2c178ec221caa787190aedc2,Qm0e75a743c39b3a2894a934d4d8ac83bbc5d411d649df,Pinata Dedicated IPFS Gateway,0.0.4891024,2440,2026-09-13 12:04:16 UTC,0xfef6f5c8705f0173b460af3da38cb3e3580949898826c9f17e537f67c0f520dc,0.0001,Pharmacy Dispensation Verification & Medication Fulfillment,Identity Verified (Wallet Protocol),Blockchain Audit Enabled
RX-0441,Rohan Kapoor,849641,0xad7ff6623010405246f50aa6df330c1986d64c4c,Request Access,Unauthorized / Unlinked,NO,NO,NO,1004.49,Dr. Vikram Seth,0x15d34AAf54267DB7D7c367839AAf71A00a2C6A65,NMC-99014,Max Super Speciality Cancer Institute,Apollo Pharmacy Global,0x04Fee3FD1B338d12FFD6dBD8d66dE1e8e0BB99cB,DL-AP-2024-8901,"K. V. Raman, R.Ph.",I20.9,"Angina pectoris, unspecified",Cardiology,"Nitroglycerin Sublingual (0.4 mg, PRN for chest pain, Qty: 25) | Aspirin Gastro-resistant (75 mg, Once Daily post meal, Qty: 30) | Atorvastatin Calcium (40 mg, Once Daily at Bedtime, Qty: 30)",3,AES-256-GCM,vault-transit-key-0xad7ff662,a00e8d383f8399ba3c22210a,8e63480949684bfa49844e8a6f1cfe56,0xc20c9a49f4d4c12c23b608da8f0bd79621a25c65de11c2e43fa0d096ee989e0c,Qmf8b99d2595597365fef4f6f271216376e85e54d5f298,Pinata Dedicated IPFS Gateway,0.0.4891024,2441,2026-09-13 12:04:19 UTC,0x8919d8039231663ef9e98121735256bf24d1d4ad80aca5c23a8f6a953b85762b,0.0001,Pharmacy Dispensation Verification & Medication Fulfillment,Identity Verified (Wallet Protocol),Blockchain Audit Enabled
RX-0442,Nikhil Chatterjee,849642,0x227e3ab25ac30f616b1d7263a4c99bb9050514cf,⏳ Waiting for Approval,Access Pending Approval,NO,YES,NO,444.21,Dr. Ananya Roy,0x9965507D1a55bcC2695C58ba16FB37d819B0A4dc,NMC-51203,Max Super Speciality Cancer Institute,Apex Central Clinical Dispensary,0x155Af6ECaFb48861dA7d16Fb8Af2f6ce9d6DD779,DL-AX-2026-3021,"Rajesh Nambiar, Pharm.D.",J06.9,Acute upper respiratory infection,Pediatrics / General,"Amoxicillin + Potassium Clavulanate (625 mg, Twice Daily post food, Qty: 14) | Paracetamol (650 mg, Thrice daily post meals SOS, Qty: 15) | Levocetirizine Dihydrochloride (5 mg, Once Daily at Bedtime, Qty: 7)",3,AES-256-GCM,vault-transit-key-0x227e3ab2,b0325858d631aa1f811ca80d,0d93de46b5f7e9cb5f647f2db46e91d0,0x9a86b4b997492f7e7b25a67180cdcd0291766ef8031b8669016d12228aa0d7b4,Qm454036b7842768c9873618601660c95933c55f817263,Pinata Dedicated IPFS Gateway,0.0.4891024,2442,2026-09-13 12:04:21 UTC,0x558a9dbc3349f0d7fdbbd1fe66b8565f5c9cbce2e814e40f3265861fa37dcc54,0.0001,Pharmacy Dispensation Verification & Medication Fulfillment,Identity Verified (Wallet Protocol),Blockchain Audit Enabled
RX-0443,Kiran Sharma,849643,0x03f786e8d2fea8df820a01e88f40e7dd697e7fc0,Request Access,Unauthorized / Unlinked,NO,NO,NO,429.63,Dr. Rajesh Sharma,0x3c44CdDdB6a900fa2b585dd299e03d12FA4293BC,NMC-78491,Apollo Multispecialty Hospital,MedPlus Health Hub,0x70997970C51812dc3A010C7d01b50e0d17dc79C8,DL-MP-2023-4122,"Priya Sundaram, Pharm.D.",J06.9,Acute upper respiratory infection,Pediatrics / General,"Amoxicillin + Potassium Clavulanate (625 mg, Twice Daily post food, Qty: 14) | Paracetamol (650 mg, Thrice daily post meals SOS, Qty: 15) | Levocetirizine Dihydrochloride (5 mg, Once Daily at Bedtime, Qty: 7)",3,AES-256-GCM,vault-transit-key-0x03f786e8,6a6e16df21153c09da1a7f6c,d818b893f86eda5f8f50cb1deedfcf2e,0x28ee1f1c91a80a3759326dbb5d3183cae723c587a1d12e76c8f93e70d0a7e200,Qmf19db6fe77b66ed046814aa6dc81ff3ab13f4d8de999,Pinata Dedicated IPFS Gateway,0.0.4891024,2443,2026-09-13 12:04:23 UTC,0xf76e1e8e0e0312608c85b59e145c0b019bc310f564edd040bba587194884bf8a,0.0001,Pharmacy Dispensation Verification & Medication Fulfillment,Identity Verified (Wallet Protocol),Blockchain Audit Enabled
RX-0444,Nikhil Malhotra,849644,0xad262f189c4d70b5c520b0f8c1e551df8d64af3c,Dispensed (Fulfilled),Dispensed & Fulfilled,YES,NO,YES,419.85,Dr. Sarah Jenkins,0x04Fee3FD1B338d12FFD6dBD8d66dE1e8e0BB99cB,NMC-48192,Apollo Multispecialty Hospital,Max Wellness Pharmacy,0x28B7eA94B34C8F52D19E50Eb14769Da20F5D54b4,DL-MW-2024-7731,"Sneha Mukherjee, R.Ph.",J06.9,Acute upper respiratory infection,Pediatrics / General,"Amoxicillin + Potassium Clavulanate (625 mg, Twice Daily post food, Qty: 14) | Paracetamol (650 mg, Thrice daily post meals SOS, Qty: 15) | Levocetirizine Dihydrochloride (5 mg, Once Daily at Bedtime, Qty: 7)",3,AES-256-GCM,vault-transit-key-0xad262f18,74839f693d861546af17d771,4f580ced2ecb0219456eb033a0162c61,0xb4d610ea6cfe3916f7f84166589b2a38b9caea5342be2be9a4fea2492f2d0c87,Qma9fbaa2ef776be1561d992ae3ee4b56a210fbe891a94,Pinata Dedicated IPFS Gateway,0.0.4891024,2444,2026-09-13 12:04:26 UTC,0x3ddb0ded3c3d766ac5f833a4303add3121faf4c32e7ce674f65b4464dd19a7cc,0.0001,Pharmacy Dispensation Verification & Medication Fulfillment,Identity Verified (Wallet Protocol),Blockchain Audit Enabled
RX-0445,Deepak Kulkarni,849645,0x6a37f0b01f3a01842a50545ac306f9470f79e59f,Dispensed (Fulfilled),Dispensed & Fulfilled,YES,NO,YES,957.38,Dr. Ananya Roy,0x9965507D1a55bcC2695C58ba16FB37d819B0A4dc,NMC-51203,Max Super Speciality Cancer Institute,Apollo Pharmacy Global,0x04Fee3FD1B338d12FFD6dBD8d66dE1e8e0BB99cB,DL-AP-2024-8901,"K. V. Raman, R.Ph.",K21.9,Gastro-esophageal reflux disease,Gastroenterology,"Pantoprazole Gastro-resistant (40 mg, Once Daily 30 min pre-breakfast, Qty: 30) | Domperidone Sustained Release (30 mg, Once Daily morning, Qty: 30) | Sucralfate Oral Suspension (1000 mg/10mL, 10 mL thrice daily before meals, Qty: 2)",3,AES-256-GCM,vault-transit-key-0x6a37f0b0,ffc32f97c3324c47db858187,5da2a56fab35f02e6201be7875a143be,0x6e2f7d5e2387153df607d4301915606ae4d82fc307cb149d70d198adfd00ef27,Qm5c56b86f0cf49022d71346a5681df0be345d9d407e67,Pinata Dedicated IPFS Gateway,0.0.4891024,2445,2026-09-13 12:04:28 UTC,0x88bc2972583be853fef33bdd3451904b86a4f7976cc87793188c2c8df9359d73,0.0001,Pharmacy Dispensation Verification & Medication Fulfillment,Identity Verified (Wallet Protocol),Blockchain Audit Enabled
RX-0446,Varun Swaminathan,849646,0xca96fcfc737310f4e4639676da5ea0ff12495ed2,Request Access,Unauthorized / Unlinked,NO,NO,NO,1626.16,Dr. Vikram Seth,0x15d34AAf54267DB7D7c367839AAf71A00a2C6A65,NMC-99014,Max Super Speciality Cancer Institute,Fortis Care Dispensary,0x84f93618C1D541bB1Dcf1373A8eE500A7D439634,DL-FC-2025-1094,"Amit Singhania, R.Ph.",E11.65,Type 2 diabetes mellitus with hyperglycemia,Endocrinology,"Insulin Glargine Solostar (100 IU/mL, 14 Units Once Daily at Bedtime, Qty: 2) | Metformin XR (1000 mg, Once Daily post dinner, Qty: 30)",2,AES-256-GCM,vault-transit-key-0xca96fcfc,f8c87837ab718f710a9f45ac,16576faf358cedca924f2f7622afa62f,0x94699581ef0936cd108e731d5db0380a0d9397b25b8d399873c67c53f59450bd,Qmad4c1f9069548dfd547a1d2fe90cc300a7253abdcc7e,Pinata Dedicated IPFS Gateway,0.0.4891024,2446,2026-09-13 12:04:31 UTC,0x3c57e53eb32a7b7ef4434cce807d406e8aa4d445ab702836f4aefe246803404d,0.0001,Pharmacy Dispensation Verification & Medication Fulfillment,Identity Verified (Wallet Protocol),Blockchain Audit Enabled
RX-0447,Pooja Mishra,849647,0xb021b61e5a84bf7cd9df42704ea0236827db3615,Request Access,Unauthorized / Unlinked,NO,NO,NO,1631.13,Dr. Ananya Roy,0x9965507D1a55bcC2695C58ba16FB37d819B0A4dc,NMC-51203,Max Super Speciality Cancer Institute,Fortis Care Dispensary,0x84f93618C1D541bB1Dcf1373A8eE500A7D439634,DL-FC-2025-1094,"Amit Singhania, R.Ph.",E11.65,Type 2 diabetes mellitus with hyperglycemia,Endocrinology,"Insulin Glargine Solostar (100 IU/mL, 14 Units Once Daily at Bedtime, Qty: 2) | Metformin XR (1000 mg, Once Daily post dinner, Qty: 30)",2,AES-256-GCM,vault-transit-key-0xb021b61e,ac6fb280338e2e1b63b81df6,1bac9a5a057424e1f783ca0d92568cc7,0x3982d305420fabc4a6cc423246f3e29e905fed92046c0ef8677ebd89464d2498,Qm59ccec6b4918168d61d614b8b2d6ff11e0ca990349e6,Pinata Dedicated IPFS Gateway,0.0.4891024,2447,2026-09-13 12:04:33 UTC,0xb5fcd8deb99e7153715e0619f1241442359568af172ea11260aba99e31758640,0.0001,Pharmacy Dispensation Verification & Medication Fulfillment,Identity Verified (Wallet Protocol),Blockchain Audit Enabled
RX-0448,Sanjay Bhatia,849648,0x6a7008a3d01165489d84af32a6af4ede5be5f4dc,🔓 Decrypt RX,Pending - Ready to Decrypt,YES (Patient Consent Active),NO,NO,1629.7,Dr. Sarah Jenkins,0x04Fee3FD1B338d12FFD6dBD8d66dE1e8e0BB99cB,NMC-48192,Apollo Multispecialty Hospital,Apex Central Clinical Dispensary,0x155Af6ECaFb48861dA7d16Fb8Af2f6ce9d6DD779,DL-AX-2026-3021,"Rajesh Nambiar, Pharm.D.",E11.65,Type 2 diabetes mellitus with hyperglycemia,Endocrinology,"Insulin Glargine Solostar (100 IU/mL, 14 Units Once Daily at Bedtime, Qty: 2) | Metformin XR (1000 mg, Once Daily post dinner, Qty: 30)",2,AES-256-GCM,vault-transit-key-0x6a7008a3,456d4357c9d9bb4d47886a47,6974a8c70359b1b1093696ee1eaeb4d3,0x7341f96fe1add173f1f9b15f3994a04833241203f32fe01786337e472a719c52,Qm6304dde457353e70fcc3fee39b87f7afd3d75cedbd1b,Pinata Dedicated IPFS Gateway,0.0.4891024,2448,2026-09-13 12:04:35 UTC,0xd923facec18d02f09c12745f0be3082ce7dcaafe8b3273cd1c4c37757935a5a5,0.0001,Pharmacy Dispensation Verification & Medication Fulfillment,Identity Verified (Wallet Protocol),Blockchain Audit Enabled
RX-0449,Harish Malhotra,849649,0x6bb76a31fe574d43a87aaf5f360ff49cb6cd0aac,Request Access,Unauthorized / Unlinked,NO,NO,NO,1485.26,Dr. Vikram Seth,0x15d34AAf54267DB7D7c367839AAf71A00a2C6A65,NMC-99014,Max Super Speciality Cancer Institute,MedPlus Health Hub,0x70997970C51812dc3A010C7d01b50e0d17dc79C8,DL-MP-2023-4122,"Priya Sundaram, Pharm.D.",G40.909,"Epilepsy, unspecified",Neurology,"Levetiracetam (500 mg, Twice Daily morning & evening, Qty: 60) | Clobazam (10 mg, Once Daily at Bedtime, Qty: 30)",2,AES-256-GCM,vault-transit-key-0x6bb76a31,35073bbc01743c15b974fd9c,f2ff0875e71b1b19117a9ba42e4eea60,0x77895faa18b8dadd45622c1b486a333b9086247f3bdc5ce85682ffb89abbda56,Qm2808b51e3116aeeb7724b8f89afe08a21703ae568a3c,Pinata Dedicated IPFS Gateway,0.0.4891024,2449,2026-09-13 12:04:38 UTC,0x05e3441396e565a1a9f02f41c2a8c31a5b8f05d0b5e5d3c5e9a190d07eb29c02,0.0001,Pharmacy Dispensation Verification & Medication Fulfillment,Identity Verified (Wallet Protocol),Blockchain Audit Enabled
RX-0450,Sneha Agarwal,849200,0xa6591e090e0a79f8fc7125464d548aeeb720974a,🔓 Decrypt RX,Pending - Ready to Decrypt,YES (Patient Consent Active),NO,NO,930.74,Dr. Preeti Deshmukh,0x23618e81E3f5cdF7f54C3d65f7FBc0aBf5B21E8f,NMC-82194,Care & Cure Pediatric & Maternity Hospital,Apollo Pharmacy Global,0x04Fee3FD1B338d12FFD6dBD8d66dE1e8e0BB99cB,DL-AP-2024-8901,"K. V. Raman, R.Ph.",A90,Dengue fever [classical dengue],Infectious Disease,"Paracetamol Infusion / Tab (650 mg, Every 6 hours SOS fever > 100°F, Qty: 20) | Carica Papaya Leaf Extract (1100 mg, Thrice Daily post food, Qty: 21) | Oral Rehydration Salts (WHO formula) (21.8 g sachet, 1 sachet in 1L water daily, Qty: 7)",3,AES-256-GCM,vault-transit-key-0xa6591e09,6f351ddcd20a9f7ebcb33c77,0de900eeec86a919358d08f3366138e2,0x66434ce7d8a8d9419043cf14a01ee487e875a96d91d29e70901bece8c091ab56,Qmc43ac44af468dfb89dd7638886f100592bf58ac29ff1,Pinata Dedicated IPFS Gateway,0.0.4891024,2450,2026-09-13 12:04:40 UTC,0xf885e161e84d28724ea492c4a83d931c3d57907ccbdb492598970cffed958f8b,0.0001,Pharmacy Dispensation Verification & Medication Fulfillment,Identity Verified (Wallet Protocol),Blockchain Audit Enabled
RX-0451,Divya Gupta,849201,0x903c8c4d4f9b70d45b8d909281279839cbcdf7b1,Request Access,Unauthorized / Unlinked,NO,NO,NO,1486.57,Dr. Ananya Roy,0x9965507D1a55bcC2695C58ba16FB37d819B0A4dc,NMC-51203,Max Super Speciality Cancer Institute,MedPlus Health Hub,0x70997970C51812dc3A010C7d01b50e0d17dc79C8,DL-MP-2023-4122,"Priya Sundaram, Pharm.D.",G40.909,"Epilepsy, unspecified",Neurology,"Levetiracetam (500 mg, Twice Daily morning & evening, Qty: 60) | Clobazam (10 mg, Once Daily at Bedtime, Qty: 30)",2,AES-256-GCM,vault-transit-key-0x903c8c4d,ebe83906aa4b2e447a4de443,abcc4e83cabf78d0bbbeeb596a7eac9a,0x5e85aaf90d7bb172754f76b7290c3885e174ba4e11c20d41bf6ca1095f65b799,Qmfa09c577ef026652ca844fd7ca91eee8ffbe6ac3b42d,Pinata Dedicated IPFS Gateway,0.0.4891024,2451,2026-09-13 12:04:42 UTC,0xf11ecf90e6c9d3fba2f3eb521c08ee77ebae554c78e17ebb63f8fb8179bcebb8,0.0001,Pharmacy Dispensation Verification & Medication Fulfillment,Identity Verified (Wallet Protocol),Blockchain Audit Enabled
RX-0452,Meera Reddy,849202,0x4145a8d521089d3e44772b34a24d44ddefb2e35c,Request Access,Unauthorized / Unlinked,NO,NO,NO,425.28,Dr. Ananya Roy,0x9965507D1a55bcC2695C58ba16FB37d819B0A4dc,NMC-51203,Max Super Speciality Cancer Institute,MedPlus Health Hub,0x70997970C51812dc3A010C7d01b50e0d17dc79C8,DL-MP-2023-4122,"Priya Sundaram, Pharm.D.",J06.9,Acute upper respiratory infection,Pediatrics / General,"Amoxicillin + Potassium Clavulanate (625 mg, Twice Daily post food, Qty: 14) | Paracetamol (650 mg, Thrice daily post meals SOS, Qty: 15) | Levocetirizine Dihydrochloride (5 mg, Once Daily at Bedtime, Qty: 7)",3,AES-256-GCM,vault-transit-key-0x4145a8d5,dfd2d437ec20bc42bdb3f52a,135b5f3a4e9fbc22d7b825da9f4f0caa,0x8fd051f3b3890312618293c54128dcaa75f1a322b37ef9e6c75170b4db3dc283,Qm485c0fb2e49eed8b15195651dccc73984e427264bf26,Pinata Dedicated IPFS Gateway,0.0.4891024,2452,2026-09-13 12:04:45 UTC,0x668cf2c60407c19b72319be9f125730869da0f427e775d1b8561f9a41b181dcd,0.0001,Pharmacy Dispensation Verification & Medication Fulfillment,Identity Verified (Wallet Protocol),Blockchain Audit Enabled
RX-0453,Gautam Kapoor,849203,0x3d01273dcdf82f28065d096064ccb0b79a295dbb,⏳ Waiting for Approval,Access Pending Approval,NO,YES,NO,1499.14,Dr. Sarah Jenkins,0x04Fee3FD1B338d12FFD6dBD8d66dE1e8e0BB99cB,NMC-48192,Apollo Multispecialty Hospital,Apex Central Clinical Dispensary,0x155Af6ECaFb48861dA7d16Fb8Af2f6ce9d6DD779,DL-AX-2026-3021,"Rajesh Nambiar, Pharm.D.",G40.909,"Epilepsy, unspecified",Neurology,"Levetiracetam (500 mg, Twice Daily morning & evening, Qty: 60) | Clobazam (10 mg, Once Daily at Bedtime, Qty: 30)",2,AES-256-GCM,vault-transit-key-0x3d01273d,7c2760a3551d4c27471c5e24,09fa6f6c48875340582c71a53e8bd29f,0x8a3c5f65c2f59bfa8db27854799b5a9fe072209d1fd7f0f63c8d0203c677df07,Qm197d6f768e7b486606b723030c35295804feecddcae2,Pinata Dedicated IPFS Gateway,0.0.4891024,2453,2026-09-13 12:04:47 UTC,0xd77f8572ee4e6cbff8eb202fa589fd908ae3b2b20a41929fe4adea176b250be8,0.0001,Pharmacy Dispensation Verification & Medication Fulfillment,Identity Verified (Wallet Protocol),Blockchain Audit Enabled
RX-0454,Chetan Patel,849204,0xb1431e9f2d781e980f79a846c9dd4744ff0df40e,⏳ Waiting for Approval,Access Pending Approval,NO,YES,NO,1682.15,Dr. Ananya Roy,0x9965507D1a55bcC2695C58ba16FB37d819B0A4dc,NMC-51203,Max Super Speciality Cancer Institute,Fortis Care Dispensary,0x84f93618C1D541bB1Dcf1373A8eE500A7D439634,DL-FC-2025-1094,"Amit Singhania, R.Ph.",C50.919,Malignant neoplasm of female breast,Oncology,"Tamoxifen Citrate (20 mg, Once Daily at fixed hour, Qty: 30) | Ondansetron HCl (8 mg, Twice Daily 30 min before food, Qty: 30) | Calcium Carbonate + Vit D3 (500mg/250IU, Once Daily post meal, Qty: 30)",3,AES-256-GCM,vault-transit-key-0xb1431e9f,7eb2ba9de1a9eec1bed604d1,40743062425d476745d417d47c401db9,0x9fadc79d9c2841fba8bb335c1448f16bb42f910a185c17d9d75246256d760415,Qm2165b68ae3a96b86590064f7e4f115b5c8f295b31481,Pinata Dedicated IPFS Gateway,0.0.4891024,2454,2026-09-13 12:04:49 UTC,0x5bedcdc0a67b513a024215912d7a2d3c9b3d864483cf684aed47adf8c7523adc,0.0001,Pharmacy Dispensation Verification & Medication Fulfillment,Identity Verified (Wallet Protocol),Blockchain Audit Enabled
RX-0455,Neha Pandey,849205,0xdc1bcdf855f8a44a29266f0f090e984adef93f1b,🔓 Decrypt RX,Pending - Ready to Decrypt,YES (Patient Consent Active),NO,NO,976.75,Dr. Ananya Roy,0x9965507D1a55bcC2695C58ba16FB37d819B0A4dc,NMC-51203,Max Super Speciality Cancer Institute,Max Wellness Pharmacy,0x28B7eA94B34C8F52D19E50Eb14769Da20F5D54b4,DL-MW-2024-7731,"Sneha Mukherjee, R.Ph.",G43.909,"Migraine, unspecified, not intractable",Neurology,"Sumatriptan Succinate (50 mg, 1 tablet at onset of migraine SOS, Qty: 10) | Naproxen Sodium (500 mg, Twice daily as needed with food, Qty: 20) | Propranolol HCl (40 mg, Twice daily for prophylaxis, Qty: 60)",3,AES-256-GCM,vault-transit-key-0xdc1bcdf8,6a80bca7513d7e5159477e1f,6085dffec0ff0c6f3bad25c5d7133e66,0x78a24a578dfca1c731dfd2a6a92537b8337a4dc08ed6477ae7ff3d29790ca82f,Qm81a4fa1a1805ca056f81c429f468f3f17cdc3b4059b0,Pinata Dedicated IPFS Gateway,0.0.4891024,2455,2026-09-13 12:04:52 UTC,0x8e6b79c9ee55b1cfaf2d6424d36ea15f5283323ff3d34d55433de59e3d04da17,0.0001,Pharmacy Dispensation Verification & Medication Fulfillment,Identity Verified (Wallet Protocol),Blockchain Audit Enabled
RX-0456,Pooja Mishra,849206,0x8a62ed983ec72774a9df4d82e24a99f929f61b4f,Request Access,Unauthorized / Unlinked,NO,NO,NO,1495.82,Dr. Vikram Seth,0x15d34AAf54267DB7D7c367839AAf71A00a2C6A65,NMC-99014,Max Super Speciality Cancer Institute,Max Wellness Pharmacy,0x28B7eA94B34C8F52D19E50Eb14769Da20F5D54b4,DL-MW-2024-7731,"Sneha Mukherjee, R.Ph.",G40.909,"Epilepsy, unspecified",Neurology,"Levetiracetam (500 mg, Twice Daily morning & evening, Qty: 60) | Clobazam (10 mg, Once Daily at Bedtime, Qty: 30)",2,AES-256-GCM,vault-transit-key-0x8a62ed98,12f80ae86aefdd91b1d5dd36,793826f956e13810fa059b2479bd333f,0x05606fa79858de5da7097537b14b2c7f294be04ff208da02a3e8a7dbfb4c7cb0,Qm5e8cfe7cf8c8f366bee688c152e0cbc22343a0f206be,Pinata Dedicated IPFS Gateway,0.0.4891024,2456,2026-09-13 12:04:55 UTC,0x17675fd19ce11dba4a55b0b65b50671db84464b341ba35fa4e750f5d121070e4,0.0001,Pharmacy Dispensation Verification & Medication Fulfillment,Identity Verified (Wallet Protocol),Blockchain Audit Enabled
RX-0457,Rohan Banerjee,849207,0xae30a0dac3745f2403374730a4e85ef2e2c29bae,🔓 Decrypt RX,Pending - Ready to Decrypt,YES (Patient Consent Active),NO,NO,937.0,Dr. Preeti Deshmukh,0x23618e81E3f5cdF7f54C3d65f7FBc0aBf5B21E8f,NMC-82194,Care & Cure Pediatric & Maternity Hospital,MedPlus Health Hub,0x70997970C51812dc3A010C7d01b50e0d17dc79C8,DL-MP-2023-4122,"Priya Sundaram, Pharm.D.",K21.9,Gastro-esophageal reflux disease,Gastroenterology,"Pantoprazole Gastro-resistant (40 mg, Once Daily 30 min pre-breakfast, Qty: 30) | Domperidone Sustained Release (30 mg, Once Daily morning, Qty: 30) | Sucralfate Oral Suspension (1000 mg/10mL, 10 mL thrice daily before meals, Qty: 2)",3,AES-256-GCM,vault-transit-key-0xae30a0da,dcb1c5895db69056cf5ff0c8,8083c563c5c9f661da5b224498f5fe9d,0x77ddfe6a1d94e68bdc76df28724de896bc1a2e143e3348905a5c01fea9c8c62a,Qmafcd5cf85459268785e437fc279cc5013c5ecd1c40de,Pinata Dedicated IPFS Gateway,0.0.4891024,2457,2026-09-13 12:04:57 UTC,0x8fef3a12ad0c10ec5aa8fe62a6af512967186aeb7b1b18ad70b0e53b64df190d,0.0001,Pharmacy Dispensation Verification & Medication Fulfillment,Identity Verified (Wallet Protocol),Blockchain Audit Enabled
RX-0458,Sanjay Rao,849208,0xafff9869257a78bcc8bd70c5843ca45dbdca3dbd,🔓 Decrypt RX,Pending - Ready to Decrypt,YES (Patient Consent Active),NO,NO,220.63,Dr. Ananya Roy,0x9965507D1a55bcC2695C58ba16FB37d819B0A4dc,NMC-51203,Max Super Speciality Cancer Institute,MedPlus Health Hub,0x70997970C51812dc3A010C7d01b50e0d17dc79C8,DL-MP-2023-4122,"Priya Sundaram, Pharm.D.",E03.9,"Hypothyroidism, unspecified",Endocrinology,"Levothyroxine Sodium (50 mcg, Once Daily on empty stomach, Qty: 60)",1,AES-256-GCM,vault-transit-key-0xafff9869,8cfcd3e43dc5b317c4bc24af,fc95483475f05f0fedc6865733af57c3,0x70e0c8df46f9735de86642c15bb22142fc98f7a399441057ec7cc6b76a1fac00,Qm3c001b823f67a6b43f60917fd2c30c418d02ebd3c218,Pinata Dedicated IPFS Gateway,0.0.4891024,2458,2026-09-13 12:04:59 UTC,0x9d5f711b338ae78b419a012fb4975168d47bc59aa1e9ecc10503d8f240b717a7,0.0001,Pharmacy Dispensation Verification & Medication Fulfillment,Identity Verified (Wallet Protocol),Blockchain Audit Enabled
RX-0459,Rakesh Pillai,849209,0x5244507275e6c1612aa1781007a21ff2a978b30b,⏳ Waiting for Approval,Access Pending Approval,NO,YES,NO,980.73,Dr. Rajesh Sharma,0x3c44CdDdB6a900fa2b585dd299e03d12FA4293BC,NMC-78491,Apollo Multispecialty Hospital,MedPlus Health Hub,0x70997970C51812dc3A010C7d01b50e0d17dc79C8,DL-MP-2023-4122,"Priya Sundaram, Pharm.D.",G43.909,"Migraine, unspecified, not intractable",Neurology,"Sumatriptan Succinate (50 mg, 1 tablet at onset of migraine SOS, Qty: 10) | Naproxen Sodium (500 mg, Twice daily as needed with food, Qty: 20) | Propranolol HCl (40 mg, Twice daily for prophylaxis, Qty: 60)",3,AES-256-GCM,vault-transit-key-0x52445072,19e48282bbd12eeed95e5af5,d5a4d4cf49f3c517910c2334ff7b1085,0x228a48fffe21efec87477e162336de8b558c9ffeac1dd99dc1c35c4f74b1dc6a,Qmccd45ef14a5661a42af2411a94da2efc02b273dbe95c,Pinata Dedicated IPFS Gateway,0.0.4891024,2459,2026-09-13 12:05:02 UTC,0x6330a539fe0a619cb852d7fd2e60699ae015daf4cf92c940144cd1ec9171aa88,0.0001,Pharmacy Dispensation Verification & Medication Fulfillment,Identity Verified (Wallet Protocol),Blockchain Audit Enabled
RX-0460,Vikas Gowda,849210,0x6d47022439699153e5c0b07ef536d6da74d489fd,🔓 Decrypt RX,Pending - Ready to Decrypt,YES (Patient Consent Active),NO,NO,906.5,Dr. Rohan Patel,0x976EA74026E726554dB657fA54763abd0C3a0aa9,NMC-11029,Fortis Memorial Neuro & Trauma Center,Fortis Care Dispensary,0x84f93618C1D541bB1Dcf1373A8eE500A7D439634,DL-FC-2025-1094,"Amit Singhania, R.Ph.",A90,Dengue fever [classical dengue],Infectious Disease,"Paracetamol Infusion / Tab (650 mg, Every 6 hours SOS fever > 100°F, Qty: 20) | Carica Papaya Leaf Extract (1100 mg, Thrice Daily post food, Qty: 21) | Oral Rehydration Salts (WHO formula) (21.8 g sachet, 1 sachet in 1L water daily, Qty: 7)",3,AES-256-GCM,vault-transit-key-0x6d470224,dc23015b2fb4fe5eebc97770,7613561dc1c63f5d942b40d3327fd35b,0xb214f6bcd8dbd273cf7e875ad4d50fa5b06515422b69afd223913329dcbdb00e,Qm4e9b14138d09011d289bc5c40f4c9b6ee83abace0aea,Pinata Dedicated IPFS Gateway,0.0.4891024,2460,2026-09-13 12:05:04 UTC,0x1ac82701481152cae747d3778900211514f2b6db05466dacf5f4d2ed536d9cf7,0.0001,Pharmacy Dispensation Verification & Medication Fulfillment,Identity Verified (Wallet Protocol),Blockchain Audit Enabled
RX-0461,Yashwanth Nair,849211,0xce477171d0f3b3d9f8656511781b04f9c1bf80c9,Dispensed (Fulfilled),Dispensed & Fulfilled,YES,NO,YES,1479.93,Dr. Rajesh Sharma,0x3c44CdDdB6a900fa2b585dd299e03d12FA4293BC,NMC-78491,Apollo Multispecialty Hospital,Max Wellness Pharmacy,0x28B7eA94B34C8F52D19E50Eb14769Da20F5D54b4,DL-MW-2024-7731,"Sneha Mukherjee, R.Ph.",G40.909,"Epilepsy, unspecified",Neurology,"Levetiracetam (500 mg, Twice Daily morning & evening, Qty: 60) | Clobazam (10 mg, Once Daily at Bedtime, Qty: 30)",2,AES-256-GCM,vault-transit-key-0xce477171,5fd9e40e5423406bb5a60961,31f19b61293a46493061a3b66c329614,0xb8a444fb473e17c64261d6980cd4081240b38d6f0586d2a05dd01d0cdbe48a7e,Qmc7c29696a8d513175ed7b9a6d0b8ed88838f5469c19a,Pinata Dedicated IPFS Gateway,0.0.4891024,2461,2026-09-13 12:05:06 UTC,0x3f6544098f3cd0f6dc2839156d55aad579f760e3c1c2cd8278c1d00cb23cedef,0.0001,Pharmacy Dispensation Verification & Medication Fulfillment,Identity Verified (Wallet Protocol),Blockchain Audit Enabled
RX-0462,Siddharth Pillai,849212,0x685cc5bf777a0bfa1a71670cef32ecb52fe6efad,🔓 Decrypt RX,Pending - Ready to Decrypt,YES (Patient Consent Active),NO,NO,975.53,Dr. Preeti Deshmukh,0x23618e81E3f5cdF7f54C3d65f7FBc0aBf5B21E8f,NMC-82194,Care & Cure Pediatric & Maternity Hospital,Max Wellness Pharmacy,0x28B7eA94B34C8F52D19E50Eb14769Da20F5D54b4,DL-MW-2024-7731,"Sneha Mukherjee, R.Ph.",G43.909,"Migraine, unspecified, not intractable",Neurology,"Sumatriptan Succinate (50 mg, 1 tablet at onset of migraine SOS, Qty: 10) | Naproxen Sodium (500 mg, Twice daily as needed with food, Qty: 20) | Propranolol HCl (40 mg, Twice daily for prophylaxis, Qty: 60)",3,AES-256-GCM,vault-transit-key-0x685cc5bf,1898ac8f79d71e381011f6bb,8f6d3df6c4673b9ef5fedfa2da718f88,0xa8d3851ad284aee7d8025e1a5261a53bb1b0a87c9854af8001c25f810a26004a,Qm3d014844e22a7ae49badc4a80bcc8bcf01ccb3cf635c,Pinata Dedicated IPFS Gateway,0.0.4891024,2462,2026-09-13 12:05:09 UTC,0xe2add4bbe8a31fa12026f6b3bb572264541255c49d84dda6521f0d8f4547c834,0.0001,Pharmacy Dispensation Verification & Medication Fulfillment,Identity Verified (Wallet Protocol),Blockchain Audit Enabled
RX-0463,Divya Pandey,849213,0xb2dca628cbaa97a37f5d60f6d95a8ea4a2f5c33c,⏳ Waiting for Approval,Access Pending Approval,NO,YES,NO,1611.96,Dr. Sarah Jenkins,0x04Fee3FD1B338d12FFD6dBD8d66dE1e8e0BB99cB,NMC-48192,Apollo Multispecialty Hospital,Apollo Pharmacy Global,0x04Fee3FD1B338d12FFD6dBD8d66dE1e8e0BB99cB,DL-AP-2024-8901,"K. V. Raman, R.Ph.",E11.65,Type 2 diabetes mellitus with hyperglycemia,Endocrinology,"Insulin Glargine Solostar (100 IU/mL, 14 Units Once Daily at Bedtime, Qty: 2) | Metformin XR (1000 mg, Once Daily post dinner, Qty: 30)",2,AES-256-GCM,vault-transit-key-0xb2dca628,7f5925bbfb5024a26d84b2a9,70481b167c078a939a5e9665ebfa866b,0x4c73440f92894b0a71ebdbbcf2cf485ec99c941c6bae0b16418cd2818c085527,Qm95dae889da6da55e04014226750782cc5d704d5d03c2,Pinata Dedicated IPFS Gateway,0.0.4891024,2463,2026-09-13 12:05:11 UTC,0x2f9e44a6dee503b203f3a60e4b5676dc72c9c6c30f1ed5cdd9100b68fee5d978,0.0001,Pharmacy Dispensation Verification & Medication Fulfillment,Identity Verified (Wallet Protocol),Blockchain Audit Enabled
RX-0464,Amit Kulkarni,849214,0x80a9a0f5672e8dd5f653b2339b45b51fa1f144ca,Request Access,Unauthorized / Unlinked,NO,NO,NO,991.64,Dr. Sarah Jenkins,0x04Fee3FD1B338d12FFD6dBD8d66dE1e8e0BB99cB,NMC-48192,Apollo Multispecialty Hospital,Apollo Pharmacy Global,0x04Fee3FD1B338d12FFD6dBD8d66dE1e8e0BB99cB,DL-AP-2024-8901,"K. V. Raman, R.Ph.",G43.909,"Migraine, unspecified, not intractable",Neurology,"Sumatriptan Succinate (50 mg, 1 tablet at onset of migraine SOS, Qty: 10) | Naproxen Sodium (500 mg, Twice daily as needed with food, Qty: 20) | Propranolol HCl (40 mg, Twice daily for prophylaxis, Qty: 60)",3,AES-256-GCM,vault-transit-key-0x80a9a0f5,95c74e0a2c77ea593c7327b5,671bff142c821ced3fe524e3cea7433a,0x79d8770582784da8a0ac407150c27cbcb88c92eb40e8f8b99680175e3d231f73,Qm6a2afbe037a528e5ac314257d7daa0fdb408bbe2897d,Pinata Dedicated IPFS Gateway,0.0.4891024,2464,2026-09-13 12:05:13 UTC,0xb3eca221b41712e2f52cb5b84f0cce983e45baf5f2ae21d0f4ac6424900345e9,0.0001,Pharmacy Dispensation Verification & Medication Fulfillment,Identity Verified (Wallet Protocol),Blockchain Audit Enabled
RX-0465,Pooja Deshmukh,849215,0x80d4087b9f295b3811cbab84cca36e2195b5f770,🔓 Decrypt RX,Pending - Ready to Decrypt,YES (Patient Consent Active),NO,NO,427.68,Dr. Sarah Jenkins,0x04Fee3FD1B338d12FFD6dBD8d66dE1e8e0BB99cB,NMC-48192,Apollo Multispecialty Hospital,Apex Central Clinical Dispensary,0x155Af6ECaFb48861dA7d16Fb8Af2f6ce9d6DD779,DL-AX-2026-3021,"Rajesh Nambiar, Pharm.D.",J06.9,Acute upper respiratory infection,Pediatrics / General,"Amoxicillin + Potassium Clavulanate (625 mg, Twice Daily post food, Qty: 14) | Paracetamol (650 mg, Thrice daily post meals SOS, Qty: 15) | Levocetirizine Dihydrochloride (5 mg, Once Daily at Bedtime, Qty: 7)",3,AES-256-GCM,vault-transit-key-0x80d4087b,8b706ad5186abafcbc33a12e,46787d122124dc4c380f255a3fddf35c,0x32245e94e3ead4737ac8a18bf3e10b28815ba218e2b51b91a4340cec27b2e45d,Qm96be074497ab9191b92983a90816b0e17e9673efc5de,Pinata Dedicated IPFS Gateway,0.0.4891024,2465,2026-09-13 12:05:16 UTC,0xe5416225c35640036257015fb7062621694fbb76609f0cb93b2928b8cd4e0167,0.0001,Pharmacy Dispensation Verification & Medication Fulfillment,Identity Verified (Wallet Protocol),Blockchain Audit Enabled
RX-0466,Rakesh Iyer,849216,0xc0e7fdff5dac7e358a3254b5d28044df513acdd1,🔓 Decrypt RX,Pending - Ready to Decrypt,YES (Patient Consent Active),NO,NO,908.01,Dr. Sarah Jenkins,0x04Fee3FD1B338d12FFD6dBD8d66dE1e8e0BB99cB,NMC-48192,Apollo Multispecialty Hospital,MedPlus Health Hub,0x70997970C51812dc3A010C7d01b50e0d17dc79C8,DL-MP-2023-4122,"Priya Sundaram, Pharm.D.",A90,Dengue fever [classical dengue],Infectious Disease,"Paracetamol Infusion / Tab (650 mg, Every 6 hours SOS fever > 100°F, Qty: 20) | Carica Papaya Leaf Extract (1100 mg, Thrice Daily post food, Qty: 21) | Oral Rehydration Salts (WHO formula) (21.8 g sachet, 1 sachet in 1L water daily, Qty: 7)",3,AES-256-GCM,vault-transit-key-0xc0e7fdff,a892e160485897fe06869a1c,8b768b2d7cef5808298be5e15cf239bd,0x325b92caed83e4201e9741a8ded8943010598920fd6f2fa97a697e5bb49ce0c4,Qm8bfe2dcabf888e5982d2af1fb11c995ee4c9fd02d338,Pinata Dedicated IPFS Gateway,0.0.4891024,2466,2026-09-13 12:05:18 UTC,0xfd910c862c38fb72d45e0a7f1b155ac9f1ff3ce07d94907af85fb67270c3ffd6,0.0001,Pharmacy Dispensation Verification & Medication Fulfillment,Identity Verified (Wallet Protocol),Blockchain Audit Enabled
RX-0467,Vikas Saxena,849217,0xfd626597d7da0c35df9ada0c0195c329701399bc,🔓 Decrypt RX,Pending - Ready to Decrypt,YES (Patient Consent Active),NO,NO,3307.93,Dr. Ananya Roy,0x9965507D1a55bcC2695C58ba16FB37d819B0A4dc,NMC-51203,Max Super Speciality Cancer Institute,MedPlus Health Hub,0x70997970C51812dc3A010C7d01b50e0d17dc79C8,DL-MP-2023-4122,"Priya Sundaram, Pharm.D.",C61,Malignant neoplasm of prostate,Oncology,"Bicalutamide (50 mg, Once Daily morning, Qty: 30) | Tamsulosin HCl (0.4 mg, Once Daily 30 min after same meal, Qty: 30)",2,AES-256-GCM,vault-transit-key-0xfd626597,8ab013d09621fe54ddc3bd2e,e8c7c740f897684960edb5feb61ab72f,0x75ee22db376b9749ad2fdd7cd9866a955b07c5278775afd0812493e3fd1440de,Qm8aa09163d7f27038117f9b89b140b102ae41ba67bc38,Pinata Dedicated IPFS Gateway,0.0.4891024,2467,2026-09-13 12:05:21 UTC,0xe3bf12a4289b4b20ec4522417a315e2990f7330f3ec8e5507e9f92c9d346cada,0.0001,Pharmacy Dispensation Verification & Medication Fulfillment,Identity Verified (Wallet Protocol),Blockchain Audit Enabled
RX-0468,Geeta Swaminathan,849218,0xaf4411a61cf1124af30deaf5a9ef1ec8bad80fcf,Dispensed (Fulfilled),Dispensed & Fulfilled,YES,NO,YES,945.06,Dr. Vikram Seth,0x15d34AAf54267DB7D7c367839AAf71A00a2C6A65,NMC-99014,Max Super Speciality Cancer Institute,Apollo Pharmacy Global,0x04Fee3FD1B338d12FFD6dBD8d66dE1e8e0BB99cB,DL-AP-2024-8901,"K. V. Raman, R.Ph.",K21.9,Gastro-esophageal reflux disease,Gastroenterology,"Pantoprazole Gastro-resistant (40 mg, Once Daily 30 min pre-breakfast, Qty: 30) | Domperidone Sustained Release (30 mg, Once Daily morning, Qty: 30) | Sucralfate Oral Suspension (1000 mg/10mL, 10 mL thrice daily before meals, Qty: 2)",3,AES-256-GCM,vault-transit-key-0xaf4411a6,57769fb961454a165555b048,77bd11388ff012de8750a811dac1d135,0xcbf2a8409441ea898102f349ced5e24d87e1d7e309d2f779072f1de715646cd8,Qmde17707cafdb9743352d7483275b59476bfde3686b3d,Pinata Dedicated IPFS Gateway,0.0.4891024,2468,2026-09-13 12:05:23 UTC,0x14a699ed7af8aff549e3a647c811a4235bfedcb147661e7b30ce628b1a7f902b,0.0001,Pharmacy Dispensation Verification & Medication Fulfillment,Identity Verified (Wallet Protocol),Blockchain Audit Enabled
RX-0469,Arjun Kapoor,849219,0x9acba47690b80bd2370f5983e4e0f06a8094c722,🔓 Decrypt RX,Pending - Ready to Decrypt,YES (Patient Consent Active),NO,NO,429.1,Dr. Preeti Deshmukh,0x23618e81E3f5cdF7f54C3d65f7FBc0aBf5B21E8f,NMC-82194,Care & Cure Pediatric & Maternity Hospital,Apex Central Clinical Dispensary,0x155Af6ECaFb48861dA7d16Fb8Af2f6ce9d6DD779,DL-AX-2026-3021,"Rajesh Nambiar, Pharm.D.",J06.9,Acute upper respiratory infection,Pediatrics / General,"Amoxicillin + Potassium Clavulanate (625 mg, Twice Daily post food, Qty: 14) | Paracetamol (650 mg, Thrice daily post meals SOS, Qty: 15) | Levocetirizine Dihydrochloride (5 mg, Once Daily at Bedtime, Qty: 7)",3,AES-256-GCM,vault-transit-key-0x9acba476,e512f43e4c2a990c459e494d,d59f0743e63750016193060b1d2da7b2,0x09ed7f88d754cae6bf6398ae86bdacab9f8015e8f82fdf4ab216da44167a1656,Qmc1b2e390425842b28abef0f1beff9abe4dc4d5980515,Pinata Dedicated IPFS Gateway,0.0.4891024,2469,2026-09-13 12:05:26 UTC,0x222b0784e92c678d9e0510845291afd1ef6c30bd2260e7461b7d890ef6ae0958,0.0001,Pharmacy Dispensation Verification & Medication Fulfillment,Identity Verified (Wallet Protocol),Blockchain Audit Enabled
RX-0470,Amit Shetty,849220,0x9d89c337110feb8cecf99b5a6a94ce1b91968426,Dispensed (Fulfilled),Dispensed & Fulfilled,YES,NO,YES,1610.7,Dr. Sarah Jenkins,0x04Fee3FD1B338d12FFD6dBD8d66dE1e8e0BB99cB,NMC-48192,Apollo Multispecialty Hospital,MedPlus Health Hub,0x70997970C51812dc3A010C7d01b50e0d17dc79C8,DL-MP-2023-4122,"Priya Sundaram, Pharm.D.",E11.65,Type 2 diabetes mellitus with hyperglycemia,Endocrinology,"Insulin Glargine Solostar (100 IU/mL, 14 Units Once Daily at Bedtime, Qty: 2) | Metformin XR (1000 mg, Once Daily post dinner, Qty: 30)",2,AES-256-GCM,vault-transit-key-0x9d89c337,5a9d7736a9dcfa17c5a60621,e88c62ea4e59f5ebc079f64616b516ea,0x172b4a78974b50084b0b975f3b8d83545ce2d7e92684c399cdf5db52b6ea62af,Qmb8b6e6cf2a593747cafb26ef2d2e1aa69ff95a703dd5,Pinata Dedicated IPFS Gateway,0.0.4891024,2470,2026-09-13 12:05:28 UTC,0x7f224d3b950f289fc4d4385ec8925a785accce06e92cb764183b8bfeb36dec9f,0.0001,Pharmacy Dispensation Verification & Medication Fulfillment,Identity Verified (Wallet Protocol),Blockchain Audit Enabled
RX-0471,Meera Shetty,849221,0x5f7782fdbffe38e2cdc1f52bc7249b2b2ee44703,⏳ Waiting for Approval,Access Pending Approval,NO,YES,NO,503.25,Dr. Rohan Patel,0x976EA74026E726554dB657fA54763abd0C3a0aa9,NMC-11029,Fortis Memorial Neuro & Trauma Center,MedPlus Health Hub,0x70997970C51812dc3A010C7d01b50e0d17dc79C8,DL-MP-2023-4122,"Priya Sundaram, Pharm.D.",I10,Essential (primary) hypertension,Cardiology,"Amlodipine Besylate (5 mg, Once Daily (Morning), Qty: 30) | Telmisartan (40 mg, Once Daily (Morning), Qty: 30)",2,AES-256-GCM,vault-transit-key-0x5f7782fd,3abff5c1be6d99854b6d6fbe,db001d7cb62d7f9665798bd7f2935f8f,0x0b846f8f28107e2a8048a959d885eb32fb151688148fd7d48616c06540608740,Qm2e428db9b8818d1144a1900fe511e0ae9666abf56912,Pinata Dedicated IPFS Gateway,0.0.4891024,2471,2026-09-13 12:05:31 UTC,0xc8c0205996e8daba2866da3f0ccd1ff4a028dfa09369ae667f824c89ecf9fc72,0.0001,Pharmacy Dispensation Verification & Medication Fulfillment,Identity Verified (Wallet Protocol),Blockchain Audit Enabled
RX-0472,Arjun Iyer,849222,0x2969c7d9c36965aa4b46513ab541a8ebeb09ed87,🔓 Decrypt RX,Pending - Ready to Decrypt,YES (Patient Consent Active),NO,NO,1195.74,Dr. Sunita Narang,0xBcd4042DE499D14e55001CcbB24a551F3b954096,NMC-90812,Apex Diagnostic Reference Labs,Apex Central Clinical Dispensary,0x155Af6ECaFb48861dA7d16Fb8Af2f6ce9d6DD779,DL-AX-2026-3021,"Rajesh Nambiar, Pharm.D.",E11.9,Type 2 diabetes mellitus without complications,Endocrinology,"Metformin Hydrochloride (500 mg, Twice Daily with meals, Qty: 60) | Dapagliflozin Propanediol (10 mg, Once Daily morning, Qty: 30) | Glimepiride (2 mg, Once Daily pre-breakfast, Qty: 30)",3,AES-256-GCM,vault-transit-key-0x2969c7d9,ebaaa31836a67e2da47839df,b9113cfc4bf832b6b0553be6751f18fd,0x7cb24f45d5ef6c1b4296883d67c28c7d73ed62e58dafe1fb4786a438a8abc131,Qmbcecbb0a0f19226918661c496154335086a98dda7709,Pinata Dedicated IPFS Gateway,0.0.4891024,2472,2026-09-13 12:05:32 UTC,0x556b14ea655d73de6e7b66864cf2f3b82b17de71e47098116cba7fda90efdd99,0.0001,Pharmacy Dispensation Verification & Medication Fulfillment,Identity Verified (Wallet Protocol),Blockchain Audit Enabled
RX-0473,Sanjay Banerjee,849223,0x6c829df852e6188b1001c5211e5c0fb3068cdc17,⏳ Waiting for Approval,Access Pending Approval,NO,YES,NO,501.76,Dr. Vikram Seth,0x15d34AAf54267DB7D7c367839AAf71A00a2C6A65,NMC-99014,Max Super Speciality Cancer Institute,Apex Central Clinical Dispensary,0x155Af6ECaFb48861dA7d16Fb8Af2f6ce9d6DD779,DL-AX-2026-3021,"Rajesh Nambiar, Pharm.D.",I10,Essential (primary) hypertension,Cardiology,"Amlodipine Besylate (5 mg, Once Daily (Morning), Qty: 30) | Telmisartan (40 mg, Once Daily (Morning), Qty: 30)",2,AES-256-GCM,vault-transit-key-0x6c829df8,beff3a93d2b65d362da6a27a,000acf37dfc7fc820bfeb28bf8aae2aa,0x3606874561b03c4275bde24c944949f74729e8624a02443d73c57848ad081b32,Qm71e2285a963a2dc6f0dd6ec5b02cbdf5d462df354ee5,Pinata Dedicated IPFS Gateway,0.0.4891024,2473,2026-09-13 12:05:35 UTC,0x80fff9dd5c0ed967783b6439c8106d76e184c65e8919031d5bbab942005d492d,0.0001,Pharmacy Dispensation Verification & Medication Fulfillment,Identity Verified (Wallet Protocol),Blockchain Audit Enabled
RX-0474,Rahul Choudhury,849224,0x2b7a9130b1612bf54e2fc173aaadfc0325250542,Dispensed (Fulfilled),Dispensed & Fulfilled,YES,NO,YES,1495.56,Dr. Sarah Jenkins,0x04Fee3FD1B338d12FFD6dBD8d66dE1e8e0BB99cB,NMC-48192,Apollo Multispecialty Hospital,Fortis Care Dispensary,0x84f93618C1D541bB1Dcf1373A8eE500A7D439634,DL-FC-2025-1094,"Amit Singhania, R.Ph.",G40.909,"Epilepsy, unspecified",Neurology,"Levetiracetam (500 mg, Twice Daily morning & evening, Qty: 60) | Clobazam (10 mg, Once Daily at Bedtime, Qty: 30)",2,AES-256-GCM,vault-transit-key-0x2b7a9130,738dbf6e1e434dcc9b6b491a,3b1287d0d821cda670c395a5fb031ddd,0x4ebcc198a4c7ed5d2d04799ed98aa50cde85f98bd8b76d0ffcb788b73f744599,Qm23fa1b5c59afb55428fc68da2faf2bc478aefc2686e3,Pinata Dedicated IPFS Gateway,0.0.4891024,2474,2026-09-13 12:05:37 UTC,0x40aad474f2d4a7a114c28dab03402f5670c48f58513980a5f1061ad68f553f7b,0.0001,Pharmacy Dispensation Verification & Medication Fulfillment,Identity Verified (Wallet Protocol),Blockchain Audit Enabled
RX-0475,Shreya Reddy,849225,0xc0908f8c102566cc28469b07ec84044235bfa185,Dispensed (Fulfilled),Dispensed & Fulfilled,YES,NO,YES,963.23,Dr. Preeti Deshmukh,0x23618e81E3f5cdF7f54C3d65f7FBc0aBf5B21E8f,NMC-82194,Care & Cure Pediatric & Maternity Hospital,MedPlus Health Hub,0x70997970C51812dc3A010C7d01b50e0d17dc79C8,DL-MP-2023-4122,"Priya Sundaram, Pharm.D.",K21.9,Gastro-esophageal reflux disease,Gastroenterology,"Pantoprazole Gastro-resistant (40 mg, Once Daily 30 min pre-breakfast, Qty: 30) | Domperidone Sustained Release (30 mg, Once Daily morning, Qty: 30) | Sucralfate Oral Suspension (1000 mg/10mL, 10 mL thrice daily before meals, Qty: 2)",3,AES-256-GCM,vault-transit-key-0xc0908f8c,58b05f9d1c501deeeaf9ec0a,85103180a97fb537557731b7e3733753,0x6ff570e40e62aa1cc368daeebca674a3aebae633ee330c3233c3d609f441f3be,Qme6ba335e07e19f3d5b7c00f3af9b2de2b74d0214fe4c,Pinata Dedicated IPFS Gateway,0.0.4891024,2475,2026-09-13 12:05:40 UTC,0xb8054b0eb6839dd890730bc7959db0aadfbc3bd9afb590a8b6f84ef8102ca0f6,0.0001,Pharmacy Dispensation Verification & Medication Fulfillment,Identity Verified (Wallet Protocol),Blockchain Audit Enabled
RX-0476,Gautam Agarwal,849226,0x7933047cf0a680a2970db80a67a4eb14da0682f1,Request Access,Unauthorized / Unlinked,NO,NO,NO,976.31,Dr. Vikram Seth,0x15d34AAf54267DB7D7c367839AAf71A00a2C6A65,NMC-99014,Max Super Speciality Cancer Institute,Fortis Care Dispensary,0x84f93618C1D541bB1Dcf1373A8eE500A7D439634,DL-FC-2025-1094,"Amit Singhania, R.Ph.",G43.909,"Migraine, unspecified, not intractable",Neurology,"Sumatriptan Succinate (50 mg, 1 tablet at onset of migraine SOS, Qty: 10) | Naproxen Sodium (500 mg, Twice daily as needed with food, Qty: 20) | Propranolol HCl (40 mg, Twice daily for prophylaxis, Qty: 60)",3,AES-256-GCM,vault-transit-key-0x7933047c,48ddaede920eb52268d14f34,7a861ea2e3917fd12e223568017add26,0x5df086c6269e99cda378afcd4a860406fb524c61e21ad547b9a8306f282ba13d,Qmad936cde3a1066d907d936259ff13384545f37127a3b,Pinata Dedicated IPFS Gateway,0.0.4891024,2476,2026-09-13 12:05:42 UTC,0xe1c7d2d3cb87ea393d8fef756a67c0ce155fa802624de60e045b634774490430,0.0001,Pharmacy Dispensation Verification & Medication Fulfillment,Identity Verified (Wallet Protocol),Blockchain Audit Enabled
RX-0477,Divya Iyer,849227,0x8f8a9bbaa1ad3bc2251888cf3f624f7a85e4f81a,Dispensed (Fulfilled),Dispensed & Fulfilled,YES,NO,YES,1176.04,Dr. Sarah Jenkins,0x04Fee3FD1B338d12FFD6dBD8d66dE1e8e0BB99cB,NMC-48192,Apollo Multispecialty Hospital,Apollo Pharmacy Global,0x04Fee3FD1B338d12FFD6dBD8d66dE1e8e0BB99cB,DL-AP-2024-8901,"K. V. Raman, R.Ph.",E11.9,Type 2 diabetes mellitus without complications,Endocrinology,"Metformin Hydrochloride (500 mg, Twice Daily with meals, Qty: 60) | Dapagliflozin Propanediol (10 mg, Once Daily morning, Qty: 30) | Glimepiride (2 mg, Once Daily pre-breakfast, Qty: 30)",3,AES-256-GCM,vault-transit-key-0x8f8a9bba,1d060abc4383dc3d3fe73c1b,4b68653f9aa085ec6aae541dc770410a,0x80a692efbd8d3e77de22ddc310fe56eccbdaef69e616e79a284cd338586a9134,Qmcea382eed2f85413abb62d34969030bbb8e49393cf28,Pinata Dedicated IPFS Gateway,0.0.4891024,2477,2026-09-13 12:05:45 UTC,0xf4596a263d91c5ca7c8647a14f8c0af54d45a856a58c94d0a715f36de40bd97d,0.0001,Pharmacy Dispensation Verification & Medication Fulfillment,Identity Verified (Wallet Protocol),Blockchain Audit Enabled
RX-0478,Varun Swaminathan,849228,0x84bd23108916a176d31d50ade859d1eb6b74d7e8,⏳ Waiting for Approval,Access Pending Approval,NO,YES,NO,1627.45,Dr. Sarah Jenkins,0x04Fee3FD1B338d12FFD6dBD8d66dE1e8e0BB99cB,NMC-48192,Apollo Multispecialty Hospital,MedPlus Health Hub,0x70997970C51812dc3A010C7d01b50e0d17dc79C8,DL-MP-2023-4122,"Priya Sundaram, Pharm.D.",E11.65,Type 2 diabetes mellitus with hyperglycemia,Endocrinology,"Insulin Glargine Solostar (100 IU/mL, 14 Units Once Daily at Bedtime, Qty: 2) | Metformin XR (1000 mg, Once Daily post dinner, Qty: 30)",2,AES-256-GCM,vault-transit-key-0x84bd2310,18c2f9cc72b05940e1371eda,5e2a24f931dd1734a2cd8ca27138552d,0x63bf22265e12a47cc8e918f8df298e0976677ce7d5140fded46e4a03b83b5466,Qmc0b47c846999e172fad78bd00decd120b63cff9e19a7,Pinata Dedicated IPFS Gateway,0.0.4891024,2478,2026-09-13 12:05:47 UTC,0xe9099170d8ddca2482d4d56697dc50c9f2bc0ea9e1767cafccee2698052f3099,0.0001,Pharmacy Dispensation Verification & Medication Fulfillment,Identity Verified (Wallet Protocol),Blockchain Audit Enabled
RX-0479,Deepak Hegde,849229,0xc7678bfdf038ff61856607d1897f957669f5b54b,⏳ Waiting for Approval,Access Pending Approval,NO,YES,NO,211.02,Dr. Preeti Deshmukh,0x23618e81E3f5cdF7f54C3d65f7FBc0aBf5B21E8f,NMC-82194,Care & Cure Pediatric & Maternity Hospital,Apex Central Clinical Dispensary,0x155Af6ECaFb48861dA7d16Fb8Af2f6ce9d6DD779,DL-AX-2026-3021,"Rajesh Nambiar, Pharm.D.",E03.9,"Hypothyroidism, unspecified",Endocrinology,"Levothyroxine Sodium (50 mcg, Once Daily on empty stomach, Qty: 60)",1,AES-256-GCM,vault-transit-key-0xc7678bfd,531eabb2e995a82f2c941744,e560686f0804b01d286e178d10d46882,0xce455a53f93b844fba912ec4fb37d507baf322098eccefb12a1cb0498d960cbc,Qm8a405bee98877a4362bf6ebe3f3eaeb1f45a7f6a86e8,Pinata Dedicated IPFS Gateway,0.0.4891024,2479,2026-09-13 12:05:50 UTC,0xac8697860c8d629b90bb37e437396e1a8e19666ca381217d47f52d799283d60a,0.0001,Pharmacy Dispensation Verification & Medication Fulfillment,Identity Verified (Wallet Protocol),Blockchain Audit Enabled
RX-0480,Priyanka Nair,849230,0x22f804bada2e1e9ea1110bb69a6bbaac02c6368e,Request Access,Unauthorized / Unlinked,NO,NO,NO,438.86,Dr. Ananya Roy,0x9965507D1a55bcC2695C58ba16FB37d819B0A4dc,NMC-51203,Max Super Speciality Cancer Institute,Apollo Pharmacy Global,0x04Fee3FD1B338d12FFD6dBD8d66dE1e8e0BB99cB,DL-AP-2024-8901,"K. V. Raman, R.Ph.",J06.9,Acute upper respiratory infection,Pediatrics / General,"Amoxicillin + Potassium Clavulanate (625 mg, Twice Daily post food, Qty: 14) | Paracetamol (650 mg, Thrice daily post meals SOS, Qty: 15) | Levocetirizine Dihydrochloride (5 mg, Once Daily at Bedtime, Qty: 7)",3,AES-256-GCM,vault-transit-key-0x22f804ba,2a9fab3b16dcc28aa73e2ba2,6224b08b23b8fc4921a01fe64ca63885,0xf265af2d671552fe310764688a38a7f20eaedebd7698c62779e8bc6b5a1cd6f1,Qm476074fa1b44f0d17100c9b546122c67834f825f7b47,Pinata Dedicated IPFS Gateway,0.0.4891024,2480,2026-09-13 12:05:52 UTC,0xb79421936dd095a8aac8255a618aa6de651920b08c95d8a6c0cd1e06c9db3c45,0.0001,Pharmacy Dispensation Verification & Medication Fulfillment,Identity Verified (Wallet Protocol),Blockchain Audit Enabled
RX-0481,Madhav Ghosh,849231,0xe90e4bdf9fe2e95451afb34a6abe16ba823728cd,Dispensed (Fulfilled),Dispensed & Fulfilled,YES,NO,YES,3330.23,Dr. Ananya Roy,0x9965507D1a55bcC2695C58ba16FB37d819B0A4dc,NMC-51203,Max Super Speciality Cancer Institute,Max Wellness Pharmacy,0x28B7eA94B34C8F52D19E50Eb14769Da20F5D54b4,DL-MW-2024-7731,"Sneha Mukherjee, R.Ph.",C61,Malignant neoplasm of prostate,Oncology,"Bicalutamide (50 mg, Once Daily morning, Qty: 30) | Tamsulosin HCl (0.4 mg, Once Daily 30 min after same meal, Qty: 30)",2,AES-256-GCM,vault-transit-key-0xe90e4bdf,0fa19b21515caac265f693d5,8f8ff386ebfbd0becdb0d993f9c6a7e2,0xcd565a3e59eaac4490a550df4d48cbf8933bc40d8bbfa7a1fd05192b39dcf25a,Qm33057a5d4722dca253aeb9ffdf70fccefe364fb982f1,Pinata Dedicated IPFS Gateway,0.0.4891024,2481,2026-09-13 12:05:54 UTC,0x97831fb2ebde2963cb516d08aa10219e758200cf77dbd13987c9350666e76724,0.0001,Pharmacy Dispensation Verification & Medication Fulfillment,Identity Verified (Wallet Protocol),Blockchain Audit Enabled
RX-0482,Nandini Mishra,849232,0xfe904b2bb4836b70060c5c798006a9bef3e26956,🔓 Decrypt RX,Pending - Ready to Decrypt,YES (Patient Consent Active),NO,NO,933.96,Dr. Rohan Patel,0x976EA74026E726554dB657fA54763abd0C3a0aa9,NMC-11029,Fortis Memorial Neuro & Trauma Center,Apollo Pharmacy Global,0x04Fee3FD1B338d12FFD6dBD8d66dE1e8e0BB99cB,DL-AP-2024-8901,"K. V. Raman, R.Ph.",A90,Dengue fever [classical dengue],Infectious Disease,"Paracetamol Infusion / Tab (650 mg, Every 6 hours SOS fever > 100°F, Qty: 20) | Carica Papaya Leaf Extract (1100 mg, Thrice Daily post food, Qty: 21) | Oral Rehydration Salts (WHO formula) (21.8 g sachet, 1 sachet in 1L water daily, Qty: 7)",3,AES-256-GCM,vault-transit-key-0xfe904b2b,ba8dbbfc4925303ba18fd852,8a4309690d0eebf39af76b098c2ab4a1,0x305ee1db6d082c2def26a97d7de71ebeb9c8a12ee7e677c862d5d02c117db180,Qma24b64963a8211b2800fe628e8c09e926fd5a4a3d38b,Pinata Dedicated IPFS Gateway,0.0.4891024,2482,2026-09-13 12:05:57 UTC,0x2086ee7859980f11ea0b63a407be7a074d91aa8a94fd2a0132a42ae3f1f0f8e7,0.0001,Pharmacy Dispensation Verification & Medication Fulfillment,Identity Verified (Wallet Protocol),Blockchain Audit Enabled
RX-0483,Rohan Nair,849233,0xb033db9ddf4a6945c39df19337ecd007b34d73d7,⏳ Waiting for Approval,Access Pending Approval,NO,YES,NO,1620.33,Dr. Sunita Narang,0xBcd4042DE499D14e55001CcbB24a551F3b954096,NMC-90812,Apex Diagnostic Reference Labs,MedPlus Health Hub,0x70997970C51812dc3A010C7d01b50e0d17dc79C8,DL-MP-2023-4122,"Priya Sundaram, Pharm.D.",E11.65,Type 2 diabetes mellitus with hyperglycemia,Endocrinology,"Insulin Glargine Solostar (100 IU/mL, 14 Units Once Daily at Bedtime, Qty: 2) | Metformin XR (1000 mg, Once Daily post dinner, Qty: 30)",2,AES-256-GCM,vault-transit-key-0xb033db9d,487e8e706f8a800029292d34,4105b7e4d22a33d656e60dfb0055fa8a,0xad89be0a18339172cb8f166aca506ee33b3ee918efe52987e325f16d11b60958,Qm683014dce5461ba84b86ada29675fbc021e11a3f3261,Pinata Dedicated IPFS Gateway,0.0.4891024,2483,2026-09-13 12:05:59 UTC,0x481a8585f74b75aa17d59ec89df4337ee39b6e22664078954d500c30b3817848,0.0001,Pharmacy Dispensation Verification & Medication Fulfillment,Identity Verified (Wallet Protocol),Blockchain Audit Enabled
RX-0484,Sakshi Reddy,849234,0x187e655cb13fe495e5ecfa0c1c304970776f4c9c,🔓 Decrypt RX,Pending - Ready to Decrypt,YES (Patient Consent Active),NO,NO,936.99,Dr. Rohan Patel,0x976EA74026E726554dB657fA54763abd0C3a0aa9,NMC-11029,Fortis Memorial Neuro & Trauma Center,Apex Central Clinical Dispensary,0x155Af6ECaFb48861dA7d16Fb8Af2f6ce9d6DD779,DL-AX-2026-3021,"Rajesh Nambiar, Pharm.D.",K21.9,Gastro-esophageal reflux disease,Gastroenterology,"Pantoprazole Gastro-resistant (40 mg, Once Daily 30 min pre-breakfast, Qty: 30) | Domperidone Sustained Release (30 mg, Once Daily morning, Qty: 30) | Sucralfate Oral Suspension (1000 mg/10mL, 10 mL thrice daily before meals, Qty: 2)",3,AES-256-GCM,vault-transit-key-0x187e655c,2f4dfd378abf2fdb506f7d7d,6db936d5943d57fdac2909e7b710921c,0xe7308712c04b557d811037675075cfdfd75028307cb25c0163180feffd174c30,Qm88dc940495bbfa22ee03d579d39637d1be600e085e0d,Pinata Dedicated IPFS Gateway,0.0.4891024,2484,2026-09-13 12:06:01 UTC,0xa2186edc788ac9b2b8dd5cd4390225dd05bc274c2b52b3e2e669fed03d39a656,0.0001,Pharmacy Dispensation Verification & Medication Fulfillment,Identity Verified (Wallet Protocol),Blockchain Audit Enabled
RX-0485,Tanvi Reddy,849235,0x43e5f31834b4b471953b136c7fd5d4be8a56db58,⏳ Waiting for Approval,Access Pending Approval,NO,YES,NO,954.31,Dr. Preeti Deshmukh,0x23618e81E3f5cdF7f54C3d65f7FBc0aBf5B21E8f,NMC-82194,Care & Cure Pediatric & Maternity Hospital,MedPlus Health Hub,0x70997970C51812dc3A010C7d01b50e0d17dc79C8,DL-MP-2023-4122,"Priya Sundaram, Pharm.D.",K21.9,Gastro-esophageal reflux disease,Gastroenterology,"Pantoprazole Gastro-resistant (40 mg, Once Daily 30 min pre-breakfast, Qty: 30) | Domperidone Sustained Release (30 mg, Once Daily morning, Qty: 30) | Sucralfate Oral Suspension (1000 mg/10mL, 10 mL thrice daily before meals, Qty: 2)",3,AES-256-GCM,vault-transit-key-0x43e5f318,5fc49925c01fdaab06814c88,f5c5924bc9ab6bfce291c713de9b73a1,0x11b7f619e863b29a484189ab1d84c7e12f85014c44265ec6bab1c4dec11aa85b,Qmc33548cc97c409a57899dc370becabe9deb1318fbf85,Pinata Dedicated IPFS Gateway,0.0.4891024,2485,2026-09-13 12:06:04 UTC,0x1ae2527fb9f88e33ba6467d2dc814571e6cc0c836d5f4427f3a46826e0e89518,0.0001,Pharmacy Dispensation Verification & Medication Fulfillment,Identity Verified (Wallet Protocol),Blockchain Audit Enabled
RX-0486,Amit Nair,849236,0x308697d6607efba317e697025a8ef386f507eb02,Dispensed (Fulfilled),Dispensed & Fulfilled,YES,NO,YES,3323.04,Dr. Sarah Jenkins,0x04Fee3FD1B338d12FFD6dBD8d66dE1e8e0BB99cB,NMC-48192,Apollo Multispecialty Hospital,MedPlus Health Hub,0x70997970C51812dc3A010C7d01b50e0d17dc79C8,DL-MP-2023-4122,"Priya Sundaram, Pharm.D.",C61,Malignant neoplasm of prostate,Oncology,"Bicalutamide (50 mg, Once Daily morning, Qty: 30) | Tamsulosin HCl (0.4 mg, Once Daily 30 min after same meal, Qty: 30)",2,AES-256-GCM,vault-transit-key-0x308697d6,d6efbdfbd714ced59dfd23f4,ef18eb246f60a2e57172222f23e8901a,0x480e116c30540f0f994d9b066e41ec85c32aea814862950518224f6a54c7464f,Qm67d02bbee7d5bc9ced95a7ae917edd7460815b9b6073,Pinata Dedicated IPFS Gateway,0.0.4891024,2486,2026-09-13 12:06:07 UTC,0x75b47741e11bb2777e86d90f5122edf9a45e3eba43646663f104d1beefe1c96a,0.0001,Pharmacy Dispensation Verification & Medication Fulfillment,Identity Verified (Wallet Protocol),Blockchain Audit Enabled
RX-0487,Siddharth Shetty,849237,0x1cfc71c616b49c6e0f4babaa7127dfe86623504f,⏳ Waiting for Approval,Access Pending Approval,NO,YES,NO,988.26,Dr. Preeti Deshmukh,0x23618e81E3f5cdF7f54C3d65f7FBc0aBf5B21E8f,NMC-82194,Care & Cure Pediatric & Maternity Hospital,Apollo Pharmacy Global,0x04Fee3FD1B338d12FFD6dBD8d66dE1e8e0BB99cB,DL-AP-2024-8901,"K. V. Raman, R.Ph.",G43.909,"Migraine, unspecified, not intractable",Neurology,"Sumatriptan Succinate (50 mg, 1 tablet at onset of migraine SOS, Qty: 10) | Naproxen Sodium (500 mg, Twice daily as needed with food, Qty: 20) | Propranolol HCl (40 mg, Twice daily for prophylaxis, Qty: 60)",3,AES-256-GCM,vault-transit-key-0x1cfc71c6,1ae0f491ce5803b741f9e652,b3e2844666bb84c6895b5c3d950277a7,0x245e42c4a2584dad48b1423bf252504a1aaac623cda76be1b672be23b038a122,Qm51cf2f491524b35d2b27518681224e1df42888981a47,Pinata Dedicated IPFS Gateway,0.0.4891024,2487,2026-09-13 12:06:09 UTC,0x3d80746026a68a380e4b8f9fcbbd773e71860be6a81012566faf41ad70d0a890,0.0001,Pharmacy Dispensation Verification & Medication Fulfillment,Identity Verified (Wallet Protocol),Blockchain Audit Enabled
RX-0488,Kiran Hegde,849238,0x771fe8198b52ed8d0c9545fd2bd50bcd49a376fa,Dispensed (Fulfilled),Dispensed & Fulfilled,YES,NO,YES,1493.85,Dr. Preeti Deshmukh,0x23618e81E3f5cdF7f54C3d65f7FBc0aBf5B21E8f,NMC-82194,Care & Cure Pediatric & Maternity Hospital,Max Wellness Pharmacy,0x28B7eA94B34C8F52D19E50Eb14769Da20F5D54b4,DL-MW-2024-7731,"Sneha Mukherjee, R.Ph.",G40.909,"Epilepsy, unspecified",Neurology,"Levetiracetam (500 mg, Twice Daily morning & evening, Qty: 60) | Clobazam (10 mg, Once Daily at Bedtime, Qty: 30)",2,AES-256-GCM,vault-transit-key-0x771fe819,b8d164c48936ec234003937a,a00392df6312fed20dcb56487f430e52,0x443aee597a48074bf24ef3ba43db4e0de2c6384bdc51316a024a7442159d0ac2,Qm8c05c6c8ce23225cbcbaca19378f5a919720a3805139,Pinata Dedicated IPFS Gateway,0.0.4891024,2488,2026-09-13 12:06:11 UTC,0x3524ba01acd8b777d190269ec2801abb9a89cf4abc21b737ae7d64c449b4dcfc,0.0001,Pharmacy Dispensation Verification & Medication Fulfillment,Identity Verified (Wallet Protocol),Blockchain Audit Enabled
RX-0489,Shreya Banerjee,849239,0x2314d9b3290e9a4aeed349bcb5b498550fc1c8e5,Dispensed (Fulfilled),Dispensed & Fulfilled,YES,NO,YES,1499.02,Dr. Sarah Jenkins,0x04Fee3FD1B338d12FFD6dBD8d66dE1e8e0BB99cB,NMC-48192,Apollo Multispecialty Hospital,Max Wellness Pharmacy,0x28B7eA94B34C8F52D19E50Eb14769Da20F5D54b4,DL-MW-2024-7731,"Sneha Mukherjee, R.Ph.",G40.909,"Epilepsy, unspecified",Neurology,"Levetiracetam (500 mg, Twice Daily morning & evening, Qty: 60) | Clobazam (10 mg, Once Daily at Bedtime, Qty: 30)",2,AES-256-GCM,vault-transit-key-0x2314d9b3,dc72b6ac94db9734ffb1fbe9,e203a114ae68f28553f34bbe6e1e30d1,0x0ce80a462f5716a8a8ceb67771f11f83f784156b7e1c29db36edd8e017c0773d,Qm141f91744a4cbe0b170c6104d6c65777a76718cb8ad4,Pinata Dedicated IPFS Gateway,0.0.4891024,2489,2026-09-13 12:06:14 UTC,0x013c716083b213970f18c4a46ad8a9653dfafc06a5be4868fb857292e8f19e97,0.0001,Pharmacy Dispensation Verification & Medication Fulfillment,Identity Verified (Wallet Protocol),Blockchain Audit Enabled
RX-0490,Aarav Saxena,849240,0x30605fb4a960fde7f51c802a148432f72a2fde79,Request Access,Unauthorized / Unlinked,NO,NO,NO,1482.11,Dr. Vikram Seth,0x15d34AAf54267DB7D7c367839AAf71A00a2C6A65,NMC-99014,Max Super Speciality Cancer Institute,Apex Central Clinical Dispensary,0x155Af6ECaFb48861dA7d16Fb8Af2f6ce9d6DD779,DL-AX-2026-3021,"Rajesh Nambiar, Pharm.D.",G40.909,"Epilepsy, unspecified",Neurology,"Levetiracetam (500 mg, Twice Daily morning & evening, Qty: 60) | Clobazam (10 mg, Once Daily at Bedtime, Qty: 30)",2,AES-256-GCM,vault-transit-key-0x30605fb4,1504a30dc24e985cc0aa5050,6724d1a816259589a75aee8fdcc1b69c,0xba18df6c67718ea0d00fc654471971b902b170d88cbbb16c2e83c17c13cfb049,Qm0ae87e8b4667df69efa0f2403fbe1fb10fe337c916f8,Pinata Dedicated IPFS Gateway,0.0.4891024,2490,2026-09-13 12:06:16 UTC,0xaf686bd66043faeacaf90a3f0da03a88c4b97671caceb648d4078c0c5d1a40df,0.0001,Pharmacy Dispensation Verification & Medication Fulfillment,Identity Verified (Wallet Protocol),Blockchain Audit Enabled
RX-0491,Chetan Hegde,849241,0xfc3e366dfdd73940df728551f8fb0393dd860ea5,🔓 Decrypt RX,Pending - Ready to Decrypt,YES (Patient Consent Active),NO,NO,1607.82,Dr. Ananya Roy,0x9965507D1a55bcC2695C58ba16FB37d819B0A4dc,NMC-51203,Max Super Speciality Cancer Institute,MedPlus Health Hub,0x70997970C51812dc3A010C7d01b50e0d17dc79C8,DL-MP-2023-4122,"Priya Sundaram, Pharm.D.",E11.65,Type 2 diabetes mellitus with hyperglycemia,Endocrinology,"Insulin Glargine Solostar (100 IU/mL, 14 Units Once Daily at Bedtime, Qty: 2) | Metformin XR (1000 mg, Once Daily post dinner, Qty: 30)",2,AES-256-GCM,vault-transit-key-0xfc3e366d,6c63ce868477407f9cef03fe,8c4a467a8e192c2cadc8a13cb26059ef,0xd907814e0e0c44b6d000494a233815492e9fcfb198c88a33ecc03812e75166af,Qm9639852f3dfad6805d578dacc4e33000fa9d9aba243f,Pinata Dedicated IPFS Gateway,0.0.4891024,2491,2026-09-13 12:06:19 UTC,0xba87da64c3aa7e85a96dee733665ba7eb6fe71866b52e5dc1eccbbbdcef0adbd,0.0001,Pharmacy Dispensation Verification & Medication Fulfillment,Identity Verified (Wallet Protocol),Blockchain Audit Enabled
RX-0492,Kavya Hegde,849242,0x10f55608df10aa022a0c2afd0d411fa61fbdf947,🔓 Decrypt RX,Pending - Ready to Decrypt,YES (Patient Consent Active),NO,NO,998.07,Dr. Rohan Patel,0x976EA74026E726554dB657fA54763abd0C3a0aa9,NMC-11029,Fortis Memorial Neuro & Trauma Center,Max Wellness Pharmacy,0x28B7eA94B34C8F52D19E50Eb14769Da20F5D54b4,DL-MW-2024-7731,"Sneha Mukherjee, R.Ph.",G43.909,"Migraine, unspecified, not intractable",Neurology,"Sumatriptan Succinate (50 mg, 1 tablet at onset of migraine SOS, Qty: 10) | Naproxen Sodium (500 mg, Twice daily as needed with food, Qty: 20) | Propranolol HCl (40 mg, Twice daily for prophylaxis, Qty: 60)",3,AES-256-GCM,vault-transit-key-0x10f55608,2739d3c281e39d3a335ab23d,e8c0bfbcf03cbbd0f3b1affc5c2d03cc,0x6fcbca757d32f4e9683ad30ced69271d61c07dfb276287baf879d3494503f91f,Qm6c4e55025d30b982bd354b6a4876b593861f9036d444,Pinata Dedicated IPFS Gateway,0.0.4891024,2492,2026-09-13 12:06:20 UTC,0xb838c3322b32fa734badeb5f2eed31d3d62ebc1f16af4353702b533815ef454d,0.0001,Pharmacy Dispensation Verification & Medication Fulfillment,Identity Verified (Wallet Protocol),Blockchain Audit Enabled
RX-0493,Sneha Hegde,849243,0x6c0c2b3e16e99736bc3e05dd3498912118c034b9,Dispensed (Fulfilled),Dispensed & Fulfilled,YES,NO,YES,506.87,Dr. Rohan Patel,0x976EA74026E726554dB657fA54763abd0C3a0aa9,NMC-11029,Fortis Memorial Neuro & Trauma Center,Apollo Pharmacy Global,0x04Fee3FD1B338d12FFD6dBD8d66dE1e8e0BB99cB,DL-AP-2024-8901,"K. V. Raman, R.Ph.",I10,Essential (primary) hypertension,Cardiology,"Amlodipine Besylate (5 mg, Once Daily (Morning), Qty: 30) | Telmisartan (40 mg, Once Daily (Morning), Qty: 30)",2,AES-256-GCM,vault-transit-key-0x6c0c2b3e,05c1a67f2e005b638c3beae1,8cf5aa5920da38e4c2d5769a23dc0f1d,0x38de5000087361e31ea22d89bf6c9bc8cb1bdff4b0190941968169ec6580a619,Qm44cd7c3c89aaebb3a45e4f874317b68bc5563a8e029c,Pinata Dedicated IPFS Gateway,0.0.4891024,2493,2026-09-13 12:06:23 UTC,0x1a1a92e1dac78d8a45cee5d48e4da961276220c6b1cbddaaf441948cec53625e,0.0001,Pharmacy Dispensation Verification & Medication Fulfillment,Identity Verified (Wallet Protocol),Blockchain Audit Enabled
RX-0494,Anand Gowda,849244,0x0b23bf3ffff07d75133ffe846998d9aa02f9b8e4,🔓 Decrypt RX,Pending - Ready to Decrypt,YES (Patient Consent Active),NO,NO,956.32,Dr. Sarah Jenkins,0x04Fee3FD1B338d12FFD6dBD8d66dE1e8e0BB99cB,NMC-48192,Apollo Multispecialty Hospital,Apex Central Clinical Dispensary,0x155Af6ECaFb48861dA7d16Fb8Af2f6ce9d6DD779,DL-AX-2026-3021,"Rajesh Nambiar, Pharm.D.",K21.9,Gastro-esophageal reflux disease,Gastroenterology,"Pantoprazole Gastro-resistant (40 mg, Once Daily 30 min pre-breakfast, Qty: 30) | Domperidone Sustained Release (30 mg, Once Daily morning, Qty: 30) | Sucralfate Oral Suspension (1000 mg/10mL, 10 mL thrice daily before meals, Qty: 2)",3,AES-256-GCM,vault-transit-key-0x0b23bf3f,c1bffb0b209d4ded3216bd2a,0dee85cb3c93cc3ebc457938185881fb,0xa6c5b70c39bfea249e497aa1a537e5599781c2cd00eb379540a614d167971a9c,Qm344ba3484326a46ace90537f28c126f5bd31521cef08,Pinata Dedicated IPFS Gateway,0.0.4891024,2494,2026-09-13 12:06:25 UTC,0xe189124f0c223573c12d8ef2c14dfbc16e32358a2c5c1cee07fe8822506435dd,0.0001,Pharmacy Dispensation Verification & Medication Fulfillment,Identity Verified (Wallet Protocol),Blockchain Audit Enabled
RX-0495,Yashwanth Patel,849245,0x7580d0cb6db80e594a6ddf263a73aac16d91378c,🔓 Decrypt RX,Pending - Ready to Decrypt,YES (Patient Consent Active),NO,NO,930.33,Dr. Ananya Roy,0x9965507D1a55bcC2695C58ba16FB37d819B0A4dc,NMC-51203,Max Super Speciality Cancer Institute,Fortis Care Dispensary,0x84f93618C1D541bB1Dcf1373A8eE500A7D439634,DL-FC-2025-1094,"Amit Singhania, R.Ph.",A90,Dengue fever [classical dengue],Infectious Disease,"Paracetamol Infusion / Tab (650 mg, Every 6 hours SOS fever > 100°F, Qty: 20) | Carica Papaya Leaf Extract (1100 mg, Thrice Daily post food, Qty: 21) | Oral Rehydration Salts (WHO formula) (21.8 g sachet, 1 sachet in 1L water daily, Qty: 7)",3,AES-256-GCM,vault-transit-key-0x7580d0cb,914d17ae9a5121bc5bb550ab,d0cc8af65622dbeb7c7739b626dd89b4,0xae3a99e5f3920831a9bbe6518467830d61f59c2e286298323fb9586dee5c811f,Qm12db9d69658742a8bd82baedd75d1ed2af7a5d369c3d,Pinata Dedicated IPFS Gateway,0.0.4891024,2495,2026-09-13 12:06:28 UTC,0x03fb4c3d1bbac32e7a12dc040cd375626e59660f299e2766b6add4d0b1f3e821,0.0001,Pharmacy Dispensation Verification & Medication Fulfillment,Identity Verified (Wallet Protocol),Blockchain Audit Enabled
RX-0496,Kiran Ghosh,849246,0x3ff5219ca08f0540b84cbed1f31acba294c03efd,🔓 Decrypt RX,Pending - Ready to Decrypt,YES (Patient Consent Active),NO,NO,3316.47,Dr. Vikram Seth,0x15d34AAf54267DB7D7c367839AAf71A00a2C6A65,NMC-99014,Max Super Speciality Cancer Institute,Max Wellness Pharmacy,0x28B7eA94B34C8F52D19E50Eb14769Da20F5D54b4,DL-MW-2024-7731,"Sneha Mukherjee, R.Ph.",C61,Malignant neoplasm of prostate,Oncology,"Bicalutamide (50 mg, Once Daily morning, Qty: 30) | Tamsulosin HCl (0.4 mg, Once Daily 30 min after same meal, Qty: 30)",2,AES-256-GCM,vault-transit-key-0x3ff5219c,8e04926c752dbdcc06e47b09,d8e5a24d2bdd7ce6e2188b139f2d1213,0xa694e7d55eb30116bad8b8f0d79fc5900e6c481a57e46ea121a4b8503ec88ca7,Qmba5e1474a1e34b0584a544cfd415baceff5af2130ed5,Pinata Dedicated IPFS Gateway,0.0.4891024,2496,2026-09-13 12:06:31 UTC,0x87a19f03652ed16417c2b3592cc80310d082171a1e3c84fff5d7f71b947211fe,0.0001,Pharmacy Dispensation Verification & Medication Fulfillment,Identity Verified (Wallet Protocol),Blockchain Audit Enabled
RX-0497,Divya Banerjee,849247,0x27aabe81c8928c435328026b3f1cbd65d4f48d33,Request Access,Unauthorized / Unlinked,NO,NO,NO,989.4,Dr. Preeti Deshmukh,0x23618e81E3f5cdF7f54C3d65f7FBc0aBf5B21E8f,NMC-82194,Care & Cure Pediatric & Maternity Hospital,Max Wellness Pharmacy,0x28B7eA94B34C8F52D19E50Eb14769Da20F5D54b4,DL-MW-2024-7731,"Sneha Mukherjee, R.Ph.",I20.9,"Angina pectoris, unspecified",Cardiology,"Nitroglycerin Sublingual (0.4 mg, PRN for chest pain, Qty: 25) | Aspirin Gastro-resistant (75 mg, Once Daily post meal, Qty: 30) | Atorvastatin Calcium (40 mg, Once Daily at Bedtime, Qty: 30)",3,AES-256-GCM,vault-transit-key-0x27aabe81,2726335a48dcadcec585888c,f94bc8c103a5b845edc935beb7407e66,0xa877636ac2574d23a7c66b22a7a99d77810925b04ad20582f81e2328129b77c4,Qmd990794c7099ca2d5f1ef86eea694d24785bb9ec174b,Pinata Dedicated IPFS Gateway,0.0.4891024,2497,2026-09-13 12:06:32 UTC,0xee406cf77d12ca15bedf65d5f5bdd6182b37dbcf9aed4bd3303c2721040893fd,0.0001,Pharmacy Dispensation Verification & Medication Fulfillment,Identity Verified (Wallet Protocol),Blockchain Audit Enabled
RX-0498,Nikhil Sharma,849248,0xaf96a5428091de313a817c617625cd9cf531ff1f,Dispensed (Fulfilled),Dispensed & Fulfilled,YES,NO,YES,984.3,Dr. Sarah Jenkins,0x04Fee3FD1B338d12FFD6dBD8d66dE1e8e0BB99cB,NMC-48192,Apollo Multispecialty Hospital,Apollo Pharmacy Global,0x04Fee3FD1B338d12FFD6dBD8d66dE1e8e0BB99cB,DL-AP-2024-8901,"K. V. Raman, R.Ph.",G43.909,"Migraine, unspecified, not intractable",Neurology,"Sumatriptan Succinate (50 mg, 1 tablet at onset of migraine SOS, Qty: 10) | Naproxen Sodium (500 mg, Twice daily as needed with food, Qty: 20) | Propranolol HCl (40 mg, Twice daily for prophylaxis, Qty: 60)",3,AES-256-GCM,vault-transit-key-0xaf96a542,5470f3d2bd14e5def7fb8a4c,72294f50988df1a61ab4b8b7e3ef6619,0x50b33c7a5d764259f94479f37ad1886e21d89bfb354f760ad22331f62f790554,Qmc4f75afc04382278e19e3558efc36e681ed50bf3b3d8,Pinata Dedicated IPFS Gateway,0.0.4891024,2498,2026-09-13 12:06:35 UTC,0x515d61f92872ed63adea0547ecd62162892f24e279853e2cf3a642e56521ae08,0.0001,Pharmacy Dispensation Verification & Medication Fulfillment,Identity Verified (Wallet Protocol),Blockchain Audit Enabled
RX-0499,Pranav Iyer,849249,0x7ec4f1fb3a0baf9922cbca45b02c50893b0d45d5,Request Access,Unauthorized / Unlinked,NO,NO,NO,979.03,Dr. Vikram Seth,0x15d34AAf54267DB7D7c367839AAf71A00a2C6A65,NMC-99014,Max Super Speciality Cancer Institute,Max Wellness Pharmacy,0x28B7eA94B34C8F52D19E50Eb14769Da20F5D54b4,DL-MW-2024-7731,"Sneha Mukherjee, R.Ph.",I20.9,"Angina pectoris, unspecified",Cardiology,"Nitroglycerin Sublingual (0.4 mg, PRN for chest pain, Qty: 25) | Aspirin Gastro-resistant (75 mg, Once Daily post meal, Qty: 30) | Atorvastatin Calcium (40 mg, Once Daily at Bedtime, Qty: 30)",3,AES-256-GCM,vault-transit-key-0x7ec4f1fb,338409658d9c40ad43ec80fc,5f8afed81dac036b80c5f0114ede4722,0x56a58f28e7d4e8bfead77ac6a7c3dbc034445b27ea8442890c8c51801cf47244,Qmb70f7daec868260f13373e0d8206fe5bbe215704b8cd,Pinata Dedicated IPFS Gateway,0.0.4891024,2499,2026-09-13 12:06:38 UTC,0x02d03b02f01c8821e0b2e3a35627764647f1301a156d47a4590d654b8346e19a,0.0001,Pharmacy Dispensation Verification & Medication Fulfillment,Identity Verified (Wallet Protocol),Blockchain Audit Enabled
RX-0500,Rohan Bhatia,849250,0x3cb2ea287d6f2cdb7e8535ebcaf44573489ee665,Dispensed (Fulfilled),Dispensed & Fulfilled,YES,NO,YES,996.36,Dr. Rohan Patel,0x976EA74026E726554dB657fA54763abd0C3a0aa9,NMC-11029,Fortis Memorial Neuro & Trauma Center,Fortis Care Dispensary,0x84f93618C1D541bB1Dcf1373A8eE500A7D439634,DL-FC-2025-1094,"Amit Singhania, R.Ph.",G43.909,"Migraine, unspecified, not intractable",Neurology,"Sumatriptan Succinate (50 mg, 1 tablet at onset of migraine SOS, Qty: 10) | Naproxen Sodium (500 mg, Twice daily as needed with food, Qty: 20) | Propranolol HCl (40 mg, Twice daily for prophylaxis, Qty: 60)",3,AES-256-GCM,vault-transit-key-0x3cb2ea28,9009dd3f9bab2ea0a46e34ae,7935ef4b26bf2848638f2571c368cf4f,0xf7484e982f6a68890e9a1566f5230b32785514b87f141fd728c72e4f94320c4c,Qmf1c5e6baf8217a0471f69492485dd075da7350ce7ea3,Pinata Dedicated IPFS Gateway,0.0.4891024,2500,2026-09-13 12:06:40 UTC,0x87f96b8ef66abcbff9b511399c0cfcea4792ae7fa6d422f78bbce314fd6de921,0.0001,Pharmacy Dispensation Verification & Medication Fulfillment,Identity Verified (Wallet Protocol),Blockchain Audit Enabled
RX-0501,Varun Saxena,849251,0x82ade88c784e69da4575d110170e36e9b78ed9b3,🔓 Decrypt RX,Pending - Ready to Decrypt,YES (Patient Consent Active),NO,NO,502.56,Dr. Rohan Patel,0x976EA74026E726554dB657fA54763abd0C3a0aa9,NMC-11029,Fortis Memorial Neuro & Trauma Center,MedPlus Health Hub,0x70997970C51812dc3A010C7d01b50e0d17dc79C8,DL-MP-2023-4122,"Priya Sundaram, Pharm.D.",I10,Essential (primary) hypertension,Cardiology,"Amlodipine Besylate (5 mg, Once Daily (Morning), Qty: 30) | Telmisartan (40 mg, Once Daily (Morning), Qty: 30)",2,AES-256-GCM,vault-transit-key-0x82ade88c,b62203cba13b02038e012510,5c43e5517e337f05b7f896296f7b22c9,0x94fe64d0faa5493e9fd11fa8a6451887693dee17b631a6cd6d1fecdc8a91bd42,Qm950668e63f33fc239b31e63d5039dff740374af0a032,Pinata Dedicated IPFS Gateway,0.0.4891024,2501,2026-09-13 12:06:42 UTC,0x2d7cbbd87e5ab036b2fa0ab9da01b5db409d3f21541abf0763deb0668d9324d8,0.0001,Pharmacy Dispensation Verification & Medication Fulfillment,Identity Verified (Wallet Protocol),Blockchain Audit Enabled
RX-0502,Arjun Agarwal,849252,0xb2d76f99167bc0eaf3ab7c558cc30c3901204492,Request Access,Unauthorized / Unlinked,NO,NO,NO,1489.22,Dr. Sarah Jenkins,0x04Fee3FD1B338d12FFD6dBD8d66dE1e8e0BB99cB,NMC-48192,Apollo Multispecialty Hospital,MedPlus Health Hub,0x70997970C51812dc3A010C7d01b50e0d17dc79C8,DL-MP-2023-4122,"Priya Sundaram, Pharm.D.",G40.909,"Epilepsy, unspecified",Neurology,"Levetiracetam (500 mg, Twice Daily morning & evening, Qty: 60) | Clobazam (10 mg, Once Daily at Bedtime, Qty: 30)",2,AES-256-GCM,vault-transit-key-0xb2d76f99,312f0d9746840e0bdf2283da,1ae03d77b4a9de6a1d6e3201c298dc71,0xdb5afac1d6a2d8a4b41b90f8170e0faa3626da6580b65fa50658436dbe4d29ac,Qm5a9ee38fb8f41d70ffa1c166461ad917b713dac708e7,Pinata Dedicated IPFS Gateway,0.0.4891024,2502,2026-09-13 12:06:45 UTC,0x9774888aa23d056fafc9769fc0cf5a7c35a9139f9082c1616ed6e30efd864854,0.0001,Pharmacy Dispensation Verification & Medication Fulfillment,Identity Verified (Wallet Protocol),Blockchain Audit Enabled
RX-0503,Bhavna Mishra,849253,0x21731b71e2ec470ee38f13c6cf5f5f409c550b42,Request Access,Unauthorized / Unlinked,NO,NO,NO,221.57,Dr. Sunita Narang,0xBcd4042DE499D14e55001CcbB24a551F3b954096,NMC-90812,Apex Diagnostic Reference Labs,Max Wellness Pharmacy,0x28B7eA94B34C8F52D19E50Eb14769Da20F5D54b4,DL-MW-2024-7731,"Sneha Mukherjee, R.Ph.",E03.9,"Hypothyroidism, unspecified",Endocrinology,"Levothyroxine Sodium (50 mcg, Once Daily on empty stomach, Qty: 60)",1,AES-256-GCM,vault-transit-key-0x21731b71,23c6a9389712809c4fd2aea3,88cce7e1aef89048d8e94efb198846e8,0x5e8bcd671fd97dddee9e06b5a01fcc939c081ab6a0b5055ef4637c3fa00c5155,Qmf2554efd86e566fc35d10c929541a93e73c05214d949,Pinata Dedicated IPFS Gateway,0.0.4891024,2503,2026-09-13 12:06:48 UTC,0x2b788e00f9346dbdf783df46f31d9c9204d06182c5d4e48d836f0e34f45bb4d2,0.0001,Pharmacy Dispensation Verification & Medication Fulfillment,Identity Verified (Wallet Protocol),Blockchain Audit Enabled
RX-0504,Vikas Choudhury,849254,0x4cc7945736636505ca30eba31260c093361df13a,Dispensed (Fulfilled),Dispensed & Fulfilled,YES,NO,YES,943.0,Dr. Sarah Jenkins,0x04Fee3FD1B338d12FFD6dBD8d66dE1e8e0BB99cB,NMC-48192,Apollo Multispecialty Hospital,Apex Central Clinical Dispensary,0x155Af6ECaFb48861dA7d16Fb8Af2f6ce9d6DD779,DL-AX-2026-3021,"Rajesh Nambiar, Pharm.D.",K21.9,Gastro-esophageal reflux disease,Gastroenterology,"Pantoprazole Gastro-resistant (40 mg, Once Daily 30 min pre-breakfast, Qty: 30) | Domperidone Sustained Release (30 mg, Once Daily morning, Qty: 30) | Sucralfate Oral Suspension (1000 mg/10mL, 10 mL thrice daily before meals, Qty: 2)",3,AES-256-GCM,vault-transit-key-0x4cc79457,15ccc15fe1d2d8869d50ce96,01ba9a6ec8c82a427e6983a560696737,0x55ee960c473aa94c095de7fe8b5f63c350efa8bbd7c8fecde06d5dfe5e7d67e1,Qm4d4d81e80fc8698acc79c7fdf0f76dd57e35a413ec5d,Pinata Dedicated IPFS Gateway,0.0.4891024,2504,2026-09-13 12:06:50 UTC,0x23ea6f61ea5627545fae8d66b88c8c2c3ec6c4135d3caa1af842611ec2d341b5,0.0001,Pharmacy Dispensation Verification & Medication Fulfillment,Identity Verified (Wallet Protocol),Blockchain Audit Enabled
RX-0505,Rohan Pandey,849255,0x12a0ef0b5c0e8a0852c78d1008b9cf11b186ee3d,Request Access,Unauthorized / Unlinked,NO,NO,NO,917.7,Dr. Preeti Deshmukh,0x23618e81E3f5cdF7f54C3d65f7FBc0aBf5B21E8f,NMC-82194,Care & Cure Pediatric & Maternity Hospital,MedPlus Health Hub,0x70997970C51812dc3A010C7d01b50e0d17dc79C8,DL-MP-2023-4122,"Priya Sundaram, Pharm.D.",A90,Dengue fever [classical dengue],Infectious Disease,"Paracetamol Infusion / Tab (650 mg, Every 6 hours SOS fever > 100°F, Qty: 20) | Carica Papaya Leaf Extract (1100 mg, Thrice Daily post food, Qty: 21) | Oral Rehydration Salts (WHO formula) (21.8 g sachet, 1 sachet in 1L water daily, Qty: 7)",3,AES-256-GCM,vault-transit-key-0x12a0ef0b,84c0a1f100fcf000d1019b44,36d83c3b2a87680e09402aecdabd586c,0xcf0aff409826bc95947176d2b33948f4d84c45c6318495b851bc387c1586cead,Qmc7d0fed8b48595179ca62a2f5c37c3f092b966d08782,Pinata Dedicated IPFS Gateway,0.0.4891024,2505,2026-09-13 12:06:52 UTC,0xb97705b3526d400048cdac9ee560eba9be9ab3b4a7758d609365b0dcdf06d2ad,0.0001,Pharmacy Dispensation Verification & Medication Fulfillment,Identity Verified (Wallet Protocol),Blockchain Audit Enabled
RX-0506,Nikhil Chatterjee,849256,0x41b8aa3ce464675a027fbb19f6dc8cdcc4c25a96,Dispensed (Fulfilled),Dispensed & Fulfilled,YES,NO,YES,3312.02,Dr. Rajesh Sharma,0x3c44CdDdB6a900fa2b585dd299e03d12FA4293BC,NMC-78491,Apollo Multispecialty Hospital,Apex Central Clinical Dispensary,0x155Af6ECaFb48861dA7d16Fb8Af2f6ce9d6DD779,DL-AX-2026-3021,"Rajesh Nambiar, Pharm.D.",C61,Malignant neoplasm of prostate,Oncology,"Bicalutamide (50 mg, Once Daily morning, Qty: 30) | Tamsulosin HCl (0.4 mg, Once Daily 30 min after same meal, Qty: 30)",2,AES-256-GCM,vault-transit-key-0x41b8aa3c,f15be1eec7e43db4bdcb2070,44dddbcfd4ff55359381368fdde58c02,0x81f31fbd3514d5a1675ec1675f13eb9fad83750ccdc3564d116f7231c436b5e4,Qmf77e6b477f72e0a0a32e6426fe894cde7f0844656250,Pinata Dedicated IPFS Gateway,0.0.4891024,2506,2026-09-13 12:06:54 UTC,0x901e23d2673b9002eb1b6e132ce69767ac90bf53cbc95566db7c9adb27994c3c,0.0001,Pharmacy Dispensation Verification & Medication Fulfillment,Identity Verified (Wallet Protocol),Blockchain Audit Enabled
RX-0507,Madhav Banerjee,849257,0xb6f5b9a73dd699cdbb0f5b5245871bdc23721a09,⏳ Waiting for Approval,Access Pending Approval,NO,YES,NO,1199.46,Dr. Sunita Narang,0xBcd4042DE499D14e55001CcbB24a551F3b954096,NMC-90812,Apex Diagnostic Reference Labs,Apex Central Clinical Dispensary,0x155Af6ECaFb48861dA7d16Fb8Af2f6ce9d6DD779,DL-AX-2026-3021,"Rajesh Nambiar, Pharm.D.",E11.9,Type 2 diabetes mellitus without complications,Endocrinology,"Metformin Hydrochloride (500 mg, Twice Daily with meals, Qty: 60) | Dapagliflozin Propanediol (10 mg, Once Daily morning, Qty: 30) | Glimepiride (2 mg, Once Daily pre-breakfast, Qty: 30)",3,AES-256-GCM,vault-transit-key-0xb6f5b9a7,48ff58adc867d98e08a0f390,163ac587bb98d45dcc4860641413dde6,0x90e44c95200a68638c5605806dda0b2b97d1762f080243e2ad6dbb01ef0b2c0d,Qme132c8c15a60117ab11f0c92e6a1d4cfc918bc2fb1de,Pinata Dedicated IPFS Gateway,0.0.4891024,2507,2026-09-13 12:06:57 UTC,0xa70e2b2ec6193ffd087a49957c527242b7594d0956eb8bbdb049c25def31c6c1,0.0001,Pharmacy Dispensation Verification & Medication Fulfillment,Identity Verified (Wallet Protocol),Blockchain Audit Enabled
RX-0508,Anand Ghosh,849258,0x3714682ccd6f0066b03f6ef0fd7e5c9bbc489002,🔓 Decrypt RX,Pending - Ready to Decrypt,YES (Patient Consent Active),NO,NO,991.55,Dr. Rohan Patel,0x976EA74026E726554dB657fA54763abd0C3a0aa9,NMC-11029,Fortis Memorial Neuro & Trauma Center,Max Wellness Pharmacy,0x28B7eA94B34C8F52D19E50Eb14769Da20F5D54b4,DL-MW-2024-7731,"Sneha Mukherjee, R.Ph.",G43.909,"Migraine, unspecified, not intractable",Neurology,"Sumatriptan Succinate (50 mg, 1 tablet at onset of migraine SOS, Qty: 10) | Naproxen Sodium (500 mg, Twice daily as needed with food, Qty: 20) | Propranolol HCl (40 mg, Twice daily for prophylaxis, Qty: 60)",3,AES-256-GCM,vault-transit-key-0x3714682c,72d156c6f44ff8a019a5d401,cd73f3b193663a33333f18ed5fd6331b,0x0130ced5cb0515eaac51cd8fd2fdc591754f41317e60df9c97f297e67c963f2f,Qmd45b6c1f86674990f41a2bcdbf71e0242b64296ab80b,Pinata Dedicated IPFS Gateway,0.0.4891024,2508,2026-09-13 12:06:59 UTC,0x87f2e7fe312b4f8288312374f67b706c16e51161a5dcf3b042dd3899579450f5,0.0001,Pharmacy Dispensation Verification & Medication Fulfillment,Identity Verified (Wallet Protocol),Blockchain Audit Enabled
RX-0509,Kiran Gowda,849259,0x41be1154a3e13deaef3a745d2c82615bdbe70b22,🔓 Decrypt RX,Pending - Ready to Decrypt,YES (Patient Consent Active),NO,NO,923.49,Dr. Rohan Patel,0x976EA74026E726554dB657fA54763abd0C3a0aa9,NMC-11029,Fortis Memorial Neuro & Trauma Center,Apex Central Clinical Dispensary,0x155Af6ECaFb48861dA7d16Fb8Af2f6ce9d6DD779,DL-AX-2026-3021,"Rajesh Nambiar, Pharm.D.",A90,Dengue fever [classical dengue],Infectious Disease,"Paracetamol Infusion / Tab (650 mg, Every 6 hours SOS fever > 100°F, Qty: 20) | Carica Papaya Leaf Extract (1100 mg, Thrice Daily post food, Qty: 21) | Oral Rehydration Salts (WHO formula) (21.8 g sachet, 1 sachet in 1L water daily, Qty: 7)",3,AES-256-GCM,vault-transit-key-0x41be1154,d63562fe592c2394c0955709,d76f0dd734e459fe53af3796fdd0c03d,0x1bf0cd9f4bef31e35b854e9be0f4a1025154f8577b4c3b58fbc1d0d428babe12,Qm7244a5c3d94ade1828a602ed13acb9dc385866f8e301,Pinata Dedicated IPFS Gateway,0.0.4891024,2509,2026-09-13 12:07:01 UTC,0x0b0c63688adb309259f5fde893b215272c605cf86b597831c7509017f56851f3,0.0001,Pharmacy Dispensation Verification & Medication Fulfillment,Identity Verified (Wallet Protocol),Blockchain Audit Enabled
RX-0510,Yashwanth Joshi,849260,0x3b187e3da2955a53d6c470996c97118bdf3ef323,Dispensed (Fulfilled),Dispensed & Fulfilled,YES,NO,YES,1482.34,Dr. Ananya Roy,0x9965507D1a55bcC2695C58ba16FB37d819B0A4dc,NMC-51203,Max Super Speciality Cancer Institute,Apollo Pharmacy Global,0x04Fee3FD1B338d12FFD6dBD8d66dE1e8e0BB99cB,DL-AP-2024-8901,"K. V. Raman, R.Ph.",G40.909,"Epilepsy, unspecified",Neurology,"Levetiracetam (500 mg, Twice Daily morning & evening, Qty: 60) | Clobazam (10 mg, Once Daily at Bedtime, Qty: 30)",2,AES-256-GCM,vault-transit-key-0x3b187e3d,85447798f29b49d3fc0800c3,08621f8fb00c458a0a2826496a0c95dd,0x95dcb34b4eb553424efbc96b9cdbbeed75189c24065472b2a7bf07eeabd70d98,Qm5de0f792fa9160b22b9ce3ef29490b296447ca7c6215,Pinata Dedicated IPFS Gateway,0.0.4891024,2510,2026-09-13 12:07:04 UTC,0xb2c68a7e3e0f93f7edbad1bbff7ffb7fec75051640b717cd7a012f5c8a441a23,0.0001,Pharmacy Dispensation Verification & Medication Fulfillment,Identity Verified (Wallet Protocol),Blockchain Audit Enabled
RX-0511,Priyanka Ghosh,849261,0x1f555f4c5382285924b30aa3cd4624aee7256ca7,🔓 Decrypt RX,Pending - Ready to Decrypt,YES (Patient Consent Active),NO,NO,948.46,Dr. Sunita Narang,0xBcd4042DE499D14e55001CcbB24a551F3b954096,NMC-90812,Apex Diagnostic Reference Labs,Max Wellness Pharmacy,0x28B7eA94B34C8F52D19E50Eb14769Da20F5D54b4,DL-MW-2024-7731,"Sneha Mukherjee, R.Ph.",K21.9,Gastro-esophageal reflux disease,Gastroenterology,"Pantoprazole Gastro-resistant (40 mg, Once Daily 30 min pre-breakfast, Qty: 30) | Domperidone Sustained Release (30 mg, Once Daily morning, Qty: 30) | Sucralfate Oral Suspension (1000 mg/10mL, 10 mL thrice daily before meals, Qty: 2)",3,AES-256-GCM,vault-transit-key-0x1f555f4c,1400e1e7d20a4e7ed7841a26,23c37a1c245f4342f928688179f6a54f,0xc89097e29793ded113c99d6d60a37c7aa77d2cdc8a8ce021c65a437e1fc32337,Qm771b3bd92fe587ba9a41ffd882e6a295e1508c89533f,Pinata Dedicated IPFS Gateway,0.0.4891024,2511,2026-09-13 12:07:07 UTC,0xd25c677a14f0ab7c105596c75d6d8b4f3cf2746cdae9c93cc781eef322620cb7,0.0001,Pharmacy Dispensation Verification & Medication Fulfillment,Identity Verified (Wallet Protocol),Blockchain Audit Enabled
RX-0512,Deepak Shetty,849262,0x2f7fb0174173536eb1db0e51d1a3c43340aed2f6,⏳ Waiting for Approval,Access Pending Approval,NO,YES,NO,1183.12,Dr. Ananya Roy,0x9965507D1a55bcC2695C58ba16FB37d819B0A4dc,NMC-51203,Max Super Speciality Cancer Institute,Apollo Pharmacy Global,0x04Fee3FD1B338d12FFD6dBD8d66dE1e8e0BB99cB,DL-AP-2024-8901,"K. V. Raman, R.Ph.",E11.9,Type 2 diabetes mellitus without complications,Endocrinology,"Metformin Hydrochloride (500 mg, Twice Daily with meals, Qty: 60) | Dapagliflozin Propanediol (10 mg, Once Daily morning, Qty: 30) | Glimepiride (2 mg, Once Daily pre-breakfast, Qty: 30)",3,AES-256-GCM,vault-transit-key-0x2f7fb017,34dd53a5ca21b60d7ac35f58,0aa54be94add761401dd5012f6d86fa7,0x490ac259450105bfaf7f7535ef0701fae11c79bcdacb16c81858aea2e1395b3b,Qm1836f1fa2ddf35fac913aa59b39650a7a1c5d8ac31fa,Pinata Dedicated IPFS Gateway,0.0.4891024,2512,2026-09-13 12:07:09 UTC,0x33e0f361a0827ca8987c48715c86c0822944852d48cd86386e6892e45350726c,0.0001,Pharmacy Dispensation Verification & Medication Fulfillment,Identity Verified (Wallet Protocol),Blockchain Audit Enabled
RX-0513,Tanvi Gowda,849263,0x33bda163cd5c74d8833d64cae05a8488aa2def91,🔓 Decrypt RX,Pending - Ready to Decrypt,YES (Patient Consent Active),NO,NO,1503.7,Dr. Sunita Narang,0xBcd4042DE499D14e55001CcbB24a551F3b954096,NMC-90812,Apex Diagnostic Reference Labs,Fortis Care Dispensary,0x84f93618C1D541bB1Dcf1373A8eE500A7D439634,DL-FC-2025-1094,"Amit Singhania, R.Ph.",G40.909,"Epilepsy, unspecified",Neurology,"Levetiracetam (500 mg, Twice Daily morning & evening, Qty: 60) | Clobazam (10 mg, Once Daily at Bedtime, Qty: 30)",2,AES-256-GCM,vault-transit-key-0x33bda163,24645a367dfcdb23759a1820,2752eb02c4ab4fa83a36394d2dc7173f,0x864e7ea4faffe850054a32489dff3e48e361a131f5f37b1f7438239272ea0de1,Qm96fe30bef65d8ec7421f01bbfcfdee08201d7472fee4,Pinata Dedicated IPFS Gateway,0.0.4891024,2513,2026-09-13 12:07:11 UTC,0x5e92f54a4839acfda96138492afe6ef094f1fcc56bc99b2f829ee1d06191b8a2,0.0001,Pharmacy Dispensation Verification & Medication Fulfillment,Identity Verified (Wallet Protocol),Blockchain Audit Enabled
RX-0514,Riya Swaminathan,849264,0x45eb2b5fed4af4d4028851abfc9fd235ba0e1131,Dispensed (Fulfilled),Dispensed & Fulfilled,YES,NO,YES,198.78,Dr. Rohan Patel,0x976EA74026E726554dB657fA54763abd0C3a0aa9,NMC-11029,Fortis Memorial Neuro & Trauma Center,MedPlus Health Hub,0x70997970C51812dc3A010C7d01b50e0d17dc79C8,DL-MP-2023-4122,"Priya Sundaram, Pharm.D.",E03.9,"Hypothyroidism, unspecified",Endocrinology,"Levothyroxine Sodium (50 mcg, Once Daily on empty stomach, Qty: 60)",1,AES-256-GCM,vault-transit-key-0x45eb2b5f,600b214ccf47bbeca5055b24,a4850a9ed08bf93897a34e5db665a1e7,0x5483a6821e5826b1686a9155574d9901b4d326307de42a54bc9974a4eda6ff67,Qm578ce9aa9e0ad8327b69a5f5459ffbd68838c8fea8a9,Pinata Dedicated IPFS Gateway,0.0.4891024,2514,2026-09-13 12:07:14 UTC,0x0d6353928850dd43b649238f2887466e9882ed0cb7450a0312244acf77ba4e47,0.0001,Pharmacy Dispensation Verification & Medication Fulfillment,Identity Verified (Wallet Protocol),Blockchain Audit Enabled
RX-0515,Manish Ghosh,849265,0xeb7f8cdd62f856fb386ecc7d4ae7968fd569c4b5,Request Access,Unauthorized / Unlinked,NO,NO,NO,994.41,Dr. Vikram Seth,0x15d34AAf54267DB7D7c367839AAf71A00a2C6A65,NMC-99014,Max Super Speciality Cancer Institute,Max Wellness Pharmacy,0x28B7eA94B34C8F52D19E50Eb14769Da20F5D54b4,DL-MW-2024-7731,"Sneha Mukherjee, R.Ph.",G43.909,"Migraine, unspecified, not intractable",Neurology,"Sumatriptan Succinate (50 mg, 1 tablet at onset of migraine SOS, Qty: 10) | Naproxen Sodium (500 mg, Twice daily as needed with food, Qty: 20) | Propranolol HCl (40 mg, Twice daily for prophylaxis, Qty: 60)",3,AES-256-GCM,vault-transit-key-0xeb7f8cdd,2f2c8ae9f6fa73b62d9f1c6a,13ee3283357dfeabef37945de3448375,0xea557bb5179bcb5e4448d569e894791c26ea218798a68e2c863aef708c3ff5e0,Qm87668807b5ed6ff47ed22bec7185b7e45c98e25a8363,Pinata Dedicated IPFS Gateway,0.0.4891024,2515,2026-09-13 12:07:16 UTC,0x90365b86557af1c95d6062a473b9cf11c79fd28ff57d08a8e3f1b722f6954fbd,0.0001,Pharmacy Dispensation Verification & Medication Fulfillment,Identity Verified (Wallet Protocol),Blockchain Audit Enabled
RX-0516,Rakesh Patel,849266,0xfb3b1bb991424f7a007583bb84216e1649cca1d4,🔓 Decrypt RX,Pending - Ready to Decrypt,YES (Patient Consent Active),NO,NO,3317.99,Dr. Preeti Deshmukh,0x23618e81E3f5cdF7f54C3d65f7FBc0aBf5B21E8f,NMC-82194,Care & Cure Pediatric & Maternity Hospital,MedPlus Health Hub,0x70997970C51812dc3A010C7d01b50e0d17dc79C8,DL-MP-2023-4122,"Priya Sundaram, Pharm.D.",C61,Malignant neoplasm of prostate,Oncology,"Bicalutamide (50 mg, Once Daily morning, Qty: 30) | Tamsulosin HCl (0.4 mg, Once Daily 30 min after same meal, Qty: 30)",2,AES-256-GCM,vault-transit-key-0xfb3b1bb9,b1e417cb7a3267f95869b800,b9262549baa6adf112612d4b9331212a,0x0b232403a4e5ec720cc1b5ad467e142d6c9aa5dc245c6520a48c180e4fcb3205,Qmd69a6dae087671f22f70c1ea98b35ff843f7de35297b,Pinata Dedicated IPFS Gateway,0.0.4891024,2516,2026-09-13 12:07:19 UTC,0xd2c3af095298e91e81cf5617732a8fef7614dfcdbe1ae5f145dd3ca359b3d85e,0.0001,Pharmacy Dispensation Verification & Medication Fulfillment,Identity Verified (Wallet Protocol),Blockchain Audit Enabled
RX-0517,Geeta Menon,849267,0xf184155cb32d6df56b163bda66583ed1b4beb2cb,🔓 Decrypt RX,Pending - Ready to Decrypt,YES (Patient Consent Active),NO,NO,496.04,Dr. Rohan Patel,0x976EA74026E726554dB657fA54763abd0C3a0aa9,NMC-11029,Fortis Memorial Neuro & Trauma Center,Fortis Care Dispensary,0x84f93618C1D541bB1Dcf1373A8eE500A7D439634,DL-FC-2025-1094,"Amit Singhania, R.Ph.",I10,Essential (primary) hypertension,Cardiology,"Amlodipine Besylate (5 mg, Once Daily (Morning), Qty: 30) | Telmisartan (40 mg, Once Daily (Morning), Qty: 30)",2,AES-256-GCM,vault-transit-key-0xf184155c,ec781b6a10b1f2e40967c02e,cf86477b75c41b2f58b8aca194237f49,0x449cd2701cee2c9374611d9bb5b1e9f61ce30c74ce33b0d3ff597b2947e44401,Qmd6357bc35f819f87cfed600e98eccf5abde752099b0a,Pinata Dedicated IPFS Gateway,0.0.4891024,2517,2026-09-13 12:07:21 UTC,0xb54f5544a9ba2a2a5858da93d7dcb03076e7546310733e9a8c471d9d0d0caa31,0.0001,Pharmacy Dispensation Verification & Medication Fulfillment,Identity Verified (Wallet Protocol),Blockchain Audit Enabled
RX-0518,Aditi Joshi,849268,0x43f750f9a29b093fb0ef3646396ddb964b07a0c0,⏳ Waiting for Approval,Access Pending Approval,NO,YES,NO,935.04,Dr. Rohan Patel,0x976EA74026E726554dB657fA54763abd0C3a0aa9,NMC-11029,Fortis Memorial Neuro & Trauma Center,MedPlus Health Hub,0x70997970C51812dc3A010C7d01b50e0d17dc79C8,DL-MP-2023-4122,"Priya Sundaram, Pharm.D.",K21.9,Gastro-esophageal reflux disease,Gastroenterology,"Pantoprazole Gastro-resistant (40 mg, Once Daily 30 min pre-breakfast, Qty: 30) | Domperidone Sustained Release (30 mg, Once Daily morning, Qty: 30) | Sucralfate Oral Suspension (1000 mg/10mL, 10 mL thrice daily before meals, Qty: 2)",3,AES-256-GCM,vault-transit-key-0x43f750f9,19e14cc18aa2c15d37d9adeb,1aca387276dbee88480a8aac092ce538,0xe39c4de797cb368ad4629f1a604f85a0c4d1cdaacd9420af32b1887260a4c387,Qm51e19d43b3b95df28313e0b706fca4fe362ebdcbb23e,Pinata Dedicated IPFS Gateway,0.0.4891024,2518,2026-09-13 12:07:23 UTC,0x741fad3a9125cb04b71b9889a9a0f4e24e70f54313f386724e475ece06177a3b,0.0001,Pharmacy Dispensation Verification & Medication Fulfillment,Identity Verified (Wallet Protocol),Blockchain Audit Enabled
RX-0519,Riya Iyer,849269,0x5778c4dedf39d0a8ae305161ea2391f435a8ddca,Request Access,Unauthorized / Unlinked,NO,NO,NO,1689.55,Dr. Preeti Deshmukh,0x23618e81E3f5cdF7f54C3d65f7FBc0aBf5B21E8f,NMC-82194,Care & Cure Pediatric & Maternity Hospital,Apollo Pharmacy Global,0x04Fee3FD1B338d12FFD6dBD8d66dE1e8e0BB99cB,DL-AP-2024-8901,"K. V. Raman, R.Ph.",C50.919,Malignant neoplasm of female breast,Oncology,"Tamoxifen Citrate (20 mg, Once Daily at fixed hour, Qty: 30) | Ondansetron HCl (8 mg, Twice Daily 30 min before food, Qty: 30) | Calcium Carbonate + Vit D3 (500mg/250IU, Once Daily post meal, Qty: 30)",3,AES-256-GCM,vault-transit-key-0x5778c4de,6b1f18bf263832efa6374ccd,2508a7daca14499c986f60e9e0eb1bfc,0xa50d94b4121212d76d54f41fcb27f6edebd65ed938012947059c31c87639395e,Qm575fcc7d8d1df5c7596d717ef202e208a220a50e5269,Pinata Dedicated IPFS Gateway,0.0.4891024,2519,2026-09-13 12:07:25 UTC,0x4e55e183e72a93ab4320c29cc01b8ca5fb32c6125021ee00df464a7cc58242dd,0.0001,Pharmacy Dispensation Verification & Medication Fulfillment,Identity Verified (Wallet Protocol),Blockchain Audit Enabled
RX-0520,Neha Mehta,849270,0x387c55e5aa11c5ed5873c96418c63cfcc94fa5e1,🔓 Decrypt RX,Pending - Ready to Decrypt,YES (Patient Consent Active),NO,NO,1203.69,Dr. Preeti Deshmukh,0x23618e81E3f5cdF7f54C3d65f7FBc0aBf5B21E8f,NMC-82194,Care & Cure Pediatric & Maternity Hospital,Max Wellness Pharmacy,0x28B7eA94B34C8F52D19E50Eb14769Da20F5D54b4,DL-MW-2024-7731,"Sneha Mukherjee, R.Ph.",E11.9,Type 2 diabetes mellitus without complications,Endocrinology,"Metformin Hydrochloride (500 mg, Twice Daily with meals, Qty: 60) | Dapagliflozin Propanediol (10 mg, Once Daily morning, Qty: 30) | Glimepiride (2 mg, Once Daily pre-breakfast, Qty: 30)",3,AES-256-GCM,vault-transit-key-0x387c55e5,31e0f2e1a7b309c5c734ef23,3ca116a1b26290f6b860ba51b0bd01f3,0x6b25d66da3c9331ebfb7b3193f3e33c671ce1da9466816c8d1e03e08b4dd75fa,Qm0f2efc064472b4746357c1309fa4c6b928687ee78a33,Pinata Dedicated IPFS Gateway,0.0.4891024,2520,2026-09-13 12:07:28 UTC,0x274d3ed76d84e05c03bd484854320e54652a9e7ee8fce1d3dbda1a81cb5bdab9,0.0001,Pharmacy Dispensation Verification & Medication Fulfillment,Identity Verified (Wallet Protocol),Blockchain Audit Enabled
RX-0521,Anand Iyer,849271,0xfd8886c61c7a845efe16512f423d33a993bc7316,🔓 Decrypt RX,Pending - Ready to Decrypt,YES (Patient Consent Active),NO,NO,204.85,Dr. Sunita Narang,0xBcd4042DE499D14e55001CcbB24a551F3b954096,NMC-90812,Apex Diagnostic Reference Labs,Fortis Care Dispensary,0x84f93618C1D541bB1Dcf1373A8eE500A7D439634,DL-FC-2025-1094,"Amit Singhania, R.Ph.",E03.9,"Hypothyroidism, unspecified",Endocrinology,"Levothyroxine Sodium (50 mcg, Once Daily on empty stomach, Qty: 60)",1,AES-256-GCM,vault-transit-key-0xfd8886c6,71c6c9b2532f5494254a6b19,2fbf1534b7a960a9e2ecf7d245c54845,0xc22de035d3e32772fdc21d2feac4026e736725bb5e117ae74767b4a06effe37f,Qmb9f6518c21eb5f0412467b6199df4cb69b623719484c,Pinata Dedicated IPFS Gateway,0.0.4891024,2521,2026-09-13 12:07:30 UTC,0xf7e130ca977b9a4d973d43982dd85b046dc646f6d5c0f23437521baff0ac3c23,0.0001,Pharmacy Dispensation Verification & Medication Fulfillment,Identity Verified (Wallet Protocol),Blockchain Audit Enabled
RX-0522,Ishaan Malhotra,849272,0xfedeeda7771493df964bdfd63d5cc3bd7870db7e,⏳ Waiting for Approval,Access Pending Approval,NO,YES,NO,981.95,Dr. Sunita Narang,0xBcd4042DE499D14e55001CcbB24a551F3b954096,NMC-90812,Apex Diagnostic Reference Labs,Fortis Care Dispensary,0x84f93618C1D541bB1Dcf1373A8eE500A7D439634,DL-FC-2025-1094,"Amit Singhania, R.Ph.",I20.9,"Angina pectoris, unspecified",Cardiology,"Nitroglycerin Sublingual (0.4 mg, PRN for chest pain, Qty: 25) | Aspirin Gastro-resistant (75 mg, Once Daily post meal, Qty: 30) | Atorvastatin Calcium (40 mg, Once Daily at Bedtime, Qty: 30)",3,AES-256-GCM,vault-transit-key-0xfedeeda7,1380063be35e33ae09ce2bfc,e9ac8a3dea7ba8b9e17a1bd117e8511c,0x5e4831887fe014866d8c8a1ad4c20c8ac04ab3d4608cfafd021c43862e02aee6,Qm96c401ce960fd2a6904ac4775edf29e1408396e6dea3,Pinata Dedicated IPFS Gateway,0.0.4891024,2522,2026-09-13 12:07:33 UTC,0x12df827a423a42c15cbed01bece81257b4125bea344399371b3ca3a0a59456af,0.0001,Pharmacy Dispensation Verification & Medication Fulfillment,Identity Verified (Wallet Protocol),Blockchain Audit Enabled
RX-0523,Anand Bhatia,849273,0x547338ae359c142ae14858bd712c7abba0e45b90,🔓 Decrypt RX,Pending - Ready to Decrypt,YES (Patient Consent Active),NO,NO,3310.59,Dr. Preeti Deshmukh,0x23618e81E3f5cdF7f54C3d65f7FBc0aBf5B21E8f,NMC-82194,Care & Cure Pediatric & Maternity Hospital,Apex Central Clinical Dispensary,0x155Af6ECaFb48861dA7d16Fb8Af2f6ce9d6DD779,DL-AX-2026-3021,"Rajesh Nambiar, Pharm.D.",C61,Malignant neoplasm of prostate,Oncology,"Bicalutamide (50 mg, Once Daily morning, Qty: 30) | Tamsulosin HCl (0.4 mg, Once Daily 30 min after same meal, Qty: 30)",2,AES-256-GCM,vault-transit-key-0x547338ae,081e5b43f0c852c6c3112506,dde65ed8952891b817d7fe9d7e6b2fed,0x4ff86dd112fef4a7935f14653c4647183169402a3fc69379e15f6495201eb747,Qm756e1c815ec1feb2401ce15d01888a798d62aba14b35,Pinata Dedicated IPFS Gateway,0.0.4891024,2523,2026-09-13 12:07:35 UTC,0xb4c6d17f631ce4e75e4a96cc62f4780c79d08c1b32181e4488566ee3725f06c3,0.0001,Pharmacy Dispensation Verification & Medication Fulfillment,Identity Verified (Wallet Protocol),Blockchain Audit Enabled
RX-0524,Divya Pandey,849274,0x106c80ae8a909681ff28f3ca74f3801eaf5438be,🔓 Decrypt RX,Pending - Ready to Decrypt,YES (Patient Consent Active),NO,NO,1607.42,Dr. Rohan Patel,0x976EA74026E726554dB657fA54763abd0C3a0aa9,NMC-11029,Fortis Memorial Neuro & Trauma Center,MedPlus Health Hub,0x70997970C51812dc3A010C7d01b50e0d17dc79C8,DL-MP-2023-4122,"Priya Sundaram, Pharm.D.",E11.65,Type 2 diabetes mellitus with hyperglycemia,Endocrinology,"Insulin Glargine Solostar (100 IU/mL, 14 Units Once Daily at Bedtime, Qty: 2) | Metformin XR (1000 mg, Once Daily post dinner, Qty: 30)",2,AES-256-GCM,vault-transit-key-0x106c80ae,303e5ba1215cdc643b56b662,a4166c2850b66d8758fa0b1d4f2da5c9,0x627216fa694d9b6ddf212f139e6e7bf41745e9f044a9b79e0a7290c5a8495264,Qm878adfbdd21bed90d2104492c45df280eba017c3b709,Pinata Dedicated IPFS Gateway,0.0.4891024,2524,2026-09-13 12:07:37 UTC,0x4cb925c9344ad6f462752e443e6cdb82bfc3c7cda32be5fc92bb82a1c8c44cf5,0.0001,Pharmacy Dispensation Verification & Medication Fulfillment,Identity Verified (Wallet Protocol),Blockchain Audit Enabled
RX-0525,Deepak Kapoor,849275,0xd1f33fc5f8621d26953c75f1c3f87b580e868798,Dispensed (Fulfilled),Dispensed & Fulfilled,YES,NO,YES,3331.78,Dr. Preeti Deshmukh,0x23618e81E3f5cdF7f54C3d65f7FBc0aBf5B21E8f,NMC-82194,Care & Cure Pediatric & Maternity Hospital,Fortis Care Dispensary,0x84f93618C1D541bB1Dcf1373A8eE500A7D439634,DL-FC-2025-1094,"Amit Singhania, R.Ph.",C61,Malignant neoplasm of prostate,Oncology,"Bicalutamide (50 mg, Once Daily morning, Qty: 30) | Tamsulosin HCl (0.4 mg, Once Daily 30 min after same meal, Qty: 30)",2,AES-256-GCM,vault-transit-key-0xd1f33fc5,7fbd733c361ea3d25d9fe6a4,3c4f435c724d270827b43b21503a45ec,0x079da2dbc1781ea165e771930dc7421f99cd7cdb6aae6f2dae403f7ce822ab70,Qm35934059befff2886c67e822206f8fa66259967599ff,Pinata Dedicated IPFS Gateway,0.0.4891024,2525,2026-09-13 12:07:40 UTC,0x4202853aee5cb8c251b9ae9a8aa4217e770a57aee2c70149704532c88c99a349,0.0001,Pharmacy Dispensation Verification & Medication Fulfillment,Identity Verified (Wallet Protocol),Blockchain Audit Enabled
RX-0526,Chetan Deshmukh,849276,0xd4953f2df7b472faedec77aa03e7c7c3950269b6,Dispensed (Fulfilled),Dispensed & Fulfilled,YES,NO,YES,1497.83,Dr. Vikram Seth,0x15d34AAf54267DB7D7c367839AAf71A00a2C6A65,NMC-99014,Max Super Speciality Cancer Institute,Apollo Pharmacy Global,0x04Fee3FD1B338d12FFD6dBD8d66dE1e8e0BB99cB,DL-AP-2024-8901,"K. V. Raman, R.Ph.",G40.909,"Epilepsy, unspecified",Neurology,"Levetiracetam (500 mg, Twice Daily morning & evening, Qty: 60) | Clobazam (10 mg, Once Daily at Bedtime, Qty: 30)",2,AES-256-GCM,vault-transit-key-0xd4953f2d,49357db1821d7c3ad7a42f78,7fb61941c44a92cff3a5474825267d18,0x97f1a57b3430d853280117db3c8de111f2f324dff9ccc7e5c17fdbee2ab062e0,Qma138cb8dba0e83ed7977a3fabcf5a1eef19bb1a90ba0,Pinata Dedicated IPFS Gateway,0.0.4891024,2526,2026-09-13 12:07:42 UTC,0x23d95fa94604c333eeb88678908fc5b6f1c8e16316ef268396f9fae49f2b9537,0.0001,Pharmacy Dispensation Verification & Medication Fulfillment,Identity Verified (Wallet Protocol),Blockchain Audit Enabled
RX-0527,Varun Chatterjee,849277,0x04e6954051c478b06cee80ea0bb8657d03ebb68c,⏳ Waiting for Approval,Access Pending Approval,NO,YES,NO,1190.42,Dr. Sarah Jenkins,0x04Fee3FD1B338d12FFD6dBD8d66dE1e8e0BB99cB,NMC-48192,Apollo Multispecialty Hospital,Apollo Pharmacy Global,0x04Fee3FD1B338d12FFD6dBD8d66dE1e8e0BB99cB,DL-AP-2024-8901,"K. V. Raman, R.Ph.",E11.9,Type 2 diabetes mellitus without complications,Endocrinology,"Metformin Hydrochloride (500 mg, Twice Daily with meals, Qty: 60) | Dapagliflozin Propanediol (10 mg, Once Daily morning, Qty: 30) | Glimepiride (2 mg, Once Daily pre-breakfast, Qty: 30)",3,AES-256-GCM,vault-transit-key-0x04e69540,34d923eed7a814d29315e694,e50d0777fc807edbd56b94beb43cad12,0xbafd2d877ee5cf4aa249b9ef159d11ceae7cd67e87725efd8e97578a32cbb01f,Qmb6df43a9065f51d6eeda5b4e9a234cf7ccc88bcd79dd,Pinata Dedicated IPFS Gateway,0.0.4891024,2527,2026-09-13 12:07:45 UTC,0x3ac776a156b919c562a73217900f0f5b1cd8ca6321f5775fba6dedc265288b37,0.0001,Pharmacy Dispensation Verification & Medication Fulfillment,Identity Verified (Wallet Protocol),Blockchain Audit Enabled
RX-0528,Gautam Hegde,849278,0x6517b3ddbb0a0f2783471b47e1bcf88c300c63e3,🔓 Decrypt RX,Pending - Ready to Decrypt,YES (Patient Consent Active),NO,NO,1696.15,Dr. Preeti Deshmukh,0x23618e81E3f5cdF7f54C3d65f7FBc0aBf5B21E8f,NMC-82194,Care & Cure Pediatric & Maternity Hospital,Apex Central Clinical Dispensary,0x155Af6ECaFb48861dA7d16Fb8Af2f6ce9d6DD779,DL-AX-2026-3021,"Rajesh Nambiar, Pharm.D.",C50.919,Malignant neoplasm of female breast,Oncology,"Tamoxifen Citrate (20 mg, Once Daily at fixed hour, Qty: 30) | Ondansetron HCl (8 mg, Twice Daily 30 min before food, Qty: 30) | Calcium Carbonate + Vit D3 (500mg/250IU, Once Daily post meal, Qty: 30)",3,AES-256-GCM,vault-transit-key-0x6517b3dd,e2d6fd2eb8f816650fbdaf0e,fe20f5b5d3feacf2e32d47427282bd7d,0xdb03ff911d3daa8d75f0a23fc5f151644a2586563aedab781aadf4e292d3f329,Qmf7dcf292a25e536366a89b5c2fbb7329f180e8d1466e,Pinata Dedicated IPFS Gateway,0.0.4891024,2528,2026-09-13 12:07:47 UTC,0xc8f8cc4061ed457e710d65998cef027bc6fad9820709062908808a688ac9828d,0.0001,Pharmacy Dispensation Verification & Medication Fulfillment,Identity Verified (Wallet Protocol),Blockchain Audit Enabled
RX-0529,Ananya Menon,849279,0xd05a3d5cef04d27da299ccfd108bbfdf12209000,Dispensed (Fulfilled),Dispensed & Fulfilled,YES,NO,YES,1000.06,Dr. Sunita Narang,0xBcd4042DE499D14e55001CcbB24a551F3b954096,NMC-90812,Apex Diagnostic Reference Labs,Fortis Care Dispensary,0x84f93618C1D541bB1Dcf1373A8eE500A7D439634,DL-FC-2025-1094,"Amit Singhania, R.Ph.",I20.9,"Angina pectoris, unspecified",Cardiology,"Nitroglycerin Sublingual (0.4 mg, PRN for chest pain, Qty: 25) | Aspirin Gastro-resistant (75 mg, Once Daily post meal, Qty: 30) | Atorvastatin Calcium (40 mg, Once Daily at Bedtime, Qty: 30)",3,AES-256-GCM,vault-transit-key-0xd05a3d5c,8892907973d90128f5da2847,0f68c18eadb30718caf66d105f44d5ac,0xc2823815a2e76a24148c068a47338a0f1fb03f30616b166c997f4ef3c942629d,Qm4991b2fcf7fed41f201b95c191641451958a05612eef,Pinata Dedicated IPFS Gateway,0.0.4891024,2529,2026-09-13 12:07:50 UTC,0x985d634eca2d19a55db941d1c9b276aea1f27044a548e5a0511695f774eb1648,0.0001,Pharmacy Dispensation Verification & Medication Fulfillment,Identity Verified (Wallet Protocol),Blockchain Audit Enabled
RX-0530,Harish Bhatia,849280,0x6b9d44a9965a2f87da2981a573546762d1ca1305,Dispensed (Fulfilled),Dispensed & Fulfilled,YES,NO,YES,998.38,Dr. Rohan Patel,0x976EA74026E726554dB657fA54763abd0C3a0aa9,NMC-11029,Fortis Memorial Neuro & Trauma Center,Apex Central Clinical Dispensary,0x155Af6ECaFb48861dA7d16Fb8Af2f6ce9d6DD779,DL-AX-2026-3021,"Rajesh Nambiar, Pharm.D.",I20.9,"Angina pectoris, unspecified",Cardiology,"Nitroglycerin Sublingual (0.4 mg, PRN for chest pain, Qty: 25) | Aspirin Gastro-resistant (75 mg, Once Daily post meal, Qty: 30) | Atorvastatin Calcium (40 mg, Once Daily at Bedtime, Qty: 30)",3,AES-256-GCM,vault-transit-key-0x6b9d44a9,89120fcd4d51024124534e2b,00c5b8df4056d75a0c3d8285db6a0b64,0xe290f1aea1e8a450d84cae5d45cad752a9ff546137bf815711edd280487cb7ba,Qm82a4c336bb468d5414af6d3fb9df322ade4f04f72fe4,Pinata Dedicated IPFS Gateway,0.0.4891024,2530,2026-09-13 12:07:52 UTC,0x229c175fc433090e2499459f2ea2504a780cda7f9fb047de96f62617e5d8576e,0.0001,Pharmacy Dispensation Verification & Medication Fulfillment,Identity Verified (Wallet Protocol),Blockchain Audit Enabled
RX-0531,Varun Verma,849281,0x33a7f5890228a155cfb53d88dcea47cb92fab239,Dispensed (Fulfilled),Dispensed & Fulfilled,YES,NO,YES,1682.08,Dr. Sunita Narang,0xBcd4042DE499D14e55001CcbB24a551F3b954096,NMC-90812,Apex Diagnostic Reference Labs,Max Wellness Pharmacy,0x28B7eA94B34C8F52D19E50Eb14769Da20F5D54b4,DL-MW-2024-7731,"Sneha Mukherjee, R.Ph.",C50.919,Malignant neoplasm of female breast,Oncology,"Tamoxifen Citrate (20 mg, Once Daily at fixed hour, Qty: 30) | Ondansetron HCl (8 mg, Twice Daily 30 min before food, Qty: 30) | Calcium Carbonate + Vit D3 (500mg/250IU, Once Daily post meal, Qty: 30)",3,AES-256-GCM,vault-transit-key-0x33a7f589,d64ea9c9f425514dd7e86cb5,c1df125d0041ecff3d4d11568cb6074d,0x01c59a53402e99d366f4bf0babae8ad60d5aaf5625d37bee85509e8609ed4ddf,Qm3f496c825639de2d4e539537457e4f00cc0698879989,Pinata Dedicated IPFS Gateway,0.0.4891024,2531,2026-09-13 12:07:54 UTC,0x084ce5da8dc2b4ba53e573130dffd7faf50b3f8a352b5c4e90727c4245026ac8,0.0001,Pharmacy Dispensation Verification & Medication Fulfillment,Identity Verified (Wallet Protocol),Blockchain Audit Enabled
RX-0532,Pooja Mukherjee,849282,0x2cb98bf3dc599205f4fb06b35768f5bba804264e,🔓 Decrypt RX,Pending - Ready to Decrypt,YES (Patient Consent Active),NO,NO,992.68,Dr. Preeti Deshmukh,0x23618e81E3f5cdF7f54C3d65f7FBc0aBf5B21E8f,NMC-82194,Care & Cure Pediatric & Maternity Hospital,Max Wellness Pharmacy,0x28B7eA94B34C8F52D19E50Eb14769Da20F5D54b4,DL-MW-2024-7731,"Sneha Mukherjee, R.Ph.",I20.9,"Angina pectoris, unspecified",Cardiology,"Nitroglycerin Sublingual (0.4 mg, PRN for chest pain, Qty: 25) | Aspirin Gastro-resistant (75 mg, Once Daily post meal, Qty: 30) | Atorvastatin Calcium (40 mg, Once Daily at Bedtime, Qty: 30)",3,AES-256-GCM,vault-transit-key-0x2cb98bf3,fb6a402c1c4fd2f7c8ea306d,7247024f998a0491f89cc77abe3d194a,0x9d36eebe5390b1232c424a3947a4885260fce5c6ecc9a1534addd0af5a71317f,Qm50b0df48d34604e1b4ddfbca1dbd064767ee75a0aef4,Pinata Dedicated IPFS Gateway,0.0.4891024,2532,2026-09-13 12:07:57 UTC,0x6c1be4c78bcee160cf9c60c1aa20e338c7142435952d8d1b18da89afe1f70641,0.0001,Pharmacy Dispensation Verification & Medication Fulfillment,Identity Verified (Wallet Protocol),Blockchain Audit Enabled
RX-0533,Nandini Rao,849283,0xae784b6bb08c04debb118697fa0abed2153a93e3,🔓 Decrypt RX,Pending - Ready to Decrypt,YES (Patient Consent Active),NO,NO,220.06,Dr. Rohan Patel,0x976EA74026E726554dB657fA54763abd0C3a0aa9,NMC-11029,Fortis Memorial Neuro & Trauma Center,Apex Central Clinical Dispensary,0x155Af6ECaFb48861dA7d16Fb8Af2f6ce9d6DD779,DL-AX-2026-3021,"Rajesh Nambiar, Pharm.D.",E03.9,"Hypothyroidism, unspecified",Endocrinology,"Levothyroxine Sodium (50 mcg, Once Daily on empty stomach, Qty: 60)",1,AES-256-GCM,vault-transit-key-0xae784b6b,f78298101fc0abdf1fc72d2e,876a48c842c07fed28595fbc6ce318e4,0x322f112b7083e237d71a60a3777192955c7c9c85b549f1ab39a9d7a20d64d2c1,Qm46b613558ef3590d479d5cd1116c39707a7da235967d,Pinata Dedicated IPFS Gateway,0.0.4891024,2533,2026-09-13 12:07:59 UTC,0xcafbc9930574131c5609a0e532f4f279b5e06313522a69493a7673519a1b3554,0.0001,Pharmacy Dispensation Verification & Medication Fulfillment,Identity Verified (Wallet Protocol),Blockchain Audit Enabled
RX-0534,Nandini Banerjee,849284,0xf61632d0c2c93ad9a5c71b0aac1c0bc71ea9fab1,⏳ Waiting for Approval,Access Pending Approval,NO,YES,NO,441.6,Dr. Rohan Patel,0x976EA74026E726554dB657fA54763abd0C3a0aa9,NMC-11029,Fortis Memorial Neuro & Trauma Center,MedPlus Health Hub,0x70997970C51812dc3A010C7d01b50e0d17dc79C8,DL-MP-2023-4122,"Priya Sundaram, Pharm.D.",J06.9,Acute upper respiratory infection,Pediatrics / General,"Amoxicillin + Potassium Clavulanate (625 mg, Twice Daily post food, Qty: 14) | Paracetamol (650 mg, Thrice daily post meals SOS, Qty: 15) | Levocetirizine Dihydrochloride (5 mg, Once Daily at Bedtime, Qty: 7)",3,AES-256-GCM,vault-transit-key-0xf61632d0,fb0e39d7e957b15a107c3ab1,21689baa6b8b0b0dc154e281fe2f48e8,0x88a79cc66da8d1d83a0a4f091ffe26a38f7d0cb6509fb968839741ac6aacec15,Qm46b6b619ea844b2a765fd15382e7d63affebd2c0490a,Pinata Dedicated IPFS Gateway,0.0.4891024,2534,2026-09-13 12:08:01 UTC,0x19b3c2370dec0e20b6ea582e2de12f04a40aaaa1938a96cda7ca00513e8fd10d,0.0001,Pharmacy Dispensation Verification & Medication Fulfillment,Identity Verified (Wallet Protocol),Blockchain Audit Enabled
RX-0535,Geeta Choudhury,849285,0xa923eb245c93aff5bd3960bed84736dbc5046c43,🔓 Decrypt RX,Pending - Ready to Decrypt,YES (Patient Consent Active),NO,NO,1478.44,Dr. Rajesh Sharma,0x3c44CdDdB6a900fa2b585dd299e03d12FA4293BC,NMC-78491,Apollo Multispecialty Hospital,Fortis Care Dispensary,0x84f93618C1D541bB1Dcf1373A8eE500A7D439634,DL-FC-2025-1094,"Amit Singhania, R.Ph.",G40.909,"Epilepsy, unspecified",Neurology,"Levetiracetam (500 mg, Twice Daily morning & evening, Qty: 60) | Clobazam (10 mg, Once Daily at Bedtime, Qty: 30)",2,AES-256-GCM,vault-transit-key-0xa923eb24,f05051cabc2c2e6e39984dbb,aae5252d1f60dc49bbe1976f1f15a800,0xe8c589adb9bb7215d9e6b281a1c1a8979380f2da8fbb50722da7844fb320d889,Qm5c84556c2aabd86aee95d2f76d08a79de1c14ab6548b,Pinata Dedicated IPFS Gateway,0.0.4891024,2535,2026-09-13 12:08:04 UTC,0x1811691263fbd9d8eab851fb673a3eb3cc43919de246c1e7d2c02334a342f79e,0.0001,Pharmacy Dispensation Verification & Medication Fulfillment,Identity Verified (Wallet Protocol),Blockchain Audit Enabled
RX-0536,Chetan Rao,849286,0x759ff7ffe25f8040d6216262271709045b247b8b,Dispensed (Fulfilled),Dispensed & Fulfilled,YES,NO,YES,423.91,Dr. Sunita Narang,0xBcd4042DE499D14e55001CcbB24a551F3b954096,NMC-90812,Apex Diagnostic Reference Labs,Apollo Pharmacy Global,0x04Fee3FD1B338d12FFD6dBD8d66dE1e8e0BB99cB,DL-AP-2024-8901,"K. V. Raman, R.Ph.",J06.9,Acute upper respiratory infection,Pediatrics / General,"Amoxicillin + Potassium Clavulanate (625 mg, Twice Daily post food, Qty: 14) | Paracetamol (650 mg, Thrice daily post meals SOS, Qty: 15) | Levocetirizine Dihydrochloride (5 mg, Once Daily at Bedtime, Qty: 7)",3,AES-256-GCM,vault-transit-key-0x759ff7ff,9d21e62429a5529e607bf14f,e0d2d3b06b053723c6e589ed702cad6c,0x140b20cdedb46ec3463371983058baddab359927e363cbaeaf5bae8087b578f5,Qma6553e0c283132704a6b9abc15a0a2eb9abc0a43dc4c,Pinata Dedicated IPFS Gateway,0.0.4891024,2536,2026-09-13 12:08:06 UTC,0x0cbffbb99fea96a6997ba29b1841c1f1f7fbc72267915a9777037d77948e1742,0.0001,Pharmacy Dispensation Verification & Medication Fulfillment,Identity Verified (Wallet Protocol),Blockchain Audit Enabled
RX-0537,Meera Reddy,849287,0x4a6f7afe3d3bfa4cb44d15fea1e7ee1205ea2a65,🔓 Decrypt RX,Pending - Ready to Decrypt,YES (Patient Consent Active),NO,NO,955.95,Dr. Sarah Jenkins,0x04Fee3FD1B338d12FFD6dBD8d66dE1e8e0BB99cB,NMC-48192,Apollo Multispecialty Hospital,Apex Central Clinical Dispensary,0x155Af6ECaFb48861dA7d16Fb8Af2f6ce9d6DD779,DL-AX-2026-3021,"Rajesh Nambiar, Pharm.D.",K21.9,Gastro-esophageal reflux disease,Gastroenterology,"Pantoprazole Gastro-resistant (40 mg, Once Daily 30 min pre-breakfast, Qty: 30) | Domperidone Sustained Release (30 mg, Once Daily morning, Qty: 30) | Sucralfate Oral Suspension (1000 mg/10mL, 10 mL thrice daily before meals, Qty: 2)",3,AES-256-GCM,vault-transit-key-0x4a6f7afe,ca8ad04939632ad8b28f3789,38667bd04ce9e60a3855022f3e7f76ca,0x975f365fd207c8c7a5c2419101f919c70748e3d1a0730039dda558d790742363,Qma3674252a0c9d334bf686706a22cfb05aff7b706976b,Pinata Dedicated IPFS Gateway,0.0.4891024,2537,2026-09-13 12:08:09 UTC,0x0402cd97eb768c9efa5d42b9d8ff7f78421f74b14da899570a09321155a5a157,0.0001,Pharmacy Dispensation Verification & Medication Fulfillment,Identity Verified (Wallet Protocol),Blockchain Audit Enabled
RX-0538,Kavya Patel,849288,0x2a658a743f395485d4bfa1531a00a982695a97d6,🔓 Decrypt RX,Pending - Ready to Decrypt,YES (Patient Consent Active),NO,NO,1188.99,Dr. Rohan Patel,0x976EA74026E726554dB657fA54763abd0C3a0aa9,NMC-11029,Fortis Memorial Neuro & Trauma Center,Apex Central Clinical Dispensary,0x155Af6ECaFb48861dA7d16Fb8Af2f6ce9d6DD779,DL-AX-2026-3021,"Rajesh Nambiar, Pharm.D.",E11.9,Type 2 diabetes mellitus without complications,Endocrinology,"Metformin Hydrochloride (500 mg, Twice Daily with meals, Qty: 60) | Dapagliflozin Propanediol (10 mg, Once Daily morning, Qty: 30) | Glimepiride (2 mg, Once Daily pre-breakfast, Qty: 30)",3,AES-256-GCM,vault-transit-key-0x2a658a74,899522afb8780f1659b4fdde,4304e065714cc6a547f0c99f41e446e1,0x93599d8f4c6158c6bedf210a521182e4dfb37c54e2fa46a732fc63f7a648d9e6,Qm06d147a2863a35e231c56382c696a9aeec0a57e73ea9,Pinata Dedicated IPFS Gateway,0.0.4891024,2538,2026-09-13 12:08:11 UTC,0x0be8937374662d05cee9ba9aac656a1011372decb8bcb56f0ac5e3330e3d2ea4,0.0001,Pharmacy Dispensation Verification & Medication Fulfillment,Identity Verified (Wallet Protocol),Blockchain Audit Enabled
RX-0539,Divya Kulkarni,849289,0xa82f1e0c960e611b6ccd118e2ab1f9a084b63949,Request Access,Unauthorized / Unlinked,NO,NO,NO,1612.49,Dr. Rajesh Sharma,0x3c44CdDdB6a900fa2b585dd299e03d12FA4293BC,NMC-78491,Apollo Multispecialty Hospital,Apex Central Clinical Dispensary,0x155Af6ECaFb48861dA7d16Fb8Af2f6ce9d6DD779,DL-AX-2026-3021,"Rajesh Nambiar, Pharm.D.",E11.65,Type 2 diabetes mellitus with hyperglycemia,Endocrinology,"Insulin Glargine Solostar (100 IU/mL, 14 Units Once Daily at Bedtime, Qty: 2) | Metformin XR (1000 mg, Once Daily post dinner, Qty: 30)",2,AES-256-GCM,vault-transit-key-0xa82f1e0c,2ae3a2e7508e5e86e728fb49,9d38119ecb4c02fac8baf5799f305d90,0x6ad9216d6ca59e7f3baa4d0d0f0a3e4df6cfc7e76f3eeb13b66384bad5fc405f,Qmf7e7fbad75072d7a66938c45a64f03979a3d50431ee2,Pinata Dedicated IPFS Gateway,0.0.4891024,2539,2026-09-13 12:08:13 UTC,0x572942a0ee9dac90d0de5c553e043cac14d8e12ebb350b51a0c6ad8a920c5c0f,0.0001,Pharmacy Dispensation Verification & Medication Fulfillment,Identity Verified (Wallet Protocol),Blockchain Audit Enabled
RX-0540,Deepak Malhotra,849290,0xdaaf7beb55b6921394afd7880a26c8dd53fd082d,⏳ Waiting for Approval,Access Pending Approval,NO,YES,NO,503.2,Dr. Sarah Jenkins,0x04Fee3FD1B338d12FFD6dBD8d66dE1e8e0BB99cB,NMC-48192,Apollo Multispecialty Hospital,Apollo Pharmacy Global,0x04Fee3FD1B338d12FFD6dBD8d66dE1e8e0BB99cB,DL-AP-2024-8901,"K. V. Raman, R.Ph.",I10,Essential (primary) hypertension,Cardiology,"Amlodipine Besylate (5 mg, Once Daily (Morning), Qty: 30) | Telmisartan (40 mg, Once Daily (Morning), Qty: 30)",2,AES-256-GCM,vault-transit-key-0xdaaf7beb,72dcb544a7861144d25efdc4,6ba2058063f1c1165aa420c2d5a96223,0x8f7dd5b4b1504a605b8d5f32d7a908bf979cfa608475ebae12b031f543c72389,Qm799a648b1e220160621860e43fc3619e1ce5c9528ce0,Pinata Dedicated IPFS Gateway,0.0.4891024,2540,2026-09-13 12:08:16 UTC,0xe8241dac4669426af8457397b6815e2a3f4419e37e31e08beeb743342637881e,0.0001,Pharmacy Dispensation Verification & Medication Fulfillment,Identity Verified (Wallet Protocol),Blockchain Audit Enabled
RX-0541,Divya Ghosh,849291,0xdadcf923cb93fe596fdcf97c63ca17e4638d633c,🔓 Decrypt RX,Pending - Ready to Decrypt,YES (Patient Consent Active),NO,NO,1198.56,Dr. Preeti Deshmukh,0x23618e81E3f5cdF7f54C3d65f7FBc0aBf5B21E8f,NMC-82194,Care & Cure Pediatric & Maternity Hospital,Fortis Care Dispensary,0x84f93618C1D541bB1Dcf1373A8eE500A7D439634,DL-FC-2025-1094,"Amit Singhania, R.Ph.",E11.9,Type 2 diabetes mellitus without complications,Endocrinology,"Metformin Hydrochloride (500 mg, Twice Daily with meals, Qty: 60) | Dapagliflozin Propanediol (10 mg, Once Daily morning, Qty: 30) | Glimepiride (2 mg, Once Daily pre-breakfast, Qty: 30)",3,AES-256-GCM,vault-transit-key-0xdadcf923,aff7403447efa6fa1f4d1e20,d6c188604f319ca118a89ea1ab3f0d10,0x29efff29f011be5a7b296c92fef148adf656286e7ad8b9c10d26fe3698203198,Qmbfe54ead36fbf7736cb980c008fc4d98ac86208b87cc,Pinata Dedicated IPFS Gateway,0.0.4891024,2541,2026-09-13 12:08:19 UTC,0x67a7c36457e82336638e969cd8143cfa0dcb9d3d7eb8307e2ac93123c5b0ee9a,0.0001,Pharmacy Dispensation Verification & Medication Fulfillment,Identity Verified (Wallet Protocol),Blockchain Audit Enabled
RX-0542,Sameer Choudhury,849292,0xc9e2755a8c1388585a01e515215d77f77af70723,🔓 Decrypt RX,Pending - Ready to Decrypt,YES (Patient Consent Active),NO,NO,1619.68,Dr. Sunita Narang,0xBcd4042DE499D14e55001CcbB24a551F3b954096,NMC-90812,Apex Diagnostic Reference Labs,MedPlus Health Hub,0x70997970C51812dc3A010C7d01b50e0d17dc79C8,DL-MP-2023-4122,"Priya Sundaram, Pharm.D.",E11.65,Type 2 diabetes mellitus with hyperglycemia,Endocrinology,"Insulin Glargine Solostar (100 IU/mL, 14 Units Once Daily at Bedtime, Qty: 2) | Metformin XR (1000 mg, Once Daily post dinner, Qty: 30)",2,AES-256-GCM,vault-transit-key-0xc9e2755a,153bb8527d4f8b49c2551c5f,9527db2a887b275786be990031978130,0x97b67414d889a99557ad0fd96f5a3eb60f9c8a0153255da1e23f847ab293269e,Qm3142b6252bbdde1c26ec96108396d535c4097cdcb033,Pinata Dedicated IPFS Gateway,0.0.4891024,2542,2026-09-13 12:08:21 UTC,0x7b5c2783b7677e9eb5a55b84ee16b71acf82a97f80ca2472bb71ed45a61bec72,0.0001,Pharmacy Dispensation Verification & Medication Fulfillment,Identity Verified (Wallet Protocol),Blockchain Audit Enabled
RX-0543,Manish Reddy,849293,0x1fdcbb704b3bc6acf6422e7c4c6ffd9aed126186,🔓 Decrypt RX,Pending - Ready to Decrypt,YES (Patient Consent Active),NO,NO,935.14,Dr. Sarah Jenkins,0x04Fee3FD1B338d12FFD6dBD8d66dE1e8e0BB99cB,NMC-48192,Apollo Multispecialty Hospital,Apex Central Clinical Dispensary,0x155Af6ECaFb48861dA7d16Fb8Af2f6ce9d6DD779,DL-AX-2026-3021,"Rajesh Nambiar, Pharm.D.",K21.9,Gastro-esophageal reflux disease,Gastroenterology,"Pantoprazole Gastro-resistant (40 mg, Once Daily 30 min pre-breakfast, Qty: 30) | Domperidone Sustained Release (30 mg, Once Daily morning, Qty: 30) | Sucralfate Oral Suspension (1000 mg/10mL, 10 mL thrice daily before meals, Qty: 2)",3,AES-256-GCM,vault-transit-key-0x1fdcbb70,54f80e1dedc8448816218b87,76d50ceb9b4b4d162b58dd1969b31452,0xec0bba9da23b362370d872a41acfebffee664a523d34b3ddaa5f3eda0aba98d0,Qmf30cdb224f0453b01890b9f5ecae83da51c9d2c1dc97,Pinata Dedicated IPFS Gateway,0.0.4891024,2543,2026-09-13 12:08:23 UTC,0xdf647c87df49db7a3b20e95b446a6a4f665fa4dedabe524ffcc3cc8ef1db174c,0.0001,Pharmacy Dispensation Verification & Medication Fulfillment,Identity Verified (Wallet Protocol),Blockchain Audit Enabled
RX-0544,Vikas Agarwal,849294,0xf6bdfcf1515ced9b7e52bbb0fb129f8b3a814d0e,Dispensed (Fulfilled),Dispensed & Fulfilled,YES,NO,YES,3317.6,Dr. Ananya Roy,0x9965507D1a55bcC2695C58ba16FB37d819B0A4dc,NMC-51203,Max Super Speciality Cancer Institute,Apollo Pharmacy Global,0x04Fee3FD1B338d12FFD6dBD8d66dE1e8e0BB99cB,DL-AP-2024-8901,"K. V. Raman, R.Ph.",C61,Malignant neoplasm of prostate,Oncology,"Bicalutamide (50 mg, Once Daily morning, Qty: 30) | Tamsulosin HCl (0.4 mg, Once Daily 30 min after same meal, Qty: 30)",2,AES-256-GCM,vault-transit-key-0xf6bdfcf1,166d5c091f013b33475900c4,3c04d511f872c859f3f428b4b2c3f70b,0x58e9b464c1a7196275b778560ad6d49e07175995b5708dbf2b74248c4c561473,Qm29aa9766ec69df5f6627d0727a963dd787eeb472fd6e,Pinata Dedicated IPFS Gateway,0.0.4891024,2544,2026-09-13 12:08:26 UTC,0x7f4fde29f3b0fcac6379888bf9be845f7f8e538cec60f4e8272ce923d1500456,0.0001,Pharmacy Dispensation Verification & Medication Fulfillment,Identity Verified (Wallet Protocol),Blockchain Audit Enabled
RX-0545,Pooja Gupta,849295,0x04e4acfcd2d5e80be67a52a3e5d48c1dc64cd5fb,⏳ Waiting for Approval,Access Pending Approval,NO,YES,NO,501.32,Dr. Preeti Deshmukh,0x23618e81E3f5cdF7f54C3d65f7FBc0aBf5B21E8f,NMC-82194,Care & Cure Pediatric & Maternity Hospital,MedPlus Health Hub,0x70997970C51812dc3A010C7d01b50e0d17dc79C8,DL-MP-2023-4122,"Priya Sundaram, Pharm.D.",I10,Essential (primary) hypertension,Cardiology,"Amlodipine Besylate (5 mg, Once Daily (Morning), Qty: 30) | Telmisartan (40 mg, Once Daily (Morning), Qty: 30)",2,AES-256-GCM,vault-transit-key-0x04e4acfc,d4da5ce061c88f60aa1c771b,8dad6123aefac30123efdfd9f5c9c841,0xf940f530a0b68341eadf6e6f525e497d693def0c6061127411f8bcf9ad4d9b57,Qmd806b41b22d021b54b7c49351fc8fda1dfe68b72ffab,Pinata Dedicated IPFS Gateway,0.0.4891024,2545,2026-09-13 12:08:28 UTC,0x970d6baf875b8b59f3d28fc29918f214565e4f9de7c47d078a91e9f86eeb173a,0.0001,Pharmacy Dispensation Verification & Medication Fulfillment,Identity Verified (Wallet Protocol),Blockchain Audit Enabled
RX-0546,Kavya Malhotra,849296,0x9eb38f7f5894ab6f491d707762227455f90ea7be,⏳ Waiting for Approval,Access Pending Approval,NO,YES,NO,420.37,Dr. Sunita Narang,0xBcd4042DE499D14e55001CcbB24a551F3b954096,NMC-90812,Apex Diagnostic Reference Labs,Apollo Pharmacy Global,0x04Fee3FD1B338d12FFD6dBD8d66dE1e8e0BB99cB,DL-AP-2024-8901,"K. V. Raman, R.Ph.",J06.9,Acute upper respiratory infection,Pediatrics / General,"Amoxicillin + Potassium Clavulanate (625 mg, Twice Daily post food, Qty: 14) | Paracetamol (650 mg, Thrice daily post meals SOS, Qty: 15) | Levocetirizine Dihydrochloride (5 mg, Once Daily at Bedtime, Qty: 7)",3,AES-256-GCM,vault-transit-key-0x9eb38f7f,2f1ee9d581264650dfa47aac,93470b59351a74e74bdc1b538f11c137,0x4084a8e31d2471bef1873264fe5cb09083c0185a50e4cf05b877d14d5857bc9b,Qm9494a48401a94b674ae4e5ff844cb5d2694772021e26,Pinata Dedicated IPFS Gateway,0.0.4891024,2546,2026-09-13 12:08:31 UTC,0x6b642edd698a71478f0e1e9c2c5aea5273223431d992b40ebc500e5e992b88ea,0.0001,Pharmacy Dispensation Verification & Medication Fulfillment,Identity Verified (Wallet Protocol),Blockchain Audit Enabled
RX-0547,Deepak Banerjee,849297,0x42025a91d656ab71595a3727e9f8b235f8dccc03,Dispensed (Fulfilled),Dispensed & Fulfilled,YES,NO,YES,911.67,Dr. Sunita Narang,0xBcd4042DE499D14e55001CcbB24a551F3b954096,NMC-90812,Apex Diagnostic Reference Labs,Fortis Care Dispensary,0x84f93618C1D541bB1Dcf1373A8eE500A7D439634,DL-FC-2025-1094,"Amit Singhania, R.Ph.",A90,Dengue fever [classical dengue],Infectious Disease,"Paracetamol Infusion / Tab (650 mg, Every 6 hours SOS fever > 100°F, Qty: 20) | Carica Papaya Leaf Extract (1100 mg, Thrice Daily post food, Qty: 21) | Oral Rehydration Salts (WHO formula) (21.8 g sachet, 1 sachet in 1L water daily, Qty: 7)",3,AES-256-GCM,vault-transit-key-0x42025a91,f3621611615ef40a3f2ef272,61025da957d56f53e34ab8bd19c0cfb6,0x5bb03eea8145aca96dd874701f2cfa52d5866bea66238ea900540e79f8f4b05d,Qm183010acd57ab617a51717a606593c7657b5aa1fffc5,Pinata Dedicated IPFS Gateway,0.0.4891024,2547,2026-09-13 12:08:33 UTC,0x5e2d1eea73ad9a2cea7dde92f0286e7acd6b30db5f2cf93e94d3d551ad9bead2,0.0001,Pharmacy Dispensation Verification & Medication Fulfillment,Identity Verified (Wallet Protocol),Blockchain Audit Enabled
RX-0548,Sanjay Hegde,849298,0x5f9ed8588c8d9aea8dcae33ada10da1de8980f41,⏳ Waiting for Approval,Access Pending Approval,NO,YES,NO,1619.83,Dr. Ananya Roy,0x9965507D1a55bcC2695C58ba16FB37d819B0A4dc,NMC-51203,Max Super Speciality Cancer Institute,Fortis Care Dispensary,0x84f93618C1D541bB1Dcf1373A8eE500A7D439634,DL-FC-2025-1094,"Amit Singhania, R.Ph.",E11.65,Type 2 diabetes mellitus with hyperglycemia,Endocrinology,"Insulin Glargine Solostar (100 IU/mL, 14 Units Once Daily at Bedtime, Qty: 2) | Metformin XR (1000 mg, Once Daily post dinner, Qty: 30)",2,AES-256-GCM,vault-transit-key-0x5f9ed858,d48b53b032612336c3cece3a,f810bfa88f88295ad4bacd157ee6ab76,0xfd466804830ccf9f2e2845fc4efb7b0c431f13092fc5240760f3a144a8631fb4,Qmac4e58d13c2736c9508a5c98f22f50daae036809a7b7,Pinata Dedicated IPFS Gateway,0.0.4891024,2548,2026-09-13 12:08:35 UTC,0x6ffc67b9776dd76a883e8133d2b95bfaba9672d47b11ae2d99027e82aa7301ce,0.0001,Pharmacy Dispensation Verification & Medication Fulfillment,Identity Verified (Wallet Protocol),Blockchain Audit Enabled
RX-0549,Gautam Bhatia,849299,0xcdca29ba5404da2ec112d68c25090191ba5698b3,Request Access,Unauthorized / Unlinked,NO,NO,NO,1204.57,Dr. Sarah Jenkins,0x04Fee3FD1B338d12FFD6dBD8d66dE1e8e0BB99cB,NMC-48192,Apollo Multispecialty Hospital,Apex Central Clinical Dispensary,0x155Af6ECaFb48861dA7d16Fb8Af2f6ce9d6DD779,DL-AX-2026-3021,"Rajesh Nambiar, Pharm.D.",E11.9,Type 2 diabetes mellitus without complications,Endocrinology,"Metformin Hydrochloride (500 mg, Twice Daily with meals, Qty: 60) | Dapagliflozin Propanediol (10 mg, Once Daily morning, Qty: 30) | Glimepiride (2 mg, Once Daily pre-breakfast, Qty: 30)",3,AES-256-GCM,vault-transit-key-0xcdca29ba,4d1cdecc6a2620a7b054daaa,316b4d2c67bf667e62bd9bf8e8215bd6,0x2a9dcea92af7ec2f2b84517796fe7cf95da6ca39ff4c441b58315f764c20beb0,Qm7b5227597bb112cd62bcf88790fab8485c258a3ad175,Pinata Dedicated IPFS Gateway,0.0.4891024,2549,2026-09-13 12:08:38 UTC,0x2b346b84b46a3a3cf9edd47be3b3f540688c7e14ac3a20c469c9bbf3eac0f2d7,0.0001,Pharmacy Dispensation Verification & Medication Fulfillment,Identity Verified (Wallet Protocol),Blockchain Audit Enabled
RX-0550,Deepak Sharma,849300,0xe576ba137a638172d71ff06217865e54f2018cc6,Request Access,Unauthorized / Unlinked,NO,NO,NO,1191.17,Dr. Vikram Seth,0x15d34AAf54267DB7D7c367839AAf71A00a2C6A65,NMC-99014,Max Super Speciality Cancer Institute,Apex Central Clinical Dispensary,0x155Af6ECaFb48861dA7d16Fb8Af2f6ce9d6DD779,DL-AX-2026-3021,"Rajesh Nambiar, Pharm.D.",E11.9,Type 2 diabetes mellitus without complications,Endocrinology,"Metformin Hydrochloride (500 mg, Twice Daily with meals, Qty: 60) | Dapagliflozin Propanediol (10 mg, Once Daily morning, Qty: 30) | Glimepiride (2 mg, Once Daily pre-breakfast, Qty: 30)",3,AES-256-GCM,vault-transit-key-0xe576ba13,f6b888e97c0f52d43736368b,3af09061e2a7f9421f223e0c70d7e219,0x005f23cdb6ee5378af225df03385576d6e822c60c4ef883acbe4c4081eb80547,Qmf020470535981eda7265f9dd78597d6d3acdabb9e3bc,Pinata Dedicated IPFS Gateway,0.0.4891024,2550,2026-09-13 12:08:40 UTC,0xdd92063463b18139ae5e91647c8d260751e56c82ffa7701977cb3f1769b6e3ea,0.0001,Pharmacy Dispensation Verification & Medication Fulfillment,Identity Verified (Wallet Protocol),Blockchain Audit Enabled
RX-0551,Geeta Ghosh,849301,0x32c83e4de9c7477762a349875d2f0af871a858bf,⏳ Waiting for Approval,Access Pending Approval,NO,YES,NO,3309.92,Dr. Sarah Jenkins,0x04Fee3FD1B338d12FFD6dBD8d66dE1e8e0BB99cB,NMC-48192,Apollo Multispecialty Hospital,MedPlus Health Hub,0x70997970C51812dc3A010C7d01b50e0d17dc79C8,DL-MP-2023-4122,"Priya Sundaram, Pharm.D.",C61,Malignant neoplasm of prostate,Oncology,"Bicalutamide (50 mg, Once Daily morning, Qty: 30) | Tamsulosin HCl (0.4 mg, Once Daily 30 min after same meal, Qty: 30)",2,AES-256-GCM,vault-transit-key-0x32c83e4d,9693eab66098a2d068653a1d,32e0e969b92bee5dc72c18e7a3ac96dc,0x6a7332d3fdb0139e48933a1c2864e93aecb757da64eb732d0595f213721599cb,Qmcb3019fb4df895c8c6496be4c59c3fb5e549183e2ff2,Pinata Dedicated IPFS Gateway,0.0.4891024,2551,2026-09-13 12:08:43 UTC,0x8b55d5ebe2de022d80ba206bc2073d8b9925f62ed96621ed47b4e758daba6c71,0.0001,Pharmacy Dispensation Verification & Medication Fulfillment,Identity Verified (Wallet Protocol),Blockchain Audit Enabled
RX-0552,Siddharth Choudhury,849302,0x348cfdbf4259d7a9b5598985dd81d4d37009fb11,⏳ Waiting for Approval,Access Pending Approval,NO,YES,NO,1494.18,Dr. Sunita Narang,0xBcd4042DE499D14e55001CcbB24a551F3b954096,NMC-90812,Apex Diagnostic Reference Labs,Max Wellness Pharmacy,0x28B7eA94B34C8F52D19E50Eb14769Da20F5D54b4,DL-MW-2024-7731,"Sneha Mukherjee, R.Ph.",G40.909,"Epilepsy, unspecified",Neurology,"Levetiracetam (500 mg, Twice Daily morning & evening, Qty: 60) | Clobazam (10 mg, Once Daily at Bedtime, Qty: 30)",2,AES-256-GCM,vault-transit-key-0x348cfdbf,8d9235f2f95582f3db2ac05b,9cfaaf4adc41e2ae35583f0c62d26649,0xd95af7b16e90946e6af0fbe3959a9f8e12812596375d941be1089a9ed96c5308,Qm97d083ae1e01497ad06bee3550992d4a1392eaacbcf2,Pinata Dedicated IPFS Gateway,0.0.4891024,2552,2026-09-13 12:08:45 UTC,0x23b15d0e5cd5b6d054d635719144b84706511840ed68edd0f9c8e4c87382eb40,0.0001,Pharmacy Dispensation Verification & Medication Fulfillment,Identity Verified (Wallet Protocol),Blockchain Audit Enabled
RX-0553,Sanjay Gupta,849303,0x4e98ffd3455bedc3a09475dd96f6ce5270acee4e,Dispensed (Fulfilled),Dispensed & Fulfilled,YES,NO,YES,1483.08,Dr. Ananya Roy,0x9965507D1a55bcC2695C58ba16FB37d819B0A4dc,NMC-51203,Max Super Speciality Cancer Institute,MedPlus Health Hub,0x70997970C51812dc3A010C7d01b50e0d17dc79C8,DL-MP-2023-4122,"Priya Sundaram, Pharm.D.",G40.909,"Epilepsy, unspecified",Neurology,"Levetiracetam (500 mg, Twice Daily morning & evening, Qty: 60) | Clobazam (10 mg, Once Daily at Bedtime, Qty: 30)",2,AES-256-GCM,vault-transit-key-0x4e98ffd3,fd2de2eb5ed90ab916a7ee9f,db679b8f9581fd324ee18825cb929b66,0xbd08a59a8b32801ca8ae3d6acb54786dfa8f4963a7a35faf9df7976c62ab5cf2,Qm592963dbf6378815ec812d4e9de1d3c6809e51a904ea,Pinata Dedicated IPFS Gateway,0.0.4891024,2553,2026-09-13 12:08:47 UTC,0x84df7547a57819e7c2222983368ed8bbeb5255b53174038ba5c53075142f8477,0.0001,Pharmacy Dispensation Verification & Medication Fulfillment,Identity Verified (Wallet Protocol),Blockchain Audit Enabled
RX-0554,Arjun Banerjee,849304,0x95748b53b590ed2a4c2a59fef54fb7e16d683a3c,⏳ Waiting for Approval,Access Pending Approval,NO,YES,NO,3333.87,Dr. Ananya Roy,0x9965507D1a55bcC2695C58ba16FB37d819B0A4dc,NMC-51203,Max Super Speciality Cancer Institute,Max Wellness Pharmacy,0x28B7eA94B34C8F52D19E50Eb14769Da20F5D54b4,DL-MW-2024-7731,"Sneha Mukherjee, R.Ph.",C61,Malignant neoplasm of prostate,Oncology,"Bicalutamide (50 mg, Once Daily morning, Qty: 30) | Tamsulosin HCl (0.4 mg, Once Daily 30 min after same meal, Qty: 30)",2,AES-256-GCM,vault-transit-key-0x95748b53,9db159309e2081e9b111b470,9fcc606f566d805ace01096183fb4068,0x1747982faee0d87d0f82f5327ee70bac8ddbcc1263a30bffbb697701c6c3847b,Qm59882e8c4d3501a7649b0b67f5537fa1810cda01f765,Pinata Dedicated IPFS Gateway,0.0.4891024,2554,2026-09-13 12:08:50 UTC,0x7fbc34b13b622c1acda056e263345684e95a993dee302928fb36917c546e7b97,0.0001,Pharmacy Dispensation Verification & Medication Fulfillment,Identity Verified (Wallet Protocol),Blockchain Audit Enabled
RX-0555,Neha Menon,849305,0x614ab339702c730544d5c2e718f439eef0e3aa1c,⏳ Waiting for Approval,Access Pending Approval,NO,YES,NO,509.4,Dr. Sunita Narang,0xBcd4042DE499D14e55001CcbB24a551F3b954096,NMC-90812,Apex Diagnostic Reference Labs,Apex Central Clinical Dispensary,0x155Af6ECaFb48861dA7d16Fb8Af2f6ce9d6DD779,DL-AX-2026-3021,"Rajesh Nambiar, Pharm.D.",I10,Essential (primary) hypertension,Cardiology,"Amlodipine Besylate (5 mg, Once Daily (Morning), Qty: 30) | Telmisartan (40 mg, Once Daily (Morning), Qty: 30)",2,AES-256-GCM,vault-transit-key-0x614ab339,5da485946dd1c68b02a8b387,646a3e350cde40f6d77360d192652f1c,0xf7ad676de27c7bfe29aa73ec39bbc39af6f54e68898a68c0433822e6df06fa1a,Qm6282f948bef28877a74b3901528a901c64e82459fa0e,Pinata Dedicated IPFS Gateway,0.0.4891024,2555,2026-09-13 12:08:52 UTC,0xd5bde1f75a52ba068c8512a381fec75e026ebedc0b98bdb646ec065cfc56438d,0.0001,Pharmacy Dispensation Verification & Medication Fulfillment,Identity Verified (Wallet Protocol),Blockchain Audit Enabled
RX-0556,Deepak Choudhury,849306,0xbc1d564788dae9c1c40d82a1e3eb124274559fd2,Dispensed (Fulfilled),Dispensed & Fulfilled,YES,NO,YES,3328.93,Dr. Vikram Seth,0x15d34AAf54267DB7D7c367839AAf71A00a2C6A65,NMC-99014,Max Super Speciality Cancer Institute,Fortis Care Dispensary,0x84f93618C1D541bB1Dcf1373A8eE500A7D439634,DL-FC-2025-1094,"Amit Singhania, R.Ph.",C61,Malignant neoplasm of prostate,Oncology,"Bicalutamide (50 mg, Once Daily morning, Qty: 30) | Tamsulosin HCl (0.4 mg, Once Daily 30 min after same meal, Qty: 30)",2,AES-256-GCM,vault-transit-key-0xbc1d5647,5d04983877aa92daf6ec28b8,1a3574a3df1759ce80a9d9e91b6176c1,0xd91928dabc3755a3ec8c85015d245df8fb32d3a735b33a801f77ce893608b149,Qm40f3c77292e9561841efb061954235ddb0d187ff774a,Pinata Dedicated IPFS Gateway,0.0.4891024,2556,2026-09-13 12:08:54 UTC,0x59c87e999d974f12496407e06beaebbd8a29446e51d257ec68decc37d139b6db,0.0001,Pharmacy Dispensation Verification & Medication Fulfillment,Identity Verified (Wallet Protocol),Blockchain Audit Enabled
RX-0557,Nikhil Choudhury,849307,0x9154e9d5bddd5529ba1380a37d03267e4ee0e78e,🔓 Decrypt RX,Pending - Ready to Decrypt,YES (Patient Consent Active),NO,NO,981.9,Dr. Preeti Deshmukh,0x23618e81E3f5cdF7f54C3d65f7FBc0aBf5B21E8f,NMC-82194,Care & Cure Pediatric & Maternity Hospital,MedPlus Health Hub,0x70997970C51812dc3A010C7d01b50e0d17dc79C8,DL-MP-2023-4122,"Priya Sundaram, Pharm.D.",I20.9,"Angina pectoris, unspecified",Cardiology,"Nitroglycerin Sublingual (0.4 mg, PRN for chest pain, Qty: 25) | Aspirin Gastro-resistant (75 mg, Once Daily post meal, Qty: 30) | Atorvastatin Calcium (40 mg, Once Daily at Bedtime, Qty: 30)",3,AES-256-GCM,vault-transit-key-0x9154e9d5,d54d021a6e248cf2c7a1c347,f2f8a84e286e9c00c87889e720638cb9,0x065fffdd49866051f2b69faebd6ef080762161d37f944c5c42f0f6b9d4996386,Qm471b7f3a6099e108089dc0f794a3ac8837e5001805cb,Pinata Dedicated IPFS Gateway,0.0.4891024,2557,2026-09-13 12:08:57 UTC,0xa76ae07cb8fef19bac4440b4d2c4f488d825016f4b5b05c6cc3a872311c07614,0.0001,Pharmacy Dispensation Verification & Medication Fulfillment,Identity Verified (Wallet Protocol),Blockchain Audit Enabled
RX-0558,Kavya Malhotra,849308,0xc3b7b5c8c8a5ce4169b2128124c10254cc54ff9f,🔓 Decrypt RX,Pending - Ready to Decrypt,YES (Patient Consent Active),NO,NO,998.68,Dr. Ananya Roy,0x9965507D1a55bcC2695C58ba16FB37d819B0A4dc,NMC-51203,Max Super Speciality Cancer Institute,Apollo Pharmacy Global,0x04Fee3FD1B338d12FFD6dBD8d66dE1e8e0BB99cB,DL-AP-2024-8901,"K. V. Raman, R.Ph.",I20.9,"Angina pectoris, unspecified",Cardiology,"Nitroglycerin Sublingual (0.4 mg, PRN for chest pain, Qty: 25) | Aspirin Gastro-resistant (75 mg, Once Daily post meal, Qty: 30) | Atorvastatin Calcium (40 mg, Once Daily at Bedtime, Qty: 30)",3,AES-256-GCM,vault-transit-key-0xc3b7b5c8,1691410c6a1e73d760fe1b91,8cf00cfc01ad2f38e1666da5e11ccc38,0xd58828aee44a310ce93597551523f0ae5087f7953396bfc149f6c9214384017a,Qm287fcb29d7a6d658a12f86a08f75a3ba191cf816ba41,Pinata Dedicated IPFS Gateway,0.0.4891024,2558,2026-09-13 12:08:59 UTC,0xa77899048b10acfba1ea5c41c4bdcb9172a87f6350856b46d0baed4bc517cdbf,0.0001,Pharmacy Dispensation Verification & Medication Fulfillment,Identity Verified (Wallet Protocol),Blockchain Audit Enabled
RX-0559,Harish Verma,849309,0xf9b0dc01093c80109960126782cd4cc1919bf757,🔓 Decrypt RX,Pending - Ready to Decrypt,YES (Patient Consent Active),NO,NO,934.31,Dr. Preeti Deshmukh,0x23618e81E3f5cdF7f54C3d65f7FBc0aBf5B21E8f,NMC-82194,Care & Cure Pediatric & Maternity Hospital,Max Wellness Pharmacy,0x28B7eA94B34C8F52D19E50Eb14769Da20F5D54b4,DL-MW-2024-7731,"Sneha Mukherjee, R.Ph.",A90,Dengue fever [classical dengue],Infectious Disease,"Paracetamol Infusion / Tab (650 mg, Every 6 hours SOS fever > 100°F, Qty: 20) | Carica Papaya Leaf Extract (1100 mg, Thrice Daily post food, Qty: 21) | Oral Rehydration Salts (WHO formula) (21.8 g sachet, 1 sachet in 1L water daily, Qty: 7)",3,AES-256-GCM,vault-transit-key-0xf9b0dc01,d07f80d4b1f8840551190d91,094493c37f12aebfe14050a60bcdd572,0x64bc6af2815d236008af3f70842c3533253d2fc4de0f934276bfb429cbb1c582,Qm84d84f454d2230c077e8122eb0cb3a500a3afbdbdb44,Pinata Dedicated IPFS Gateway,0.0.4891024,2559,2026-09-13 12:09:02 UTC,0x27ff1d91e2c6fa940e010779259cded18a996a8e6c50a16c7ff8d5177517e7b3,0.0001,Pharmacy Dispensation Verification & Medication Fulfillment,Identity Verified (Wallet Protocol),Blockchain Audit Enabled
RX-0560,Varun Pillai,849310,0x338bc8d8a9f098644df530c769bd240596c35e27,Request Access,Unauthorized / Unlinked,NO,NO,NO,961.28,Dr. Rohan Patel,0x976EA74026E726554dB657fA54763abd0C3a0aa9,NMC-11029,Fortis Memorial Neuro & Trauma Center,MedPlus Health Hub,0x70997970C51812dc3A010C7d01b50e0d17dc79C8,DL-MP-2023-4122,"Priya Sundaram, Pharm.D.",K21.9,Gastro-esophageal reflux disease,Gastroenterology,"Pantoprazole Gastro-resistant (40 mg, Once Daily 30 min pre-breakfast, Qty: 30) | Domperidone Sustained Release (30 mg, Once Daily morning, Qty: 30) | Sucralfate Oral Suspension (1000 mg/10mL, 10 mL thrice daily before meals, Qty: 2)",3,AES-256-GCM,vault-transit-key-0x338bc8d8,ebc65be3a9d854ea9f254209,8b6b9081c14f264e51f0b50ec4c67047,0x0b62c5e46fc48f90da8e0fcd2c8709cfa4bf22c97812fc925af4aca15a9e2402,Qm27ff9ac95f60ae08b30c84da1bf3c36610b61707609b,Pinata Dedicated IPFS Gateway,0.0.4891024,2560,2026-09-13 12:09:04 UTC,0xd02556ac6c8ac3946f115808213d2eec9092efa46e3da9da9db66535051e7815,0.0001,Pharmacy Dispensation Verification & Medication Fulfillment,Identity Verified (Wallet Protocol),Blockchain Audit Enabled
RX-0561,Yashwanth Verma,849311,0xd8b0df60661acf5b6f5cfae5098b70d9aa7a5a34,🔓 Decrypt RX,Pending - Ready to Decrypt,YES (Patient Consent Active),NO,NO,1685.68,Dr. Ananya Roy,0x9965507D1a55bcC2695C58ba16FB37d819B0A4dc,NMC-51203,Max Super Speciality Cancer Institute,Max Wellness Pharmacy,0x28B7eA94B34C8F52D19E50Eb14769Da20F5D54b4,DL-MW-2024-7731,"Sneha Mukherjee, R.Ph.",C50.919,Malignant neoplasm of female breast,Oncology,"Tamoxifen Citrate (20 mg, Once Daily at fixed hour, Qty: 30) | Ondansetron HCl (8 mg, Twice Daily 30 min before food, Qty: 30) | Calcium Carbonate + Vit D3 (500mg/250IU, Once Daily post meal, Qty: 30)",3,AES-256-GCM,vault-transit-key-0xd8b0df60,38cfe2e9d2f06a39f10865c5,10a01a599d04db1c1090a7f01386e601,0x8059b8ecfba20749d1523fdc1ce9d10394ad4c03536bc3af279a87bc1af0bef0,Qm38a76396e933a595fbbc2abb1791a909befb27cbed8a,Pinata Dedicated IPFS Gateway,0.0.4891024,2561,2026-09-13 12:09:06 UTC,0xea65b1b2e0a21bfdf40a5e6a824e5324261a1e74b566b871c37c47b7695069fa,0.0001,Pharmacy Dispensation Verification & Medication Fulfillment,Identity Verified (Wallet Protocol),Blockchain Audit Enabled
RX-0562,Sameer Mukherjee,849312,0x02f56c2f5fdfde539c74fe4ffaa7218014ef4ca8,⏳ Waiting for Approval,Access Pending Approval,NO,YES,NO,911.14,Dr. Preeti Deshmukh,0x23618e81E3f5cdF7f54C3d65f7FBc0aBf5B21E8f,NMC-82194,Care & Cure Pediatric & Maternity Hospital,Max Wellness Pharmacy,0x28B7eA94B34C8F52D19E50Eb14769Da20F5D54b4,DL-MW-2024-7731,"Sneha Mukherjee, R.Ph.",A90,Dengue fever [classical dengue],Infectious Disease,"Paracetamol Infusion / Tab (650 mg, Every 6 hours SOS fever > 100°F, Qty: 20) | Carica Papaya Leaf Extract (1100 mg, Thrice Daily post food, Qty: 21) | Oral Rehydration Salts (WHO formula) (21.8 g sachet, 1 sachet in 1L water daily, Qty: 7)",3,AES-256-GCM,vault-transit-key-0x02f56c2f,72d4eb71ec38d5379f2f7b88,8115979e2d151296bf90d396d3cf8914,0xda4c7e5eed85370a65c82bcc0c7d2302d2c652fbc4599e2a8b258e848a3bc4c1,Qm206a1396af763cfc75b1128fa869a2a973b61e905d8a,Pinata Dedicated IPFS Gateway,0.0.4891024,2562,2026-09-13 12:09:09 UTC,0x283e7e383ac2f7f5bbd7dd7a94ab9751c87b6c4f587deaaf07e8b70ff1239e55,0.0001,Pharmacy Dispensation Verification & Medication Fulfillment,Identity Verified (Wallet Protocol),Blockchain Audit Enabled
RX-0563,Tanvi Swaminathan,849313,0x90a1e3210dc44717aa0d92d4e3c5ecebc6aa2e72,⏳ Waiting for Approval,Access Pending Approval,NO,YES,NO,996.67,Dr. Rohan Patel,0x976EA74026E726554dB657fA54763abd0C3a0aa9,NMC-11029,Fortis Memorial Neuro & Trauma Center,Apex Central Clinical Dispensary,0x155Af6ECaFb48861dA7d16Fb8Af2f6ce9d6DD779,DL-AX-2026-3021,"Rajesh Nambiar, Pharm.D.",G43.909,"Migraine, unspecified, not intractable",Neurology,"Sumatriptan Succinate (50 mg, 1 tablet at onset of migraine SOS, Qty: 10) | Naproxen Sodium (500 mg, Twice daily as needed with food, Qty: 20) | Propranolol HCl (40 mg, Twice daily for prophylaxis, Qty: 60)",3,AES-256-GCM,vault-transit-key-0x90a1e321,9716eb8fb768514191397e90,a11db01e079aa1bffd547b2f7332167b,0x23b42114141eac5364f8323c2c3cfb7ea9279c5519e1c011a213320193421b8b,Qm364aabc741a8fa7e61837ad807fc3db542ec47a86270,Pinata Dedicated IPFS Gateway,0.0.4891024,2563,2026-09-13 12:09:11 UTC,0xd8c9d75946c09241681c6d996f5f84ee8e5909cdcaef711a3b516a87e19ff0f6,0.0001,Pharmacy Dispensation Verification & Medication Fulfillment,Identity Verified (Wallet Protocol),Blockchain Audit Enabled
RX-0564,Arjun Choudhury,849314,0x57686bcbce97c7c51b32f6dc2dc890e36b2f5c9b,Request Access,Unauthorized / Unlinked,NO,NO,NO,979.48,Dr. Rohan Patel,0x976EA74026E726554dB657fA54763abd0C3a0aa9,NMC-11029,Fortis Memorial Neuro & Trauma Center,Max Wellness Pharmacy,0x28B7eA94B34C8F52D19E50Eb14769Da20F5D54b4,DL-MW-2024-7731,"Sneha Mukherjee, R.Ph.",I20.9,"Angina pectoris, unspecified",Cardiology,"Nitroglycerin Sublingual (0.4 mg, PRN for chest pain, Qty: 25) | Aspirin Gastro-resistant (75 mg, Once Daily post meal, Qty: 30) | Atorvastatin Calcium (40 mg, Once Daily at Bedtime, Qty: 30)",3,AES-256-GCM,vault-transit-key-0x57686bcb,7d8181171fdfe5d43d088cab,884197580e2690a7a760afd91230be29,0x667dcd4c70101a1637e415c39aab854281104807c87b4605c33976199dd07267,Qm5df3c24a7c882c3542f99a9d9156009f268315ce328a,Pinata Dedicated IPFS Gateway,0.0.4891024,2564,2026-09-13 12:09:14 UTC,0x9e14e33ca182ccdde7f482e99cd11963bce4332ca8d980cdc9f9b298a5037fc9,0.0001,Pharmacy Dispensation Verification & Medication Fulfillment,Identity Verified (Wallet Protocol),Blockchain Audit Enabled
RX-0565,Nikhil Iyer,849315,0xa4107ecb8d0fb76659e52b4b5df5e9665650dbd0,⏳ Waiting for Approval,Access Pending Approval,NO,YES,NO,1688.95,Dr. Preeti Deshmukh,0x23618e81E3f5cdF7f54C3d65f7FBc0aBf5B21E8f,NMC-82194,Care & Cure Pediatric & Maternity Hospital,Max Wellness Pharmacy,0x28B7eA94B34C8F52D19E50Eb14769Da20F5D54b4,DL-MW-2024-7731,"Sneha Mukherjee, R.Ph.",C50.919,Malignant neoplasm of female breast,Oncology,"Tamoxifen Citrate (20 mg, Once Daily at fixed hour, Qty: 30) | Ondansetron HCl (8 mg, Twice Daily 30 min before food, Qty: 30) | Calcium Carbonate + Vit D3 (500mg/250IU, Once Daily post meal, Qty: 30)",3,AES-256-GCM,vault-transit-key-0xa4107ecb,83bde2a702ecceca0aa6ff59,fa60141c2f4614292e708ec3a0e09f6b,0x8cc8af658848b21b17e82289f0481249bc066f3834a888d0512aba747838b0f6,Qme2747d4c741de4dd6afb876bc6fa12a5ef34687e41ec,Pinata Dedicated IPFS Gateway,0.0.4891024,2565,2026-09-13 12:09:16 UTC,0xc1106b8e3cf4c5f88f9654a613a72a5493aaeb8ebf129c58ea8e24597f17d2b0,0.0001,Pharmacy Dispensation Verification & Medication Fulfillment,Identity Verified (Wallet Protocol),Blockchain Audit Enabled
RX-0566,Divya Swaminathan,849316,0xd122acf92d5f97f5f3fe653d23add4245ac7d898,Dispensed (Fulfilled),Dispensed & Fulfilled,YES,NO,YES,3322.92,Dr. Ananya Roy,0x9965507D1a55bcC2695C58ba16FB37d819B0A4dc,NMC-51203,Max Super Speciality Cancer Institute,MedPlus Health Hub,0x70997970C51812dc3A010C7d01b50e0d17dc79C8,DL-MP-2023-4122,"Priya Sundaram, Pharm.D.",C61,Malignant neoplasm of prostate,Oncology,"Bicalutamide (50 mg, Once Daily morning, Qty: 30) | Tamsulosin HCl (0.4 mg, Once Daily 30 min after same meal, Qty: 30)",2,AES-256-GCM,vault-transit-key-0xd122acf9,8f7e0f7a4cdae219e9795029,110d69958d35fda775cca534474179dc,0xba5e178d7a3b42169931cfa59d526dc91cd948276d76ccd45f47275bc97cc4e0,Qmd20f81cbb8812bdd248900822f84fcab804b871921c3,Pinata Dedicated IPFS Gateway,0.0.4891024,2566,2026-09-13 12:09:18 UTC,0x74a91b8da2e361ad0142c5f276cdd9c0e29eb75d6c6ee7ea7268105364458e6b,0.0001,Pharmacy Dispensation Verification & Medication Fulfillment,Identity Verified (Wallet Protocol),Blockchain Audit Enabled
RX-0567,Lata Rao,849317,0xb012301755aa58f69333d6f42aa8ab787277bcf6,🔓 Decrypt RX,Pending - Ready to Decrypt,YES (Patient Consent Active),NO,NO,998.36,Dr. Vikram Seth,0x15d34AAf54267DB7D7c367839AAf71A00a2C6A65,NMC-99014,Max Super Speciality Cancer Institute,MedPlus Health Hub,0x70997970C51812dc3A010C7d01b50e0d17dc79C8,DL-MP-2023-4122,"Priya Sundaram, Pharm.D.",G43.909,"Migraine, unspecified, not intractable",Neurology,"Sumatriptan Succinate (50 mg, 1 tablet at onset of migraine SOS, Qty: 10) | Naproxen Sodium (500 mg, Twice daily as needed with food, Qty: 20) | Propranolol HCl (40 mg, Twice daily for prophylaxis, Qty: 60)",3,AES-256-GCM,vault-transit-key-0xb0123017,dc38ff4b3da19d71fb72116c,9e11abc60db9606c97ab58e5f43c1188,0x224fa5e8e092d098123d0d623c22843dfe94aebf5f5393d1f5688e1fe9506618,Qma4cacbc595e4a7b9d4e03354682a0c300fbf92924adb,Pinata Dedicated IPFS Gateway,0.0.4891024,2567,2026-09-13 12:09:21 UTC,0xdf7502d908688688faf344def8b46c350c1f250a56db8b3c3b8076878c6b82ca,0.0001,Pharmacy Dispensation Verification & Medication Fulfillment,Identity Verified (Wallet Protocol),Blockchain Audit Enabled
RX-0568,Madhav Hegde,849318,0x7dfb9c76d0b1c2e2cdaf8b45bf1e7716d8cc112b,⏳ Waiting for Approval,Access Pending Approval,NO,YES,NO,998.2,Dr. Preeti Deshmukh,0x23618e81E3f5cdF7f54C3d65f7FBc0aBf5B21E8f,NMC-82194,Care & Cure Pediatric & Maternity Hospital,Apollo Pharmacy Global,0x04Fee3FD1B338d12FFD6dBD8d66dE1e8e0BB99cB,DL-AP-2024-8901,"K. V. Raman, R.Ph.",I20.9,"Angina pectoris, unspecified",Cardiology,"Nitroglycerin Sublingual (0.4 mg, PRN for chest pain, Qty: 25) | Aspirin Gastro-resistant (75 mg, Once Daily post meal, Qty: 30) | Atorvastatin Calcium (40 mg, Once Daily at Bedtime, Qty: 30)",3,AES-256-GCM,vault-transit-key-0x7dfb9c76,04c03a5cc685a0ae07c9d575,ae6cc1f63e53f36bafd88c01dcebe47b,0x7cc78d5a9476a70f52f574dbace6007a30bc527399d05d86723e6f908895f7ad,Qm958bf9ceef1097bf2524e0c84c79b7a20d2a90f857df,Pinata Dedicated IPFS Gateway,0.0.4891024,2568,2026-09-13 12:09:23 UTC,0x98f1393422ac3571dd620d076b9594161548976a61e0af7bf1435d983099b99e,0.0001,Pharmacy Dispensation Verification & Medication Fulfillment,Identity Verified (Wallet Protocol),Blockchain Audit Enabled
RX-0569,Manish Bhatia,849319,0x2f837bedf129bb5a8d16e3fbcfdbc70077a6f3b7,Request Access,Unauthorized / Unlinked,NO,NO,NO,990.65,Dr. Preeti Deshmukh,0x23618e81E3f5cdF7f54C3d65f7FBc0aBf5B21E8f,NMC-82194,Care & Cure Pediatric & Maternity Hospital,Fortis Care Dispensary,0x84f93618C1D541bB1Dcf1373A8eE500A7D439634,DL-FC-2025-1094,"Amit Singhania, R.Ph.",I20.9,"Angina pectoris, unspecified",Cardiology,"Nitroglycerin Sublingual (0.4 mg, PRN for chest pain, Qty: 25) | Aspirin Gastro-resistant (75 mg, Once Daily post meal, Qty: 30) | Atorvastatin Calcium (40 mg, Once Daily at Bedtime, Qty: 30)",3,AES-256-GCM,vault-transit-key-0x2f837bed,ea2042b03c6e90abd08282ef,994afca72b37c4f81f492e53086df79a,0x5edd20de4e380c98fcb5de0abd500ba9c3546688729af70d381c6f50703fd0c4,Qmf4d75bf917ec8ec0e02270af41881fe6917453c96a9a,Pinata Dedicated IPFS Gateway,0.0.4891024,2569,2026-09-13 12:09:25 UTC,0x64d67cca1d4e19b3784b068ed0943aa3de2d4f8ac0b34adc6d9216acf822a34c,0.0001,Pharmacy Dispensation Verification & Medication Fulfillment,Identity Verified (Wallet Protocol),Blockchain Audit Enabled
RX-0570,Arjun Shetty,849320,0x0fa60eaec7822444b606df6486978c497517557e,Dispensed (Fulfilled),Dispensed & Fulfilled,YES,NO,YES,422.74,Dr. Vikram Seth,0x15d34AAf54267DB7D7c367839AAf71A00a2C6A65,NMC-99014,Max Super Speciality Cancer Institute,Apollo Pharmacy Global,0x04Fee3FD1B338d12FFD6dBD8d66dE1e8e0BB99cB,DL-AP-2024-8901,"K. V. Raman, R.Ph.",J06.9,Acute upper respiratory infection,Pediatrics / General,"Amoxicillin + Potassium Clavulanate (625 mg, Twice Daily post food, Qty: 14) | Paracetamol (650 mg, Thrice daily post meals SOS, Qty: 15) | Levocetirizine Dihydrochloride (5 mg, Once Daily at Bedtime, Qty: 7)",3,AES-256-GCM,vault-transit-key-0x0fa60eae,8918cee75be9ebbc610c6a00,984786f2c0af2dacc3ffad77043a0dbc,0xb37f42683074bb66f872f5e8fa85bdccec3671667b8b63a17675b09ef67677aa,Qm5755cab495da05f753f816ddfbbec4186600d590934a,Pinata Dedicated IPFS Gateway,0.0.4891024,2570,2026-09-13 12:09:28 UTC,0x89cff4a81a71178a7aaf1b0065d742e44bbed27e950a494556079a694b6d881b,0.0001,Pharmacy Dispensation Verification & Medication Fulfillment,Identity Verified (Wallet Protocol),Blockchain Audit Enabled
RX-0571,Amit Ghosh,849321,0x8e906d16cd91e005008e1b053e78dfb600e92bc8,🔓 Decrypt RX,Pending - Ready to Decrypt,YES (Patient Consent Active),NO,NO,1622.1,Dr. Sunita Narang,0xBcd4042DE499D14e55001CcbB24a551F3b954096,NMC-90812,Apex Diagnostic Reference Labs,MedPlus Health Hub,0x70997970C51812dc3A010C7d01b50e0d17dc79C8,DL-MP-2023-4122,"Priya Sundaram, Pharm.D.",E11.65,Type 2 diabetes mellitus with hyperglycemia,Endocrinology,"Insulin Glargine Solostar (100 IU/mL, 14 Units Once Daily at Bedtime, Qty: 2) | Metformin XR (1000 mg, Once Daily post dinner, Qty: 30)",2,AES-256-GCM,vault-transit-key-0x8e906d16,8d5efb24672322dcf8ef7703,143c57ef96dc73ffffc6de9110bf9c24,0xca82507b50d20200d82e9f1b0d7aa5d9778a307bcc1f4faa4e9d502fb9dd3da3,Qm9f61c29552ef11cc92ad0cd406f043c540c436333754,Pinata Dedicated IPFS Gateway,0.0.4891024,2571,2026-09-13 12:09:30 UTC,0x0a2b94187c3d14b6bc407c2d8a5a06ab58dcaab59e4e660aaccbf7595b3d3266,0.0001,Pharmacy Dispensation Verification & Medication Fulfillment,Identity Verified (Wallet Protocol),Blockchain Audit Enabled
RX-0572,Rakesh Gowda,849322,0x26bc817dbb0d553c5d6432de784209bf7a5548aa,⏳ Waiting for Approval,Access Pending Approval,NO,YES,NO,1626.95,Dr. Ananya Roy,0x9965507D1a55bcC2695C58ba16FB37d819B0A4dc,NMC-51203,Max Super Speciality Cancer Institute,Max Wellness Pharmacy,0x28B7eA94B34C8F52D19E50Eb14769Da20F5D54b4,DL-MW-2024-7731,"Sneha Mukherjee, R.Ph.",E11.65,Type 2 diabetes mellitus with hyperglycemia,Endocrinology,"Insulin Glargine Solostar (100 IU/mL, 14 Units Once Daily at Bedtime, Qty: 2) | Metformin XR (1000 mg, Once Daily post dinner, Qty: 30)",2,AES-256-GCM,vault-transit-key-0x26bc817d,ec3699f1b8ef207be29aa87f,538c55d76e646067f0648ef284279259,0x3d1c15f276bd9c05d9bb7f561cc54ff69333c728c75e65a5b6513e42f988ce42,Qma9b333531930b0e0aeeb8ba0367e835db57f31a2f198,Pinata Dedicated IPFS Gateway,0.0.4891024,2572,2026-09-13 12:09:33 UTC,0xb8b45860c524796f75d0dd4cde46cf7bc80ec8c60d03fc83a92103c30dca8c8d,0.0001,Pharmacy Dispensation Verification & Medication Fulfillment,Identity Verified (Wallet Protocol),Blockchain Audit Enabled
RX-0573,Harish Choudhury,849323,0xaa45cfe0dfd14e4ec517657ec9670d28859cbebf,🔓 Decrypt RX,Pending - Ready to Decrypt,YES (Patient Consent Active),NO,NO,938.65,Dr. Ananya Roy,0x9965507D1a55bcC2695C58ba16FB37d819B0A4dc,NMC-51203,Max Super Speciality Cancer Institute,Fortis Care Dispensary,0x84f93618C1D541bB1Dcf1373A8eE500A7D439634,DL-FC-2025-1094,"Amit Singhania, R.Ph.",K21.9,Gastro-esophageal reflux disease,Gastroenterology,"Pantoprazole Gastro-resistant (40 mg, Once Daily 30 min pre-breakfast, Qty: 30) | Domperidone Sustained Release (30 mg, Once Daily morning, Qty: 30) | Sucralfate Oral Suspension (1000 mg/10mL, 10 mL thrice daily before meals, Qty: 2)",3,AES-256-GCM,vault-transit-key-0xaa45cfe0,c9f47fb764d82ba9ae01c97e,82a34f40a058676151eddb166ec7aca4,0xb1678e5788ad2a3918a6b16d9a1869eb46ac4cdc23ef18787275e3bdbf868bb6,Qmada74756d839dba717aa3802beaf51a6a3b4d8a7ac60,Pinata Dedicated IPFS Gateway,0.0.4891024,2573,2026-09-13 12:09:35 UTC,0xaec34ca2a60098c6be19f4c840cb6b1eef3e064dc858dbd76f829e8979b7120d,0.0001,Pharmacy Dispensation Verification & Medication Fulfillment,Identity Verified (Wallet Protocol),Blockchain Audit Enabled
RX-0574,Sameer Joshi,849324,0x7acf8986bd9cbb2c410ef109140674c39ba93fc4,⏳ Waiting for Approval,Access Pending Approval,NO,YES,NO,1008.59,Dr. Rohan Patel,0x976EA74026E726554dB657fA54763abd0C3a0aa9,NMC-11029,Fortis Memorial Neuro & Trauma Center,Apex Central Clinical Dispensary,0x155Af6ECaFb48861dA7d16Fb8Af2f6ce9d6DD779,DL-AX-2026-3021,"Rajesh Nambiar, Pharm.D.",I20.9,"Angina pectoris, unspecified",Cardiology,"Nitroglycerin Sublingual (0.4 mg, PRN for chest pain, Qty: 25) | Aspirin Gastro-resistant (75 mg, Once Daily post meal, Qty: 30) | Atorvastatin Calcium (40 mg, Once Daily at Bedtime, Qty: 30)",3,AES-256-GCM,vault-transit-key-0x7acf8986,f32182e15731f26503446818,64f0bf9c1a6491f2adec377415f3d89e,0x077fb2a4208880f32964df9098c28cfda7b1976edf7d8c259616d5d3ec33314d,Qm0e1e4f51007790a9c7608b349605f47572a79733e7f6,Pinata Dedicated IPFS Gateway,0.0.4891024,2574,2026-09-13 12:09:38 UTC,0xd55c837fd7350fd669667eb9cee2a44d5bf8bbe5815f885c61d2a37bbef54c99,0.0001,Pharmacy Dispensation Verification & Medication Fulfillment,Identity Verified (Wallet Protocol),Blockchain Audit Enabled
RX-0575,Riya Mehta,849325,0x47486304d0ebac30cf46b48c42a303378ef8b1d0,⏳ Waiting for Approval,Access Pending Approval,NO,YES,NO,1200.21,Dr. Sunita Narang,0xBcd4042DE499D14e55001CcbB24a551F3b954096,NMC-90812,Apex Diagnostic Reference Labs,MedPlus Health Hub,0x70997970C51812dc3A010C7d01b50e0d17dc79C8,DL-MP-2023-4122,"Priya Sundaram, Pharm.D.",E11.9,Type 2 diabetes mellitus without complications,Endocrinology,"Metformin Hydrochloride (500 mg, Twice Daily with meals, Qty: 60) | Dapagliflozin Propanediol (10 mg, Once Daily morning, Qty: 30) | Glimepiride (2 mg, Once Daily pre-breakfast, Qty: 30)",3,AES-256-GCM,vault-transit-key-0x47486304,a011bd947fe2aa552ee9b7fd,9499e7fad2b82a97b297b79ad5ecd1c5,0xf7b6dca96a822bc73bdfe3667e7e3990661638fc58dd579d68e127826fa8492b,Qmd97f72dd2e41502b98376c0ffa9ecc7c56bef76694a6,Pinata Dedicated IPFS Gateway,0.0.4891024,2575,2026-09-13 12:09:40 UTC,0x281ad5cda9f52602e43c08b3eea51fb75e796357117559d853318a8a99bd915d,0.0001,Pharmacy Dispensation Verification & Medication Fulfillment,Identity Verified (Wallet Protocol),Blockchain Audit Enabled
RX-0576,Chetan Choudhury,849326,0xa8a461f52272519c7325b5a7122cda347736c659,Dispensed (Fulfilled),Dispensed & Fulfilled,YES,NO,YES,991.57,Dr. Sarah Jenkins,0x04Fee3FD1B338d12FFD6dBD8d66dE1e8e0BB99cB,NMC-48192,Apollo Multispecialty Hospital,MedPlus Health Hub,0x70997970C51812dc3A010C7d01b50e0d17dc79C8,DL-MP-2023-4122,"Priya Sundaram, Pharm.D.",G43.909,"Migraine, unspecified, not intractable",Neurology,"Sumatriptan Succinate (50 mg, 1 tablet at onset of migraine SOS, Qty: 10) | Naproxen Sodium (500 mg, Twice daily as needed with food, Qty: 20) | Propranolol HCl (40 mg, Twice daily for prophylaxis, Qty: 60)",3,AES-256-GCM,vault-transit-key-0xa8a461f5,49236668c327c2d890437525,33ab8ade66cb8b6bc72e38169cd55047,0x7e6e50ce659772d14295117ce569af2cd12deaa028d18627c53fd419ed36ab52,Qm61ae25a1c63c12acefe986800bdfa9e2cbe706d66c30,Pinata Dedicated IPFS Gateway,0.0.4891024,2576,2026-09-13 12:09:42 UTC,0x87e920a8566a6f77eb60a6750390db324206bca35d2443a7e233d74d27951d1b,0.0001,Pharmacy Dispensation Verification & Medication Fulfillment,Identity Verified (Wallet Protocol),Blockchain Audit Enabled
RX-0577,Pranav Gupta,849327,0x2afdee0230f067f871c793d85e62142bc2e2ac03,⏳ Waiting for Approval,Access Pending Approval,NO,YES,NO,1617.33,Dr. Preeti Deshmukh,0x23618e81E3f5cdF7f54C3d65f7FBc0aBf5B21E8f,NMC-82194,Care & Cure Pediatric & Maternity Hospital,Apex Central Clinical Dispensary,0x155Af6ECaFb48861dA7d16Fb8Af2f6ce9d6DD779,DL-AX-2026-3021,"Rajesh Nambiar, Pharm.D.",E11.65,Type 2 diabetes mellitus with hyperglycemia,Endocrinology,"Insulin Glargine Solostar (100 IU/mL, 14 Units Once Daily at Bedtime, Qty: 2) | Metformin XR (1000 mg, Once Daily post dinner, Qty: 30)",2,AES-256-GCM,vault-transit-key-0x2afdee02,bf84cc3ff712c4177e2e2547,165e4549d4354c6d46b6f721cb63f277,0xe21c6117228a79b9d55843d340d6971ace02b50bcefc0809d997490277bc325f,Qmbfe6c7fdf5c940d689e39de42c33f6059aa9cb2be33a,Pinata Dedicated IPFS Gateway,0.0.4891024,2577,2026-09-13 12:09:45 UTC,0xa9a1730f43d0c7518f8c338cba463bdaaab56a2aa41253ab572a2e3060a0ac53,0.0001,Pharmacy Dispensation Verification & Medication Fulfillment,Identity Verified (Wallet Protocol),Blockchain Audit Enabled
RX-0578,Amit Patel,849328,0xc4c848a1eb81f2bd933be6fd1a029af06e54e3b7,⏳ Waiting for Approval,Access Pending Approval,NO,YES,NO,1607.41,Dr. Sunita Narang,0xBcd4042DE499D14e55001CcbB24a551F3b954096,NMC-90812,Apex Diagnostic Reference Labs,Fortis Care Dispensary,0x84f93618C1D541bB1Dcf1373A8eE500A7D439634,DL-FC-2025-1094,"Amit Singhania, R.Ph.",E11.65,Type 2 diabetes mellitus with hyperglycemia,Endocrinology,"Insulin Glargine Solostar (100 IU/mL, 14 Units Once Daily at Bedtime, Qty: 2) | Metformin XR (1000 mg, Once Daily post dinner, Qty: 30)",2,AES-256-GCM,vault-transit-key-0xc4c848a1,65c7f1c93f50b2e9dec49420,c83bbfe488edfac57472898961802e2d,0xb250ca6bba360dffe4d6841fc160d91b747269d02dca4d72a22c2ee0edaf3bc5,Qmbadefba38c124cf798674b953b49db9a9c00dd64f568,Pinata Dedicated IPFS Gateway,0.0.4891024,2578,2026-09-13 12:09:47 UTC,0xc6cb1238eaeb0ed20f6c61bdd61d179c68bce8bab5efe870ce67847e56139043,0.0001,Pharmacy Dispensation Verification & Medication Fulfillment,Identity Verified (Wallet Protocol),Blockchain Audit Enabled
RX-0579,Nikhil Gupta,849329,0xa3c7c7f5f6d78237a4032184f708bc404bc1a43d,Request Access,Unauthorized / Unlinked,NO,NO,NO,972.22,Dr. Rajesh Sharma,0x3c44CdDdB6a900fa2b585dd299e03d12FA4293BC,NMC-78491,Apollo Multispecialty Hospital,Apollo Pharmacy Global,0x04Fee3FD1B338d12FFD6dBD8d66dE1e8e0BB99cB,DL-AP-2024-8901,"K. V. Raman, R.Ph.",G43.909,"Migraine, unspecified, not intractable",Neurology,"Sumatriptan Succinate (50 mg, 1 tablet at onset of migraine SOS, Qty: 10) | Naproxen Sodium (500 mg, Twice daily as needed with food, Qty: 20) | Propranolol HCl (40 mg, Twice daily for prophylaxis, Qty: 60)",3,AES-256-GCM,vault-transit-key-0xa3c7c7f5,a3d2b26380dc7ce0a289cd41,c0ada891baf99ecd9cc70ea38fa1b8b0,0x2721108194ec5e20b829075c9010bbb776643b60434b668a7e0035af804f9cb4,Qm44697f1cf46b5b7ed7360532befc02b948564a6553b3,Pinata Dedicated IPFS Gateway,0.0.4891024,2579,2026-09-13 12:09:49 UTC,0xe87921e083ca8b2807482eb17e49b3efd60a67dbc804ce1d988ad32f6a572323,0.0001,Pharmacy Dispensation Verification & Medication Fulfillment,Identity Verified (Wallet Protocol),Blockchain Audit Enabled
RX-0580,Varun Mishra,849330,0x635502272ddcbf7605485282b7aa2d71a1bd6aaa,🔓 Decrypt RX,Pending - Ready to Decrypt,YES (Patient Consent Active),NO,NO,3310.56,Dr. Rohan Patel,0x976EA74026E726554dB657fA54763abd0C3a0aa9,NMC-11029,Fortis Memorial Neuro & Trauma Center,Apex Central Clinical Dispensary,0x155Af6ECaFb48861dA7d16Fb8Af2f6ce9d6DD779,DL-AX-2026-3021,"Rajesh Nambiar, Pharm.D.",C61,Malignant neoplasm of prostate,Oncology,"Bicalutamide (50 mg, Once Daily morning, Qty: 30) | Tamsulosin HCl (0.4 mg, Once Daily 30 min after same meal, Qty: 30)",2,AES-256-GCM,vault-transit-key-0x63550227,39758e0fc0a917c779b1d2dd,05e847956f09da683b6ce56a608b0b88,0x0aafa4fea7669251a4a487fa72b1e4a19434a75b52bdde55bc3094d3901d745d,Qmac2f97473e1a4c0d998f9514a4fd9b11e36160cbdd8a,Pinata Dedicated IPFS Gateway,0.0.4891024,2580,2026-09-13 12:09:52 UTC,0x8ce3794f25f9e79c50d925399483915fdeb479c543578bd0dda27d9e1241dbb8,0.0001,Pharmacy Dispensation Verification & Medication Fulfillment,Identity Verified (Wallet Protocol),Blockchain Audit Enabled
RX-0581,Pooja Swaminathan,849331,0x27230d21009742893c691dca3059cfe90e8e0a9b,🔓 Decrypt RX,Pending - Ready to Decrypt,YES (Patient Consent Active),NO,NO,1185.48,Dr. Rajesh Sharma,0x3c44CdDdB6a900fa2b585dd299e03d12FA4293BC,NMC-78491,Apollo Multispecialty Hospital,Apollo Pharmacy Global,0x04Fee3FD1B338d12FFD6dBD8d66dE1e8e0BB99cB,DL-AP-2024-8901,"K. V. Raman, R.Ph.",E11.9,Type 2 diabetes mellitus without complications,Endocrinology,"Metformin Hydrochloride (500 mg, Twice Daily with meals, Qty: 60) | Dapagliflozin Propanediol (10 mg, Once Daily morning, Qty: 30) | Glimepiride (2 mg, Once Daily pre-breakfast, Qty: 30)",3,AES-256-GCM,vault-transit-key-0x27230d21,5c8d55287935156f8f8949fb,a44b1c6cd18a0b8ff9e7cb509ada0dc2,0x8cf512be21943de51340c3ac332d8e197393b373d9e0cf18dd834ba60ec61496,Qm0dcafd306aab7434defde97fb55d3823f56a9eae7cfe,Pinata Dedicated IPFS Gateway,0.0.4891024,2581,2026-09-13 12:09:54 UTC,0xb43da4f7c269ad1560be9e38f3a371882ac3af1bb2d5dff09834c73dab3e02e8,0.0001,Pharmacy Dispensation Verification & Medication Fulfillment,Identity Verified (Wallet Protocol),Blockchain Audit Enabled
RX-0582,Ananya Swaminathan,849332,0xe27a683e9e8f13e45bf65eafea5b9e7d202c2e82,🔓 Decrypt RX,Pending - Ready to Decrypt,YES (Patient Consent Active),NO,NO,947.65,Dr. Preeti Deshmukh,0x23618e81E3f5cdF7f54C3d65f7FBc0aBf5B21E8f,NMC-82194,Care & Cure Pediatric & Maternity Hospital,Apex Central Clinical Dispensary,0x155Af6ECaFb48861dA7d16Fb8Af2f6ce9d6DD779,DL-AX-2026-3021,"Rajesh Nambiar, Pharm.D.",K21.9,Gastro-esophageal reflux disease,Gastroenterology,"Pantoprazole Gastro-resistant (40 mg, Once Daily 30 min pre-breakfast, Qty: 30) | Domperidone Sustained Release (30 mg, Once Daily morning, Qty: 30) | Sucralfate Oral Suspension (1000 mg/10mL, 10 mL thrice daily before meals, Qty: 2)",3,AES-256-GCM,vault-transit-key-0xe27a683e,88c674af68ddbb27bafe2205,263e3a7a991b2b5d306534c21dd7ce61,0xe4ed757f1aa0a59bd11d02c94f326252726aadb46bbb3171631f4980c11397ea,Qm43cfef70163d3e802642e8b07b1b89e109da276a4106,Pinata Dedicated IPFS Gateway,0.0.4891024,2582,2026-09-13 12:09:57 UTC,0x8343b516969ed47a9cd8676d19782703f1da29754fdbbd1f5fe9b5b4ea9dcf9e,0.0001,Pharmacy Dispensation Verification & Medication Fulfillment,Identity Verified (Wallet Protocol),Blockchain Audit Enabled
RX-0583,Gautam Pandey,849333,0xf3b274af6e681d78fd36d2a21256e762be02e44b,⏳ Waiting for Approval,Access Pending Approval,NO,YES,NO,987.02,Dr. Ananya Roy,0x9965507D1a55bcC2695C58ba16FB37d819B0A4dc,NMC-51203,Max Super Speciality Cancer Institute,Apex Central Clinical Dispensary,0x155Af6ECaFb48861dA7d16Fb8Af2f6ce9d6DD779,DL-AX-2026-3021,"Rajesh Nambiar, Pharm.D.",I20.9,"Angina pectoris, unspecified",Cardiology,"Nitroglycerin Sublingual (0.4 mg, PRN for chest pain, Qty: 25) | Aspirin Gastro-resistant (75 mg, Once Daily post meal, Qty: 30) | Atorvastatin Calcium (40 mg, Once Daily at Bedtime, Qty: 30)",3,AES-256-GCM,vault-transit-key-0xf3b274af,8ef2e7a90604f4fc47cf4b2d,d5d38cc7bec594e83925a078a47c0df0,0xbc573c9901fcf73416d67cdbc750ac3dd7c53d1407408e06a5dad7c318f2b366,Qm28dc7730c7d47599b7c46b95a6a9fbfbb04a53cb67f8,Pinata Dedicated IPFS Gateway,0.0.4891024,2583,2026-09-13 12:10:00 UTC,0x2beb0540824aee6cd2d5eca4878763e09b21ff00f39ba0cfc1cc4524add58d21,0.0001,Pharmacy Dispensation Verification & Medication Fulfillment,Identity Verified (Wallet Protocol),Blockchain Audit Enabled
RX-0584,Riya Saxena,849334,0x92b9421e9cbcba693b1809bd29c8d0a157e12fe4,Dispensed (Fulfilled),Dispensed & Fulfilled,YES,NO,YES,432.66,Dr. Preeti Deshmukh,0x23618e81E3f5cdF7f54C3d65f7FBc0aBf5B21E8f,NMC-82194,Care & Cure Pediatric & Maternity Hospital,MedPlus Health Hub,0x70997970C51812dc3A010C7d01b50e0d17dc79C8,DL-MP-2023-4122,"Priya Sundaram, Pharm.D.",J06.9,Acute upper respiratory infection,Pediatrics / General,"Amoxicillin + Potassium Clavulanate (625 mg, Twice Daily post food, Qty: 14) | Paracetamol (650 mg, Thrice daily post meals SOS, Qty: 15) | Levocetirizine Dihydrochloride (5 mg, Once Daily at Bedtime, Qty: 7)",3,AES-256-GCM,vault-transit-key-0x92b9421e,5297f6e676d3dd15162cba9b,74e1f3c1ae7e06b98c59fa17101a142e,0xf1c80c8896dc4a29d10ddcc978cb994e8000e0e65ce6f3e86380c4f99cf27763,Qmec64baced04cc480365b0a3f4564dcd26506572842c7,Pinata Dedicated IPFS Gateway,0.0.4891024,2584,2026-09-13 12:10:02 UTC,0xf64d7ecea60cabae109b21f68766065116db86a34829ceee62b812147f475360,0.0001,Pharmacy Dispensation Verification & Medication Fulfillment,Identity Verified (Wallet Protocol),Blockchain Audit Enabled
RX-0585,Meera Deshmukh,849335,0x59da0af7d2efc3e8aab9b03bff5f3649bbd894ac,🔓 Decrypt RX,Pending - Ready to Decrypt,YES (Patient Consent Active),NO,NO,921.9,Dr. Sunita Narang,0xBcd4042DE499D14e55001CcbB24a551F3b954096,NMC-90812,Apex Diagnostic Reference Labs,Max Wellness Pharmacy,0x28B7eA94B34C8F52D19E50Eb14769Da20F5D54b4,DL-MW-2024-7731,"Sneha Mukherjee, R.Ph.",A90,Dengue fever [classical dengue],Infectious Disease,"Paracetamol Infusion / Tab (650 mg, Every 6 hours SOS fever > 100°F, Qty: 20) | Carica Papaya Leaf Extract (1100 mg, Thrice Daily post food, Qty: 21) | Oral Rehydration Salts (WHO formula) (21.8 g sachet, 1 sachet in 1L water daily, Qty: 7)",3,AES-256-GCM,vault-transit-key-0x59da0af7,71e7e78dfeff4e61735b3e0a,6e929fa450966679b5ca55c125c37eba,0xa8c408d03ade56f2e3c3f636e4d1ad6c266bc66cc2a1613e71f4620fc3df80f9,Qm2fefa1778a89274983f83c91f530cdb3dd928df28bc9,Pinata Dedicated IPFS Gateway,0.0.4891024,2585,2026-09-13 12:10:04 UTC,0x5d1c06dd4a26784435cc6c640248d549df2f795d76f2beafa6bff695cbf22027,0.0001,Pharmacy Dispensation Verification & Medication Fulfillment,Identity Verified (Wallet Protocol),Blockchain Audit Enabled
RX-0586,Priyanka Menon,849336,0x2129cd0f58150d2c73f0fd043672c59b4935b531,Dispensed (Fulfilled),Dispensed & Fulfilled,YES,NO,YES,1000.21,Dr. Sarah Jenkins,0x04Fee3FD1B338d12FFD6dBD8d66dE1e8e0BB99cB,NMC-48192,Apollo Multispecialty Hospital,Apollo Pharmacy Global,0x04Fee3FD1B338d12FFD6dBD8d66dE1e8e0BB99cB,DL-AP-2024-8901,"K. V. Raman, R.Ph.",G43.909,"Migraine, unspecified, not intractable",Neurology,"Sumatriptan Succinate (50 mg, 1 tablet at onset of migraine SOS, Qty: 10) | Naproxen Sodium (500 mg, Twice daily as needed with food, Qty: 20) | Propranolol HCl (40 mg, Twice daily for prophylaxis, Qty: 60)",3,AES-256-GCM,vault-transit-key-0x2129cd0f,936195b62c51f5a4a28739de,16fb6470d18026ee6274f9ec0e7f3c07,0x21138290b8519f5a16863e733794cb0da9b3600152ba260708f8ea27d558b216,Qm9a76648763ad6dd91158a74ed29f0f028bf26547956e,Pinata Dedicated IPFS Gateway,0.0.4891024,2586,2026-09-13 12:10:06 UTC,0x114b245689fba7124134a731da58c35eeb68155200a2fa25f54e93fea31ee2c2,0.0001,Pharmacy Dispensation Verification & Medication Fulfillment,Identity Verified (Wallet Protocol),Blockchain Audit Enabled
RX-0587,Priyanka Malhotra,849337,0xd171f961d932d50b6898623de1d745ded4d9b630,🔓 Decrypt RX,Pending - Ready to Decrypt,YES (Patient Consent Active),NO,NO,1198.76,Dr. Rohan Patel,0x976EA74026E726554dB657fA54763abd0C3a0aa9,NMC-11029,Fortis Memorial Neuro & Trauma Center,MedPlus Health Hub,0x70997970C51812dc3A010C7d01b50e0d17dc79C8,DL-MP-2023-4122,"Priya Sundaram, Pharm.D.",E11.9,Type 2 diabetes mellitus without complications,Endocrinology,"Metformin Hydrochloride (500 mg, Twice Daily with meals, Qty: 60) | Dapagliflozin Propanediol (10 mg, Once Daily morning, Qty: 30) | Glimepiride (2 mg, Once Daily pre-breakfast, Qty: 30)",3,AES-256-GCM,vault-transit-key-0xd171f961,fa667b8b6d04c5348a41a1b5,a61e6f2dbd5cff61afefb8781250b10b,0xada20c0a4152f2d1431d1e0e0f61b02459684d4606a0b137cd333ca1ca956830,Qm512a6d0879318e465e8695f86a47d34ce16003255dca,Pinata Dedicated IPFS Gateway,0.0.4891024,2587,2026-09-13 12:10:09 UTC,0x6cdd3a97ecaccf666c2763259711f43e6b1223e6b995ab5a7abb1bcffc1e98d1,0.0001,Pharmacy Dispensation Verification & Medication Fulfillment,Identity Verified (Wallet Protocol),Blockchain Audit Enabled
RX-0588,Amit Choudhury,849338,0x0e86f4fe0b399b0745cb776544bfdec9c74d70aa,Dispensed (Fulfilled),Dispensed & Fulfilled,YES,NO,YES,429.19,Dr. Rajesh Sharma,0x3c44CdDdB6a900fa2b585dd299e03d12FA4293BC,NMC-78491,Apollo Multispecialty Hospital,Apex Central Clinical Dispensary,0x155Af6ECaFb48861dA7d16Fb8Af2f6ce9d6DD779,DL-AX-2026-3021,"Rajesh Nambiar, Pharm.D.",J06.9,Acute upper respiratory infection,Pediatrics / General,"Amoxicillin + Potassium Clavulanate (625 mg, Twice Daily post food, Qty: 14) | Paracetamol (650 mg, Thrice daily post meals SOS, Qty: 15) | Levocetirizine Dihydrochloride (5 mg, Once Daily at Bedtime, Qty: 7)",3,AES-256-GCM,vault-transit-key-0x0e86f4fe,d5f55a54be0beb5e1bb757c3,4d1b6bf2a7d0a626011780a5b0b8b150,0xef2c7bf86a9d8ef71fb50445c7175d9397ed437f1e6a57f29bc649bac22b5922,Qmcfcdf87f2dad808f28d504a6d4a096be5eed36e99c45,Pinata Dedicated IPFS Gateway,0.0.4891024,2588,2026-09-13 12:10:11 UTC,0x84a736c6d77312b1c84b3552bbc408400e5ee8db33ce6bb0e29fd62572a56f84,0.0001,Pharmacy Dispensation Verification & Medication Fulfillment,Identity Verified (Wallet Protocol),Blockchain Audit Enabled
RX-0589,Arjun Gowda,849339,0xab5aa3b23ad5a93c1d343d1d29224f4ccc416bec,Dispensed (Fulfilled),Dispensed & Fulfilled,YES,NO,YES,423.12,Dr. Preeti Deshmukh,0x23618e81E3f5cdF7f54C3d65f7FBc0aBf5B21E8f,NMC-82194,Care & Cure Pediatric & Maternity Hospital,MedPlus Health Hub,0x70997970C51812dc3A010C7d01b50e0d17dc79C8,DL-MP-2023-4122,"Priya Sundaram, Pharm.D.",J06.9,Acute upper respiratory infection,Pediatrics / General,"Amoxicillin + Potassium Clavulanate (625 mg, Twice Daily post food, Qty: 14) | Paracetamol (650 mg, Thrice daily post meals SOS, Qty: 15) | Levocetirizine Dihydrochloride (5 mg, Once Daily at Bedtime, Qty: 7)",3,AES-256-GCM,vault-transit-key-0xab5aa3b2,0be7058da37c7a7bf32862f1,dbefe135346a7274a0a60055df2b9432,0x79b5aed30e63ef3a2c6b86719faa7fadc13dc23f7cfda616ace1e1832d973867,Qm3fd25c91b7ef012026cc1c53d1f0510a1bbd318a89b1,Pinata Dedicated IPFS Gateway,0.0.4891024,2589,2026-09-13 12:10:13 UTC,0x71a0b6238e92b9ca64e66a457de02e2ad36d8ff6310b9fd30a66439d86f5e203,0.0001,Pharmacy Dispensation Verification & Medication Fulfillment,Identity Verified (Wallet Protocol),Blockchain Audit Enabled
RX-0590,Rahul Joshi,849340,0xdb27ce652df306d6527837eba565bf0dd02b1f40,🔓 Decrypt RX,Pending - Ready to Decrypt,YES (Patient Consent Active),NO,NO,1193.88,Dr. Ananya Roy,0x9965507D1a55bcC2695C58ba16FB37d819B0A4dc,NMC-51203,Max Super Speciality Cancer Institute,MedPlus Health Hub,0x70997970C51812dc3A010C7d01b50e0d17dc79C8,DL-MP-2023-4122,"Priya Sundaram, Pharm.D.",E11.9,Type 2 diabetes mellitus without complications,Endocrinology,"Metformin Hydrochloride (500 mg, Twice Daily with meals, Qty: 60) | Dapagliflozin Propanediol (10 mg, Once Daily morning, Qty: 30) | Glimepiride (2 mg, Once Daily pre-breakfast, Qty: 30)",3,AES-256-GCM,vault-transit-key-0xdb27ce65,a69a7802531bb8b796a49ab4,6875c459062435e01f1d34eb7ad081cd,0xb7f90fe9398eee43dbb4f4574d88ecca67aaebcb4b5e149afe029fa38b881545,Qm846af2fcdee6d45aebf2742fba7f52f9cee28a90b91c,Pinata Dedicated IPFS Gateway,0.0.4891024,2590,2026-09-13 12:10:16 UTC,0x519f3ae70543cb8e0c36efa9313b597e83c7121ea3987c4a5e52af15759db52b,0.0001,Pharmacy Dispensation Verification & Medication Fulfillment,Identity Verified (Wallet Protocol),Blockchain Audit Enabled
RX-0591,Harish Rao,849341,0x13b09063d57f5e49cd689e4869bcfe4c600333a9,🔓 Decrypt RX,Pending - Ready to Decrypt,YES (Patient Consent Active),NO,NO,1489.94,Dr. Ananya Roy,0x9965507D1a55bcC2695C58ba16FB37d819B0A4dc,NMC-51203,Max Super Speciality Cancer Institute,Apex Central Clinical Dispensary,0x155Af6ECaFb48861dA7d16Fb8Af2f6ce9d6DD779,DL-AX-2026-3021,"Rajesh Nambiar, Pharm.D.",G40.909,"Epilepsy, unspecified",Neurology,"Levetiracetam (500 mg, Twice Daily morning & evening, Qty: 60) | Clobazam (10 mg, Once Daily at Bedtime, Qty: 30)",2,AES-256-GCM,vault-transit-key-0x13b09063,5aaf95deb8e69ccffb76d4b7,f98ff92f8c8a17f906093632608689e1,0x2544c3eba6172945e4d53dc8c9c875b51dbc86273b87e546bb15183e8bba062b,Qm2f11fa4a4f94850e98921a16373130922c09b336e9f7,Pinata Dedicated IPFS Gateway,0.0.4891024,2591,2026-09-13 12:10:18 UTC,0x5f593fb8cc1aa071176161b6f965454b11c360d439d47bdc21fad4c812451e64,0.0001,Pharmacy Dispensation Verification & Medication Fulfillment,Identity Verified (Wallet Protocol),Blockchain Audit Enabled
RX-0592,Priyanka Verma,849342,0xb4940ce88c011440d579d29f8ae27323cd74f352,Dispensed (Fulfilled),Dispensed & Fulfilled,YES,NO,YES,3330.94,Dr. Ananya Roy,0x9965507D1a55bcC2695C58ba16FB37d819B0A4dc,NMC-51203,Max Super Speciality Cancer Institute,Apollo Pharmacy Global,0x04Fee3FD1B338d12FFD6dBD8d66dE1e8e0BB99cB,DL-AP-2024-8901,"K. V. Raman, R.Ph.",C61,Malignant neoplasm of prostate,Oncology,"Bicalutamide (50 mg, Once Daily morning, Qty: 30) | Tamsulosin HCl (0.4 mg, Once Daily 30 min after same meal, Qty: 30)",2,AES-256-GCM,vault-transit-key-0xb4940ce8,bca06aad702adbfe61f150c4,dd8372460904def677d86669fa284c41,0x9b359e392f99b2542a3d8aa69bde8160107e6df3e91c6b6d456485e446fe63ed,Qmade3ca64939986d8adf6efc97f8a9bd23fbcce22aba3,Pinata Dedicated IPFS Gateway,0.0.4891024,2592,2026-09-13 12:10:21 UTC,0x8bd0c89962bddb75cb1d38c6f7efffd62d172e3b754565f0170243b0c8cdc976,0.0001,Pharmacy Dispensation Verification & Medication Fulfillment,Identity Verified (Wallet Protocol),Blockchain Audit Enabled
RX-0593,Sameer Banerjee,849343,0x4b24640473e7ea658bec50b2e9d22d8838a5da6e,🔓 Decrypt RX,Pending - Ready to Decrypt,YES (Patient Consent Active),NO,NO,1195.86,Dr. Ananya Roy,0x9965507D1a55bcC2695C58ba16FB37d819B0A4dc,NMC-51203,Max Super Speciality Cancer Institute,Apex Central Clinical Dispensary,0x155Af6ECaFb48861dA7d16Fb8Af2f6ce9d6DD779,DL-AX-2026-3021,"Rajesh Nambiar, Pharm.D.",E11.9,Type 2 diabetes mellitus without complications,Endocrinology,"Metformin Hydrochloride (500 mg, Twice Daily with meals, Qty: 60) | Dapagliflozin Propanediol (10 mg, Once Daily morning, Qty: 30) | Glimepiride (2 mg, Once Daily pre-breakfast, Qty: 30)",3,AES-256-GCM,vault-transit-key-0x4b246404,40aeadf3f4bb0fa029cf5b1a,6ea5684a74f6402c3126bfb947f63b72,0x1384c183b5ed02c1e39821325d11e76fdd17a6a01ca25da586552103eb4a7f2f,Qm18f4deffc9bce5ae7e123e720db9ed0bacbabe9520f9,Pinata Dedicated IPFS Gateway,0.0.4891024,2593,2026-09-13 12:10:23 UTC,0xf851617338399fb22767ad0e6a6f942ca75a6798f07a88c69fce48cc10aa6140,0.0001,Pharmacy Dispensation Verification & Medication Fulfillment,Identity Verified (Wallet Protocol),Blockchain Audit Enabled
RX-0594,Vikas Kulkarni,849344,0x23179fe49118f86894b0995e63413863bda28a91,🔓 Decrypt RX,Pending - Ready to Decrypt,YES (Patient Consent Active),NO,NO,1199.13,Dr. Sarah Jenkins,0x04Fee3FD1B338d12FFD6dBD8d66dE1e8e0BB99cB,NMC-48192,Apollo Multispecialty Hospital,Fortis Care Dispensary,0x84f93618C1D541bB1Dcf1373A8eE500A7D439634,DL-FC-2025-1094,"Amit Singhania, R.Ph.",E11.9,Type 2 diabetes mellitus without complications,Endocrinology,"Metformin Hydrochloride (500 mg, Twice Daily with meals, Qty: 60) | Dapagliflozin Propanediol (10 mg, Once Daily morning, Qty: 30) | Glimepiride (2 mg, Once Daily pre-breakfast, Qty: 30)",3,AES-256-GCM,vault-transit-key-0x23179fe4,b04ade93626e511f191b632a,15c1b816a52126388f6ace4cbfc91635,0x908c68f2473e8ad1e7d16fcd71ef1a48c59e637c97a4f1fd5be13021b747407f,Qmc52a09a50ffe594962272fa01ae04a7638a8b8b5a1ce,Pinata Dedicated IPFS Gateway,0.0.4891024,2594,2026-09-13 12:10:26 UTC,0x461d4faf5d644597ab3d9c8f1dc7ef25def606ae912e9d905c61f88f7734995f,0.0001,Pharmacy Dispensation Verification & Medication Fulfillment,Identity Verified (Wallet Protocol),Blockchain Audit Enabled
RX-0595,Divya Kulkarni,849345,0xc1d61d6c0a1ab46d1ef396318faddbbed2521a61,🔓 Decrypt RX,Pending - Ready to Decrypt,YES (Patient Consent Active),NO,NO,948.16,Dr. Ananya Roy,0x9965507D1a55bcC2695C58ba16FB37d819B0A4dc,NMC-51203,Max Super Speciality Cancer Institute,Fortis Care Dispensary,0x84f93618C1D541bB1Dcf1373A8eE500A7D439634,DL-FC-2025-1094,"Amit Singhania, R.Ph.",K21.9,Gastro-esophageal reflux disease,Gastroenterology,"Pantoprazole Gastro-resistant (40 mg, Once Daily 30 min pre-breakfast, Qty: 30) | Domperidone Sustained Release (30 mg, Once Daily morning, Qty: 30) | Sucralfate Oral Suspension (1000 mg/10mL, 10 mL thrice daily before meals, Qty: 2)",3,AES-256-GCM,vault-transit-key-0xc1d61d6c,0bc426c9fc3034c8c83f5d44,a7d54e879e5c98ce0b009fb526c6e4c1,0x086c164e161bd7356b3daa529bdd70196507eec61d2417c6b39decb820dfd76b,Qm83df0bedaed940d10426c9d0a0d6b06a34f6a5db6df0,Pinata Dedicated IPFS Gateway,0.0.4891024,2595,2026-09-13 12:10:28 UTC,0xfaca256806fe9b967a2c3ed9f56295a59139f05ee6ab937d97199aa6843bd4a4,0.0001,Pharmacy Dispensation Verification & Medication Fulfillment,Identity Verified (Wallet Protocol),Blockchain Audit Enabled
RX-0596,Meera Patel,849346,0x5c2c9231030af241b5399038fbdcb2cfc6a2e020,🔓 Decrypt RX,Pending - Ready to Decrypt,YES (Patient Consent Active),NO,NO,1192.38,Dr. Ananya Roy,0x9965507D1a55bcC2695C58ba16FB37d819B0A4dc,NMC-51203,Max Super Speciality Cancer Institute,Apollo Pharmacy Global,0x04Fee3FD1B338d12FFD6dBD8d66dE1e8e0BB99cB,DL-AP-2024-8901,"K. V. Raman, R.Ph.",E11.9,Type 2 diabetes mellitus without complications,Endocrinology,"Metformin Hydrochloride (500 mg, Twice Daily with meals, Qty: 60) | Dapagliflozin Propanediol (10 mg, Once Daily morning, Qty: 30) | Glimepiride (2 mg, Once Daily pre-breakfast, Qty: 30)",3,AES-256-GCM,vault-transit-key-0x5c2c9231,b725ae6271ec8db0d78545b8,3bcc257b4c9963858dc32893b01f2e0e,0xf2643c62d8eb5d2b72754ddd4d8c17dc37737d5749f1ea85acb3135f03cc0887,Qmf582e77e5d3f601ba4bcc03eb747022139a220b285ec,Pinata Dedicated IPFS Gateway,0.0.4891024,2596,2026-09-13 12:10:30 UTC,0x0c107142d5ded8187bc4afde314948ff26afde2c7d825f732f26e3ac833d0a43,0.0001,Pharmacy Dispensation Verification & Medication Fulfillment,Identity Verified (Wallet Protocol),Blockchain Audit Enabled
RX-0597,Ananya Pillai,849347,0x74ac5804cc5bfcc1a8441b602657a36a591ff9d8,⏳ Waiting for Approval,Access Pending Approval,NO,YES,NO,3326.92,Dr. Rohan Patel,0x976EA74026E726554dB657fA54763abd0C3a0aa9,NMC-11029,Fortis Memorial Neuro & Trauma Center,MedPlus Health Hub,0x70997970C51812dc3A010C7d01b50e0d17dc79C8,DL-MP-2023-4122,"Priya Sundaram, Pharm.D.",C61,Malignant neoplasm of prostate,Oncology,"Bicalutamide (50 mg, Once Daily morning, Qty: 30) | Tamsulosin HCl (0.4 mg, Once Daily 30 min after same meal, Qty: 30)",2,AES-256-GCM,vault-transit-key-0x74ac5804,47df08de590c20b96f5061fb,5158f01f46bde840945c669c5018a736,0x2f5e0203fd84616a79e717ed7b1576cf30cc042e5aabef38fccd5b33fe840d0b,Qm06e4d41f98836b99fa62822c6acddbc78dd336e260d5,Pinata Dedicated IPFS Gateway,0.0.4891024,2597,2026-09-13 12:10:33 UTC,0x0880130569a57f75b32b7405530dd6297750707a42106a72c78e627203b27872,0.0001,Pharmacy Dispensation Verification & Medication Fulfillment,Identity Verified (Wallet Protocol),Blockchain Audit Enabled
RX-0598,Shreya Verma,849348,0x96c91b08bffcb31f49315c89caa7edb2bbf7dc2a,Request Access,Unauthorized / Unlinked,NO,NO,NO,912.21,Dr. Sarah Jenkins,0x04Fee3FD1B338d12FFD6dBD8d66dE1e8e0BB99cB,NMC-48192,Apollo Multispecialty Hospital,MedPlus Health Hub,0x70997970C51812dc3A010C7d01b50e0d17dc79C8,DL-MP-2023-4122,"Priya Sundaram, Pharm.D.",A90,Dengue fever [classical dengue],Infectious Disease,"Paracetamol Infusion / Tab (650 mg, Every 6 hours SOS fever > 100°F, Qty: 20) | Carica Papaya Leaf Extract (1100 mg, Thrice Daily post food, Qty: 21) | Oral Rehydration Salts (WHO formula) (21.8 g sachet, 1 sachet in 1L water daily, Qty: 7)",3,AES-256-GCM,vault-transit-key-0x96c91b08,7fb6a5d1cdcf6cc0ad0f52bf,4242eacf3306f85449056727ed33543d,0xbf2137a5ec023696dff6a718fa7a35eca7a546f50c2211a44f65f229bb4ab9da,Qm07ab5821b21265bb981711e8b4938c07ab431ab179a2,Pinata Dedicated IPFS Gateway,0.0.4891024,2598,2026-09-13 12:10:35 UTC,0xf3130fdd61fc143f58bc8c58450f1e488f07afad42205c654248d2181835d5a7,0.0001,Pharmacy Dispensation Verification & Medication Fulfillment,Identity Verified (Wallet Protocol),Blockchain Audit Enabled
RX-0599,Pranav Pandey,849349,0xee3f7eb76d793deb69b080954098417e207d1666,🔓 Decrypt RX,Pending - Ready to Decrypt,YES (Patient Consent Active),NO,NO,415.13,Dr. Preeti Deshmukh,0x23618e81E3f5cdF7f54C3d65f7FBc0aBf5B21E8f,NMC-82194,Care & Cure Pediatric & Maternity Hospital,Fortis Care Dispensary,0x84f93618C1D541bB1Dcf1373A8eE500A7D439634,DL-FC-2025-1094,"Amit Singhania, R.Ph.",J06.9,Acute upper respiratory infection,Pediatrics / General,"Amoxicillin + Potassium Clavulanate (625 mg, Twice Daily post food, Qty: 14) | Paracetamol (650 mg, Thrice daily post meals SOS, Qty: 15) | Levocetirizine Dihydrochloride (5 mg, Once Daily at Bedtime, Qty: 7)",3,AES-256-GCM,vault-transit-key-0xee3f7eb7,66eff3b715568eb3af05b1e7,21a443e819ca3fc39e3e67161ba7bd08,0x7f12fdb7956448bfc0ab3d1a3d94dc637a89dcc4e038bcb59ab2742673547ae1,Qm6541ad451a97581cf71a3bec4e768e7713595fc96c48,Pinata Dedicated IPFS Gateway,0.0.4891024,2599,2026-09-13 12:10:38 UTC,0x702b0196b10c1c424e0b4e2d3f015ab25c5df05dafcea29960e89e8e50f2f225,0.0001,Pharmacy Dispensation Verification & Medication Fulfillment,Identity Verified (Wallet Protocol),Blockchain Audit Enabled
RX-0600,Chetan Joshi,849350,0xf50f7fdb12365a0205ccb096d924c368ca1cd8e8,Dispensed (Fulfilled),Dispensed & Fulfilled,YES,NO,YES,987.84,Dr. Rajesh Sharma,0x3c44CdDdB6a900fa2b585dd299e03d12FA4293BC,NMC-78491,Apollo Multispecialty Hospital,Apex Central Clinical Dispensary,0x155Af6ECaFb48861dA7d16Fb8Af2f6ce9d6DD779,DL-AX-2026-3021,"Rajesh Nambiar, Pharm.D.",I20.9,"Angina pectoris, unspecified",Cardiology,"Nitroglycerin Sublingual (0.4 mg, PRN for chest pain, Qty: 25) | Aspirin Gastro-resistant (75 mg, Once Daily post meal, Qty: 30) | Atorvastatin Calcium (40 mg, Once Daily at Bedtime, Qty: 30)",3,AES-256-GCM,vault-transit-key-0xf50f7fdb,9e590f1b2bbae9cfec2b7f2d,d4d1d9a7760c6f1bccc537d174751552,0xc8af5e0f06e6d7e9fec41fd4e64f22615df93824e0afe14fc5db67009ea3f4c0,Qmfe120931f18072413fba7c206f9bcff69516ca24f80f,Pinata Dedicated IPFS Gateway,0.0.4891024,2600,2026-09-13 12:10:40 UTC,0xe37ade1f07c19122d840d4a137cdf6864a8620a0496bf33e36ea550f937c2248,0.0001,Pharmacy Dispensation Verification & Medication Fulfillment,Identity Verified (Wallet Protocol),Blockchain Audit Enabled
RX-0601,Riya Agarwal,849351,0x76609d0657809996601748c4138718a1ad2b1097,Dispensed (Fulfilled),Dispensed & Fulfilled,YES,NO,YES,998.05,Dr. Ananya Roy,0x9965507D1a55bcC2695C58ba16FB37d819B0A4dc,NMC-51203,Max Super Speciality Cancer Institute,Apex Central Clinical Dispensary,0x155Af6ECaFb48861dA7d16Fb8Af2f6ce9d6DD779,DL-AX-2026-3021,"Rajesh Nambiar, Pharm.D.",G43.909,"Migraine, unspecified, not intractable",Neurology,"Sumatriptan Succinate (50 mg, 1 tablet at onset of migraine SOS, Qty: 10) | Naproxen Sodium (500 mg, Twice daily as needed with food, Qty: 20) | Propranolol HCl (40 mg, Twice daily for prophylaxis, Qty: 60)",3,AES-256-GCM,vault-transit-key-0x76609d06,1bb55b9b34b5aebcb8c394c4,4b7a166c74b3c41f669502a7f675fb3a,0xfabe9aabcc85e50bc34a255f1a690a6eb72656b5a284186f198348a8f1bd2e57,Qm90201cfb4e50abbdf7c578ecccdb63ae173dc822f4da,Pinata Dedicated IPFS Gateway,0.0.4891024,2601,2026-09-13 12:10:43 UTC,0xd134f8dec86c46d7c13e0f4f927927c31520b7fb323c64547bfd9eb8217dec12,0.0001,Pharmacy Dispensation Verification & Medication Fulfillment,Identity Verified (Wallet Protocol),Blockchain Audit Enabled
RX-0602,Aditi Verma,849352,0xca341c6a89f8570ef4afa03bffbc54e6b4f5888a,⏳ Waiting for Approval,Access Pending Approval,NO,YES,NO,977.61,Dr. Rajesh Sharma,0x3c44CdDdB6a900fa2b585dd299e03d12FA4293BC,NMC-78491,Apollo Multispecialty Hospital,Apollo Pharmacy Global,0x04Fee3FD1B338d12FFD6dBD8d66dE1e8e0BB99cB,DL-AP-2024-8901,"K. V. Raman, R.Ph.",G43.909,"Migraine, unspecified, not intractable",Neurology,"Sumatriptan Succinate (50 mg, 1 tablet at onset of migraine SOS, Qty: 10) | Naproxen Sodium (500 mg, Twice daily as needed with food, Qty: 20) | Propranolol HCl (40 mg, Twice daily for prophylaxis, Qty: 60)",3,AES-256-GCM,vault-transit-key-0xca341c6a,c968787f2242037ebe49ac6b,970eaf28e547138c5b070a17c5cf45a8,0xab90da4a09563286a0ba6aab82faa21238e59b524ef4b5cd2be804dfa195638c,Qm8bdd2ed9aa8c57cc51ecc6c367ee7f7c1fee2fb3de7a,Pinata Dedicated IPFS Gateway,0.0.4891024,2602,2026-09-13 12:10:45 UTC,0x458909c54daa698e8537cea67e36b134eae2a4526def4418ad69e26c8f5a684b,0.0001,Pharmacy Dispensation Verification & Medication Fulfillment,Identity Verified (Wallet Protocol),Blockchain Audit Enabled
RX-0603,Vikas Kapoor,849353,0x85bba1642e47087b75011933e5f054422e9fb7bf,Dispensed (Fulfilled),Dispensed & Fulfilled,YES,NO,YES,1000.48,Dr. Vikram Seth,0x15d34AAf54267DB7D7c367839AAf71A00a2C6A65,NMC-99014,Max Super Speciality Cancer Institute,Apollo Pharmacy Global,0x04Fee3FD1B338d12FFD6dBD8d66dE1e8e0BB99cB,DL-AP-2024-8901,"K. V. Raman, R.Ph.",G43.909,"Migraine, unspecified, not intractable",Neurology,"Sumatriptan Succinate (50 mg, 1 tablet at onset of migraine SOS, Qty: 10) | Naproxen Sodium (500 mg, Twice daily as needed with food, Qty: 20) | Propranolol HCl (40 mg, Twice daily for prophylaxis, Qty: 60)",3,AES-256-GCM,vault-transit-key-0x85bba164,765cfdd36bc6f83313af5398,202f15517689bb15c0188f44375cdebb,0xd4731ededef2f42a4b9700e50c0492c6de7a928e8001ddf7472d4c2399fe3aed,Qmb3f6569c62476e1accab5ae8fb61f687f932caef8ca4,Pinata Dedicated IPFS Gateway,0.0.4891024,2603,2026-09-13 12:10:47 UTC,0x41d2a1198840f5d40223e877db50a3d9cd09ed74abde2a407302a0fb1c54c459,0.0001,Pharmacy Dispensation Verification & Medication Fulfillment,Identity Verified (Wallet Protocol),Blockchain Audit Enabled
RX-0604,Lata Choudhury,849354,0x9bf2c4613618b623c119eae36adc7d4ed68bbe95,Dispensed (Fulfilled),Dispensed & Fulfilled,YES,NO,YES,1626.38,Dr. Preeti Deshmukh,0x23618e81E3f5cdF7f54C3d65f7FBc0aBf5B21E8f,NMC-82194,Care & Cure Pediatric & Maternity Hospital,MedPlus Health Hub,0x70997970C51812dc3A010C7d01b50e0d17dc79C8,DL-MP-2023-4122,"Priya Sundaram, Pharm.D.",E11.65,Type 2 diabetes mellitus with hyperglycemia,Endocrinology,"Insulin Glargine Solostar (100 IU/mL, 14 Units Once Daily at Bedtime, Qty: 2) | Metformin XR (1000 mg, Once Daily post dinner, Qty: 30)",2,AES-256-GCM,vault-transit-key-0x9bf2c461,f0305ef480d46609eafd1281,1596f01e74a0d9493f95afab721ed8a3,0x55e30a0c26ab2b35d02fe88b13dd3947b9587b23461bbab0a869ac2726215bc1,Qm120ea57071cce1318dfd97555cb26f89d718cfa785fa,Pinata Dedicated IPFS Gateway,0.0.4891024,2604,2026-09-13 12:10:49 UTC,0xc99ef25c550cde8075b3de6c7cea0fabf07bf1fd0e5d766b5b785ac69ba531a7,0.0001,Pharmacy Dispensation Verification & Medication Fulfillment,Identity Verified (Wallet Protocol),Blockchain Audit Enabled
RX-0605,Sanjay Ghosh,849355,0xabf387c30818f0e2e85922cfc6a1cf44e5005247,Request Access,Unauthorized / Unlinked,NO,NO,NO,1688.05,Dr. Vikram Seth,0x15d34AAf54267DB7D7c367839AAf71A00a2C6A65,NMC-99014,Max Super Speciality Cancer Institute,MedPlus Health Hub,0x70997970C51812dc3A010C7d01b50e0d17dc79C8,DL-MP-2023-4122,"Priya Sundaram, Pharm.D.",C50.919,Malignant neoplasm of female breast,Oncology,"Tamoxifen Citrate (20 mg, Once Daily at fixed hour, Qty: 30) | Ondansetron HCl (8 mg, Twice Daily 30 min before food, Qty: 30) | Calcium Carbonate + Vit D3 (500mg/250IU, Once Daily post meal, Qty: 30)",3,AES-256-GCM,vault-transit-key-0xabf387c3,70581a7640ce51794b21e90b,50ee223787ac0eea2457f31a47c09daa,0xb5c19d6ef9a3c1c546e9cc6171d3b3f9f48d35bc77d132d8c628d28d9d59b2be,Qmd77b9463d155314c4bde77e2aaa86d2d591f34284b7f,Pinata Dedicated IPFS Gateway,0.0.4891024,2605,2026-09-13 12:10:52 UTC,0x68dfd7bd869e05dd20bc6c1062aee2ae0402fb333e28623b6993e0a0bd6622cb,0.0001,Pharmacy Dispensation Verification & Medication Fulfillment,Identity Verified (Wallet Protocol),Blockchain Audit Enabled
RX-0606,Neha Joshi,849356,0xa579e55767d550ae7625efa3f0572e2b7f1c6fc3,Request Access,Unauthorized / Unlinked,NO,NO,NO,1186.5,Dr. Preeti Deshmukh,0x23618e81E3f5cdF7f54C3d65f7FBc0aBf5B21E8f,NMC-82194,Care & Cure Pediatric & Maternity Hospital,Apex Central Clinical Dispensary,0x155Af6ECaFb48861dA7d16Fb8Af2f6ce9d6DD779,DL-AX-2026-3021,"Rajesh Nambiar, Pharm.D.",E11.9,Type 2 diabetes mellitus without complications,Endocrinology,"Metformin Hydrochloride (500 mg, Twice Daily with meals, Qty: 60) | Dapagliflozin Propanediol (10 mg, Once Daily morning, Qty: 30) | Glimepiride (2 mg, Once Daily pre-breakfast, Qty: 30)",3,AES-256-GCM,vault-transit-key-0xa579e557,746f11a75fc3b3931a997ff2,b1e23f0f1e419704667e5659c20a10ae,0x8d8dd33ad5cd96cd4ab02372394098544e196a4d64a2a26175229b5e439b5eab,Qm48f8a18e89eccc47d5513d6b3ce066b7ebce98da2e33,Pinata Dedicated IPFS Gateway,0.0.4891024,2606,2026-09-13 12:10:54 UTC,0xcc342301c25edd61880f960a52e17291dcd57af0fd7e86ca41304c7218b78e95,0.0001,Pharmacy Dispensation Verification & Medication Fulfillment,Identity Verified (Wallet Protocol),Blockchain Audit Enabled
RX-0607,Riya Deshmukh,849357,0xde63a3ba274e8c35759ad9a77fa00cb5e7ac6024,Request Access,Unauthorized / Unlinked,NO,NO,NO,1613.83,Dr. Vikram Seth,0x15d34AAf54267DB7D7c367839AAf71A00a2C6A65,NMC-99014,Max Super Speciality Cancer Institute,Apex Central Clinical Dispensary,0x155Af6ECaFb48861dA7d16Fb8Af2f6ce9d6DD779,DL-AX-2026-3021,"Rajesh Nambiar, Pharm.D.",E11.65,Type 2 diabetes mellitus with hyperglycemia,Endocrinology,"Insulin Glargine Solostar (100 IU/mL, 14 Units Once Daily at Bedtime, Qty: 2) | Metformin XR (1000 mg, Once Daily post dinner, Qty: 30)",2,AES-256-GCM,vault-transit-key-0xde63a3ba,f948ea4756ef8a2eadb5e206,782ec9afea3b26f7979ec86b382b6446,0x6abb376c34ca9311f206d31d40b9911c5c7eb432f7697d4c9aec7066eeb60ade,Qm6e26c538ea9a48be9690871173466a6a08110b8ad154,Pinata Dedicated IPFS Gateway,0.0.4891024,2607,2026-09-13 12:10:57 UTC,0xa9b1a2c97521634a5e4d074eb1cff1baeb2f3eedaad5b7810c68eacb2dec5a01,0.0001,Pharmacy Dispensation Verification & Medication Fulfillment,Identity Verified (Wallet Protocol),Blockchain Audit Enabled
RX-0608,Sanjay Sharma,849358,0x93733f04e06062a6ecb3bc1d5934d5cde76767b0,Dispensed (Fulfilled),Dispensed & Fulfilled,YES,NO,YES,1001.85,Dr. Rajesh Sharma,0x3c44CdDdB6a900fa2b585dd299e03d12FA4293BC,NMC-78491,Apollo Multispecialty Hospital,Max Wellness Pharmacy,0x28B7eA94B34C8F52D19E50Eb14769Da20F5D54b4,DL-MW-2024-7731,"Sneha Mukherjee, R.Ph.",I20.9,"Angina pectoris, unspecified",Cardiology,"Nitroglycerin Sublingual (0.4 mg, PRN for chest pain, Qty: 25) | Aspirin Gastro-resistant (75 mg, Once Daily post meal, Qty: 30) | Atorvastatin Calcium (40 mg, Once Daily at Bedtime, Qty: 30)",3,AES-256-GCM,vault-transit-key-0x93733f04,779d78bf3e323a9a81f07805,db8fe6ff4c4a2e02516f29c11248bf73,0x0e6b4e5ee71b47aac4a48418ff38b01c529845bbb48cc337e0f30e8b600d054f,Qmcd085e1353263282f9437ada507fd52c2560decaa5ef,Pinata Dedicated IPFS Gateway,0.0.4891024,2608,2026-09-13 12:10:59 UTC,0x10f26d228b89d3c2fd1678140950bfd434473286bae2a576e2d5b5cc7d99023d,0.0001,Pharmacy Dispensation Verification & Medication Fulfillment,Identity Verified (Wallet Protocol),Blockchain Audit Enabled
RX-0609,Aditi Menon,849359,0x72aa8dd049435cb3be1ef10f58db319d95a44473,🔓 Decrypt RX,Pending - Ready to Decrypt,YES (Patient Consent Active),NO,NO,930.79,Dr. Sarah Jenkins,0x04Fee3FD1B338d12FFD6dBD8d66dE1e8e0BB99cB,NMC-48192,Apollo Multispecialty Hospital,Fortis Care Dispensary,0x84f93618C1D541bB1Dcf1373A8eE500A7D439634,DL-FC-2025-1094,"Amit Singhania, R.Ph.",A90,Dengue fever [classical dengue],Infectious Disease,"Paracetamol Infusion / Tab (650 mg, Every 6 hours SOS fever > 100°F, Qty: 20) | Carica Papaya Leaf Extract (1100 mg, Thrice Daily post food, Qty: 21) | Oral Rehydration Salts (WHO formula) (21.8 g sachet, 1 sachet in 1L water daily, Qty: 7)",3,AES-256-GCM,vault-transit-key-0x72aa8dd0,7b699a02c3d92f3b23272387,740f8e05a22586506a9643db88f6700d,0x363a5be1df6cc87049f445bbf64079188584bd72b26682124239190f08ed87f8,Qm381b4e50a942e3081375b0c11b2498b882431bde6317,Pinata Dedicated IPFS Gateway,0.0.4891024,2609,2026-09-13 12:11:02 UTC,0x7bfd9b893f4ee4d2486620ecf769a2e2c956c9f1a3c52e046678576b5262eefa,0.0001,Pharmacy Dispensation Verification & Medication Fulfillment,Identity Verified (Wallet Protocol),Blockchain Audit Enabled
RX-0610,Aditi Pandey,849360,0x23f6351745cf0383c7d9062971ce07f49d484a28,🔓 Decrypt RX,Pending - Ready to Decrypt,YES (Patient Consent Active),NO,NO,921.25,Dr. Ananya Roy,0x9965507D1a55bcC2695C58ba16FB37d819B0A4dc,NMC-51203,Max Super Speciality Cancer Institute,Apollo Pharmacy Global,0x04Fee3FD1B338d12FFD6dBD8d66dE1e8e0BB99cB,DL-AP-2024-8901,"K. V. Raman, R.Ph.",A90,Dengue fever [classical dengue],Infectious Disease,"Paracetamol Infusion / Tab (650 mg, Every 6 hours SOS fever > 100°F, Qty: 20) | Carica Papaya Leaf Extract (1100 mg, Thrice Daily post food, Qty: 21) | Oral Rehydration Salts (WHO formula) (21.8 g sachet, 1 sachet in 1L water daily, Qty: 7)",3,AES-256-GCM,vault-transit-key-0x23f63517,e545b035c23fc7db8df92191,74d85ded9d5434d0ab1f4848b941ac61,0x6e08802d17f62fb7e41f9fb9de153835f70e091febe2eba2b7101c015e3edb9e,Qmd48a88beb19deaed602ecca74bf98333e55e6eda9328,Pinata Dedicated IPFS Gateway,0.0.4891024,2610,2026-09-13 12:11:04 UTC,0x447c7d392f90af54b52293f7e2e1928d61fd99b772806084b5bd73bcdfc64476,0.0001,Pharmacy Dispensation Verification & Medication Fulfillment,Identity Verified (Wallet Protocol),Blockchain Audit Enabled
RX-0611,Deepak Rao,849361,0x27bf44b361be88bdf553996aebb0257360283175,Request Access,Unauthorized / Unlinked,NO,NO,NO,1698.58,Dr. Sunita Narang,0xBcd4042DE499D14e55001CcbB24a551F3b954096,NMC-90812,Apex Diagnostic Reference Labs,Apollo Pharmacy Global,0x04Fee3FD1B338d12FFD6dBD8d66dE1e8e0BB99cB,DL-AP-2024-8901,"K. V. Raman, R.Ph.",C50.919,Malignant neoplasm of female breast,Oncology,"Tamoxifen Citrate (20 mg, Once Daily at fixed hour, Qty: 30) | Ondansetron HCl (8 mg, Twice Daily 30 min before food, Qty: 30) | Calcium Carbonate + Vit D3 (500mg/250IU, Once Daily post meal, Qty: 30)",3,AES-256-GCM,vault-transit-key-0x27bf44b3,8499dd5be2aac9457331cb09,8f2cd87cbfcba6caa5ac385abeca4b8c,0xcb3bd2b39d2f268cf8b7952b5a4ee21dcbdb4e587185ef5e33415aaa394d97ff,Qmbfa9bc9ff3b17160e9b97730018e9e1b2aa6ec7afed2,Pinata Dedicated IPFS Gateway,0.0.4891024,2611,2026-09-13 12:11:06 UTC,0x4074771d43759cffed84a8222474ba486661cfe621a1b7dd5e896ce090532641,0.0001,Pharmacy Dispensation Verification & Medication Fulfillment,Identity Verified (Wallet Protocol),Blockchain Audit Enabled
RX-0612,Sakshi Mukherjee,849362,0x0701be6e616d229b7b388fd30aece6bbc8378dec,🔓 Decrypt RX,Pending - Ready to Decrypt,YES (Patient Consent Active),NO,NO,974.63,Dr. Rohan Patel,0x976EA74026E726554dB657fA54763abd0C3a0aa9,NMC-11029,Fortis Memorial Neuro & Trauma Center,Apex Central Clinical Dispensary,0x155Af6ECaFb48861dA7d16Fb8Af2f6ce9d6DD779,DL-AX-2026-3021,"Rajesh Nambiar, Pharm.D.",G43.909,"Migraine, unspecified, not intractable",Neurology,"Sumatriptan Succinate (50 mg, 1 tablet at onset of migraine SOS, Qty: 10) | Naproxen Sodium (500 mg, Twice daily as needed with food, Qty: 20) | Propranolol HCl (40 mg, Twice daily for prophylaxis, Qty: 60)",3,AES-256-GCM,vault-transit-key-0x0701be6e,549a8f014682ee455aad5026,20f02352edb94c063e52fe65d0afd056,0x21ffb58bd1c4773e716db660cf077c410bed00e318e94e5c7a547d43a89b88d2,Qm26823d713ed8c0679994504085471ac9fdc79ec3cba1,Pinata Dedicated IPFS Gateway,0.0.4891024,2612,2026-09-13 12:11:09 UTC,0xd71cc0ab1c6d1f74c837210236c818627ec860816dfbd509d7ec262ddff51a73,0.0001,Pharmacy Dispensation Verification & Medication Fulfillment,Identity Verified (Wallet Protocol),Blockchain Audit Enabled
RX-0613,Aditi Pillai,849363,0xba66b09b027e78ea37d06c1a47061365632a3943,🔓 Decrypt RX,Pending - Ready to Decrypt,YES (Patient Consent Active),NO,NO,221.74,Dr. Vikram Seth,0x15d34AAf54267DB7D7c367839AAf71A00a2C6A65,NMC-99014,Max Super Speciality Cancer Institute,Fortis Care Dispensary,0x84f93618C1D541bB1Dcf1373A8eE500A7D439634,DL-FC-2025-1094,"Amit Singhania, R.Ph.",E03.9,"Hypothyroidism, unspecified",Endocrinology,"Levothyroxine Sodium (50 mcg, Once Daily on empty stomach, Qty: 60)",1,AES-256-GCM,vault-transit-key-0xba66b09b,a8b55e46d70c9651503bf389,10b72b6d847582c7b50feb0a89041c33,0x02f747d691b1e79d5d922cd3b6cf9a4c429f0e4b57d20680e68ea9dc57e61ba3,Qmd6d8ab11e4211d393d2f03a80dda394ad091eb887cd9,Pinata Dedicated IPFS Gateway,0.0.4891024,2613,2026-09-13 12:11:12 UTC,0x1b517f3851c4410d1bc587e4afd8a1e174978c25fca784168030e8548793395b,0.0001,Pharmacy Dispensation Verification & Medication Fulfillment,Identity Verified (Wallet Protocol),Blockchain Audit Enabled
RX-0614,Sneha Mishra,849364,0x782da7462ea6e7cbd52efcbd308cb54ba2d1e2bd,Dispensed (Fulfilled),Dispensed & Fulfilled,YES,NO,YES,1624.78,Dr. Vikram Seth,0x15d34AAf54267DB7D7c367839AAf71A00a2C6A65,NMC-99014,Max Super Speciality Cancer Institute,Fortis Care Dispensary,0x84f93618C1D541bB1Dcf1373A8eE500A7D439634,DL-FC-2025-1094,"Amit Singhania, R.Ph.",E11.65,Type 2 diabetes mellitus with hyperglycemia,Endocrinology,"Insulin Glargine Solostar (100 IU/mL, 14 Units Once Daily at Bedtime, Qty: 2) | Metformin XR (1000 mg, Once Daily post dinner, Qty: 30)",2,AES-256-GCM,vault-transit-key-0x782da746,0430e9221a91e65333674845,ab539dd6b3f9e35a517671e26b13d489,0x387e5d55c6c3ca89e7b929e4680d4c3d341e595982fd85c36b4d11359205085a,Qmf9176ba987e6a6b6a93d4975c8fa5160e7b992482c8b,Pinata Dedicated IPFS Gateway,0.0.4891024,2614,2026-09-13 12:11:14 UTC,0x8da4987bc48e02f739273a0184885f4d52316758e0b6593aca1bdfda1c7d15e6,0.0001,Pharmacy Dispensation Verification & Medication Fulfillment,Identity Verified (Wallet Protocol),Blockchain Audit Enabled
RX-0615,Geeta Reddy,849365,0xf6f75664ab1da77961da3e22cfea257baf25e248,🔓 Decrypt RX,Pending - Ready to Decrypt,YES (Patient Consent Active),NO,NO,981.75,Dr. Vikram Seth,0x15d34AAf54267DB7D7c367839AAf71A00a2C6A65,NMC-99014,Max Super Speciality Cancer Institute,Apollo Pharmacy Global,0x04Fee3FD1B338d12FFD6dBD8d66dE1e8e0BB99cB,DL-AP-2024-8901,"K. V. Raman, R.Ph.",G43.909,"Migraine, unspecified, not intractable",Neurology,"Sumatriptan Succinate (50 mg, 1 tablet at onset of migraine SOS, Qty: 10) | Naproxen Sodium (500 mg, Twice daily as needed with food, Qty: 20) | Propranolol HCl (40 mg, Twice daily for prophylaxis, Qty: 60)",3,AES-256-GCM,vault-transit-key-0xf6f75664,cb6329b10120443bf62da499,5edb374dea0cb3de4464d1fababa8657,0xdb8a47afd0a1ba901db87ca3c352d3be4f66044cc2c64f01ae0c0d60718d79f1,Qm5095295bfc674e1e7487c806181e73e6e9ecfebfadc4,Pinata Dedicated IPFS Gateway,0.0.4891024,2615,2026-09-13 12:11:16 UTC,0xead130e74cda96a8eb4146b8c5b9a54ee278e72d1a1df7ebfa084fe4b10d4271,0.0001,Pharmacy Dispensation Verification & Medication Fulfillment,Identity Verified (Wallet Protocol),Blockchain Audit Enabled
RX-0616,Divya Sharma,849366,0x4df417e7d82a42a1e6764301d23a2f93f593e991,🔓 Decrypt RX,Pending - Ready to Decrypt,YES (Patient Consent Active),NO,NO,3316.19,Dr. Rohan Patel,0x976EA74026E726554dB657fA54763abd0C3a0aa9,NMC-11029,Fortis Memorial Neuro & Trauma Center,Apex Central Clinical Dispensary,0x155Af6ECaFb48861dA7d16Fb8Af2f6ce9d6DD779,DL-AX-2026-3021,"Rajesh Nambiar, Pharm.D.",C61,Malignant neoplasm of prostate,Oncology,"Bicalutamide (50 mg, Once Daily morning, Qty: 30) | Tamsulosin HCl (0.4 mg, Once Daily 30 min after same meal, Qty: 30)",2,AES-256-GCM,vault-transit-key-0x4df417e7,fcc3daeaf0cb03485eb4fb9a,d192a5cddd60365d9d1837bb7e967def,0xae6e53f89d72f2326cd9ef91254db340dc65bbc2387c073c551a22bc9fa87d65,Qm5b4eafbd846d9fbc1508a1f30b049bb97d2916afb7d7,Pinata Dedicated IPFS Gateway,0.0.4891024,2616,2026-09-13 12:11:18 UTC,0x24dc56e4650c310ff9e98efe098d32e07935e79d9698cbecdffa96909de96889,0.0001,Pharmacy Dispensation Verification & Medication Fulfillment,Identity Verified (Wallet Protocol),Blockchain Audit Enabled
RX-0617,Sakshi Patel,849367,0x99137225cfd1524e0fabfed1a32c5c2c7d2650f2,🔓 Decrypt RX,Pending - Ready to Decrypt,YES (Patient Consent Active),NO,NO,215.18,Dr. Preeti Deshmukh,0x23618e81E3f5cdF7f54C3d65f7FBc0aBf5B21E8f,NMC-82194,Care & Cure Pediatric & Maternity Hospital,Apex Central Clinical Dispensary,0x155Af6ECaFb48861dA7d16Fb8Af2f6ce9d6DD779,DL-AX-2026-3021,"Rajesh Nambiar, Pharm.D.",E03.9,"Hypothyroidism, unspecified",Endocrinology,"Levothyroxine Sodium (50 mcg, Once Daily on empty stomach, Qty: 60)",1,AES-256-GCM,vault-transit-key-0x99137225,2ddc441f2310810cce7e3d1e,718d285345c4f4722ac6a8322948c6fb,0xa4345dc8ae3457dec40c283b7d80669ef8ec5fc05558da53912584cb9d4ca27a,Qm61c16889964087b2f49e26cd914f71906487448824c0,Pinata Dedicated IPFS Gateway,0.0.4891024,2617,2026-09-13 12:11:21 UTC,0x5304c35e98be5003c10d6c6ff1a2352d3536d71441e97ce7dd6723ddb1dc46cf,0.0001,Pharmacy Dispensation Verification & Medication Fulfillment,Identity Verified (Wallet Protocol),Blockchain Audit Enabled
RX-0618,Riya Mukherjee,849368,0xa25fd05223817a3d087f113816ff0e22c49926f6,🔓 Decrypt RX,Pending - Ready to Decrypt,YES (Patient Consent Active),NO,NO,3309.85,Dr. Ananya Roy,0x9965507D1a55bcC2695C58ba16FB37d819B0A4dc,NMC-51203,Max Super Speciality Cancer Institute,Fortis Care Dispensary,0x84f93618C1D541bB1Dcf1373A8eE500A7D439634,DL-FC-2025-1094,"Amit Singhania, R.Ph.",C61,Malignant neoplasm of prostate,Oncology,"Bicalutamide (50 mg, Once Daily morning, Qty: 30) | Tamsulosin HCl (0.4 mg, Once Daily 30 min after same meal, Qty: 30)",2,AES-256-GCM,vault-transit-key-0xa25fd052,07e104e6f39375e143be139c,821272febee7db77be619cf93c3524d5,0xdc1d2531fdbd981864e92d3cac422477bc93c04022fea9effcb9f031b61022b1,Qm4c0645796a6501b2b87ccc0a7cc4029d7fa14783935c,Pinata Dedicated IPFS Gateway,0.0.4891024,2618,2026-09-13 12:11:23 UTC,0xeaaafaa9d43578ad3cee2f2a624308fdefd2a8f4ed379578e5895ced62bfc4c7,0.0001,Pharmacy Dispensation Verification & Medication Fulfillment,Identity Verified (Wallet Protocol),Blockchain Audit Enabled
RX-0619,Aarav Deshmukh,849369,0x2514413029e68f0a5c284579ca1916e733a9ef23,Dispensed (Fulfilled),Dispensed & Fulfilled,YES,NO,YES,218.06,Dr. Sunita Narang,0xBcd4042DE499D14e55001CcbB24a551F3b954096,NMC-90812,Apex Diagnostic Reference Labs,Apollo Pharmacy Global,0x04Fee3FD1B338d12FFD6dBD8d66dE1e8e0BB99cB,DL-AP-2024-8901,"K. V. Raman, R.Ph.",E03.9,"Hypothyroidism, unspecified",Endocrinology,"Levothyroxine Sodium (50 mcg, Once Daily on empty stomach, Qty: 60)",1,AES-256-GCM,vault-transit-key-0x25144130,a1441271631860002a562106,895260cfaeb1737b1712553243d913c5,0x3bd8e819ee3aa9e69a210e7e6d9790265e24d472447fabbee5b07e46adb16911,Qmccc77637b53b373f6087f1ad35f2b2c178d503def2c4,Pinata Dedicated IPFS Gateway,0.0.4891024,2619,2026-09-13 12:11:26 UTC,0x52b8f33bb17ee14a7905b21f4f446556467d7fac578c84349c53d75c072383e0,0.0001,Pharmacy Dispensation Verification & Medication Fulfillment,Identity Verified (Wallet Protocol),Blockchain Audit Enabled
RX-0620,Varun Agarwal,849370,0x6500c9bfd725cb5706e29cd17a5bbe0b40219ddd,Dispensed (Fulfilled),Dispensed & Fulfilled,YES,NO,YES,946.96,Dr. Rajesh Sharma,0x3c44CdDdB6a900fa2b585dd299e03d12FA4293BC,NMC-78491,Apollo Multispecialty Hospital,Max Wellness Pharmacy,0x28B7eA94B34C8F52D19E50Eb14769Da20F5D54b4,DL-MW-2024-7731,"Sneha Mukherjee, R.Ph.",K21.9,Gastro-esophageal reflux disease,Gastroenterology,"Pantoprazole Gastro-resistant (40 mg, Once Daily 30 min pre-breakfast, Qty: 30) | Domperidone Sustained Release (30 mg, Once Daily morning, Qty: 30) | Sucralfate Oral Suspension (1000 mg/10mL, 10 mL thrice daily before meals, Qty: 2)",3,AES-256-GCM,vault-transit-key-0x6500c9bf,77ecb994c7d5bfc0c11b07b9,52a012ca537c761187cd31a60bd590a7,0xc0ee03a7e5d20859d2ad751ffd733bf15c5811768c8b1eae8e7b3c27b927df5c,Qm8bf1a4c8a38ed23fdebbf916cb6f4696253944884ca2,Pinata Dedicated IPFS Gateway,0.0.4891024,2620,2026-09-13 12:11:28 UTC,0x8681a1c0c6d33efe37cf6546fed9bd3ef62eda0ee577c7ab49c48ae41be1c9fe,0.0001,Pharmacy Dispensation Verification & Medication Fulfillment,Identity Verified (Wallet Protocol),Blockchain Audit Enabled
RX-0621,Divya Pandey,849371,0x39d54e0ce0d3709ca93a81a9d0bb0da64167b0f0,Request Access,Unauthorized / Unlinked,NO,NO,NO,491.06,Dr. Vikram Seth,0x15d34AAf54267DB7D7c367839AAf71A00a2C6A65,NMC-99014,Max Super Speciality Cancer Institute,Apex Central Clinical Dispensary,0x155Af6ECaFb48861dA7d16Fb8Af2f6ce9d6DD779,DL-AX-2026-3021,"Rajesh Nambiar, Pharm.D.",I10,Essential (primary) hypertension,Cardiology,"Amlodipine Besylate (5 mg, Once Daily (Morning), Qty: 30) | Telmisartan (40 mg, Once Daily (Morning), Qty: 30)",2,AES-256-GCM,vault-transit-key-0x39d54e0c,a078a879693f658a130aeaa9,5968f689f6bd4d4656078cb01355c8bb,0xacf7e0edf67c7492ceba7aadd745d37f2a3c37f3d64818a6e7a585ebd96e5ebd,Qmb1567c34d9cbabe76cc300b3d225758a69920b28665b,Pinata Dedicated IPFS Gateway,0.0.4891024,2621,2026-09-13 12:11:30 UTC,0xbf12eb726b6df6ad9cf3feb58caed42e3562bb0fcf92765505da42a051d7c4d6,0.0001,Pharmacy Dispensation Verification & Medication Fulfillment,Identity Verified (Wallet Protocol),Blockchain Audit Enabled
RX-0622,Aarav Menon,849372,0xfd37f8e32ff004cea9439ac3b89c738a853b77d0,🔓 Decrypt RX,Pending - Ready to Decrypt,YES (Patient Consent Active),NO,NO,431.21,Dr. Ananya Roy,0x9965507D1a55bcC2695C58ba16FB37d819B0A4dc,NMC-51203,Max Super Speciality Cancer Institute,Max Wellness Pharmacy,0x28B7eA94B34C8F52D19E50Eb14769Da20F5D54b4,DL-MW-2024-7731,"Sneha Mukherjee, R.Ph.",J06.9,Acute upper respiratory infection,Pediatrics / General,"Amoxicillin + Potassium Clavulanate (625 mg, Twice Daily post food, Qty: 14) | Paracetamol (650 mg, Thrice daily post meals SOS, Qty: 15) | Levocetirizine Dihydrochloride (5 mg, Once Daily at Bedtime, Qty: 7)",3,AES-256-GCM,vault-transit-key-0xfd37f8e3,2ed5b3921733bb69c2761771,42ca5741134ff652730e911157539779,0xde89ff639e44f7fdc176aeb2f935c3e49b4519884f5b927cf5a168c00e97fe88,Qm786f0594cf9f22a6ec03eece2cf415a952eee700974f,Pinata Dedicated IPFS Gateway,0.0.4891024,2622,2026-09-13 12:11:33 UTC,0xf440dba37716779c484bc8e85cb5b752fdeafe85b6f33f9361e7e326f9cc8b44,0.0001,Pharmacy Dispensation Verification & Medication Fulfillment,Identity Verified (Wallet Protocol),Blockchain Audit Enabled
RX-0623,Sneha Shetty,849373,0x0930c7dc2101c904a577838a5fa074330e324f10,🔓 Decrypt RX,Pending - Ready to Decrypt,YES (Patient Consent Active),NO,NO,1606.31,Dr. Sarah Jenkins,0x04Fee3FD1B338d12FFD6dBD8d66dE1e8e0BB99cB,NMC-48192,Apollo Multispecialty Hospital,Fortis Care Dispensary,0x84f93618C1D541bB1Dcf1373A8eE500A7D439634,DL-FC-2025-1094,"Amit Singhania, R.Ph.",E11.65,Type 2 diabetes mellitus with hyperglycemia,Endocrinology,"Insulin Glargine Solostar (100 IU/mL, 14 Units Once Daily at Bedtime, Qty: 2) | Metformin XR (1000 mg, Once Daily post dinner, Qty: 30)",2,AES-256-GCM,vault-transit-key-0x0930c7dc,a52a5a0e0fb37c647ae3bf1a,077bb7e2d361aff7bf4dfb28f28d900d,0x756e666a08151c65b25bbdfec1173154fc6044136b49af98d28549c7725f3b9c,Qm1c62199553994aec1c29bb005b9f6c9996130682f4aa,Pinata Dedicated IPFS Gateway,0.0.4891024,2623,2026-09-13 12:11:35 UTC,0x20cbfd3e42bcf066261d04e8b5f219de6ea587f8b87dbabfc871205465a8ab79,0.0001,Pharmacy Dispensation Verification & Medication Fulfillment,Identity Verified (Wallet Protocol),Blockchain Audit Enabled
RX-0624,Gautam Swaminathan,849374,0x3e62fefeea22146a95c44be200b3b45d8e4dcdce,🔓 Decrypt RX,Pending - Ready to Decrypt,YES (Patient Consent Active),NO,NO,1625.49,Dr. Rohan Patel,0x976EA74026E726554dB657fA54763abd0C3a0aa9,NMC-11029,Fortis Memorial Neuro & Trauma Center,Apex Central Clinical Dispensary,0x155Af6ECaFb48861dA7d16Fb8Af2f6ce9d6DD779,DL-AX-2026-3021,"Rajesh Nambiar, Pharm.D.",E11.65,Type 2 diabetes mellitus with hyperglycemia,Endocrinology,"Insulin Glargine Solostar (100 IU/mL, 14 Units Once Daily at Bedtime, Qty: 2) | Metformin XR (1000 mg, Once Daily post dinner, Qty: 30)",2,AES-256-GCM,vault-transit-key-0x3e62fefe,92e569362a9db7ede3b24dba,cf70c5b72e373483758bcfc6314c902a,0x3106f9a8a220f409c8f84d65b715139b9f50752e84a18690035936b25600de2b,Qm5b32996afb56fe1bb9f1dcbf952123c46f21f0b2beb4,Pinata Dedicated IPFS Gateway,0.0.4891024,2624,2026-09-13 12:11:38 UTC,0xa88c6d548f8089f3d4a03ce910b2a4e193d501a1d7bd077c05bdbaa0d8aeee77,0.0001,Pharmacy Dispensation Verification & Medication Fulfillment,Identity Verified (Wallet Protocol),Blockchain Audit Enabled
RX-0625,Ananya Deshmukh,849375,0xde414a6124be157c0da34f0fa42c66963493ede3,🔓 Decrypt RX,Pending - Ready to Decrypt,YES (Patient Consent Active),NO,NO,1705.61,Dr. Vikram Seth,0x15d34AAf54267DB7D7c367839AAf71A00a2C6A65,NMC-99014,Max Super Speciality Cancer Institute,Apollo Pharmacy Global,0x04Fee3FD1B338d12FFD6dBD8d66dE1e8e0BB99cB,DL-AP-2024-8901,"K. V. Raman, R.Ph.",C50.919,Malignant neoplasm of female breast,Oncology,"Tamoxifen Citrate (20 mg, Once Daily at fixed hour, Qty: 30) | Ondansetron HCl (8 mg, Twice Daily 30 min before food, Qty: 30) | Calcium Carbonate + Vit D3 (500mg/250IU, Once Daily post meal, Qty: 30)",3,AES-256-GCM,vault-transit-key-0xde414a61,e092f40aef751d07a8eca46a,e89f4f3a43f9c68483e442166c4840d3,0x6827921601838f788db8c877eaf19df2607895b19c757a60e708d1cdde9e2fc8,Qm12a7ad608cafc58df4d08dc8df03e7e069110ad4c3cf,Pinata Dedicated IPFS Gateway,0.0.4891024,2625,2026-09-13 12:11:40 UTC,0xd2c3c8b83a881cda5329489770fe38ca7180a31b8c18dcef6b1fb06b776b4ac0,0.0001,Pharmacy Dispensation Verification & Medication Fulfillment,Identity Verified (Wallet Protocol),Blockchain Audit Enabled
RX-0626,Sneha Banerjee,849376,0x25d3b169211a31bb939e12964de05bef0c1aa0b4,Dispensed (Fulfilled),Dispensed & Fulfilled,YES,NO,YES,3323.01,Dr. Preeti Deshmukh,0x23618e81E3f5cdF7f54C3d65f7FBc0aBf5B21E8f,NMC-82194,Care & Cure Pediatric & Maternity Hospital,Apex Central Clinical Dispensary,0x155Af6ECaFb48861dA7d16Fb8Af2f6ce9d6DD779,DL-AX-2026-3021,"Rajesh Nambiar, Pharm.D.",C61,Malignant neoplasm of prostate,Oncology,"Bicalutamide (50 mg, Once Daily morning, Qty: 30) | Tamsulosin HCl (0.4 mg, Once Daily 30 min after same meal, Qty: 30)",2,AES-256-GCM,vault-transit-key-0x25d3b169,cd53d8e42414ab7065044cf0,58c53da9361badf358c0839ed90ebb0e,0x6185a1ad6db8319e309811ffcde2a39791bfdb58dfc1da92a6ae5ebfdb5f30ce,Qmc12e80303a995c4e14e345885dc44946628d4694984b,Pinata Dedicated IPFS Gateway,0.0.4891024,2626,2026-09-13 12:11:42 UTC,0x36ef2559fd80892d5f48c3aed5ede0c0a8715d3b1a4cbfe796310b23645e94ec,0.0001,Pharmacy Dispensation Verification & Medication Fulfillment,Identity Verified (Wallet Protocol),Blockchain Audit Enabled
RX-0627,Nikhil Joshi,849377,0xeba001de78f874da282af873088bac237b008c39,🔓 Decrypt RX,Pending - Ready to Decrypt,YES (Patient Consent Active),NO,NO,510.33,Dr. Vikram Seth,0x15d34AAf54267DB7D7c367839AAf71A00a2C6A65,NMC-99014,Max Super Speciality Cancer Institute,Apex Central Clinical Dispensary,0x155Af6ECaFb48861dA7d16Fb8Af2f6ce9d6DD779,DL-AX-2026-3021,"Rajesh Nambiar, Pharm.D.",I10,Essential (primary) hypertension,Cardiology,"Amlodipine Besylate (5 mg, Once Daily (Morning), Qty: 30) | Telmisartan (40 mg, Once Daily (Morning), Qty: 30)",2,AES-256-GCM,vault-transit-key-0xeba001de,3ed8a072b9be698c03082ba4,f6d995c7e84d45c744fe49d0e8a15be8,0x339df11f0921963eb5ab5a8cbb0e006d342c321cff3a339838f9348f07d040b7,Qmc36e6d7be35b2dc6ff548ed30f548de827330d28c828,Pinata Dedicated IPFS Gateway,0.0.4891024,2627,2026-09-13 12:11:45 UTC,0xc3425a39d18cd65a629b61fa6fbae6f1a4be991bd8476e47aaf51e64574d5c94,0.0001,Pharmacy Dispensation Verification & Medication Fulfillment,Identity Verified (Wallet Protocol),Blockchain Audit Enabled
RX-0628,Kiran Mishra,849378,0x0f6b10ebbfb1980716c477fca29b96a078f7e37b,⏳ Waiting for Approval,Access Pending Approval,NO,YES,NO,3321.84,Dr. Ananya Roy,0x9965507D1a55bcC2695C58ba16FB37d819B0A4dc,NMC-51203,Max Super Speciality Cancer Institute,Max Wellness Pharmacy,0x28B7eA94B34C8F52D19E50Eb14769Da20F5D54b4,DL-MW-2024-7731,"Sneha Mukherjee, R.Ph.",C61,Malignant neoplasm of prostate,Oncology,"Bicalutamide (50 mg, Once Daily morning, Qty: 30) | Tamsulosin HCl (0.4 mg, Once Daily 30 min after same meal, Qty: 30)",2,AES-256-GCM,vault-transit-key-0x0f6b10eb,a84a5bb0603e725badc059b7,0bdcaef24b27525ce9c5fe7d5b9e1c0c,0xa91f02e1abddb15e4a9b34efd8be33d8326af7ee8ebcc5f5d6060593c3280bc6,Qm67c7e25bd9e0ccdc76e24eb227f7824928baef6bc7d4,Pinata Dedicated IPFS Gateway,0.0.4891024,2628,2026-09-13 12:11:47 UTC,0x9fdf1fa46e8642d5dfb3726dccdde5be627b178cb2d2752e4ded8ba02d8ac7d1,0.0001,Pharmacy Dispensation Verification & Medication Fulfillment,Identity Verified (Wallet Protocol),Blockchain Audit Enabled
RX-0629,Nikhil Chatterjee,849379,0x6f269df8eef5106b50ee2beab7be9ff8a32f5518,🔓 Decrypt RX,Pending - Ready to Decrypt,YES (Patient Consent Active),NO,NO,1676.75,Dr. Rohan Patel,0x976EA74026E726554dB657fA54763abd0C3a0aa9,NMC-11029,Fortis Memorial Neuro & Trauma Center,MedPlus Health Hub,0x70997970C51812dc3A010C7d01b50e0d17dc79C8,DL-MP-2023-4122,"Priya Sundaram, Pharm.D.",C50.919,Malignant neoplasm of female breast,Oncology,"Tamoxifen Citrate (20 mg, Once Daily at fixed hour, Qty: 30) | Ondansetron HCl (8 mg, Twice Daily 30 min before food, Qty: 30) | Calcium Carbonate + Vit D3 (500mg/250IU, Once Daily post meal, Qty: 30)",3,AES-256-GCM,vault-transit-key-0x6f269df8,bf7238b9269d7a4674796c5b,a6b69478b7bb11b1de792d853fd97089,0x3d05c5830d955ae399aff44a2caeb0560a7c09e14ba65867d7069884130781b7,Qm1fa9b8b4572fbf259828f4d511897825061ce3f7153a,Pinata Dedicated IPFS Gateway,0.0.4891024,2629,2026-09-13 12:11:49 UTC,0x6e9a147d8bfb067d83606bf686f2b8b74db675232c405addc702fc52e558cb77,0.0001,Pharmacy Dispensation Verification & Medication Fulfillment,Identity Verified (Wallet Protocol),Blockchain Audit Enabled
RX-0630,Ishaan Mukherjee,849380,0xb3d2e4813a6d6143a1fd09084e95b1866b37c742,⏳ Waiting for Approval,Access Pending Approval,NO,YES,NO,3328.45,Dr. Sarah Jenkins,0x04Fee3FD1B338d12FFD6dBD8d66dE1e8e0BB99cB,NMC-48192,Apollo Multispecialty Hospital,Max Wellness Pharmacy,0x28B7eA94B34C8F52D19E50Eb14769Da20F5D54b4,DL-MW-2024-7731,"Sneha Mukherjee, R.Ph.",C61,Malignant neoplasm of prostate,Oncology,"Bicalutamide (50 mg, Once Daily morning, Qty: 30) | Tamsulosin HCl (0.4 mg, Once Daily 30 min after same meal, Qty: 30)",2,AES-256-GCM,vault-transit-key-0xb3d2e481,31cf4ca7a2480d769ae7793c,6050d9ff2716ad472560194ccc412d44,0x4958041d8bb2fd9cdf2d5f5e8dd600199f371d869b1648090e02488fd2a8df27,Qm6d718409eac8a7e5f9603eb249276d020b4c9af665f4,Pinata Dedicated IPFS Gateway,0.0.4891024,2630,2026-09-13 12:11:52 UTC,0x23a1385f11ebe3e99e843bdb2f7cb020e8ddd13f7d98169edd7f321ee7afd0fc,0.0001,Pharmacy Dispensation Verification & Medication Fulfillment,Identity Verified (Wallet Protocol),Blockchain Audit Enabled
RX-0631,Yashwanth Deshmukh,849381,0xa8567020ebc1d01449dff634b0363fa63ebeeaa9,Request Access,Unauthorized / Unlinked,NO,NO,NO,985.42,Dr. Preeti Deshmukh,0x23618e81E3f5cdF7f54C3d65f7FBc0aBf5B21E8f,NMC-82194,Care & Cure Pediatric & Maternity Hospital,Max Wellness Pharmacy,0x28B7eA94B34C8F52D19E50Eb14769Da20F5D54b4,DL-MW-2024-7731,"Sneha Mukherjee, R.Ph.",G43.909,"Migraine, unspecified, not intractable",Neurology,"Sumatriptan Succinate (50 mg, 1 tablet at onset of migraine SOS, Qty: 10) | Naproxen Sodium (500 mg, Twice daily as needed with food, Qty: 20) | Propranolol HCl (40 mg, Twice daily for prophylaxis, Qty: 60)",3,AES-256-GCM,vault-transit-key-0xa8567020,9da9bd03725646ee7da83ce2,c5bc19a791dc51aaec2a35e619b341c3,0xf3ae84f31dc469954b7c8b8f40495b31345049801221f2bcb567a86e0c847cfb,Qmc7f124bbf16384e63b05426a69f217904c770f3ff0a9,Pinata Dedicated IPFS Gateway,0.0.4891024,2631,2026-09-13 12:11:54 UTC,0x28bfa3dc1946debf552bc5d763aa20febe6ddb16fb683a2d07d89f0f91b7b50f,0.0001,Pharmacy Dispensation Verification & Medication Fulfillment,Identity Verified (Wallet Protocol),Blockchain Audit Enabled
RX-0632,Amit Bhatia,849382,0x7af7dae14ec7a5443d513d46e695b33794af6b0d,🔓 Decrypt RX,Pending - Ready to Decrypt,YES (Patient Consent Active),NO,NO,921.76,Dr. Rajesh Sharma,0x3c44CdDdB6a900fa2b585dd299e03d12FA4293BC,NMC-78491,Apollo Multispecialty Hospital,Apex Central Clinical Dispensary,0x155Af6ECaFb48861dA7d16Fb8Af2f6ce9d6DD779,DL-AX-2026-3021,"Rajesh Nambiar, Pharm.D.",A90,Dengue fever [classical dengue],Infectious Disease,"Paracetamol Infusion / Tab (650 mg, Every 6 hours SOS fever > 100°F, Qty: 20) | Carica Papaya Leaf Extract (1100 mg, Thrice Daily post food, Qty: 21) | Oral Rehydration Salts (WHO formula) (21.8 g sachet, 1 sachet in 1L water daily, Qty: 7)",3,AES-256-GCM,vault-transit-key-0x7af7dae1,761af1d8c7f8782cbd12c4ce,cd24a15b5c515bc2f451fc1aa2da1f07,0xb90f61b24d730c91c8e4ac48fc6872fbfef0e451d23b5beadb82054cbfcee93d,Qma20b53141c84fb804154fa32473e4a67c23ae2e8508f,Pinata Dedicated IPFS Gateway,0.0.4891024,2632,2026-09-13 12:11:56 UTC,0x90ad2393f6cceefc71ca97cc97fd2d6502002b9de024fbd75a19978d9ac32e10,0.0001,Pharmacy Dispensation Verification & Medication Fulfillment,Identity Verified (Wallet Protocol),Blockchain Audit Enabled
RX-0633,Nikhil Nair,849383,0xd21fde106b061f49813151da61e84d067557c7a0,🔓 Decrypt RX,Pending - Ready to Decrypt,YES (Patient Consent Active),NO,NO,510.16,Dr. Vikram Seth,0x15d34AAf54267DB7D7c367839AAf71A00a2C6A65,NMC-99014,Max Super Speciality Cancer Institute,Apex Central Clinical Dispensary,0x155Af6ECaFb48861dA7d16Fb8Af2f6ce9d6DD779,DL-AX-2026-3021,"Rajesh Nambiar, Pharm.D.",I10,Essential (primary) hypertension,Cardiology,"Amlodipine Besylate (5 mg, Once Daily (Morning), Qty: 30) | Telmisartan (40 mg, Once Daily (Morning), Qty: 30)",2,AES-256-GCM,vault-transit-key-0xd21fde10,7b0b4758e98636a3a73576d2,2a8b39dc902d39c3a277f1359fe7daf5,0xa76976825242eb96bbe314ea2939378e347c1e5162ed4a06a92e91611d9d6239,Qm777d5c866bbc5e62759c8ef415177111efcc466e65b6,Pinata Dedicated IPFS Gateway,0.0.4891024,2633,2026-09-13 12:11:59 UTC,0x82241395b7cab7311c0420a56420f076343682d158782a13a438000022d4de6d,0.0001,Pharmacy Dispensation Verification & Medication Fulfillment,Identity Verified (Wallet Protocol),Blockchain Audit Enabled
RX-0634,Anand Gowda,849384,0xd04c74c9a880d4562ee307f9ffaab8025f2a7cb7,Dispensed (Fulfilled),Dispensed & Fulfilled,YES,NO,YES,1201.6,Dr. Ananya Roy,0x9965507D1a55bcC2695C58ba16FB37d819B0A4dc,NMC-51203,Max Super Speciality Cancer Institute,Fortis Care Dispensary,0x84f93618C1D541bB1Dcf1373A8eE500A7D439634,DL-FC-2025-1094,"Amit Singhania, R.Ph.",E11.9,Type 2 diabetes mellitus without complications,Endocrinology,"Metformin Hydrochloride (500 mg, Twice Daily with meals, Qty: 60) | Dapagliflozin Propanediol (10 mg, Once Daily morning, Qty: 30) | Glimepiride (2 mg, Once Daily pre-breakfast, Qty: 30)",3,AES-256-GCM,vault-transit-key-0xd04c74c9,9506cc5c653d959fe002317e,5ad72d14dbdb78101cd7d668a7f155bb,0xc531a3e052e02b75f5d6a0b626a6be2f3e57a9e318a4ab25742d57d017738879,Qm61f945c3e73c3361124ce8a93981c9cd0a5bdf765b2c,Pinata Dedicated IPFS Gateway,0.0.4891024,2634,2026-09-13 12:12:01 UTC,0x5de5c1c5d5dd4107d11de9b7c1a4396d78de87de67e039db633963e95c4a58a5,0.0001,Pharmacy Dispensation Verification & Medication Fulfillment,Identity Verified (Wallet Protocol),Blockchain Audit Enabled
RX-0635,Aditi Pandey,849385,0x114d1ae9d213fb01ec04fca42450c88d76dead37,Request Access,Unauthorized / Unlinked,NO,NO,NO,1693.83,Dr. Ananya Roy,0x9965507D1a55bcC2695C58ba16FB37d819B0A4dc,NMC-51203,Max Super Speciality Cancer Institute,MedPlus Health Hub,0x70997970C51812dc3A010C7d01b50e0d17dc79C8,DL-MP-2023-4122,"Priya Sundaram, Pharm.D.",C50.919,Malignant neoplasm of female breast,Oncology,"Tamoxifen Citrate (20 mg, Once Daily at fixed hour, Qty: 30) | Ondansetron HCl (8 mg, Twice Daily 30 min before food, Qty: 30) | Calcium Carbonate + Vit D3 (500mg/250IU, Once Daily post meal, Qty: 30)",3,AES-256-GCM,vault-transit-key-0x114d1ae9,42b0e54b859ec0d93530fb90,ee30435ec28a910809f7618ea122d96e,0xd4815fe4be63bcb2b149080efca103523434d8a4e01d34224277dfb31dfbc67c,Qm57f2066e505c8516909c4896cb681dcadc27f19d80bb,Pinata Dedicated IPFS Gateway,0.0.4891024,2635,2026-09-13 12:12:04 UTC,0x65de19730ff64da56a4ab77e6d09c3b8ab25f25f06cab109ad78c6df67639c50,0.0001,Pharmacy Dispensation Verification & Medication Fulfillment,Identity Verified (Wallet Protocol),Blockchain Audit Enabled
RX-0636,Arjun Kapoor,849386,0xafb425872241195cd5a4f7ee59de5dd5ea35db9f,🔓 Decrypt RX,Pending - Ready to Decrypt,YES (Patient Consent Active),NO,NO,493.56,Dr. Preeti Deshmukh,0x23618e81E3f5cdF7f54C3d65f7FBc0aBf5B21E8f,NMC-82194,Care & Cure Pediatric & Maternity Hospital,Max Wellness Pharmacy,0x28B7eA94B34C8F52D19E50Eb14769Da20F5D54b4,DL-MW-2024-7731,"Sneha Mukherjee, R.Ph.",I10,Essential (primary) hypertension,Cardiology,"Amlodipine Besylate (5 mg, Once Daily (Morning), Qty: 30) | Telmisartan (40 mg, Once Daily (Morning), Qty: 30)",2,AES-256-GCM,vault-transit-key-0xafb42587,903a6343707e056cb4eea971,ba844bb639f398982fb99b0bfd3f33a6,0xce294885670ef4ec3b8e9bfe1becf088b30e898f1a383785f69e7f6a9b3bd3e0,Qm0d07c5f51ddd3e89cf09b332c8894cce1664f3780c1f,Pinata Dedicated IPFS Gateway,0.0.4891024,2636,2026-09-13 12:12:07 UTC,0x0944d85172cebceb6d4f55b9f0ed03b9a1e673f82a069c8d52543db2eec77c00,0.0001,Pharmacy Dispensation Verification & Medication Fulfillment,Identity Verified (Wallet Protocol),Blockchain Audit Enabled
RX-0637,Rakesh Hegde,849387,0xb986789dd835b27a8d96688b775e852c30d9664b,Dispensed (Fulfilled),Dispensed & Fulfilled,YES,NO,YES,502.41,Dr. Preeti Deshmukh,0x23618e81E3f5cdF7f54C3d65f7FBc0aBf5B21E8f,NMC-82194,Care & Cure Pediatric & Maternity Hospital,MedPlus Health Hub,0x70997970C51812dc3A010C7d01b50e0d17dc79C8,DL-MP-2023-4122,"Priya Sundaram, Pharm.D.",I10,Essential (primary) hypertension,Cardiology,"Amlodipine Besylate (5 mg, Once Daily (Morning), Qty: 30) | Telmisartan (40 mg, Once Daily (Morning), Qty: 30)",2,AES-256-GCM,vault-transit-key-0xb986789d,2b54f83c9c441e3bdbb06da5,7b5b243e6ae16ace501f6151838f6f9f,0x17d04feb904e4162f270c614a29fd89f23537433c20f29721357273b6b3cf255,Qm71f89392316f764a9bdb7b3b6932580f4d5cd8900b1e,Pinata Dedicated IPFS Gateway,0.0.4891024,2637,2026-09-13 12:12:09 UTC,0x6fde35c8e19df1695cb90bf13e5d5356ec3173724588a8278cbb48a86248a6bb,0.0001,Pharmacy Dispensation Verification & Medication Fulfillment,Identity Verified (Wallet Protocol),Blockchain Audit Enabled
RX-0638,Nikhil Kapoor,849388,0xcd3d6512a55b549cea973b2690a33e7bb59dd29d,⏳ Waiting for Approval,Access Pending Approval,NO,YES,NO,1697.45,Dr. Ananya Roy,0x9965507D1a55bcC2695C58ba16FB37d819B0A4dc,NMC-51203,Max Super Speciality Cancer Institute,Fortis Care Dispensary,0x84f93618C1D541bB1Dcf1373A8eE500A7D439634,DL-FC-2025-1094,"Amit Singhania, R.Ph.",C50.919,Malignant neoplasm of female breast,Oncology,"Tamoxifen Citrate (20 mg, Once Daily at fixed hour, Qty: 30) | Ondansetron HCl (8 mg, Twice Daily 30 min before food, Qty: 30) | Calcium Carbonate + Vit D3 (500mg/250IU, Once Daily post meal, Qty: 30)",3,AES-256-GCM,vault-transit-key-0xcd3d6512,5aee2af72a0ddbd6439b79ab,6994b133a415916f12d104af45d8dd61,0xeb652111edbd2bd6ed74eb459da598803933f57d8e657e6e1d94d2223802bd30,Qm33af0b5e0c4c0dc12b80293522e8d2a2ceec2027bc47,Pinata Dedicated IPFS Gateway,0.0.4891024,2638,2026-09-13 12:12:11 UTC,0xd2b1571234c2d41efc5489b732c32a44c694ad3ec4c934be5c135c5b025aada0,0.0001,Pharmacy Dispensation Verification & Medication Fulfillment,Identity Verified (Wallet Protocol),Blockchain Audit Enabled
RX-0639,Sakshi Deshmukh,849389,0x7f32b1001f720a43cf0866c6c8f00100c4cd4a7b,Request Access,Unauthorized / Unlinked,NO,NO,NO,989.71,Dr. Preeti Deshmukh,0x23618e81E3f5cdF7f54C3d65f7FBc0aBf5B21E8f,NMC-82194,Care & Cure Pediatric & Maternity Hospital,Max Wellness Pharmacy,0x28B7eA94B34C8F52D19E50Eb14769Da20F5D54b4,DL-MW-2024-7731,"Sneha Mukherjee, R.Ph.",G43.909,"Migraine, unspecified, not intractable",Neurology,"Sumatriptan Succinate (50 mg, 1 tablet at onset of migraine SOS, Qty: 10) | Naproxen Sodium (500 mg, Twice daily as needed with food, Qty: 20) | Propranolol HCl (40 mg, Twice daily for prophylaxis, Qty: 60)",3,AES-256-GCM,vault-transit-key-0x7f32b100,a338e2158ba8ca30c254aa77,0488ce9e3840f7ea06ee0e5a4ae6a4c2,0xdf8b039f2b3b5e88948f18d4d13db896bef6e0c67afc73dd23eb042f8b65e0ea,Qmb33fcf49ebf238fccc7c6676ce5fc68bd28696322d80,Pinata Dedicated IPFS Gateway,0.0.4891024,2639,2026-09-13 12:12:13 UTC,0x2bbbf78857529cd7b42e6e7c3c74d671ec0c7267b0a8246e0cb1b86bc6712ff9,0.0001,Pharmacy Dispensation Verification & Medication Fulfillment,Identity Verified (Wallet Protocol),Blockchain Audit Enabled
RX-0640,Pooja Sharma,849390,0xa68d58a1d04c44cac2ea0a77bb9dd105840f9bc7,Dispensed (Fulfilled),Dispensed & Fulfilled,YES,NO,YES,927.05,Dr. Rajesh Sharma,0x3c44CdDdB6a900fa2b585dd299e03d12FA4293BC,NMC-78491,Apollo Multispecialty Hospital,Apex Central Clinical Dispensary,0x155Af6ECaFb48861dA7d16Fb8Af2f6ce9d6DD779,DL-AX-2026-3021,"Rajesh Nambiar, Pharm.D.",A90,Dengue fever [classical dengue],Infectious Disease,"Paracetamol Infusion / Tab (650 mg, Every 6 hours SOS fever > 100°F, Qty: 20) | Carica Papaya Leaf Extract (1100 mg, Thrice Daily post food, Qty: 21) | Oral Rehydration Salts (WHO formula) (21.8 g sachet, 1 sachet in 1L water daily, Qty: 7)",3,AES-256-GCM,vault-transit-key-0xa68d58a1,c9b51cbbd2abfc7b4791f0c6,8c8c87c2eb33a6c2b37907a4ce33cb29,0x20f6fa28eac4d2c2652e4bdbf585bcb6327a53aeb866e2651a2096a79b88886c,Qm23ee7a92f6a6753ae2059631d714b42e95193f747700,Pinata Dedicated IPFS Gateway,0.0.4891024,2640,2026-09-13 12:12:16 UTC,0x28875dd9cfc88b078a1520a5f0606955355ab716e1297f6aa3ae4d96003a64e1,0.0001,Pharmacy Dispensation Verification & Medication Fulfillment,Identity Verified (Wallet Protocol),Blockchain Audit Enabled
RX-0641,Vikas Banerjee,849391,0xdc333ce9698ce053c1f07474a162cb3c777fb548,🔓 Decrypt RX,Pending - Ready to Decrypt,YES (Patient Consent Active),NO,NO,975.02,Dr. Sunita Narang,0xBcd4042DE499D14e55001CcbB24a551F3b954096,NMC-90812,Apex Diagnostic Reference Labs,Fortis Care Dispensary,0x84f93618C1D541bB1Dcf1373A8eE500A7D439634,DL-FC-2025-1094,"Amit Singhania, R.Ph.",G43.909,"Migraine, unspecified, not intractable",Neurology,"Sumatriptan Succinate (50 mg, 1 tablet at onset of migraine SOS, Qty: 10) | Naproxen Sodium (500 mg, Twice daily as needed with food, Qty: 20) | Propranolol HCl (40 mg, Twice daily for prophylaxis, Qty: 60)",3,AES-256-GCM,vault-transit-key-0xdc333ce9,fb7d592426af0682ab52d509,7d2bab793e7abecb3045f39f8466fcfb,0x8c53542cf0c012040fbf5e00a25bfe7945daf4aac0472dee75440755407614da,Qm0088b25de54c21541bbc740bf8ca11cf2127cf0f2da0,Pinata Dedicated IPFS Gateway,0.0.4891024,2641,2026-09-13 12:12:18 UTC,0xea09b5259010f6e8baca1aa0cd39ef633f162bc5a784909f7f720c82aca88dee,0.0001,Pharmacy Dispensation Verification & Medication Fulfillment,Identity Verified (Wallet Protocol),Blockchain Audit Enabled
RX-0642,Geeta Pillai,849392,0x69b10a58df5db3a763f9d46e495f992b11a4ced3,Request Access,Unauthorized / Unlinked,NO,NO,NO,1489.87,Dr. Ananya Roy,0x9965507D1a55bcC2695C58ba16FB37d819B0A4dc,NMC-51203,Max Super Speciality Cancer Institute,Apex Central Clinical Dispensary,0x155Af6ECaFb48861dA7d16Fb8Af2f6ce9d6DD779,DL-AX-2026-3021,"Rajesh Nambiar, Pharm.D.",G40.909,"Epilepsy, unspecified",Neurology,"Levetiracetam (500 mg, Twice Daily morning & evening, Qty: 60) | Clobazam (10 mg, Once Daily at Bedtime, Qty: 30)",2,AES-256-GCM,vault-transit-key-0x69b10a58,014778b58448230f5fb0b269,600e88bb7fa5e38ae5dab445dfeadb10,0xfd39bb05a4b1d609e8a4bd80b9ccc0e228e12dedf21429d2113036bf1a390cd2,Qm04545dd742bb4c499640c4a7399b129924b6eaba28d3,Pinata Dedicated IPFS Gateway,0.0.4891024,2642,2026-09-13 12:12:21 UTC,0x7c4eba4058c21f05434bfab9639abc269cdc98a8c1d1263c525fe2155afc4164,0.0001,Pharmacy Dispensation Verification & Medication Fulfillment,Identity Verified (Wallet Protocol),Blockchain Audit Enabled
RX-0643,Sameer Sharma,849393,0x5b1f64402bdf7dedb3ad1b5a6533297b315c7466,⏳ Waiting for Approval,Access Pending Approval,NO,YES,NO,924.16,Dr. Preeti Deshmukh,0x23618e81E3f5cdF7f54C3d65f7FBc0aBf5B21E8f,NMC-82194,Care & Cure Pediatric & Maternity Hospital,Apollo Pharmacy Global,0x04Fee3FD1B338d12FFD6dBD8d66dE1e8e0BB99cB,DL-AP-2024-8901,"K. V. Raman, R.Ph.",A90,Dengue fever [classical dengue],Infectious Disease,"Paracetamol Infusion / Tab (650 mg, Every 6 hours SOS fever > 100°F, Qty: 20) | Carica Papaya Leaf Extract (1100 mg, Thrice Daily post food, Qty: 21) | Oral Rehydration Salts (WHO formula) (21.8 g sachet, 1 sachet in 1L water daily, Qty: 7)",3,AES-256-GCM,vault-transit-key-0x5b1f6440,bef63aaad1eb4802addffde8,9fda2f776ef85f1f1b30ec8f49727a27,0x77bda64e086ffe624177a56263f406e4f1343f87937d70a3c8a66885292c809f,Qmddb2fad988ea4acec44aa9d596f02f27e05f4f4f33a1,Pinata Dedicated IPFS Gateway,0.0.4891024,2643,2026-09-13 12:12:23 UTC,0x331d32119aaf4079ffa300c46ad5f771dd5aa5b8064b8347df1b08261529b794,0.0001,Pharmacy Dispensation Verification & Medication Fulfillment,Identity Verified (Wallet Protocol),Blockchain Audit Enabled
RX-0644,Vikas Deshmukh,849394,0x1bad4240daa62ad505acd49d1bb854fa73bc40bb,⏳ Waiting for Approval,Access Pending Approval,NO,YES,NO,442.89,Dr. Sunita Narang,0xBcd4042DE499D14e55001CcbB24a551F3b954096,NMC-90812,Apex Diagnostic Reference Labs,Max Wellness Pharmacy,0x28B7eA94B34C8F52D19E50Eb14769Da20F5D54b4,DL-MW-2024-7731,"Sneha Mukherjee, R.Ph.",J06.9,Acute upper respiratory infection,Pediatrics / General,"Amoxicillin + Potassium Clavulanate (625 mg, Twice Daily post food, Qty: 14) | Paracetamol (650 mg, Thrice daily post meals SOS, Qty: 15) | Levocetirizine Dihydrochloride (5 mg, Once Daily at Bedtime, Qty: 7)",3,AES-256-GCM,vault-transit-key-0x1bad4240,974fd1a54c4a43114250c8b4,898a408085bc78d737f547357e40dc63,0xfae6897babd956dc4b646a21425d98694733ccd7f7620234f9f1bcbf0f1daf92,Qm60869cfa235c6e1f6685117264f6ad71f2e4bd2c77d4,Pinata Dedicated IPFS Gateway,0.0.4891024,2644,2026-09-13 12:12:26 UTC,0x8abe36bf152abfb4298ed7cfdac4161dcb1b4a79d80f113b40b2911913d69cc1,0.0001,Pharmacy Dispensation Verification & Medication Fulfillment,Identity Verified (Wallet Protocol),Blockchain Audit Enabled
RX-0645,Arjun Swaminathan,849395,0x83b4a7a1477de6d51082ea33de928cebd12ed9f2,⏳ Waiting for Approval,Access Pending Approval,NO,YES,NO,416.1,Dr. Sunita Narang,0xBcd4042DE499D14e55001CcbB24a551F3b954096,NMC-90812,Apex Diagnostic Reference Labs,Apollo Pharmacy Global,0x04Fee3FD1B338d12FFD6dBD8d66dE1e8e0BB99cB,DL-AP-2024-8901,"K. V. Raman, R.Ph.",J06.9,Acute upper respiratory infection,Pediatrics / General,"Amoxicillin + Potassium Clavulanate (625 mg, Twice Daily post food, Qty: 14) | Paracetamol (650 mg, Thrice daily post meals SOS, Qty: 15) | Levocetirizine Dihydrochloride (5 mg, Once Daily at Bedtime, Qty: 7)",3,AES-256-GCM,vault-transit-key-0x83b4a7a1,3e55867237a9e8698af65548,517a5813735c9da554e0c92b449551c3,0xe5e19308321a705e850f9466ccbea634f1af11206d3a107671c683c793e36b92,Qm23f33fd0af090be6af5d69e638da4eb24aec262c388b,Pinata Dedicated IPFS Gateway,0.0.4891024,2645,2026-09-13 12:12:28 UTC,0x9bdcf54e64151e74d7daa9b9516a717b3613416520531cffc2e639e16fc740ba,0.0001,Pharmacy Dispensation Verification & Medication Fulfillment,Identity Verified (Wallet Protocol),Blockchain Audit Enabled
RX-0646,Kavya Rao,849396,0x840a0eb3071eecce2960759ece11e4c3cb661d5e,⏳ Waiting for Approval,Access Pending Approval,NO,YES,NO,505.69,Dr. Rohan Patel,0x976EA74026E726554dB657fA54763abd0C3a0aa9,NMC-11029,Fortis Memorial Neuro & Trauma Center,Fortis Care Dispensary,0x84f93618C1D541bB1Dcf1373A8eE500A7D439634,DL-FC-2025-1094,"Amit Singhania, R.Ph.",I10,Essential (primary) hypertension,Cardiology,"Amlodipine Besylate (5 mg, Once Daily (Morning), Qty: 30) | Telmisartan (40 mg, Once Daily (Morning), Qty: 30)",2,AES-256-GCM,vault-transit-key-0x840a0eb3,376e6a20262735db8c37fe65,c207336be66ac48c5419ebdd8178743e,0x01eccf03ae2a74d389f9fd6dcd9227081959880b1b13a13c374370f98cd1fb26,Qmb4fbde26975b8eb9d31246cf06991a882cc955301ce1,Pinata Dedicated IPFS Gateway,0.0.4891024,2646,2026-09-13 12:12:30 UTC,0x681b2dd3e50965fc9115ef401f6078b1ec884ac87887374d8d678606b6ff4206,0.0001,Pharmacy Dispensation Verification & Medication Fulfillment,Identity Verified (Wallet Protocol),Blockchain Audit Enabled
RX-0647,Gautam Sharma,849397,0xab7fc513fffde522415d58cfe3649311eb4edc98,Dispensed (Fulfilled),Dispensed & Fulfilled,YES,NO,YES,1629.71,Dr. Ananya Roy,0x9965507D1a55bcC2695C58ba16FB37d819B0A4dc,NMC-51203,Max Super Speciality Cancer Institute,Apollo Pharmacy Global,0x04Fee3FD1B338d12FFD6dBD8d66dE1e8e0BB99cB,DL-AP-2024-8901,"K. V. Raman, R.Ph.",E11.65,Type 2 diabetes mellitus with hyperglycemia,Endocrinology,"Insulin Glargine Solostar (100 IU/mL, 14 Units Once Daily at Bedtime, Qty: 2) | Metformin XR (1000 mg, Once Daily post dinner, Qty: 30)",2,AES-256-GCM,vault-transit-key-0xab7fc513,05143addb1d1a0b906a5d4e5,136670c4e56bf35877a30ece2486fcfd,0x0f462a9ab14702940202aa0fa242796c6c17024bfb2c6401c7745ccc5fe60a3b,Qm85d327f291cc22304daf8a4e7b84bb49a6f9ba4d2f87,Pinata Dedicated IPFS Gateway,0.0.4891024,2647,2026-09-13 12:12:33 UTC,0xa4ca8fe7eeb2c47a32bd19093550521b1a63793a9d2cb67330e040b5496dbcf7,0.0001,Pharmacy Dispensation Verification & Medication Fulfillment,Identity Verified (Wallet Protocol),Blockchain Audit Enabled
RX-0648,Priyanka Mukherjee,849398,0x5d5cc006f29373e2b819af0dea048d75691daf1b,🔓 Decrypt RX,Pending - Ready to Decrypt,YES (Patient Consent Active),NO,NO,1498.26,Dr. Rohan Patel,0x976EA74026E726554dB657fA54763abd0C3a0aa9,NMC-11029,Fortis Memorial Neuro & Trauma Center,Apollo Pharmacy Global,0x04Fee3FD1B338d12FFD6dBD8d66dE1e8e0BB99cB,DL-AP-2024-8901,"K. V. Raman, R.Ph.",G40.909,"Epilepsy, unspecified",Neurology,"Levetiracetam (500 mg, Twice Daily morning & evening, Qty: 60) | Clobazam (10 mg, Once Daily at Bedtime, Qty: 30)",2,AES-256-GCM,vault-transit-key-0x5d5cc006,6392e45d5129687b80fd2c2e,930fc070a241283abf999587ab64e8bd,0x2bb9546064bb51b39d1baca76403ec888343f4cad8bf8e18c4594bf07546a6a7,Qmb1e3719f7241d4d848667ef9160c4036fe46ab9e3a99,Pinata Dedicated IPFS Gateway,0.0.4891024,2648,2026-09-13 12:12:35 UTC,0x156fcfb159dcf049822da58a95c76eeeef3a487875fd50e92d1b334c6013f859,0.0001,Pharmacy Dispensation Verification & Medication Fulfillment,Identity Verified (Wallet Protocol),Blockchain Audit Enabled
RX-0649,Arjun Reddy,849399,0x1143cb969fc7a6bc30b7968da86eff61f5bca133,Dispensed (Fulfilled),Dispensed & Fulfilled,YES,NO,YES,911.99,Dr. Vikram Seth,0x15d34AAf54267DB7D7c367839AAf71A00a2C6A65,NMC-99014,Max Super Speciality Cancer Institute,Fortis Care Dispensary,0x84f93618C1D541bB1Dcf1373A8eE500A7D439634,DL-FC-2025-1094,"Amit Singhania, R.Ph.",A90,Dengue fever [classical dengue],Infectious Disease,"Paracetamol Infusion / Tab (650 mg, Every 6 hours SOS fever > 100°F, Qty: 20) | Carica Papaya Leaf Extract (1100 mg, Thrice Daily post food, Qty: 21) | Oral Rehydration Salts (WHO formula) (21.8 g sachet, 1 sachet in 1L water daily, Qty: 7)",3,AES-256-GCM,vault-transit-key-0x1143cb96,048c061026d771a9a395bb22,69b48beda82a6e20865cffebea507d2d,0x18ac10d02058eb7c7042edbcc2330ce47c278d50c9b7171d062a8434fc9494da,Qm50375bbb0c3cfcebeca40f7006caa7d69227798317a1,Pinata Dedicated IPFS Gateway,0.0.4891024,2649,2026-09-13 12:12:37 UTC,0x767730df0661c2499f2952db5110f07d818f2f0b154dd4360f7c46fb582c84cf,0.0001,Pharmacy Dispensation Verification & Medication Fulfillment,Identity Verified (Wallet Protocol),Blockchain Audit Enabled
RX-0650,Siddharth Patel,849400,0x7f8c4682d3b1111204bd0b560c597e1cd2bfca90,🔓 Decrypt RX,Pending - Ready to Decrypt,YES (Patient Consent Active),NO,NO,981.03,Dr. Sunita Narang,0xBcd4042DE499D14e55001CcbB24a551F3b954096,NMC-90812,Apex Diagnostic Reference Labs,MedPlus Health Hub,0x70997970C51812dc3A010C7d01b50e0d17dc79C8,DL-MP-2023-4122,"Priya Sundaram, Pharm.D.",I20.9,"Angina pectoris, unspecified",Cardiology,"Nitroglycerin Sublingual (0.4 mg, PRN for chest pain, Qty: 25) | Aspirin Gastro-resistant (75 mg, Once Daily post meal, Qty: 30) | Atorvastatin Calcium (40 mg, Once Daily at Bedtime, Qty: 30)",3,AES-256-GCM,vault-transit-key-0x7f8c4682,b5d75ea2e2179d4548b47c20,f20e3b74991794029c18fc2675f5d0ad,0xb3052bc93707a32906bb1758c6bf428e835d9c7757bb4a68cf620e7734ad175b,Qm40495944d67db2996291abf544e1f5db82d3d9be559f,Pinata Dedicated IPFS Gateway,0.0.4891024,2650,2026-09-13 12:12:40 UTC,0xe7f4fe6659b1d22569756742062f90401e7f855e8a1fae059bc96d10a45e0262,0.0001,Pharmacy Dispensation Verification & Medication Fulfillment,Identity Verified (Wallet Protocol),Blockchain Audit Enabled
RX-0651,Divya Shetty,849401,0x6a9bf8010bea8aecb9aaa092c9c9330eec7dd802,🔓 Decrypt RX,Pending - Ready to Decrypt,YES (Patient Consent Active),NO,NO,1702.92,Dr. Vikram Seth,0x15d34AAf54267DB7D7c367839AAf71A00a2C6A65,NMC-99014,Max Super Speciality Cancer Institute,MedPlus Health Hub,0x70997970C51812dc3A010C7d01b50e0d17dc79C8,DL-MP-2023-4122,"Priya Sundaram, Pharm.D.",C50.919,Malignant neoplasm of female breast,Oncology,"Tamoxifen Citrate (20 mg, Once Daily at fixed hour, Qty: 30) | Ondansetron HCl (8 mg, Twice Daily 30 min before food, Qty: 30) | Calcium Carbonate + Vit D3 (500mg/250IU, Once Daily post meal, Qty: 30)",3,AES-256-GCM,vault-transit-key-0x6a9bf801,1b5bc16794e3bb474fd8e77f,f35e11a06e9c57b4512b1844ffbf78e6,0xa6f6ae47acf76862f34e3ba5a9e0993b1690e9b8b616b82f6849810ee84bbfaf,Qmed7d9c46c4c02e31c8a2ed16216e51274d0eaa2b07c9,Pinata Dedicated IPFS Gateway,0.0.4891024,2651,2026-09-13 12:12:43 UTC,0xffcd8e3fb6e08ddcb70da3c37f45686942fad06a28604b2876fa488c18218fbf,0.0001,Pharmacy Dispensation Verification & Medication Fulfillment,Identity Verified (Wallet Protocol),Blockchain Audit Enabled
RX-0652,Aarav Gowda,849402,0x0acca63813e4b53f36017d3a8eee066da191fde5,⏳ Waiting for Approval,Access Pending Approval,NO,YES,NO,520.26,Dr. Ananya Roy,0x9965507D1a55bcC2695C58ba16FB37d819B0A4dc,NMC-51203,Max Super Speciality Cancer Institute,Apex Central Clinical Dispensary,0x155Af6ECaFb48861dA7d16Fb8Af2f6ce9d6DD779,DL-AX-2026-3021,"Rajesh Nambiar, Pharm.D.",I10,Essential (primary) hypertension,Cardiology,"Amlodipine Besylate (5 mg, Once Daily (Morning), Qty: 30) | Telmisartan (40 mg, Once Daily (Morning), Qty: 30)",2,AES-256-GCM,vault-transit-key-0x0acca638,651135f7ff82d85d22708689,dd13f080d5102df625417220b5aa8ca5,0x552413f796a390b64e139184248d433e2139c338507786768d1d110600846fff,Qm6f7b305f8c1395edda97c9a1d4d5c1a6b02cd31ee4e9,Pinata Dedicated IPFS Gateway,0.0.4891024,2652,2026-09-13 12:12:45 UTC,0xe49e0082e72a2317d32707c79712dcf893538ee852e6c7b24964b4707fcf04f0,0.0001,Pharmacy Dispensation Verification & Medication Fulfillment,Identity Verified (Wallet Protocol),Blockchain Audit Enabled
RX-0653,Priyanka Mukherjee,849403,0xea2ed255654799a06e952b0bc11d755680e9ea1e,Request Access,Unauthorized / Unlinked,NO,NO,NO,1192.18,Dr. Rajesh Sharma,0x3c44CdDdB6a900fa2b585dd299e03d12FA4293BC,NMC-78491,Apollo Multispecialty Hospital,Apollo Pharmacy Global,0x04Fee3FD1B338d12FFD6dBD8d66dE1e8e0BB99cB,DL-AP-2024-8901,"K. V. Raman, R.Ph.",E11.9,Type 2 diabetes mellitus without complications,Endocrinology,"Metformin Hydrochloride (500 mg, Twice Daily with meals, Qty: 60) | Dapagliflozin Propanediol (10 mg, Once Daily morning, Qty: 30) | Glimepiride (2 mg, Once Daily pre-breakfast, Qty: 30)",3,AES-256-GCM,vault-transit-key-0xea2ed255,5b045164b8ae4fe5c8764cac,eae7da8ba05f933df971bf619f10d646,0xd87bb9d41bc2bb2a254dab6695b75116392115315a19745c1626f6a56173e627,Qm5c3f6a6db2b7512ff642376aa0c487ad48af70fede20,Pinata Dedicated IPFS Gateway,0.0.4891024,2653,2026-09-13 12:12:48 UTC,0x309386180916944a4ce6f1a274ee1062fb813f422787ac64f65ec8ca78d9f4d3,0.0001,Pharmacy Dispensation Verification & Medication Fulfillment,Identity Verified (Wallet Protocol),Blockchain Audit Enabled
RX-0654,Sneha Malhotra,849404,0xacebf09d49b339c7eed4a8ebc22686125550d3eb,Dispensed (Fulfilled),Dispensed & Fulfilled,YES,NO,YES,998.02,Dr. Rajesh Sharma,0x3c44CdDdB6a900fa2b585dd299e03d12FA4293BC,NMC-78491,Apollo Multispecialty Hospital,Fortis Care Dispensary,0x84f93618C1D541bB1Dcf1373A8eE500A7D439634,DL-FC-2025-1094,"Amit Singhania, R.Ph.",G43.909,"Migraine, unspecified, not intractable",Neurology,"Sumatriptan Succinate (50 mg, 1 tablet at onset of migraine SOS, Qty: 10) | Naproxen Sodium (500 mg, Twice daily as needed with food, Qty: 20) | Propranolol HCl (40 mg, Twice daily for prophylaxis, Qty: 60)",3,AES-256-GCM,vault-transit-key-0xacebf09d,c3b84a505354b807f7a6e101,9782802aaa50574a470e35375bf5bab5,0xfaa696f68ba352b91ec2b9f4354df0516718e4129c8283c59ee04eb26133299d,Qm7156b6795904517b5a05cc45bc7422f9d820c36e9670,Pinata Dedicated IPFS Gateway,0.0.4891024,2654,2026-09-13 12:12:50 UTC,0x45d648a59d2752d0412addc28b587dac07b2f01d7142213bdc0c173c95499d10,0.0001,Pharmacy Dispensation Verification & Medication Fulfillment,Identity Verified (Wallet Protocol),Blockchain Audit Enabled
RX-0655,Ananya Iyer,849405,0x7f85ed482f33a4ad8d6376b7592d7a68862a378e,🔓 Decrypt RX,Pending - Ready to Decrypt,YES (Patient Consent Active),NO,NO,990.07,Dr. Rajesh Sharma,0x3c44CdDdB6a900fa2b585dd299e03d12FA4293BC,NMC-78491,Apollo Multispecialty Hospital,Max Wellness Pharmacy,0x28B7eA94B34C8F52D19E50Eb14769Da20F5D54b4,DL-MW-2024-7731,"Sneha Mukherjee, R.Ph.",G43.909,"Migraine, unspecified, not intractable",Neurology,"Sumatriptan Succinate (50 mg, 1 tablet at onset of migraine SOS, Qty: 10) | Naproxen Sodium (500 mg, Twice daily as needed with food, Qty: 20) | Propranolol HCl (40 mg, Twice daily for prophylaxis, Qty: 60)",3,AES-256-GCM,vault-transit-key-0x7f85ed48,2451fa5c6e74aac772d3df49,a585b77f49f61b7ee7ae8273e5f8da54,0x3dee6b2bea5fac2ced56cd2d150cc80942e3d61685f982ad70903f2a79192a6f,Qm5326e33c818c5100503e4a2f857d5132dd3403b0c83e,Pinata Dedicated IPFS Gateway,0.0.4891024,2655,2026-09-13 12:12:52 UTC,0x4ddbc13a796602f548ae4ad68ea0bbace264ea0f4357f88b01b8be8f511e41d0,0.0001,Pharmacy Dispensation Verification & Medication Fulfillment,Identity Verified (Wallet Protocol),Blockchain Audit Enabled
RX-0656,Sameer Nair,849406,0x2ce4e02da19b34011c69f37fcc614cf6b974b111,🔓 Decrypt RX,Pending - Ready to Decrypt,YES (Patient Consent Active),NO,NO,1705.75,Dr. Ananya Roy,0x9965507D1a55bcC2695C58ba16FB37d819B0A4dc,NMC-51203,Max Super Speciality Cancer Institute,Apollo Pharmacy Global,0x04Fee3FD1B338d12FFD6dBD8d66dE1e8e0BB99cB,DL-AP-2024-8901,"K. V. Raman, R.Ph.",C50.919,Malignant neoplasm of female breast,Oncology,"Tamoxifen Citrate (20 mg, Once Daily at fixed hour, Qty: 30) | Ondansetron HCl (8 mg, Twice Daily 30 min before food, Qty: 30) | Calcium Carbonate + Vit D3 (500mg/250IU, Once Daily post meal, Qty: 30)",3,AES-256-GCM,vault-transit-key-0x2ce4e02d,14ec2f7d0cff556425b71e09,d33ceae8a825a379b8655383e1c3bc4b,0x4e6a07aa5f2b9aa973a47059782ca0bc4872e4bf8696c5a88e788271de1c4b78,Qm0683bdcd27c503495ad9439cce09a373634ce2e8d63a,Pinata Dedicated IPFS Gateway,0.0.4891024,2656,2026-09-13 12:12:54 UTC,0x726739a1fc87a96c6764abe77cc3af7c50a9f4f602a16b42e62599952468d64b,0.0001,Pharmacy Dispensation Verification & Medication Fulfillment,Identity Verified (Wallet Protocol),Blockchain Audit Enabled
RX-0657,Geeta Swaminathan,849407,0x1be77db49c365766edd57502345a8c12a32e1afd,🔓 Decrypt RX,Pending - Ready to Decrypt,YES (Patient Consent Active),NO,NO,442.9,Dr. Ananya Roy,0x9965507D1a55bcC2695C58ba16FB37d819B0A4dc,NMC-51203,Max Super Speciality Cancer Institute,Fortis Care Dispensary,0x84f93618C1D541bB1Dcf1373A8eE500A7D439634,DL-FC-2025-1094,"Amit Singhania, R.Ph.",J06.9,Acute upper respiratory infection,Pediatrics / General,"Amoxicillin + Potassium Clavulanate (625 mg, Twice Daily post food, Qty: 14) | Paracetamol (650 mg, Thrice daily post meals SOS, Qty: 15) | Levocetirizine Dihydrochloride (5 mg, Once Daily at Bedtime, Qty: 7)",3,AES-256-GCM,vault-transit-key-0x1be77db4,fa8c8da0dffbac38062ae858,46cbca18bdcacee6c7a3e76d862bcbcd,0x6c12a9d8182fea2b48e951667880164a393452edc0f919fabc9728383dc85893,Qm4d8d7cff0d83848edae42a715d9f557e5c1b6e4f4d41,Pinata Dedicated IPFS Gateway,0.0.4891024,2657,2026-09-13 12:12:57 UTC,0xc1aa2435f68b92101c684a90e78e00d27e7e86641f1c6d5f66962e54d92e9c30,0.0001,Pharmacy Dispensation Verification & Medication Fulfillment,Identity Verified (Wallet Protocol),Blockchain Audit Enabled
RX-0658,Pooja Rao,849408,0xaed767d979c4f9731e8cba89daa2775ad82e6373,⏳ Waiting for Approval,Access Pending Approval,NO,YES,NO,3315.53,Dr. Sunita Narang,0xBcd4042DE499D14e55001CcbB24a551F3b954096,NMC-90812,Apex Diagnostic Reference Labs,Fortis Care Dispensary,0x84f93618C1D541bB1Dcf1373A8eE500A7D439634,DL-FC-2025-1094,"Amit Singhania, R.Ph.",C61,Malignant neoplasm of prostate,Oncology,"Bicalutamide (50 mg, Once Daily morning, Qty: 30) | Tamsulosin HCl (0.4 mg, Once Daily 30 min after same meal, Qty: 30)",2,AES-256-GCM,vault-transit-key-0xaed767d9,b929bc1876759626a5d14927,05110f0c68a5c2339bb194184cc27962,0x767294b78e4ec51fe6269fd3a1005c614066b1ee3953f45b95d584693326348d,Qm5d7ecbe31202b04d647e3635cf58744332389b538feb,Pinata Dedicated IPFS Gateway,0.0.4891024,2658,2026-09-13 12:12:59 UTC,0xbed98326fe9ac144cd2d5d1c62214240edc5437ab1a3ec5cebb76e9889edab6d,0.0001,Pharmacy Dispensation Verification & Medication Fulfillment,Identity Verified (Wallet Protocol),Blockchain Audit Enabled
RX-0659,Geeta Mishra,849409,0xe93990873e26c08d836bca7f755c621b8bbd2833,🔓 Decrypt RX,Pending - Ready to Decrypt,YES (Patient Consent Active),NO,NO,1493.08,Dr. Rohan Patel,0x976EA74026E726554dB657fA54763abd0C3a0aa9,NMC-11029,Fortis Memorial Neuro & Trauma Center,Max Wellness Pharmacy,0x28B7eA94B34C8F52D19E50Eb14769Da20F5D54b4,DL-MW-2024-7731,"Sneha Mukherjee, R.Ph.",G40.909,"Epilepsy, unspecified",Neurology,"Levetiracetam (500 mg, Twice Daily morning & evening, Qty: 60) | Clobazam (10 mg, Once Daily at Bedtime, Qty: 30)",2,AES-256-GCM,vault-transit-key-0xe9399087,97022961d0ff07c02979e4f6,da6e2a826cdc724586330cdd4c2e8113,0x444ffa400c0d7566da1c4458e8a94903c46391be0e0065384ae43f414a5c323f,Qm0bbd99ca69b8c48c3643401ab3840b308514ceab9dcd,Pinata Dedicated IPFS Gateway,0.0.4891024,2659,2026-09-13 12:13:02 UTC,0x8df1171e55aabff33b63d1f32aeb0f4693aa31e7d3d4329eba9db3622f98725b,0.0001,Pharmacy Dispensation Verification & Medication Fulfillment,Identity Verified (Wallet Protocol),Blockchain Audit Enabled
RX-0660,Sneha Rao,849410,0xc35a4e1a40d1c24dbb9b1e3878d9e7b404e9c08d,⏳ Waiting for Approval,Access Pending Approval,NO,YES,NO,990.01,Dr. Sarah Jenkins,0x04Fee3FD1B338d12FFD6dBD8d66dE1e8e0BB99cB,NMC-48192,Apollo Multispecialty Hospital,Apex Central Clinical Dispensary,0x155Af6ECaFb48861dA7d16Fb8Af2f6ce9d6DD779,DL-AX-2026-3021,"Rajesh Nambiar, Pharm.D.",G43.909,"Migraine, unspecified, not intractable",Neurology,"Sumatriptan Succinate (50 mg, 1 tablet at onset of migraine SOS, Qty: 10) | Naproxen Sodium (500 mg, Twice daily as needed with food, Qty: 20) | Propranolol HCl (40 mg, Twice daily for prophylaxis, Qty: 60)",3,AES-256-GCM,vault-transit-key-0xc35a4e1a,d5e3018cca393cc237fc726e,93f47062286cbda20149bd92ce7df049,0x0405ed62c3b630040ee05c8748c0c3604ddf8f689bdca57a56aa316166823fd2,Qm709325cd250d918a6c5b2142327720fb5dedf137cb91,Pinata Dedicated IPFS Gateway,0.0.4891024,2660,2026-09-13 12:13:04 UTC,0x06d3a895c76adecf14c20db968e2c1292877dee423e9362f9ff9b6cf6700040a,0.0001,Pharmacy Dispensation Verification & Medication Fulfillment,Identity Verified (Wallet Protocol),Blockchain Audit Enabled
RX-0661,Sameer Kulkarni,849411,0x4dda0207c83c5feaa3136496adcfe2b6214a7e69,🔓 Decrypt RX,Pending - Ready to Decrypt,YES (Patient Consent Active),NO,NO,444.43,Dr. Rajesh Sharma,0x3c44CdDdB6a900fa2b585dd299e03d12FA4293BC,NMC-78491,Apollo Multispecialty Hospital,Apex Central Clinical Dispensary,0x155Af6ECaFb48861dA7d16Fb8Af2f6ce9d6DD779,DL-AX-2026-3021,"Rajesh Nambiar, Pharm.D.",J06.9,Acute upper respiratory infection,Pediatrics / General,"Amoxicillin + Potassium Clavulanate (625 mg, Twice Daily post food, Qty: 14) | Paracetamol (650 mg, Thrice daily post meals SOS, Qty: 15) | Levocetirizine Dihydrochloride (5 mg, Once Daily at Bedtime, Qty: 7)",3,AES-256-GCM,vault-transit-key-0x4dda0207,4d5452bb0aaae07c7912afe4,b2a061eb7d51111d7a938dbb19e75103,0xa521e5d66dc57015f8847e3c515b8047e3489ef13d1ecbd1426bcf76e94f8df2,Qm6c1dfa905c0fb910f36af4b7e6ff90b9bacfcc4fc597,Pinata Dedicated IPFS Gateway,0.0.4891024,2661,2026-09-13 12:13:06 UTC,0xd344fe9e919eba2cbd13aeb0a000a8f777ea4ada489053f57893db3572c6fa7a,0.0001,Pharmacy Dispensation Verification & Medication Fulfillment,Identity Verified (Wallet Protocol),Blockchain Audit Enabled
RX-0662,Anand Bhatia,849412,0xe457d9eb32d995e2cf5f3428012a5d257d714e35,🔓 Decrypt RX,Pending - Ready to Decrypt,YES (Patient Consent Active),NO,NO,993.05,Dr. Sunita Narang,0xBcd4042DE499D14e55001CcbB24a551F3b954096,NMC-90812,Apex Diagnostic Reference Labs,Apollo Pharmacy Global,0x04Fee3FD1B338d12FFD6dBD8d66dE1e8e0BB99cB,DL-AP-2024-8901,"K. V. Raman, R.Ph.",G43.909,"Migraine, unspecified, not intractable",Neurology,"Sumatriptan Succinate (50 mg, 1 tablet at onset of migraine SOS, Qty: 10) | Naproxen Sodium (500 mg, Twice daily as needed with food, Qty: 20) | Propranolol HCl (40 mg, Twice daily for prophylaxis, Qty: 60)",3,AES-256-GCM,vault-transit-key-0xe457d9eb,a0bfc3943a3b5392d77ec426,4e5e597ba0fd1488fab66e9f7d8ea8a0,0x6a49e3374ac5c0805e4bd5c892fed1f97ab80c5c1035e6f6d6bccb41d96cb031,Qm40c9697af441761b5745ca17b3c6bb0db67bebe4bde0,Pinata Dedicated IPFS Gateway,0.0.4891024,2662,2026-09-13 12:13:09 UTC,0xa731f8d1f673bfd9c1c5dbad64d02751250ee5470ad841afcfacc316e25868c4,0.0001,Pharmacy Dispensation Verification & Medication Fulfillment,Identity Verified (Wallet Protocol),Blockchain Audit Enabled
RX-0663,Divya Hegde,849413,0x0cab84eb2e75cffa3f13441dabad6d394c1c593d,⏳ Waiting for Approval,Access Pending Approval,NO,YES,NO,935.16,Dr. Sarah Jenkins,0x04Fee3FD1B338d12FFD6dBD8d66dE1e8e0BB99cB,NMC-48192,Apollo Multispecialty Hospital,Apollo Pharmacy Global,0x04Fee3FD1B338d12FFD6dBD8d66dE1e8e0BB99cB,DL-AP-2024-8901,"K. V. Raman, R.Ph.",K21.9,Gastro-esophageal reflux disease,Gastroenterology,"Pantoprazole Gastro-resistant (40 mg, Once Daily 30 min pre-breakfast, Qty: 30) | Domperidone Sustained Release (30 mg, Once Daily morning, Qty: 30) | Sucralfate Oral Suspension (1000 mg/10mL, 10 mL thrice daily before meals, Qty: 2)",3,AES-256-GCM,vault-transit-key-0x0cab84eb,a2a8418a92a3bcebe7c6818f,f21f45e4335249de8e141b0444dcf1f8,0xf7dd8f5ae7c73103acb7bcf1b0f883976b56e0ba3225b0362b25147307be50fe,Qm6a06e0e7bdb9849487914a2e0635b9fd3f8ed6d64d07,Pinata Dedicated IPFS Gateway,0.0.4891024,2663,2026-09-13 12:13:11 UTC,0xfe25fb8dcec2855204500b5f4ace0fadf9cdc45bf2248f7e271aa4a42b762414,0.0001,Pharmacy Dispensation Verification & Medication Fulfillment,Identity Verified (Wallet Protocol),Blockchain Audit Enabled
RX-0664,Divya Verma,849414,0x6f3558a094bef5092790698fa4e7c8d9b47e1d31,⏳ Waiting for Approval,Access Pending Approval,NO,YES,NO,428.57,Dr. Preeti Deshmukh,0x23618e81E3f5cdF7f54C3d65f7FBc0aBf5B21E8f,NMC-82194,Care & Cure Pediatric & Maternity Hospital,Fortis Care Dispensary,0x84f93618C1D541bB1Dcf1373A8eE500A7D439634,DL-FC-2025-1094,"Amit Singhania, R.Ph.",J06.9,Acute upper respiratory infection,Pediatrics / General,"Amoxicillin + Potassium Clavulanate (625 mg, Twice Daily post food, Qty: 14) | Paracetamol (650 mg, Thrice daily post meals SOS, Qty: 15) | Levocetirizine Dihydrochloride (5 mg, Once Daily at Bedtime, Qty: 7)",3,AES-256-GCM,vault-transit-key-0x6f3558a0,9d12ae34d5fab5404a27c8fb,0f76ebcd2f17d0400aeaa58449d6db0e,0x5328ff43805a9d88583d23496fa635edc116aba640718135175a49e7e9eed341,Qmeee7a63a95db00161f32587a1a032ff7ef93a531560d,Pinata Dedicated IPFS Gateway,0.0.4891024,2664,2026-09-13 12:13:13 UTC,0xd7fbb7788afd3b281d73ff34e7f67c2602a72b25ba88f3b0b2a75f8efcc9e8b5,0.0001,Pharmacy Dispensation Verification & Medication Fulfillment,Identity Verified (Wallet Protocol),Blockchain Audit Enabled
RX-0665,Pranav Reddy,849415,0x023ff3733834c731d3cf873018bff941e7e15b28,🔓 Decrypt RX,Pending - Ready to Decrypt,YES (Patient Consent Active),NO,NO,3305.06,Dr. Ananya Roy,0x9965507D1a55bcC2695C58ba16FB37d819B0A4dc,NMC-51203,Max Super Speciality Cancer Institute,Max Wellness Pharmacy,0x28B7eA94B34C8F52D19E50Eb14769Da20F5D54b4,DL-MW-2024-7731,"Sneha Mukherjee, R.Ph.",C61,Malignant neoplasm of prostate,Oncology,"Bicalutamide (50 mg, Once Daily morning, Qty: 30) | Tamsulosin HCl (0.4 mg, Once Daily 30 min after same meal, Qty: 30)",2,AES-256-GCM,vault-transit-key-0x023ff373,4568995f95e279304aa2803c,e427c2b059ce8fb41c2f3eb3bc59eaef,0x4d1c67306f5185e75a433b71a13e640fc47a680caca0cda68fd4104227843fd2,Qmdd4ab2de08ccc1da41ee606b225f8cb04616003ad8d5,Pinata Dedicated IPFS Gateway,0.0.4891024,2665,2026-09-13 12:13:16 UTC,0xa58857ce052a70acefe3488e716744a392b7e89685eed7b5c32ba61d9889c90e,0.0001,Pharmacy Dispensation Verification & Medication Fulfillment,Identity Verified (Wallet Protocol),Blockchain Audit Enabled
RX-0666,Yashwanth Mishra,849416,0xef766a3fa40fecac778dd4b96f42fb0ee3cfc845,Dispensed (Fulfilled),Dispensed & Fulfilled,YES,NO,YES,434.5,Dr. Rohan Patel,0x976EA74026E726554dB657fA54763abd0C3a0aa9,NMC-11029,Fortis Memorial Neuro & Trauma Center,Apex Central Clinical Dispensary,0x155Af6ECaFb48861dA7d16Fb8Af2f6ce9d6DD779,DL-AX-2026-3021,"Rajesh Nambiar, Pharm.D.",J06.9,Acute upper respiratory infection,Pediatrics / General,"Amoxicillin + Potassium Clavulanate (625 mg, Twice Daily post food, Qty: 14) | Paracetamol (650 mg, Thrice daily post meals SOS, Qty: 15) | Levocetirizine Dihydrochloride (5 mg, Once Daily at Bedtime, Qty: 7)",3,AES-256-GCM,vault-transit-key-0xef766a3f,4a32c5d1251ce67a490f230d,b34b949f31caae8bcb44b2a2b8d448e2,0xc61336c0c8866a76421c9d7d86c171ac62ee350d3adf5becba6c4a47afbb1695,Qm4e68cd53a56054d0e055ba23e813ab40c7d1df569a34,Pinata Dedicated IPFS Gateway,0.0.4891024,2666,2026-09-13 12:13:18 UTC,0xb5f99ee8cff0d57239fce0d3b69708b5386ce85af4e5ca3537627a4ebafee73b,0.0001,Pharmacy Dispensation Verification & Medication Fulfillment,Identity Verified (Wallet Protocol),Blockchain Audit Enabled
RX-0667,Sneha Nair,849417,0xa011a0ef54ebbd93c32b5909464168070d2b4963,🔓 Decrypt RX,Pending - Ready to Decrypt,YES (Patient Consent Active),NO,NO,1702.82,Dr. Sunita Narang,0xBcd4042DE499D14e55001CcbB24a551F3b954096,NMC-90812,Apex Diagnostic Reference Labs,Fortis Care Dispensary,0x84f93618C1D541bB1Dcf1373A8eE500A7D439634,DL-FC-2025-1094,"Amit Singhania, R.Ph.",C50.919,Malignant neoplasm of female breast,Oncology,"Tamoxifen Citrate (20 mg, Once Daily at fixed hour, Qty: 30) | Ondansetron HCl (8 mg, Twice Daily 30 min before food, Qty: 30) | Calcium Carbonate + Vit D3 (500mg/250IU, Once Daily post meal, Qty: 30)",3,AES-256-GCM,vault-transit-key-0xa011a0ef,8a5cf355fd5901d16c1f2dc3,7a95c312ca8aee8fe0fb5b11506d3261,0x6bb86d8def38b131a6e8d16fdd866e2f352efb5a6311b5fa3c6fdc3908606f1c,Qmdf2c1af81131f88ee0a7946371e26e2bdd762fbbfbf7,Pinata Dedicated IPFS Gateway,0.0.4891024,2667,2026-09-13 12:13:21 UTC,0x0b172f6ef3a315743d707034410d0dac2841e3f5122d0332349232e1c33234c3,0.0001,Pharmacy Dispensation Verification & Medication Fulfillment,Identity Verified (Wallet Protocol),Blockchain Audit Enabled
RX-0668,Aditi Gowda,849418,0xbec11ba27130afb085be6ef2f494ced2a7f340b6,Dispensed (Fulfilled),Dispensed & Fulfilled,YES,NO,YES,1496.86,Dr. Rajesh Sharma,0x3c44CdDdB6a900fa2b585dd299e03d12FA4293BC,NMC-78491,Apollo Multispecialty Hospital,Apex Central Clinical Dispensary,0x155Af6ECaFb48861dA7d16Fb8Af2f6ce9d6DD779,DL-AX-2026-3021,"Rajesh Nambiar, Pharm.D.",G40.909,"Epilepsy, unspecified",Neurology,"Levetiracetam (500 mg, Twice Daily morning & evening, Qty: 60) | Clobazam (10 mg, Once Daily at Bedtime, Qty: 30)",2,AES-256-GCM,vault-transit-key-0xbec11ba2,e9efbcf65e3a297f107ba0d9,71b14067992bf6e11cf713bffb534564,0x8bae5dd4f9b61678028a02879e01ef184a34da45b2cf663ba014b59a45022d33,Qm16db9b360fd71fec89357eaa49c878b42fa2193139f0,Pinata Dedicated IPFS Gateway,0.0.4891024,2668,2026-09-13 12:13:23 UTC,0x8e41d95e55075b169dfd72ec1eccb25247cb2d7b91e643ba493434cf04da4e5b,0.0001,Pharmacy Dispensation Verification & Medication Fulfillment,Identity Verified (Wallet Protocol),Blockchain Audit Enabled
RX-0669,Aditi Shetty,849419,0x23990fe6ed5b6973ba960f1d52b1982927473eb3,Dispensed (Fulfilled),Dispensed & Fulfilled,YES,NO,YES,999.89,Dr. Ananya Roy,0x9965507D1a55bcC2695C58ba16FB37d819B0A4dc,NMC-51203,Max Super Speciality Cancer Institute,Apex Central Clinical Dispensary,0x155Af6ECaFb48861dA7d16Fb8Af2f6ce9d6DD779,DL-AX-2026-3021,"Rajesh Nambiar, Pharm.D.",G43.909,"Migraine, unspecified, not intractable",Neurology,"Sumatriptan Succinate (50 mg, 1 tablet at onset of migraine SOS, Qty: 10) | Naproxen Sodium (500 mg, Twice daily as needed with food, Qty: 20) | Propranolol HCl (40 mg, Twice daily for prophylaxis, Qty: 60)",3,AES-256-GCM,vault-transit-key-0x23990fe6,d5bf77b1f13ae3a082d0fba4,cd01071df0d3757f50d4b5d5432bfd1e,0x4da8c4a5416525e80aaa1d2fbe1870ed8d6bf34c50a097cfbb77edff2a766c25,Qm5fa51d15ae3b02e7237b5307332e057de45436f30064,Pinata Dedicated IPFS Gateway,0.0.4891024,2669,2026-09-13 12:13:26 UTC,0x4ecf866ff17bfbeadd1b7484b69a4bf9b28fb0710a1efda1b27227fcec25df28,0.0001,Pharmacy Dispensation Verification & Medication Fulfillment,Identity Verified (Wallet Protocol),Blockchain Audit Enabled
RX-0670,Amit Reddy,849420,0x3c4aa6f6037f808a658889b8a84328cf361d5065,⏳ Waiting for Approval,Access Pending Approval,NO,YES,NO,513.96,Dr. Ananya Roy,0x9965507D1a55bcC2695C58ba16FB37d819B0A4dc,NMC-51203,Max Super Speciality Cancer Institute,Max Wellness Pharmacy,0x28B7eA94B34C8F52D19E50Eb14769Da20F5D54b4,DL-MW-2024-7731,"Sneha Mukherjee, R.Ph.",I10,Essential (primary) hypertension,Cardiology,"Amlodipine Besylate (5 mg, Once Daily (Morning), Qty: 30) | Telmisartan (40 mg, Once Daily (Morning), Qty: 30)",2,AES-256-GCM,vault-transit-key-0x3c4aa6f6,7dd2b948f1d8b0e48dfeeb06,413d22b701e0e04605d175615d831136,0x5da83fbfc278a6219890827f9acb43c2017b56a06423b97bfe11a31b7d509dad,Qmbe293aee2b3a24fb14021dd6dbc39d2870cd260aafc8,Pinata Dedicated IPFS Gateway,0.0.4891024,2670,2026-09-13 12:13:28 UTC,0xeb835a3588274725294bbce99832ae925897c4603fe90d6e8e012c5fc2690d63,0.0001,Pharmacy Dispensation Verification & Medication Fulfillment,Identity Verified (Wallet Protocol),Blockchain Audit Enabled
RX-0671,Varun Joshi,849421,0x6f08097f91d35dd352c19d391949b3e0b72783ca,Dispensed (Fulfilled),Dispensed & Fulfilled,YES,NO,YES,984.77,Dr. Rajesh Sharma,0x3c44CdDdB6a900fa2b585dd299e03d12FA4293BC,NMC-78491,Apollo Multispecialty Hospital,MedPlus Health Hub,0x70997970C51812dc3A010C7d01b50e0d17dc79C8,DL-MP-2023-4122,"Priya Sundaram, Pharm.D.",I20.9,"Angina pectoris, unspecified",Cardiology,"Nitroglycerin Sublingual (0.4 mg, PRN for chest pain, Qty: 25) | Aspirin Gastro-resistant (75 mg, Once Daily post meal, Qty: 30) | Atorvastatin Calcium (40 mg, Once Daily at Bedtime, Qty: 30)",3,AES-256-GCM,vault-transit-key-0x6f08097f,a49a3215bb0a0492895e4b58,72304ee25286cce9f78597481b4ba24c,0xbb3ad934b81672d6eb6ce0169a6c9ef923d14e815dbf178632508c9bb081a5e6,Qm134a6b455a8206882c19fec4043e899012785dc9a4d1,Pinata Dedicated IPFS Gateway,0.0.4891024,2671,2026-09-13 12:13:30 UTC,0x40285ad0c91e008dc15265558ce4b729ada857409149ac602a78841b8a73af74,0.0001,Pharmacy Dispensation Verification & Medication Fulfillment,Identity Verified (Wallet Protocol),Blockchain Audit Enabled
RX-0672,Ananya Nair,849422,0xf818561f437eec7f07c0efcb4eaa236e32ba414c,Dispensed (Fulfilled),Dispensed & Fulfilled,YES,NO,YES,1480.68,Dr. Ananya Roy,0x9965507D1a55bcC2695C58ba16FB37d819B0A4dc,NMC-51203,Max Super Speciality Cancer Institute,MedPlus Health Hub,0x70997970C51812dc3A010C7d01b50e0d17dc79C8,DL-MP-2023-4122,"Priya Sundaram, Pharm.D.",G40.909,"Epilepsy, unspecified",Neurology,"Levetiracetam (500 mg, Twice Daily morning & evening, Qty: 60) | Clobazam (10 mg, Once Daily at Bedtime, Qty: 30)",2,AES-256-GCM,vault-transit-key-0xf818561f,7c04fcf5bb8ebe61ebdc0e79,da8dd6120da824535a8c78e6564311dd,0xe7e2398dfc7e34e9d2c37ea32d2640b2cef4c6b8c6258b984b857b8e34cdf2b0,Qm0684e2d7f9e2a419ced5fc44692f3ca826d93414f98e,Pinata Dedicated IPFS Gateway,0.0.4891024,2672,2026-09-13 12:13:33 UTC,0x19bd27221bffa0790a560b48d60d18f72607ccc0aebf95641bb6643262a71b37,0.0001,Pharmacy Dispensation Verification & Medication Fulfillment,Identity Verified (Wallet Protocol),Blockchain Audit Enabled
RX-0673,Divya Iyer,849423,0x64a1d5c515a829d89630a527090140a663c6ca97,🔓 Decrypt RX,Pending - Ready to Decrypt,YES (Patient Consent Active),NO,NO,1628.58,Dr. Rohan Patel,0x976EA74026E726554dB657fA54763abd0C3a0aa9,NMC-11029,Fortis Memorial Neuro & Trauma Center,MedPlus Health Hub,0x70997970C51812dc3A010C7d01b50e0d17dc79C8,DL-MP-2023-4122,"Priya Sundaram, Pharm.D.",E11.65,Type 2 diabetes mellitus with hyperglycemia,Endocrinology,"Insulin Glargine Solostar (100 IU/mL, 14 Units Once Daily at Bedtime, Qty: 2) | Metformin XR (1000 mg, Once Daily post dinner, Qty: 30)",2,AES-256-GCM,vault-transit-key-0x64a1d5c5,f2b63fc908fd66a4aca76ace,6bc81f1fc5bb28b385fd7d91477cb12f,0xc238ea53158ce199016669a10b5ef571513d2674d65472a1ef2bec79521d0c53,Qm156b80583e85e6c947499ecfce14d3abdea9255dd424,Pinata Dedicated IPFS Gateway,0.0.4891024,2673,2026-09-13 12:13:36 UTC,0x38d1f5600e80bd022834f427bd8923453d45a7c2f367362ae978a8c08019d91c,0.0001,Pharmacy Dispensation Verification & Medication Fulfillment,Identity Verified (Wallet Protocol),Blockchain Audit Enabled
RX-0674,Rohan Agarwal,849424,0x430baac6412038295574a558cc09dec7870ca58d,Dispensed (Fulfilled),Dispensed & Fulfilled,YES,NO,YES,939.64,Dr. Sunita Narang,0xBcd4042DE499D14e55001CcbB24a551F3b954096,NMC-90812,Apex Diagnostic Reference Labs,Apex Central Clinical Dispensary,0x155Af6ECaFb48861dA7d16Fb8Af2f6ce9d6DD779,DL-AX-2026-3021,"Rajesh Nambiar, Pharm.D.",K21.9,Gastro-esophageal reflux disease,Gastroenterology,"Pantoprazole Gastro-resistant (40 mg, Once Daily 30 min pre-breakfast, Qty: 30) | Domperidone Sustained Release (30 mg, Once Daily morning, Qty: 30) | Sucralfate Oral Suspension (1000 mg/10mL, 10 mL thrice daily before meals, Qty: 2)",3,AES-256-GCM,vault-transit-key-0x430baac6,96de17161aad1e5946fa9e3a,1c397fff41544d25e4277433f6d10d93,0xb29e1db369fda762f096abadd1e2692ddf735dd1004c635d9fedf5191e9ed139,Qmfe56ace00b22e6c65b1614a050428d6a5cd002a34ca6,Pinata Dedicated IPFS Gateway,0.0.4891024,2674,2026-09-13 12:13:37 UTC,0xe3ac43a3930d70e5651b860a5759f9673e8b70227031c312ffa79c89464518b9,0.0001,Pharmacy Dispensation Verification & Medication Fulfillment,Identity Verified (Wallet Protocol),Blockchain Audit Enabled
RX-0675,Pranav Deshmukh,849425,0x1b4e77f0c030f00949898663e36f5f9474154ef0,Dispensed (Fulfilled),Dispensed & Fulfilled,YES,NO,YES,985.9,Dr. Vikram Seth,0x15d34AAf54267DB7D7c367839AAf71A00a2C6A65,NMC-99014,Max Super Speciality Cancer Institute,MedPlus Health Hub,0x70997970C51812dc3A010C7d01b50e0d17dc79C8,DL-MP-2023-4122,"Priya Sundaram, Pharm.D.",I20.9,"Angina pectoris, unspecified",Cardiology,"Nitroglycerin Sublingual (0.4 mg, PRN for chest pain, Qty: 25) | Aspirin Gastro-resistant (75 mg, Once Daily post meal, Qty: 30) | Atorvastatin Calcium (40 mg, Once Daily at Bedtime, Qty: 30)",3,AES-256-GCM,vault-transit-key-0x1b4e77f0,22c4055b425ee7757065af68,f09e4f0ce2952ab4b1f2def5d9ea8242,0xba983bd2964fd1b3715c6aab23954444e0ef035970e260439756bb41271a7c93,Qm25b3b147efbeaa21b817b46af2ff1ff1ffa1a602beb8,Pinata Dedicated IPFS Gateway,0.0.4891024,2675,2026-09-13 12:13:40 UTC,0xf278b3f000bd5c9075fc01b47695e593ea7f2c4beb20cccb3b7ce854de304bfb,0.0001,Pharmacy Dispensation Verification & Medication Fulfillment,Identity Verified (Wallet Protocol),Blockchain Audit Enabled
RX-0676,Kavya Sharma,849426,0xb7e7fc1400b373a4ef87a1df5210b9b5d011977a,🔓 Decrypt RX,Pending - Ready to Decrypt,YES (Patient Consent Active),NO,NO,918.39,Dr. Rohan Patel,0x976EA74026E726554dB657fA54763abd0C3a0aa9,NMC-11029,Fortis Memorial Neuro & Trauma Center,MedPlus Health Hub,0x70997970C51812dc3A010C7d01b50e0d17dc79C8,DL-MP-2023-4122,"Priya Sundaram, Pharm.D.",A90,Dengue fever [classical dengue],Infectious Disease,"Paracetamol Infusion / Tab (650 mg, Every 6 hours SOS fever > 100°F, Qty: 20) | Carica Papaya Leaf Extract (1100 mg, Thrice Daily post food, Qty: 21) | Oral Rehydration Salts (WHO formula) (21.8 g sachet, 1 sachet in 1L water daily, Qty: 7)",3,AES-256-GCM,vault-transit-key-0xb7e7fc14,2cb4db2f94fe7b9f634f3288,a132ebe63545be374746069af5a4961f,0x8b32c62f4ed1f62b2d83670cf987746cb01a546702ca2ad3929d8f61db08962e,Qm7ea6d1c8781711a6db08de0302f3945ac7b649196452,Pinata Dedicated IPFS Gateway,0.0.4891024,2676,2026-09-13 12:13:42 UTC,0x12a6ce07591bcabd2e21c6de74af89678d5487dff2dc484cc660035beceb71a0,0.0001,Pharmacy Dispensation Verification & Medication Fulfillment,Identity Verified (Wallet Protocol),Blockchain Audit Enabled
RX-0677,Rakesh Gowda,849427,0x7bfc8ccdc9e05144f7c3c349185bb4964df6c8f2,🔓 Decrypt RX,Pending - Ready to Decrypt,YES (Patient Consent Active),NO,NO,972.07,Dr. Rajesh Sharma,0x3c44CdDdB6a900fa2b585dd299e03d12FA4293BC,NMC-78491,Apollo Multispecialty Hospital,Apollo Pharmacy Global,0x04Fee3FD1B338d12FFD6dBD8d66dE1e8e0BB99cB,DL-AP-2024-8901,"K. V. Raman, R.Ph.",G43.909,"Migraine, unspecified, not intractable",Neurology,"Sumatriptan Succinate (50 mg, 1 tablet at onset of migraine SOS, Qty: 10) | Naproxen Sodium (500 mg, Twice daily as needed with food, Qty: 20) | Propranolol HCl (40 mg, Twice daily for prophylaxis, Qty: 60)",3,AES-256-GCM,vault-transit-key-0x7bfc8ccd,af8d4fc652f4a85e6a0f0848,c67deaed533007d6ce102f58cd138be5,0x1a067e3d4ebd422d08e7433220ad6ccfe17856f29e8ae8d3d6bba29426b3e86b,Qm25f4e8db1a4e483838b915fb5f17aa4dd9ddde8ea5d7,Pinata Dedicated IPFS Gateway,0.0.4891024,2677,2026-09-13 12:13:45 UTC,0x0f9cc375d28e72e5797e7921457d15ff78a89f0ede9efb9311884b9efa933f9b,0.0001,Pharmacy Dispensation Verification & Medication Fulfillment,Identity Verified (Wallet Protocol),Blockchain Audit Enabled
RX-0678,Ishaan Ghosh,849428,0x6c5608f37819672ee5b1dc1da2bcea48a97dc4fe,Dispensed (Fulfilled),Dispensed & Fulfilled,YES,NO,YES,995.19,Dr. Vikram Seth,0x15d34AAf54267DB7D7c367839AAf71A00a2C6A65,NMC-99014,Max Super Speciality Cancer Institute,Apex Central Clinical Dispensary,0x155Af6ECaFb48861dA7d16Fb8Af2f6ce9d6DD779,DL-AX-2026-3021,"Rajesh Nambiar, Pharm.D.",G43.909,"Migraine, unspecified, not intractable",Neurology,"Sumatriptan Succinate (50 mg, 1 tablet at onset of migraine SOS, Qty: 10) | Naproxen Sodium (500 mg, Twice daily as needed with food, Qty: 20) | Propranolol HCl (40 mg, Twice daily for prophylaxis, Qty: 60)",3,AES-256-GCM,vault-transit-key-0x6c5608f3,5ebfa24d20907cc0b2cb9361,375175879b0f7388904cae9936f51215,0x6fbe5f7fbe1e9df749f6c1b41189f807f96ebe216e8721033b10e470e4dacb6f,Qm5c3de101bddf439e30c1594e5158bd408c1d02031bea,Pinata Dedicated IPFS Gateway,0.0.4891024,2678,2026-09-13 12:13:47 UTC,0x46079f4a5bf1317d8813ec9a399b53aaf17e0b2942d1f7f7287cc2920ef891f2,0.0001,Pharmacy Dispensation Verification & Medication Fulfillment,Identity Verified (Wallet Protocol),Blockchain Audit Enabled
RX-0679,Varun Sharma,849429,0xa279d6f2ea7147c6a6dd93bdf94623fdb8eb8080,⏳ Waiting for Approval,Access Pending Approval,NO,YES,NO,982.25,Dr. Preeti Deshmukh,0x23618e81E3f5cdF7f54C3d65f7FBc0aBf5B21E8f,NMC-82194,Care & Cure Pediatric & Maternity Hospital,Apollo Pharmacy Global,0x04Fee3FD1B338d12FFD6dBD8d66dE1e8e0BB99cB,DL-AP-2024-8901,"K. V. Raman, R.Ph.",I20.9,"Angina pectoris, unspecified",Cardiology,"Nitroglycerin Sublingual (0.4 mg, PRN for chest pain, Qty: 25) | Aspirin Gastro-resistant (75 mg, Once Daily post meal, Qty: 30) | Atorvastatin Calcium (40 mg, Once Daily at Bedtime, Qty: 30)",3,AES-256-GCM,vault-transit-key-0xa279d6f2,605e26b9a74c2181168c6cb3,8ed5fc233c17aff7b63e0a6b407989f0,0x5b519df7d804756f69682b7356826565f9a310059db3e5a4980dc6127b5e5c1f,Qm77f5f5bf31dff0f2a8fd19fa7c045d56be9e86c57178,Pinata Dedicated IPFS Gateway,0.0.4891024,2679,2026-09-13 12:13:49 UTC,0xd32e388ccda4d2de346896dd7f2456b8a5c7def974635c367afb660841068e37,0.0001,Pharmacy Dispensation Verification & Medication Fulfillment,Identity Verified (Wallet Protocol),Blockchain Audit Enabled
RX-0680,Riya Choudhury,849430,0xe652be9f541f0cce2e09651e0c491f434d4fe601,🔓 Decrypt RX,Pending - Ready to Decrypt,YES (Patient Consent Active),NO,NO,1679.41,Dr. Sarah Jenkins,0x04Fee3FD1B338d12FFD6dBD8d66dE1e8e0BB99cB,NMC-48192,Apollo Multispecialty Hospital,Max Wellness Pharmacy,0x28B7eA94B34C8F52D19E50Eb14769Da20F5D54b4,DL-MW-2024-7731,"Sneha Mukherjee, R.Ph.",C50.919,Malignant neoplasm of female breast,Oncology,"Tamoxifen Citrate (20 mg, Once Daily at fixed hour, Qty: 30) | Ondansetron HCl (8 mg, Twice Daily 30 min before food, Qty: 30) | Calcium Carbonate + Vit D3 (500mg/250IU, Once Daily post meal, Qty: 30)",3,AES-256-GCM,vault-transit-key-0xe652be9f,3b5617738ae6fb189dab395e,cc5ed62b4df6f18dd74f7f06b0f73f59,0xfc3013105b7266701d52cdddcb744f5ef8223eee9eab226f44aa6ca9505a854b,Qm0305e690233e06cef9203ce4af0b0e2b0d13e052a5f0,Pinata Dedicated IPFS Gateway,0.0.4891024,2680,2026-09-13 12:13:52 UTC,0x85162a0b2d55a2c247754d90f60559ca5afa1f460ad5b3fdcd0a8573994e1f13,0.0001,Pharmacy Dispensation Verification & Medication Fulfillment,Identity Verified (Wallet Protocol),Blockchain Audit Enabled
RX-0681,Kiran Sharma,849431,0x65a7daf634bd66e5a4368c93594e8fe14b5d7d78,🔓 Decrypt RX,Pending - Ready to Decrypt,YES (Patient Consent Active),NO,NO,1621.16,Dr. Ananya Roy,0x9965507D1a55bcC2695C58ba16FB37d819B0A4dc,NMC-51203,Max Super Speciality Cancer Institute,Max Wellness Pharmacy,0x28B7eA94B34C8F52D19E50Eb14769Da20F5D54b4,DL-MW-2024-7731,"Sneha Mukherjee, R.Ph.",E11.65,Type 2 diabetes mellitus with hyperglycemia,Endocrinology,"Insulin Glargine Solostar (100 IU/mL, 14 Units Once Daily at Bedtime, Qty: 2) | Metformin XR (1000 mg, Once Daily post dinner, Qty: 30)",2,AES-256-GCM,vault-transit-key-0x65a7daf6,a2a81ec9de04f73e36835e85,ecf15f723fc8079708fdd549f35d4e7b,0x2a19dd0f2e1f82f8a0c4754b10eda177cd33159681813ca04a021c541bd0e6e0,Qmcefc80c3416f9268ee54c92e5e6ee103dde8e5b10c93,Pinata Dedicated IPFS Gateway,0.0.4891024,2681,2026-09-13 12:13:54 UTC,0xfcb1a8a44a70104092169c79a236c2787494e9f393625aa1860947297e1ad70e,0.0001,Pharmacy Dispensation Verification & Medication Fulfillment,Identity Verified (Wallet Protocol),Blockchain Audit Enabled
RX-0682,Priyanka Patel,849432,0xb3e5173b79df13fb50c337b7330af2f1cdf5af10,🔓 Decrypt RX,Pending - Ready to Decrypt,YES (Patient Consent Active),NO,NO,1699.46,Dr. Sarah Jenkins,0x04Fee3FD1B338d12FFD6dBD8d66dE1e8e0BB99cB,NMC-48192,Apollo Multispecialty Hospital,Apex Central Clinical Dispensary,0x155Af6ECaFb48861dA7d16Fb8Af2f6ce9d6DD779,DL-AX-2026-3021,"Rajesh Nambiar, Pharm.D.",C50.919,Malignant neoplasm of female breast,Oncology,"Tamoxifen Citrate (20 mg, Once Daily at fixed hour, Qty: 30) | Ondansetron HCl (8 mg, Twice Daily 30 min before food, Qty: 30) | Calcium Carbonate + Vit D3 (500mg/250IU, Once Daily post meal, Qty: 30)",3,AES-256-GCM,vault-transit-key-0xb3e5173b,9f3077ec5dd1cd4ef3da58df,940867fca99493444d27b55bcb1b104f,0xdcb2439b88b48b8c04dd7ae5bb550c57d0cc8510cf7f3e9958dfe7be95e87b35,Qmb34d8042eec91c7bb846bb6ad9e16791853dd9dc4496,Pinata Dedicated IPFS Gateway,0.0.4891024,2682,2026-09-13 12:13:57 UTC,0xec0d82f2681edb639cd5b19d03ed111dc1127f44dd7f40e0f78d1c9354c6aed4,0.0001,Pharmacy Dispensation Verification & Medication Fulfillment,Identity Verified (Wallet Protocol),Blockchain Audit Enabled
RX-0683,Chetan Sharma,849433,0xf328e3ff3db42373c2b284d1580c17bc6dd927fe,Dispensed (Fulfilled),Dispensed & Fulfilled,YES,NO,YES,1683.23,Dr. Ananya Roy,0x9965507D1a55bcC2695C58ba16FB37d819B0A4dc,NMC-51203,Max Super Speciality Cancer Institute,Fortis Care Dispensary,0x84f93618C1D541bB1Dcf1373A8eE500A7D439634,DL-FC-2025-1094,"Amit Singhania, R.Ph.",C50.919,Malignant neoplasm of female breast,Oncology,"Tamoxifen Citrate (20 mg, Once Daily at fixed hour, Qty: 30) | Ondansetron HCl (8 mg, Twice Daily 30 min before food, Qty: 30) | Calcium Carbonate + Vit D3 (500mg/250IU, Once Daily post meal, Qty: 30)",3,AES-256-GCM,vault-transit-key-0xf328e3ff,ad601ec17b67d09d842beece,fc6bc51f4243819c4cb7c03ba96fcb84,0xaa16b5594adf8f5d0de9ea2e44953f69f864dbb8b5a45b8063a718af420c7b21,Qm02a0d7613971d4a3e353c1825fe49923182e129ade4e,Pinata Dedicated IPFS Gateway,0.0.4891024,2683,2026-09-13 12:13:59 UTC,0x016aba618bcb118615547875f927f4f12245d64c8c8f570c47a468c1f2286fdd,0.0001,Pharmacy Dispensation Verification & Medication Fulfillment,Identity Verified (Wallet Protocol),Blockchain Audit Enabled
RX-0684,Nikhil Bhatia,849434,0x94844d934545c9dc4e979afc1d9ed395f27dccb1,Dispensed (Fulfilled),Dispensed & Fulfilled,YES,NO,YES,425.38,Dr. Vikram Seth,0x15d34AAf54267DB7D7c367839AAf71A00a2C6A65,NMC-99014,Max Super Speciality Cancer Institute,Max Wellness Pharmacy,0x28B7eA94B34C8F52D19E50Eb14769Da20F5D54b4,DL-MW-2024-7731,"Sneha Mukherjee, R.Ph.",J06.9,Acute upper respiratory infection,Pediatrics / General,"Amoxicillin + Potassium Clavulanate (625 mg, Twice Daily post food, Qty: 14) | Paracetamol (650 mg, Thrice daily post meals SOS, Qty: 15) | Levocetirizine Dihydrochloride (5 mg, Once Daily at Bedtime, Qty: 7)",3,AES-256-GCM,vault-transit-key-0x94844d93,5477845eed3af9b9a4226dfe,a22b64c8c6d5906f94dae1057cb1c8f3,0xa7d6db2b9c5ee28c7e24d49b8d0ff9a35480446cfe073969230cb0d16841a346,Qm861c391099e77b60903bb42ceeee6150cce8d5f5927b,Pinata Dedicated IPFS Gateway,0.0.4891024,2684,2026-09-13 12:14:01 UTC,0xfc8422629ab7e67a036face3102d890739c4813104feb842250ffb85e3ec8a39,0.0001,Pharmacy Dispensation Verification & Medication Fulfillment,Identity Verified (Wallet Protocol),Blockchain Audit Enabled
RX-0685,Amit Malhotra,849435,0x72c6dd797e883f5aa604c1e9315da874a7ff244e,⏳ Waiting for Approval,Access Pending Approval,NO,YES,NO,994.9,Dr. Rajesh Sharma,0x3c44CdDdB6a900fa2b585dd299e03d12FA4293BC,NMC-78491,Apollo Multispecialty Hospital,Apex Central Clinical Dispensary,0x155Af6ECaFb48861dA7d16Fb8Af2f6ce9d6DD779,DL-AX-2026-3021,"Rajesh Nambiar, Pharm.D.",I20.9,"Angina pectoris, unspecified",Cardiology,"Nitroglycerin Sublingual (0.4 mg, PRN for chest pain, Qty: 25) | Aspirin Gastro-resistant (75 mg, Once Daily post meal, Qty: 30) | Atorvastatin Calcium (40 mg, Once Daily at Bedtime, Qty: 30)",3,AES-256-GCM,vault-transit-key-0x72c6dd79,314d373c5ab519df79a8ed5e,a4782a06b5cbdfd94e5d743968545a0d,0xdff330595271716e4ba4dbde2eb633e54efacabc576bdb3e810aa7e547989b4d,Qmf9b9efae6e51fd752cb79723cd952e5f1e0ad9d92243,Pinata Dedicated IPFS Gateway,0.0.4891024,2685,2026-09-13 12:14:04 UTC,0xb45ae7b61a150699a966746a98d8547a1ba47abc166cf2203d44d2256f3a656a,0.0001,Pharmacy Dispensation Verification & Medication Fulfillment,Identity Verified (Wallet Protocol),Blockchain Audit Enabled
RX-0686,Nikhil Banerjee,849436,0x12442e4ac3827818d451424d6b5f1ddf45b8ce55,🔓 Decrypt RX,Pending - Ready to Decrypt,YES (Patient Consent Active),NO,NO,427.64,Dr. Preeti Deshmukh,0x23618e81E3f5cdF7f54C3d65f7FBc0aBf5B21E8f,NMC-82194,Care & Cure Pediatric & Maternity Hospital,Fortis Care Dispensary,0x84f93618C1D541bB1Dcf1373A8eE500A7D439634,DL-FC-2025-1094,"Amit Singhania, R.Ph.",J06.9,Acute upper respiratory infection,Pediatrics / General,"Amoxicillin + Potassium Clavulanate (625 mg, Twice Daily post food, Qty: 14) | Paracetamol (650 mg, Thrice daily post meals SOS, Qty: 15) | Levocetirizine Dihydrochloride (5 mg, Once Daily at Bedtime, Qty: 7)",3,AES-256-GCM,vault-transit-key-0x12442e4a,c55ce7995b16408e0563c650,51e71f4bdaf393e8f01f1714aa557ca1,0xf0650f428b54d4a6150f0fc885f0cabc10065d0a92b35f49fd3522ce5b6eac30,Qmd6c60bf25f0967cecf19079176823266ead93e33d72f,Pinata Dedicated IPFS Gateway,0.0.4891024,2686,2026-09-13 12:14:07 UTC,0x76f903a6a8cf466baf460ea7e221d4275c3da17b54f92774f18bb713ee300ef3,0.0001,Pharmacy Dispensation Verification & Medication Fulfillment,Identity Verified (Wallet Protocol),Blockchain Audit Enabled
RX-0687,Sameer Shetty,849437,0xc1456d7a475ee0e857b27f7deba05a05db52567e,🔓 Decrypt RX,Pending - Ready to Decrypt,YES (Patient Consent Active),NO,NO,1495.59,Dr. Sunita Narang,0xBcd4042DE499D14e55001CcbB24a551F3b954096,NMC-90812,Apex Diagnostic Reference Labs,Fortis Care Dispensary,0x84f93618C1D541bB1Dcf1373A8eE500A7D439634,DL-FC-2025-1094,"Amit Singhania, R.Ph.",G40.909,"Epilepsy, unspecified",Neurology,"Levetiracetam (500 mg, Twice Daily morning & evening, Qty: 60) | Clobazam (10 mg, Once Daily at Bedtime, Qty: 30)",2,AES-256-GCM,vault-transit-key-0xc1456d7a,7affecaafc6755e814e9a5a7,4accc28e4bf4dc9dd64424b025cb5875,0x7e7ad2d970e81c7c594d77a08f0658ace3efbe611d5fc03eaa8ee92f376cfd82,Qm9efdc050b76a251a325b132aca7fb22aafce0abb6383,Pinata Dedicated IPFS Gateway,0.0.4891024,2687,2026-09-13 12:14:09 UTC,0x3d9dcf6aead3557c8f60805582320bdd5f2f776d70a0c672f943932f8e1e327d,0.0001,Pharmacy Dispensation Verification & Medication Fulfillment,Identity Verified (Wallet Protocol),Blockchain Audit Enabled
RX-0688,Bhavna Patel,849438,0x969888962b33d27eb0327c4d88feeffc5ab7e0ab,🔓 Decrypt RX,Pending - Ready to Decrypt,YES (Patient Consent Active),NO,NO,988.06,Dr. Sarah Jenkins,0x04Fee3FD1B338d12FFD6dBD8d66dE1e8e0BB99cB,NMC-48192,Apollo Multispecialty Hospital,MedPlus Health Hub,0x70997970C51812dc3A010C7d01b50e0d17dc79C8,DL-MP-2023-4122,"Priya Sundaram, Pharm.D.",G43.909,"Migraine, unspecified, not intractable",Neurology,"Sumatriptan Succinate (50 mg, 1 tablet at onset of migraine SOS, Qty: 10) | Naproxen Sodium (500 mg, Twice daily as needed with food, Qty: 20) | Propranolol HCl (40 mg, Twice daily for prophylaxis, Qty: 60)",3,AES-256-GCM,vault-transit-key-0x96988896,d7c01a508e1c506fd03a3203,6b6a2d0b6019f2d3564d34ebf06e4523,0xbf86fb474326aaaa707cdab13491ca180ed3c57df5acd5f27df683073fd1671a,Qm1a4ac93a2582a87ef0c391dfc68a17e19037a908d05b,Pinata Dedicated IPFS Gateway,0.0.4891024,2688,2026-09-13 12:14:12 UTC,0xf77cbd6dedefb2944eae077c0727f19295cb5dde30af56d4e266693bbd7ec64e,0.0001,Pharmacy Dispensation Verification & Medication Fulfillment,Identity Verified (Wallet Protocol),Blockchain Audit Enabled
RX-0689,Arjun Iyer,849439,0x6336557d6971024238bc40da7b06a995efc26cd3,⏳ Waiting for Approval,Access Pending Approval,NO,YES,NO,913.65,Dr. Rajesh Sharma,0x3c44CdDdB6a900fa2b585dd299e03d12FA4293BC,NMC-78491,Apollo Multispecialty Hospital,Fortis Care Dispensary,0x84f93618C1D541bB1Dcf1373A8eE500A7D439634,DL-FC-2025-1094,"Amit Singhania, R.Ph.",A90,Dengue fever [classical dengue],Infectious Disease,"Paracetamol Infusion / Tab (650 mg, Every 6 hours SOS fever > 100°F, Qty: 20) | Carica Papaya Leaf Extract (1100 mg, Thrice Daily post food, Qty: 21) | Oral Rehydration Salts (WHO formula) (21.8 g sachet, 1 sachet in 1L water daily, Qty: 7)",3,AES-256-GCM,vault-transit-key-0x6336557d,61581d4ea0a0de90b54e2111,1427006a45d675efb28f60774deed008,0xab4ab884b64d5b6a94b293cf7d401cc267faed7aa158f1e6b6149619d2b2accf,Qm30f36d5993db5aa34a6df377a0edd827db3a1258759d,Pinata Dedicated IPFS Gateway,0.0.4891024,2689,2026-09-13 12:14:14 UTC,0xcd3eceac78aea610f20dfde47c19f9313dc65c5fd9d31fdd60eecb2fa18f7429,0.0001,Pharmacy Dispensation Verification & Medication Fulfillment,Identity Verified (Wallet Protocol),Blockchain Audit Enabled
RX-0690,Ananya Mehta,849440,0x211a23347eb4d77c322a47a404712a3fb601013a,⏳ Waiting for Approval,Access Pending Approval,NO,YES,NO,1495.01,Dr. Preeti Deshmukh,0x23618e81E3f5cdF7f54C3d65f7FBc0aBf5B21E8f,NMC-82194,Care & Cure Pediatric & Maternity Hospital,MedPlus Health Hub,0x70997970C51812dc3A010C7d01b50e0d17dc79C8,DL-MP-2023-4122,"Priya Sundaram, Pharm.D.",G40.909,"Epilepsy, unspecified",Neurology,"Levetiracetam (500 mg, Twice Daily morning & evening, Qty: 60) | Clobazam (10 mg, Once Daily at Bedtime, Qty: 30)",2,AES-256-GCM,vault-transit-key-0x211a2334,9be0bfdf9bbc698107406473,44739ed453efbfc43a99fc3819297d24,0xd94aff49191db22c3751a86273e73ade2e2dfca5741e8ed2bdd55ab6ae136cf1,Qma4524a9e0f9b3703a09fd5703fa0bdf3b2d104d989f8,Pinata Dedicated IPFS Gateway,0.0.4891024,2690,2026-09-13 12:14:16 UTC,0x5d11754fb629486f2f3b4790fbe0d70c804c9ae4701faf839580c1d6a41525c4,0.0001,Pharmacy Dispensation Verification & Medication Fulfillment,Identity Verified (Wallet Protocol),Blockchain Audit Enabled
RX-0691,Yashwanth Malhotra,849441,0x63aca7754a91a7f661bcf383f86cb8a86da8aff7,Dispensed (Fulfilled),Dispensed & Fulfilled,YES,NO,YES,3329.28,Dr. Vikram Seth,0x15d34AAf54267DB7D7c367839AAf71A00a2C6A65,NMC-99014,Max Super Speciality Cancer Institute,Fortis Care Dispensary,0x84f93618C1D541bB1Dcf1373A8eE500A7D439634,DL-FC-2025-1094,"Amit Singhania, R.Ph.",C61,Malignant neoplasm of prostate,Oncology,"Bicalutamide (50 mg, Once Daily morning, Qty: 30) | Tamsulosin HCl (0.4 mg, Once Daily 30 min after same meal, Qty: 30)",2,AES-256-GCM,vault-transit-key-0x63aca775,dcc78945661b48e0a75d77c8,25d165ae5905742b58fc949bcd4e8efd,0x9b56938544e9e1badc004cb9706dc464998c9a68f593d9cb7a4594daac9c3b5c,Qmb8e9cd705dec16995a2e07f059ebe0cbc86b1d806c7a,Pinata Dedicated IPFS Gateway,0.0.4891024,2691,2026-09-13 12:14:18 UTC,0x357d1163c556824a7f408e9348057c0909a0b1536f523ce023a210bff006a34c,0.0001,Pharmacy Dispensation Verification & Medication Fulfillment,Identity Verified (Wallet Protocol),Blockchain Audit Enabled
RX-0692,Shreya Rao,849442,0x3e22997393b365fd077f2834a3fd7bf2faa8ff1a,Request Access,Unauthorized / Unlinked,NO,NO,NO,929.56,Dr. Vikram Seth,0x15d34AAf54267DB7D7c367839AAf71A00a2C6A65,NMC-99014,Max Super Speciality Cancer Institute,MedPlus Health Hub,0x70997970C51812dc3A010C7d01b50e0d17dc79C8,DL-MP-2023-4122,"Priya Sundaram, Pharm.D.",A90,Dengue fever [classical dengue],Infectious Disease,"Paracetamol Infusion / Tab (650 mg, Every 6 hours SOS fever > 100°F, Qty: 20) | Carica Papaya Leaf Extract (1100 mg, Thrice Daily post food, Qty: 21) | Oral Rehydration Salts (WHO formula) (21.8 g sachet, 1 sachet in 1L water daily, Qty: 7)",3,AES-256-GCM,vault-transit-key-0x3e229973,c8130f4b6d29e8017833390b,e77a543905dcedcb416372153f654c85,0x1818bdae8c5f71b499a24df8e845491980cdd83051f714e3374a653bb55b5ee8,Qm7b01957b8b653181bdd353fefefe901a5f1a5a379b9a,Pinata Dedicated IPFS Gateway,0.0.4891024,2692,2026-09-13 12:14:21 UTC,0xe3ce6fe0de4103a33c3b9867d538fa1a2d44c94e2e9d622757a439eac3d1ef1c,0.0001,Pharmacy Dispensation Verification & Medication Fulfillment,Identity Verified (Wallet Protocol),Blockchain Audit Enabled
RX-0693,Priyanka Bhatia,849443,0x157a895872a8e0088a0704299941b1288552d048,🔓 Decrypt RX,Pending - Ready to Decrypt,YES (Patient Consent Active),NO,NO,1676.39,Dr. Ananya Roy,0x9965507D1a55bcC2695C58ba16FB37d819B0A4dc,NMC-51203,Max Super Speciality Cancer Institute,MedPlus Health Hub,0x70997970C51812dc3A010C7d01b50e0d17dc79C8,DL-MP-2023-4122,"Priya Sundaram, Pharm.D.",C50.919,Malignant neoplasm of female breast,Oncology,"Tamoxifen Citrate (20 mg, Once Daily at fixed hour, Qty: 30) | Ondansetron HCl (8 mg, Twice Daily 30 min before food, Qty: 30) | Calcium Carbonate + Vit D3 (500mg/250IU, Once Daily post meal, Qty: 30)",3,AES-256-GCM,vault-transit-key-0x157a8958,306c2bd0b01b496c70918f28,a54b0c559a7e6ee3ed11e0d46aef4adf,0xbea7624329c5817bf4abd24e0f5f7b5c20247cbf31d25f0757851dba5ce3014a,Qmb69718faddb362554839c14151d0db305e2d882b16f7,Pinata Dedicated IPFS Gateway,0.0.4891024,2693,2026-09-13 12:14:23 UTC,0x4fc2e3d3fea8043e670edbbf2eda49e1a546677e3453710a7b351c3973238999,0.0001,Pharmacy Dispensation Verification & Medication Fulfillment,Identity Verified (Wallet Protocol),Blockchain Audit Enabled
RX-0694,Kiran Pillai,849444,0xfc1ae25321ea655f3ba41f509befda6b7f7022e2,Dispensed (Fulfilled),Dispensed & Fulfilled,YES,NO,YES,1625.44,Dr. Preeti Deshmukh,0x23618e81E3f5cdF7f54C3d65f7FBc0aBf5B21E8f,NMC-82194,Care & Cure Pediatric & Maternity Hospital,Fortis Care Dispensary,0x84f93618C1D541bB1Dcf1373A8eE500A7D439634,DL-FC-2025-1094,"Amit Singhania, R.Ph.",E11.65,Type 2 diabetes mellitus with hyperglycemia,Endocrinology,"Insulin Glargine Solostar (100 IU/mL, 14 Units Once Daily at Bedtime, Qty: 2) | Metformin XR (1000 mg, Once Daily post dinner, Qty: 30)",2,AES-256-GCM,vault-transit-key-0xfc1ae253,94f6c353dedce5ceb92777ca,24394b73e056114697b422eb040b52c6,0x2bf4b4eabdc6e38180e282c6302d1fb104705e58cccdd38d08131236e4b21d66,Qm5c916660a2b36109109026979263144d257bc8078585,Pinata Dedicated IPFS Gateway,0.0.4891024,2694,2026-09-13 12:14:26 UTC,0x8c111c91a519165c5feac5d13d2a9f6baa0a222dfd15ee90210861b9ff89ba08,0.0001,Pharmacy Dispensation Verification & Medication Fulfillment,Identity Verified (Wallet Protocol),Blockchain Audit Enabled
RX-0695,Ishaan Saxena,849445,0x4565e626f385a1d3495acedf040e1faa97a8a47f,⏳ Waiting for Approval,Access Pending Approval,NO,YES,NO,984.12,Dr. Ananya Roy,0x9965507D1a55bcC2695C58ba16FB37d819B0A4dc,NMC-51203,Max Super Speciality Cancer Institute,Apex Central Clinical Dispensary,0x155Af6ECaFb48861dA7d16Fb8Af2f6ce9d6DD779,DL-AX-2026-3021,"Rajesh Nambiar, Pharm.D.",I20.9,"Angina pectoris, unspecified",Cardiology,"Nitroglycerin Sublingual (0.4 mg, PRN for chest pain, Qty: 25) | Aspirin Gastro-resistant (75 mg, Once Daily post meal, Qty: 30) | Atorvastatin Calcium (40 mg, Once Daily at Bedtime, Qty: 30)",3,AES-256-GCM,vault-transit-key-0x4565e626,aa7eb34f31bea220dc021b08,fa733d5182a698c59ba35fc4d77065a2,0x2333ac5b30f3505510f7094b5c11a27b3a674b9b7f13fcb1acd5025b95923ff5,Qm87b84e36079398c24e3d253857f19abf5ed9fe6a9bd2,Pinata Dedicated IPFS Gateway,0.0.4891024,2695,2026-09-13 12:14:28 UTC,0x5eb6cf422e3ee4b51962d38e89ffa370b47b4ae1e31764b96f61e78619e7a5c3,0.0001,Pharmacy Dispensation Verification & Medication Fulfillment,Identity Verified (Wallet Protocol),Blockchain Audit Enabled
RX-0696,Varun Mishra,849446,0x50359e43375a6908520aaa107b0d9c3afb810ec2,Dispensed (Fulfilled),Dispensed & Fulfilled,YES,NO,YES,423.88,Dr. Preeti Deshmukh,0x23618e81E3f5cdF7f54C3d65f7FBc0aBf5B21E8f,NMC-82194,Care & Cure Pediatric & Maternity Hospital,Apex Central Clinical Dispensary,0x155Af6ECaFb48861dA7d16Fb8Af2f6ce9d6DD779,DL-AX-2026-3021,"Rajesh Nambiar, Pharm.D.",J06.9,Acute upper respiratory infection,Pediatrics / General,"Amoxicillin + Potassium Clavulanate (625 mg, Twice Daily post food, Qty: 14) | Paracetamol (650 mg, Thrice daily post meals SOS, Qty: 15) | Levocetirizine Dihydrochloride (5 mg, Once Daily at Bedtime, Qty: 7)",3,AES-256-GCM,vault-transit-key-0x50359e43,71f8ab825de77c884a3410d0,37d10ccc90d7bfc521c555b5eca3effe,0xb91777b60f06dc2999f674b0770adb71765957ad70e5b139d3d33726c6ee7597,Qm12524a6cd015d2b8cdc91cd7446c08585ba41e6300e2,Pinata Dedicated IPFS Gateway,0.0.4891024,2696,2026-09-13 12:14:31 UTC,0x028f48aa56dc3eaf392db4b0b85c79ae0f421d35798c4114e025b9e7b9a2a069,0.0001,Pharmacy Dispensation Verification & Medication Fulfillment,Identity Verified (Wallet Protocol),Blockchain Audit Enabled
RX-0697,Madhav Pandey,849447,0xb09cc96f4eb913a5e60e0f7508d2a575f971fca7,🔓 Decrypt RX,Pending - Ready to Decrypt,YES (Patient Consent Active),NO,NO,421.89,Dr. Sunita Narang,0xBcd4042DE499D14e55001CcbB24a551F3b954096,NMC-90812,Apex Diagnostic Reference Labs,Apollo Pharmacy Global,0x04Fee3FD1B338d12FFD6dBD8d66dE1e8e0BB99cB,DL-AP-2024-8901,"K. V. Raman, R.Ph.",J06.9,Acute upper respiratory infection,Pediatrics / General,"Amoxicillin + Potassium Clavulanate (625 mg, Twice Daily post food, Qty: 14) | Paracetamol (650 mg, Thrice daily post meals SOS, Qty: 15) | Levocetirizine Dihydrochloride (5 mg, Once Daily at Bedtime, Qty: 7)",3,AES-256-GCM,vault-transit-key-0xb09cc96f,153cbad92c01bf26cd9ba4a8,a5d268adcdbba7ca283a5b858f64a2b7,0xdece03c8cda4423f99b68cf4e44fc28c04aea8f3326551d2a2306e86d0a11f36,Qm7732bedcf1738f7feec34d92d487c2f454d5f52c9564,Pinata Dedicated IPFS Gateway,0.0.4891024,2697,2026-09-13 12:14:33 UTC,0xaa6b5738ab6aeb40775cf453faf2b597b61f26bd9849b9ee65b814e432ea1e9e,0.0001,Pharmacy Dispensation Verification & Medication Fulfillment,Identity Verified (Wallet Protocol),Blockchain Audit Enabled
RX-0698,Rahul Joshi,849448,0x432e30a538b180fdf886158d9a784fde6ac2932e,🔓 Decrypt RX,Pending - Ready to Decrypt,YES (Patient Consent Active),NO,NO,909.66,Dr. Ananya Roy,0x9965507D1a55bcC2695C58ba16FB37d819B0A4dc,NMC-51203,Max Super Speciality Cancer Institute,MedPlus Health Hub,0x70997970C51812dc3A010C7d01b50e0d17dc79C8,DL-MP-2023-4122,"Priya Sundaram, Pharm.D.",A90,Dengue fever [classical dengue],Infectious Disease,"Paracetamol Infusion / Tab (650 mg, Every 6 hours SOS fever > 100°F, Qty: 20) | Carica Papaya Leaf Extract (1100 mg, Thrice Daily post food, Qty: 21) | Oral Rehydration Salts (WHO formula) (21.8 g sachet, 1 sachet in 1L water daily, Qty: 7)",3,AES-256-GCM,vault-transit-key-0x432e30a5,79fb6ef7405b45d7a47217d2,986124f38261d8be32a76aa680657cd5,0xd9745c59fae923f578847102c0cf602df9c4271856c4c18cb6e6fb277a7c6f33,Qm80a3e22a1d2f2815ac1b36fa8d9d764bb642bd4eee5a,Pinata Dedicated IPFS Gateway,0.0.4891024,2698,2026-09-13 12:14:35 UTC,0x27ab9e730a80c18462613d79c398e7ab09db0dbc0ac9c945fed432bcc2b87a06,0.0001,Pharmacy Dispensation Verification & Medication Fulfillment,Identity Verified (Wallet Protocol),Blockchain Audit Enabled
RX-0699,Sameer Bhatia,849449,0xf616733a0f7b69c31094e0f8dc2a41120dcaa308,⏳ Waiting for Approval,Access Pending Approval,NO,YES,NO,418.04,Dr. Rajesh Sharma,0x3c44CdDdB6a900fa2b585dd299e03d12FA4293BC,NMC-78491,Apollo Multispecialty Hospital,Apollo Pharmacy Global,0x04Fee3FD1B338d12FFD6dBD8d66dE1e8e0BB99cB,DL-AP-2024-8901,"K. V. Raman, R.Ph.",J06.9,Acute upper respiratory infection,Pediatrics / General,"Amoxicillin + Potassium Clavulanate (625 mg, Twice Daily post food, Qty: 14) | Paracetamol (650 mg, Thrice daily post meals SOS, Qty: 15) | Levocetirizine Dihydrochloride (5 mg, Once Daily at Bedtime, Qty: 7)",3,AES-256-GCM,vault-transit-key-0xf616733a,07c2f0c90d725ea14796c523,746ddeb283bae01c9959ead839925330,0x9c8ec69a35b20e29af2959e4e6ad9038ad0fc8466626f66e861084b0666f161c,Qm7e89f268c5f43ab90da76fe7b901853e9722be649b7e,Pinata Dedicated IPFS Gateway,0.0.4891024,2699,2026-09-13 12:14:37 UTC,0xb28881e5b9f5b91cf0206c993d45afdbf5590b0db242df13cbe02cc4e37f0997,0.0001,Pharmacy Dispensation Verification & Medication Fulfillment,Identity Verified (Wallet Protocol),Blockchain Audit Enabled
RX-0700,Vikas Pandey,849450,0x4584c9a81c4af5312a599aeccb42111f016b2b2d,⏳ Waiting for Approval,Access Pending Approval,NO,YES,NO,195.79,Dr. Rohan Patel,0x976EA74026E726554dB657fA54763abd0C3a0aa9,NMC-11029,Fortis Memorial Neuro & Trauma Center,Apex Central Clinical Dispensary,0x155Af6ECaFb48861dA7d16Fb8Af2f6ce9d6DD779,DL-AX-2026-3021,"Rajesh Nambiar, Pharm.D.",E03.9,"Hypothyroidism, unspecified",Endocrinology,"Levothyroxine Sodium (50 mcg, Once Daily on empty stomach, Qty: 60)",1,AES-256-GCM,vault-transit-key-0x4584c9a8,090c3a228759c85e306f3f77,5e547a2ae3b2ebfc9fa152ea75d6884e,0x3996414ab8b1e21aeac46a5bd74826b292e58bf0d3945547a30620402066b791,Qm26a0c7712793b5beb0a42995e95a3eb2a0cf2ec4e736,Pinata Dedicated IPFS Gateway,0.0.4891024,2700,2026-09-13 12:14:40 UTC,0xd5e8af18d1b3ff8ec7f95ef4ba5a1ac6afcba606847348e61e0849cb9a2c8c8f,0.0001,Pharmacy Dispensation Verification & Medication Fulfillment,Identity Verified (Wallet Protocol),Blockchain Audit Enabled
RX-0701,Bhavna Deshmukh,849451,0x776b9d2468d84b7d842865899bf38057f59ee300,🔓 Decrypt RX,Pending - Ready to Decrypt,YES (Patient Consent Active),NO,NO,3328.88,Dr. Sarah Jenkins,0x04Fee3FD1B338d12FFD6dBD8d66dE1e8e0BB99cB,NMC-48192,Apollo Multispecialty Hospital,Max Wellness Pharmacy,0x28B7eA94B34C8F52D19E50Eb14769Da20F5D54b4,DL-MW-2024-7731,"Sneha Mukherjee, R.Ph.",C61,Malignant neoplasm of prostate,Oncology,"Bicalutamide (50 mg, Once Daily morning, Qty: 30) | Tamsulosin HCl (0.4 mg, Once Daily 30 min after same meal, Qty: 30)",2,AES-256-GCM,vault-transit-key-0x776b9d24,8adc70667e79f626cd446550,8976f9271579f43e3fb477fe51f6a633,0x891c2875f4f9cac080211686bf4ee97fea0a26f05d2c101666aedf1633994be4,Qmb7655795a10dc2b181b0ebfaf893e6b2b5aac296af4f,Pinata Dedicated IPFS Gateway,0.0.4891024,2701,2026-09-13 12:14:43 UTC,0xd76b600e2d59181c83601b3dd4208b9d6dcf3252e2041c5334fde7ac7c8e5c24,0.0001,Pharmacy Dispensation Verification & Medication Fulfillment,Identity Verified (Wallet Protocol),Blockchain Audit Enabled
RX-0702,Nikhil Gupta,849452,0xe52219be7e89e2b62b7901557bc856d67ee0588c,Request Access,Unauthorized / Unlinked,NO,NO,NO,1185.06,Dr. Vikram Seth,0x15d34AAf54267DB7D7c367839AAf71A00a2C6A65,NMC-99014,Max Super Speciality Cancer Institute,MedPlus Health Hub,0x70997970C51812dc3A010C7d01b50e0d17dc79C8,DL-MP-2023-4122,"Priya Sundaram, Pharm.D.",E11.9,Type 2 diabetes mellitus without complications,Endocrinology,"Metformin Hydrochloride (500 mg, Twice Daily with meals, Qty: 60) | Dapagliflozin Propanediol (10 mg, Once Daily morning, Qty: 30) | Glimepiride (2 mg, Once Daily pre-breakfast, Qty: 30)",3,AES-256-GCM,vault-transit-key-0xe52219be,05d39082f142d0e796e5a8f0,bbc020724b927f6fe658d2656a2c411b,0x03719e55136d87bcadfbd2785f8081fb23aa40e96adf7ea461e10bfb703ac409,Qm958f1ce12328d3ab685572a00cbb9cb4bcfd53562841,Pinata Dedicated IPFS Gateway,0.0.4891024,2702,2026-09-13 12:14:44 UTC,0xef464928150438b2784b433530b4ffcad8592ed214e87ddda24bd93832292ffb,0.0001,Pharmacy Dispensation Verification & Medication Fulfillment,Identity Verified (Wallet Protocol),Blockchain Audit Enabled
RX-0703,Manish Mehta,849453,0x657caadce2d83f2f052c88adb7b14c838e8c46e7,🔓 Decrypt RX,Pending - Ready to Decrypt,YES (Patient Consent Active),NO,NO,1612.44,Dr. Sarah Jenkins,0x04Fee3FD1B338d12FFD6dBD8d66dE1e8e0BB99cB,NMC-48192,Apollo Multispecialty Hospital,Apex Central Clinical Dispensary,0x155Af6ECaFb48861dA7d16Fb8Af2f6ce9d6DD779,DL-AX-2026-3021,"Rajesh Nambiar, Pharm.D.",E11.65,Type 2 diabetes mellitus with hyperglycemia,Endocrinology,"Insulin Glargine Solostar (100 IU/mL, 14 Units Once Daily at Bedtime, Qty: 2) | Metformin XR (1000 mg, Once Daily post dinner, Qty: 30)",2,AES-256-GCM,vault-transit-key-0x657caadc,cb81f1ae80b2bfdcabd49844,0bf803fa7c112826d20100bb9e73b32f,0x1a63973ecd0405fa551559d207e57b0c4ce4378ac429682fcb4383810c0bdf2d,Qm2c13a66d09530b876393441bb53ac60ce236b07dd345,Pinata Dedicated IPFS Gateway,0.0.4891024,2703,2026-09-13 12:14:47 UTC,0x69862216386b353e6ebed7bcd5f5dfccb65431c75198122eaa628cc68d4a598c,0.0001,Pharmacy Dispensation Verification & Medication Fulfillment,Identity Verified (Wallet Protocol),Blockchain Audit Enabled
RX-0704,Siddharth Menon,849454,0x502d512ebfcf26fab20f6735563a1fb6a8fc8fac,Dispensed (Fulfilled),Dispensed & Fulfilled,YES,NO,YES,1631.86,Dr. Rohan Patel,0x976EA74026E726554dB657fA54763abd0C3a0aa9,NMC-11029,Fortis Memorial Neuro & Trauma Center,Apollo Pharmacy Global,0x04Fee3FD1B338d12FFD6dBD8d66dE1e8e0BB99cB,DL-AP-2024-8901,"K. V. Raman, R.Ph.",E11.65,Type 2 diabetes mellitus with hyperglycemia,Endocrinology,"Insulin Glargine Solostar (100 IU/mL, 14 Units Once Daily at Bedtime, Qty: 2) | Metformin XR (1000 mg, Once Daily post dinner, Qty: 30)",2,AES-256-GCM,vault-transit-key-0x502d512e,21144463785c8f60bc2f4af4,f61aa6e2124c2e259150f9edb3afc989,0xd8d289633b52581fabc806b05af0c977635ee74bf41e6e566fe593ab991ce9b5,Qm417e71250176d584531ce4523720bc67709e9c7b3c3d,Pinata Dedicated IPFS Gateway,0.0.4891024,2704,2026-09-13 12:14:50 UTC,0xf5665631cf0287a9baf8a208d20635c4b6c537db31fe4d1488b21ac0314e1db4,0.0001,Pharmacy Dispensation Verification & Medication Fulfillment,Identity Verified (Wallet Protocol),Blockchain Audit Enabled
RX-0705,Lata Agarwal,849455,0x6fbb87df464c1b03680397a6f45928cb8c88904e,Dispensed (Fulfilled),Dispensed & Fulfilled,YES,NO,YES,929.02,Dr. Rajesh Sharma,0x3c44CdDdB6a900fa2b585dd299e03d12FA4293BC,NMC-78491,Apollo Multispecialty Hospital,Apex Central Clinical Dispensary,0x155Af6ECaFb48861dA7d16Fb8Af2f6ce9d6DD779,DL-AX-2026-3021,"Rajesh Nambiar, Pharm.D.",A90,Dengue fever [classical dengue],Infectious Disease,"Paracetamol Infusion / Tab (650 mg, Every 6 hours SOS fever > 100°F, Qty: 20) | Carica Papaya Leaf Extract (1100 mg, Thrice Daily post food, Qty: 21) | Oral Rehydration Salts (WHO formula) (21.8 g sachet, 1 sachet in 1L water daily, Qty: 7)",3,AES-256-GCM,vault-transit-key-0x6fbb87df,7455842bd3689fc8c08b322f,f74b00d6d7a5d41931cf5ec4b4828043,0x0cadf2034897972ae11d1d192741694d2ddea5ac49f256bc9908a30ec5c07575,Qmcacb7a19821514c5419560f61a7316684cbe61cbeea6,Pinata Dedicated IPFS Gateway,0.0.4891024,2705,2026-09-13 12:14:52 UTC,0x045482c6fe853803d47c5484cf9ef185fa045cb3c46cf1974bb275ee3a661ae5,0.0001,Pharmacy Dispensation Verification & Medication Fulfillment,Identity Verified (Wallet Protocol),Blockchain Audit Enabled
RX-0706,Chetan Rao,849456,0xf17d94bbb8339adf3eca6d47d62bbfced96b2ece,🔓 Decrypt RX,Pending - Ready to Decrypt,YES (Patient Consent Active),NO,NO,935.0,Dr. Sarah Jenkins,0x04Fee3FD1B338d12FFD6dBD8d66dE1e8e0BB99cB,NMC-48192,Apollo Multispecialty Hospital,Fortis Care Dispensary,0x84f93618C1D541bB1Dcf1373A8eE500A7D439634,DL-FC-2025-1094,"Amit Singhania, R.Ph.",K21.9,Gastro-esophageal reflux disease,Gastroenterology,"Pantoprazole Gastro-resistant (40 mg, Once Daily 30 min pre-breakfast, Qty: 30) | Domperidone Sustained Release (30 mg, Once Daily morning, Qty: 30) | Sucralfate Oral Suspension (1000 mg/10mL, 10 mL thrice daily before meals, Qty: 2)",3,AES-256-GCM,vault-transit-key-0xf17d94bb,986ba9ae769b3a551f904766,f107cea928da2839599b666d51556347,0xfe0799c9a989fb2d433299e1e5107fd9b9803ad243f4a551197b757532737e14,Qm9c7950ceacd7e81c3d54fc8b071f73d40603b301137d,Pinata Dedicated IPFS Gateway,0.0.4891024,2706,2026-09-13 12:14:54 UTC,0xe7e3a58bc6b22914f839f9324332d5fce951839473a5805438ac134e09e381b7,0.0001,Pharmacy Dispensation Verification & Medication Fulfillment,Identity Verified (Wallet Protocol),Blockchain Audit Enabled
RX-0707,Ananya Shetty,849457,0xa8c168d87c1d3ab01b639ca15a3a1071fa9b3f17,🔓 Decrypt RX,Pending - Ready to Decrypt,YES (Patient Consent Active),NO,NO,1004.44,Dr. Rohan Patel,0x976EA74026E726554dB657fA54763abd0C3a0aa9,NMC-11029,Fortis Memorial Neuro & Trauma Center,Apollo Pharmacy Global,0x04Fee3FD1B338d12FFD6dBD8d66dE1e8e0BB99cB,DL-AP-2024-8901,"K. V. Raman, R.Ph.",I20.9,"Angina pectoris, unspecified",Cardiology,"Nitroglycerin Sublingual (0.4 mg, PRN for chest pain, Qty: 25) | Aspirin Gastro-resistant (75 mg, Once Daily post meal, Qty: 30) | Atorvastatin Calcium (40 mg, Once Daily at Bedtime, Qty: 30)",3,AES-256-GCM,vault-transit-key-0xa8c168d8,d4fdc9de14f8b5eba5bd71a5,4b469a0da8ce9e31c982d568b04343b6,0x382ac30904756720cd80ab742717ddc491f5e404266e6b3039566b45a567c92a,Qm56a1a1ea840b24bdfc28552f31fcc84df6364a956986,Pinata Dedicated IPFS Gateway,0.0.4891024,2707,2026-09-13 12:14:57 UTC,0xe4b43ffa5330c865c325efe47b3f4fef3bc900fe8392aa94e81fe1cc44b182ff,0.0001,Pharmacy Dispensation Verification & Medication Fulfillment,Identity Verified (Wallet Protocol),Blockchain Audit Enabled
RX-0708,Meera Saxena,849458,0xc7f4fe67073564c5a1ab08b077b05ab1b59a468d,Dispensed (Fulfilled),Dispensed & Fulfilled,YES,NO,YES,981.14,Dr. Rohan Patel,0x976EA74026E726554dB657fA54763abd0C3a0aa9,NMC-11029,Fortis Memorial Neuro & Trauma Center,Apex Central Clinical Dispensary,0x155Af6ECaFb48861dA7d16Fb8Af2f6ce9d6DD779,DL-AX-2026-3021,"Rajesh Nambiar, Pharm.D.",G43.909,"Migraine, unspecified, not intractable",Neurology,"Sumatriptan Succinate (50 mg, 1 tablet at onset of migraine SOS, Qty: 10) | Naproxen Sodium (500 mg, Twice daily as needed with food, Qty: 20) | Propranolol HCl (40 mg, Twice daily for prophylaxis, Qty: 60)",3,AES-256-GCM,vault-transit-key-0xc7f4fe67,fde8304339ec0fea21013391,bdb906c608a9cae0160ae381d97afa82,0xfdaa631061ee98a71b7a1b2ea1bcfdca9fbfdd4f988a0c02b3f5030ecffa09bd,Qm643a1dc3e888af0b9d0cd6dbb9c68f05dcbf613587e9,Pinata Dedicated IPFS Gateway,0.0.4891024,2708,2026-09-13 12:14:59 UTC,0x68a85d4a34e6bc26f11c3f3cb60a597be7bf0c63619a221ea4b63628a8d1e9f2,0.0001,Pharmacy Dispensation Verification & Medication Fulfillment,Identity Verified (Wallet Protocol),Blockchain Audit Enabled
RX-0709,Yashwanth Shetty,849459,0x68c26c4f85fcec2b68a9f158605c0e0a8d1bc3e1,⏳ Waiting for Approval,Access Pending Approval,NO,YES,NO,995.28,Dr. Rohan Patel,0x976EA74026E726554dB657fA54763abd0C3a0aa9,NMC-11029,Fortis Memorial Neuro & Trauma Center,Apex Central Clinical Dispensary,0x155Af6ECaFb48861dA7d16Fb8Af2f6ce9d6DD779,DL-AX-2026-3021,"Rajesh Nambiar, Pharm.D.",G43.909,"Migraine, unspecified, not intractable",Neurology,"Sumatriptan Succinate (50 mg, 1 tablet at onset of migraine SOS, Qty: 10) | Naproxen Sodium (500 mg, Twice daily as needed with food, Qty: 20) | Propranolol HCl (40 mg, Twice daily for prophylaxis, Qty: 60)",3,AES-256-GCM,vault-transit-key-0x68c26c4f,c8b3a30e250c4a3405cb849a,26d6ba7ec6d663de3ba20df48c1ca97a,0x80cf4c9d33d392476f256ac393d56a8114f7e95ff88488f5a17d88a467cfe162,Qm3fcdf5620f2de5d94778f618686aed8b4c4b3c998326,Pinata Dedicated IPFS Gateway,0.0.4891024,2709,2026-09-13 12:15:01 UTC,0x0a61549bc12ff9d3d0758e057ffb1a5b8cfb9a23c4322398fc4fb798cfb1d576,0.0001,Pharmacy Dispensation Verification & Medication Fulfillment,Identity Verified (Wallet Protocol),Blockchain Audit Enabled
RX-0710,Vikas Hegde,849460,0x78db01770c7696f86ea6cc488b0ae5000de33735,🔓 Decrypt RX,Pending - Ready to Decrypt,YES (Patient Consent Active),NO,NO,981.1,Dr. Preeti Deshmukh,0x23618e81E3f5cdF7f54C3d65f7FBc0aBf5B21E8f,NMC-82194,Care & Cure Pediatric & Maternity Hospital,Fortis Care Dispensary,0x84f93618C1D541bB1Dcf1373A8eE500A7D439634,DL-FC-2025-1094,"Amit Singhania, R.Ph.",I20.9,"Angina pectoris, unspecified",Cardiology,"Nitroglycerin Sublingual (0.4 mg, PRN for chest pain, Qty: 25) | Aspirin Gastro-resistant (75 mg, Once Daily post meal, Qty: 30) | Atorvastatin Calcium (40 mg, Once Daily at Bedtime, Qty: 30)",3,AES-256-GCM,vault-transit-key-0x78db0177,cf26c3e6016c7a09ac064f6c,8aef586f428d5523d53f7228ac16031c,0x91b599381e44ede554bbaca524b96f83843d4dd15096bab22c5a2c6db9efda57,Qmd3cac95b8b941a774f80eb4b8c8de2ab16fb74119eec,Pinata Dedicated IPFS Gateway,0.0.4891024,2710,2026-09-13 12:15:04 UTC,0x8f092f9c5fac25d2084b2545b4dab18f89ef78124d39d45a96386d1839d70989,0.0001,Pharmacy Dispensation Verification & Medication Fulfillment,Identity Verified (Wallet Protocol),Blockchain Audit Enabled
RX-0711,Sameer Ghosh,849461,0x5f1e86eb26f3316acc3435cac58ed2e3616c09b4,🔓 Decrypt RX,Pending - Ready to Decrypt,YES (Patient Consent Active),NO,NO,499.66,Dr. Ananya Roy,0x9965507D1a55bcC2695C58ba16FB37d819B0A4dc,NMC-51203,Max Super Speciality Cancer Institute,Fortis Care Dispensary,0x84f93618C1D541bB1Dcf1373A8eE500A7D439634,DL-FC-2025-1094,"Amit Singhania, R.Ph.",I10,Essential (primary) hypertension,Cardiology,"Amlodipine Besylate (5 mg, Once Daily (Morning), Qty: 30) | Telmisartan (40 mg, Once Daily (Morning), Qty: 30)",2,AES-256-GCM,vault-transit-key-0x5f1e86eb,7bbadad9d57a11100cf7e4d1,a01037fea24f162ddd4a64d2cfe3340d,0x1d79f0a4eb98a25b2b65a28e049103ea02e09853bfa33e76ab085354846545a3,Qm8db3b2e0a0693af3a5a1e814f0b34b3c9846cc0667f2,Pinata Dedicated IPFS Gateway,0.0.4891024,2711,2026-09-13 12:15:06 UTC,0x28da08a04b64fd9b89eed3cdc8fcd39af30358a9d3be26712681baaae505094e,0.0001,Pharmacy Dispensation Verification & Medication Fulfillment,Identity Verified (Wallet Protocol),Blockchain Audit Enabled
RX-0712,Meera Bhatia,849462,0xa1db1f635046d6f6a14f1025c7ec764e17cb280d,Dispensed (Fulfilled),Dispensed & Fulfilled,YES,NO,YES,978.6,Dr. Rajesh Sharma,0x3c44CdDdB6a900fa2b585dd299e03d12FA4293BC,NMC-78491,Apollo Multispecialty Hospital,Max Wellness Pharmacy,0x28B7eA94B34C8F52D19E50Eb14769Da20F5D54b4,DL-MW-2024-7731,"Sneha Mukherjee, R.Ph.",G43.909,"Migraine, unspecified, not intractable",Neurology,"Sumatriptan Succinate (50 mg, 1 tablet at onset of migraine SOS, Qty: 10) | Naproxen Sodium (500 mg, Twice daily as needed with food, Qty: 20) | Propranolol HCl (40 mg, Twice daily for prophylaxis, Qty: 60)",3,AES-256-GCM,vault-transit-key-0xa1db1f63,d9a07ab6b7fc964dc0e85f76,d3a09da847ef32f743269f52881e8fa4,0xe66cba4688897d4570a986064cabe1ce34e8ba8db3f0a992566d365f1474eb7a,Qm09db4e2827fbdcdb9865ff9f1fb6116d476886064450,Pinata Dedicated IPFS Gateway,0.0.4891024,2712,2026-09-13 12:15:09 UTC,0xf7ba3e566c6477d89fbc74905a542cf863f1107f297de75e47e54706f84fbc63,0.0001,Pharmacy Dispensation Verification & Medication Fulfillment,Identity Verified (Wallet Protocol),Blockchain Audit Enabled
RX-0713,Rakesh Kulkarni,849463,0xb20b600710c9f11208cd8780cb1f1a668ef70130,🔓 Decrypt RX,Pending - Ready to Decrypt,YES (Patient Consent Active),NO,NO,936.41,Dr. Ananya Roy,0x9965507D1a55bcC2695C58ba16FB37d819B0A4dc,NMC-51203,Max Super Speciality Cancer Institute,Fortis Care Dispensary,0x84f93618C1D541bB1Dcf1373A8eE500A7D439634,DL-FC-2025-1094,"Amit Singhania, R.Ph.",K21.9,Gastro-esophageal reflux disease,Gastroenterology,"Pantoprazole Gastro-resistant (40 mg, Once Daily 30 min pre-breakfast, Qty: 30) | Domperidone Sustained Release (30 mg, Once Daily morning, Qty: 30) | Sucralfate Oral Suspension (1000 mg/10mL, 10 mL thrice daily before meals, Qty: 2)",3,AES-256-GCM,vault-transit-key-0xb20b6007,6f68996585b1909a111cf919,66e14157cde593a4bcb1549673ed4701,0xa39e9d70355ca91522fcb806c046177a3fabd3239c29d176a0debce086da2964,Qma60a722bb517674a09120355ba582262423b2225424d,Pinata Dedicated IPFS Gateway,0.0.4891024,2713,2026-09-13 12:15:12 UTC,0xeb998d0bfa4e56882d888eb3becf0dea4e654ecc8288ebacdaf45b7f4878a365,0.0001,Pharmacy Dispensation Verification & Medication Fulfillment,Identity Verified (Wallet Protocol),Blockchain Audit Enabled
RX-0714,Vikas Rao,849464,0xad13c634cfc36d26c4e46e49eed9c2eaa85e4a02,🔓 Decrypt RX,Pending - Ready to Decrypt,YES (Patient Consent Active),NO,NO,513.57,Dr. Sunita Narang,0xBcd4042DE499D14e55001CcbB24a551F3b954096,NMC-90812,Apex Diagnostic Reference Labs,MedPlus Health Hub,0x70997970C51812dc3A010C7d01b50e0d17dc79C8,DL-MP-2023-4122,"Priya Sundaram, Pharm.D.",I10,Essential (primary) hypertension,Cardiology,"Amlodipine Besylate (5 mg, Once Daily (Morning), Qty: 30) | Telmisartan (40 mg, Once Daily (Morning), Qty: 30)",2,AES-256-GCM,vault-transit-key-0xad13c634,58eb32663614c92168b96cf0,e194b81b5d54acd0c32677cf18ce3635,0x9f5568c902ea67c843e194e064d6bcceb5f3dec1772b678f8a552e903e053248,Qmd088eadaca9a3881087e9fc20a05ec09dec85be65c17,Pinata Dedicated IPFS Gateway,0.0.4891024,2714,2026-09-13 12:15:13 UTC,0xf7f4fb53d41be8865e9f63def1b4efbe3d4c13a3501bc7e37c126f2c74b469ac,0.0001,Pharmacy Dispensation Verification & Medication Fulfillment,Identity Verified (Wallet Protocol),Blockchain Audit Enabled
RX-0715,Lata Ghosh,849465,0x44a931fe03fe31a0d95134594ec3cafa9fe5581b,Dispensed (Fulfilled),Dispensed & Fulfilled,YES,NO,YES,909.83,Dr. Rohan Patel,0x976EA74026E726554dB657fA54763abd0C3a0aa9,NMC-11029,Fortis Memorial Neuro & Trauma Center,Max Wellness Pharmacy,0x28B7eA94B34C8F52D19E50Eb14769Da20F5D54b4,DL-MW-2024-7731,"Sneha Mukherjee, R.Ph.",A90,Dengue fever [classical dengue],Infectious Disease,"Paracetamol Infusion / Tab (650 mg, Every 6 hours SOS fever > 100°F, Qty: 20) | Carica Papaya Leaf Extract (1100 mg, Thrice Daily post food, Qty: 21) | Oral Rehydration Salts (WHO formula) (21.8 g sachet, 1 sachet in 1L water daily, Qty: 7)",3,AES-256-GCM,vault-transit-key-0x44a931fe,179ce67f74f0f2e369a926ea,2f1c5b089a1efb53ed90b52d1f5ed8e0,0x77e7632d30a87efaa352dbab050c6ea385c4c0fa1c3aba899b1a493cf5823d5a,Qmff0b93e350d9a611cd78c751b9ae124e324408dab136,Pinata Dedicated IPFS Gateway,0.0.4891024,2715,2026-09-13 12:15:16 UTC,0x63a2e11b8c002b5dff858530aa943d0d4433174f2657ec048989147f2387e2d2,0.0001,Pharmacy Dispensation Verification & Medication Fulfillment,Identity Verified (Wallet Protocol),Blockchain Audit Enabled
RX-0716,Shreya Agarwal,849466,0x4c957f3e88d28182d19e490e50df95c904258967,🔓 Decrypt RX,Pending - Ready to Decrypt,YES (Patient Consent Active),NO,NO,991.25,Dr. Sarah Jenkins,0x04Fee3FD1B338d12FFD6dBD8d66dE1e8e0BB99cB,NMC-48192,Apollo Multispecialty Hospital,Max Wellness Pharmacy,0x28B7eA94B34C8F52D19E50Eb14769Da20F5D54b4,DL-MW-2024-7731,"Sneha Mukherjee, R.Ph.",G43.909,"Migraine, unspecified, not intractable",Neurology,"Sumatriptan Succinate (50 mg, 1 tablet at onset of migraine SOS, Qty: 10) | Naproxen Sodium (500 mg, Twice daily as needed with food, Qty: 20) | Propranolol HCl (40 mg, Twice daily for prophylaxis, Qty: 60)",3,AES-256-GCM,vault-transit-key-0x4c957f3e,bcbed25006ab6e9a296d9b7f,fdcb5c6a72d7115ddcdf129171101c8b,0x59f3f103dd3a6bac6269de66229dc630133b7cc910d7184918c7817fedf00f00,Qmf35c1dfca8898baba85de5c1cff6d2107772b72934a5,Pinata Dedicated IPFS Gateway,0.0.4891024,2716,2026-09-13 12:15:19 UTC,0x66471820863a7caebbcc50dd9f99c5baa2dea6da0286cbbc3c3c3053180ab370,0.0001,Pharmacy Dispensation Verification & Medication Fulfillment,Identity Verified (Wallet Protocol),Blockchain Audit Enabled
RX-0717,Meera Agarwal,849467,0xf2ae09ebf28dab7e9b60a083c6c191487611172a,Request Access,Unauthorized / Unlinked,NO,NO,NO,217.41,Dr. Preeti Deshmukh,0x23618e81E3f5cdF7f54C3d65f7FBc0aBf5B21E8f,NMC-82194,Care & Cure Pediatric & Maternity Hospital,Max Wellness Pharmacy,0x28B7eA94B34C8F52D19E50Eb14769Da20F5D54b4,DL-MW-2024-7731,"Sneha Mukherjee, R.Ph.",E03.9,"Hypothyroidism, unspecified",Endocrinology,"Levothyroxine Sodium (50 mcg, Once Daily on empty stomach, Qty: 60)",1,AES-256-GCM,vault-transit-key-0xf2ae09eb,bce2ab37ab1b1c9ac048b94d,13794b4276f3dc0d04570617a5affc61,0x574a21d9ae0189dd673c9df2a5b242bb3e10e341143ee05aa235135256cc6709,Qme04e2b851b9823390c0c6157d141d5d3b73bdb795ff0,Pinata Dedicated IPFS Gateway,0.0.4891024,2717,2026-09-13 12:15:21 UTC,0xe48d118ce881e8012fa3b5e223ca2bf2756f2082c49c7fd6e0d89932a558b6cc,0.0001,Pharmacy Dispensation Verification & Medication Fulfillment,Identity Verified (Wallet Protocol),Blockchain Audit Enabled
RX-0718,Sameer Iyer,849468,0x2d94f28dbd436df6cff37e9408e4776173db6a16,⏳ Waiting for Approval,Access Pending Approval,NO,YES,NO,1694.35,Dr. Vikram Seth,0x15d34AAf54267DB7D7c367839AAf71A00a2C6A65,NMC-99014,Max Super Speciality Cancer Institute,Fortis Care Dispensary,0x84f93618C1D541bB1Dcf1373A8eE500A7D439634,DL-FC-2025-1094,"Amit Singhania, R.Ph.",C50.919,Malignant neoplasm of female breast,Oncology,"Tamoxifen Citrate (20 mg, Once Daily at fixed hour, Qty: 30) | Ondansetron HCl (8 mg, Twice Daily 30 min before food, Qty: 30) | Calcium Carbonate + Vit D3 (500mg/250IU, Once Daily post meal, Qty: 30)",3,AES-256-GCM,vault-transit-key-0x2d94f28d,ad0cfe2a029f22f50a81f7e6,712c04b4dd606be5cdc2d55fd1342169,0x82ba93c53dcad3e5d2a2cfa16360fef10b61cb2a4d957ffa87d17b1fddee2179,Qm70c50ac7832f7cb3229bf143b4b467e7333f3e2896b5,Pinata Dedicated IPFS Gateway,0.0.4891024,2718,2026-09-13 12:15:23 UTC,0x1c502def1c4ff7a02189ef4985c541f5d6b2572836eca671b5a6e8a2e241f476,0.0001,Pharmacy Dispensation Verification & Medication Fulfillment,Identity Verified (Wallet Protocol),Blockchain Audit Enabled
RX-0719,Riya Malhotra,849469,0x42489740a5c504d44daea004e4744e264cf9ce0f,🔓 Decrypt RX,Pending - Ready to Decrypt,YES (Patient Consent Active),NO,NO,917.83,Dr. Rohan Patel,0x976EA74026E726554dB657fA54763abd0C3a0aa9,NMC-11029,Fortis Memorial Neuro & Trauma Center,Apollo Pharmacy Global,0x04Fee3FD1B338d12FFD6dBD8d66dE1e8e0BB99cB,DL-AP-2024-8901,"K. V. Raman, R.Ph.",A90,Dengue fever [classical dengue],Infectious Disease,"Paracetamol Infusion / Tab (650 mg, Every 6 hours SOS fever > 100°F, Qty: 20) | Carica Papaya Leaf Extract (1100 mg, Thrice Daily post food, Qty: 21) | Oral Rehydration Salts (WHO formula) (21.8 g sachet, 1 sachet in 1L water daily, Qty: 7)",3,AES-256-GCM,vault-transit-key-0x42489740,20f0867149588265963152e0,efab18adbec5269007c610ef3ef8afe3,0x0da9b3d80f3f72ed663f74ba4f292be974a3f7508b912813a480a310fcadfd72,Qm1a184849deb12446d9a2ac283b3e2f3c95ccf2fb1d2e,Pinata Dedicated IPFS Gateway,0.0.4891024,2719,2026-09-13 12:15:25 UTC,0x3046e8732adc35238ad98c48354f77671cef9f33dc2f3e24d977854f4d3c9503,0.0001,Pharmacy Dispensation Verification & Medication Fulfillment,Identity Verified (Wallet Protocol),Blockchain Audit Enabled
RX-0720,Nikhil Pandey,849470,0x6a54fb64c1c423902c007edcf0f7bb9e974a164c,Dispensed (Fulfilled),Dispensed & Fulfilled,YES,NO,YES,930.95,Dr. Sarah Jenkins,0x04Fee3FD1B338d12FFD6dBD8d66dE1e8e0BB99cB,NMC-48192,Apollo Multispecialty Hospital,MedPlus Health Hub,0x70997970C51812dc3A010C7d01b50e0d17dc79C8,DL-MP-2023-4122,"Priya Sundaram, Pharm.D.",A90,Dengue fever [classical dengue],Infectious Disease,"Paracetamol Infusion / Tab (650 mg, Every 6 hours SOS fever > 100°F, Qty: 20) | Carica Papaya Leaf Extract (1100 mg, Thrice Daily post food, Qty: 21) | Oral Rehydration Salts (WHO formula) (21.8 g sachet, 1 sachet in 1L water daily, Qty: 7)",3,AES-256-GCM,vault-transit-key-0x6a54fb64,1751487c8517b939d911cd85,d299d526ecea486bcf9365bb7e96095d,0x07c1b1ef1a8ea205eabe92f27cb38cb06363f9e9ddc0baa95443269841175d5c,Qm43d538f00e04a5e750f138a96401cb6e07f41ed4d855,Pinata Dedicated IPFS Gateway,0.0.4891024,2720,2026-09-13 12:15:28 UTC,0x66abc015b0095600fd9358cb5a49582a1f07a7d01967e4020b593362087fcc26,0.0001,Pharmacy Dispensation Verification & Medication Fulfillment,Identity Verified (Wallet Protocol),Blockchain Audit Enabled
RX-0721,Chetan Choudhury,849471,0x72cdd7daacc894761fc253fd9c38abaf7468505e,Dispensed (Fulfilled),Dispensed & Fulfilled,YES,NO,YES,1001.39,Dr. Sunita Narang,0xBcd4042DE499D14e55001CcbB24a551F3b954096,NMC-90812,Apex Diagnostic Reference Labs,Apollo Pharmacy Global,0x04Fee3FD1B338d12FFD6dBD8d66dE1e8e0BB99cB,DL-AP-2024-8901,"K. V. Raman, R.Ph.",I20.9,"Angina pectoris, unspecified",Cardiology,"Nitroglycerin Sublingual (0.4 mg, PRN for chest pain, Qty: 25) | Aspirin Gastro-resistant (75 mg, Once Daily post meal, Qty: 30) | Atorvastatin Calcium (40 mg, Once Daily at Bedtime, Qty: 30)",3,AES-256-GCM,vault-transit-key-0x72cdd7da,90caaaf02f5ccc85df10236b,1c7762e871bf50fed1ecf0b9a5c052c9,0x2addfb2b8f1e33fb269739932fc5e239ac3b689d99d117032e751e318b40d942,Qm2943cffc67f958efb81265041ca94599cb4578406c0b,Pinata Dedicated IPFS Gateway,0.0.4891024,2721,2026-09-13 12:15:30 UTC,0x460efbe0cbf8dabecc463f3ff780d5ae954de61a6de42e45997764f63af04409,0.0001,Pharmacy Dispensation Verification & Medication Fulfillment,Identity Verified (Wallet Protocol),Blockchain Audit Enabled
RX-0722,Ananya Verma,849472,0x81aabb3d6292cc6f88dfd764d1566f56579757c9,🔓 Decrypt RX,Pending - Ready to Decrypt,YES (Patient Consent Active),NO,NO,1610.13,Dr. Sunita Narang,0xBcd4042DE499D14e55001CcbB24a551F3b954096,NMC-90812,Apex Diagnostic Reference Labs,Fortis Care Dispensary,0x84f93618C1D541bB1Dcf1373A8eE500A7D439634,DL-FC-2025-1094,"Amit Singhania, R.Ph.",E11.65,Type 2 diabetes mellitus with hyperglycemia,Endocrinology,"Insulin Glargine Solostar (100 IU/mL, 14 Units Once Daily at Bedtime, Qty: 2) | Metformin XR (1000 mg, Once Daily post dinner, Qty: 30)",2,AES-256-GCM,vault-transit-key-0x81aabb3d,ed4e9888b09eed836f5b9176,ec023785c82a3b0cfac5aa80f8719a85,0xb9fd288f6d1f2423eeef3540a9172d7ecc37f4b55808a6adce03f2b117763935,Qmf9a9ef7bfc2620dcd6d7e65e61e416e1d5f2f49095c6,Pinata Dedicated IPFS Gateway,0.0.4891024,2722,2026-09-13 12:15:33 UTC,0xe4438bf35434110d136a11fd97a16c30f4776c187e0074be3cfa1c4974aadb34,0.0001,Pharmacy Dispensation Verification & Medication Fulfillment,Identity Verified (Wallet Protocol),Blockchain Audit Enabled
RX-0723,Bhavna Sharma,849473,0x48f8f706359b2e0013bbf0aa89fb6b8085e539d2,Dispensed (Fulfilled),Dispensed & Fulfilled,YES,NO,YES,436.49,Dr. Sarah Jenkins,0x04Fee3FD1B338d12FFD6dBD8d66dE1e8e0BB99cB,NMC-48192,Apollo Multispecialty Hospital,Fortis Care Dispensary,0x84f93618C1D541bB1Dcf1373A8eE500A7D439634,DL-FC-2025-1094,"Amit Singhania, R.Ph.",J06.9,Acute upper respiratory infection,Pediatrics / General,"Amoxicillin + Potassium Clavulanate (625 mg, Twice Daily post food, Qty: 14) | Paracetamol (650 mg, Thrice daily post meals SOS, Qty: 15) | Levocetirizine Dihydrochloride (5 mg, Once Daily at Bedtime, Qty: 7)",3,AES-256-GCM,vault-transit-key-0x48f8f706,26c9f1644f6e64f5849e904e,bf7b57f4941e516ebf8c260e50ecd28a,0xc7d27e9e6d83f9b1c32f24952cdee71caad0f15d430ba9bbad2acc457b4cc477,Qma47c2355ba917fb4a5d8188612e904278216aa31a9e8,Pinata Dedicated IPFS Gateway,0.0.4891024,2723,2026-09-13 12:15:35 UTC,0x069a47b58e07643faec4665edce288dd10a17ad66ccba73cd169e5bc5b1ced1a,0.0001,Pharmacy Dispensation Verification & Medication Fulfillment,Identity Verified (Wallet Protocol),Blockchain Audit Enabled
RX-0724,Kiran Malhotra,849474,0x606c558f136f77d3af7f5e7019a60254d2d0e00a,🔓 Decrypt RX,Pending - Ready to Decrypt,YES (Patient Consent Active),NO,NO,1627.77,Dr. Preeti Deshmukh,0x23618e81E3f5cdF7f54C3d65f7FBc0aBf5B21E8f,NMC-82194,Care & Cure Pediatric & Maternity Hospital,MedPlus Health Hub,0x70997970C51812dc3A010C7d01b50e0d17dc79C8,DL-MP-2023-4122,"Priya Sundaram, Pharm.D.",E11.65,Type 2 diabetes mellitus with hyperglycemia,Endocrinology,"Insulin Glargine Solostar (100 IU/mL, 14 Units Once Daily at Bedtime, Qty: 2) | Metformin XR (1000 mg, Once Daily post dinner, Qty: 30)",2,AES-256-GCM,vault-transit-key-0x606c558f,1289e96fbf40057f76999582,908bfe1cba7029ef267460403b490881,0x418a81912546372573aa768c5ba7135a52ee16e4e2536919cd45db038a42ed91,Qma8a75a6af297d31530edd5c316ab4d28fdecec4425a7,Pinata Dedicated IPFS Gateway,0.0.4891024,2724,2026-09-13 12:15:37 UTC,0x6af070b0268cfb4765d7333c9702bbe1382a91583278ca4dcff59f98cb0c2212,0.0001,Pharmacy Dispensation Verification & Medication Fulfillment,Identity Verified (Wallet Protocol),Blockchain Audit Enabled
RX-0725,Anand Hegde,849475,0x8597c92b14db99bb97a2229dc5d582b1427b12f1,⏳ Waiting for Approval,Access Pending Approval,NO,YES,NO,219.36,Dr. Sunita Narang,0xBcd4042DE499D14e55001CcbB24a551F3b954096,NMC-90812,Apex Diagnostic Reference Labs,Apollo Pharmacy Global,0x04Fee3FD1B338d12FFD6dBD8d66dE1e8e0BB99cB,DL-AP-2024-8901,"K. V. Raman, R.Ph.",E03.9,"Hypothyroidism, unspecified",Endocrinology,"Levothyroxine Sodium (50 mcg, Once Daily on empty stomach, Qty: 60)",1,AES-256-GCM,vault-transit-key-0x8597c92b,b00c0322eac70981ebcc2c3f,860b595c48931e8ce906f18616756b67,0x00278a6ccdc418ae7ed72e6432ae52568cb78eb800e7fe925f09f42df6861cda,Qm24ae5a8f5ce2da5a50bec1e24535bb99dbca3f389c32,Pinata Dedicated IPFS Gateway,0.0.4891024,2725,2026-09-13 12:15:40 UTC,0x2bb8a5028a1f668c1d21acebcbd19dbcc6b740eef75c78239e849e7d8b36478c,0.0001,Pharmacy Dispensation Verification & Medication Fulfillment,Identity Verified (Wallet Protocol),Blockchain Audit Enabled
RX-0726,Nandini Hegde,849476,0x30e24842214e1cae98cbfad96fe3cebcd53ccb89,⏳ Waiting for Approval,Access Pending Approval,NO,YES,NO,979.97,Dr. Vikram Seth,0x15d34AAf54267DB7D7c367839AAf71A00a2C6A65,NMC-99014,Max Super Speciality Cancer Institute,Apollo Pharmacy Global,0x04Fee3FD1B338d12FFD6dBD8d66dE1e8e0BB99cB,DL-AP-2024-8901,"K. V. Raman, R.Ph.",G43.909,"Migraine, unspecified, not intractable",Neurology,"Sumatriptan Succinate (50 mg, 1 tablet at onset of migraine SOS, Qty: 10) | Naproxen Sodium (500 mg, Twice daily as needed with food, Qty: 20) | Propranolol HCl (40 mg, Twice daily for prophylaxis, Qty: 60)",3,AES-256-GCM,vault-transit-key-0x30e24842,db7d44be7b39ca18d1a55af9,31c1c511b69194ed308a7f4c296db83d,0xdd4452459f99b4f4e5dd0ef1607e4f2633d217704beb3966e87c7c6c17b78baa,Qm8a0fd512a0455302d30a22f460c3c5986f358385901f,Pinata Dedicated IPFS Gateway,0.0.4891024,2726,2026-09-13 12:15:43 UTC,0x14fc619a9f3c94d977d84ed4da2bbe4e211bb4043d39f5950b41b4094cf8a506,0.0001,Pharmacy Dispensation Verification & Medication Fulfillment,Identity Verified (Wallet Protocol),Blockchain Audit Enabled
RX-0727,Ishaan Pandey,849477,0x40845fe57314ec9aed80fdc035d7a7514fa8dd5b,🔓 Decrypt RX,Pending - Ready to Decrypt,YES (Patient Consent Active),NO,NO,934.15,Dr. Rohan Patel,0x976EA74026E726554dB657fA54763abd0C3a0aa9,NMC-11029,Fortis Memorial Neuro & Trauma Center,MedPlus Health Hub,0x70997970C51812dc3A010C7d01b50e0d17dc79C8,DL-MP-2023-4122,"Priya Sundaram, Pharm.D.",A90,Dengue fever [classical dengue],Infectious Disease,"Paracetamol Infusion / Tab (650 mg, Every 6 hours SOS fever > 100°F, Qty: 20) | Carica Papaya Leaf Extract (1100 mg, Thrice Daily post food, Qty: 21) | Oral Rehydration Salts (WHO formula) (21.8 g sachet, 1 sachet in 1L water daily, Qty: 7)",3,AES-256-GCM,vault-transit-key-0x40845fe5,291cb0365c7e0a81837fe201,78e47ec8259cbb0450aa73db93f1f616,0x8c25e80aa41d18747b4a8de091b31b4b1fa24c12e819453533426dc974c21fa5,Qm96e991652ca224f4c5cac8fcde2a382e3ea459a1a7b2,Pinata Dedicated IPFS Gateway,0.0.4891024,2727,2026-09-13 12:15:45 UTC,0xe29fc4a308043d6ce267359b2a9060139d7ac1023c5ad9c95acd92edee02a5ac,0.0001,Pharmacy Dispensation Verification & Medication Fulfillment,Identity Verified (Wallet Protocol),Blockchain Audit Enabled
RX-0728,Ananya Pillai,849478,0x3ea669ee6175ab63b30d8ecff6690332c46e825e,Dispensed (Fulfilled),Dispensed & Fulfilled,YES,NO,YES,1179.97,Dr. Sunita Narang,0xBcd4042DE499D14e55001CcbB24a551F3b954096,NMC-90812,Apex Diagnostic Reference Labs,Apex Central Clinical Dispensary,0x155Af6ECaFb48861dA7d16Fb8Af2f6ce9d6DD779,DL-AX-2026-3021,"Rajesh Nambiar, Pharm.D.",E11.9,Type 2 diabetes mellitus without complications,Endocrinology,"Metformin Hydrochloride (500 mg, Twice Daily with meals, Qty: 60) | Dapagliflozin Propanediol (10 mg, Once Daily morning, Qty: 30) | Glimepiride (2 mg, Once Daily pre-breakfast, Qty: 30)",3,AES-256-GCM,vault-transit-key-0x3ea669ee,31accdc3534a303705fec805,dbf0410abd9df1f356f7263e6fd040f8,0x706e4460e3612582d4730ceffbbd1fe1c990eb7b4c9034a7470a91d74f39e1d3,Qm725d6f576fe75c446b6f5ef13170665496cdb0e39cd6,Pinata Dedicated IPFS Gateway,0.0.4891024,2728,2026-09-13 12:15:47 UTC,0xc51011a1c0a3229a8b50a14257e48d8ede4441c4bb401016f5977531ce600598,0.0001,Pharmacy Dispensation Verification & Medication Fulfillment,Identity Verified (Wallet Protocol),Blockchain Audit Enabled
RX-0729,Priyanka Nair,849479,0x619335bee54409c8334b67a4742d4ae8745d5610,Dispensed (Fulfilled),Dispensed & Fulfilled,YES,NO,YES,504.64,Dr. Vikram Seth,0x15d34AAf54267DB7D7c367839AAf71A00a2C6A65,NMC-99014,Max Super Speciality Cancer Institute,Apollo Pharmacy Global,0x04Fee3FD1B338d12FFD6dBD8d66dE1e8e0BB99cB,DL-AP-2024-8901,"K. V. Raman, R.Ph.",I10,Essential (primary) hypertension,Cardiology,"Amlodipine Besylate (5 mg, Once Daily (Morning), Qty: 30) | Telmisartan (40 mg, Once Daily (Morning), Qty: 30)",2,AES-256-GCM,vault-transit-key-0x619335be,43ed20ab7cd42594d28b8ee9,17df6aa29927cfc324e68afaca54b9ce,0x79b8c01642458ede9065945f7d39b9469db019e1bc57920f38dd56f8bd5df83d,Qmc60c17792df668cee82371d15acc83f6f0d58f038967,Pinata Dedicated IPFS Gateway,0.0.4891024,2729,2026-09-13 12:15:50 UTC,0x7689e7c4b95ce3c6ade2112d4ccbab6ad9a30c265de8ba7d8f082a9e35f42647,0.0001,Pharmacy Dispensation Verification & Medication Fulfillment,Identity Verified (Wallet Protocol),Blockchain Audit Enabled
RX-0730,Amit Shetty,849480,0x79b5f35b07690cc2122d74d00de038bd78d5fe37,🔓 Decrypt RX,Pending - Ready to Decrypt,YES (Patient Consent Active),NO,NO,220.17,Dr. Sarah Jenkins,0x04Fee3FD1B338d12FFD6dBD8d66dE1e8e0BB99cB,NMC-48192,Apollo Multispecialty Hospital,Apollo Pharmacy Global,0x04Fee3FD1B338d12FFD6dBD8d66dE1e8e0BB99cB,DL-AP-2024-8901,"K. V. Raman, R.Ph.",E03.9,"Hypothyroidism, unspecified",Endocrinology,"Levothyroxine Sodium (50 mcg, Once Daily on empty stomach, Qty: 60)",1,AES-256-GCM,vault-transit-key-0x79b5f35b,83656c3a67d6607e5f068c16,89b5e54891a24fe7b53aff87863ec8fe,0x9f6fd42e1bd95d7fcdb62788e55222e67419bb041372af287182ef54f781e970,Qmeb3bddaf31450e0807ba1098213abef9b441908a169c,Pinata Dedicated IPFS Gateway,0.0.4891024,2730,2026-09-13 12:15:52 UTC,0x87c2612e6881ce9b2e0990b97b311ad7ae5bebcee812b130672fb3c3367517f0,0.0001,Pharmacy Dispensation Verification & Medication Fulfillment,Identity Verified (Wallet Protocol),Blockchain Audit Enabled
RX-0731,Amit Verma,849481,0x94cfee80ff197e7cf5f8e169a334093e81479ba8,Dispensed (Fulfilled),Dispensed & Fulfilled,YES,NO,YES,986.61,Dr. Sunita Narang,0xBcd4042DE499D14e55001CcbB24a551F3b954096,NMC-90812,Apex Diagnostic Reference Labs,Apex Central Clinical Dispensary,0x155Af6ECaFb48861dA7d16Fb8Af2f6ce9d6DD779,DL-AX-2026-3021,"Rajesh Nambiar, Pharm.D.",I20.9,"Angina pectoris, unspecified",Cardiology,"Nitroglycerin Sublingual (0.4 mg, PRN for chest pain, Qty: 25) | Aspirin Gastro-resistant (75 mg, Once Daily post meal, Qty: 30) | Atorvastatin Calcium (40 mg, Once Daily at Bedtime, Qty: 30)",3,AES-256-GCM,vault-transit-key-0x94cfee80,7bc6a19fda9bf480fcd1fc05,1257aff3cd623a1dbb9708425a9b5490,0x7e8bd347e18273a8249ea1441081c9cf7e13f5f189cd7f0a260d5917bad2946c,Qmf1f2ce93618c3a821700d664d6e65eb967a701774dc4,Pinata Dedicated IPFS Gateway,0.0.4891024,2731,2026-09-13 12:15:54 UTC,0x75cd723bd83a68d4b6ec90a096b94f36286730809d8294839243ae9582ebe4bf,0.0001,Pharmacy Dispensation Verification & Medication Fulfillment,Identity Verified (Wallet Protocol),Blockchain Audit Enabled
RX-0732,Geeta Chatterjee,849482,0x2969f14d7cfeb8abbcc9f610b52b11753491f10a,🔓 Decrypt RX,Pending - Ready to Decrypt,YES (Patient Consent Active),NO,NO,1001.43,Dr. Sarah Jenkins,0x04Fee3FD1B338d12FFD6dBD8d66dE1e8e0BB99cB,NMC-48192,Apollo Multispecialty Hospital,MedPlus Health Hub,0x70997970C51812dc3A010C7d01b50e0d17dc79C8,DL-MP-2023-4122,"Priya Sundaram, Pharm.D.",G43.909,"Migraine, unspecified, not intractable",Neurology,"Sumatriptan Succinate (50 mg, 1 tablet at onset of migraine SOS, Qty: 10) | Naproxen Sodium (500 mg, Twice daily as needed with food, Qty: 20) | Propranolol HCl (40 mg, Twice daily for prophylaxis, Qty: 60)",3,AES-256-GCM,vault-transit-key-0x2969f14d,45961fb06c5c9a055d78dfde,ff0a008470b3a3be1a6a667729e94a1e,0x719dec4c9bc64416ca8d7cca4c63b838d8f83c09a464f26a25b693b49e103ae8,Qmbc2226d7442c33be3d34f5a891d65ae97f5df7209699,Pinata Dedicated IPFS Gateway,0.0.4891024,2732,2026-09-13 12:15:57 UTC,0x98bfa1d828c26e33944d19869847204d5d7d2861afdf456a3c6133c9338fe7da,0.0001,Pharmacy Dispensation Verification & Medication Fulfillment,Identity Verified (Wallet Protocol),Blockchain Audit Enabled
RX-0733,Shreya Banerjee,849483,0x6125878c75203b52c3bd6c70aee71ec9cb112061,🔓 Decrypt RX,Pending - Ready to Decrypt,YES (Patient Consent Active),NO,NO,204.99,Dr. Vikram Seth,0x15d34AAf54267DB7D7c367839AAf71A00a2C6A65,NMC-99014,Max Super Speciality Cancer Institute,Max Wellness Pharmacy,0x28B7eA94B34C8F52D19E50Eb14769Da20F5D54b4,DL-MW-2024-7731,"Sneha Mukherjee, R.Ph.",E03.9,"Hypothyroidism, unspecified",Endocrinology,"Levothyroxine Sodium (50 mcg, Once Daily on empty stomach, Qty: 60)",1,AES-256-GCM,vault-transit-key-0x6125878c,12f2a88fe8ffef26ea11ea68,7c607770b14a2033b335691b63a31aaf,0x355b7d8b93f6f3082c21010c02d5ecf802dc04e17ed50c799e12c87c5cf64a9b,Qm2b87dbd7d18a4b19b3ab10034f41be5160bc28df776e,Pinata Dedicated IPFS Gateway,0.0.4891024,2733,2026-09-13 12:15:59 UTC,0xefc3617233c9fbfde6c93307b954d860157438855b41fe2894aef1590246bd14,0.0001,Pharmacy Dispensation Verification & Medication Fulfillment,Identity Verified (Wallet Protocol),Blockchain Audit Enabled
RX-0734,Gautam Rao,849484,0x70479216be3194b1cfda85ceac0549b4d55c77d6,⏳ Waiting for Approval,Access Pending Approval,NO,YES,NO,986.44,Dr. Preeti Deshmukh,0x23618e81E3f5cdF7f54C3d65f7FBc0aBf5B21E8f,NMC-82194,Care & Cure Pediatric & Maternity Hospital,Apex Central Clinical Dispensary,0x155Af6ECaFb48861dA7d16Fb8Af2f6ce9d6DD779,DL-AX-2026-3021,"Rajesh Nambiar, Pharm.D.",G43.909,"Migraine, unspecified, not intractable",Neurology,"Sumatriptan Succinate (50 mg, 1 tablet at onset of migraine SOS, Qty: 10) | Naproxen Sodium (500 mg, Twice daily as needed with food, Qty: 20) | Propranolol HCl (40 mg, Twice daily for prophylaxis, Qty: 60)",3,AES-256-GCM,vault-transit-key-0x70479216,bda756b18b9021b0d3592edc,e9a6022f127d5011e0001879fc497e4d,0xdffb5e6f2265dde06c94cedf80c6b9ff9e22d0777a8c65bbb6343184361532f9,Qmd264954ff491a88595a4c1097a58d6ea7277fe5276c0,Pinata Dedicated IPFS Gateway,0.0.4891024,2734,2026-09-13 12:16:01 UTC,0xb611f656ac5e64fff3f7552a10390d7096cbec97653ae0d25f583dbd247c2ba7,0.0001,Pharmacy Dispensation Verification & Medication Fulfillment,Identity Verified (Wallet Protocol),Blockchain Audit Enabled
RX-0735,Pranav Verma,849485,0x9fad6606977605eae61c139549980f8d500a5de6,⏳ Waiting for Approval,Access Pending Approval,NO,YES,NO,933.39,Dr. Rohan Patel,0x976EA74026E726554dB657fA54763abd0C3a0aa9,NMC-11029,Fortis Memorial Neuro & Trauma Center,MedPlus Health Hub,0x70997970C51812dc3A010C7d01b50e0d17dc79C8,DL-MP-2023-4122,"Priya Sundaram, Pharm.D.",A90,Dengue fever [classical dengue],Infectious Disease,"Paracetamol Infusion / Tab (650 mg, Every 6 hours SOS fever > 100°F, Qty: 20) | Carica Papaya Leaf Extract (1100 mg, Thrice Daily post food, Qty: 21) | Oral Rehydration Salts (WHO formula) (21.8 g sachet, 1 sachet in 1L water daily, Qty: 7)",3,AES-256-GCM,vault-transit-key-0x9fad6606,bb9bcd93ae78b7a83cdf5b9f,cffa0282c5237cb33cb50e97eb6ca2dc,0x53fab26e27e9e35017719dcf584f2d0e24442c3d9ec0dd087daad032bcc1f2ee,Qmf53f8af2f1b9217df265dd9c03f5d8dbdadc0c7c0eec,Pinata Dedicated IPFS Gateway,0.0.4891024,2735,2026-09-13 12:16:04 UTC,0x8e046a7851bdf5ff0ae88e6e4bc0bd8ce716a2a2b5a0efc2505b020434d743cb,0.0001,Pharmacy Dispensation Verification & Medication Fulfillment,Identity Verified (Wallet Protocol),Blockchain Audit Enabled
RX-0736,Priyanka Swaminathan,849486,0xe3954e3ff31b36141c62f6568cda10e837813e7d,Dispensed (Fulfilled),Dispensed & Fulfilled,YES,NO,YES,1608.96,Dr. Sunita Narang,0xBcd4042DE499D14e55001CcbB24a551F3b954096,NMC-90812,Apex Diagnostic Reference Labs,Apollo Pharmacy Global,0x04Fee3FD1B338d12FFD6dBD8d66dE1e8e0BB99cB,DL-AP-2024-8901,"K. V. Raman, R.Ph.",E11.65,Type 2 diabetes mellitus with hyperglycemia,Endocrinology,"Insulin Glargine Solostar (100 IU/mL, 14 Units Once Daily at Bedtime, Qty: 2) | Metformin XR (1000 mg, Once Daily post dinner, Qty: 30)",2,AES-256-GCM,vault-transit-key-0xe3954e3f,808b645435f1ddfbe4b74b1c,18b3c3dea0af97749da609dc7b5d9ccd,0x02666e8040605d999f2d0bbb775083dd0bcfc9381aec62c8179b68747829ce80,Qmf0d878508f42e3cd7b02083f6079814b698a436a9f24,Pinata Dedicated IPFS Gateway,0.0.4891024,2736,2026-09-13 12:16:07 UTC,0xa0e2fd32dd4808de9659182a92bf9f171ca93f73086f7a16ec9c350013157dab,0.0001,Pharmacy Dispensation Verification & Medication Fulfillment,Identity Verified (Wallet Protocol),Blockchain Audit Enabled
RX-0737,Aarav Shetty,849487,0x2354d254564adb017d53b61f3b62aef41b4901b6,🔓 Decrypt RX,Pending - Ready to Decrypt,YES (Patient Consent Active),NO,NO,492.99,Dr. Sunita Narang,0xBcd4042DE499D14e55001CcbB24a551F3b954096,NMC-90812,Apex Diagnostic Reference Labs,Apex Central Clinical Dispensary,0x155Af6ECaFb48861dA7d16Fb8Af2f6ce9d6DD779,DL-AX-2026-3021,"Rajesh Nambiar, Pharm.D.",I10,Essential (primary) hypertension,Cardiology,"Amlodipine Besylate (5 mg, Once Daily (Morning), Qty: 30) | Telmisartan (40 mg, Once Daily (Morning), Qty: 30)",2,AES-256-GCM,vault-transit-key-0x2354d254,1ba66d29e6ae674fedbb41e1,2f7dd721492bb3e8cdbfc823b463e759,0x5ab556c62e14440f93fd9dffd1b2322e329686708fcaddc8dc93a042bad4924b,Qm392126fe9c440057a398f1ba7f1f38abf0d30e22a75e,Pinata Dedicated IPFS Gateway,0.0.4891024,2737,2026-09-13 12:16:09 UTC,0x12863a686c042e1e6ef10965596015b440107e87fa22f40ac2c55b0cceda9240,0.0001,Pharmacy Dispensation Verification & Medication Fulfillment,Identity Verified (Wallet Protocol),Blockchain Audit Enabled
RX-0738,Sameer Sharma,849488,0xaa8d447185e4a2a31c7bbe3b8457009d2542c036,Dispensed (Fulfilled),Dispensed & Fulfilled,YES,NO,YES,200.11,Dr. Rajesh Sharma,0x3c44CdDdB6a900fa2b585dd299e03d12FA4293BC,NMC-78491,Apollo Multispecialty Hospital,Fortis Care Dispensary,0x84f93618C1D541bB1Dcf1373A8eE500A7D439634,DL-FC-2025-1094,"Amit Singhania, R.Ph.",E03.9,"Hypothyroidism, unspecified",Endocrinology,"Levothyroxine Sodium (50 mcg, Once Daily on empty stomach, Qty: 60)",1,AES-256-GCM,vault-transit-key-0xaa8d4471,939849be339630257d83e110,9f5324951e5929b22bcdfaea7d103036,0xde4e727ece172a38fb5588d0d565258a8bcdc8d6afbfc27979a59b61a33336a1,Qm47a28c9a58e5a930a4a3710332465736fa9a96957708,Pinata Dedicated IPFS Gateway,0.0.4891024,2738,2026-09-13 12:16:11 UTC,0x26dc48e050b6e199a83e21de69c7e2cc6e32095d4521d81c759f52247e5c5722,0.0001,Pharmacy Dispensation Verification & Medication Fulfillment,Identity Verified (Wallet Protocol),Blockchain Audit Enabled
RX-0739,Chetan Kapoor,849489,0x765ffaa110a90e5e909dfec842d8ec709bf5c7e8,🔓 Decrypt RX,Pending - Ready to Decrypt,YES (Patient Consent Active),NO,NO,955.46,Dr. Rajesh Sharma,0x3c44CdDdB6a900fa2b585dd299e03d12FA4293BC,NMC-78491,Apollo Multispecialty Hospital,Max Wellness Pharmacy,0x28B7eA94B34C8F52D19E50Eb14769Da20F5D54b4,DL-MW-2024-7731,"Sneha Mukherjee, R.Ph.",K21.9,Gastro-esophageal reflux disease,Gastroenterology,"Pantoprazole Gastro-resistant (40 mg, Once Daily 30 min pre-breakfast, Qty: 30) | Domperidone Sustained Release (30 mg, Once Daily morning, Qty: 30) | Sucralfate Oral Suspension (1000 mg/10mL, 10 mL thrice daily before meals, Qty: 2)",3,AES-256-GCM,vault-transit-key-0x765ffaa1,e3169be6c791a60c65bcf905,a072906a179198f39b01113923a5718f,0x8ab17d61c66efec8dfbcb11aa40490978939b1cf915ae1433c6ac25ea7a6fe37,Qme04b16d1d6e45af9408d46fa7228ef68e0fdbfd41463,Pinata Dedicated IPFS Gateway,0.0.4891024,2739,2026-09-13 12:16:13 UTC,0x918f14c010434e64c7fb1e5052f0b508089a56d43f9bd469cf9462f10577a503,0.0001,Pharmacy Dispensation Verification & Medication Fulfillment,Identity Verified (Wallet Protocol),Blockchain Audit Enabled
RX-0740,Aarav Bhatia,849490,0xd235ebb9bf1d6334744c3e2c35b809d26aa34a18,Dispensed (Fulfilled),Dispensed & Fulfilled,YES,NO,YES,1631.63,Dr. Ananya Roy,0x9965507D1a55bcC2695C58ba16FB37d819B0A4dc,NMC-51203,Max Super Speciality Cancer Institute,Apollo Pharmacy Global,0x04Fee3FD1B338d12FFD6dBD8d66dE1e8e0BB99cB,DL-AP-2024-8901,"K. V. Raman, R.Ph.",E11.65,Type 2 diabetes mellitus with hyperglycemia,Endocrinology,"Insulin Glargine Solostar (100 IU/mL, 14 Units Once Daily at Bedtime, Qty: 2) | Metformin XR (1000 mg, Once Daily post dinner, Qty: 30)",2,AES-256-GCM,vault-transit-key-0xd235ebb9,490cb69e76a6db86cfbf71d5,d9310d6c6e3e90b27bc44c83c7491580,0xa176fbde82c0362791dfe9fc43df2ad96b0d29bbbad766b4f0de36fc3e76466f,Qm9252e6a8e27b01869ae765fc3ab7419afa798621a22f,Pinata Dedicated IPFS Gateway,0.0.4891024,2740,2026-09-13 12:16:16 UTC,0x331690f23152d7d72e99a46098f43229721e4f27ff92d9a9b9d748f6a2ba8a92,0.0001,Pharmacy Dispensation Verification & Medication Fulfillment,Identity Verified (Wallet Protocol),Blockchain Audit Enabled
RX-0741,Tanvi Agarwal,849491,0x9d6de602bbea088376e2cce0127a2ea7d166fb52,🔓 Decrypt RX,Pending - Ready to Decrypt,YES (Patient Consent Active),NO,NO,505.08,Dr. Rohan Patel,0x976EA74026E726554dB657fA54763abd0C3a0aa9,NMC-11029,Fortis Memorial Neuro & Trauma Center,Apollo Pharmacy Global,0x04Fee3FD1B338d12FFD6dBD8d66dE1e8e0BB99cB,DL-AP-2024-8901,"K. V. Raman, R.Ph.",I10,Essential (primary) hypertension,Cardiology,"Amlodipine Besylate (5 mg, Once Daily (Morning), Qty: 30) | Telmisartan (40 mg, Once Daily (Morning), Qty: 30)",2,AES-256-GCM,vault-transit-key-0x9d6de602,bcd5b1a71561cc6927653feb,d4358cfee083f36bf645f13f05c0d8f7,0xc660559cd0933773a6d91b99c4e776bcf5eb3de40e6af95073dd474e1f4fc95c,Qm7bffaf0324925e2b41c2975170394be7892148bcaee2,Pinata Dedicated IPFS Gateway,0.0.4891024,2741,2026-09-13 12:16:18 UTC,0xa6a4f965757556d6f69282f178fcf44e8dbe5df11afd0752cd38ac10799007e0,0.0001,Pharmacy Dispensation Verification & Medication Fulfillment,Identity Verified (Wallet Protocol),Blockchain Audit Enabled
RX-0742,Vikas Mehta,849492,0xb00e66647020848b37fb94600ceddd6f49b55a3a,🔓 Decrypt RX,Pending - Ready to Decrypt,YES (Patient Consent Active),NO,NO,503.87,Dr. Rohan Patel,0x976EA74026E726554dB657fA54763abd0C3a0aa9,NMC-11029,Fortis Memorial Neuro & Trauma Center,Fortis Care Dispensary,0x84f93618C1D541bB1Dcf1373A8eE500A7D439634,DL-FC-2025-1094,"Amit Singhania, R.Ph.",I10,Essential (primary) hypertension,Cardiology,"Amlodipine Besylate (5 mg, Once Daily (Morning), Qty: 30) | Telmisartan (40 mg, Once Daily (Morning), Qty: 30)",2,AES-256-GCM,vault-transit-key-0xb00e6664,f82291f0d255be11725b4ba3,8d7fa2da707e1affdcc816c57d3f9ec4,0x08dba3c29788da9509b767743a66334fa5f335fed67b00683089726754bfb3ad,Qm9265b80c84ddda3aea93a9da49952a9479d26d99dfcc,Pinata Dedicated IPFS Gateway,0.0.4891024,2742,2026-09-13 12:16:21 UTC,0xcb1cfe22bfbca99dcb65f3a01599eab0792e7d8fc1bc682b437e1caddc4de81e,0.0001,Pharmacy Dispensation Verification & Medication Fulfillment,Identity Verified (Wallet Protocol),Blockchain Audit Enabled
RX-0743,Nandini Malhotra,849493,0x3ec246e901b5b57df59f63f54a2c7d48fe504c6f,🔓 Decrypt RX,Pending - Ready to Decrypt,YES (Patient Consent Active),NO,NO,491.51,Dr. Sunita Narang,0xBcd4042DE499D14e55001CcbB24a551F3b954096,NMC-90812,Apex Diagnostic Reference Labs,Fortis Care Dispensary,0x84f93618C1D541bB1Dcf1373A8eE500A7D439634,DL-FC-2025-1094,"Amit Singhania, R.Ph.",I10,Essential (primary) hypertension,Cardiology,"Amlodipine Besylate (5 mg, Once Daily (Morning), Qty: 30) | Telmisartan (40 mg, Once Daily (Morning), Qty: 30)",2,AES-256-GCM,vault-transit-key-0x3ec246e9,d13eafe417c082e656b9ecf5,d520019859235725061f101de16186d3,0x206f5724997a7278435d03004589ef499a9a68bfd29691b6948f18964743f9c5,Qm2573a0d27b6745a2422a90c1fbeb6747898f042534f6,Pinata Dedicated IPFS Gateway,0.0.4891024,2743,2026-09-13 12:16:23 UTC,0x163c44136a40af3445e05645f4c7ea1ec5ac184ca1e8295426251c43d151c2a1,0.0001,Pharmacy Dispensation Verification & Medication Fulfillment,Identity Verified (Wallet Protocol),Blockchain Audit Enabled
RX-0744,Neha Banerjee,849494,0xe42fd5da6989eb15f15ed62cc7777d89f874f6a3,⏳ Waiting for Approval,Access Pending Approval,NO,YES,NO,935.09,Dr. Sarah Jenkins,0x04Fee3FD1B338d12FFD6dBD8d66dE1e8e0BB99cB,NMC-48192,Apollo Multispecialty Hospital,Apex Central Clinical Dispensary,0x155Af6ECaFb48861dA7d16Fb8Af2f6ce9d6DD779,DL-AX-2026-3021,"Rajesh Nambiar, Pharm.D.",K21.9,Gastro-esophageal reflux disease,Gastroenterology,"Pantoprazole Gastro-resistant (40 mg, Once Daily 30 min pre-breakfast, Qty: 30) | Domperidone Sustained Release (30 mg, Once Daily morning, Qty: 30) | Sucralfate Oral Suspension (1000 mg/10mL, 10 mL thrice daily before meals, Qty: 2)",3,AES-256-GCM,vault-transit-key-0xe42fd5da,28558df1a35db62eda8378a9,403a61a9c1b283215ffcc44b37d4a02d,0x8c42b636d22437656d72c30c0be4b2ce4893e048b5f63b0a29cbc1340f7b1255,Qm158c3df48db02c8c2e655a54e531c6477f1bba1740c4,Pinata Dedicated IPFS Gateway,0.0.4891024,2744,2026-09-13 12:16:25 UTC,0x1a6165487fda35eb59e13c89b6846dfe3744f113ecfe2101152a07bb033a77af,0.0001,Pharmacy Dispensation Verification & Medication Fulfillment,Identity Verified (Wallet Protocol),Blockchain Audit Enabled
RX-0745,Ishaan Mishra,849495,0x05946cc34046a069f128d0042c91db063387af9f,⏳ Waiting for Approval,Access Pending Approval,NO,YES,NO,511.06,Dr. Ananya Roy,0x9965507D1a55bcC2695C58ba16FB37d819B0A4dc,NMC-51203,Max Super Speciality Cancer Institute,Fortis Care Dispensary,0x84f93618C1D541bB1Dcf1373A8eE500A7D439634,DL-FC-2025-1094,"Amit Singhania, R.Ph.",I10,Essential (primary) hypertension,Cardiology,"Amlodipine Besylate (5 mg, Once Daily (Morning), Qty: 30) | Telmisartan (40 mg, Once Daily (Morning), Qty: 30)",2,AES-256-GCM,vault-transit-key-0x05946cc3,49bfcf5c1c16d899ad8a105c,c2d37879100cc682159c5e9a063809af,0xc331014fd61310b017e2c911285fe591482ed087bad85a845e4613af0c80739f,Qmeee34ca4403ac8f0802735bdb39f1ed3c1f5327640d7,Pinata Dedicated IPFS Gateway,0.0.4891024,2745,2026-09-13 12:16:28 UTC,0x8e183ab2f4c7e5436205db9af82ca810a83f91705af7afb85206ddc545842a3a,0.0001,Pharmacy Dispensation Verification & Medication Fulfillment,Identity Verified (Wallet Protocol),Blockchain Audit Enabled
RX-0746,Lata Kulkarni,849496,0x9ed1ba041966784aa3606fc9750453d0dc57bc45,Request Access,Unauthorized / Unlinked,NO,NO,NO,197.0,Dr. Preeti Deshmukh,0x23618e81E3f5cdF7f54C3d65f7FBc0aBf5B21E8f,NMC-82194,Care & Cure Pediatric & Maternity Hospital,Fortis Care Dispensary,0x84f93618C1D541bB1Dcf1373A8eE500A7D439634,DL-FC-2025-1094,"Amit Singhania, R.Ph.",E03.9,"Hypothyroidism, unspecified",Endocrinology,"Levothyroxine Sodium (50 mcg, Once Daily on empty stomach, Qty: 60)",1,AES-256-GCM,vault-transit-key-0x9ed1ba04,878eefa47cdcc3bdc1d5d56a,58396a72880ac03a8b80a8a0066ed056,0x63afa275fd20485a11518e4d39b3a569c7f2d8ce5b0758b3ce1fdaf25c3f0759,Qm007bc1fad069320dd74aec11822883e62533ea54594c,Pinata Dedicated IPFS Gateway,0.0.4891024,2746,2026-09-13 12:16:31 UTC,0xc0f78b1b993fe1cb80f39bc7c8fbb0b8af2c9a5f4e6ffbbdf3dc8499c65c1980,0.0001,Pharmacy Dispensation Verification & Medication Fulfillment,Identity Verified (Wallet Protocol),Blockchain Audit Enabled
RX-0747,Pooja Menon,849497,0xfc54bd05f6efe40d8b6c309846a476b0b35c5cc3,⏳ Waiting for Approval,Access Pending Approval,NO,YES,NO,1627.91,Dr. Ananya Roy,0x9965507D1a55bcC2695C58ba16FB37d819B0A4dc,NMC-51203,Max Super Speciality Cancer Institute,Max Wellness Pharmacy,0x28B7eA94B34C8F52D19E50Eb14769Da20F5D54b4,DL-MW-2024-7731,"Sneha Mukherjee, R.Ph.",E11.65,Type 2 diabetes mellitus with hyperglycemia,Endocrinology,"Insulin Glargine Solostar (100 IU/mL, 14 Units Once Daily at Bedtime, Qty: 2) | Metformin XR (1000 mg, Once Daily post dinner, Qty: 30)",2,AES-256-GCM,vault-transit-key-0xfc54bd05,03aae4ae62bff982b356aafd,00daef98e23dae8e8df4c26a54ba04c7,0xc10ce273ec67dc0ab6515ecf7cb3cc4339957eb1077a599784ff21b2662addb3,Qme21ce5d703aaa5375e3c15b8ebe60597bdbca4b90d26,Pinata Dedicated IPFS Gateway,0.0.4891024,2747,2026-09-13 12:16:33 UTC,0xf12f921ee39466b4f57ce63b4cc5898851f4ea9615e8a802e1276718ed546f42,0.0001,Pharmacy Dispensation Verification & Medication Fulfillment,Identity Verified (Wallet Protocol),Blockchain Audit Enabled
RX-0748,Gautam Pandey,849498,0x9f57d8aff6c9d70f8e7a14f9473423c1e1a7a3e3,⏳ Waiting for Approval,Access Pending Approval,NO,YES,NO,435.32,Dr. Rajesh Sharma,0x3c44CdDdB6a900fa2b585dd299e03d12FA4293BC,NMC-78491,Apollo Multispecialty Hospital,Fortis Care Dispensary,0x84f93618C1D541bB1Dcf1373A8eE500A7D439634,DL-FC-2025-1094,"Amit Singhania, R.Ph.",J06.9,Acute upper respiratory infection,Pediatrics / General,"Amoxicillin + Potassium Clavulanate (625 mg, Twice Daily post food, Qty: 14) | Paracetamol (650 mg, Thrice daily post meals SOS, Qty: 15) | Levocetirizine Dihydrochloride (5 mg, Once Daily at Bedtime, Qty: 7)",3,AES-256-GCM,vault-transit-key-0x9f57d8af,2557dad474d141550865e50a,f53512fc8a59754112baa55d07df69e7,0xadf5d4edc53982edf97a4033c709e3f813e761e452a7b0db3d7040d94526a7d5,Qmf6688ad358e80ce95169fab07afdc8af7d633b26af4e,Pinata Dedicated IPFS Gateway,0.0.4891024,2748,2026-09-13 12:16:35 UTC,0x7fd8fb383a0b971169f1edbf5c0febe739a3828a763754e5447c5b6e4c857ad3,0.0001,Pharmacy Dispensation Verification & Medication Fulfillment,Identity Verified (Wallet Protocol),Blockchain Audit Enabled
RX-0749,Siddharth Sharma,849499,0x0116a877803066d25616cedb43d20779245e5956,🔓 Decrypt RX,Pending - Ready to Decrypt,YES (Patient Consent Active),NO,NO,436.12,Dr. Vikram Seth,0x15d34AAf54267DB7D7c367839AAf71A00a2C6A65,NMC-99014,Max Super Speciality Cancer Institute,MedPlus Health Hub,0x70997970C51812dc3A010C7d01b50e0d17dc79C8,DL-MP-2023-4122,"Priya Sundaram, Pharm.D.",J06.9,Acute upper respiratory infection,Pediatrics / General,"Amoxicillin + Potassium Clavulanate (625 mg, Twice Daily post food, Qty: 14) | Paracetamol (650 mg, Thrice daily post meals SOS, Qty: 15) | Levocetirizine Dihydrochloride (5 mg, Once Daily at Bedtime, Qty: 7)",3,AES-256-GCM,vault-transit-key-0x0116a877,6e30a36fa92150091c5c315b,7ee2a18594d3424f51fb1bba71ed64ac,0x5152029626635eb491c109b9b8a018fac6ecfc974fab538e17f2a93db5c1d0b3,Qmd5fce0b3fabfa86899537e1551723b8d529da8ae70c5,Pinata Dedicated IPFS Gateway,0.0.4891024,2749,2026-09-13 12:16:38 UTC,0x3711cdf2fc865fb1bb314891cce076af3ce8ad3436de28af2d2e5c55a17e38cc,0.0001,Pharmacy Dispensation Verification & Medication Fulfillment,Identity Verified (Wallet Protocol),Blockchain Audit Enabled
RX-0750,Varun Shetty,849500,0x913921c255ac792e93964f69a839c2772c7ca28f,🔓 Decrypt RX,Pending - Ready to Decrypt,YES (Patient Consent Active),NO,NO,957.85,Dr. Vikram Seth,0x15d34AAf54267DB7D7c367839AAf71A00a2C6A65,NMC-99014,Max Super Speciality Cancer Institute,Apex Central Clinical Dispensary,0x155Af6ECaFb48861dA7d16Fb8Af2f6ce9d6DD779,DL-AX-2026-3021,"Rajesh Nambiar, Pharm.D.",K21.9,Gastro-esophageal reflux disease,Gastroenterology,"Pantoprazole Gastro-resistant (40 mg, Once Daily 30 min pre-breakfast, Qty: 30) | Domperidone Sustained Release (30 mg, Once Daily morning, Qty: 30) | Sucralfate Oral Suspension (1000 mg/10mL, 10 mL thrice daily before meals, Qty: 2)",3,AES-256-GCM,vault-transit-key-0x913921c2,497ce739638d786e98235ebd,255875df33c2b124143264a78ac3ce22,0xc83f01bf1d20591fffe2303a2e1087e3a182d23978ab9e1d9af061c75f8c152a,Qm1a720761cab372f9ec719dd77d3c7ccbeb71cfad5763,Pinata Dedicated IPFS Gateway,0.0.4891024,2750,2026-09-13 12:16:40 UTC,0x94e17bf0a2f94bd165b526f24b7c27537f54f7f988152862bea100aee5b68399,0.0001,Pharmacy Dispensation Verification & Medication Fulfillment,Identity Verified (Wallet Protocol),Blockchain Audit Enabled
RX-0751,Sanjay Shetty,849501,0xf3844049d063a9f4ef86b7fd9f0fa9d21e3b8cef,🔓 Decrypt RX,Pending - Ready to Decrypt,YES (Patient Consent Active),NO,NO,210.22,Dr. Ananya Roy,0x9965507D1a55bcC2695C58ba16FB37d819B0A4dc,NMC-51203,Max Super Speciality Cancer Institute,Apollo Pharmacy Global,0x04Fee3FD1B338d12FFD6dBD8d66dE1e8e0BB99cB,DL-AP-2024-8901,"K. V. Raman, R.Ph.",E03.9,"Hypothyroidism, unspecified",Endocrinology,"Levothyroxine Sodium (50 mcg, Once Daily on empty stomach, Qty: 60)",1,AES-256-GCM,vault-transit-key-0xf3844049,f7e3d795e3222f6605160bc3,72e4be5358070a32a55e3de24ef75706,0x1953a111a374b3ee82915f572e6207adc95c796e40998c59c93625f19ee62465,Qm592dc086aab198f6bb2bbfa26b666fa3514447fd3d5a,Pinata Dedicated IPFS Gateway,0.0.4891024,2751,2026-09-13 12:16:43 UTC,0xe50246d10bb1bdff7dead4711bb90426dc1b10f73e4671978696e906015742fa,0.0001,Pharmacy Dispensation Verification & Medication Fulfillment,Identity Verified (Wallet Protocol),Blockchain Audit Enabled
RX-0752,Pooja Mukherjee,849502,0xeab813d03e3033860c5c0d69e67233a44244eee7,Dispensed (Fulfilled),Dispensed & Fulfilled,YES,NO,YES,1000.54,Dr. Sarah Jenkins,0x04Fee3FD1B338d12FFD6dBD8d66dE1e8e0BB99cB,NMC-48192,Apollo Multispecialty Hospital,Fortis Care Dispensary,0x84f93618C1D541bB1Dcf1373A8eE500A7D439634,DL-FC-2025-1094,"Amit Singhania, R.Ph.",G43.909,"Migraine, unspecified, not intractable",Neurology,"Sumatriptan Succinate (50 mg, 1 tablet at onset of migraine SOS, Qty: 10) | Naproxen Sodium (500 mg, Twice daily as needed with food, Qty: 20) | Propranolol HCl (40 mg, Twice daily for prophylaxis, Qty: 60)",3,AES-256-GCM,vault-transit-key-0xeab813d0,3b6061c99d5c508275509c3a,5d11fcf6226baade332320764ee1f56e,0xb23afccdd6453aaabe5fe6994884166a6e7a3d46d9120e325edef1b74b8b3555,Qmac929b51b3857f3ad8badab31e47003c55470e8b563a,Pinata Dedicated IPFS Gateway,0.0.4891024,2752,2026-09-13 12:16:45 UTC,0xe234dd9923e4a8402b363fc4e9e8b5b6c211fd6d97da7d365a07e91f3f93900a,0.0001,Pharmacy Dispensation Verification & Medication Fulfillment,Identity Verified (Wallet Protocol),Blockchain Audit Enabled
RX-0753,Aditi Deshmukh,849503,0x8183e431adb58a70c98eaebe91d629124320e02a,⏳ Waiting for Approval,Access Pending Approval,NO,YES,NO,3315.5,Dr. Rohan Patel,0x976EA74026E726554dB657fA54763abd0C3a0aa9,NMC-11029,Fortis Memorial Neuro & Trauma Center,Fortis Care Dispensary,0x84f93618C1D541bB1Dcf1373A8eE500A7D439634,DL-FC-2025-1094,"Amit Singhania, R.Ph.",C61,Malignant neoplasm of prostate,Oncology,"Bicalutamide (50 mg, Once Daily morning, Qty: 30) | Tamsulosin HCl (0.4 mg, Once Daily 30 min after same meal, Qty: 30)",2,AES-256-GCM,vault-transit-key-0x8183e431,c7fc16c2804af1b86b9a61f0,8420c92a52374295cd1b254472f9c3ef,0x4ee35d3ab535594fe43d650b3fad67036e47ebe60d4254f06420521396c6a699,Qm9889039c4dcc45856d5f4eb6afbeab79bab184c70246,Pinata Dedicated IPFS Gateway,0.0.4891024,2753,2026-09-13 12:16:47 UTC,0xe61e3d260c4a7c6eb91c81c25646b39578d15962ba978a24d97b99b3fefdc122,0.0001,Pharmacy Dispensation Verification & Medication Fulfillment,Identity Verified (Wallet Protocol),Blockchain Audit Enabled
RX-0754,Rahul Rao,849504,0xece3f693defd3334c33818ff0bdd4302ab646182,🔓 Decrypt RX,Pending - Ready to Decrypt,YES (Patient Consent Active),NO,NO,999.22,Dr. Preeti Deshmukh,0x23618e81E3f5cdF7f54C3d65f7FBc0aBf5B21E8f,NMC-82194,Care & Cure Pediatric & Maternity Hospital,Fortis Care Dispensary,0x84f93618C1D541bB1Dcf1373A8eE500A7D439634,DL-FC-2025-1094,"Amit Singhania, R.Ph.",G43.909,"Migraine, unspecified, not intractable",Neurology,"Sumatriptan Succinate (50 mg, 1 tablet at onset of migraine SOS, Qty: 10) | Naproxen Sodium (500 mg, Twice daily as needed with food, Qty: 20) | Propranolol HCl (40 mg, Twice daily for prophylaxis, Qty: 60)",3,AES-256-GCM,vault-transit-key-0xece3f693,694906a98f96647cdb4141b0,626e03c4f82ae41d34db3b4918c50781,0x04cbded55918460f4249d083f4d614022344cd0c34e287c578f18875dc15cb79,Qm5db1dbbcd41678bed96cfb58984eb466f56d2b8fdebf,Pinata Dedicated IPFS Gateway,0.0.4891024,2754,2026-09-13 12:16:50 UTC,0xd01e6bd251c576c934f5dde9439cd0bd017e67ef4938ae93878c6739ccbb3179,0.0001,Pharmacy Dispensation Verification & Medication Fulfillment,Identity Verified (Wallet Protocol),Blockchain Audit Enabled
RX-0755,Tanvi Kulkarni,849505,0x361c181c7dbe1c51899d089eadf0a49a70961b36,Dispensed (Fulfilled),Dispensed & Fulfilled,YES,NO,YES,3333.96,Dr. Ananya Roy,0x9965507D1a55bcC2695C58ba16FB37d819B0A4dc,NMC-51203,Max Super Speciality Cancer Institute,Fortis Care Dispensary,0x84f93618C1D541bB1Dcf1373A8eE500A7D439634,DL-FC-2025-1094,"Amit Singhania, R.Ph.",C61,Malignant neoplasm of prostate,Oncology,"Bicalutamide (50 mg, Once Daily morning, Qty: 30) | Tamsulosin HCl (0.4 mg, Once Daily 30 min after same meal, Qty: 30)",2,AES-256-GCM,vault-transit-key-0x361c181c,a3ceb3b7cd7c1b822bead77d,4734893bff333b67eec5dcdebfd0dec2,0x46d8766428c7a003d40916fb0042fcbd58018be4209cfa890f81af4c8ec3ebf3,Qm619efbe0b7d4cc552dff94110d5637ebb9b8f20997ff,Pinata Dedicated IPFS Gateway,0.0.4891024,2755,2026-09-13 12:16:52 UTC,0xfff0804175defe8bdd218f587e13707bb314d290e07ae9fa42d1e62b3a1dac45,0.0001,Pharmacy Dispensation Verification & Medication Fulfillment,Identity Verified (Wallet Protocol),Blockchain Audit Enabled
RX-0756,Ishaan Swaminathan,849506,0xd08de6aa67c8c307dbb2bef29cacfc4dc617282b,Dispensed (Fulfilled),Dispensed & Fulfilled,YES,NO,YES,1204.33,Dr. Sarah Jenkins,0x04Fee3FD1B338d12FFD6dBD8d66dE1e8e0BB99cB,NMC-48192,Apollo Multispecialty Hospital,Apollo Pharmacy Global,0x04Fee3FD1B338d12FFD6dBD8d66dE1e8e0BB99cB,DL-AP-2024-8901,"K. V. Raman, R.Ph.",E11.9,Type 2 diabetes mellitus without complications,Endocrinology,"Metformin Hydrochloride (500 mg, Twice Daily with meals, Qty: 60) | Dapagliflozin Propanediol (10 mg, Once Daily morning, Qty: 30) | Glimepiride (2 mg, Once Daily pre-breakfast, Qty: 30)",3,AES-256-GCM,vault-transit-key-0xd08de6aa,fc77b74b90ed8d5e4be9c59a,caa1926b8df2c59748ac469f277432a7,0x0b8e5684fa3b476663c6b32337cad1997adcd439236cc356c67292141f7b702a,Qm090e15a511c5cd7ffffa37a5003b28039c435d914b09,Pinata Dedicated IPFS Gateway,0.0.4891024,2756,2026-09-13 12:16:55 UTC,0x2faecb9b6748717dacf937d1f00073cb69ae38495dd1fea155b9257ed105b28d,0.0001,Pharmacy Dispensation Verification & Medication Fulfillment,Identity Verified (Wallet Protocol),Blockchain Audit Enabled
RX-0757,Neha Rao,849507,0x813225e0a0d071dfe2b64b852068e5dcf02b61bb,Request Access,Unauthorized / Unlinked,NO,NO,NO,1484.62,Dr. Sunita Narang,0xBcd4042DE499D14e55001CcbB24a551F3b954096,NMC-90812,Apex Diagnostic Reference Labs,Max Wellness Pharmacy,0x28B7eA94B34C8F52D19E50Eb14769Da20F5D54b4,DL-MW-2024-7731,"Sneha Mukherjee, R.Ph.",G40.909,"Epilepsy, unspecified",Neurology,"Levetiracetam (500 mg, Twice Daily morning & evening, Qty: 60) | Clobazam (10 mg, Once Daily at Bedtime, Qty: 30)",2,AES-256-GCM,vault-transit-key-0x813225e0,fe97bba22c206cd709222491,3a9ea647fdb49a3489087f4fde0c3261,0x6543557c07a7c95fd61acf4661c266ba6f3a0434adbebc08b24aa0f65f126b3b,Qmdfed9bb554ab9f1e6e81f5596092dcaf1aeb0be9a4fd,Pinata Dedicated IPFS Gateway,0.0.4891024,2757,2026-09-13 12:16:57 UTC,0x0b62075b6d78adef4a44b6ec3c9d91ca3b699e27a1517a64348991121556a9f0,0.0001,Pharmacy Dispensation Verification & Medication Fulfillment,Identity Verified (Wallet Protocol),Blockchain Audit Enabled
RX-0758,Rahul Malhotra,849508,0xc64d4252c422f1d79d1ef2049c8cd0efc3e7af6c,🔓 Decrypt RX,Pending - Ready to Decrypt,YES (Patient Consent Active),NO,NO,957.94,Dr. Rohan Patel,0x976EA74026E726554dB657fA54763abd0C3a0aa9,NMC-11029,Fortis Memorial Neuro & Trauma Center,Fortis Care Dispensary,0x84f93618C1D541bB1Dcf1373A8eE500A7D439634,DL-FC-2025-1094,"Amit Singhania, R.Ph.",K21.9,Gastro-esophageal reflux disease,Gastroenterology,"Pantoprazole Gastro-resistant (40 mg, Once Daily 30 min pre-breakfast, Qty: 30) | Domperidone Sustained Release (30 mg, Once Daily morning, Qty: 30) | Sucralfate Oral Suspension (1000 mg/10mL, 10 mL thrice daily before meals, Qty: 2)",3,AES-256-GCM,vault-transit-key-0xc64d4252,4c481b91683f340c3db62ab6,a498a82383ae8cf17d898f9a0f24e42e,0xed1e3d299bd68a5bad5690998f21b13f0d33579a0b96c877e2dcc72ec6fcd44f,Qm3b145c2c0179b129e35b21d04b3ebaf6f7e61a03e0ae,Pinata Dedicated IPFS Gateway,0.0.4891024,2758,2026-09-13 12:16:59 UTC,0x6428eff0af634f27cb9c211b7a38ecd92f7d3ebdd3029b9636e69ab73d4ed3aa,0.0001,Pharmacy Dispensation Verification & Medication Fulfillment,Identity Verified (Wallet Protocol),Blockchain Audit Enabled
RX-0759,Harish Banerjee,849509,0xc296766a6ecaf31e4a1e070d93c74333fbbddbf7,🔓 Decrypt RX,Pending - Ready to Decrypt,YES (Patient Consent Active),NO,NO,3312.63,Dr. Sarah Jenkins,0x04Fee3FD1B338d12FFD6dBD8d66dE1e8e0BB99cB,NMC-48192,Apollo Multispecialty Hospital,Apex Central Clinical Dispensary,0x155Af6ECaFb48861dA7d16Fb8Af2f6ce9d6DD779,DL-AX-2026-3021,"Rajesh Nambiar, Pharm.D.",C61,Malignant neoplasm of prostate,Oncology,"Bicalutamide (50 mg, Once Daily morning, Qty: 30) | Tamsulosin HCl (0.4 mg, Once Daily 30 min after same meal, Qty: 30)",2,AES-256-GCM,vault-transit-key-0xc296766a,30f1ac5238c1d2c85dbc86e0,4045bddd46f287a8397d5caf80b7ee4d,0xa363851757b2f44adea34049154b046e30c7715b64899bbc2594d1fb03a3f55a,Qm995404222052d93a8e7e50ebb8ce5701739715012cda,Pinata Dedicated IPFS Gateway,0.0.4891024,2759,2026-09-13 12:17:01 UTC,0xffd9678f066a918ab6b73f9f662c7a150091dca4d30825cec79cce73fb981885,0.0001,Pharmacy Dispensation Verification & Medication Fulfillment,Identity Verified (Wallet Protocol),Blockchain Audit Enabled
RX-0760,Madhav Mishra,849510,0x39b42f2f3248dfd1c5122e8db829599eacfdb1b5,Request Access,Unauthorized / Unlinked,NO,NO,NO,1629.14,Dr. Vikram Seth,0x15d34AAf54267DB7D7c367839AAf71A00a2C6A65,NMC-99014,Max Super Speciality Cancer Institute,Apollo Pharmacy Global,0x04Fee3FD1B338d12FFD6dBD8d66dE1e8e0BB99cB,DL-AP-2024-8901,"K. V. Raman, R.Ph.",E11.65,Type 2 diabetes mellitus with hyperglycemia,Endocrinology,"Insulin Glargine Solostar (100 IU/mL, 14 Units Once Daily at Bedtime, Qty: 2) | Metformin XR (1000 mg, Once Daily post dinner, Qty: 30)",2,AES-256-GCM,vault-transit-key-0x39b42f2f,2cd70f571827ad15cf2193c5,06e7acd3001b186e230abab21d8865dd,0x626a053c9cb2bc3421abab47e1eff36131c0287e1ff69e00d766adf70106439d,Qmd0c956999ffb07aaf4c56bfa93c1fa47c185baa5d524,Pinata Dedicated IPFS Gateway,0.0.4891024,2760,2026-09-13 12:17:04 UTC,0x5fb1264729c5c922129c2b13bd0d0eccfc37807b01dd9fa08203236eafa13624,0.0001,Pharmacy Dispensation Verification & Medication Fulfillment,Identity Verified (Wallet Protocol),Blockchain Audit Enabled
RX-0761,Nandini Deshmukh,849511,0x840bccf28f4d074555e6ef92ea763ebb92e8a609,🔓 Decrypt RX,Pending - Ready to Decrypt,YES (Patient Consent Active),NO,NO,963.9,Dr. Sarah Jenkins,0x04Fee3FD1B338d12FFD6dBD8d66dE1e8e0BB99cB,NMC-48192,Apollo Multispecialty Hospital,Max Wellness Pharmacy,0x28B7eA94B34C8F52D19E50Eb14769Da20F5D54b4,DL-MW-2024-7731,"Sneha Mukherjee, R.Ph.",K21.9,Gastro-esophageal reflux disease,Gastroenterology,"Pantoprazole Gastro-resistant (40 mg, Once Daily 30 min pre-breakfast, Qty: 30) | Domperidone Sustained Release (30 mg, Once Daily morning, Qty: 30) | Sucralfate Oral Suspension (1000 mg/10mL, 10 mL thrice daily before meals, Qty: 2)",3,AES-256-GCM,vault-transit-key-0x840bccf2,c31de38bd8d1db0b6d05a87c,9667c5713bf36baec0aa4d0d61735f53,0x38961f50d0c671821c9d0cff021e9d2ac9ada5a6828fb9ef562846f61b908eef,Qm12fb4af9655f697b20aeefbede7971006206ca695509,Pinata Dedicated IPFS Gateway,0.0.4891024,2761,2026-09-13 12:17:06 UTC,0xc3cd16fc8bd7e4b5cf40b9873b62d5f86ebbb319767449376ad3cea63a35eb8c,0.0001,Pharmacy Dispensation Verification & Medication Fulfillment,Identity Verified (Wallet Protocol),Blockchain Audit Enabled
RX-0762,Lata Saxena,849512,0x81e11d5e75f41f5bdcee8cf5f44544a90cdaa87d,🔓 Decrypt RX,Pending - Ready to Decrypt,YES (Patient Consent Active),NO,NO,914.35,Dr. Rohan Patel,0x976EA74026E726554dB657fA54763abd0C3a0aa9,NMC-11029,Fortis Memorial Neuro & Trauma Center,MedPlus Health Hub,0x70997970C51812dc3A010C7d01b50e0d17dc79C8,DL-MP-2023-4122,"Priya Sundaram, Pharm.D.",A90,Dengue fever [classical dengue],Infectious Disease,"Paracetamol Infusion / Tab (650 mg, Every 6 hours SOS fever > 100°F, Qty: 20) | Carica Papaya Leaf Extract (1100 mg, Thrice Daily post food, Qty: 21) | Oral Rehydration Salts (WHO formula) (21.8 g sachet, 1 sachet in 1L water daily, Qty: 7)",3,AES-256-GCM,vault-transit-key-0x81e11d5e,f0ee0924ee376eba2c701182,0c72993a1500fcd65ab1488892c42e98,0xfa4d706049dbf2e54f2051b861612e917024d02e3af8087c1253ffdb18644665,Qma9773e887730729bb60c933689016ca4f82dea415ff7,Pinata Dedicated IPFS Gateway,0.0.4891024,2762,2026-09-13 12:17:09 UTC,0xba0421e2a956e0d00c9e30fc661d65a91ea4faf6d4bef7efb0b6642851699b12,0.0001,Pharmacy Dispensation Verification & Medication Fulfillment,Identity Verified (Wallet Protocol),Blockchain Audit Enabled
RX-0763,Bhavna Kapoor,849513,0x6d6abde5a5c21cb308586da76c0412295f2bf566,⏳ Waiting for Approval,Access Pending Approval,NO,YES,NO,1629.23,Dr. Preeti Deshmukh,0x23618e81E3f5cdF7f54C3d65f7FBc0aBf5B21E8f,NMC-82194,Care & Cure Pediatric & Maternity Hospital,Apex Central Clinical Dispensary,0x155Af6ECaFb48861dA7d16Fb8Af2f6ce9d6DD779,DL-AX-2026-3021,"Rajesh Nambiar, Pharm.D.",E11.65,Type 2 diabetes mellitus with hyperglycemia,Endocrinology,"Insulin Glargine Solostar (100 IU/mL, 14 Units Once Daily at Bedtime, Qty: 2) | Metformin XR (1000 mg, Once Daily post dinner, Qty: 30)",2,AES-256-GCM,vault-transit-key-0x6d6abde5,54c5e3668868ffb0d8fe769e,b41d0c0b3889efcf371cc6810ab823a5,0x8bd92719b34f9845fdaa3b646a3f43fb21e74ecc14c5c5d64b2f7dcbfe7478dc,Qm41f265284db1c9d1be5d2a6550b6ee0443ba2d70d43c,Pinata Dedicated IPFS Gateway,0.0.4891024,2763,2026-09-13 12:17:11 UTC,0xdd252c250158e2db9abdce6dbea844fd690526b96a48336d688a0835c90c8e2a,0.0001,Pharmacy Dispensation Verification & Medication Fulfillment,Identity Verified (Wallet Protocol),Blockchain Audit Enabled
RX-0764,Manish Rao,849514,0x8369c9a36bbc3123a6b0ccfd5380cb69321847e6,🔓 Decrypt RX,Pending - Ready to Decrypt,YES (Patient Consent Active),NO,NO,432.73,Dr. Sarah Jenkins,0x04Fee3FD1B338d12FFD6dBD8d66dE1e8e0BB99cB,NMC-48192,Apollo Multispecialty Hospital,Fortis Care Dispensary,0x84f93618C1D541bB1Dcf1373A8eE500A7D439634,DL-FC-2025-1094,"Amit Singhania, R.Ph.",J06.9,Acute upper respiratory infection,Pediatrics / General,"Amoxicillin + Potassium Clavulanate (625 mg, Twice Daily post food, Qty: 14) | Paracetamol (650 mg, Thrice daily post meals SOS, Qty: 15) | Levocetirizine Dihydrochloride (5 mg, Once Daily at Bedtime, Qty: 7)",3,AES-256-GCM,vault-transit-key-0x8369c9a3,c5b20f03335fdb2823ebcce9,0893b7d5707fc48f86f2f60b553ab4d4,0x4fe11011d33afb77fca1efc8f5bbe35d831f5b6569b312b9907ca9e2dab75ebd,Qm165849aff02d4174e6551c91b487cb371a558d15bd26,Pinata Dedicated IPFS Gateway,0.0.4891024,2764,2026-09-13 12:17:14 UTC,0x1757fbc06c9c05de9e7ca469a2fcf8e8f639c2b30f025bbe5fcc2576aaaccf83,0.0001,Pharmacy Dispensation Verification & Medication Fulfillment,Identity Verified (Wallet Protocol),Blockchain Audit Enabled
RX-0765,Yashwanth Mehta,849515,0x4bf927dc8696e77ef180dba69fa903aff11caf8c,🔓 Decrypt RX,Pending - Ready to Decrypt,YES (Patient Consent Active),NO,NO,1678.81,Dr. Rohan Patel,0x976EA74026E726554dB657fA54763abd0C3a0aa9,NMC-11029,Fortis Memorial Neuro & Trauma Center,Apex Central Clinical Dispensary,0x155Af6ECaFb48861dA7d16Fb8Af2f6ce9d6DD779,DL-AX-2026-3021,"Rajesh Nambiar, Pharm.D.",C50.919,Malignant neoplasm of female breast,Oncology,"Tamoxifen Citrate (20 mg, Once Daily at fixed hour, Qty: 30) | Ondansetron HCl (8 mg, Twice Daily 30 min before food, Qty: 30) | Calcium Carbonate + Vit D3 (500mg/250IU, Once Daily post meal, Qty: 30)",3,AES-256-GCM,vault-transit-key-0x4bf927dc,4bf18518b7d5305ca6cd51ef,7f69a2da1485aa7d102df4cc9cf204fc,0xa9d835253ef2015b67393287274fb5baffe96865fe2bb5751a861834aed2063e,Qm8c4faa6c14b5a33872458b3ee4cf96fd90a349baab4d,Pinata Dedicated IPFS Gateway,0.0.4891024,2765,2026-09-13 12:17:16 UTC,0xb962b5908454a1d46cd223b4eadb5e10b654e80b1a6d6607b17f2bf0e71723a8,0.0001,Pharmacy Dispensation Verification & Medication Fulfillment,Identity Verified (Wallet Protocol),Blockchain Audit Enabled
RX-0766,Manish Hegde,849516,0x06e4ffc33d48460de622a081e0ee8217401e2f57,⏳ Waiting for Approval,Access Pending Approval,NO,YES,NO,1689.55,Dr. Sunita Narang,0xBcd4042DE499D14e55001CcbB24a551F3b954096,NMC-90812,Apex Diagnostic Reference Labs,Apollo Pharmacy Global,0x04Fee3FD1B338d12FFD6dBD8d66dE1e8e0BB99cB,DL-AP-2024-8901,"K. V. Raman, R.Ph.",C50.919,Malignant neoplasm of female breast,Oncology,"Tamoxifen Citrate (20 mg, Once Daily at fixed hour, Qty: 30) | Ondansetron HCl (8 mg, Twice Daily 30 min before food, Qty: 30) | Calcium Carbonate + Vit D3 (500mg/250IU, Once Daily post meal, Qty: 30)",3,AES-256-GCM,vault-transit-key-0x06e4ffc3,4f56f6a571561cf6f64f3450,d9275c28ee66a011a77856c5c2f8d7cb,0xf56a8ef3bf10c05fe235a9b638e8a565ade1d6b493b909cbee8cd80981c78fbb,Qm165afaee67d008e84dd008d2ac680b5e43e6706759b5,Pinata Dedicated IPFS Gateway,0.0.4891024,2766,2026-09-13 12:17:18 UTC,0x3aaccc00730bb25c19f7adb079a602c3ae61bc5aa34fdb4de4ed346785e1b14c,0.0001,Pharmacy Dispensation Verification & Medication Fulfillment,Identity Verified (Wallet Protocol),Blockchain Audit Enabled
RX-0767,Chetan Mishra,849517,0xe3606f729e7a3f7207f2939f98a7a75b88bcc34f,🔓 Decrypt RX,Pending - Ready to Decrypt,YES (Patient Consent Active),NO,NO,987.94,Dr. Rohan Patel,0x976EA74026E726554dB657fA54763abd0C3a0aa9,NMC-11029,Fortis Memorial Neuro & Trauma Center,Max Wellness Pharmacy,0x28B7eA94B34C8F52D19E50Eb14769Da20F5D54b4,DL-MW-2024-7731,"Sneha Mukherjee, R.Ph.",G43.909,"Migraine, unspecified, not intractable",Neurology,"Sumatriptan Succinate (50 mg, 1 tablet at onset of migraine SOS, Qty: 10) | Naproxen Sodium (500 mg, Twice daily as needed with food, Qty: 20) | Propranolol HCl (40 mg, Twice daily for prophylaxis, Qty: 60)",3,AES-256-GCM,vault-transit-key-0xe3606f72,8e4ea302a0453549ee37ad9b,a484fde761efe63f709c1769d4f39a6d,0xadd6fb5532e7c9bfcc4eb1dc60ce3c49bfbab47454b5d0e512ba2810faef4fa7,Qm7bdd82d8f2d3d3d6392df2ca836fee84c621f872f869,Pinata Dedicated IPFS Gateway,0.0.4891024,2767,2026-09-13 12:17:21 UTC,0x20c42eaceacc61616760bdc0145fc1dff3086f02972079d55a0d5670615aa210,0.0001,Pharmacy Dispensation Verification & Medication Fulfillment,Identity Verified (Wallet Protocol),Blockchain Audit Enabled
RX-0768,Varun Chatterjee,849518,0x072838b3455dcef2b38cf170b77cae9e4d02de93,⏳ Waiting for Approval,Access Pending Approval,NO,YES,NO,440.38,Dr. Sarah Jenkins,0x04Fee3FD1B338d12FFD6dBD8d66dE1e8e0BB99cB,NMC-48192,Apollo Multispecialty Hospital,Apollo Pharmacy Global,0x04Fee3FD1B338d12FFD6dBD8d66dE1e8e0BB99cB,DL-AP-2024-8901,"K. V. Raman, R.Ph.",J06.9,Acute upper respiratory infection,Pediatrics / General,"Amoxicillin + Potassium Clavulanate (625 mg, Twice Daily post food, Qty: 14) | Paracetamol (650 mg, Thrice daily post meals SOS, Qty: 15) | Levocetirizine Dihydrochloride (5 mg, Once Daily at Bedtime, Qty: 7)",3,AES-256-GCM,vault-transit-key-0x072838b3,dc5e61293d14ce8e5dce2adb,cc21732d44db2c008cbf98b76b0e69f9,0x6c773a46757104ced7d572f74a82d7f84e482275b8640ea0daa42d5835343ec5,Qm455c652bedba7dd87e0765798b42af124d12e0f83911,Pinata Dedicated IPFS Gateway,0.0.4891024,2768,2026-09-13 12:17:23 UTC,0x7fcfa280a085193a0721cdcb86bc832650f70735daefeda15cd67203cc235702,0.0001,Pharmacy Dispensation Verification & Medication Fulfillment,Identity Verified (Wallet Protocol),Blockchain Audit Enabled
RX-0769,Vikas Patel,849519,0x893c662cd57633a1563ea48a8f9fb51c175ba01a,Dispensed (Fulfilled),Dispensed & Fulfilled,YES,NO,YES,960.47,Dr. Rohan Patel,0x976EA74026E726554dB657fA54763abd0C3a0aa9,NMC-11029,Fortis Memorial Neuro & Trauma Center,Apollo Pharmacy Global,0x04Fee3FD1B338d12FFD6dBD8d66dE1e8e0BB99cB,DL-AP-2024-8901,"K. V. Raman, R.Ph.",K21.9,Gastro-esophageal reflux disease,Gastroenterology,"Pantoprazole Gastro-resistant (40 mg, Once Daily 30 min pre-breakfast, Qty: 30) | Domperidone Sustained Release (30 mg, Once Daily morning, Qty: 30) | Sucralfate Oral Suspension (1000 mg/10mL, 10 mL thrice daily before meals, Qty: 2)",3,AES-256-GCM,vault-transit-key-0x893c662c,1f017b815435801f1acb9eb2,3423d50eb3f3f1e659f1b3c2122a6d27,0xfff81c9669217f31c3402f97db364aa7355be58b5857d057bd5c093487f7b282,Qm6b1aabfadaea121587973be00d32be34e3156443b544,Pinata Dedicated IPFS Gateway,0.0.4891024,2769,2026-09-13 12:17:26 UTC,0x5a168167d1c7c9ba13a52a2bda504142b745c982b9f5603d200a3c7e79923774,0.0001,Pharmacy Dispensation Verification & Medication Fulfillment,Identity Verified (Wallet Protocol),Blockchain Audit Enabled
RX-0770,Shreya Pandey,849520,0x7a178e404d93d4ab5deeccf0c67821d8ac71a745,Dispensed (Fulfilled),Dispensed & Fulfilled,YES,NO,YES,930.38,Dr. Sunita Narang,0xBcd4042DE499D14e55001CcbB24a551F3b954096,NMC-90812,Apex Diagnostic Reference Labs,Apex Central Clinical Dispensary,0x155Af6ECaFb48861dA7d16Fb8Af2f6ce9d6DD779,DL-AX-2026-3021,"Rajesh Nambiar, Pharm.D.",A90,Dengue fever [classical dengue],Infectious Disease,"Paracetamol Infusion / Tab (650 mg, Every 6 hours SOS fever > 100°F, Qty: 20) | Carica Papaya Leaf Extract (1100 mg, Thrice Daily post food, Qty: 21) | Oral Rehydration Salts (WHO formula) (21.8 g sachet, 1 sachet in 1L water daily, Qty: 7)",3,AES-256-GCM,vault-transit-key-0x7a178e40,79ed0ea1460f34e138668c19,3d919bdd3dd0d4442a2f0569698b5f8d,0x027dfa9fa6816dd2423b611bede9abaf0d1a972369f8295dc6be507dec33cc16,Qma7a3218849ef2313469663c1cd451fa6361a2bdbaaa5,Pinata Dedicated IPFS Gateway,0.0.4891024,2770,2026-09-13 12:17:28 UTC,0xe60727daadcc005bbd35c0e42442e15e055856fa0077aa4e4da76d735ef532e5,0.0001,Pharmacy Dispensation Verification & Medication Fulfillment,Identity Verified (Wallet Protocol),Blockchain Audit Enabled
RX-0771,Nandini Choudhury,849521,0xcf948e7098b15ae7cd8bf4d2ecbacc93493ef8ad,Request Access,Unauthorized / Unlinked,NO,NO,NO,215.72,Dr. Vikram Seth,0x15d34AAf54267DB7D7c367839AAf71A00a2C6A65,NMC-99014,Max Super Speciality Cancer Institute,MedPlus Health Hub,0x70997970C51812dc3A010C7d01b50e0d17dc79C8,DL-MP-2023-4122,"Priya Sundaram, Pharm.D.",E03.9,"Hypothyroidism, unspecified",Endocrinology,"Levothyroxine Sodium (50 mcg, Once Daily on empty stomach, Qty: 60)",1,AES-256-GCM,vault-transit-key-0xcf948e70,3fac1db9989bf115e796888e,184a4bcdd8369100073124512d4fa7ff,0x394a813700b5d2fbecdc283dab05190dba8fe8c29103133c0cff38f686e358db,Qm2b264fb7d03a9091e685299b343098afb417a3d2af1c,Pinata Dedicated IPFS Gateway,0.0.4891024,2771,2026-09-13 12:17:31 UTC,0x9d0c72ec9de897171a305e80da6514cb0de7849a4847a7a1c0acf90c6ee7a313,0.0001,Pharmacy Dispensation Verification & Medication Fulfillment,Identity Verified (Wallet Protocol),Blockchain Audit Enabled
RX-0772,Lata Saxena,849522,0x733bf08f38d2ac77329636026fa04168b7cf5166,⏳ Waiting for Approval,Access Pending Approval,NO,YES,NO,1688.64,Dr. Preeti Deshmukh,0x23618e81E3f5cdF7f54C3d65f7FBc0aBf5B21E8f,NMC-82194,Care & Cure Pediatric & Maternity Hospital,Fortis Care Dispensary,0x84f93618C1D541bB1Dcf1373A8eE500A7D439634,DL-FC-2025-1094,"Amit Singhania, R.Ph.",C50.919,Malignant neoplasm of female breast,Oncology,"Tamoxifen Citrate (20 mg, Once Daily at fixed hour, Qty: 30) | Ondansetron HCl (8 mg, Twice Daily 30 min before food, Qty: 30) | Calcium Carbonate + Vit D3 (500mg/250IU, Once Daily post meal, Qty: 30)",3,AES-256-GCM,vault-transit-key-0x733bf08f,31676aaa527e569da6892c3b,0aba88635b8f090f78ed777cadc53c5b,0xd184f84b982fded8288b35c930cca2e71d08f20953de729fcbe2070f913d270c,Qmd2f6fb83837a3b9b9c42dbacc2b6ef0782b7dd91be33,Pinata Dedicated IPFS Gateway,0.0.4891024,2772,2026-09-13 12:17:33 UTC,0xa5a0fab2d8e7d4522339b70aee39bf8c528660c53cba865223e3d3eb61c41889,0.0001,Pharmacy Dispensation Verification & Medication Fulfillment,Identity Verified (Wallet Protocol),Blockchain Audit Enabled
RX-0773,Aarav Reddy,849523,0xe84d62fa9344cac621f0248ef858b6c276efcb48,🔓 Decrypt RX,Pending - Ready to Decrypt,YES (Patient Consent Active),NO,NO,499.09,Dr. Ananya Roy,0x9965507D1a55bcC2695C58ba16FB37d819B0A4dc,NMC-51203,Max Super Speciality Cancer Institute,Fortis Care Dispensary,0x84f93618C1D541bB1Dcf1373A8eE500A7D439634,DL-FC-2025-1094,"Amit Singhania, R.Ph.",I10,Essential (primary) hypertension,Cardiology,"Amlodipine Besylate (5 mg, Once Daily (Morning), Qty: 30) | Telmisartan (40 mg, Once Daily (Morning), Qty: 30)",2,AES-256-GCM,vault-transit-key-0xe84d62fa,c411c9ba7072733750835591,3a4c47358c1ef7d4f627a971e06277a8,0x14d388e588cd3c7f8b0b0d15134dabad6bdb5111a7c40dc69ae91d457242a6ed,Qm95c189f7d63e41d2296d81c48d13e8aa453fcf82a91a,Pinata Dedicated IPFS Gateway,0.0.4891024,2773,2026-09-13 12:17:36 UTC,0xba1cf77f2b52368c0f5586667c5ad54415979a6ed5e1a26ed2332493eeace267,0.0001,Pharmacy Dispensation Verification & Medication Fulfillment,Identity Verified (Wallet Protocol),Blockchain Audit Enabled
RX-0774,Harish Banerjee,849524,0x6d7e1b5f052ea523a3e1df2fa8497a3d9b2e7993,Request Access,Unauthorized / Unlinked,NO,NO,NO,213.46,Dr. Rajesh Sharma,0x3c44CdDdB6a900fa2b585dd299e03d12FA4293BC,NMC-78491,Apollo Multispecialty Hospital,MedPlus Health Hub,0x70997970C51812dc3A010C7d01b50e0d17dc79C8,DL-MP-2023-4122,"Priya Sundaram, Pharm.D.",E03.9,"Hypothyroidism, unspecified",Endocrinology,"Levothyroxine Sodium (50 mcg, Once Daily on empty stomach, Qty: 60)",1,AES-256-GCM,vault-transit-key-0x6d7e1b5f,bf36b4d13627846915c5f84a,723e812f30c6e224e304cfc9e528a3e2,0x3ea8b47e07c94f748721875e0fecbda4db4eab19da3244e72d5b4d3cc189d7ba,Qm3f33f99d35e17a6f49cbdd1cfb3d2cf8c66751ebcc49,Pinata Dedicated IPFS Gateway,0.0.4891024,2774,2026-09-13 12:17:38 UTC,0xf6e6387c25477121c15d75e0e8a848140841b335fc89394a7b74506eac91555d,0.0001,Pharmacy Dispensation Verification & Medication Fulfillment,Identity Verified (Wallet Protocol),Blockchain Audit Enabled
RX-0775,Pranav Kulkarni,849525,0xff29a968c9ce9ad95fe3104dcb48c74d5a799a18,Request Access,Unauthorized / Unlinked,NO,NO,NO,216.81,Dr. Sunita Narang,0xBcd4042DE499D14e55001CcbB24a551F3b954096,NMC-90812,Apex Diagnostic Reference Labs,Fortis Care Dispensary,0x84f93618C1D541bB1Dcf1373A8eE500A7D439634,DL-FC-2025-1094,"Amit Singhania, R.Ph.",E03.9,"Hypothyroidism, unspecified",Endocrinology,"Levothyroxine Sodium (50 mcg, Once Daily on empty stomach, Qty: 60)",1,AES-256-GCM,vault-transit-key-0xff29a968,d62216e1d70c060dc1156a6e,26d5b9927a2db00f4d54688bcd595101,0x8a266a14543847024646e870512e61c00e133cfab1a3e0a0b58430c244411fb5,Qm168ea751cae4e82ed69be8d4281f8ceca95c9f649c7a,Pinata Dedicated IPFS Gateway,0.0.4891024,2775,2026-09-13 12:17:40 UTC,0x89744ad4ffbdb305003b207a4b297f96aa5400cf3506795f62f0bb49d89a3c55,0.0001,Pharmacy Dispensation Verification & Medication Fulfillment,Identity Verified (Wallet Protocol),Blockchain Audit Enabled
RX-0776,Nandini Gowda,849526,0x4f7d8e4565b9b44b68c1c9cf0bb61cdc988257c2,🔓 Decrypt RX,Pending - Ready to Decrypt,YES (Patient Consent Active),NO,NO,988.04,Dr. Rajesh Sharma,0x3c44CdDdB6a900fa2b585dd299e03d12FA4293BC,NMC-78491,Apollo Multispecialty Hospital,Max Wellness Pharmacy,0x28B7eA94B34C8F52D19E50Eb14769Da20F5D54b4,DL-MW-2024-7731,"Sneha Mukherjee, R.Ph.",I20.9,"Angina pectoris, unspecified",Cardiology,"Nitroglycerin Sublingual (0.4 mg, PRN for chest pain, Qty: 25) | Aspirin Gastro-resistant (75 mg, Once Daily post meal, Qty: 30) | Atorvastatin Calcium (40 mg, Once Daily at Bedtime, Qty: 30)",3,AES-256-GCM,vault-transit-key-0x4f7d8e45,6bc87a459e706edd2c15a4b3,a22be4b19daf14d0bfe84729c79d4fb8,0xc9f1b2725d407f4cdf440d93113d0c136abcb1b01987a7b1b4caea01eb19dd04,Qmfb1a03a477b67a15283fbce66a02b29b9f3063e5bc1b,Pinata Dedicated IPFS Gateway,0.0.4891024,2776,2026-09-13 12:17:42 UTC,0x76ca18bd8396b320d1bfbdab13c0e02f27aa355f111acf0f509dbc0ae4641d08,0.0001,Pharmacy Dispensation Verification & Medication Fulfillment,Identity Verified (Wallet Protocol),Blockchain Audit Enabled
RX-0777,Rakesh Kapoor,849527,0x78529f2a77fa3af3d2dfff5096db91103aac8b10,🔓 Decrypt RX,Pending - Ready to Decrypt,YES (Patient Consent Active),NO,NO,977.14,Dr. Rajesh Sharma,0x3c44CdDdB6a900fa2b585dd299e03d12FA4293BC,NMC-78491,Apollo Multispecialty Hospital,Apollo Pharmacy Global,0x04Fee3FD1B338d12FFD6dBD8d66dE1e8e0BB99cB,DL-AP-2024-8901,"K. V. Raman, R.Ph.",G43.909,"Migraine, unspecified, not intractable",Neurology,"Sumatriptan Succinate (50 mg, 1 tablet at onset of migraine SOS, Qty: 10) | Naproxen Sodium (500 mg, Twice daily as needed with food, Qty: 20) | Propranolol HCl (40 mg, Twice daily for prophylaxis, Qty: 60)",3,AES-256-GCM,vault-transit-key-0x78529f2a,1b5fc61fa97f062c6102188a,549f2a3f4c9b77c367fe85ab3a74338d,0xfc30f9f8de96345ffb424610aab68b6f0f10572ec634860805bc8e8249c00d4a,Qm2f87fac307f2614d88370c5ae89455dd14ca20c546c6,Pinata Dedicated IPFS Gateway,0.0.4891024,2777,2026-09-13 12:17:45 UTC,0xaae7dd12634a7d21b3c38fcc585ef4391a16f458ed3fca9f29f563477132b5d5,0.0001,Pharmacy Dispensation Verification & Medication Fulfillment,Identity Verified (Wallet Protocol),Blockchain Audit Enabled
RX-0778,Amit Deshmukh,849528,0xe4168c0984e8c122236d0103438d71156031b3ad,Dispensed (Fulfilled),Dispensed & Fulfilled,YES,NO,YES,196.88,Dr. Rohan Patel,0x976EA74026E726554dB657fA54763abd0C3a0aa9,NMC-11029,Fortis Memorial Neuro & Trauma Center,MedPlus Health Hub,0x70997970C51812dc3A010C7d01b50e0d17dc79C8,DL-MP-2023-4122,"Priya Sundaram, Pharm.D.",E03.9,"Hypothyroidism, unspecified",Endocrinology,"Levothyroxine Sodium (50 mcg, Once Daily on empty stomach, Qty: 60)",1,AES-256-GCM,vault-transit-key-0xe4168c09,d84d1c83e4b5caa7d7668000,41211c207e417b1c0a7a7ad64cec63f9,0x98d3bc2d61adac51f02538efae471985d7acda64db26df7e1a41d44a82a24e12,Qmc15895b5f7100f36e580fe456db99fa56fa9c19b5914,Pinata Dedicated IPFS Gateway,0.0.4891024,2778,2026-09-13 12:17:47 UTC,0xdce92220318a11bd0ef0b98e0642997464ae5208bb2e873ceaa9420215555d88,0.0001,Pharmacy Dispensation Verification & Medication Fulfillment,Identity Verified (Wallet Protocol),Blockchain Audit Enabled
RX-0779,Meera Banerjee,849529,0xf83fdba0922587355689b332070b78a6746e6c3b,⏳ Waiting for Approval,Access Pending Approval,NO,YES,NO,998.33,Dr. Rajesh Sharma,0x3c44CdDdB6a900fa2b585dd299e03d12FA4293BC,NMC-78491,Apollo Multispecialty Hospital,MedPlus Health Hub,0x70997970C51812dc3A010C7d01b50e0d17dc79C8,DL-MP-2023-4122,"Priya Sundaram, Pharm.D.",I20.9,"Angina pectoris, unspecified",Cardiology,"Nitroglycerin Sublingual (0.4 mg, PRN for chest pain, Qty: 25) | Aspirin Gastro-resistant (75 mg, Once Daily post meal, Qty: 30) | Atorvastatin Calcium (40 mg, Once Daily at Bedtime, Qty: 30)",3,AES-256-GCM,vault-transit-key-0xf83fdba0,8ff7d849f6b5f0cc1de7c5fd,f61fe9cdd2c697dafe477fc69fd7f52b,0x481bdacc83e733f44a6ff44e43f5ba743a7837e9a5787f18a54228e80356af06,Qm9d4b7b3442a85096d3a681c62bde433b6db0be3c2711,Pinata Dedicated IPFS Gateway,0.0.4891024,2779,2026-09-13 12:17:50 UTC,0xd312de8dddc355d3ec5559442fd58697b9ddba28d9e5ba1fe91664c007adc7e7,0.0001,Pharmacy Dispensation Verification & Medication Fulfillment,Identity Verified (Wallet Protocol),Blockchain Audit Enabled
RX-0780,Madhav Malhotra,849530,0x7690061a5d89ade712ad3af22380206d5d2dbe7d,🔓 Decrypt RX,Pending - Ready to Decrypt,YES (Patient Consent Active),NO,NO,927.27,Dr. Preeti Deshmukh,0x23618e81E3f5cdF7f54C3d65f7FBc0aBf5B21E8f,NMC-82194,Care & Cure Pediatric & Maternity Hospital,Apollo Pharmacy Global,0x04Fee3FD1B338d12FFD6dBD8d66dE1e8e0BB99cB,DL-AP-2024-8901,"K. V. Raman, R.Ph.",A90,Dengue fever [classical dengue],Infectious Disease,"Paracetamol Infusion / Tab (650 mg, Every 6 hours SOS fever > 100°F, Qty: 20) | Carica Papaya Leaf Extract (1100 mg, Thrice Daily post food, Qty: 21) | Oral Rehydration Salts (WHO formula) (21.8 g sachet, 1 sachet in 1L water daily, Qty: 7)",3,AES-256-GCM,vault-transit-key-0x7690061a,bb3d4bd05cf62ddbe6c900f1,4c81a8b6392e31d0598c79b3371d58cd,0xf053ddb8a2570ffb9ab9a40075e8696c73c26b6c86233c32fc3f84e1a36c235f,Qm70517dd370a9173f052652099083245f463f65165ffa,Pinata Dedicated IPFS Gateway,0.0.4891024,2780,2026-09-13 12:17:52 UTC,0x1cd3c26d52904ac415ed2576f5d40cf541aa703fccbff7f42b5ad4b14593c7f9,0.0001,Pharmacy Dispensation Verification & Medication Fulfillment,Identity Verified (Wallet Protocol),Blockchain Audit Enabled
RX-0781,Varun Mishra,849531,0xe90c58a40acb59895fa22d32306e3bb44f13718d,Dispensed (Fulfilled),Dispensed & Fulfilled,YES,NO,YES,512.68,Dr. Vikram Seth,0x15d34AAf54267DB7D7c367839AAf71A00a2C6A65,NMC-99014,Max Super Speciality Cancer Institute,MedPlus Health Hub,0x70997970C51812dc3A010C7d01b50e0d17dc79C8,DL-MP-2023-4122,"Priya Sundaram, Pharm.D.",I10,Essential (primary) hypertension,Cardiology,"Amlodipine Besylate (5 mg, Once Daily (Morning), Qty: 30) | Telmisartan (40 mg, Once Daily (Morning), Qty: 30)",2,AES-256-GCM,vault-transit-key-0xe90c58a4,c9a9bf6847e19ea06b082b11,7c2013a1a749a79b5fe277acb8d1378a,0xfe05dd442a29063a34dc4616bb23d466e94723090ee43d75664ccc33782daa78,Qm362d455cd2965ab137fae04764f136b5abad0cdb8c33,Pinata Dedicated IPFS Gateway,0.0.4891024,2781,2026-09-13 12:17:54 UTC,0xdd8d7251de16a4cd78a0ad4ccc78e74014598e2d17de5054d9c859dbb9965e9e,0.0001,Pharmacy Dispensation Verification & Medication Fulfillment,Identity Verified (Wallet Protocol),Blockchain Audit Enabled
RX-0782,Riya Joshi,849532,0xe6ef37b09fe8f8b0032e04b5c56204c0f727253c,Dispensed (Fulfilled),Dispensed & Fulfilled,YES,NO,YES,1619.22,Dr. Sunita Narang,0xBcd4042DE499D14e55001CcbB24a551F3b954096,NMC-90812,Apex Diagnostic Reference Labs,MedPlus Health Hub,0x70997970C51812dc3A010C7d01b50e0d17dc79C8,DL-MP-2023-4122,"Priya Sundaram, Pharm.D.",E11.65,Type 2 diabetes mellitus with hyperglycemia,Endocrinology,"Insulin Glargine Solostar (100 IU/mL, 14 Units Once Daily at Bedtime, Qty: 2) | Metformin XR (1000 mg, Once Daily post dinner, Qty: 30)",2,AES-256-GCM,vault-transit-key-0xe6ef37b0,e8c906307ec839a8d2fb05ba,feae966556c1554e7ad1b92976e56a58,0x43b66cee30342d5c697ae20c47e5aec4ba7e19a71b6e75c2bd1e4d68e857a636,Qm02dea3b41a8a107ed32ed89c30dcab60a222dd67519f,Pinata Dedicated IPFS Gateway,0.0.4891024,2782,2026-09-13 12:17:56 UTC,0xb889392a7be4ddd538d0efe2d77a06a2553f2b0654b5c663aa2589736f78522a,0.0001,Pharmacy Dispensation Verification & Medication Fulfillment,Identity Verified (Wallet Protocol),Blockchain Audit Enabled
RX-0783,Meera Gowda,849533,0x24819407c8bd8e8520155c9fa8625da50092f52b,🔓 Decrypt RX,Pending - Ready to Decrypt,YES (Patient Consent Active),NO,NO,1614.51,Dr. Sunita Narang,0xBcd4042DE499D14e55001CcbB24a551F3b954096,NMC-90812,Apex Diagnostic Reference Labs,Fortis Care Dispensary,0x84f93618C1D541bB1Dcf1373A8eE500A7D439634,DL-FC-2025-1094,"Amit Singhania, R.Ph.",E11.65,Type 2 diabetes mellitus with hyperglycemia,Endocrinology,"Insulin Glargine Solostar (100 IU/mL, 14 Units Once Daily at Bedtime, Qty: 2) | Metformin XR (1000 mg, Once Daily post dinner, Qty: 30)",2,AES-256-GCM,vault-transit-key-0x24819407,9115c8d26e0694125c832847,f0269ce818e9d19d3cc0131c6f625e7d,0x0298bd44922bd0a144d88e098bcb23076c2147aea5d41fcecf476a729a94c7c1,Qmcc57f6ebcba3387fac0b8121a3003bc36140a8baf2bb,Pinata Dedicated IPFS Gateway,0.0.4891024,2783,2026-09-13 12:17:59 UTC,0xbb90b4821a3c2a8277beaf068b216b073c6fd55d21a5d145d8e353ded5f83e1b,0.0001,Pharmacy Dispensation Verification & Medication Fulfillment,Identity Verified (Wallet Protocol),Blockchain Audit Enabled
RX-0784,Siddharth Bhatia,849534,0xf85d8f944d14e497a318a4d8b9b4113f3ff1feb0,Dispensed (Fulfilled),Dispensed & Fulfilled,YES,NO,YES,1492.72,Dr. Sunita Narang,0xBcd4042DE499D14e55001CcbB24a551F3b954096,NMC-90812,Apex Diagnostic Reference Labs,Fortis Care Dispensary,0x84f93618C1D541bB1Dcf1373A8eE500A7D439634,DL-FC-2025-1094,"Amit Singhania, R.Ph.",G40.909,"Epilepsy, unspecified",Neurology,"Levetiracetam (500 mg, Twice Daily morning & evening, Qty: 60) | Clobazam (10 mg, Once Daily at Bedtime, Qty: 30)",2,AES-256-GCM,vault-transit-key-0xf85d8f94,6fd7db2ff1a2fc5dc4d4d26b,9708da791c25911900cb92aeb782d1c3,0xb15ffdb75e273aaee84002b89f907eb23eb7493db23d86dfe9b5e848aac286cb,Qmd557e1e22fbc6f7833ceea3a2ec7fc2f027a63eb9e13,Pinata Dedicated IPFS Gateway,0.0.4891024,2784,2026-09-13 12:18:01 UTC,0xbe5f5942e0eb8ab423790fdefaf8285203c79b5b6f6d1056c402e1c3e5031764,0.0001,Pharmacy Dispensation Verification & Medication Fulfillment,Identity Verified (Wallet Protocol),Blockchain Audit Enabled
RX-0785,Tanvi Choudhury,849535,0xc532879c537f8cc40a800cff273b906f6a8ff2e1,Dispensed (Fulfilled),Dispensed & Fulfilled,YES,NO,YES,1616.47,Dr. Sarah Jenkins,0x04Fee3FD1B338d12FFD6dBD8d66dE1e8e0BB99cB,NMC-48192,Apollo Multispecialty Hospital,MedPlus Health Hub,0x70997970C51812dc3A010C7d01b50e0d17dc79C8,DL-MP-2023-4122,"Priya Sundaram, Pharm.D.",E11.65,Type 2 diabetes mellitus with hyperglycemia,Endocrinology,"Insulin Glargine Solostar (100 IU/mL, 14 Units Once Daily at Bedtime, Qty: 2) | Metformin XR (1000 mg, Once Daily post dinner, Qty: 30)",2,AES-256-GCM,vault-transit-key-0xc532879c,112ed12c83e02794511b5f65,5dd09a8c6248c1af93f66aebd3b96f0c,0x9c129c45f68c52a50df38b1cf988800b973b7519493ae397502b61d4844dd38d,Qm79b5a613dd5bfa625c872560124bfa0a0583e5b13c71,Pinata Dedicated IPFS Gateway,0.0.4891024,2785,2026-09-13 12:18:04 UTC,0x1e1c46a5fa79372e3d5ff2d76abfda54f5156a6d88342c46e6621c6491ced6a8,0.0001,Pharmacy Dispensation Verification & Medication Fulfillment,Identity Verified (Wallet Protocol),Blockchain Audit Enabled
RX-0786,Sneha Iyer,849536,0x5f56ff4faf3300749502970ec937d6ffab251121,⏳ Waiting for Approval,Access Pending Approval,NO,YES,NO,1180.75,Dr. Preeti Deshmukh,0x23618e81E3f5cdF7f54C3d65f7FBc0aBf5B21E8f,NMC-82194,Care & Cure Pediatric & Maternity Hospital,Apollo Pharmacy Global,0x04Fee3FD1B338d12FFD6dBD8d66dE1e8e0BB99cB,DL-AP-2024-8901,"K. V. Raman, R.Ph.",E11.9,Type 2 diabetes mellitus without complications,Endocrinology,"Metformin Hydrochloride (500 mg, Twice Daily with meals, Qty: 60) | Dapagliflozin Propanediol (10 mg, Once Daily morning, Qty: 30) | Glimepiride (2 mg, Once Daily pre-breakfast, Qty: 30)",3,AES-256-GCM,vault-transit-key-0x5f56ff4f,8abdd9ec051aed4e0a109f23,04ddd33f7d231094330c67d8075ac271,0xa4e69a9875cc889ef745d41b5b1d12e1af4192d6d3dd6ac1e8ddaa4b01c12a16,Qm8f6476e9bffd2517f2d0926667616dcc8c3d317cd9e8,Pinata Dedicated IPFS Gateway,0.0.4891024,2786,2026-09-13 12:18:07 UTC,0xca2747e311bafb46b9b167c47fa39c98cd866b83995efe4f90097892001be380,0.0001,Pharmacy Dispensation Verification & Medication Fulfillment,Identity Verified (Wallet Protocol),Blockchain Audit Enabled
RX-0787,Riya Kapoor,849537,0x0a934619ed3e2c982a54d1e6d63da82f85383127,🔓 Decrypt RX,Pending - Ready to Decrypt,YES (Patient Consent Active),NO,NO,945.79,Dr. Ananya Roy,0x9965507D1a55bcC2695C58ba16FB37d819B0A4dc,NMC-51203,Max Super Speciality Cancer Institute,Apex Central Clinical Dispensary,0x155Af6ECaFb48861dA7d16Fb8Af2f6ce9d6DD779,DL-AX-2026-3021,"Rajesh Nambiar, Pharm.D.",K21.9,Gastro-esophageal reflux disease,Gastroenterology,"Pantoprazole Gastro-resistant (40 mg, Once Daily 30 min pre-breakfast, Qty: 30) | Domperidone Sustained Release (30 mg, Once Daily morning, Qty: 30) | Sucralfate Oral Suspension (1000 mg/10mL, 10 mL thrice daily before meals, Qty: 2)",3,AES-256-GCM,vault-transit-key-0x0a934619,7368c4e09c7a55bfe213e455,616b27f1bb8a8c63cb1d0b58abce9afd,0xf7d6707826ae7142c5387487da37f0d0052b088ca6a338a509dabefcc6e2e617,Qm2c09df05ab10b24330ac3f69914c3d82ed06b9e00621,Pinata Dedicated IPFS Gateway,0.0.4891024,2787,2026-09-13 12:18:09 UTC,0x696a1123bfb0f84dd9be7d3fe1b022b84a03930605ebe26725c589cf947919b0,0.0001,Pharmacy Dispensation Verification & Medication Fulfillment,Identity Verified (Wallet Protocol),Blockchain Audit Enabled
RX-0788,Ananya Rao,849538,0xf0bbeff19e2c301b22c2114151048f27ecf9f93d,Dispensed (Fulfilled),Dispensed & Fulfilled,YES,NO,YES,3314.18,Dr. Rajesh Sharma,0x3c44CdDdB6a900fa2b585dd299e03d12FA4293BC,NMC-78491,Apollo Multispecialty Hospital,Apollo Pharmacy Global,0x04Fee3FD1B338d12FFD6dBD8d66dE1e8e0BB99cB,DL-AP-2024-8901,"K. V. Raman, R.Ph.",C61,Malignant neoplasm of prostate,Oncology,"Bicalutamide (50 mg, Once Daily morning, Qty: 30) | Tamsulosin HCl (0.4 mg, Once Daily 30 min after same meal, Qty: 30)",2,AES-256-GCM,vault-transit-key-0xf0bbeff1,293c760c856f8eced7849b11,8809e265a474d5bd2187b00e53b6f9e9,0xa0a735a888edd6188375a56254039fd24dffad53379c0402227ff09764dde631,Qm42e914a1ce7461870ab9937d203059493511327bdf1b,Pinata Dedicated IPFS Gateway,0.0.4891024,2788,2026-09-13 12:18:11 UTC,0xb9ff3fc629a637bca2a62567c963dc3a2a5fa6887230cc61f1232f23d8986306,0.0001,Pharmacy Dispensation Verification & Medication Fulfillment,Identity Verified (Wallet Protocol),Blockchain Audit Enabled
RX-0789,Gautam Banerjee,849539,0x1c606a3a976702d59e3769137711b8690bbe6cde,⏳ Waiting for Approval,Access Pending Approval,NO,YES,NO,974.9,Dr. Rajesh Sharma,0x3c44CdDdB6a900fa2b585dd299e03d12FA4293BC,NMC-78491,Apollo Multispecialty Hospital,MedPlus Health Hub,0x70997970C51812dc3A010C7d01b50e0d17dc79C8,DL-MP-2023-4122,"Priya Sundaram, Pharm.D.",G43.909,"Migraine, unspecified, not intractable",Neurology,"Sumatriptan Succinate (50 mg, 1 tablet at onset of migraine SOS, Qty: 10) | Naproxen Sodium (500 mg, Twice daily as needed with food, Qty: 20) | Propranolol HCl (40 mg, Twice daily for prophylaxis, Qty: 60)",3,AES-256-GCM,vault-transit-key-0x1c606a3a,8b41444252bb97ed8c79d680,cdd319160a4a14cfce417904d2e360db,0x000507989c75f9dae371b1adb903907df1a58edbae6eef23adc81f527050ed7d,Qmc78c11a6e1d49fd362730bb0f64b791962260a78cd0d,Pinata Dedicated IPFS Gateway,0.0.4891024,2789,2026-09-13 12:18:13 UTC,0xe31c195cbd2b35f1a9fa3514ce039cdf23088c4ee120564143d55cb42f6d65b4,0.0001,Pharmacy Dispensation Verification & Medication Fulfillment,Identity Verified (Wallet Protocol),Blockchain Audit Enabled
RX-0790,Aditi Ghosh,849540,0xcb5b1dd0e700632cfbb2266381ef4665001212c1,Dispensed (Fulfilled),Dispensed & Fulfilled,YES,NO,YES,3311.43,Dr. Ananya Roy,0x9965507D1a55bcC2695C58ba16FB37d819B0A4dc,NMC-51203,Max Super Speciality Cancer Institute,Apollo Pharmacy Global,0x04Fee3FD1B338d12FFD6dBD8d66dE1e8e0BB99cB,DL-AP-2024-8901,"K. V. Raman, R.Ph.",C61,Malignant neoplasm of prostate,Oncology,"Bicalutamide (50 mg, Once Daily morning, Qty: 30) | Tamsulosin HCl (0.4 mg, Once Daily 30 min after same meal, Qty: 30)",2,AES-256-GCM,vault-transit-key-0xcb5b1dd0,32781d559f6cc8c4b4d87950,0d42176d973dc28593e1d9672554130b,0x9ecfca0a1c60c9f1ca95419568f20c828f4db45e0ff2ef44cbd6a5705e7a1cee,Qmd998576be26439e2d6a720f3193ab925570d36446572,Pinata Dedicated IPFS Gateway,0.0.4891024,2790,2026-09-13 12:18:16 UTC,0xa133453fa61eecc72c1f0a849bd917c681c12e8f119a51587749be1cdf0b7d18,0.0001,Pharmacy Dispensation Verification & Medication Fulfillment,Identity Verified (Wallet Protocol),Blockchain Audit Enabled
RX-0791,Kiran Mishra,849541,0x755f965baa7e2394dfd5d357c9ac3555087e3048,🔓 Decrypt RX,Pending - Ready to Decrypt,YES (Patient Consent Active),NO,NO,211.05,Dr. Vikram Seth,0x15d34AAf54267DB7D7c367839AAf71A00a2C6A65,NMC-99014,Max Super Speciality Cancer Institute,Max Wellness Pharmacy,0x28B7eA94B34C8F52D19E50Eb14769Da20F5D54b4,DL-MW-2024-7731,"Sneha Mukherjee, R.Ph.",E03.9,"Hypothyroidism, unspecified",Endocrinology,"Levothyroxine Sodium (50 mcg, Once Daily on empty stomach, Qty: 60)",1,AES-256-GCM,vault-transit-key-0x755f965b,1151962fc95917f3a8628320,4c3c7ed66627928b3d8de8256dee604c,0x47d2ff8570277ace0f8287dc62f62360e07cc3fe9b5ebf6a15fc807c67a049fa,Qm51b9ddf6b3ea30652f8ede33a2ad44aee3a51134c812,Pinata Dedicated IPFS Gateway,0.0.4891024,2791,2026-09-13 12:18:19 UTC,0xefc2c0279db95f34383ba2c86603383477a578d42d29dd914d89f841cab88ecf,0.0001,Pharmacy Dispensation Verification & Medication Fulfillment,Identity Verified (Wallet Protocol),Blockchain Audit Enabled
RX-0792,Lata Deshmukh,849542,0x50a7e388e8359544694a98d813cda9f7ecc3ce30,⏳ Waiting for Approval,Access Pending Approval,NO,YES,NO,1001.75,Dr. Sunita Narang,0xBcd4042DE499D14e55001CcbB24a551F3b954096,NMC-90812,Apex Diagnostic Reference Labs,Max Wellness Pharmacy,0x28B7eA94B34C8F52D19E50Eb14769Da20F5D54b4,DL-MW-2024-7731,"Sneha Mukherjee, R.Ph.",I20.9,"Angina pectoris, unspecified",Cardiology,"Nitroglycerin Sublingual (0.4 mg, PRN for chest pain, Qty: 25) | Aspirin Gastro-resistant (75 mg, Once Daily post meal, Qty: 30) | Atorvastatin Calcium (40 mg, Once Daily at Bedtime, Qty: 30)",3,AES-256-GCM,vault-transit-key-0x50a7e388,643f7608e8ba364643ce3b66,af53f405dfdb7f53aa02a87bdfed701d,0xb0cc3307f5dba3b5777fc40d7597fb6c5e8897ad1f31ae5b4fa69b25c100b366,Qmb2ff5ba5f17ad911f8f3dffdc21973fd65cec4b11eb2,Pinata Dedicated IPFS Gateway,0.0.4891024,2792,2026-09-13 12:18:21 UTC,0x2460083ccdbb414a1c0d32381734f30b2afe0070f5b3c49200c85afad127eaab,0.0001,Pharmacy Dispensation Verification & Medication Fulfillment,Identity Verified (Wallet Protocol),Blockchain Audit Enabled
RX-0793,Tanvi Pillai,849543,0xfeb59cbd5f0867cdd57f35fa18538627d7e68fb8,🔓 Decrypt RX,Pending - Ready to Decrypt,YES (Patient Consent Active),NO,NO,3305.65,Dr. Sarah Jenkins,0x04Fee3FD1B338d12FFD6dBD8d66dE1e8e0BB99cB,NMC-48192,Apollo Multispecialty Hospital,Fortis Care Dispensary,0x84f93618C1D541bB1Dcf1373A8eE500A7D439634,DL-FC-2025-1094,"Amit Singhania, R.Ph.",C61,Malignant neoplasm of prostate,Oncology,"Bicalutamide (50 mg, Once Daily morning, Qty: 30) | Tamsulosin HCl (0.4 mg, Once Daily 30 min after same meal, Qty: 30)",2,AES-256-GCM,vault-transit-key-0xfeb59cbd,0f13b9a998593ed48d21dfdb,ee1a2b2836521d9d102954a41a5c994f,0x05b3764bbada8318ac4427a7cdb9e34e539a247fe0416301fde57dd38ecd7aeb,Qmb7ab922d5c75c04801ed318fa860b56e6939b7c4ce9b,Pinata Dedicated IPFS Gateway,0.0.4891024,2793,2026-09-13 12:18:24 UTC,0x39d4db472697fb0f00df13b24dece2c381b13b28963d447da55675bd0845a7e5,0.0001,Pharmacy Dispensation Verification & Medication Fulfillment,Identity Verified (Wallet Protocol),Blockchain Audit Enabled
RX-0794,Neha Pillai,849544,0xe03194b75eb2c6fbf6c704b19e2663d407dffe89,🔓 Decrypt RX,Pending - Ready to Decrypt,YES (Patient Consent Active),NO,NO,954.95,Dr. Sarah Jenkins,0x04Fee3FD1B338d12FFD6dBD8d66dE1e8e0BB99cB,NMC-48192,Apollo Multispecialty Hospital,MedPlus Health Hub,0x70997970C51812dc3A010C7d01b50e0d17dc79C8,DL-MP-2023-4122,"Priya Sundaram, Pharm.D.",K21.9,Gastro-esophageal reflux disease,Gastroenterology,"Pantoprazole Gastro-resistant (40 mg, Once Daily 30 min pre-breakfast, Qty: 30) | Domperidone Sustained Release (30 mg, Once Daily morning, Qty: 30) | Sucralfate Oral Suspension (1000 mg/10mL, 10 mL thrice daily before meals, Qty: 2)",3,AES-256-GCM,vault-transit-key-0xe03194b7,ea42e3a23737fa14f29bfe81,ca2b559bb033c3e26bc3dbc71deecafe,0xa1533083c72746a0fa908eb43b5320a36f78656a49155054566c02b1fe3b7ab0,Qm0c479147a7fcc03cac873b250b5e9d6e3f8f10c7c288,Pinata Dedicated IPFS Gateway,0.0.4891024,2794,2026-09-13 12:18:26 UTC,0x8bb581ac39524dc0cac4110f9947e6cd1eac592a1d4664758dc96e28b7ad97c3,0.0001,Pharmacy Dispensation Verification & Medication Fulfillment,Identity Verified (Wallet Protocol),Blockchain Audit Enabled
RX-0795,Lata Pandey,849545,0x437f8bf2b9d82a9e55ffdbf4c9b96ae8757a90ba,Dispensed (Fulfilled),Dispensed & Fulfilled,YES,NO,YES,1200.33,Dr. Preeti Deshmukh,0x23618e81E3f5cdF7f54C3d65f7FBc0aBf5B21E8f,NMC-82194,Care & Cure Pediatric & Maternity Hospital,Max Wellness Pharmacy,0x28B7eA94B34C8F52D19E50Eb14769Da20F5D54b4,DL-MW-2024-7731,"Sneha Mukherjee, R.Ph.",E11.9,Type 2 diabetes mellitus without complications,Endocrinology,"Metformin Hydrochloride (500 mg, Twice Daily with meals, Qty: 60) | Dapagliflozin Propanediol (10 mg, Once Daily morning, Qty: 30) | Glimepiride (2 mg, Once Daily pre-breakfast, Qty: 30)",3,AES-256-GCM,vault-transit-key-0x437f8bf2,922a45f30b015d94def8d213,d9e532e68ac1a967d1045591d2486c66,0xa2148dd041c79db818e206dd2a7c73890b8d7fee9def85d8952d9bc891ee69e8,Qmc1ec6a75f0dd67321694028c7275257e3d74147f85bc,Pinata Dedicated IPFS Gateway,0.0.4891024,2795,2026-09-13 12:18:28 UTC,0xd0289675dbc3e2598cdb4e7dac470443b8eda90e2b9fa4580238e40e51bd4d20,0.0001,Pharmacy Dispensation Verification & Medication Fulfillment,Identity Verified (Wallet Protocol),Blockchain Audit Enabled
RX-0796,Rakesh Sharma,849546,0x50e1d7357cb90e0144137cce02bc1e9f1dccf40b,Request Access,Unauthorized / Unlinked,NO,NO,NO,986.93,Dr. Vikram Seth,0x15d34AAf54267DB7D7c367839AAf71A00a2C6A65,NMC-99014,Max Super Speciality Cancer Institute,Max Wellness Pharmacy,0x28B7eA94B34C8F52D19E50Eb14769Da20F5D54b4,DL-MW-2024-7731,"Sneha Mukherjee, R.Ph.",G43.909,"Migraine, unspecified, not intractable",Neurology,"Sumatriptan Succinate (50 mg, 1 tablet at onset of migraine SOS, Qty: 10) | Naproxen Sodium (500 mg, Twice daily as needed with food, Qty: 20) | Propranolol HCl (40 mg, Twice daily for prophylaxis, Qty: 60)",3,AES-256-GCM,vault-transit-key-0x50e1d735,a4f2faee16ba10c8254b6052,f7654c77dfd9e8c39e19295b7971d0a4,0xbc7505a90c03a10c29ef1cef9491d13536d39306811d70e84d42d51674ed82aa,Qm4d6aa3e06e6e4dca66ab2dd052358a727c5d40b99a1c,Pinata Dedicated IPFS Gateway,0.0.4891024,2796,2026-09-13 12:18:31 UTC,0x3211560c70b10e70452ee417678dbaabae2d3824ce8ada4c43264993387c6de3,0.0001,Pharmacy Dispensation Verification & Medication Fulfillment,Identity Verified (Wallet Protocol),Blockchain Audit Enabled
RX-0797,Madhav Iyer,849547,0x972dc5c62a449e76de78c225862a5d2e754aac39,⏳ Waiting for Approval,Access Pending Approval,NO,YES,NO,1183.91,Dr. Sunita Narang,0xBcd4042DE499D14e55001CcbB24a551F3b954096,NMC-90812,Apex Diagnostic Reference Labs,Apollo Pharmacy Global,0x04Fee3FD1B338d12FFD6dBD8d66dE1e8e0BB99cB,DL-AP-2024-8901,"K. V. Raman, R.Ph.",E11.9,Type 2 diabetes mellitus without complications,Endocrinology,"Metformin Hydrochloride (500 mg, Twice Daily with meals, Qty: 60) | Dapagliflozin Propanediol (10 mg, Once Daily morning, Qty: 30) | Glimepiride (2 mg, Once Daily pre-breakfast, Qty: 30)",3,AES-256-GCM,vault-transit-key-0x972dc5c6,e62dd3ff67fdac0965ab3325,db5829617bcaf92ba9ee1eca91157800,0x41d2940a4696faf5d1f38f19d860300e03cce37fb50e6ee106a5af61e0e1eb27,Qma4d6bf4a6642e40a04a9392346ff5464482864199332,Pinata Dedicated IPFS Gateway,0.0.4891024,2797,2026-09-13 12:18:33 UTC,0x5a7715afd7b39d826c292bd733650d4e69d8e1a270fbed4b19703232fecb3fcd,0.0001,Pharmacy Dispensation Verification & Medication Fulfillment,Identity Verified (Wallet Protocol),Blockchain Audit Enabled
RX-0798,Ananya Joshi,849548,0x8208cd95a070133f64e25b03d9f7d62dedd88f1e,🔓 Decrypt RX,Pending - Ready to Decrypt,YES (Patient Consent Active),NO,NO,1193.19,Dr. Sarah Jenkins,0x04Fee3FD1B338d12FFD6dBD8d66dE1e8e0BB99cB,NMC-48192,Apollo Multispecialty Hospital,Apollo Pharmacy Global,0x04Fee3FD1B338d12FFD6dBD8d66dE1e8e0BB99cB,DL-AP-2024-8901,"K. V. Raman, R.Ph.",E11.9,Type 2 diabetes mellitus without complications,Endocrinology,"Metformin Hydrochloride (500 mg, Twice Daily with meals, Qty: 60) | Dapagliflozin Propanediol (10 mg, Once Daily morning, Qty: 30) | Glimepiride (2 mg, Once Daily pre-breakfast, Qty: 30)",3,AES-256-GCM,vault-transit-key-0x8208cd95,2322c5946683bf4da8e897f9,449fab83e880bdd5416ce02bee31928b,0xef177d98366af6006f33be87726744cdb24d6f995db6f9dc5e925fdb6f543826,Qm348fef8385402deb316fa63fc50467dc0548138c583e,Pinata Dedicated IPFS Gateway,0.0.4891024,2798,2026-09-13 12:18:35 UTC,0x266d08dd6279317c5bbb8662fb3e2e4f612b49a3f0dd9b65b152fbe9eaa9632e,0.0001,Pharmacy Dispensation Verification & Medication Fulfillment,Identity Verified (Wallet Protocol),Blockchain Audit Enabled
RX-0799,Arjun Sharma,849549,0x3df8501162c6bc5d3dad449304560d03909619ec,Dispensed (Fulfilled),Dispensed & Fulfilled,YES,NO,YES,514.01,Dr. Rajesh Sharma,0x3c44CdDdB6a900fa2b585dd299e03d12FA4293BC,NMC-78491,Apollo Multispecialty Hospital,Apex Central Clinical Dispensary,0x155Af6ECaFb48861dA7d16Fb8Af2f6ce9d6DD779,DL-AX-2026-3021,"Rajesh Nambiar, Pharm.D.",I10,Essential (primary) hypertension,Cardiology,"Amlodipine Besylate (5 mg, Once Daily (Morning), Qty: 30) | Telmisartan (40 mg, Once Daily (Morning), Qty: 30)",2,AES-256-GCM,vault-transit-key-0x3df85011,2d6d4a13191f51923b04cb5a,126acba70af6162a1e1d91fbf7b84c2a,0x124463326e7035a144b96cbb03661ac569978f2f42d403b7e8647c41282f41c1,Qmfdd22372d6365c5b1850afbb28e6e61202b72e34ee17,Pinata Dedicated IPFS Gateway,0.0.4891024,2799,2026-09-13 12:18:38 UTC,0x8390d8249c60c8ade66d8b8b14f42102abb1ca435bd224d0149d3df532d6086a,0.0001,Pharmacy Dispensation Verification & Medication Fulfillment,Identity Verified (Wallet Protocol),Blockchain Audit Enabled
RX-0800,Sakshi Gowda,849550,0x65af71fd911c4155517861627110a73313296bac,⏳ Waiting for Approval,Access Pending Approval,NO,YES,NO,1201.11,Dr. Vikram Seth,0x15d34AAf54267DB7D7c367839AAf71A00a2C6A65,NMC-99014,Max Super Speciality Cancer Institute,MedPlus Health Hub,0x70997970C51812dc3A010C7d01b50e0d17dc79C8,DL-MP-2023-4122,"Priya Sundaram, Pharm.D.",E11.9,Type 2 diabetes mellitus without complications,Endocrinology,"Metformin Hydrochloride (500 mg, Twice Daily with meals, Qty: 60) | Dapagliflozin Propanediol (10 mg, Once Daily morning, Qty: 30) | Glimepiride (2 mg, Once Daily pre-breakfast, Qty: 30)",3,AES-256-GCM,vault-transit-key-0x65af71fd,5511ff6da774e225ccb9abf3,883e4a54cd402194c04ce732f3e5fbfc,0x634e3c59b1122ef589fdaed309ba3ebc6c944a6927c6f4a3133100e90b300be2,Qm44d28f66ea1eef97f4274f77fe443fd6574fd5ee5f9c,Pinata Dedicated IPFS Gateway,0.0.4891024,2800,2026-09-13 12:18:40 UTC,0xc973ff0eb12ebb57527fa04e9088026938f8eeca981d4b8cb58eb1215e4730ef,0.0001,Pharmacy Dispensation Verification & Medication Fulfillment,Identity Verified (Wallet Protocol),Blockchain Audit Enabled
